dosya_adi,dosya_yolu,kategori,uzanti,boyut_bytes,boyut_formatli,sha256_hash,asil_kayit_id,asil_kayit_yolu,atlama_sebebi
TheHiddenPowerOfFreemasonry.pdf,Books/Books for Text_Eng-20260529T160906Z-3-001/Books for Text_Eng/DUVAR-Eng/Msn_Eng_Pdf/TheHiddenPowerOfFreemasonry.pdf,Mükerrer / Kopya Dosya,.pdf,1073060,1.02 MB,11ca8dcdc3751fb81c18d01e08f51567a77a5d0686d664c8124869e67a4811c6,331,Books/Books for Text_Eng-20260529T160906Z-3-001/Books for Text_Eng/DUVAR-Eng/Msn_Eng_Pdf/Msn_Read/TheHiddenPowerOfFreemasonry.pdf,Mükerrer Kopya: Bu içerik zaten MySQL'de ID: 331 (Books/Books for Text_Eng-20260529T160906Z-3-001/Books for Text_Eng/DUVAR-Eng/Msn_Eng_Pdf/Msn_Read/TheHiddenPowerOfFreemasonry.pdf) olarak kayıtlı.
Secret Ritual of the Thirty-third and Last Degree (Freemasonry) (z-lib.org) (1).pdf,Books/Books for Text_Eng-20260529T160906Z-3-001/Books for Text_Eng/DUVAR-Eng/Msn_Rules/Degree/Secret Ritual of the Thirty-third and Last Degree (Freemasonry) (z-lib.org) (1).pdf,Mükerrer / Kopya Dosya,.pdf,1512205,1.44 MB,635f3bf45065bf8e578d6b2307d29c548096a0b81f24425842fd396adbcfd70e,313,Books/Books for Text_Eng-20260529T160906Z-3-001/Books for Text_Eng/DUVAR-Eng/Msn_Book/Secret-Ritual-of-the-33-Degree-Mason.pdf,Mükerrer Kopya: Bu içerik zaten MySQL'de ID: 313 (Books/Books for Text_Eng-20260529T160906Z-3-001/Books for Text_Eng/DUVAR-Eng/Msn_Book/Secret-Ritual-of-the-33-Degree-Mason.pdf) olarak kayıtlı.
candidate-booklet (1).pdf,Books/Books for Text_Eng-20260529T160906Z-3-001/Books for Text_Eng/DUVAR-Eng/Msn_Shrn/candidate-booklet (1).pdf,Mükerrer / Kopya Dosya,.pdf,1929965,1.84 MB,8a0d89e9b35bc1a556804ce3ddc519282659de26790829f548b11be3d17d4b83,374,Books/Books for Text_Eng-20260529T160906Z-3-001/Books for Text_Eng/DUVAR-Eng/Msn_Shrn/Kora Shriners.pdf,Mükerrer Kopya: Bu içerik zaten MySQL'de ID: 374 (Books/Books for Text_Eng-20260529T160906Z-3-001/Books for Text_Eng/DUVAR-Eng/Msn_Shrn/Kora Shriners.pdf) olarak kayıtlı.
The+Future+of+Freemasonry+-+SIRC+Report+-+Embargoed+until+00.01hrs+9+March+2012.pdf,Books/Books for Text_Eng-20260529T160906Z-3-001/Books for Text_Eng/DUVAR-Eng/The+Future+of+Freemasonry+-+SIRC+Report+-+Embargoed+until+00.01hrs+9+March+2012.pdf,Mükerrer / Kopya Dosya,.pdf,447885,0.43 MB,ced435051c1e789075adf90479a022339373bed72a0a59523cdcc9c9dd96ae8d,330,Books/Books for Text_Eng-20260529T160906Z-3-001/Books for Text_Eng/DUVAR-Eng/Msn_Eng_Pdf/Msn_Read/The+Future+of+Freemasonry+-+SIRC+Report+-+Embargoed+until+00.01hrs+9+March+2012.pdf,Mükerrer Kopya: Bu içerik zaten MySQL'de ID: 330 (Books/Books for Text_Eng-20260529T160906Z-3-001/Books for Text_Eng/DUVAR-Eng/Msn_Eng_Pdf/Msn_Read/The+Future+of+Freemasonry+-+SIRC+Report+-+Embargoed+until+00.01hrs+9+March+2012.pdf) olarak kayıtlı.
Compleat Strategyst_Game Theory_Rand_1954.pdf,Books/Books for Text_Eng-20260529T160906Z-3-001/Books for Text_Eng/Rand/Compleat Strategyst_Game Theory_Rand_1954.pdf,Mükerrer / Kopya Dosya,.pdf,8211570,7.83 MB,b14ba10e061b49ac38cee6abd6ea5b8d7aba8fd13c71d0f039f9742f64be3e68,459,Books/Books for Text_Eng-20260529T160906Z-3-001/Books for Text_Eng/Game Theory/Game Theory_Rand/Compleat Strategyst_Game Theory_Rand_1954.pdf,Mükerrer Kopya: Bu içerik zaten MySQL'de ID: 459 (Books/Books for Text_Eng-20260529T160906Z-3-001/Books for Text_Eng/Game Theory/Game Theory_Rand/Compleat Strategyst_Game Theory_Rand_1954.pdf) olarak kayıtlı.
Game Theory_Rand_1979.pdf,Books/Books for Text_Eng-20260529T160906Z-3-001/Books for Text_Eng/Rand/Game Theory_Rand_1979.pdf,Mükerrer / Kopya Dosya,.pdf,357948,0.34 MB,fd3ca8e62d6fa26a6bf66dc5fcf76fc4a66acdb270baded5c0fde92a14bbcb1a,460,Books/Books for Text_Eng-20260529T160906Z-3-001/Books for Text_Eng/Game Theory/Game Theory_Rand/Game Theory_Rand_1979.pdf,Mükerrer Kopya: Bu içerik zaten MySQL'de ID: 460 (Books/Books for Text_Eng-20260529T160906Z-3-001/Books for Text_Eng/Game Theory/Game Theory_Rand/Game Theory_Rand_1979.pdf) olarak kayıtlı.
Game Theory_Rand_1987.pdf,Books/Books for Text_Eng-20260529T160906Z-3-001/Books for Text_Eng/Rand/Game Theory_Rand_1987.pdf,Mükerrer / Kopya Dosya,.pdf,909549,0.87 MB,1bd47378f83aa67cc4349534b337a9861398e77eec65f2eb9cbe918d2e53fe4d,461,Books/Books for Text_Eng-20260529T160906Z-3-001/Books for Text_Eng/Game Theory/Game Theory_Rand/Game Theory_Rand_1987.pdf,Mükerrer Kopya: Bu içerik zaten MySQL'de ID: 461 (Books/Books for Text_Eng-20260529T160906Z-3-001/Books for Text_Eng/Game Theory/Game Theory_Rand/Game Theory_Rand_1987.pdf) olarak kayıtlı.
Game of Strategy_Rand_1961.pdf,Books/Books for Text_Eng-20260529T160906Z-3-001/Books for Text_Eng/Rand/Game of Strategy_Rand_1961.pdf,Mükerrer / Kopya Dosya,.pdf,6398270,6.10 MB,adb8cb6b822893cf96ef54ad0b12e19d5851de6be00255ab8dcebca50c19e14c,462,Books/Books for Text_Eng-20260529T160906Z-3-001/Books for Text_Eng/Game Theory/Game Theory_Rand/Game of Strategy_Rand_1961.pdf,Mükerrer Kopya: Bu içerik zaten MySQL'de ID: 462 (Books/Books for Text_Eng-20260529T160906Z-3-001/Books for Text_Eng/Game Theory/Game Theory_Rand/Game of Strategy_Rand_1961.pdf) olarak kayıtlı.
Fethullah Gülen’s Teaching and Practice-Paul Weller.pdf,Books/Books for Text_Hzm-20260529T161525Z-3-001/Books for Text_Hzm/HE_Biyografi/Fethullah Gülen’s Teaching and Practice-Paul Weller.pdf,Mükerrer / Kopya Dosya,.pdf,1884016,1.80 MB,8b02232e9475591dc063fdb3ca0842430ffd6360aa4977b75b56b67bd1a925af,107,Books/b-Library_Hzm-20260601T230631Z-3-001/b-Library_Hzm/MFG/Fethullah Gülen’s Teaching and Practice-Paul Weller.pdf,Mükerrer Kopya: Bu içerik zaten MySQL'de ID: 107 (Books/b-Library_Hzm-20260601T230631Z-3-001/b-Library_Hzm/MFG/Fethullah Gülen’s Teaching and Practice-Paul Weller.pdf) olarak kayıtlı.
Fethullah-Gulen-Biography.pdf,Books/Books for Text_Hzm-20260529T161525Z-3-001/Books for Text_Hzm/HE_Biyografi/Fethullah-Gulen-Biography.pdf,Mükerrer / Kopya Dosya,.pdf,3082189,2.94 MB,20c2a58dbad0e26ffe7c04f07dbcef0bbda202c32d0277a581e835c1038adbec,108,Books/b-Library_Hzm-20260601T230631Z-3-001/b-Library_Hzm/MFG/Fethullah-Gulen-Biography.pdf,Mükerrer Kopya: Bu içerik zaten MySQL'de ID: 108 (Books/b-Library_Hzm-20260601T230631Z-3-001/b-Library_Hzm/MFG/Fethullah-Gulen-Biography.pdf) olarak kayıtlı.
Fikir ve Aksiyon İnsanı Olarak Fethullah Gülen - Yüksel Çayıroğlu.pdf,Books/Books for Text_Hzm-20260529T161525Z-3-001/Books for Text_Hzm/HE_Biyografi/Fikir ve Aksiyon İnsanı Olarak Fethullah Gülen - Yüksel Çayıroğlu.pdf,Mükerrer / Kopya Dosya,.pdf,13993109,13.34 MB,dbf20c6776637f0fc83159349966d0695c3db21729c071e61f3332f4fd913aad,76,Books/b-Library_Hzm-20260601T230631Z-3-001/b-Library_Hzm/HE-Bio-Hzm/Fikir ve Aksiyon İnsanı Olarak Fethullah Gülen - Yüksel Çayıroğlu.pdf,Mükerrer Kopya: Bu içerik zaten MySQL'de ID: 76 (Books/b-Library_Hzm-20260601T230631Z-3-001/b-Library_Hzm/HE-Bio-Hzm/Fikir ve Aksiyon İnsanı Olarak Fethullah Gülen - Yüksel Çayıroğlu.pdf) olarak kayıtlı.
Gulen-Hareketi-1-Farkli-Seslerin-Ahengi-M-F-Gulen.pdf,Books/Books for Text_Hzm-20260529T161525Z-3-001/Books for Text_Hzm/HE_Biyografi/Gulen-Hareketi-1-Farkli-Seslerin-Ahengi-M-F-Gulen.pdf,Mükerrer / Kopya Dosya,.pdf,978015,0.93 MB,6009d73f8921c1ac01d1e7d5e14c596ef74e4ec78bbb95116b6ea3b5517b0fac,109,Books/b-Library_Hzm-20260601T230631Z-3-001/b-Library_Hzm/MFG/Gulen-Hareketi-1-Farkli-Seslerin-Ahengi-M-F-Gulen.pdf,Mükerrer Kopya: Bu içerik zaten MySQL'de ID: 109 (Books/b-Library_Hzm-20260601T230631Z-3-001/b-Library_Hzm/MFG/Gulen-Hareketi-1-Farkli-Seslerin-Ahengi-M-F-Gulen.pdf) olarak kayıtlı.
Gurbetteki-Ogretmen-M-Fethulllah-Gulen-MustuY.pdf,Books/Books for Text_Hzm-20260529T161525Z-3-001/Books for Text_Hzm/HE_Biyografi/Gurbetteki-Ogretmen-M-Fethulllah-Gulen-MustuY.pdf,Mükerrer / Kopya Dosya,.pdf,46651124,44.49 MB,cf535b502387ced35bb28d1eb98a7aacfe9aeb2af5dcda08f5d4829afa940e9a,78,Books/b-Library_Hzm-20260601T230631Z-3-001/b-Library_Hzm/HE-Bio-Hzm/Gurbetteki-Ogretmen-M-Fethulllah-Gulen-MustuY.pdf,Mükerrer Kopya: Bu içerik zaten MySQL'de ID: 78 (Books/b-Library_Hzm-20260601T230631Z-3-001/b-Library_Hzm/HE-Bio-Hzm/Gurbetteki-Ogretmen-M-Fethulllah-Gulen-MustuY.pdf) olarak kayıtlı.
Understanding-Fethullah-Gulen.pdf,Books/Books for Text_Hzm-20260529T161525Z-3-001/Books for Text_Hzm/HE_Biyografi/Understanding-Fethullah-Gulen.pdf,Mükerrer / Kopya Dosya,.pdf,89476460,85.33 MB,6af74924a1a9c861305fd72928c4eae74cfff3dba23e59cbda41d458c6800a11,73,Books/b-Library_Hzm-20260601T230631Z-3-001/b-Library_Hzm/HE-Bio-Hzm-eng/Understanding-Fethullah-Gulen.pdf,Mükerrer Kopya: Bu içerik zaten MySQL'de ID: 73 (Books/b-Library_Hzm-20260601T230631Z-3-001/b-Library_Hzm/HE-Bio-Hzm-eng/Understanding-Fethullah-Gulen.pdf) olarak kayıtlı.
Fethullah Gülen Röportajı (Ekrem Dumanlı) (z-lib.org).epub,Books/Books for Text_Hzm-20260529T161525Z-3-001/Books for Text_Hzm/HE_Roportajlar/Fethullah Gülen Röportajı (Ekrem Dumanlı) (z-lib.org).epub,Mükerrer / Kopya Dosya,.epub,98204,0.09 MB,aa31b3391f60b2fbb4757364e739a16eccab4c7859d5271bea5d99ddf7fecc66,74,Books/b-Library_Hzm-20260601T230631Z-3-001/b-Library_Hzm/HE-Bio-Hzm/Fethullah Gülen Röportajı (Ekrem Dumanlı) (z-lib.org).epub,Mükerrer Kopya: Bu içerik zaten MySQL'de ID: 74 (Books/b-Library_Hzm-20260601T230631Z-3-001/b-Library_Hzm/HE-Bio-Hzm/Fethullah Gülen Röportajı (Ekrem Dumanlı) (z-lib.org).epub) olarak kayıtlı.
Gurbette-Fethullah-Gulen-Nuriye-Akman.pdf,Books/Books for Text_Hzm-20260529T161525Z-3-001/Books for Text_Hzm/HE_Roportajlar/Gurbette-Fethullah-Gulen-Nuriye-Akman.pdf,Mükerrer / Kopya Dosya,.pdf,9905216,9.45 MB,833b49bb6ae652ff2f219c6ec68873353cb76ee4c92e0eaf7ae62e3661d22dba,77,Books/b-Library_Hzm-20260601T230631Z-3-001/b-Library_Hzm/HE-Bio-Hzm/Gurbette-Fethullah-Gulen-Nuriye-Akman.pdf,Mükerrer Kopya: Bu içerik zaten MySQL'de ID: 77 (Books/b-Library_Hzm-20260601T230631Z-3-001/b-Library_Hzm/HE-Bio-Hzm/Gurbette-Fethullah-Gulen-Nuriye-Akman.pdf) olarak kayıtlı.
An-Analysis-of-the-Prophet-s-Life-The-Messenger-Of-God-Muhammad-Fethullah-Gulen.pdf,Books/Books for Text_Hzm-20260529T161525Z-3-001/Books for Text_Hzm/PRL-English/An-Analysis-of-the-Prophet-s-Life-The-Messenger-Of-God-Muhammad-Fethullah-Gulen.pdf,Mükerrer / Kopya Dosya,.pdf,1195451,1.14 MB,0987e3bf64c5a2223a3624e9cc3cc3cb564f0eeb0e99de3a84d31423f6dc02a8,115,Books/b-Library_Hzm-20260601T230631Z-3-001/b-Library_Hzm/PRL-English/An-Analysis-of-the-Prophet-s-Life-The-Messenger-Of-God-Muhammad-Fethullah-Gulen.pdf,Mükerrer Kopya: Bu içerik zaten MySQL'de ID: 115 (Books/b-Library_Hzm-20260601T230631Z-3-001/b-Library_Hzm/PRL-English/An-Analysis-of-the-Prophet-s-Life-The-Messenger-Of-God-Muhammad-Fethullah-Gulen.pdf) olarak kayıtlı.
Questions-and-Answers-About-Islam-Vol-1-M-Fethullah-Gulen.pdf,Books/Books for Text_Hzm-20260529T161525Z-3-001/Books for Text_Hzm/PRL-English/Questions-and-Answers-About-Islam-Vol-1-M-Fethullah-Gulen.pdf,Mükerrer / Kopya Dosya,.pdf,932485,0.89 MB,dfaf98416a0a0cf71f6bdf9baebcced4f49013d7c988db8ac4423df515451cb0,116,Books/b-Library_Hzm-20260601T230631Z-3-001/b-Library_Hzm/PRL-English/Questions-and-Answers-About-Islam-Vol-1-M-Fethullah-Gulen.pdf,Mükerrer Kopya: Bu içerik zaten MySQL'de ID: 116 (Books/b-Library_Hzm-20260601T230631Z-3-001/b-Library_Hzm/PRL-English/Questions-and-Answers-About-Islam-Vol-1-M-Fethullah-Gulen.pdf) olarak kayıtlı.
Questions-and-Answers-About-Islam-Vol-2-M-Fethullah-Gulen.pdf,Books/Books for Text_Hzm-20260529T161525Z-3-001/Books for Text_Hzm/PRL-English/Questions-and-Answers-About-Islam-Vol-2-M-Fethullah-Gulen.pdf,Mükerrer / Kopya Dosya,.pdf,550086,0.52 MB,d615cd9a43c20e75e97518dc84416333644a8fb991a4520c49897f8429c9bde6,117,Books/b-Library_Hzm-20260601T230631Z-3-001/b-Library_Hzm/PRL-English/Questions-and-Answers-About-Islam-Vol-2-M-Fethullah-Gulen.pdf,Mükerrer Kopya: Bu içerik zaten MySQL'de ID: 117 (Books/b-Library_Hzm-20260601T230631Z-3-001/b-Library_Hzm/PRL-English/Questions-and-Answers-About-Islam-Vol-2-M-Fethullah-Gulen.pdf) olarak kayıtlı.
The-Essentials-of-the-Islamic-Faith-Fethullah-Gulen.pdf,Books/Books for Text_Hzm-20260529T161525Z-3-001/Books for Text_Hzm/PRL-English/The-Essentials-of-the-Islamic-Faith-Fethullah-Gulen.pdf,Mükerrer / Kopya Dosya,.pdf,734797,0.70 MB,487f4ff7987e4aca8769bf3bc72d15f792066c0fe091c26af8b125bdd6285c57,118,Books/b-Library_Hzm-20260601T230631Z-3-001/b-Library_Hzm/PRL-English/The-Essentials-of-the-Islamic-Faith-Fethullah-Gulen.pdf,Mükerrer Kopya: Bu içerik zaten MySQL'de ID: 118 (Books/b-Library_Hzm-20260601T230631Z-3-001/b-Library_Hzm/PRL-English/The-Essentials-of-the-Islamic-Faith-Fethullah-Gulen.pdf) olarak kayıtlı.
The-Messenger-of-God-Muhammad-An-Analysis-of-the-Prophet-s-Life.pdf,Books/Books for Text_Hzm-20260529T161525Z-3-001/Books for Text_Hzm/PRL-English/The-Messenger-of-God-Muhammad-An-Analysis-of-the-Prophet-s-Life.pdf,Mükerrer / Kopya Dosya,.pdf,2293737,2.19 MB,8953b1ebdb718c7401d488d963d610be940ba5fa199d860f9b855f5feabbd102,119,Books/b-Library_Hzm-20260601T230631Z-3-001/b-Library_Hzm/PRL-English/The-Messenger-of-God-Muhammad-An-Analysis-of-the-Prophet-s-Life.pdf,Mükerrer Kopya: Bu içerik zaten MySQL'de ID: 119 (Books/b-Library_Hzm-20260601T230631Z-3-001/b-Library_Hzm/PRL-English/The-Messenger-of-God-Muhammad-An-Analysis-of-the-Prophet-s-Life.pdf) olarak kayıtlı.
Asrin Getirdigi Tereddutler_1.pdf,Books/Books for Text_Hzm-20260529T161525Z-3-001/Books for Text_Hzm/PRL/Asrin Getirdigi Tereddutler_1.pdf,Mükerrer / Kopya Dosya,.pdf,883552,0.84 MB,f81b113cbaefa3f71d526a83dc46cd141e8a529b7f44c9aab229a6f553d0a8ad,120,Books/b-Library_Hzm-20260601T230631Z-3-001/b-Library_Hzm/PRL/Asrin Getirdigi Tereddutler_1.pdf,Mükerrer Kopya: Bu içerik zaten MySQL'de ID: 120 (Books/b-Library_Hzm-20260601T230631Z-3-001/b-Library_Hzm/PRL/Asrin Getirdigi Tereddutler_1.pdf) olarak kayıtlı.
Asrin Getirdigi Tereddutler_2.pdf,Books/Books for Text_Hzm-20260529T161525Z-3-001/Books for Text_Hzm/PRL/Asrin Getirdigi Tereddutler_2.pdf,Mükerrer / Kopya Dosya,.pdf,1061546,1.01 MB,8d9b2be8554e196655813ea2c86136b5f1ef579e8972fb2e93c81305b1779dda,121,Books/b-Library_Hzm-20260601T230631Z-3-001/b-Library_Hzm/PRL/Asrin Getirdigi Tereddutler_2.pdf,Mükerrer Kopya: Bu içerik zaten MySQL'de ID: 121 (Books/b-Library_Hzm-20260601T230631Z-3-001/b-Library_Hzm/PRL/Asrin Getirdigi Tereddutler_2.pdf) olarak kayıtlı.
Asrin Getirdigi Tereddutler_3.pdf,Books/Books for Text_Hzm-20260529T161525Z-3-001/Books for Text_Hzm/PRL/Asrin Getirdigi Tereddutler_3.pdf,Mükerrer / Kopya Dosya,.pdf,1029116,0.98 MB,d293e83304d67107d5794a5e9a10ffe7e30d12837fe19afcecc3a9c0ac64816e,122,Books/b-Library_Hzm-20260601T230631Z-3-001/b-Library_Hzm/PRL/Asrin Getirdigi Tereddutler_3.pdf,Mükerrer Kopya: Bu içerik zaten MySQL'de ID: 122 (Books/b-Library_Hzm-20260601T230631Z-3-001/b-Library_Hzm/PRL/Asrin Getirdigi Tereddutler_3.pdf) olarak kayıtlı.
Beyan.pdf,Books/Books for Text_Hzm-20260529T161525Z-3-001/Books for Text_Hzm/PRL/Beyan.pdf,Mükerrer / Kopya Dosya,.pdf,828088,0.79 MB,bad722958ccd2269ab488a75a455b815f1864f74eab5f78b6a77842db8875823,123,Books/b-Library_Hzm-20260601T230631Z-3-001/b-Library_Hzm/PRL/Beyan.pdf,Mükerrer Kopya: Bu içerik zaten MySQL'de ID: 123 (Books/b-Library_Hzm-20260601T230631Z-3-001/b-Library_Hzm/PRL/Beyan.pdf) olarak kayıtlı.
CN_1_Cag ve Nesil.pdf,Books/Books for Text_Hzm-20260529T161525Z-3-001/Books for Text_Hzm/PRL/CN_1_Cag ve Nesil.pdf,Mükerrer / Kopya Dosya,.pdf,690608,0.66 MB,7f1e6946829a0ff95dad8e907eca98ee8cf2d8308ea557a680e215e9da41e1e6,124,Books/b-Library_Hzm-20260601T230631Z-3-001/b-Library_Hzm/PRL/CN_1_Cag ve Nesil.pdf,Mükerrer Kopya: Bu içerik zaten MySQL'de ID: 124 (Books/b-Library_Hzm-20260601T230631Z-3-001/b-Library_Hzm/PRL/CN_1_Cag ve Nesil.pdf) olarak kayıtlı.
CN_2_Buhranlar Anaforunda Insan.pdf,Books/Books for Text_Hzm-20260529T161525Z-3-001/Books for Text_Hzm/PRL/CN_2_Buhranlar Anaforunda Insan.pdf,Mükerrer / Kopya Dosya,.pdf,593110,0.57 MB,71a9d97697489e684cafbbf10ff3b778679905a76d09a3dff7e468833c5ab00a,125,Books/b-Library_Hzm-20260601T230631Z-3-001/b-Library_Hzm/PRL/CN_2_Buhranlar Anaforunda Insan.pdf,Mükerrer Kopya: Bu içerik zaten MySQL'de ID: 125 (Books/b-Library_Hzm-20260601T230631Z-3-001/b-Library_Hzm/PRL/CN_2_Buhranlar Anaforunda Insan.pdf) olarak kayıtlı.
CN_3_Yitirilmiş Cennete Doğru.pdf,Books/Books for Text_Hzm-20260529T161525Z-3-001/Books for Text_Hzm/PRL/CN_3_Yitirilmiş Cennete Doğru.pdf,Mükerrer / Kopya Dosya,.pdf,580433,0.55 MB,2ed02edf1d209d19da2dd5237dc764bdac5121e370edb0fb63f6ecc5aeeb4736,126,Books/b-Library_Hzm-20260601T230631Z-3-001/b-Library_Hzm/PRL/CN_3_Yitirilmiş Cennete Doğru.pdf,Mükerrer Kopya: Bu içerik zaten MySQL'de ID: 126 (Books/b-Library_Hzm-20260601T230631Z-3-001/b-Library_Hzm/PRL/CN_3_Yitirilmiş Cennete Doğru.pdf) olarak kayıtlı.
CN_4_Zamanin Altin Dilimi.pdf,Books/Books for Text_Hzm-20260529T161525Z-3-001/Books for Text_Hzm/PRL/CN_4_Zamanin Altin Dilimi.pdf,Mükerrer / Kopya Dosya,.pdf,816093,0.78 MB,dd1aa4f1f1959acd2452ab6dfa98c2be5a6da544241e303d14e98f6a880b1874,127,Books/b-Library_Hzm-20260601T230631Z-3-001/b-Library_Hzm/PRL/CN_4_Zamanin Altin Dilimi.pdf,Mükerrer Kopya: Bu içerik zaten MySQL'de ID: 127 (Books/b-Library_Hzm-20260601T230631Z-3-001/b-Library_Hzm/PRL/CN_4_Zamanin Altin Dilimi.pdf) olarak kayıtlı.
CN_5_Gunler Bahari Soluklarken.pdf,Books/Books for Text_Hzm-20260529T161525Z-3-001/Books for Text_Hzm/PRL/CN_5_Gunler Bahari Soluklarken.pdf,Mükerrer / Kopya Dosya,.pdf,642747,0.61 MB,3d00c7040112ca0de6f819b5059c399a77dd028b1617ba26d347ade4714e5de1,128,Books/b-Library_Hzm-20260601T230631Z-3-001/b-Library_Hzm/PRL/CN_5_Gunler Bahari Soluklarken.pdf,Mükerrer Kopya: Bu içerik zaten MySQL'de ID: 128 (Books/b-Library_Hzm-20260601T230631Z-3-001/b-Library_Hzm/PRL/CN_5_Gunler Bahari Soluklarken.pdf) olarak kayıtlı.
CN_6_Yeseren Dusunceler.pdf,Books/Books for Text_Hzm-20260529T161525Z-3-001/Books for Text_Hzm/PRL/CN_6_Yeseren Dusunceler.pdf,Mükerrer / Kopya Dosya,.pdf,877179,0.84 MB,f4bd4f31547455608a14a9c2be18c270db49a8532a507c233f0a36f614cecf48,129,Books/b-Library_Hzm-20260601T230631Z-3-001/b-Library_Hzm/PRL/CN_6_Yeseren Dusunceler.pdf,Mükerrer Kopya: Bu içerik zaten MySQL'de ID: 129 (Books/b-Library_Hzm-20260601T230631Z-3-001/b-Library_Hzm/PRL/CN_6_Yeseren Dusunceler.pdf) olarak kayıtlı.
CN_7_Isigin Gorundugu Ufuk.pdf,Books/Books for Text_Hzm-20260529T161525Z-3-001/Books for Text_Hzm/PRL/CN_7_Isigin Gorundugu Ufuk.pdf,Mükerrer / Kopya Dosya,.pdf,1086013,1.04 MB,864f49f96a42679dc2e612f031c98595111c40e9e81951629453fe932b143480,130,Books/b-Library_Hzm-20260601T230631Z-3-001/b-Library_Hzm/PRL/CN_7_Isigin Gorundugu Ufuk.pdf,Mükerrer Kopya: Bu içerik zaten MySQL'de ID: 130 (Books/b-Library_Hzm-20260601T230631Z-3-001/b-Library_Hzm/PRL/CN_7_Isigin Gorundugu Ufuk.pdf) olarak kayıtlı.
Cekirdekten-Cinara-M.-Fethullah-Gulen.pdf,Books/Books for Text_Hzm-20260529T161525Z-3-001/Books for Text_Hzm/PRL/Cekirdekten-Cinara-M.-Fethullah-Gulen.pdf,Mükerrer / Kopya Dosya,.pdf,889085,0.85 MB,dcd953576c7e46dee06abdbdb08233547c7c9e7839f88a34ef7d3e8b2f9abd0e,131,Books/b-Library_Hzm-20260601T230631Z-3-001/b-Library_Hzm/PRL/Cekirdekten-Cinara-M.-Fethullah-Gulen.pdf,Mükerrer Kopya: Bu içerik zaten MySQL'de ID: 131 (Books/b-Library_Hzm-20260601T230631Z-3-001/b-Library_Hzm/PRL/Cekirdekten-Cinara-M.-Fethullah-Gulen.pdf) olarak kayıtlı.
Fasıldan Fasıla-1.pdf,Books/Books for Text_Hzm-20260529T161525Z-3-001/Books for Text_Hzm/PRL/Fasıldan Fasıla-1.pdf,Mükerrer / Kopya Dosya,.pdf,773643,0.74 MB,88c1caa141e953b7339367906eaabc230d04f1d8bafebe14caffbbb2ded8f317,132,Books/b-Library_Hzm-20260601T230631Z-3-001/b-Library_Hzm/PRL/Fasıldan Fasıla-1.pdf,Mükerrer Kopya: Bu içerik zaten MySQL'de ID: 132 (Books/b-Library_Hzm-20260601T230631Z-3-001/b-Library_Hzm/PRL/Fasıldan Fasıla-1.pdf) olarak kayıtlı.
Fasıldan Fasıla-5 - Fikir Atlası.pdf,Books/Books for Text_Hzm-20260529T161525Z-3-001/Books for Text_Hzm/PRL/Fasıldan Fasıla-5 - Fikir Atlası.pdf,Mükerrer / Kopya Dosya,.pdf,790627,0.75 MB,f386ce6b7edce71db6dc7935f0022c77050ce5e6c6905eb454c9b49819ba1af8,133,Books/b-Library_Hzm-20260601T230631Z-3-001/b-Library_Hzm/PRL/Fasıldan Fasıla-5 - Fikir Atlası.pdf,Mükerrer Kopya: Bu içerik zaten MySQL'de ID: 133 (Books/b-Library_Hzm-20260601T230631Z-3-001/b-Library_Hzm/PRL/Fasıldan Fasıla-5 - Fikir Atlası.pdf) olarak kayıtlı.
Gaybın Son Habercisi.pdf,Books/Books for Text_Hzm-20260529T161525Z-3-001/Books for Text_Hzm/PRL/Gaybın Son Habercisi.pdf,Mükerrer / Kopya Dosya,.pdf,675469,0.64 MB,bb8503b8f7bf1506722c077bae555dcb77576b3e8b3b544da4055e773061cb07,134,Books/b-Library_Hzm-20260601T230631Z-3-001/b-Library_Hzm/PRL/Gaybın Son Habercisi.pdf,Mükerrer Kopya: Bu içerik zaten MySQL'de ID: 134 (Books/b-Library_Hzm-20260601T230631Z-3-001/b-Library_Hzm/PRL/Gaybın Son Habercisi.pdf) olarak kayıtlı.
Hüzmeler ve İktibaslar.pdf,Books/Books for Text_Hzm-20260529T161525Z-3-001/Books for Text_Hzm/PRL/Hüzmeler ve İktibaslar.pdf,Mükerrer / Kopya Dosya,.pdf,417824,0.40 MB,e96e521c9aa7ecdbf845b453bf1d59d832ee62a7fe7c9fdee792fb945156f835,135,Books/b-Library_Hzm-20260601T230631Z-3-001/b-Library_Hzm/PRL/Hüzmeler ve İktibaslar.pdf,Mükerrer Kopya: Bu içerik zaten MySQL'de ID: 135 (Books/b-Library_Hzm-20260601T230631Z-3-001/b-Library_Hzm/PRL/Hüzmeler ve İktibaslar.pdf) olarak kayıtlı.
KT-1-Kırık Testi.pdf,Books/Books for Text_Hzm-20260529T161525Z-3-001/Books for Text_Hzm/PRL/KT-1-Kırık Testi.pdf,Mükerrer / Kopya Dosya,.pdf,1107188,1.06 MB,fabd5df6cd034fbd8a63329c672b155f3eb08afe3efb9ed55e436a730589cb2b,136,Books/b-Library_Hzm-20260601T230631Z-3-001/b-Library_Hzm/PRL/KT-1-Kırık Testi.pdf,Mükerrer Kopya: Bu içerik zaten MySQL'de ID: 136 (Books/b-Library_Hzm-20260601T230631Z-3-001/b-Library_Hzm/PRL/KT-1-Kırık Testi.pdf) olarak kayıtlı.
KT-14-Buhranlı Günler ve Ümit Atlası.pdf,Books/Books for Text_Hzm-20260529T161525Z-3-001/Books for Text_Hzm/PRL/KT-14-Buhranlı Günler ve Ümit Atlası.pdf,Mükerrer / Kopya Dosya,.pdf,1273962,1.21 MB,834423e659b6ce65608ccc2d0b945286154a31659686a5c23f832e8f2c54caa7,137,Books/b-Library_Hzm-20260601T230631Z-3-001/b-Library_Hzm/PRL/KT-14-Buhranlı Günler ve Ümit Atlası.pdf,Mükerrer Kopya: Bu içerik zaten MySQL'de ID: 137 (Books/b-Library_Hzm-20260601T230631Z-3-001/b-Library_Hzm/PRL/KT-14-Buhranlı Günler ve Ümit Atlası.pdf) olarak kayıtlı.
KT-17-İstikamet Çizgisi.pdf,Books/Books for Text_Hzm-20260529T161525Z-3-001/Books for Text_Hzm/PRL/KT-17-İstikamet Çizgisi.pdf,Mükerrer / Kopya Dosya,.pdf,2988365,2.85 MB,7ff4e535573dcb44ce58beb2e0a7b1f1921f2dfe4c656438d7d7b01d8a78fa91,138,Books/b-Library_Hzm-20260601T230631Z-3-001/b-Library_Hzm/PRL/KT-17-İstikamet Çizgisi.pdf,Mükerrer Kopya: Bu içerik zaten MySQL'de ID: 138 (Books/b-Library_Hzm-20260601T230631Z-3-001/b-Library_Hzm/PRL/KT-17-İstikamet Çizgisi.pdf) olarak kayıtlı.
KT-18-İmtihanlar Kuşağı.pdf,Books/Books for Text_Hzm-20260529T161525Z-3-001/Books for Text_Hzm/PRL/KT-18-İmtihanlar Kuşağı.pdf,Mükerrer / Kopya Dosya,.pdf,2977669,2.84 MB,695d2ba3de270bfc4d472198f015640094bffb8f8401ee8843cb94e067b556ab,139,Books/b-Library_Hzm-20260601T230631Z-3-001/b-Library_Hzm/PRL/KT-18-İmtihanlar Kuşağı.pdf,Mükerrer Kopya: Bu içerik zaten MySQL'de ID: 139 (Books/b-Library_Hzm-20260601T230631Z-3-001/b-Library_Hzm/PRL/KT-18-İmtihanlar Kuşağı.pdf) olarak kayıtlı.
KT-2-Sohbeti Canan.pdf,Books/Books for Text_Hzm-20260529T161525Z-3-001/Books for Text_Hzm/PRL/KT-2-Sohbeti Canan.pdf,Mükerrer / Kopya Dosya,.pdf,872831,0.83 MB,21af07252d8e2e56fac423ce3b3f5c4ba59eb72bea8cff28ae5f84768d68c254,140,Books/b-Library_Hzm-20260601T230631Z-3-001/b-Library_Hzm/PRL/KT-2-Sohbeti Canan.pdf,Mükerrer Kopya: Bu içerik zaten MySQL'de ID: 140 (Books/b-Library_Hzm-20260601T230631Z-3-001/b-Library_Hzm/PRL/KT-2-Sohbeti Canan.pdf) olarak kayıtlı.
KT-4-Ümit Burcu.pdf,Books/Books for Text_Hzm-20260529T161525Z-3-001/Books for Text_Hzm/PRL/KT-4-Ümit Burcu.pdf,Mükerrer / Kopya Dosya,.pdf,1516475,1.45 MB,cd245cf925daf63c3626caba35b57f18c750b39c83db8d58aca0fac3a239fef4,141,Books/b-Library_Hzm-20260601T230631Z-3-001/b-Library_Hzm/PRL/KT-4-Ümit Burcu.pdf,Mükerrer Kopya: Bu içerik zaten MySQL'de ID: 141 (Books/b-Library_Hzm-20260601T230631Z-3-001/b-Library_Hzm/PRL/KT-4-Ümit Burcu.pdf) olarak kayıtlı.
Kalbin Solukları.pdf,Books/Books for Text_Hzm-20260529T161525Z-3-001/Books for Text_Hzm/PRL/Kalbin Solukları.pdf,Mükerrer / Kopya Dosya,.pdf,2282684,2.18 MB,74f6c7d8bf4f072c81135eacfe247f5a8320d58e9ef47b2182f44b81905e79bf,142,Books/b-Library_Hzm-20260601T230631Z-3-001/b-Library_Hzm/PRL/Kalbin Solukları.pdf,Mükerrer Kopya: Bu içerik zaten MySQL'de ID: 142 (Books/b-Library_Hzm-20260601T230631Z-3-001/b-Library_Hzm/PRL/Kalbin Solukları.pdf) olarak kayıtlı.
Kuranin-Altin-Ikliminde-M.-Fethullah-Gulen.pdf,Books/Books for Text_Hzm-20260529T161525Z-3-001/Books for Text_Hzm/PRL/Kuranin-Altin-Ikliminde-M.-Fethullah-Gulen.pdf,Mükerrer / Kopya Dosya,.pdf,2232002,2.13 MB,32ffafcce73040f79696bdedbbaee207e1d8e00a9e78ef0e6a815484f0549a01,143,Books/b-Library_Hzm-20260601T230631Z-3-001/b-Library_Hzm/PRL/Kuranin-Altin-Ikliminde-M.-Fethullah-Gulen.pdf,Mükerrer Kopya: Bu içerik zaten MySQL'de ID: 143 (Books/b-Library_Hzm-20260601T230631Z-3-001/b-Library_Hzm/PRL/Kuranin-Altin-Ikliminde-M.-Fethullah-Gulen.pdf) olarak kayıtlı.
Olcu-veya-Yoldaki-Isiklar-M.-Fethullah-Gulen.pdf,Books/Books for Text_Hzm-20260529T161525Z-3-001/Books for Text_Hzm/PRL/Olcu-veya-Yoldaki-Isiklar-M.-Fethullah-Gulen.pdf,Mükerrer / Kopya Dosya,.pdf,734653,0.70 MB,efbe62e61a4ed2f4501469afcf9c4b5da91dca1363dff3d7e9c9cf192eeda81d,144,Books/b-Library_Hzm-20260601T230631Z-3-001/b-Library_Hzm/PRL/Olcu-veya-Yoldaki-Isiklar-M.-Fethullah-Gulen.pdf,Mükerrer Kopya: Bu içerik zaten MySQL'de ID: 144 (Books/b-Library_Hzm-20260601T230631Z-3-001/b-Library_Hzm/PRL/Olcu-veya-Yoldaki-Isiklar-M.-Fethullah-Gulen.pdf) olarak kayıtlı.
Olum-ve-Otesi-Hayat-M.-Fethullah-Gulen.pdf,Books/Books for Text_Hzm-20260529T161525Z-3-001/Books for Text_Hzm/PRL/Olum-ve-Otesi-Hayat-M.-Fethullah-Gulen.pdf,Mükerrer / Kopya Dosya,.pdf,570770,0.54 MB,a69617ec5b20cb12abc73ef9bbf21751c4781658c9e2a3bb57488106f51ee850,145,Books/b-Library_Hzm-20260601T230631Z-3-001/b-Library_Hzm/PRL/Olum-ve-Otesi-Hayat-M.-Fethullah-Gulen.pdf,Mükerrer Kopya: Bu içerik zaten MySQL'de ID: 145 (Books/b-Library_Hzm-20260601T230631Z-3-001/b-Library_Hzm/PRL/Olum-ve-Otesi-Hayat-M.-Fethullah-Gulen.pdf) olarak kayıtlı.
Oruç-Gufranla Tüllenen İbadet.pdf,Books/Books for Text_Hzm-20260529T161525Z-3-001/Books for Text_Hzm/PRL/Oruç-Gufranla Tüllenen İbadet.pdf,Mükerrer / Kopya Dosya,.pdf,1180172,1.13 MB,8dc00fdb46d9a95d7e202f60dcb7ad2b1ebc81957796b819cd4f8436225c42ba,146,Books/b-Library_Hzm-20260601T230631Z-3-001/b-Library_Hzm/PRL/Oruç-Gufranla Tüllenen İbadet.pdf,Mükerrer Kopya: Bu içerik zaten MySQL'de ID: 146 (Books/b-Library_Hzm-20260601T230631Z-3-001/b-Library_Hzm/PRL/Oruç-Gufranla Tüllenen İbadet.pdf) olarak kayıtlı.
SA-2_Bahar Neşidesi.pdf,Books/Books for Text_Hzm-20260529T161525Z-3-001/Books for Text_Hzm/PRL/SA-2_Bahar Neşidesi.pdf,Mükerrer / Kopya Dosya,.pdf,1243783,1.19 MB,7b1c262e5ae9fcd8df11e9f51974104aba2adeb8fae45ee30db7881784be7b08,147,Books/b-Library_Hzm-20260601T230631Z-3-001/b-Library_Hzm/PRL/SA-2_Bahar Neşidesi.pdf,Mükerrer Kopya: Bu içerik zaten MySQL'de ID: 147 (Books/b-Library_Hzm-20260601T230631Z-3-001/b-Library_Hzm/PRL/SA-2_Bahar Neşidesi.pdf) olarak kayıtlı.
Sonsuz-Nur-1-M.-Fethullah-Gulen.pdf,Books/Books for Text_Hzm-20260529T161525Z-3-001/Books for Text_Hzm/PRL/Sonsuz-Nur-1-M.-Fethullah-Gulen.pdf,Mükerrer / Kopya Dosya,.pdf,3028366,2.89 MB,9688733c66d6bd0d0138be02accbe457b8fa7861ed875031494c0a878576abd1,148,Books/b-Library_Hzm-20260601T230631Z-3-001/b-Library_Hzm/PRL/Sonsuz-Nur-1-M.-Fethullah-Gulen.pdf,Mükerrer Kopya: Bu içerik zaten MySQL'de ID: 148 (Books/b-Library_Hzm-20260601T230631Z-3-001/b-Library_Hzm/PRL/Sonsuz-Nur-1-M.-Fethullah-Gulen.pdf) olarak kayıtlı.
Yusuf_Suresi-MFG.pdf,Books/Books for Text_Hzm-20260529T161525Z-3-001/Books for Text_Hzm/PRL/Yusuf_Suresi-MFG.pdf,Mükerrer / Kopya Dosya,.pdf,24023661,22.91 MB,c7f8565728fa0954164fea49d438887a406b49515f303d3569b5d99a0f2b315d,548,Books/Books for Text_Hzm-20260529T161525Z-3-001/Books for Text_Hzm/PRL/Kur_an_ın_Sihirli_Ufku_Yusuf_Suresi-MFG.pdf,Mükerrer Kopya: Bu içerik zaten MySQL'de ID: 548 (Books/Books for Text_Hzm-20260529T161525Z-3-001/Books for Text_Hzm/PRL/Kur_an_ın_Sihirli_Ufku_Yusuf_Suresi-MFG.pdf) olarak kayıtlı.
Secret Ritual of the Thirty-third and Last Degree (Freemasonry) (z-lib.org) (1).pdf,Books/Books for Text_TR-20260529T163910Z-3-001/Books for Text_TR/Duvar_TR/Msn-English/Secret Ritual of the Thirty-third and Last Degree (Freemasonry) (z-lib.org) (1).pdf,Mükerrer / Kopya Dosya,.pdf,1512205,1.44 MB,635f3bf45065bf8e578d6b2307d29c548096a0b81f24425842fd396adbcfd70e,313,Books/Books for Text_Eng-20260529T160906Z-3-001/Books for Text_Eng/DUVAR-Eng/Msn_Book/Secret-Ritual-of-the-33-Degree-Mason.pdf,Mükerrer Kopya: Bu içerik zaten MySQL'de ID: 313 (Books/Books for Text_Eng-20260529T160906Z-3-001/Books for Text_Eng/DUVAR-Eng/Msn_Book/Secret-Ritual-of-the-33-Degree-Mason.pdf) olarak kayıtlı.
MASONLUK TARIHIMIZDE 1970LI YILLAR.pdf,Books/Books for Text_TR-20260529T163910Z-3-001/Books for Text_TR/Duvar_TR/Msn_TR/MASONLUK TARIHIMIZDE 1970LI YILLAR.pdf,Mükerrer / Kopya Dosya,.pdf,2510613,2.39 MB,729a09984bec1db61a79d5eca97be6be28f25dc14bcaea2619cdde8bead5c48b,608,Books/Books for Text_TR-20260529T163910Z-3-001/Books for Text_TR/Duvar_TR/M-RSanver/MASONLUK TARIHIMIZDE 1970LI YILLAR (1).pdf,Mükerrer Kopya: Bu içerik zaten MySQL'de ID: 608 (Books/Books for Text_TR-20260529T163910Z-3-001/Books for Text_TR/Duvar_TR/M-RSanver/MASONLUK TARIHIMIZDE 1970LI YILLAR (1).pdf) olarak kayıtlı.
MASONLUK_TARIHI.pdf,Books/Books for Text_TR-20260529T163910Z-3-001/Books for Text_TR/Duvar_TR/Msn_TR/MASONLUK_TARIHI.pdf,Mükerrer / Kopya Dosya,.pdf,3929217,3.75 MB,77c5d4b310b2ef770d77a739997431aa321241e4819c9568b80c823302b354b2,598,Books/Books for Text_TR-20260529T163910Z-3-001/Books for Text_TR/Duvar_TR/M-Murat Özgen Ayfer/MASONLUK_TARIHI.pdf,Mükerrer Kopya: Bu içerik zaten MySQL'de ID: 598 (Books/Books for Text_TR-20260529T163910Z-3-001/Books for Text_TR/Duvar_TR/M-Murat Özgen Ayfer/MASONLUK_TARIHI.pdf) olarak kayıtlı.
Populer-Masonlar-Suleyman-Yesilyurt.pdf,Books/Books for Text_TR-20260529T163910Z-3-001/Books for Text_TR/Duvar_TR/Msn_TR/Populer-Masonlar-Suleyman-Yesilyurt.pdf,Mükerrer / Kopya Dosya,.pdf,9939615,9.48 MB,13a2af958c46cff4f39311831a7267747d4bc0aa15ee5f5a59c1e710b6a4df44,614,Books/Books for Text_TR-20260529T163910Z-3-001/Books for Text_TR/Duvar_TR/M-SYeşilyurt/Populer-Masonlar-Suleyman-Yesilyurt.pdf,Mükerrer Kopya: Bu içerik zaten MySQL'de ID: 614 (Books/Books for Text_TR-20260529T163910Z-3-001/Books for Text_TR/Duvar_TR/M-SYeşilyurt/Populer-Masonlar-Suleyman-Yesilyurt.pdf) olarak kayıtlı.
Yahudilik Masonluk Dönmelik-Necip Fazıl Kısakürek.pdf,Books/Books for Text_TR-20260529T163910Z-3-001/Books for Text_TR/Duvar_TR/Msn_TR/Yahudilik Masonluk Dönmelik-Necip Fazıl Kısakürek.pdf,Mükerrer / Kopya Dosya,.pdf,7225824,6.89 MB,619f95d00c7a19f7cc6aacc178e30703aca8e4980a19b2c140b70b766e77be92,396,Books/Books for Text_Eng-20260529T160906Z-3-001/Books for Text_Eng/DUVAR-Eng/Msn_Trk/Yahudilik Masonluk Dönmelik (Necip Fazıl Kısakürek) (z-lib.org).pdf,Mükerrer Kopya: Bu içerik zaten MySQL'de ID: 396 (Books/Books for Text_Eng-20260529T160906Z-3-001/Books for Text_Eng/DUVAR-Eng/Msn_Trk/Yahudilik Masonluk Dönmelik (Necip Fazıl Kısakürek) (z-lib.org).pdf) olarak kayıtlı.
isigi-arayanlarin-hikayesi.pdf,Books/Books for Text_TR-20260529T163910Z-3-001/Books for Text_TR/Duvar_TR/Msn_TR/isigi-arayanlarin-hikayesi.pdf,Mükerrer / Kopya Dosya,.pdf,1984815,1.89 MB,b9803e929e11fed193d26fc1ca3c63a25115bedcd534442dea213791b5c7c158,612,Books/Books for Text_TR-20260529T163910Z-3-001/Books for Text_TR/Duvar_TR/M-RSanver/isigi-arayanlarin-hikayesi-RSanver.pdf,Mükerrer Kopya: Bu içerik zaten MySQL'de ID: 612 (Books/Books for Text_TR-20260529T163910Z-3-001/Books for Text_TR/Duvar_TR/M-RSanver/isigi-arayanlarin-hikayesi-RSanver.pdf) olarak kayıtlı.
12-Eylul-Saat-4-00-Mehmet-Ali-Birand.pdf,Books/Books for Text_TR-20260529T163910Z-3-001/Books for Text_TR/Gld-Tr/12-Eylul-Saat-4-00-Mehmet-Ali-Birand.pdf,Mükerrer / Kopya Dosya,.pdf,13700228,13.07 MB,da6401d2a0ff5f4fba2515625e9f658ec458f6bb180265cd07a68836ea04e63c,574,Books/Books for Text_TR-20260529T163910Z-3-001/Books for Text_TR/Darbe ve ihtilal/Mehmet-Ali-Birand-12-Eylul-Saat-4-00.pdf,Mükerrer Kopya: Bu içerik zaten MySQL'de ID: 574 (Books/Books for Text_TR-20260529T163910Z-3-001/Books for Text_TR/Darbe ve ihtilal/Mehmet-Ali-Birand-12-Eylul-Saat-4-00.pdf) olarak kayıtlı.
Talat Turhan_Derin-Devlet.pdf,Books/Books for Text_TR-20260529T163910Z-3-001/Books for Text_TR/Gld-Tr/Talat Turhan_Derin-Devlet.pdf,Mükerrer / Kopya Dosya,.pdf,1055214,1.01 MB,82ffc43ca9d9adf49067bd1ddb9b7e802cf511b75f97efcd36b3fe9b8048aa9b,655,Books/Books for Text_TR-20260529T163910Z-3-001/Books for Text_TR/Gld-Tr/Derin-Devlet-Talat Turhan.pdf,Mükerrer Kopya: Bu içerik zaten MySQL'de ID: 655 (Books/Books for Text_TR-20260529T163910Z-3-001/Books for Text_TR/Gld-Tr/Derin-Devlet-Talat Turhan.pdf) olarak kayıtlı.
Umit-Sayın-Derin-Devletler-Gizli-Projeler-Ve-Kirli-Gercekler.pdf,Books/Books for Text_TR-20260529T163910Z-3-001/Books for Text_TR/Gld-Tr/Umit-Sayın-Derin-Devletler-Gizli-Projeler-Ve-Kirli-Gercekler.pdf,Mükerrer / Kopya Dosya,.pdf,8200132,7.82 MB,a52618d2085cb0274f2168ec9938b4cc687e001d0f77ac3c0d6ca43d8c525129,656,Books/Books for Text_TR-20260529T163910Z-3-001/Books for Text_TR/Gld-Tr/Derin-Devletler-Gizli-Projeler-Ve-Kirli-Gercekler-Umit-Sayın.pdf,Mükerrer Kopya: Bu içerik zaten MySQL'de ID: 656 (Books/Books for Text_TR-20260529T163910Z-3-001/Books for Text_TR/Gld-Tr/Derin-Devletler-Gizli-Projeler-Ve-Kirli-Gercekler-Umit-Sayın.pdf) olarak kayıtlı.
SCF_15-Temmuz-Erdoganın-darbesi_05.07.2017.pdf,Books/Books for Text_TR-20260529T163910Z-3-001/Books for Text_TR/Hzm_15Tm/SCF_15-Temmuz-Erdoganın-darbesi_05.07.2017.pdf,Mükerrer / Kopya Dosya,.pdf,7307414,6.97 MB,af27ba4020b3914b4de4c7a0e67c8f4fcc49eb7c45e3cc679c245bfd4aeeede2,696,Books/Books for Text_TR-20260529T163910Z-3-001/Books for Text_TR/Hzm_15Tm/15-Temmuz-Erdoganın-darbesi-05-07-2017.pdf,Mükerrer Kopya: Bu içerik zaten MySQL'de ID: 696 (Books/Books for Text_TR-20260529T163910Z-3-001/Books for Text_TR/Hzm_15Tm/15-Temmuz-Erdoganın-darbesi-05-07-2017.pdf) olarak kayıtlı.
Zihin_Okuma_Teknikleri-Insanlarin_Gerchek_Dushuncelerini_Chozumlemenin_Yollari-Stan_B.Walters-Ipek_Ibik-2000-214s.pdf,Books/Books for Text_TR-20260529T163910Z-3-001/Books for Text_TR/Propaganda ve İkna/Zihin Okuma/Zihin_Okuma_Teknikleri-Insanlarin_Gerchek_Dushuncelerini_Chozumlemenin_Yollari-Stan_B.Walters-Ipek_Ibik-2000-214s.pdf,Mükerrer / Kopya Dosya,.pdf,2741849,2.61 MB,babec3449f655d34d57fceb584487fb3815746270ff6941dc5c36c26f057f30f,757,Books/Books for Text_TR-20260529T163910Z-3-001/Books for Text_TR/Propaganda ve İkna/Zihin Okuma/Zihin-Okuma-Teknikleri-Stan-B-Walters.pdf,Mükerrer Kopya: Bu içerik zaten MySQL'de ID: 757 (Books/Books for Text_TR-20260529T163910Z-3-001/Books for Text_TR/Propaganda ve İkna/Zihin Okuma/Zihin-Okuma-Teknikleri-Stan-B-Walters.pdf) olarak kayıtlı.
Fikret Bila-Karşı Devrim-1923ten 2023e.pdf,Books/Books for Text_TR-20260529T163910Z-3-001/Books for Text_TR/Yazarlar-Tr/Fikret Bila-Karşı Devrim-1923ten 2023e.pdf,Mükerrer / Kopya Dosya,.pdf,3048669,2.91 MB,a4c7afd186daadaa81ae52b3bdb60448084edb9e4758c83170e6bd36fb68f6d7,659,Books/Books for Text_TR-20260529T163910Z-3-001/Books for Text_TR/Gld-Tr/Karşı-Devrim-1923-Ten-2023-e-Fikret-Bila.pdf,Mükerrer Kopya: Bu içerik zaten MySQL'de ID: 659 (Books/Books for Text_TR-20260529T163910Z-3-001/Books for Text_TR/Gld-Tr/Karşı-Devrim-1923-Ten-2023-e-Fikret-Bila.pdf) olarak kayıtlı.
Buyuk-Cokuş-Zbigniew-Brzezinski.pdf,Books/Books for Text_TR-20260529T163910Z-3-001/Books for Text_TR/Yazarlar-Ybnc/Zbigniew-Brzezinski/Buyuk-Cokuş-Zbigniew-Brzezinski.pdf,Mükerrer / Kopya Dosya,.pdf,8209531,7.83 MB,782e488198ae0c10a13aefb67d194c78f3cf8a204f463917581a80f66d76d59a,828,Books/Books for Text_TR-20260529T163910Z-3-001/Books for Text_TR/World Politics/Buyuk-Cokuş-Zbigniew-Brzezinski.pdf,Mükerrer Kopya: Bu içerik zaten MySQL'de ID: 828 (Books/Books for Text_TR-20260529T163910Z-3-001/Books for Text_TR/World Politics/Buyuk-Cokuş-Zbigniew-Brzezinski.pdf) olarak kayıtlı.
Roger-Garaudy-Siyasi-siyonizm.pdf,Books/Books for Text_TR-20260529T163910Z-3-001/Books for Text_TR/Yhd/Sion/Roger-Garaudy-Siyasi-siyonizm.pdf,Mükerrer / Kopya Dosya,.pdf,158632,0.15 MB,79d3da58b458c326a53439e5c44f2b8d05e74e15ecad36a8d1804cafe8bec739,709,Books/Books for Text_TR-20260529T163910Z-3-001/Books for Text_TR/ODogu/israil-sorunu-siyasi-siyonizm (1).pdf,Mükerrer Kopya: Bu içerik zaten MySQL'de ID: 709 (Books/Books for Text_TR-20260529T163910Z-3-001/Books for Text_TR/ODogu/israil-sorunu-siyasi-siyonizm (1).pdf) olarak kayıtlı.
Yalanın-Siyaseti-Yalın-Alpay.pdf,Books/Books for Text_TR-20260529T163910Z-3-001/Books for Text_TR/Zulum ve Adalet/Yalanın-Siyaseti-Yalın-Alpay.pdf,Mükerrer / Kopya Dosya,.pdf,4288945,4.09 MB,cef55a5012a06c09aa01fa2e23a3ade56a1162ce7c7d88a62187de03ef39eb0e,749,Books/Books for Text_TR-20260529T163910Z-3-001/Books for Text_TR/Propaganda ve İkna/Yalanın-Siyaseti-Yalın-Alpay.pdf,Mükerrer Kopya: Bu içerik zaten MySQL'de ID: 749 (Books/Books for Text_TR-20260529T163910Z-3-001/Books for Text_TR/Propaganda ve İkna/Yalanın-Siyaseti-Yalın-Alpay.pdf) olarak kayıtlı.
İstihbarat-Ve-Teror-Oyunları-Mahir-Kaynak.pdf,Books/Books for Text_TR-20260529T163910Z-3-001/Books for Text_TR/İstihbarat/İstihbarat-Ve-Teror-Oyunları-Mahir-Kaynak.pdf,Mükerrer / Kopya Dosya,.pdf,4782320,4.56 MB,b12cf912280ea05ea1c35c69f5cb40301d7e44f8c63bc964e41a9daee6d7f42c,930,Books/Books for Text_TR-20260529T163910Z-3-001/Books for Text_TR/İstihbarat/Mahir-Kaynak-İstihbarat-Ve-Teror-Oyunları.pdf,Mükerrer Kopya: Bu içerik zaten MySQL'de ID: 930 (Books/Books for Text_TR-20260529T163910Z-3-001/Books for Text_TR/İstihbarat/Mahir-Kaynak-İstihbarat-Ve-Teror-Oyunları.pdf) olarak kayıtlı.
TR_de Msn Tarhi-1_1721-1956a.pdf,Books/Books for Text_TR-20260529T163910Z-3-002/Books for Text_TR/Duvar_TR/M-CLayktez/TR_de Msn Tarhi-1_1721-1956a.pdf,Mükerrer / Kopya Dosya,.pdf,3941607,3.76 MB,15d280f7b7b22ba4828b96eb0c9788a0d7f0f2d8800b6f1b53ace4be957f206b,314,Books/Books for Text_Eng-20260529T160906Z-3-001/Books for Text_Eng/DUVAR-Eng/Msn_Book/cl-tmt_1721-1956a.pdf,Mükerrer Kopya: Bu içerik zaten MySQL'de ID: 314 (Books/Books for Text_Eng-20260529T160906Z-3-001/Books for Text_Eng/DUVAR-Eng/Msn_Book/cl-tmt_1721-1956a.pdf) olarak kayıtlı.
A general history of Freemasonry in Europe (Emmanuel Rebold) (z-lib.org).pdf,Books/Books for Text_TR-20260529T163910Z-3-002/Books for Text_TR/Duvar_TR/Msn-English/A general history of Freemasonry in Europe (Emmanuel Rebold) (z-lib.org).pdf,Mükerrer / Kopya Dosya,.pdf,52838338,50.39 MB,887153a8c0a135321c907091e9d3e2d0a1951e22ca4b5dddcaa5e395c5d494f6,349,Books/Books for Text_Eng-20260529T160906Z-3-001/Books for Text_Eng/DUVAR-Eng/Msn_History/A general history of Freemasonry in Europe (Emmanuel Rebold) (z-lib.org).pdf,Mükerrer Kopya: Bu içerik zaten MySQL'de ID: 349 (Books/Books for Text_Eng-20260529T160906Z-3-001/Books for Text_Eng/DUVAR-Eng/Msn_History/A general history of Freemasonry in Europe (Emmanuel Rebold) (z-lib.org).pdf) olarak kayıtlı.
"An Encyclopedia of Freemasonry Volume 1 (Albert G. MacKey 33, William J. Hughan 32 etc.) (z-lib.org).pdf","Books/Books for Text_TR-20260529T163910Z-3-002/Books for Text_TR/Duvar_TR/Msn-English/An Encyclopedia of Freemasonry Volume 1 (Albert G. MacKey 33, William J. Hughan 32 etc.) (z-lib.org).pdf",Mükerrer / Kopya Dosya,.pdf,30517739,29.10 MB,271f7b22460fd3d5b73698b01f870ab33c42d69ae053a024d95fff31b3037f9b,350,"Books/Books for Text_Eng-20260529T160906Z-3-001/Books for Text_Eng/DUVAR-Eng/Msn_History/An Encyclopedia of Freemasonry Volume 1 (Albert G. MacKey 33, William J. Hughan 32 etc.) (z-lib.org).pdf","Mükerrer Kopya: Bu içerik zaten MySQL'de ID: 350 (Books/Books for Text_Eng-20260529T160906Z-3-001/Books for Text_Eng/DUVAR-Eng/Msn_History/An Encyclopedia of Freemasonry Volume 1 (Albert G. MacKey 33, William J. Hughan 32 etc.) (z-lib.org).pdf) olarak kayıtlı."
"Constitution of the United Supreme Council, 33rd degree Freemasonry ( etc.) (z-lib.org).pdf","Books/Books for Text_TR-20260529T163910Z-3-002/Books for Text_TR/Duvar_TR/Msn-English/Constitution of the United Supreme Council, 33rd degree Freemasonry ( etc.) (z-lib.org).pdf",Mükerrer / Kopya Dosya,.pdf,2350784,2.24 MB,ad58461169922c5d63ed43fe0fa6aa4b38047710c5de4477d5b1dbc1b4086375,365,"Books/Books for Text_Eng-20260529T160906Z-3-001/Books for Text_Eng/DUVAR-Eng/Msn_Rules/Degree/Constitution of the United Supreme Council, 33rd degree Freemasonry ( etc.) (z-lib.org).pdf","Mükerrer Kopya: Bu içerik zaten MySQL'de ID: 365 (Books/Books for Text_Eng-20260529T160906Z-3-001/Books for Text_Eng/DUVAR-Eng/Msn_Rules/Degree/Constitution of the United Supreme Council, 33rd degree Freemasonry ( etc.) (z-lib.org).pdf) olarak kayıtlı."
Freemasonry Quest for Immortality - Christopher Earnshaw (Christopher Earnshaw) (z-lib.org).pdf,Books/Books for Text_TR-20260529T163910Z-3-002/Books for Text_TR/Duvar_TR/Msn-English/Freemasonry Quest for Immortality - Christopher Earnshaw (Christopher Earnshaw) (z-lib.org).pdf,Mükerrer / Kopya Dosya,.pdf,6258874,5.97 MB,f03a85d1ceedf94a791de8de7731b8e2fea3c6fae3a52727c57de242b6a01be6,341,Books/Books for Text_Eng-20260529T160906Z-3-001/Books for Text_Eng/DUVAR-Eng/Msn_Filosphy/Freemasonry Quest for Immortality - Christopher Earnshaw (Christopher Earnshaw) (z-lib.org).pdf,Mükerrer Kopya: Bu içerik zaten MySQL'de ID: 341 (Books/Books for Text_Eng-20260529T160906Z-3-001/Books for Text_Eng/DUVAR-Eng/Msn_Filosphy/Freemasonry Quest for Immortality - Christopher Earnshaw (Christopher Earnshaw) (z-lib.org).pdf) olarak kayıtlı.
Inside the Brotherhood Further Secrets of the Freemasons (Martin Short) (z-lib.org).pdf,Books/Books for Text_TR-20260529T163910Z-3-002/Books for Text_TR/Duvar_TR/Msn-English/Inside the Brotherhood Further Secrets of the Freemasons (Martin Short) (z-lib.org).pdf,Mükerrer / Kopya Dosya,.pdf,28933816,27.59 MB,215ccf0f75a8c1c3dbd3b5f856322a6aa09fce7edd589cfd7d768e0478bd8041,401,Books/Books for Text_Eng-20260529T160906Z-3-001/Books for Text_Eng/DUVAR-Eng/Msn_insd/Inside the Brotherhood Further Secrets of the Freemasons (Martin Short) (z-lib.org).pdf,Mükerrer Kopya: Bu içerik zaten MySQL'de ID: 401 (Books/Books for Text_Eng-20260529T160906Z-3-001/Books for Text_Eng/DUVAR-Eng/Msn_insd/Inside the Brotherhood Further Secrets of the Freemasons (Martin Short) (z-lib.org).pdf) olarak kayıtlı.
"Morals and dogma of the ancient and accepted Scottish Rite of freemasonry (Pike, Albert, 1809-1891, comp) (z-lib.org).pdf","Books/Books for Text_TR-20260529T163910Z-3-002/Books for Text_TR/Duvar_TR/Msn-English/Morals and dogma of the ancient and accepted Scottish Rite of freemasonry (Pike, Albert, 1809-1891, comp) (z-lib.org).pdf",Mükerrer / Kopya Dosya,.pdf,77961492,74.35 MB,b2cf7f69f204c52eaba1f92789f5127abaf3ddfa71f67b4f8bd26f2fc7acd1e7,372,"Books/Books for Text_Eng-20260529T160906Z-3-001/Books for Text_Eng/DUVAR-Eng/Msn_Rules/Morals and dogma of the ancient and accepted Scottish Rite of freemasonry (Pike, Albert, 1809-1891, comp) (z-lib.org).pdf","Mükerrer Kopya: Bu içerik zaten MySQL'de ID: 372 (Books/Books for Text_Eng-20260529T160906Z-3-001/Books for Text_Eng/DUVAR-Eng/Msn_Rules/Morals and dogma of the ancient and accepted Scottish Rite of freemasonry (Pike, Albert, 1809-1891, comp) (z-lib.org).pdf) olarak kayıtlı."
"The Origins of Freemasonry Scotlands Century, 1590 to 1710 (David Stevenson) (z-lib.org).pdf","Books/Books for Text_TR-20260529T163910Z-3-002/Books for Text_TR/Duvar_TR/Msn-English/The Origins of Freemasonry Scotlands Century, 1590 to 1710 (David Stevenson) (z-lib.org).pdf",Mükerrer / Kopya Dosya,.pdf,10519729,10.03 MB,a727f9e9f0101436ebac5b7f0ef595741f15da3f70c4d1ad2ca47eafba054ba0,356,"Books/Books for Text_Eng-20260529T160906Z-3-001/Books for Text_Eng/DUVAR-Eng/Msn_History/The Origins of Freemasonry Scotlands Century, 1590 to 1710 (David Stevenson) (z-lib.org).pdf","Mükerrer Kopya: Bu içerik zaten MySQL'de ID: 356 (Books/Books for Text_Eng-20260529T160906Z-3-001/Books for Text_Eng/DUVAR-Eng/Msn_History/The Origins of Freemasonry Scotlands Century, 1590 to 1710 (David Stevenson) (z-lib.org).pdf) olarak kayıtlı."
The Secrets of Freemasonry (Elijah Muhammad) (z-lib.org).pdf,Books/Books for Text_TR-20260529T163910Z-3-002/Books for Text_TR/Duvar_TR/Msn-English/The Secrets of Freemasonry (Elijah Muhammad) (z-lib.org).pdf,Mükerrer / Kopya Dosya,.pdf,1164496,1.11 MB,147e267d0eddaf1f902ebe5afcad99cde3b47472c2496ef4c4dd26296eb10529,397,Books/Books for Text_Eng-20260529T160906Z-3-001/Books for Text_Eng/DUVAR-Eng/Msn_anti/The Secrets of Freemasonry (Elijah Muhammad) (z-lib.org).pdf,Mükerrer Kopya: Bu içerik zaten MySQL'de ID: 397 (Books/Books for Text_Eng-20260529T160906Z-3-001/Books for Text_Eng/DUVAR-Eng/Msn_anti/The Secrets of Freemasonry (Elijah Muhammad) (z-lib.org).pdf) olarak kayıtlı.
The Secrets of Solomons Temple Discover the Hidden Truth that Lies at the Heart of Freemasonry (Kevin L Gest) (z-lib.org).pdf,Books/Books for Text_TR-20260529T163910Z-3-002/Books for Text_TR/Duvar_TR/Msn-English/The Secrets of Solomons Temple Discover the Hidden Truth that Lies at the Heart of Freemasonry (Kevin L Gest) (z-lib.org).pdf,Mükerrer / Kopya Dosya,.pdf,4250378,4.05 MB,40f137fbbe4e4922127cca46032d513fe709b947a2c6e4c02b2432b84c465022,360,Books/Books for Text_Eng-20260529T160906Z-3-001/Books for Text_Eng/DUVAR-Eng/Msn_History/The Secrets of Solomons Temple Discover the Hidden Truth that Lies at the Heart of Freemasonry (Kevin L Gest) (z-lib.org).pdf,Mükerrer Kopya: Bu içerik zaten MySQL'de ID: 360 (Books/Books for Text_Eng-20260529T160906Z-3-001/Books for Text_Eng/DUVAR-Eng/Msn_History/The Secrets of Solomons Temple Discover the Hidden Truth that Lies at the Heart of Freemasonry (Kevin L Gest) (z-lib.org).pdf) olarak kayıtlı.
"The beginning of masonry. A collection of forty papers on the hidden mysteries of ancient freemasonry, reprinted from the... (Frank C Higgins) (z-lib.org).pdf","Books/Books for Text_TR-20260529T163910Z-3-002/Books for Text_TR/Duvar_TR/Msn-English/The beginning of masonry. A collection of forty papers on the hidden mysteries of ancient freemasonry, reprinted from the... (Frank C Higgins) (z-lib.org).pdf",Mükerrer / Kopya Dosya,.pdf,6221578,5.93 MB,a01ab59458f2ff1eb25ae20f288060a697a1f28a3d5f3bc8bd3ee309cc9d15ad,373,"Books/Books for Text_Eng-20260529T160906Z-3-001/Books for Text_Eng/DUVAR-Eng/Msn_Rules/The beginning of masonry. A collection of forty papers on the hidden mysteries of ancient freemasonry, reprinted from the... (Frank C Higgins) (z-lib.org).pdf","Mükerrer Kopya: Bu içerik zaten MySQL'de ID: 373 (Books/Books for Text_Eng-20260529T160906Z-3-001/Books for Text_Eng/DUVAR-Eng/Msn_Rules/The beginning of masonry. A collection of forty papers on the hidden mysteries of ancient freemasonry, reprinted from the... (Frank C Higgins) (z-lib.org).pdf) olarak kayıtlı."
The-32-Secret-Paths-of-Solomon_A-New-Examination-of-the-Qabbalah-in-Freemasonry (Timothy Hogan) (z-lib.org).pdf,Books/Books for Text_TR-20260529T163910Z-3-002/Books for Text_TR/Duvar_TR/Msn-English/The-32-Secret-Paths-of-Solomon_A-New-Examination-of-the-Qabbalah-in-Freemasonry (Timothy Hogan) (z-lib.org).pdf,Mükerrer / Kopya Dosya,.pdf,26782584,25.54 MB,3cf56a8c15e6ac5a6364aefbefb6e2d4806b4dc9be0f77be9c8d2f3ad9c6dc08,339,Books/Books for Text_Eng-20260529T160906Z-3-001/Books for Text_Eng/DUVAR-Eng/Msn_Ezot/The-32-Secret-Paths-of-Solomon_A-New-Examination-of-the-Qabbalah-in-Freemasonry (Timothy Hogan) (z-lib.org).pdf,Mükerrer Kopya: Bu içerik zaten MySQL'de ID: 339 (Books/Books for Text_Eng-20260529T160906Z-3-001/Books for Text_Eng/DUVAR-Eng/Msn_Ezot/The-32-Secret-Paths-of-Solomon_A-New-Examination-of-the-Qabbalah-in-Freemasonry (Timothy Hogan) (z-lib.org).pdf) olarak kayıtlı.
Dunyanın-Gizli-Tarihi-2-pdf-1-surumu.pdf,Books/Books for Text_TR-20260529T163910Z-3-002/Books for Text_TR/Duvar_TR/illumint/Dunyanın-Gizli-Tarihi-2-pdf-1-surumu.pdf,Mükerrer / Kopya Dosya,.pdf,9882692,9.42 MB,6f74cec455bf596cc442bd5726af0f3a4c0bf10907f2c1fb3d4f9a997088c206,671,Books/Books for Text_TR-20260529T163910Z-3-001/Books for Text_TR/Gld-World/Dunyanın-Gizli-Tarihi-2.pdf,Mükerrer Kopya: Bu içerik zaten MySQL'de ID: 671 (Books/Books for Text_TR-20260529T163910Z-3-001/Books for Text_TR/Gld-World/Dunyanın-Gizli-Tarihi-2.pdf) olarak kayıtlı.
Gizli Cemiyetler.pdf,Books/Books for Text_TR-20260529T163910Z-3-002/Books for Text_TR/Duvar_TR/illumint/Gizli Cemiyetler.pdf,Mükerrer / Kopya Dosya,.pdf,2787248,2.66 MB,c6883b037df1dd7dd625740d7b0d3020f8158b1383e58ce71219e179326797f4,652,Books/Books for Text_TR-20260529T163910Z-3-001/Books for Text_TR/Duvar_TR/illumint/Gizli-Cemiyetler-S-Hutin.pdf,Mükerrer Kopya: Bu içerik zaten MySQL'de ID: 652 (Books/Books for Text_TR-20260529T163910Z-3-001/Books for Text_TR/Duvar_TR/illumint/Gizli-Cemiyetler-S-Hutin.pdf) olarak kayıtlı.
Natonun-gizli-ordular-daniele-ganser.pdf,Books/Books for Text_TR-20260529T163910Z-3-002/Books for Text_TR/Gld-World/Natonun-gizli-ordular-daniele-ganser.pdf,Mükerrer / Kopya Dosya,.pdf,14403763,13.74 MB,50926b152eca80f86e9d35822537ac43e6531d6692fc0bf4ba78f055ddaa31a7,1062,Books/Books for Text_TR-20260529T163910Z-3-002/Books for Text_TR/Gld-Tr/Natonun-gizli-ordular-daniele-ganser - Kopya.pdf,Mükerrer Kopya: Bu içerik zaten MySQL'de ID: 1062 (Books/Books for Text_TR-20260529T163910Z-3-002/Books for Text_TR/Gld-Tr/Natonun-gizli-ordular-daniele-ganser - Kopya.pdf) olarak kayıtlı.
Uğur-Mumcu-Kontrgerilla-Oğretileri.pdf,Books/Books for Text_TR-20260529T163910Z-3-002/Books for Text_TR/Yazarlar-Tr/Uğur Mumcu/Uğur-Mumcu-Kontrgerilla-Oğretileri.pdf,Mükerrer / Kopya Dosya,.pdf,528748,0.50 MB,e5cf2262d79b4c1f348f642ef8116871e88abd244aff9afaa0e881994594fa8c,661,Books/Books for Text_TR-20260529T163910Z-3-001/Books for Text_TR/Gld-Tr/Kontrgerilla Öğretileri (Uğur Mumcu) (z-lib.org).pdf,Mükerrer Kopya: Bu içerik zaten MySQL'de ID: 661 (Books/Books for Text_TR-20260529T163910Z-3-001/Books for Text_TR/Gld-Tr/Kontrgerilla Öğretileri (Uğur Mumcu) (z-lib.org).pdf) olarak kayıtlı.
EKSR_HD_33_Derece_209-2015 Dönemnde Adalet.pdf,Books/Books for Text_TR-20260529T163910Z-3-003/Books for Text_TR/Duvar_TR/Dergi-MSinan/EKSR_HD_33_Derece_209-2015 Dönemnde Adalet.pdf,Mükerrer / Kopya Dosya,.pdf,14192708,13.54 MB,94aeecd398015ef4e4d9c7040e6390771756493ca716459ad8407b33dff8cfa5,1043,Books/Books for Text_TR-20260529T163910Z-3-002/Books for Text_TR/Duvar_TR/Msn-Lc/EKSR_HD_33_Derece_209-2015 Döneminde Adalet.pdf,Mükerrer Kopya: Bu içerik zaten MySQL'de ID: 1043 (Books/Books for Text_TR-20260529T163910Z-3-002/Books for Text_TR/Duvar_TR/Msn-Lc/EKSR_HD_33_Derece_209-2015 Döneminde Adalet.pdf) olarak kayıtlı.
Mahir-Kaynak-İstihbarat-Ve-Teror-Oyunları.pdf,Books/Books for Text_TR-20260529T163910Z-3-003/Books for Text_TR/Yazarlar-Tr/Mahir Kaynak/Mahir-Kaynak-İstihbarat-Ve-Teror-Oyunları.pdf,Mükerrer / Kopya Dosya,.pdf,4782320,4.56 MB,b12cf912280ea05ea1c35c69f5cb40301d7e44f8c63bc964e41a9daee6d7f42c,930,Books/Books for Text_TR-20260529T163910Z-3-001/Books for Text_TR/İstihbarat/Mahir-Kaynak-İstihbarat-Ve-Teror-Oyunları.pdf,Mükerrer Kopya: Bu içerik zaten MySQL'de ID: 930 (Books/Books for Text_TR-20260529T163910Z-3-001/Books for Text_TR/İstihbarat/Mahir-Kaynak-İstihbarat-Ve-Teror-Oyunları.pdf) olarak kayıtlı.
iKalin-Mulla-Shadra-Existence-Intellect-and-Intuiton.pdf,Books/Books for Text_TR-20260529T163910Z-3-003/Books for Text_TR/İstihbarat/Kalin/iKalin Englısh/iKalin-Mulla-Shadra-Existence-Intellect-and-Intuiton.pdf,Mükerrer / Kopya Dosya,.pdf,1757375,1.68 MB,320d36ab37e129e3a790c875dc9bda235e36597e1a57a0e91b921da1a8472823,1112,Books/Books for Text_TR-20260529T163910Z-3-002/Books for Text_TR/İstihbarat/Kalin/iKalin Englısh/iKalin-Knowledge-in-Later-Islamic-Philosophy-Mulla-Sadra-on-Existence-Intellect-and-Intuition-2010-pdf.pdf,Mükerrer Kopya: Bu içerik zaten MySQL'de ID: 1112 (Books/Books for Text_TR-20260529T163910Z-3-002/Books for Text_TR/İstihbarat/Kalin/iKalin Englısh/iKalin-Knowledge-in-Later-Islamic-Philosophy-Mulla-Sadra-on-Existence-Intellect-and-Intuition-2010-pdf.pdf) olarak kayıtlı.
Peygamber-Sevgisi-RehberYayinlari.pdf,Books/b-Library_Hzm-20260601T230631Z-3-001/b-Library_Hzm/Efendimiz Sav-Hzm/Peygamber-Sevgisi-RehberYayinlari.pdf,Mükerrer / Kopya Dosya,.pdf,769221,0.73 MB,4d1b4d4e4deb68b23456752c913048cc10b7175905ad52a4418c999c0029ea0a,45,Books/b-Library_Hzm-20260601T230631Z-3-001/b-Library_Hzm/Efendimiz Sav-Hzm/Peygamber Sevgisi-zubeyr-tekin-rehberyayinlari.pdf,Mükerrer Kopya: Bu içerik zaten MySQL'de ID: 45 (Books/b-Library_Hzm-20260601T230631Z-3-001/b-Library_Hzm/Efendimiz Sav-Hzm/Peygamber Sevgisi-zubeyr-tekin-rehberyayinlari.pdf) olarak kayıtlı.
Nicin-Helak-Oldular-Abdullah-Emin-Cimen.pdf,Books/b-Library_Hzm-20260601T230631Z-3-001/b-Library_Hzm/Kur`an-Hzm/Nicin-Helak-Oldular-Abdullah-Emin-Cimen.pdf,Mükerrer / Kopya Dosya,.pdf,7402816,7.06 MB,9ffa5cdfcd2979439d604b37802dd1e9b37627d7bf25e7e7a54f26b7bb7efa3a,102,Books/b-Library_Hzm-20260601T230631Z-3-001/b-Library_Hzm/Kur_an-Tefsir-Hzm/Nicin-Helak-Oldular-Abdullah-Emin-Cimen-.pdf,Mükerrer Kopya: Bu içerik zaten MySQL'de ID: 102 (Books/b-Library_Hzm-20260601T230631Z-3-001/b-Library_Hzm/Kur_an-Tefsir-Hzm/Nicin-Helak-Oldular-Abdullah-Emin-Cimen-.pdf) olarak kayıtlı.
5-Saadet-Asrinda-Dogruluk-Ve-Sadakat-Sahabe-Hayatindan-Mustuy.pdf,Books/b-Library_Hzm-20260601T230631Z-3-001/b-Library_Hzm/Çocuklar için-Hzm/Sahabe Hayatından/5-Saadet-Asrinda-Dogruluk-Ve-Sadakat-Sahabe-Hayatindan-Mustuy.pdf,Mükerrer / Kopya Dosya,.pdf,398125,0.38 MB,7b1f34959c01d27814061b5fca2d4fe042f6a0c78d91008e0bee90edc91ef90c,225,Books/b-Library_Hzm-20260601T230631Z-3-001/b-Library_Hzm/Çocuklar için-Hzm/Saadet Asrı-Çocuk/5-saadet-asrinda-Dogruluk-ve-sadakat-mustuy.pdf,Mükerrer Kopya: Bu içerik zaten MySQL'de ID: 225 (Books/b-Library_Hzm-20260601T230631Z-3-001/b-Library_Hzm/Çocuklar için-Hzm/Saadet Asrı-Çocuk/5-saadet-asrinda-Dogruluk-ve-sadakat-mustuy.pdf) olarak kayıtlı.
6-Saadet-Asrinda-Ilim-Ve-Ibadet-Sahabe-Hayatindan-Mustuy.pdf,Books/b-Library_Hzm-20260601T230631Z-3-001/b-Library_Hzm/Çocuklar için-Hzm/Sahabe Hayatından/6-Saadet-Asrinda-Ilim-Ve-Ibadet-Sahabe-Hayatindan-Mustuy.pdf,Mükerrer / Kopya Dosya,.pdf,482911,0.46 MB,7ac9f40fd8a788fda24c7fb856f86487778c52f2cf26b6e80de47f4195228418,226,Books/b-Library_Hzm-20260601T230631Z-3-001/b-Library_Hzm/Çocuklar için-Hzm/Saadet Asrı-Çocuk/6-saadet-asrinda-İlim-ve-ibadet-mustuy.pdf,Mükerrer Kopya: Bu içerik zaten MySQL'de ID: 226 (Books/b-Library_Hzm-20260601T230631Z-3-001/b-Library_Hzm/Çocuklar için-Hzm/Saadet Asrı-Çocuk/6-saadet-asrinda-İlim-ve-ibadet-mustuy.pdf) olarak kayıtlı.
Ali Unal-Gecmisten-Gelecege-Kopru-Fethullah-Gulen.pdf,Books/b-Library_Hzm-20260601T230631Z-3-002/b-Library_Hzm/Ali Ünal/Ali Unal-Gecmisten-Gelecege-Kopru-Fethullah-Gulen.pdf,Mükerrer / Kopya Dosya,.pdf,918103,0.88 MB,e37dce9d74f6dc075b31b793b2ea2d2045ebc0111957b39d9fa152c3683c0b40,514,Books/Books for Text_Hzm-20260529T161525Z-3-001/Books for Text_Hzm/HE_Biyografi/Ali Unal-Gecmisten-Gelecege-Kopru-Fethullah-Gulen.pdf,Mükerrer Kopya: Bu içerik zaten MySQL'de ID: 514 (Books/Books for Text_Hzm-20260529T161525Z-3-001/Books for Text_Hzm/HE_Biyografi/Ali Unal-Gecmisten-Gelecege-Kopru-Fethullah-Gulen.pdf) olarak kayıtlı.
Yeni-Umit-Dergisi-97-2012-7.pdf,Books/b-Library_Hzm-20260601T230631Z-3-002/b-Library_Hzm/Dergi-Yeni Ümit/Yeni-Umit-Dergisi-97-2012-7.pdf,Mükerrer / Kopya Dosya,.pdf,7189241,6.86 MB,aff65d33a1133dac0a82cf8266c3126389a9dbbe55b19048d3c0fcea3422b984,1378,Books/b-Library_Hzm-20260601T230631Z-3-002/b-Library_Hzm/Dergi-Yeni Ümit/Yeni-Umit-Dergisi-104-2014-3.pdf,Mükerrer Kopya: Bu içerik zaten MySQL'de ID: 1378 (Books/b-Library_Hzm-20260601T230631Z-3-002/b-Library_Hzm/Dergi-Yeni Ümit/Yeni-Umit-Dergisi-104-2014-3.pdf) olarak kayıtlı.
yanik-sinelerden-dualar-mustafa-yilmaz-defineyayinlari.pdf,Books/b-Library_Hzm-20260601T230631Z-3-002/b-Library_Hzm/Dua-Hzm/yanik-sinelerden-dualar-mustafa-yilmaz-defineyayinlari.pdf,Mükerrer / Kopya Dosya,.pdf,1108648,1.06 MB,a36a40d8b98d47a99ee291b15d3e3376909d6bebc395e903be0d012df8b8caa4,29,Books/b-Library_Hzm-20260601T230631Z-3-001/b-Library_Hzm/Dua-Oku/Mustafa Yilmaz - Yanik Sinelerden Dualar - DefineYayinlari (Mustafa Yilmaz) (z-lib.org).pdf,Mükerrer Kopya: Bu içerik zaten MySQL'de ID: 29 (Books/b-Library_Hzm-20260601T230631Z-3-001/b-Library_Hzm/Dua-Oku/Mustafa Yilmaz - Yanik Sinelerden Dualar - DefineYayinlari (Mustafa Yilmaz) (z-lib.org).pdf) olarak kayıtlı.
Asrin Getirdigi Tereddutler_4.pdf,Books/b-Library_Hzm-20260601T230631Z-3-002/b-Library_Hzm/PRL/Asrin Getirdigi Tereddutler_4.pdf,Mükerrer / Kopya Dosya,.pdf,1146313,1.09 MB,0a189c5b5192093faffb4c850c608bc3f7e8284814041e0671ba7fe0a9b23fc7,516,Books/Books for Text_Hzm-20260529T161525Z-3-001/Books for Text_Hzm/PRL/Asrin Getirdigi Tereddutler_4.pdf,Mükerrer Kopya: Bu içerik zaten MySQL'de ID: 516 (Books/Books for Text_Hzm-20260529T161525Z-3-001/Books for Text_Hzm/PRL/Asrin Getirdigi Tereddutler_4.pdf) olarak kayıtlı.
Bir İ_caz Hecelemesi.pdf,Books/b-Library_Hzm-20260601T230631Z-3-002/b-Library_Hzm/PRL/Bir İ_caz Hecelemesi.pdf,Mükerrer / Kopya Dosya,.pdf,25798172,24.60 MB,64df79c38434413f4fe9d9fc1d66182f180d80d62e71bdd5835ea002b8d1dd85,517,Books/Books for Text_Hzm-20260529T161525Z-3-001/Books for Text_Hzm/PRL/Bir İ_caz Hecelemesi.pdf,Mükerrer Kopya: Bu içerik zaten MySQL'de ID: 517 (Books/Books for Text_Hzm-20260529T161525Z-3-001/Books for Text_Hzm/PRL/Bir İ_caz Hecelemesi.pdf) olarak kayıtlı.
CN-10_Hakka Adanmışlar Yolu.pdf,Books/b-Library_Hzm-20260601T230631Z-3-002/b-Library_Hzm/PRL/CN-10_Hakka Adanmışlar Yolu.pdf,Mükerrer / Kopya Dosya,.pdf,8808291,8.40 MB,2692f5c7e4998966a69094eb08c7bad24eba564384bda313af3693af47e18a8d,518,Books/Books for Text_Hzm-20260529T161525Z-3-001/Books for Text_Hzm/PRL/CN-10_Hakka Adanmışlar Yolu.pdf,Mükerrer Kopya: Bu içerik zaten MySQL'de ID: 518 (Books/Books for Text_Hzm-20260529T161525Z-3-001/Books for Text_Hzm/PRL/CN-10_Hakka Adanmışlar Yolu.pdf) olarak kayıtlı.
CN_8_Ornekleri Kendinden Bir Hareket.pdf,Books/b-Library_Hzm-20260601T230631Z-3-002/b-Library_Hzm/PRL/CN_8_Ornekleri Kendinden Bir Hareket.pdf,Mükerrer / Kopya Dosya,.pdf,820871,0.78 MB,f33d4aea45b604d988c387f919c8090889037eaceaddd8c07cf9355f41cf262c,519,Books/Books for Text_Hzm-20260529T161525Z-3-001/Books for Text_Hzm/PRL/CN_8_Ornekleri Kendinden Bir Hareket.pdf,Mükerrer Kopya: Bu içerik zaten MySQL'de ID: 519 (Books/Books for Text_Hzm-20260529T161525Z-3-001/Books for Text_Hzm/PRL/CN_8_Ornekleri Kendinden Bir Hareket.pdf) olarak kayıtlı.
CN_9_Sükûtun Çığlıkları.pdf,Books/b-Library_Hzm-20260601T230631Z-3-002/b-Library_Hzm/PRL/CN_9_Sükûtun Çığlıkları.pdf,Mükerrer / Kopya Dosya,.pdf,810754,0.77 MB,b0aa35037f693146d2acd3cc5a477c440c66c83f0374bb29666666e372511066,520,Books/Books for Text_Hzm-20260529T161525Z-3-001/Books for Text_Hzm/PRL/CN_9_Sükûtun Çığlıkları.pdf,Mükerrer Kopya: Bu içerik zaten MySQL'de ID: 520 (Books/Books for Text_Hzm-20260529T161525Z-3-001/Books for Text_Hzm/PRL/CN_9_Sükûtun Çığlıkları.pdf) olarak kayıtlı.
Enginligiyle-Bizim-Dunyamiz-Iktisadi-Mulahazalar.pdf,Books/b-Library_Hzm-20260601T230631Z-3-002/b-Library_Hzm/PRL/Enginligiyle-Bizim-Dunyamiz-Iktisadi-Mulahazalar.pdf,Mükerrer / Kopya Dosya,.pdf,1909356,1.82 MB,e6445362ffa593f31e951316ebec16bb5c657ccd08827737f1b2af538108f43b,521,Books/Books for Text_Hzm-20260529T161525Z-3-001/Books for Text_Hzm/PRL/Enginligiyle-Bizim-Dunyamiz-Iktisadi-Mulahazalar.pdf,Mükerrer Kopya: Bu içerik zaten MySQL'de ID: 521 (Books/Books for Text_Hzm-20260529T161525Z-3-001/Books for Text_Hzm/PRL/Enginligiyle-Bizim-Dunyamiz-Iktisadi-Mulahazalar.pdf) olarak kayıtlı.
Fasıldan Fasıla-2.pdf,Books/b-Library_Hzm-20260601T230631Z-3-002/b-Library_Hzm/PRL/Fasıldan Fasıla-2.pdf,Mükerrer / Kopya Dosya,.pdf,759378,0.72 MB,4eb2b7c78c4ecfcf7d73434fc77cf09d995f3c840c573a0ebaff94b1710bcc24,522,Books/Books for Text_Hzm-20260529T161525Z-3-001/Books for Text_Hzm/PRL/Fasıldan Fasıla-2.pdf,Mükerrer Kopya: Bu içerik zaten MySQL'de ID: 522 (Books/Books for Text_Hzm-20260529T161525Z-3-001/Books for Text_Hzm/PRL/Fasıldan Fasıla-2.pdf) olarak kayıtlı.
Fasıldan Fasıla-3.pdf,Books/b-Library_Hzm-20260601T230631Z-3-002/b-Library_Hzm/PRL/Fasıldan Fasıla-3.pdf,Mükerrer / Kopya Dosya,.pdf,1071978,1.02 MB,26a4e6393c28a2d9d96f7681fe733b1cbcfd27abfe466da01f7b04915d0c2f08,523,Books/Books for Text_Hzm-20260529T161525Z-3-001/Books for Text_Hzm/PRL/Fasıldan Fasıla-3.pdf,Mükerrer Kopya: Bu içerik zaten MySQL'de ID: 523 (Books/Books for Text_Hzm-20260529T161525Z-3-001/Books for Text_Hzm/PRL/Fasıldan Fasıla-3.pdf) olarak kayıtlı.
Fasıldan Fasıla-4.pdf,Books/b-Library_Hzm-20260601T230631Z-3-002/b-Library_Hzm/PRL/Fasıldan Fasıla-4.pdf,Mükerrer / Kopya Dosya,.pdf,921190,0.88 MB,d28fceb44873d35af4b9d75b817b076bb2e058e130c2aabceaf15f152337d7bc,524,Books/Books for Text_Hzm-20260529T161525Z-3-001/Books for Text_Hzm/PRL/Fasıldan Fasıla-4.pdf,Mükerrer Kopya: Bu içerik zaten MySQL'de ID: 524 (Books/Books for Text_Hzm-20260529T161525Z-3-001/Books for Text_Hzm/PRL/Fasıldan Fasıla-4.pdf) olarak kayıtlı.
Fatiha Üzerine Mülahazalar.pdf,Books/b-Library_Hzm-20260601T230631Z-3-002/b-Library_Hzm/PRL/Fatiha Üzerine Mülahazalar.pdf,Mükerrer / Kopya Dosya,.pdf,1122207,1.07 MB,c1e16a64ab8396877bca9626fb9a334c3e8e1d8c371b9ece7f9d07fb6d521317,525,Books/Books for Text_Hzm-20260529T161525Z-3-001/Books for Text_Hzm/PRL/Fatiha Üzerine Mülahazalar.pdf,Mükerrer Kopya: Bu içerik zaten MySQL'de ID: 525 (Books/Books for Text_Hzm-20260529T161525Z-3-001/Books for Text_Hzm/PRL/Fatiha Üzerine Mülahazalar.pdf) olarak kayıtlı.
Hitap Çiçekleri.pdf,Books/b-Library_Hzm-20260601T230631Z-3-002/b-Library_Hzm/PRL/Hitap Çiçekleri.pdf,Mükerrer / Kopya Dosya,.pdf,645810,0.62 MB,7c716b33122f32d96a269285c592aacd749c96d0f3f266c1471d49322d31ab96,526,Books/Books for Text_Hzm-20260529T161525Z-3-001/Books for Text_Hzm/PRL/Hitap Çiçekleri.pdf,Mükerrer Kopya: Bu içerik zaten MySQL'de ID: 526 (Books/Books for Text_Hzm-20260529T161525Z-3-001/Books for Text_Hzm/PRL/Hitap Çiçekleri.pdf) olarak kayıtlı.
Hutbeler-Gönül_Nağmeleri-MFG.pdf,Books/b-Library_Hzm-20260601T230631Z-3-002/b-Library_Hzm/PRL/Hutbeler-Gönül_Nağmeleri-MFG.pdf,Mükerrer / Kopya Dosya,.pdf,15095822,14.40 MB,45eea1386abace78983431ad62a186c0270918f8be82e319575ebd2909eb3f5f,527,Books/Books for Text_Hzm-20260529T161525Z-3-001/Books for Text_Hzm/PRL/Hutbeler-Gönül_Nağmeleri-MFG.pdf,Mükerrer Kopya: Bu içerik zaten MySQL'de ID: 527 (Books/Books for Text_Hzm-20260529T161525Z-3-001/Books for Text_Hzm/PRL/Hutbeler-Gönül_Nağmeleri-MFG.pdf) olarak kayıtlı.
KT-10-Cemre Beklentisi.pdf,Books/b-Library_Hzm-20260601T230631Z-3-002/b-Library_Hzm/PRL/KT-10-Cemre Beklentisi.pdf,Mükerrer / Kopya Dosya,.pdf,1325183,1.26 MB,1b0925b6408655cdddb50c0d196c35135431ce761e4da2094b7b832f21d6dbe4,528,Books/Books for Text_Hzm-20260529T161525Z-3-001/Books for Text_Hzm/PRL/KT-10-Cemre Beklentisi.pdf,Mükerrer Kopya: Bu içerik zaten MySQL'de ID: 528 (Books/Books for Text_Hzm-20260529T161525Z-3-001/Books for Text_Hzm/PRL/KT-10-Cemre Beklentisi.pdf) olarak kayıtlı.
KT-11-Yaşatma İdeali.pdf,Books/b-Library_Hzm-20260601T230631Z-3-002/b-Library_Hzm/PRL/KT-11-Yaşatma İdeali.pdf,Mükerrer / Kopya Dosya,.pdf,1270926,1.21 MB,fc2a40f18564e241d0af2e74fb00f1c90b097691b55a1cca69298d4c050e7ebe,529,Books/Books for Text_Hzm-20260529T161525Z-3-001/Books for Text_Hzm/PRL/KT-11-Yaşatma İdeali.pdf,Mükerrer Kopya: Bu içerik zaten MySQL'de ID: 529 (Books/Books for Text_Hzm-20260529T161525Z-3-001/Books for Text_Hzm/PRL/KT-11-Yaşatma İdeali.pdf) olarak kayıtlı.
KT-12-Yenilenme Cehdi.pdf,Books/b-Library_Hzm-20260601T230631Z-3-002/b-Library_Hzm/PRL/KT-12-Yenilenme Cehdi.pdf,Mükerrer / Kopya Dosya,.pdf,1367531,1.30 MB,27f1b11b6f18fb26b4001a7be6c9b24fe3df66af407785af27ea23f6b772aaed,530,Books/Books for Text_Hzm-20260529T161525Z-3-001/Books for Text_Hzm/PRL/KT-12-Yenilenme Cehdi.pdf,Mükerrer Kopya: Bu içerik zaten MySQL'de ID: 530 (Books/Books for Text_Hzm-20260529T161525Z-3-001/Books for Text_Hzm/PRL/KT-12-Yenilenme Cehdi.pdf) olarak kayıtlı.
KT-13-Mefkure Yolculuğu.pdf,Books/b-Library_Hzm-20260601T230631Z-3-002/b-Library_Hzm/PRL/KT-13-Mefkure Yolculuğu.pdf,Mükerrer / Kopya Dosya,.pdf,1425213,1.36 MB,57adbbf9c1ddddd54f4282a0b440023fcc594b9ba600de46e32fd193c17c17c9,531,Books/Books for Text_Hzm-20260529T161525Z-3-001/Books for Text_Hzm/PRL/KT-13-Mefkure Yolculuğu.pdf,Mükerrer Kopya: Bu içerik zaten MySQL'de ID: 531 (Books/Books for Text_Hzm-20260529T161525Z-3-001/Books for Text_Hzm/PRL/KT-13-Mefkure Yolculuğu.pdf) olarak kayıtlı.
KT-15-Yolun Kaderi.pdf,Books/b-Library_Hzm-20260601T230631Z-3-002/b-Library_Hzm/PRL/KT-15-Yolun Kaderi.pdf,Mükerrer / Kopya Dosya,.pdf,1751408,1.67 MB,dc56739b08b64773c81c9ec84bd8b6104c54b04394693903505fd900ce8b8944,532,Books/Books for Text_Hzm-20260529T161525Z-3-001/Books for Text_Hzm/PRL/KT-15-Yolun Kaderi.pdf,Mükerrer Kopya: Bu içerik zaten MySQL'de ID: 532 (Books/Books for Text_Hzm-20260529T161525Z-3-001/Books for Text_Hzm/PRL/KT-15-Yolun Kaderi.pdf) olarak kayıtlı.
KT-16-Dert Musikisi.pdf,Books/b-Library_Hzm-20260601T230631Z-3-002/b-Library_Hzm/PRL/KT-16-Dert Musikisi.pdf,Mükerrer / Kopya Dosya,.pdf,1265568,1.21 MB,ff831b9d5963966f4fb5ce5bf6c659087e7f06128a2e94d366aae23efb9db824,533,Books/Books for Text_Hzm-20260529T161525Z-3-001/Books for Text_Hzm/PRL/KT-16-Dert Musikisi.pdf,Mükerrer Kopya: Bu içerik zaten MySQL'de ID: 533 (Books/Books for Text_Hzm-20260529T161525Z-3-001/Books for Text_Hzm/PRL/KT-16-Dert Musikisi.pdf) olarak kayıtlı.
KT-19-Işık Karanlığı Boğarken.pdf,Books/b-Library_Hzm-20260601T230631Z-3-002/b-Library_Hzm/PRL/KT-19-Işık Karanlığı Boğarken.pdf,Mükerrer / Kopya Dosya,.pdf,16616155,15.85 MB,cb1441df6962b465f5c430779c6846aef25febdfd226016bcb5397450f909f79,534,Books/Books for Text_Hzm-20260529T161525Z-3-001/Books for Text_Hzm/PRL/KT-19-Işık Karanlığı Boğarken.pdf,Mükerrer Kopya: Bu içerik zaten MySQL'de ID: 534 (Books/Books for Text_Hzm-20260529T161525Z-3-001/Books for Text_Hzm/PRL/KT-19-Işık Karanlığı Boğarken.pdf) olarak kayıtlı.
KT-20-Işık-Karanlık Devr-i Daimi.pdf,Books/b-Library_Hzm-20260601T230631Z-3-002/b-Library_Hzm/PRL/KT-20-Işık-Karanlık Devr-i Daimi.pdf,Mükerrer / Kopya Dosya,.pdf,16549477,15.78 MB,20c535cefc9332617d6716816f06e132822f3bd6dc6ef6cc7ea5960504089fef,535,Books/Books for Text_Hzm-20260529T161525Z-3-001/Books for Text_Hzm/PRL/KT-20-Işık-Karanlık Devr-i Daimi.pdf,Mükerrer Kopya: Bu içerik zaten MySQL'de ID: 535 (Books/Books for Text_Hzm-20260529T161525Z-3-001/Books for Text_Hzm/PRL/KT-20-Işık-Karanlık Devr-i Daimi.pdf) olarak kayıtlı.
KT-3-Gurbet Ufukları.pdf,Books/b-Library_Hzm-20260601T230631Z-3-002/b-Library_Hzm/PRL/KT-3-Gurbet Ufukları.pdf,Mükerrer / Kopya Dosya,.pdf,1027578,0.98 MB,706161a39cda4c7a71dcf3578107dcd29008f04edd0fcef35117319028074c68,536,Books/Books for Text_Hzm-20260529T161525Z-3-001/Books for Text_Hzm/PRL/KT-3-Gurbet Ufukları.pdf,Mükerrer Kopya: Bu içerik zaten MySQL'de ID: 536 (Books/Books for Text_Hzm-20260529T161525Z-3-001/Books for Text_Hzm/PRL/KT-3-Gurbet Ufukları.pdf) olarak kayıtlı.
KT-5-İkindi Yağmurları.pdf,Books/b-Library_Hzm-20260601T230631Z-3-002/b-Library_Hzm/PRL/KT-5-İkindi Yağmurları.pdf,Mükerrer / Kopya Dosya,.pdf,1742797,1.66 MB,4f8996fde5d4049ed8c95e9ef16a28075aeb218356c6d8450383e8a1e44e4438,537,Books/Books for Text_Hzm-20260529T161525Z-3-001/Books for Text_Hzm/PRL/KT-5-İkindi Yağmurları.pdf,Mükerrer Kopya: Bu içerik zaten MySQL'de ID: 537 (Books/Books for Text_Hzm-20260529T161525Z-3-001/Books for Text_Hzm/PRL/KT-5-İkindi Yağmurları.pdf) olarak kayıtlı.
KT-6-Diriliş Çağrısı.pdf,Books/b-Library_Hzm-20260601T230631Z-3-002/b-Library_Hzm/PRL/KT-6-Diriliş Çağrısı.pdf,Mükerrer / Kopya Dosya,.pdf,1514602,1.44 MB,3b272bc672383d4d19d520b7326a9ecb178c2155d75a577a511a3ee0ab7af287,538,Books/Books for Text_Hzm-20260529T161525Z-3-001/Books for Text_Hzm/PRL/KT-6-Diriliş Çağrısı.pdf,Mükerrer Kopya: Bu içerik zaten MySQL'de ID: 538 (Books/Books for Text_Hzm-20260529T161525Z-3-001/Books for Text_Hzm/PRL/KT-6-Diriliş Çağrısı.pdf) olarak kayıtlı.
KT-7-Ölümsüzlük İksiri.pdf,Books/b-Library_Hzm-20260601T230631Z-3-002/b-Library_Hzm/PRL/KT-7-Ölümsüzlük İksiri.pdf,Mükerrer / Kopya Dosya,.pdf,1342499,1.28 MB,788081759802c94988ab95ee6e9bfa00932399d2fcf046be4132898a9636f363,539,Books/Books for Text_Hzm-20260529T161525Z-3-001/Books for Text_Hzm/PRL/KT-7-Ölümsüzlük İksiri.pdf,Mükerrer Kopya: Bu içerik zaten MySQL'de ID: 539 (Books/Books for Text_Hzm-20260529T161525Z-3-001/Books for Text_Hzm/PRL/KT-7-Ölümsüzlük İksiri.pdf) olarak kayıtlı.
KT-8-Vuslat Muştusu.pdf,Books/b-Library_Hzm-20260601T230631Z-3-002/b-Library_Hzm/PRL/KT-8-Vuslat Muştusu.pdf,Mükerrer / Kopya Dosya,.pdf,1384906,1.32 MB,f61ea338e82e7572481f25ea4ca911e1a07df27ecabe76b2ee14a291e6fcc626,540,Books/Books for Text_Hzm-20260529T161525Z-3-001/Books for Text_Hzm/PRL/KT-8-Vuslat Muştusu.pdf,Mükerrer Kopya: Bu içerik zaten MySQL'de ID: 540 (Books/Books for Text_Hzm-20260529T161525Z-3-001/Books for Text_Hzm/PRL/KT-8-Vuslat Muştusu.pdf) olarak kayıtlı.
KT-9-Kalb İbresi.pdf,Books/b-Library_Hzm-20260601T230631Z-3-002/b-Library_Hzm/PRL/KT-9-Kalb İbresi.pdf,Mükerrer / Kopya Dosya,.pdf,1335639,1.27 MB,c3ee9bc7af475184ac2d691894d7b6aa8a5cebf5548a84b0ea292ae789c7a617,541,Books/Books for Text_Hzm-20260529T161525Z-3-001/Books for Text_Hzm/PRL/KT-9-Kalb İbresi.pdf,Mükerrer Kopya: Bu içerik zaten MySQL'de ID: 541 (Books/Books for Text_Hzm-20260529T161525Z-3-001/Books for Text_Hzm/PRL/KT-9-Kalb İbresi.pdf) olarak kayıtlı.
Kader-Kitap ve Sünnet Perspektifinde Kader .pdf,Books/b-Library_Hzm-20260601T230631Z-3-002/b-Library_Hzm/PRL/Kader-Kitap ve Sünnet Perspektifinde Kader .pdf,Mükerrer / Kopya Dosya,.pdf,882579,0.84 MB,c8aafafdedea62f8e6ec4bbeefc33a211b2b1b3c71f783923fb0110e7a3ccd66,542,Books/Books for Text_Hzm-20260529T161525Z-3-001/Books for Text_Hzm/PRL/Kader-Kitap ve Sünnet Perspektifinde Kader .pdf,Mükerrer Kopya: Bu içerik zaten MySQL'de ID: 542 (Books/Books for Text_Hzm-20260529T161525Z-3-001/Books for Text_Hzm/PRL/Kader-Kitap ve Sünnet Perspektifinde Kader .pdf) olarak kayıtlı.
Kalbin Zümrüt Tepeleri - 1.pdf,Books/b-Library_Hzm-20260601T230631Z-3-002/b-Library_Hzm/PRL/Kalbin Zümrüt Tepeleri - 1.pdf,Mükerrer / Kopya Dosya,.pdf,1238896,1.18 MB,b4a5ae672c9d69acf99afae63f41e28fa96e5f18ba0e519a0a316972e3fe2954,543,Books/Books for Text_Hzm-20260529T161525Z-3-001/Books for Text_Hzm/PRL/Kalbin Zümrüt Tepeleri - 1.pdf,Mükerrer Kopya: Bu içerik zaten MySQL'de ID: 543 (Books/Books for Text_Hzm-20260529T161525Z-3-001/Books for Text_Hzm/PRL/Kalbin Zümrüt Tepeleri - 1.pdf) olarak kayıtlı.
Kalbin Zümrüt Tepeleri - 2.pdf,Books/b-Library_Hzm-20260601T230631Z-3-002/b-Library_Hzm/PRL/Kalbin Zümrüt Tepeleri - 2.pdf,Mükerrer / Kopya Dosya,.pdf,1371771,1.31 MB,09872c93d094f476c507c56faa1defc82eeeb0592e2c3468264c25d71bd8447b,544,Books/Books for Text_Hzm-20260529T161525Z-3-001/Books for Text_Hzm/PRL/Kalbin Zümrüt Tepeleri - 2.pdf,Mükerrer Kopya: Bu içerik zaten MySQL'de ID: 544 (Books/Books for Text_Hzm-20260529T161525Z-3-001/Books for Text_Hzm/PRL/Kalbin Zümrüt Tepeleri - 2.pdf) olarak kayıtlı.
Kalbin Zümrüt Tepeleri - 3.pdf,Books/b-Library_Hzm-20260601T230631Z-3-002/b-Library_Hzm/PRL/Kalbin Zümrüt Tepeleri - 3.pdf,Mükerrer / Kopya Dosya,.pdf,1202242,1.15 MB,f18eafb675ac9856b6eca91c3cc7712ae1a431c987efc5bf72e7e5aa0830674f,545,Books/Books for Text_Hzm-20260529T161525Z-3-001/Books for Text_Hzm/PRL/Kalbin Zümrüt Tepeleri - 3.pdf,Mükerrer Kopya: Bu içerik zaten MySQL'de ID: 545 (Books/Books for Text_Hzm-20260529T161525Z-3-001/Books for Text_Hzm/PRL/Kalbin Zümrüt Tepeleri - 3.pdf) olarak kayıtlı.
Kalbin Zümrüt Tepeleri - 4.pdf,Books/b-Library_Hzm-20260601T230631Z-3-002/b-Library_Hzm/PRL/Kalbin Zümrüt Tepeleri - 4.pdf,Mükerrer / Kopya Dosya,.pdf,994054,0.95 MB,f73139c407c829d48bc83653a3930ea6965ff67dceaff5ed99487195c7ab5fa1,546,Books/Books for Text_Hzm-20260529T161525Z-3-001/Books for Text_Hzm/PRL/Kalbin Zümrüt Tepeleri - 4.pdf,Mükerrer Kopya: Bu içerik zaten MySQL'de ID: 546 (Books/Books for Text_Hzm-20260529T161525Z-3-001/Books for Text_Hzm/PRL/Kalbin Zümrüt Tepeleri - 4.pdf) olarak kayıtlı.
Kur_an_dan İdrake Yansıyanlar.pdf,Books/b-Library_Hzm-20260601T230631Z-3-002/b-Library_Hzm/PRL/Kur_an_dan İdrake Yansıyanlar.pdf,Mükerrer / Kopya Dosya,.pdf,1558510,1.49 MB,32d3c1b122ae4114ec0e17b923bb0bd22f7f1b4e1a062b2cfaf251feefdd0a5c,547,Books/Books for Text_Hzm-20260529T161525Z-3-001/Books for Text_Hzm/PRL/Kur_an_dan İdrake Yansıyanlar.pdf,Mükerrer Kopya: Bu içerik zaten MySQL'de ID: 547 (Books/Books for Text_Hzm-20260529T161525Z-3-001/Books for Text_Hzm/PRL/Kur_an_dan İdrake Yansıyanlar.pdf) olarak kayıtlı.
Kur_an_ın_Sihirli_Ufku_Yusuf_Suresi-MFG.pdf,Books/b-Library_Hzm-20260601T230631Z-3-002/b-Library_Hzm/PRL/Kur_an_ın_Sihirli_Ufku_Yusuf_Suresi-MFG.pdf,Mükerrer / Kopya Dosya,.pdf,24023661,22.91 MB,c7f8565728fa0954164fea49d438887a406b49515f303d3569b5d99a0f2b315d,548,Books/Books for Text_Hzm-20260529T161525Z-3-001/Books for Text_Hzm/PRL/Kur_an_ın_Sihirli_Ufku_Yusuf_Suresi-MFG.pdf,Mükerrer Kopya: Bu içerik zaten MySQL'de ID: 548 (Books/Books for Text_Hzm-20260529T161525Z-3-001/Books for Text_Hzm/PRL/Kur_an_ın_Sihirli_Ufku_Yusuf_Suresi-MFG.pdf) olarak kayıtlı.
Kırık Mızrap.pdf,Books/b-Library_Hzm-20260601T230631Z-3-002/b-Library_Hzm/PRL/Kırık Mızrap.pdf,Mükerrer / Kopya Dosya,.pdf,757525,0.72 MB,e7d12bbfb7dafa6bbe472f0fc7036005584b755e96c94ce7a2b3b7cd89f21f89,549,Books/Books for Text_Hzm-20260529T161525Z-3-001/Books for Text_Hzm/PRL/Kırık Mızrap.pdf,Mükerrer Kopya: Bu içerik zaten MySQL'de ID: 549 (Books/Books for Text_Hzm-20260529T161525Z-3-001/Books for Text_Hzm/PRL/Kırık Mızrap.pdf) olarak kayıtlı.
Namaz-Miraç Enginlikli İbadet.pdf,Books/b-Library_Hzm-20260601T230631Z-3-002/b-Library_Hzm/PRL/Namaz-Miraç Enginlikli İbadet.pdf,Mükerrer / Kopya Dosya,.pdf,2290523,2.18 MB,e4e57169a21a8065616e27ee46dbf7b62b7accbb1af620fca0c83a6d1eeaa22b,550,Books/Books for Text_Hzm-20260529T161525Z-3-001/Books for Text_Hzm/PRL/Namaz-Miraç Enginlikli İbadet.pdf,Mükerrer Kopya: Bu içerik zaten MySQL'de ID: 550 (Books/Books for Text_Hzm-20260529T161525Z-3-001/Books for Text_Hzm/PRL/Namaz-Miraç Enginlikli İbadet.pdf) olarak kayıtlı.
Prizma-1-M.-Fethullah-Gulen.pdf,Books/b-Library_Hzm-20260601T230631Z-3-002/b-Library_Hzm/PRL/Prizma-1-M.-Fethullah-Gulen.pdf,Mükerrer / Kopya Dosya,.pdf,1011412,0.96 MB,7ea68a5ce3bc14764fc6552c56b1479e7f013a4ebbe08157e68dd7312f7bbde6,551,Books/Books for Text_Hzm-20260529T161525Z-3-001/Books for Text_Hzm/PRL/Prizma-1-M.-Fethullah-Gulen.pdf,Mükerrer Kopya: Bu içerik zaten MySQL'de ID: 551 (Books/Books for Text_Hzm-20260529T161525Z-3-001/Books for Text_Hzm/PRL/Prizma-1-M.-Fethullah-Gulen.pdf) olarak kayıtlı.
Prizma-2-M.-Fethullah-Gulen.pdf,Books/b-Library_Hzm-20260601T230631Z-3-002/b-Library_Hzm/PRL/Prizma-2-M.-Fethullah-Gulen.pdf,Mükerrer / Kopya Dosya,.pdf,867292,0.83 MB,0f6147d8f262733022b9d615411d6e0f861c0750a74a308c28ada67277808f51,552,Books/Books for Text_Hzm-20260529T161525Z-3-001/Books for Text_Hzm/PRL/Prizma-2-M.-Fethullah-Gulen.pdf,Mükerrer Kopya: Bu içerik zaten MySQL'de ID: 552 (Books/Books for Text_Hzm-20260529T161525Z-3-001/Books for Text_Hzm/PRL/Prizma-2-M.-Fethullah-Gulen.pdf) olarak kayıtlı.
Prizma-3-M.-Fethullah-Gulen.pdf,Books/b-Library_Hzm-20260601T230631Z-3-002/b-Library_Hzm/PRL/Prizma-3-M.-Fethullah-Gulen.pdf,Mükerrer / Kopya Dosya,.pdf,926152,0.88 MB,c79275f071c38d6d22471f265c343bd4b1950b5a9b4b4bc829a0e3316126adfe,553,Books/Books for Text_Hzm-20260529T161525Z-3-001/Books for Text_Hzm/PRL/Prizma-3-M.-Fethullah-Gulen.pdf,Mükerrer Kopya: Bu içerik zaten MySQL'de ID: 553 (Books/Books for Text_Hzm-20260529T161525Z-3-001/Books for Text_Hzm/PRL/Prizma-3-M.-Fethullah-Gulen.pdf) olarak kayıtlı.
Prizma-4-M.-Fethullah-Gulen.pdf,Books/b-Library_Hzm-20260601T230631Z-3-002/b-Library_Hzm/PRL/Prizma-4-M.-Fethullah-Gulen.pdf,Mükerrer / Kopya Dosya,.pdf,1254238,1.20 MB,57a77ff702a7ee86a6d60091fd62eb44a0659a4f0abfcaca503c4064c36576e5,554,Books/Books for Text_Hzm-20260529T161525Z-3-001/Books for Text_Hzm/PRL/Prizma-4-M.-Fethullah-Gulen.pdf,Mükerrer Kopya: Bu içerik zaten MySQL'de ID: 554 (Books/Books for Text_Hzm-20260529T161525Z-3-001/Books for Text_Hzm/PRL/Prizma-4-M.-Fethullah-Gulen.pdf) olarak kayıtlı.
Prizma-5-Kendi-Iklimimiz-M.-Fethullah-Gulen.pdf,Books/b-Library_Hzm-20260601T230631Z-3-002/b-Library_Hzm/PRL/Prizma-5-Kendi-Iklimimiz-M.-Fethullah-Gulen.pdf,Mükerrer / Kopya Dosya,.pdf,1039401,0.99 MB,c42a8087981b87060053a8ffc6f17d46da97b205b8fd946b2e3550f42bca87a1,555,Books/Books for Text_Hzm-20260529T161525Z-3-001/Books for Text_Hzm/PRL/Prizma-5-Kendi-Iklimimiz-M.-Fethullah-Gulen.pdf,Mükerrer Kopya: Bu içerik zaten MySQL'de ID: 555 (Books/Books for Text_Hzm-20260529T161525Z-3-001/Books for Text_Hzm/PRL/Prizma-5-Kendi-Iklimimiz-M.-Fethullah-Gulen.pdf) olarak kayıtlı.
Prizma-6-Yol-Mulahazalari-M.-Fethullah-Gulen.pdf,Books/b-Library_Hzm-20260601T230631Z-3-002/b-Library_Hzm/PRL/Prizma-6-Yol-Mulahazalari-M.-Fethullah-Gulen.pdf,Mükerrer / Kopya Dosya,.pdf,919171,0.88 MB,49b4307b86bc58d6a60d8f300acb049d3aca2e4abada22333c3811277289a6dc,556,Books/Books for Text_Hzm-20260529T161525Z-3-001/Books for Text_Hzm/PRL/Prizma-6-Yol-Mulahazalari-M.-Fethullah-Gulen.pdf,Mükerrer Kopya: Bu içerik zaten MySQL'de ID: 556 (Books/Books for Text_Hzm-20260529T161525Z-3-001/Books for Text_Hzm/PRL/Prizma-6-Yol-Mulahazalari-M.-Fethullah-Gulen.pdf) olarak kayıtlı.
Prizma-7-Zihin-Harmani-M.-Fethullah-Gulen.pdf,Books/b-Library_Hzm-20260601T230631Z-3-002/b-Library_Hzm/PRL/Prizma-7-Zihin-Harmani-M.-Fethullah-Gulen.pdf,Mükerrer / Kopya Dosya,.pdf,891834,0.85 MB,b35e958b841f0627386d541c714558b6d4268a67df42c660206ee1bafe32d3c8,557,Books/Books for Text_Hzm-20260529T161525Z-3-001/Books for Text_Hzm/PRL/Prizma-7-Zihin-Harmani-M.-Fethullah-Gulen.pdf,Mükerrer Kopya: Bu içerik zaten MySQL'de ID: 557 (Books/Books for Text_Hzm-20260529T161525Z-3-001/Books for Text_Hzm/PRL/Prizma-7-Zihin-Harmani-M.-Fethullah-Gulen.pdf) olarak kayıtlı.
Prizma-8-Cizgimizi-Hecelerken-M.-Fethullah-Gulen.pdf,Books/b-Library_Hzm-20260601T230631Z-3-002/b-Library_Hzm/PRL/Prizma-8-Cizgimizi-Hecelerken-M.-Fethullah-Gulen.pdf,Mükerrer / Kopya Dosya,.pdf,1166133,1.11 MB,d446011717f1f90ee6ff72de5239e0f9c7bd5bafdbc665fdb5df054343ea421a,558,Books/Books for Text_Hzm-20260529T161525Z-3-001/Books for Text_Hzm/PRL/Prizma-8-Cizgimizi-Hecelerken-M.-Fethullah-Gulen.pdf,Mükerrer Kopya: Bu içerik zaten MySQL'de ID: 558 (Books/Books for Text_Hzm-20260529T161525Z-3-001/Books for Text_Hzm/PRL/Prizma-8-Cizgimizi-Hecelerken-M.-Fethullah-Gulen.pdf) olarak kayıtlı.
Prizma-9-Kendi-Ruhumuzu-Ararken-M.-Fethullah-Gulen.pdf,Books/b-Library_Hzm-20260601T230631Z-3-002/b-Library_Hzm/PRL/Prizma-9-Kendi-Ruhumuzu-Ararken-M.-Fethullah-Gulen.pdf,Mükerrer / Kopya Dosya,.pdf,1430333,1.36 MB,2ecaa2d159b963589a7e38b24d8d8af4dd02ca28c6ded2f36f8bebf43ff57c1d,559,Books/Books for Text_Hzm-20260529T161525Z-3-001/Books for Text_Hzm/PRL/Prizma-9-Kendi-Ruhumuzu-Ararken-M.-Fethullah-Gulen.pdf,Mükerrer Kopya: Bu içerik zaten MySQL'de ID: 559 (Books/Books for Text_Hzm-20260529T161525Z-3-001/Books for Text_Hzm/PRL/Prizma-9-Kendi-Ruhumuzu-Ararken-M.-Fethullah-Gulen.pdf) olarak kayıtlı.
Ruhumuzun-Heykelini-Dikerken-1-M.-Fethullah-Gulen.pdf,Books/b-Library_Hzm-20260601T230631Z-3-002/b-Library_Hzm/PRL/Ruhumuzun-Heykelini-Dikerken-1-M.-Fethullah-Gulen.pdf,Mükerrer / Kopya Dosya,.pdf,662872,0.63 MB,2a8e4925b668206901d234bee7626260c431343d2a826dd02647556c0317bce1,560,Books/Books for Text_Hzm-20260529T161525Z-3-001/Books for Text_Hzm/PRL/Ruhumuzun-Heykelini-Dikerken-1-M.-Fethullah-Gulen.pdf,Mükerrer Kopya: Bu içerik zaten MySQL'de ID: 560 (Books/Books for Text_Hzm-20260529T161525Z-3-001/Books for Text_Hzm/PRL/Ruhumuzun-Heykelini-Dikerken-1-M.-Fethullah-Gulen.pdf) olarak kayıtlı.
Ruhumuzun-Heykelini-Dikerken-2-Kendi-Dunyamiza-Dogru-M.-Fethullah-Gulen.pdf,Books/b-Library_Hzm-20260601T230631Z-3-002/b-Library_Hzm/PRL/Ruhumuzun-Heykelini-Dikerken-2-Kendi-Dunyamiza-Dogru-M.-Fethullah-Gulen.pdf,Mükerrer / Kopya Dosya,.pdf,1100126,1.05 MB,7fa52270d3a474eb7763c0bdf95f7c4576dba95700749c1711dceca6ee9fcbfa,561,Books/Books for Text_Hzm-20260529T161525Z-3-001/Books for Text_Hzm/PRL/Ruhumuzun-Heykelini-Dikerken-2-Kendi-Dunyamiza-Dogru-M.-Fethullah-Gulen.pdf,Mükerrer Kopya: Bu içerik zaten MySQL'de ID: 561 (Books/Books for Text_Hzm-20260529T161525Z-3-001/Books for Text_Hzm/PRL/Ruhumuzun-Heykelini-Dikerken-2-Kendi-Dunyamiza-Dogru-M.-Fethullah-Gulen.pdf) olarak kayıtlı.
SA-1_Sohbet-Atmosferi-M.-Fethullah-Gulen.pdf,Books/b-Library_Hzm-20260601T230631Z-3-002/b-Library_Hzm/PRL/SA-1_Sohbet-Atmosferi-M.-Fethullah-Gulen.pdf,Mükerrer / Kopya Dosya,.pdf,1204406,1.15 MB,014ec19a3ea89a24c3355f0edb4ef2318f16227e99d736edc8e671afb0a5bf72,562,Books/Books for Text_Hzm-20260529T161525Z-3-001/Books for Text_Hzm/PRL/SA-1_Sohbet-Atmosferi-M.-Fethullah-Gulen.pdf,Mükerrer Kopya: Bu içerik zaten MySQL'de ID: 562 (Books/Books for Text_Hzm-20260529T161525Z-3-001/Books for Text_Hzm/PRL/SA-1_Sohbet-Atmosferi-M.-Fethullah-Gulen.pdf) olarak kayıtlı.
Sonsuz-Nur-2-M.-Fethullah-Gulen.pdf,Books/b-Library_Hzm-20260601T230631Z-3-002/b-Library_Hzm/PRL/Sonsuz-Nur-2-M.-Fethullah-Gulen.pdf,Mükerrer / Kopya Dosya,.pdf,2352032,2.24 MB,fbf8391204fb8adf784694b75a20dff655c201340b2683fe370635c33cda890e,563,Books/Books for Text_Hzm-20260529T161525Z-3-001/Books for Text_Hzm/PRL/Sonsuz-Nur-2-M.-Fethullah-Gulen.pdf,Mükerrer Kopya: Bu içerik zaten MySQL'de ID: 563 (Books/Books for Text_Hzm-20260529T161525Z-3-001/Books for Text_Hzm/PRL/Sonsuz-Nur-2-M.-Fethullah-Gulen.pdf) olarak kayıtlı.
Varligin-Metafizik-Boyutu-M.-Fethullah-Gulen.pdf,Books/b-Library_Hzm-20260601T230631Z-3-002/b-Library_Hzm/PRL/Varligin-Metafizik-Boyutu-M.-Fethullah-Gulen.pdf,Mükerrer / Kopya Dosya,.pdf,1573614,1.50 MB,8764fecf921280f1be4826b8cd6025a3c3a82ea1c571d12a02648dbbbe7cf38f,564,Books/Books for Text_Hzm-20260529T161525Z-3-001/Books for Text_Hzm/PRL/Varligin-Metafizik-Boyutu-M.-Fethullah-Gulen.pdf,Mükerrer Kopya: Bu içerik zaten MySQL'de ID: 564 (Books/Books for Text_Hzm-20260529T161525Z-3-001/Books for Text_Hzm/PRL/Varligin-Metafizik-Boyutu-M.-Fethullah-Gulen.pdf) olarak kayıtlı.
Yaratilis-Gercegi-ve-Evrim-M.-Fethullah-Gulen.pdf,Books/b-Library_Hzm-20260601T230631Z-3-002/b-Library_Hzm/PRL/Yaratilis-Gercegi-ve-Evrim-M.-Fethullah-Gulen.pdf,Mükerrer / Kopya Dosya,.pdf,620143,0.59 MB,633c3343bce39e5327c79a69f0be05689605c1959f0ba8bd275b9361a0f0591a,565,Books/Books for Text_Hzm-20260529T161525Z-3-001/Books for Text_Hzm/PRL/Yaratilis-Gercegi-ve-Evrim-M.-Fethullah-Gulen.pdf,Mükerrer Kopya: Bu içerik zaten MySQL'de ID: 565 (Books/Books for Text_Hzm-20260529T161525Z-3-001/Books for Text_Hzm/PRL/Yaratilis-Gercegi-ve-Evrim-M.-Fethullah-Gulen.pdf) olarak kayıtlı.
Yusuf_Suresi-MFG.pdf,Books/b-Library_Hzm-20260601T230631Z-3-002/b-Library_Hzm/PRL/Yusuf_Suresi-MFG.pdf,Mükerrer / Kopya Dosya,.pdf,24023661,22.91 MB,c7f8565728fa0954164fea49d438887a406b49515f303d3569b5d99a0f2b315d,548,Books/Books for Text_Hzm-20260529T161525Z-3-001/Books for Text_Hzm/PRL/Kur_an_ın_Sihirli_Ufku_Yusuf_Suresi-MFG.pdf,Mükerrer Kopya: Bu içerik zaten MySQL'de ID: 548 (Books/Books for Text_Hzm-20260529T161525Z-3-001/Books for Text_Hzm/PRL/Kur_an_ın_Sihirli_Ufku_Yusuf_Suresi-MFG.pdf) olarak kayıtlı.
İla-yı Kelimetullah veya Cihad.pdf,Books/b-Library_Hzm-20260601T230631Z-3-002/b-Library_Hzm/PRL/İla-yı Kelimetullah veya Cihad.pdf,Mükerrer / Kopya Dosya,.pdf,2520018,2.40 MB,84040640974c84eb25059e5eee89a57acfc406198c8fb81ebf754f589113bca7,566,Books/Books for Text_Hzm-20260529T161525Z-3-001/Books for Text_Hzm/PRL/İla-yı Kelimetullah veya Cihad.pdf,Mükerrer Kopya: Bu içerik zaten MySQL'de ID: 566 (Books/Books for Text_Hzm-20260529T161525Z-3-001/Books for Text_Hzm/PRL/İla-yı Kelimetullah veya Cihad.pdf) olarak kayıtlı.
İnancın Gölgesinde-1.pdf,Books/b-Library_Hzm-20260601T230631Z-3-002/b-Library_Hzm/PRL/İnancın Gölgesinde-1.pdf,Mükerrer / Kopya Dosya,.pdf,1118446,1.07 MB,0ca5c4df3fb2d4e1bbcfab183bb9d72f50800a228fb6a91d34903d86e7aae0fb,567,Books/Books for Text_Hzm-20260529T161525Z-3-001/Books for Text_Hzm/PRL/İnancın Gölgesinde-1.pdf,Mükerrer Kopya: Bu içerik zaten MySQL'de ID: 567 (Books/Books for Text_Hzm-20260529T161525Z-3-001/Books for Text_Hzm/PRL/İnancın Gölgesinde-1.pdf) olarak kayıtlı.
İnancın Gölgesinde-2.pdf,Books/b-Library_Hzm-20260601T230631Z-3-002/b-Library_Hzm/PRL/İnancın Gölgesinde-2.pdf,Mükerrer / Kopya Dosya,.pdf,1052419,1.00 MB,eb953c675b0027fe8dbbf326081a49afdafcc14a72e02d7c92463b509257f7ad,568,Books/Books for Text_Hzm-20260529T161525Z-3-001/Books for Text_Hzm/PRL/İnancın Gölgesinde-2.pdf,Mükerrer Kopya: Bu içerik zaten MySQL'de ID: 568 (Books/Books for Text_Hzm-20260529T161525Z-3-001/Books for Text_Hzm/PRL/İnancın Gölgesinde-2.pdf) olarak kayıtlı.
İrşad Ekseni.pdf,Books/b-Library_Hzm-20260601T230631Z-3-002/b-Library_Hzm/PRL/İrşad Ekseni.pdf,Mükerrer / Kopya Dosya,.pdf,1013773,0.97 MB,f9a490d4152167b179f1acc3585a1ec3309b0578368787c7a8263b2ba0abcd25,569,Books/Books for Text_Hzm-20260529T161525Z-3-001/Books for Text_Hzm/PRL/İrşad Ekseni.pdf,Mükerrer Kopya: Bu içerik zaten MySQL'de ID: 569 (Books/Books for Text_Hzm-20260529T161525Z-3-001/Books for Text_Hzm/PRL/İrşad Ekseni.pdf) olarak kayıtlı.
Sari-Lemalar.pdf,Books/b-Library_Hzm-20260601T230631Z-3-002/b-Library_Hzm/RN-Külliyat-Hzm/RN-Sade/Sari-Lemalar.pdf,Mükerrer / Kopya Dosya,.pdf,9185349,8.76 MB,244e336c59b1d284cbbb74391c4af7207efad13a8f27296d81a829b982862e3d,1476,Books/b-Library_Hzm-20260601T230631Z-3-002/b-Library_Hzm/RN-Külliyat-Hzm/RN-Sade/RN Lemalar_Sadeleştirilmiş.pdf,Mükerrer Kopya: Bu içerik zaten MySQL'de ID: 1476 (Books/b-Library_Hzm-20260601T230631Z-3-002/b-Library_Hzm/RN-Külliyat-Hzm/RN-Sade/RN Lemalar_Sadeleştirilmiş.pdf) olarak kayıtlı.
Sari-Sozler.pdf,Books/b-Library_Hzm-20260601T230631Z-3-002/b-Library_Hzm/RN-Külliyat-Hzm/RN-Sade/Sari-Sozler.pdf,Mükerrer / Kopya Dosya,.pdf,21722932,20.72 MB,5c6c5a84ec78eac385ab4ce71fbc0a966a01b4f464d499d5bc2f62ac78210851,1477,Books/b-Library_Hzm-20260601T230631Z-3-002/b-Library_Hzm/RN-Külliyat-Hzm/RN-Sade/RN_Sozler_Sadeleştirilmiş.pdf,Mükerrer Kopya: Bu içerik zaten MySQL'de ID: 1477 (Books/b-Library_Hzm-20260601T230631Z-3-002/b-Library_Hzm/RN-Külliyat-Hzm/RN-Sade/RN_Sozler_Sadeleştirilmiş.pdf) olarak kayıtlı.
kur-an-elifbasi-ilmihalli-mustuy.pdf,Books/b-Library_Hzm-20260601T230631Z-3-002/b-Library_Hzm/Çocuklar için-Hzm/ElifBa-çocuklar için/kur-an-elifbasi-ilmihalli-mustuy.pdf,Mükerrer / Kopya Dosya,.pdf,44731119,42.66 MB,f22659eb49cd029af3414084586d4ff3d0dc95a6b64882e3ba498cb5cb6477ac,63,Books/b-Library_Hzm-20260601T230631Z-3-001/b-Library_Hzm/ElifBa-Tecvid-Hzm/kur-an-elifbasi-ilmihalli-mustuy.pdf,Mükerrer Kopya: Bu içerik zaten MySQL'de ID: 63 (Books/b-Library_Hzm-20260601T230631Z-3-001/b-Library_Hzm/ElifBa-Tecvid-Hzm/kur-an-elifbasi-ilmihalli-mustuy.pdf) olarak kayıtlı.
1-saadet-asrinda-Allah-sevgisi-mustuy.pdf,Books/b-Library_Hzm-20260601T230631Z-3-002/b-Library_Hzm/Çocuklar için-Hzm/Saadet Asrı-Çocuk/1-saadet-asrinda-Allah-sevgisi-mustuy.pdf,Mükerrer / Kopya Dosya,.pdf,332848,0.32 MB,66b83951a66cc3decdc9681384c6bb2f5b13d48bb150a2f4992ee5bb9639e592,227,Books/b-Library_Hzm-20260601T230631Z-3-001/b-Library_Hzm/Çocuklar için-Hzm/Sahabe Hayatından/1-Saadet-Asrinda-Allah-Sevgisi-Sahabe-Hayatindan-Mustuy.pdf,Mükerrer Kopya: Bu içerik zaten MySQL'de ID: 227 (Books/b-Library_Hzm-20260601T230631Z-3-001/b-Library_Hzm/Çocuklar için-Hzm/Sahabe Hayatından/1-Saadet-Asrinda-Allah-Sevgisi-Sahabe-Hayatindan-Mustuy.pdf) olarak kayıtlı.
2-saadet-asrinda-Resulullah-sevgisi-mustuy.pdf,Books/b-Library_Hzm-20260601T230631Z-3-002/b-Library_Hzm/Çocuklar için-Hzm/Saadet Asrı-Çocuk/2-saadet-asrinda-Resulullah-sevgisi-mustuy.pdf,Mükerrer / Kopya Dosya,.pdf,342892,0.33 MB,e09a724f39fc0a9f8556d0f3199fd7f1d1c57487d996d1ddc439395235af1fbb,228,Books/b-Library_Hzm-20260601T230631Z-3-001/b-Library_Hzm/Çocuklar için-Hzm/Sahabe Hayatından/2-Saadet-Asrinda-Resulullah-Sevgisi-Sahabe-Hayatindan-Mustuy.pdf,Mükerrer Kopya: Bu içerik zaten MySQL'de ID: 228 (Books/b-Library_Hzm-20260601T230631Z-3-001/b-Library_Hzm/Çocuklar için-Hzm/Sahabe Hayatından/2-Saadet-Asrinda-Resulullah-Sevgisi-Sahabe-Hayatindan-Mustuy.pdf) olarak kayıtlı.
4-saadet-asrinda-Fedakarlik-ve-sabir-mustuy.pdf,Books/b-Library_Hzm-20260601T230631Z-3-002/b-Library_Hzm/Çocuklar için-Hzm/Saadet Asrı-Çocuk/4-saadet-asrinda-Fedakarlik-ve-sabir-mustuy.pdf,Mükerrer / Kopya Dosya,.pdf,434148,0.41 MB,73915b16d1ce9e228094691b491914cecc8b7e58a23ade7531c5854d09613d20,229,Books/b-Library_Hzm-20260601T230631Z-3-001/b-Library_Hzm/Çocuklar için-Hzm/Sahabe Hayatından/4-Saadet-Asrinda-Fedakarlik-Ve-Sabir-Sahabe-Hayatindan-Mustuy.pdf,Mükerrer Kopya: Bu içerik zaten MySQL'de ID: 229 (Books/b-Library_Hzm-20260601T230631Z-3-001/b-Library_Hzm/Çocuklar için-Hzm/Sahabe Hayatından/4-Saadet-Asrinda-Fedakarlik-Ve-Sabir-Sahabe-Hayatindan-Mustuy.pdf) olarak kayıtlı.
100-Soruda-Ahiret-Hayat-U0131.pdf,Books/b-Library_Hzm-20260601T235628Z-3-001/b-Library_Hzm/100-Soruda-Ahiret-Hayat-U0131.pdf,Mükerrer / Kopya Dosya,.pdf,1867776,1.78 MB,9015728606c2f14e48bba9d61619172cd543a5e5f058e1fe02d4969b9b164d28,1,Books/b-Library_Hzm-20260601T230631Z-3-001/b-Library_Hzm/100-Soruda-Ahiret-Hayat-U0131.pdf,Mükerrer Kopya: Bu içerik zaten MySQL'de ID: 1 (Books/b-Library_Hzm-20260601T230631Z-3-001/b-Library_Hzm/100-Soruda-Ahiret-Hayat-U0131.pdf) olarak kayıtlı.
A.Aymaz-Citlembik-6-Anadolunun-en-Buyuk-Sadakasi-IsikYayinlari.pdf,Books/b-Library_Hzm-20260601T235628Z-3-001/b-Library_Hzm/A.Aymaz/A.Aymaz-Citlembik-6-Anadolunun-en-Buyuk-Sadakasi-IsikYayinlari.pdf,Mükerrer / Kopya Dosya,.pdf,726217,0.69 MB,880aa76619926c6f40a72ecda6830ab053f7e2c809784c1a95a9cba19ceea207,10,Books/b-Library_Hzm-20260601T230631Z-3-001/b-Library_Hzm/A.Aymaz/A.Aymaz-Citlembik-6-Anadolunun-en-Buyuk-Sadakasi-IsikYayinlari.pdf,Mükerrer Kopya: Bu içerik zaten MySQL'de ID: 10 (Books/b-Library_Hzm-20260601T230631Z-3-001/b-Library_Hzm/A.Aymaz/A.Aymaz-Citlembik-6-Anadolunun-en-Buyuk-Sadakasi-IsikYayinlari.pdf) olarak kayıtlı.
A.Aymaz-Gunumuz-Yusuflarina-IsikYayinlari.pdf,Books/b-Library_Hzm-20260601T235628Z-3-001/b-Library_Hzm/A.Aymaz/A.Aymaz-Gunumuz-Yusuflarina-IsikYayinlari.pdf,Mükerrer / Kopya Dosya,.pdf,250061,0.24 MB,319d2e360578a8cb7fbb42ffcc097ac46b57d0271af16561b6b15a344ebba64b,11,Books/b-Library_Hzm-20260601T230631Z-3-001/b-Library_Hzm/A.Aymaz/A.Aymaz-Gunumuz-Yusuflarina-IsikYayinlari.pdf,Mükerrer Kopya: Bu içerik zaten MySQL'de ID: 11 (Books/b-Library_Hzm-20260601T230631Z-3-001/b-Library_Hzm/A.Aymaz/A.Aymaz-Gunumuz-Yusuflarina-IsikYayinlari.pdf) olarak kayıtlı.
A.Aymaz-Soz-Saati-IsikYayinlari.pdf,Books/b-Library_Hzm-20260601T235628Z-3-001/b-Library_Hzm/A.Aymaz/A.Aymaz-Soz-Saati-IsikYayinlari.pdf,Mükerrer / Kopya Dosya,.pdf,691896,0.66 MB,674ce2e37ee29bdf5fc688f9a08a64ec852880beaf31df883bebe5bd02ad2367,12,Books/b-Library_Hzm-20260601T230631Z-3-001/b-Library_Hzm/A.Aymaz/A.Aymaz-Soz-Saati-IsikYayinlari.pdf,Mükerrer Kopya: Bu içerik zaten MySQL'de ID: 12 (Books/b-Library_Hzm-20260601T230631Z-3-001/b-Library_Hzm/A.Aymaz/A.Aymaz-Soz-Saati-IsikYayinlari.pdf) olarak kayıtlı.
A.Aymaz-Zor-Zamanlar.pdf,Books/b-Library_Hzm-20260601T235628Z-3-001/b-Library_Hzm/A.Aymaz/A.Aymaz-Zor-Zamanlar.pdf,Mükerrer / Kopya Dosya,.pdf,1991715,1.90 MB,095e4615824c031f00600b817ffc7ff29a891b4254b0e88bd1aab6754c528e9b,13,Books/b-Library_Hzm-20260601T230631Z-3-001/b-Library_Hzm/A.Aymaz/A.Aymaz-Zor-Zamanlar.pdf,Mükerrer Kopya: Bu içerik zaten MySQL'de ID: 13 (Books/b-Library_Hzm-20260601T230631Z-3-001/b-Library_Hzm/A.Aymaz/A.Aymaz-Zor-Zamanlar.pdf) olarak kayıtlı.
Saffet-Senih-Ibadetin-Getirdikleri-IsikYayinlari-pdf.pdf,Books/b-Library_Hzm-20260601T235628Z-3-001/b-Library_Hzm/A.Aymaz/Saffet-Senih-Ibadetin-Getirdikleri-IsikYayinlari-pdf.pdf,Mükerrer / Kopya Dosya,.pdf,497917,0.47 MB,69074622352e7b2bfa6aefeab87dda4fb6aafef2c1d982f91315063ebc75034f,14,Books/b-Library_Hzm-20260601T230631Z-3-001/b-Library_Hzm/A.Aymaz/Saffet-Senih-Ibadetin-Getirdikleri-IsikYayinlari-pdf.pdf,Mükerrer Kopya: Bu içerik zaten MySQL'de ID: 14 (Books/b-Library_Hzm-20260601T230631Z-3-001/b-Library_Hzm/A.Aymaz/Saffet-Senih-Ibadetin-Getirdikleri-IsikYayinlari-pdf.pdf) olarak kayıtlı.
Ahirzaman-ve-Kiyamet-Alametleri-Ayhan-Tekines (1).pdf,Books/b-Library_Hzm-20260601T235628Z-3-001/b-Library_Hzm/Ahirzaman-ve-Kiyamet-Alametleri-Ayhan-Tekines (1).pdf,Mükerrer / Kopya Dosya,.pdf,901576,0.86 MB,d69361264ec840c6932ab884896e431ce3dd9e14b68c449393b9f4b3e7c20fea,15,Books/b-Library_Hzm-20260601T230631Z-3-001/b-Library_Hzm/Ahirzaman-ve-Kiyamet-Alametleri-Ayhan-Tekines (1).pdf,Mükerrer Kopya: Bu içerik zaten MySQL'de ID: 15 (Books/b-Library_Hzm-20260601T230631Z-3-001/b-Library_Hzm/Ahirzaman-ve-Kiyamet-Alametleri-Ayhan-Tekines (1).pdf) olarak kayıtlı.
Diyalogun-Dini-Ve-Tarihi-Temelleri-Yeni-Umit.pdf,Books/b-Library_Hzm-20260601T235628Z-3-001/b-Library_Hzm/Diyalog/Diyalogun-Dini-Ve-Tarihi-Temelleri-Yeni-Umit.pdf,Mükerrer / Kopya Dosya,.pdf,946160,0.90 MB,b6cd1dfd4caa4abba709b5d53506ac323bc668f596474336c0ac607fc23a70d9,25,Books/b-Library_Hzm-20260601T230631Z-3-001/b-Library_Hzm/Diyalog/Diyalogun-Dini-Ve-Tarihi-Temelleri-Yeni-Umit.pdf,Mükerrer Kopya: Bu içerik zaten MySQL'de ID: 25 (Books/b-Library_Hzm-20260601T230631Z-3-001/b-Library_Hzm/Diyalog/Diyalogun-Dini-Ve-Tarihi-Temelleri-Yeni-Umit.pdf) olarak kayıtlı.
Efendiler-Efendisine-salat-ve-selam-mehmet-y-seker-isikyayinlari.pdf,Books/b-Library_Hzm-20260601T235628Z-3-001/b-Library_Hzm/Dua-Hzm/Efendiler-Efendisine-salat-ve-selam-mehmet-y-seker-isikyayinlari.pdf,Mükerrer / Kopya Dosya,.pdf,759074,0.72 MB,371eee5d55579ccdcb5934f0698437cd3313a5157fc0ed3545936c105507bb2c,1401,Books/b-Library_Hzm-20260601T230631Z-3-002/b-Library_Hzm/Dua-Hzm/Efendiler-Efendisine-salat-ve-selam-mehmet-y-seker-isikyayinlari.pdf,Mükerrer Kopya: Bu içerik zaten MySQL'de ID: 1401 (Books/b-Library_Hzm-20260601T230631Z-3-002/b-Library_Hzm/Dua-Hzm/Efendiler-Efendisine-salat-ve-selam-mehmet-y-seker-isikyayinlari.pdf) olarak kayıtlı.
Eninu_l Kalb.pdf,Books/b-Library_Hzm-20260601T235628Z-3-001/b-Library_Hzm/Dua-Hzm/Eninu_l Kalb.pdf,Mükerrer / Kopya Dosya,.pdf,991208,0.95 MB,f7a248efd8e975110f659d5455bf5d3f301ed24bf3a58b4b98b55a7020156dba,1402,Books/b-Library_Hzm-20260601T230631Z-3-002/b-Library_Hzm/Dua-Hzm/Eninu_l Kalb.pdf,Mükerrer Kopya: Bu içerik zaten MySQL'de ID: 1402 (Books/b-Library_Hzm-20260601T230631Z-3-002/b-Library_Hzm/Dua-Hzm/Eninu_l Kalb.pdf) olarak kayıtlı.
HE_Evradı_Son_Hali 1.pdf,Books/b-Library_Hzm-20260601T235628Z-3-001/b-Library_Hzm/Dua-Hzm/HE_Evradı_Son_Hali 1.pdf,Mükerrer / Kopya Dosya,.pdf,17903152,17.07 MB,3981c7c9998e5f45e196207b61ad5483f4db5d941d0f9ee2d38e18431a6907a1,1403,Books/b-Library_Hzm-20260601T230631Z-3-002/b-Library_Hzm/Dua-Hzm/HE_Evradı_Son_Hali 1.pdf,Mükerrer Kopya: Bu içerik zaten MySQL'de ID: 1403 (Books/b-Library_Hzm-20260601T230631Z-3-002/b-Library_Hzm/Dua-Hzm/HE_Evradı_Son_Hali 1.pdf) olarak kayıtlı.
Tevhidname-Eninül Kalb.pdf,Books/b-Library_Hzm-20260601T235628Z-3-001/b-Library_Hzm/Dua-Hzm/Tevhidname-Eninül Kalb.pdf,Mükerrer / Kopya Dosya,.pdf,3077466,2.93 MB,e431e8b353cb0195f148c23f8be7f3ff5d87a6b55869e5c133a49da46f5f1891,1404,Books/b-Library_Hzm-20260601T230631Z-3-002/b-Library_Hzm/Dua-Hzm/Tevhidname-Eninül Kalb.pdf,Mükerrer Kopya: Bu içerik zaten MySQL'de ID: 1404 (Books/b-Library_Hzm-20260601T230631Z-3-002/b-Library_Hzm/Dua-Hzm/Tevhidname-Eninül Kalb.pdf) olarak kayıtlı.
ayetlerde_dua.pdf,Books/b-Library_Hzm-20260601T235628Z-3-001/b-Library_Hzm/Dua-Hzm/ayetlerde_dua.pdf,Mükerrer / Kopya Dosya,.pdf,171271,0.16 MB,216ae5ae1b12c850cc49e66165680907737577a72c3641f4b952967ecd07de35,26,Books/b-Library_Hzm-20260601T230631Z-3-001/b-Library_Hzm/Dua-Hzm/ayetlerde_dua.pdf,Mükerrer Kopya: Bu içerik zaten MySQL'de ID: 26 (Books/b-Library_Hzm-20260601T230631Z-3-001/b-Library_Hzm/Dua-Hzm/ayetlerde_dua.pdf) olarak kayıtlı.
bir-kutsi-dilekce-dua-selman-unlu-rehberyayinlari.pdf,Books/b-Library_Hzm-20260601T235628Z-3-001/b-Library_Hzm/Dua-Hzm/bir-kutsi-dilekce-dua-selman-unlu-rehberyayinlari.pdf,Mükerrer / Kopya Dosya,.pdf,855086,0.82 MB,7b65e0eaf8ba03cbbffe5becc5e1bf22e11d8e4f3b6971fa76b665101ff1f993,1406,Books/b-Library_Hzm-20260601T230631Z-3-002/b-Library_Hzm/Dua-Hzm/bir-kutsi-dilekce-dua-selman-unlu-rehberyayinlari.pdf,Mükerrer Kopya: Bu içerik zaten MySQL'de ID: 1406 (Books/b-Library_Hzm-20260601T230631Z-3-002/b-Library_Hzm/Dua-Hzm/bir-kutsi-dilekce-dua-selman-unlu-rehberyayinlari.pdf) olarak kayıtlı.
dua-ufku-m-f-gulen.pdf,Books/b-Library_Hzm-20260601T235628Z-3-001/b-Library_Hzm/Dua-Hzm/dua-ufku-m-f-gulen.pdf,Mükerrer / Kopya Dosya,.pdf,760427,0.73 MB,4a590caa6d80584bbb8731c4d933d70cbc9138f071c2db53c60953719020826b,27,Books/b-Library_Hzm-20260601T230631Z-3-001/b-Library_Hzm/Dua-Hzm/dua-ufku-m-f-gulen.pdf,Mükerrer Kopya: Bu içerik zaten MySQL'de ID: 27 (Books/b-Library_Hzm-20260601T230631Z-3-001/b-Library_Hzm/Dua-Hzm/dua-ufku-m-f-gulen.pdf) olarak kayıtlı.
hadislerde_dua.pdf,Books/b-Library_Hzm-20260601T235628Z-3-001/b-Library_Hzm/Dua-Hzm/hadislerde_dua.pdf,Mükerrer / Kopya Dosya,.pdf,251907,0.24 MB,321021975d31b7eb3ac950fc853c14af237a73f30bcc67e5b65fb12aae163ffc,1407,Books/b-Library_Hzm-20260601T230631Z-3-002/b-Library_Hzm/Dua-Hzm/hadislerde_dua.pdf,Mükerrer Kopya: Bu içerik zaten MySQL'de ID: 1407 (Books/b-Library_Hzm-20260601T230631Z-3-002/b-Library_Hzm/Dua-Hzm/hadislerde_dua.pdf) olarak kayıtlı.
kuranda-dua-iklimi.pdf,Books/b-Library_Hzm-20260601T235628Z-3-001/b-Library_Hzm/Dua-Hzm/kuranda-dua-iklimi.pdf,Mükerrer / Kopya Dosya,.pdf,949265,0.91 MB,f2ed6735f859bb22ff391aecb9d5c54d6f629d06d32f0981ff478069a50c5964,1408,Books/b-Library_Hzm-20260601T230631Z-3-002/b-Library_Hzm/Dua-Hzm/kuranda-dua-iklimi.pdf,Mükerrer Kopya: Bu içerik zaten MySQL'de ID: 1408 (Books/b-Library_Hzm-20260601T230631Z-3-002/b-Library_Hzm/Dua-Hzm/kuranda-dua-iklimi.pdf) olarak kayıtlı.
yanik-sinelerden-dualar-mustafa-yilmaz-defineyayinlari.pdf,Books/b-Library_Hzm-20260601T235628Z-3-001/b-Library_Hzm/Dua-Hzm/yanik-sinelerden-dualar-mustafa-yilmaz-defineyayinlari.pdf,Mükerrer / Kopya Dosya,.pdf,1108648,1.06 MB,a36a40d8b98d47a99ee291b15d3e3376909d6bebc395e903be0d012df8b8caa4,29,Books/b-Library_Hzm-20260601T230631Z-3-001/b-Library_Hzm/Dua-Oku/Mustafa Yilmaz - Yanik Sinelerden Dualar - DefineYayinlari (Mustafa Yilmaz) (z-lib.org).pdf,Mükerrer Kopya: Bu içerik zaten MySQL'de ID: 29 (Books/b-Library_Hzm-20260601T230631Z-3-001/b-Library_Hzm/Dua-Oku/Mustafa Yilmaz - Yanik Sinelerden Dualar - DefineYayinlari (Mustafa Yilmaz) (z-lib.org).pdf) olarak kayıtlı.
Efendimiz Sav-1-resit-haylamaz.pdf,Books/b-Library_Hzm-20260601T235628Z-3-001/b-Library_Hzm/Efendimiz_in Sav Hayatı-Hzm/Efendimiz Sav-1-resit-haylamaz.pdf,Mükerrer / Kopya Dosya,.pdf,2180489,2.08 MB,9a55b35af29fd64ef6557d1c9ebdf4c56ed621c16fa0cb058db47a98d408b476,53,Books/b-Library_Hzm-20260601T230631Z-3-001/b-Library_Hzm/Efendimiz_in Sav Hayatı-Hzm/Efendimiz Sav-1-resit-haylamaz.pdf,Mükerrer Kopya: Bu içerik zaten MySQL'de ID: 53 (Books/b-Library_Hzm-20260601T230631Z-3-001/b-Library_Hzm/Efendimiz_in Sav Hayatı-Hzm/Efendimiz Sav-1-resit-haylamaz.pdf) olarak kayıtlı.
Efendimiz Sav-2-resit-haylamaz.pdf,Books/b-Library_Hzm-20260601T235628Z-3-001/b-Library_Hzm/Efendimiz_in Sav Hayatı-Hzm/Efendimiz Sav-2-resit-haylamaz.pdf,Mükerrer / Kopya Dosya,.pdf,2680271,2.56 MB,1c635b144de05fcbd5a84ebb0f869955a12134047905ce3c78d6107501f2800b,54,Books/b-Library_Hzm-20260601T230631Z-3-001/b-Library_Hzm/Efendimiz_in Sav Hayatı-Hzm/Efendimiz Sav-2-resit-haylamaz.pdf,Mükerrer Kopya: Bu içerik zaten MySQL'de ID: 54 (Books/b-Library_Hzm-20260601T230631Z-3-001/b-Library_Hzm/Efendimiz_in Sav Hayatı-Hzm/Efendimiz Sav-2-resit-haylamaz.pdf) olarak kayıtlı.
Efendimiz Sav-muhtasar-resit-haylamaz-mustuy.pdf,Books/b-Library_Hzm-20260601T235628Z-3-001/b-Library_Hzm/Efendimiz_in Sav Hayatı-Hzm/Efendimiz Sav-muhtasar-resit-haylamaz-mustuy.pdf,Mükerrer / Kopya Dosya,.pdf,2058548,1.96 MB,687ca337cc0ea8444223410bc9ec050ea1c923d58fa6718eb4e9c4a2b7791e58,55,Books/b-Library_Hzm-20260601T230631Z-3-001/b-Library_Hzm/Efendimiz_in Sav Hayatı-Hzm/Efendimiz Sav-muhtasar-resit-haylamaz-mustuy.pdf,Mükerrer Kopya: Bu içerik zaten MySQL'de ID: 55 (Books/b-Library_Hzm-20260601T230631Z-3-001/b-Library_Hzm/Efendimiz_in Sav Hayatı-Hzm/Efendimiz Sav-muhtasar-resit-haylamaz-mustuy.pdf) olarak kayıtlı.
Hz Muhammed-Sav-ve-İslamiyet-Asım Köksal-.pdf,Books/b-Library_Hzm-20260601T235628Z-3-001/b-Library_Hzm/Efendimiz_in Sav Hayatı-Hzm/Hz Muhammed-Sav-ve-İslamiyet-Asım Köksal-.pdf,Mükerrer / Kopya Dosya,.pdf,3406415,3.25 MB,b0ce87d25cd5b1bbe2191f448c6ba36ceaceee8e5fafb663d4037d906aaefdd7,56,Books/b-Library_Hzm-20260601T230631Z-3-001/b-Library_Hzm/Efendimiz_in Sav Hayatı-Hzm/Hz Muhammed-Sav-ve-İslamiyet-Asım Köksal-.pdf,Mükerrer Kopya: Bu içerik zaten MySQL'de ID: 56 (Books/b-Library_Hzm-20260601T230631Z-3-001/b-Library_Hzm/Efendimiz_in Sav Hayatı-Hzm/Hz Muhammed-Sav-ve-İslamiyet-Asım Köksal-.pdf) olarak kayıtlı.
M-Asım-Koksal-Hazreti-Muhammed-S-A-V-ve-İslamiyet-İslam-Tarihi-1-2-.pdf,Books/b-Library_Hzm-20260601T235628Z-3-001/b-Library_Hzm/Efendimiz_in Sav Hayatı-Hzm/M-Asım-Koksal-Hazreti-Muhammed-S-A-V-ve-İslamiyet-İslam-Tarihi-1-2-.pdf,Mükerrer / Kopya Dosya,.pdf,3916292,3.73 MB,be02d830a5c49e1853852e75b4fac40dd712a8c93674705e8a996005d80e2f42,57,Books/b-Library_Hzm-20260601T230631Z-3-001/b-Library_Hzm/Efendimiz_in Sav Hayatı-Hzm/M-Asım-Koksal-Hazreti-Muhammed-S-A-V-ve-İslamiyet-İslam-Tarihi-1-2-.pdf,Mükerrer Kopya: Bu içerik zaten MySQL'de ID: 57 (Books/b-Library_Hzm-20260601T230631Z-3-001/b-Library_Hzm/Efendimiz_in Sav Hayatı-Hzm/M-Asım-Koksal-Hazreti-Muhammed-S-A-V-ve-İslamiyet-İslam-Tarihi-1-2-.pdf) olarak kayıtlı.
M-Asım-Koksal-Hazreti-Muhammed-S-A-V-ve-İslamiyet-İslam-Tarihi-5-6-PDFDrive-com-pdf.pdf,Books/b-Library_Hzm-20260601T235628Z-3-001/b-Library_Hzm/Efendimiz_in Sav Hayatı-Hzm/M-Asım-Koksal-Hazreti-Muhammed-S-A-V-ve-İslamiyet-İslam-Tarihi-5-6-PDFDrive-com-pdf.pdf,Mükerrer / Kopya Dosya,.pdf,5812737,5.54 MB,5d4eac93ff9f5d2dcb46b2f557c937683a068a29736224583c47b497ed9ad194,58,Books/b-Library_Hzm-20260601T230631Z-3-001/b-Library_Hzm/Efendimiz_in Sav Hayatı-Hzm/M-Asım-Koksal-Hazreti-Muhammed-S-A-V-ve-İslamiyet-İslam-Tarihi-5-6-PDFDrive-com-pdf.pdf,Mükerrer Kopya: Bu içerik zaten MySQL'de ID: 58 (Books/b-Library_Hzm-20260601T230631Z-3-001/b-Library_Hzm/Efendimiz_in Sav Hayatı-Hzm/M-Asım-Koksal-Hazreti-Muhammed-S-A-V-ve-İslamiyet-İslam-Tarihi-5-6-PDFDrive-com-pdf.pdf) olarak kayıtlı.
KURAN-OKUMA-SANATI.pdf,Books/b-Library_Hzm-20260601T235628Z-3-001/b-Library_Hzm/ElifBa-Tecvid-Hzm/KURAN-OKUMA-SANATI.pdf,Mükerrer / Kopya Dosya,.pdf,1010438,0.96 MB,a1e9c5402741f0b734f56d4474f73f3e1adddf89c33222d8acb051194b40726a,60,Books/b-Library_Hzm-20260601T230631Z-3-001/b-Library_Hzm/ElifBa-Tecvid-Hzm/KURAN-OKUMA-SANATI.pdf,Mükerrer Kopya: Bu içerik zaten MySQL'de ID: 60 (Books/b-Library_Hzm-20260601T230631Z-3-001/b-Library_Hzm/ElifBa-Tecvid-Hzm/KURAN-OKUMA-SANATI.pdf) olarak kayıtlı.
Kur_an Harflerinin-mahrec-cekimi.pdf,Books/b-Library_Hzm-20260601T235628Z-3-001/b-Library_Hzm/ElifBa-Tecvid-Hzm/Kur_an Harflerinin-mahrec-cekimi.pdf,Mükerrer / Kopya Dosya,.pdf,451125,0.43 MB,7041b7844d2fedd6a79f2ba5444bd9247a09bb06c7e906719c0cc79342b57f5a,61,Books/b-Library_Hzm-20260601T230631Z-3-001/b-Library_Hzm/ElifBa-Tecvid-Hzm/Kur_an Harflerinin-mahrec-cekimi.pdf,Mükerrer Kopya: Bu içerik zaten MySQL'de ID: 61 (Books/b-Library_Hzm-20260601T230631Z-3-001/b-Library_Hzm/ElifBa-Tecvid-Hzm/Kur_an Harflerinin-mahrec-cekimi.pdf) olarak kayıtlı.
Tecvid-uygulamali-kurani-kerim-elifbasi-defineyayinlari.pdf,Books/b-Library_Hzm-20260601T235628Z-3-001/b-Library_Hzm/ElifBa-Tecvid-Hzm/Tecvid-uygulamali-kurani-kerim-elifbasi-defineyayinlari.pdf,Mükerrer / Kopya Dosya,.pdf,30452443,29.04 MB,72a0d5bb9c0172eb073afb3eb53aef0d2d908edc660bdc97c16479f955e726f0,62,Books/b-Library_Hzm-20260601T230631Z-3-001/b-Library_Hzm/ElifBa-Tecvid-Hzm/Tecvid-uygulamali-kurani-kerim-elifbasi-defineyayinlari.pdf,Mükerrer Kopya: Bu içerik zaten MySQL'de ID: 62 (Books/b-Library_Hzm-20260601T230631Z-3-001/b-Library_Hzm/ElifBa-Tecvid-Hzm/Tecvid-uygulamali-kurani-kerim-elifbasi-defineyayinlari.pdf) olarak kayıtlı.
kur-an-elifbasi-ilmihalli-mustuy.pdf,Books/b-Library_Hzm-20260601T235628Z-3-001/b-Library_Hzm/ElifBa-Tecvid-Hzm/kur-an-elifbasi-ilmihalli-mustuy.pdf,Mükerrer / Kopya Dosya,.pdf,44731119,42.66 MB,f22659eb49cd029af3414084586d4ff3d0dc95a6b64882e3ba498cb5cb6477ac,63,Books/b-Library_Hzm-20260601T230631Z-3-001/b-Library_Hzm/ElifBa-Tecvid-Hzm/kur-an-elifbasi-ilmihalli-mustuy.pdf,Mükerrer Kopya: Bu içerik zaten MySQL'de ID: 63 (Books/b-Library_Hzm-20260601T230631Z-3-001/b-Library_Hzm/ElifBa-Tecvid-Hzm/kur-an-elifbasi-ilmihalli-mustuy.pdf) olarak kayıtlı.
tecvid-kitabi.pdf,Books/b-Library_Hzm-20260601T235628Z-3-001/b-Library_Hzm/ElifBa-Tecvid-Hzm/tecvid-kitabi.pdf,Mükerrer / Kopya Dosya,.pdf,1856966,1.77 MB,1a3f7bb6bcd16c21e5fe1b2fac6e9112bc0f322270558b465f457d7c6ccce548,64,Books/b-Library_Hzm-20260601T230631Z-3-001/b-Library_Hzm/ElifBa-Tecvid-Hzm/tecvid-kitabi.pdf,Mükerrer Kopya: Bu içerik zaten MySQL'de ID: 64 (Books/b-Library_Hzm-20260601T230631Z-3-001/b-Library_Hzm/ElifBa-Tecvid-Hzm/tecvid-kitabi.pdf) olarak kayıtlı.
110-Soruda-Yaratilis-ve-Evrim-Tartismasi-Arif-Sarsilmaz-AltinBurcYayinlari-pdf.pdf,Books/b-Library_Hzm-20260601T235628Z-3-001/b-Library_Hzm/Evrim-Hzm/110-Soruda-Yaratilis-ve-Evrim-Tartismasi-Arif-Sarsilmaz-AltinBurcYayinlari-pdf.pdf,Mükerrer / Kopya Dosya,.pdf,35529086,33.88 MB,7b3c6d0bdf14526282837887a6e7eddd84e6fcddb68ee9bb5db34d49c59eeaf2,65,Books/b-Library_Hzm-20260601T230631Z-3-001/b-Library_Hzm/Evrim-Hzm/110-Soruda-Yaratilis-ve-Evrim-Tartismasi-Arif-Sarsilmaz-AltinBurcYayinlari-pdf.pdf,Mükerrer Kopya: Bu içerik zaten MySQL'de ID: 65 (Books/b-Library_Hzm-20260601T230631Z-3-001/b-Library_Hzm/Evrim-Hzm/110-Soruda-Yaratilis-ve-Evrim-Tartismasi-Arif-Sarsilmaz-AltinBurcYayinlari-pdf.pdf) olarak kayıtlı.
Insanlik-Tarihi-Boyunca-Evrim-Adem-Tatli.pdf,Books/b-Library_Hzm-20260601T235628Z-3-001/b-Library_Hzm/Evrim-Hzm/Insanlik-Tarihi-Boyunca-Evrim-Adem-Tatli.pdf,Mükerrer / Kopya Dosya,.pdf,1078266,1.03 MB,3ecbee81b022dd2faf5d0368a6ff9ccc3d1ac5d992d83e37ef0d255c8ca4e806,66,Books/b-Library_Hzm-20260601T230631Z-3-001/b-Library_Hzm/Evrim-Hzm/Insanlik-Tarihi-Boyunca-Evrim-Adem-Tatli.pdf,Mükerrer Kopya: Bu içerik zaten MySQL'de ID: 66 (Books/b-Library_Hzm-20260601T230631Z-3-001/b-Library_Hzm/Evrim-Hzm/Insanlik-Tarihi-Boyunca-Evrim-Adem-Tatli.pdf) olarak kayıtlı.
Hanefi-Fıkhı-1-Vehbe-Zuhayli.pdf,Books/b-Library_Hzm-20260601T235628Z-3-001/b-Library_Hzm/Fikİh-Vehbe-Zuhayli-ZAMAN/Hanefi-Fıkhı-1-Vehbe-Zuhayli.pdf,Mükerrer / Kopya Dosya,.pdf,4056974,3.87 MB,484783946b6f472874cd1e6d1d4f27f4a5a80b777d2f2c104fceca32d7648181,1423,Books/b-Library_Hzm-20260601T230631Z-3-002/b-Library_Hzm/Fikİh-Vehbe-Zuhayli-ZAMAN/Hanefi-Fıkhı-1-Vehbe-Zuhayli.pdf,Mükerrer Kopya: Bu içerik zaten MySQL'de ID: 1423 (Books/b-Library_Hzm-20260601T230631Z-3-002/b-Library_Hzm/Fikİh-Vehbe-Zuhayli-ZAMAN/Hanefi-Fıkhı-1-Vehbe-Zuhayli.pdf) olarak kayıtlı.
Vehbe Zuhayli - İslâm Fıkhı Ansiklopedisi Cilt-05.pdf,Books/b-Library_Hzm-20260601T235628Z-3-001/b-Library_Hzm/Fikİh-Vehbe-Zuhayli-ZAMAN/Vehbe Zuhayli - İslâm Fıkhı Ansiklopedisi Cilt-05.pdf,Mükerrer / Kopya Dosya,.pdf,22566539,21.52 MB,9d3c8ffa973c0a36d2ec92b06d2cd2b5061292c47c1bb5f9c166d93364311f6c,1428,Books/b-Library_Hzm-20260601T230631Z-3-002/b-Library_Hzm/Fikİh-Vehbe-Zuhayli-ZAMAN/Vehbe Zuhayli - İslâm Fıkhı Ansiklopedisi Cilt-05.pdf,Mükerrer Kopya: Bu içerik zaten MySQL'de ID: 1428 (Books/b-Library_Hzm-20260601T230631Z-3-002/b-Library_Hzm/Fikİh-Vehbe-Zuhayli-ZAMAN/Vehbe Zuhayli - İslâm Fıkhı Ansiklopedisi Cilt-05.pdf) olarak kayıtlı.
Sorularla-Acilan-Pencereler-1-MustuY.pdf,Books/b-Library_Hzm-20260601T235628Z-3-001/b-Library_Hzm/Gençler için-Hzm/Sorularla-Acilan-Pencereler-1-MustuY.pdf,Mükerrer / Kopya Dosya,.pdf,754519,0.72 MB,001c8dc088fccf2488eff17039538e3aa80202dd27b089866e33ddaf1e76f0ab,67,Books/b-Library_Hzm-20260601T230631Z-3-001/b-Library_Hzm/Gençler için-Hzm/Sorularla-Acilan-Pencereler-1-MustuY.pdf,Mükerrer Kopya: Bu içerik zaten MySQL'de ID: 67 (Books/b-Library_Hzm-20260601T230631Z-3-001/b-Library_Hzm/Gençler için-Hzm/Sorularla-Acilan-Pencereler-1-MustuY.pdf) olarak kayıtlı.
gencin-yol-rehberi-1-mustuy.pdf,Books/b-Library_Hzm-20260601T235628Z-3-001/b-Library_Hzm/Gençler için-Hzm/gencin-yol-rehberi-1-mustuy.pdf,Mükerrer / Kopya Dosya,.pdf,15713893,14.99 MB,d9712bd0b6cbeab3479b65dcf51e8035c8b2e094b3f4923cad94f318130212cb,68,Books/b-Library_Hzm-20260601T230631Z-3-001/b-Library_Hzm/Gençler için-Hzm/gencin-yol-rehberi-1-mustuy.pdf,Mükerrer Kopya: Bu içerik zaten MySQL'de ID: 68 (Books/b-Library_Hzm-20260601T230631Z-3-001/b-Library_Hzm/Gençler için-Hzm/gencin-yol-rehberi-1-mustuy.pdf) olarak kayıtlı.
gencin-yol-rehberi-2-mustuy.pdf,Books/b-Library_Hzm-20260601T235628Z-3-001/b-Library_Hzm/Gençler için-Hzm/gencin-yol-rehberi-2-mustuy.pdf,Mükerrer / Kopya Dosya,.pdf,139498478,133.04 MB,ff587cbe2290a914d07e06a404c3893cb7b6697d1a98d0ec290153d8cef27ad2,1434,Books/b-Library_Hzm-20260601T230631Z-3-002/b-Library_Hzm/Gençler için-Hzm/gencin-yol-rehberi-2-mustuy.pdf,Mükerrer Kopya: Bu içerik zaten MySQL'de ID: 1434 (Books/b-Library_Hzm-20260601T230631Z-3-002/b-Library_Hzm/Gençler için-Hzm/gencin-yol-rehberi-2-mustuy.pdf) olarak kayıtlı.
genclere-pirlanta-olculer-1-m-fethullah-gulen-mustuy.pdf,Books/b-Library_Hzm-20260601T235628Z-3-001/b-Library_Hzm/Gençler için-Hzm/genclere-pirlanta-olculer-1-m-fethullah-gulen-mustuy.pdf,Mükerrer / Kopya Dosya,.pdf,6786365,6.47 MB,2ad9de36acb59806bdd49a37a0e83061507eaa3d2f6b68a1433655756ad63793,69,Books/b-Library_Hzm-20260601T230631Z-3-001/b-Library_Hzm/Gençler için-Hzm/genclere-pirlanta-olculer-1-m-fethullah-gulen-mustuy.pdf,Mükerrer Kopya: Bu içerik zaten MySQL'de ID: 69 (Books/b-Library_Hzm-20260601T230631Z-3-001/b-Library_Hzm/Gençler için-Hzm/genclere-pirlanta-olculer-1-m-fethullah-gulen-mustuy.pdf) olarak kayıtlı.
genclere-pirlanta-olculer-2-m-fethullah-gulen-mustuy.pdf,Books/b-Library_Hzm-20260601T235628Z-3-001/b-Library_Hzm/Gençler için-Hzm/genclere-pirlanta-olculer-2-m-fethullah-gulen-mustuy.pdf,Mükerrer / Kopya Dosya,.pdf,947876,0.90 MB,7a3fa10b9eb43e122307e127bb506cddb5afef23ca65459c4a59598343b8f39b,70,Books/b-Library_Hzm-20260601T230631Z-3-001/b-Library_Hzm/Gençler için-Hzm/genclere-pirlanta-olculer-2-m-fethullah-gulen-mustuy.pdf,Mükerrer Kopya: Bu içerik zaten MySQL'de ID: 70 (Books/b-Library_Hzm-20260601T230631Z-3-001/b-Library_Hzm/Gençler için-Hzm/genclere-pirlanta-olculer-2-m-fethullah-gulen-mustuy.pdf) olarak kayıtlı.
genclerle-nur-dersleri-1-mustuy.pdf,Books/b-Library_Hzm-20260601T235628Z-3-001/b-Library_Hzm/Gençler için-Hzm/genclerle-nur-dersleri-1-mustuy.pdf,Mükerrer / Kopya Dosya,.pdf,13545016,12.92 MB,252773e50cf076deb765f52032baac1506c2a3236394519cafed72a901fb7e71,71,Books/b-Library_Hzm-20260601T230631Z-3-001/b-Library_Hzm/Gençler için-Hzm/genclerle-nur-dersleri-1-mustuy.pdf,Mükerrer Kopya: Bu içerik zaten MySQL'de ID: 71 (Books/b-Library_Hzm-20260601T230631Z-3-001/b-Library_Hzm/Gençler için-Hzm/genclerle-nur-dersleri-1-mustuy.pdf) olarak kayıtlı.
genclerle-nur-dersleri-2-mustuy.pdf,Books/b-Library_Hzm-20260601T235628Z-3-001/b-Library_Hzm/Gençler için-Hzm/genclerle-nur-dersleri-2-mustuy.pdf,Mükerrer / Kopya Dosya,.pdf,13416113,12.79 MB,00973c48a41d0190e05596649a5346e4cb723711401d5dc84f68c8f7ae49d575,72,Books/b-Library_Hzm-20260601T230631Z-3-001/b-Library_Hzm/Gençler için-Hzm/genclerle-nur-dersleri-2-mustuy.pdf,Mükerrer Kopya: Bu içerik zaten MySQL'de ID: 72 (Books/b-Library_Hzm-20260601T230631Z-3-001/b-Library_Hzm/Gençler için-Hzm/genclerle-nur-dersleri-2-mustuy.pdf) olarak kayıtlı.
Fethullah Gülen Röportajı (Ekrem Dumanlı) (z-lib.org).epub,Books/b-Library_Hzm-20260601T235628Z-3-001/b-Library_Hzm/HE-Bio-Hzm/Fethullah Gülen Röportajı (Ekrem Dumanlı) (z-lib.org).epub,Mükerrer / Kopya Dosya,.epub,98204,0.09 MB,aa31b3391f60b2fbb4757364e739a16eccab4c7859d5271bea5d99ddf7fecc66,74,Books/b-Library_Hzm-20260601T230631Z-3-001/b-Library_Hzm/HE-Bio-Hzm/Fethullah Gülen Röportajı (Ekrem Dumanlı) (z-lib.org).epub,Mükerrer Kopya: Bu içerik zaten MySQL'de ID: 74 (Books/b-Library_Hzm-20260601T230631Z-3-001/b-Library_Hzm/HE-Bio-Hzm/Fethullah Gülen Röportajı (Ekrem Dumanlı) (z-lib.org).epub) olarak kayıtlı.
Fethullah-Gulenle-Amerika`da-bir-ay-Ismail-Unal.pdf,Books/b-Library_Hzm-20260601T235628Z-3-001/b-Library_Hzm/HE-Bio-Hzm/Fethullah-Gulenle-Amerika`da-bir-ay-Ismail-Unal.pdf,Mükerrer / Kopya Dosya,.pdf,9633008,9.19 MB,d7e69fc8e3ffa5bf602e49e0b7943b4eef3d4c5641d7e6d755576dfe910686a3,75,Books/b-Library_Hzm-20260601T230631Z-3-001/b-Library_Hzm/HE-Bio-Hzm/Fethullah-Gulenle-Amerika`da-bir-ay-Ismail-Unal.pdf,Mükerrer Kopya: Bu içerik zaten MySQL'de ID: 75 (Books/b-Library_Hzm-20260601T230631Z-3-001/b-Library_Hzm/HE-Bio-Hzm/Fethullah-Gulenle-Amerika`da-bir-ay-Ismail-Unal.pdf) olarak kayıtlı.
Fikir ve Aksiyon İnsanı Olarak Fethullah Gülen - Yüksel Çayıroğlu.pdf,Books/b-Library_Hzm-20260601T235628Z-3-001/b-Library_Hzm/HE-Bio-Hzm/Fikir ve Aksiyon İnsanı Olarak Fethullah Gülen - Yüksel Çayıroğlu.pdf,Mükerrer / Kopya Dosya,.pdf,13993109,13.34 MB,dbf20c6776637f0fc83159349966d0695c3db21729c071e61f3332f4fd913aad,76,Books/b-Library_Hzm-20260601T230631Z-3-001/b-Library_Hzm/HE-Bio-Hzm/Fikir ve Aksiyon İnsanı Olarak Fethullah Gülen - Yüksel Çayıroğlu.pdf,Mükerrer Kopya: Bu içerik zaten MySQL'de ID: 76 (Books/b-Library_Hzm-20260601T230631Z-3-001/b-Library_Hzm/HE-Bio-Hzm/Fikir ve Aksiyon İnsanı Olarak Fethullah Gülen - Yüksel Çayıroğlu.pdf) olarak kayıtlı.
Gurbette-Fethullah-Gulen-Nuriye-Akman.pdf,Books/b-Library_Hzm-20260601T235628Z-3-001/b-Library_Hzm/HE-Bio-Hzm/Gurbette-Fethullah-Gulen-Nuriye-Akman.pdf,Mükerrer / Kopya Dosya,.pdf,9905216,9.45 MB,833b49bb6ae652ff2f219c6ec68873353cb76ee4c92e0eaf7ae62e3661d22dba,77,Books/b-Library_Hzm-20260601T230631Z-3-001/b-Library_Hzm/HE-Bio-Hzm/Gurbette-Fethullah-Gulen-Nuriye-Akman.pdf,Mükerrer Kopya: Bu içerik zaten MySQL'de ID: 77 (Books/b-Library_Hzm-20260601T230631Z-3-001/b-Library_Hzm/HE-Bio-Hzm/Gurbette-Fethullah-Gulen-Nuriye-Akman.pdf) olarak kayıtlı.
Gurbetteki-Ogretmen-M-Fethulllah-Gulen-MustuY.pdf,Books/b-Library_Hzm-20260601T235628Z-3-001/b-Library_Hzm/HE-Bio-Hzm/Gurbetteki-Ogretmen-M-Fethulllah-Gulen-MustuY.pdf,Mükerrer / Kopya Dosya,.pdf,46651124,44.49 MB,cf535b502387ced35bb28d1eb98a7aacfe9aeb2af5dcda08f5d4829afa940e9a,78,Books/b-Library_Hzm-20260601T230631Z-3-001/b-Library_Hzm/HE-Bio-Hzm/Gurbetteki-Ogretmen-M-Fethulllah-Gulen-MustuY.pdf,Mükerrer Kopya: Bu içerik zaten MySQL'de ID: 78 (Books/b-Library_Hzm-20260601T230631Z-3-001/b-Library_Hzm/HE-Bio-Hzm/Gurbetteki-Ogretmen-M-Fethulllah-Gulen-MustuY.pdf) olarak kayıtlı.
İbretlik Hatıralar_Osman Şimşek.pdf,Books/b-Library_Hzm-20260601T235628Z-3-001/b-Library_Hzm/HE-Bio-Hzm/İbretlik Hatıralar_Osman Şimşek.pdf,Mükerrer / Kopya Dosya,.pdf,1276338,1.22 MB,4f6a042dd52510fd433c25dece9f4a8853dfe776fa52bfcc12724fc8c7b85364,79,Books/b-Library_Hzm-20260601T230631Z-3-001/b-Library_Hzm/HE-Bio-Hzm/İbretlik Hatıralar_Osman Şimşek.pdf,Mükerrer Kopya: Bu içerik zaten MySQL'de ID: 79 (Books/b-Library_Hzm-20260601T230631Z-3-001/b-Library_Hzm/HE-Bio-Hzm/İbretlik Hatıralar_Osman Şimşek.pdf) olarak kayıtlı.
Riyazu-s-Salihin-Işık-Yayınları-pdf.pdf,Books/b-Library_Hzm-20260601T235628Z-3-001/b-Library_Hzm/Hadis-Hzm/Riyazu-s-Salihin-Işık-Yayınları-pdf.pdf,Mükerrer / Kopya Dosya,.pdf,5775046,5.51 MB,d4a8fe41d088d0b1e36f49da0be4a098ff99ac447b06619dc94d0bad8f507499,80,Books/b-Library_Hzm-20260601T230631Z-3-001/b-Library_Hzm/Hadis-Hzm/Riyazu-s-Salihin-Işık-Yayınları-pdf.pdf,Mükerrer Kopya: Bu içerik zaten MySQL'de ID: 80 (Books/b-Library_Hzm-20260601T230631Z-3-001/b-Library_Hzm/Hadis-Hzm/Riyazu-s-Salihin-Işık-Yayınları-pdf.pdf) olarak kayıtlı.
Riyazus Salihin - Muhtasar.pdf,Books/b-Library_Hzm-20260601T235628Z-3-001/b-Library_Hzm/Hadis-Hzm/Riyazus Salihin - Muhtasar.pdf,Mükerrer / Kopya Dosya,.pdf,5723451,5.46 MB,e9f13f3cc37157df632bffc758708694c4013dcc5fc0cd37c79f50d3e7f91cee,81,Books/b-Library_Hzm-20260601T230631Z-3-001/b-Library_Hzm/Hadis-Hzm/Riyazus Salihin - Muhtasar.pdf,Mükerrer Kopya: Bu içerik zaten MySQL'de ID: 81 (Books/b-Library_Hzm-20260601T230631Z-3-001/b-Library_Hzm/Hadis-Hzm/Riyazus Salihin - Muhtasar.pdf) olarak kayıtlı.
Haris-El-Muhasibi-Er-Riaye-1.pdf,Books/b-Library_Hzm-20260601T235628Z-3-001/b-Library_Hzm/Haris-El-Muhasibi-Er-Riaye-1.pdf,Mükerrer / Kopya Dosya,.pdf,4882338,4.66 MB,9fb838bae55673de67dd1cec135dcd97a8acaf6528b602f4ed5032853210721c,82,Books/b-Library_Hzm-20260601T230631Z-3-001/b-Library_Hzm/Haris-El-Muhasibi-Er-Riaye-1.pdf,Mükerrer Kopya: Bu içerik zaten MySQL'de ID: 82 (Books/b-Library_Hzm-20260601T230631Z-3-001/b-Library_Hzm/Haris-El-Muhasibi-Er-Riaye-1.pdf) olarak kayıtlı.
Haris-El-Muhasibi-Kalb-Hayati-2.pdf,Books/b-Library_Hzm-20260601T235628Z-3-001/b-Library_Hzm/Haris-El-Muhasibi-Kalb-Hayati-2.pdf,Mükerrer / Kopya Dosya,.pdf,28043850,26.74 MB,76ff7fa6117abd0828cdb146599fbc4d8c79cffdd38a4d6367f98a9261329ae0,83,Books/b-Library_Hzm-20260601T230631Z-3-001/b-Library_Hzm/Haris-El-Muhasibi-Kalb-Hayati-2.pdf,Mükerrer Kopya: Bu içerik zaten MySQL'de ID: 83 (Books/b-Library_Hzm-20260601T230631Z-3-001/b-Library_Hzm/Haris-El-Muhasibi-Kalb-Hayati-2.pdf) olarak kayıtlı.
Adanmışların-Vasıfları-pdf.pdf,Books/b-Library_Hzm-20260601T235628Z-3-001/b-Library_Hzm/Hizmet İnsanı/Adanmışların-Vasıfları-pdf.pdf,Mükerrer / Kopya Dosya,.pdf,961282,0.92 MB,087878defd07aaff2b81b92c4c5df51e087c11c7626c395431c93300c20ebd54,84,Books/b-Library_Hzm-20260601T230631Z-3-001/b-Library_Hzm/Hizmet İnsanı/Adanmışların-Vasıfları-pdf.pdf,Mükerrer Kopya: Bu içerik zaten MySQL'de ID: 84 (Books/b-Library_Hzm-20260601T230631Z-3-001/b-Library_Hzm/Hizmet İnsanı/Adanmışların-Vasıfları-pdf.pdf) olarak kayıtlı.
Vazifelendirmede-Peygamber-Metodu-isikyayinlari.pdf,Books/b-Library_Hzm-20260601T235628Z-3-001/b-Library_Hzm/Hizmet İnsanı/Vazifelendirmede-Peygamber-Metodu-isikyayinlari.pdf,Mükerrer / Kopya Dosya,.pdf,913644,0.87 MB,6b6178b1ef220fdd4cbeb1619c40798e831c332ab308d777b8e1f1bc8e6bc400,85,Books/b-Library_Hzm-20260601T230631Z-3-001/b-Library_Hzm/Hizmet İnsanı/Vazifelendirmede-Peygamber-Metodu-isikyayinlari.pdf,Mükerrer Kopya: Bu içerik zaten MySQL'de ID: 85 (Books/b-Library_Hzm-20260601T230631Z-3-001/b-Library_Hzm/Hizmet İnsanı/Vazifelendirmede-Peygamber-Metodu-isikyayinlari.pdf) olarak kayıtlı.
İc-Derinlikleriyle-Hizmet-İnsanı-pdf.pdf,Books/b-Library_Hzm-20260601T235628Z-3-001/b-Library_Hzm/Hizmet İnsanı/İc-Derinlikleriyle-Hizmet-İnsanı-pdf.pdf,Mükerrer / Kopya Dosya,.pdf,1197546,1.14 MB,2102dfa18b9ee2b01840ab8b28e217888870b564e5a08ad810c8a7e1f31a6869,86,Books/b-Library_Hzm-20260601T230631Z-3-001/b-Library_Hzm/Hizmet İnsanı/İc-Derinlikleriyle-Hizmet-İnsanı-pdf.pdf,Mükerrer Kopya: Bu içerik zaten MySQL'de ID: 86 (Books/b-Library_Hzm-20260601T230631Z-3-001/b-Library_Hzm/Hizmet İnsanı/İc-Derinlikleriyle-Hizmet-İnsanı-pdf.pdf) olarak kayıtlı.
Hizmet-Studies-Review.pdf,Books/b-Library_Hzm-20260601T235628Z-3-001/b-Library_Hzm/Hzm-Studies/Hizmet-Studies-Review.pdf,Mükerrer / Kopya Dosya,.pdf,634751,0.61 MB,8ba4c2a010829f61f93603b5247393152882b408e3ee7540d272b78e5b92759d,87,Books/b-Library_Hzm-20260601T230631Z-3-001/b-Library_Hzm/Hzm-Studies/Hizmet-Studies-Review.pdf,Mükerrer Kopya: Bu içerik zaten MySQL'de ID: 87 (Books/b-Library_Hzm-20260601T230631Z-3-001/b-Library_Hzm/Hzm-Studies/Hizmet-Studies-Review.pdf) olarak kayıtlı.
Peaceful-Coexistence-Fethullah-Gulens-s-Initiatives.pdf,Books/b-Library_Hzm-20260601T235628Z-3-001/b-Library_Hzm/Hzm-Studies/Peaceful-Coexistence-Fethullah-Gulens-s-Initiatives.pdf,Mükerrer / Kopya Dosya,.pdf,5080434,4.85 MB,e6204dc26e8fb34a2116cbb403807c17eca3416abe02c68650aec15765f7978e,88,Books/b-Library_Hzm-20260601T230631Z-3-001/b-Library_Hzm/Hzm-Studies/Peaceful-Coexistence-Fethullah-Gulens-s-Initiatives.pdf,Mükerrer Kopya: Bu içerik zaten MySQL'de ID: 88 (Books/b-Library_Hzm-20260601T230631Z-3-001/b-Library_Hzm/Hzm-Studies/Peaceful-Coexistence-Fethullah-Gulens-s-Initiatives.pdf) olarak kayıtlı.
Persecution-of-Hizmet-in-Turkey.pdf,Books/b-Library_Hzm-20260601T235628Z-3-001/b-Library_Hzm/Hzm-Studies/Persecution-of-Hizmet-in-Turkey.pdf,Mükerrer / Kopya Dosya,.pdf,932084,0.89 MB,f44b76b21112aec71e748970b9370a1aa8cd4e8645ab6ec591a1bd49abdc8412,89,Books/b-Library_Hzm-20260601T230631Z-3-001/b-Library_Hzm/Hzm-Studies/Persecution-of-Hizmet-in-Turkey.pdf,Mükerrer Kopya: Bu içerik zaten MySQL'de ID: 89 (Books/b-Library_Hzm-20260601T230631Z-3-001/b-Library_Hzm/Hzm-Studies/Persecution-of-Hizmet-in-Turkey.pdf) olarak kayıtlı.
Imam-i-Rabbani-KaynakYayinlari.pdf,Books/b-Library_Hzm-20260601T235628Z-3-001/b-Library_Hzm/Imam-i-Rabbani-KaynakYayinlari.pdf,Mükerrer / Kopya Dosya,.pdf,810924,0.77 MB,91ea5d07ba74df5c8ff1dd46a510320fb6fc30b7b8ea64c84db0b9ff8390e290,90,Books/b-Library_Hzm-20260601T230631Z-3-001/b-Library_Hzm/Imam-i-Rabbani-KaynakYayinlari.pdf,Mükerrer Kopya: Bu içerik zaten MySQL'de ID: 90 (Books/b-Library_Hzm-20260601T230631Z-3-001/b-Library_Hzm/Imam-i-Rabbani-KaynakYayinlari.pdf) olarak kayıtlı.
Ezvac-ı Tahirat-gulyurduyayinlari.pdf,Books/b-Library_Hzm-20260601T235628Z-3-001/b-Library_Hzm/Kadın Sahabeler/Ezvac-ı Tahirat-gulyurduyayinlari.pdf,Mükerrer / Kopya Dosya,.pdf,971524,0.93 MB,91a1a9eba05d5040d63522005ed2966a13b58c1cc5b3cb6a1f5ab9ab5fef1e6a,91,Books/b-Library_Hzm-20260601T230631Z-3-001/b-Library_Hzm/Kadın Sahabeler/Ezvac-ı Tahirat-gulyurduyayinlari.pdf,Mükerrer Kopya: Bu içerik zaten MySQL'de ID: 91 (Books/b-Library_Hzm-20260601T230631Z-3-001/b-Library_Hzm/Kadın Sahabeler/Ezvac-ı Tahirat-gulyurduyayinlari.pdf) olarak kayıtlı.
Hanim Sahabiler-gulyurduyayinlari.pdf,Books/b-Library_Hzm-20260601T235628Z-3-001/b-Library_Hzm/Kadın Sahabeler/Hanim Sahabiler-gulyurduyayinlari.pdf,Mükerrer / Kopya Dosya,.pdf,1038363,0.99 MB,512cfab19f357297b6414207646e8474fa7a4e7b9e2628339db2a478ccc1c23f,92,Books/b-Library_Hzm-20260601T230631Z-3-001/b-Library_Hzm/Kadın Sahabeler/Hanim Sahabiler-gulyurduyayinlari.pdf,Mükerrer Kopya: Bu içerik zaten MySQL'de ID: 92 (Books/b-Library_Hzm-20260601T230631Z-3-001/b-Library_Hzm/Kadın Sahabeler/Hanim Sahabiler-gulyurduyayinlari.pdf) olarak kayıtlı.
Hz Aişe Ra_Reşid Haylamaz.pdf,Books/b-Library_Hzm-20260601T235628Z-3-001/b-Library_Hzm/Kadın Sahabeler/Hz Aişe Ra_Reşid Haylamaz.pdf,Mükerrer / Kopya Dosya,.pdf,1889919,1.80 MB,803fbd975ca6a0e9f4a4ee34c32d15e925219984e8d2a50eb7e031b1f9eb85f9,93,Books/b-Library_Hzm-20260601T230631Z-3-001/b-Library_Hzm/Kadın Sahabeler/Hz Aişe Ra_Reşid Haylamaz.pdf,Mükerrer Kopya: Bu içerik zaten MySQL'de ID: 93 (Books/b-Library_Hzm-20260601T230631Z-3-001/b-Library_Hzm/Kadın Sahabeler/Hz Aişe Ra_Reşid Haylamaz.pdf) olarak kayıtlı.
Rehber Hanimlar-gulyurduyayinlari.pdf,Books/b-Library_Hzm-20260601T235628Z-3-001/b-Library_Hzm/Kadın Sahabeler/Rehber Hanimlar-gulyurduyayinlari.pdf,Mükerrer / Kopya Dosya,.pdf,1039809,0.99 MB,a68d74012612fbf0f8cf5b073912606a342fd0988d3ae8fe340f066fe13e90c4,94,Books/b-Library_Hzm-20260601T230631Z-3-001/b-Library_Hzm/Kadın Sahabeler/Rehber Hanimlar-gulyurduyayinlari.pdf,Mükerrer Kopya: Bu içerik zaten MySQL'de ID: 94 (Books/b-Library_Hzm-20260601T230631Z-3-001/b-Library_Hzm/Kadın Sahabeler/Rehber Hanimlar-gulyurduyayinlari.pdf) olarak kayıtlı.
Zahide-hanimlar-gulyurduyayinlari.pdf,Books/b-Library_Hzm-20260601T235628Z-3-001/b-Library_Hzm/Kadın Sahabeler/Zahide-hanimlar-gulyurduyayinlari.pdf,Mükerrer / Kopya Dosya,.pdf,1248281,1.19 MB,ec7f6d4227087b6e0f3c4622a2a90e77cf386da4b08be408af693574c87b7e3e,95,Books/b-Library_Hzm-20260601T230631Z-3-001/b-Library_Hzm/Kadın Sahabeler/Zahide-hanimlar-gulyurduyayinlari.pdf,Mükerrer Kopya: Bu içerik zaten MySQL'de ID: 95 (Books/b-Library_Hzm-20260601T230631Z-3-001/b-Library_Hzm/Kadın Sahabeler/Zahide-hanimlar-gulyurduyayinlari.pdf) olarak kayıtlı.
Ali Unal-Kur-an-i-Kerim-Meal1.pdf,Books/b-Library_Hzm-20260601T235628Z-3-001/b-Library_Hzm/Kur_an-Meal-Hzm/Ali Unal-Kur-an-i-Kerim-Meal1.pdf,Mükerrer / Kopya Dosya,.pdf,78094161,74.48 MB,c5bc663ca04d80ac85cc905ee5a29bf28a04d7d8b8efc0fb7f7f08c5cdab4c26,96,Books/b-Library_Hzm-20260601T230631Z-3-001/b-Library_Hzm/Kur_an-Meal-Hzm/Ali Unal-Kur-an-i-Kerim-Meal1.pdf,Mükerrer Kopya: Bu içerik zaten MySQL'de ID: 96 (Books/b-Library_Hzm-20260601T230631Z-3-001/b-Library_Hzm/Kur_an-Meal-Hzm/Ali Unal-Kur-an-i-Kerim-Meal1.pdf) olarak kayıtlı.
Ali Unal-Kuran-i-Kerim-Meal2.pdf,Books/b-Library_Hzm-20260601T235628Z-3-001/b-Library_Hzm/Kur_an-Meal-Hzm/Ali Unal-Kuran-i-Kerim-Meal2.pdf,Mükerrer / Kopya Dosya,.pdf,20532907,19.58 MB,aa89258f9216ff3618f3d78af5107a13d7795c74ffe2d27d592b6f79042e86a7,97,Books/b-Library_Hzm-20260601T230631Z-3-001/b-Library_Hzm/Kur_an-Meal-Hzm/Ali Unal-Kuran-i-Kerim-Meal2.pdf,Mükerrer Kopya: Bu içerik zaten MySQL'de ID: 97 (Books/b-Library_Hzm-20260601T230631Z-3-001/b-Library_Hzm/Kur_an-Meal-Hzm/Ali Unal-Kuran-i-Kerim-Meal2.pdf) olarak kayıtlı.
Ali Unal-The-Quran-with-Annotated-interpretation-.pdf,Books/b-Library_Hzm-20260601T235628Z-3-001/b-Library_Hzm/Kur_an-Meal-Hzm/Ali Unal-The-Quran-with-Annotated-interpretation-.pdf,Mükerrer / Kopya Dosya,.pdf,6576436,6.27 MB,b30bdd1369811ae2b43d5d76f4fec1942dd849ad5e2e3f95f6714ac95d7493f6,98,Books/b-Library_Hzm-20260601T230631Z-3-001/b-Library_Hzm/Kur_an-Meal-Hzm/Ali Unal-The-Quran-with-Annotated-interpretation-.pdf,Mükerrer Kopya: Bu içerik zaten MySQL'de ID: 98 (Books/b-Library_Hzm-20260601T230631Z-3-001/b-Library_Hzm/Kur_an-Meal-Hzm/Ali Unal-The-Quran-with-Annotated-interpretation-.pdf) olarak kayıtlı.
Kuran-i_Kerim-OKU.pdf,Books/b-Library_Hzm-20260601T235628Z-3-001/b-Library_Hzm/Kur_an-Meal-Hzm/Kuran-i_Kerim-OKU.pdf,Mükerrer / Kopya Dosya,.pdf,9552992,9.11 MB,4e61cee5fa2e708041affbdfe789a800b0157768866fecf2513e1037cbc3178b,99,Books/b-Library_Hzm-20260601T230631Z-3-001/b-Library_Hzm/Kur_an-Meal-Hzm/Kuran-i_Kerim-OKU.pdf,Mükerrer Kopya: Bu içerik zaten MySQL'de ID: 99 (Books/b-Library_Hzm-20260601T230631Z-3-001/b-Library_Hzm/Kur_an-Meal-Hzm/Kuran-i_Kerim-OKU.pdf) olarak kayıtlı.
Davut Aydüz-Kısa Surelerin Tefsiri.pdf,Books/b-Library_Hzm-20260601T235628Z-3-001/b-Library_Hzm/Kur_an-Tefsir-Hzm/Davut Aydüz-Kısa Surelerin Tefsiri.pdf,Mükerrer / Kopya Dosya,.pdf,1561623,1.49 MB,12fcb567385f41b2c4a6b0124fbff6399d54b1e302c5d7009be125a00b2396c5,100,Books/b-Library_Hzm-20260601T230631Z-3-001/b-Library_Hzm/Kur_an-Tefsir-Hzm/Davut Aydüz-Kısa Surelerin Tefsiri.pdf,Mükerrer Kopya: Bu içerik zaten MySQL'de ID: 100 (Books/b-Library_Hzm-20260601T230631Z-3-001/b-Library_Hzm/Kur_an-Tefsir-Hzm/Davut Aydüz-Kısa Surelerin Tefsiri.pdf) olarak kayıtlı.
Davut-Ayduz-5-Vakit-4-Asir-Namazdan-Sonra-Okunan-Ayetlerin-Tefsiri-DefineYayinlari.pdf,Books/b-Library_Hzm-20260601T235628Z-3-001/b-Library_Hzm/Kur_an-Tefsir-Hzm/Davut-Ayduz-5-Vakit-4-Asir-Namazdan-Sonra-Okunan-Ayetlerin-Tefsiri-DefineYayinlari.pdf,Mükerrer / Kopya Dosya,.pdf,1457223,1.39 MB,ee4653a40b7ff517f6599a6aa56b6cf42701ab938fb0fd6a07176c3a18313851,101,Books/b-Library_Hzm-20260601T230631Z-3-001/b-Library_Hzm/Kur_an-Tefsir-Hzm/Davut-Ayduz-5-Vakit-4-Asir-Namazdan-Sonra-Okunan-Ayetlerin-Tefsiri-DefineYayinlari.pdf,Mükerrer Kopya: Bu içerik zaten MySQL'de ID: 101 (Books/b-Library_Hzm-20260601T230631Z-3-001/b-Library_Hzm/Kur_an-Tefsir-Hzm/Davut-Ayduz-5-Vakit-4-Asir-Namazdan-Sonra-Okunan-Ayetlerin-Tefsiri-DefineYayinlari.pdf) olarak kayıtlı.
Nicin-Helak-Oldular-Abdullah-Emin-Cimen-.pdf,Books/b-Library_Hzm-20260601T235628Z-3-001/b-Library_Hzm/Kur_an-Tefsir-Hzm/Nicin-Helak-Oldular-Abdullah-Emin-Cimen-.pdf,Mükerrer / Kopya Dosya,.pdf,7402816,7.06 MB,9ffa5cdfcd2979439d604b37802dd1e9b37627d7bf25e7e7a54f26b7bb7efa3a,102,Books/b-Library_Hzm-20260601T230631Z-3-001/b-Library_Hzm/Kur_an-Tefsir-Hzm/Nicin-Helak-Oldular-Abdullah-Emin-Cimen-.pdf,Mükerrer Kopya: Bu içerik zaten MySQL'de ID: 102 (Books/b-Library_Hzm-20260601T230631Z-3-001/b-Library_Hzm/Kur_an-Tefsir-Hzm/Nicin-Helak-Oldular-Abdullah-Emin-Cimen-.pdf) olarak kayıtlı.
PEYGAMBERİMİZİN-KURANI-TEFSİRİ-Suat-Yıldırım.pdf,Books/b-Library_Hzm-20260601T235628Z-3-001/b-Library_Hzm/Kur_an-Tefsir-Hzm/PEYGAMBERİMİZİN-KURANI-TEFSİRİ-Suat-Yıldırım.pdf,Mükerrer / Kopya Dosya,.pdf,2124184,2.03 MB,be622e6e95fa789fc3c57296945694271a576e5a997d090ea84c2b54d8510196,103,Books/b-Library_Hzm-20260601T230631Z-3-001/b-Library_Hzm/Kur_an-Tefsir-Hzm/PEYGAMBERİMİZİN-KURANI-TEFSİRİ-Suat-Yıldırım.pdf,Mükerrer Kopya: Bu içerik zaten MySQL'de ID: 103 (Books/b-Library_Hzm-20260601T230631Z-3-001/b-Library_Hzm/Kur_an-Tefsir-Hzm/PEYGAMBERİMİZİN-KURANI-TEFSİRİ-Suat-Yıldırım.pdf) olarak kayıtlı.
Kuranda-Tesbih-Ve-Temsiller-Sadi-Eren.pdf,Books/b-Library_Hzm-20260601T235628Z-3-001/b-Library_Hzm/Kur`an-Hzm/Kuranda-Tesbih-Ve-Temsiller-Sadi-Eren.pdf,Mükerrer / Kopya Dosya,.pdf,1090327,1.04 MB,5a850eba474d7c6700a2ed0aa60d77e3e3aaa9046bd8c00366abb4dfac32155c,104,Books/b-Library_Hzm-20260601T230631Z-3-001/b-Library_Hzm/Kur`an-Hzm/Kuranda-Tesbih-Ve-Temsiller-Sadi-Eren.pdf,Mükerrer Kopya: Bu içerik zaten MySQL'de ID: 104 (Books/b-Library_Hzm-20260601T230631Z-3-001/b-Library_Hzm/Kur`an-Hzm/Kuranda-Tesbih-Ve-Temsiller-Sadi-Eren.pdf) olarak kayıtlı.
Nicin-Helak-Oldular-Abdullah-Emin-Cimen.pdf,Books/b-Library_Hzm-20260601T235628Z-3-001/b-Library_Hzm/Kur`an-Hzm/Nicin-Helak-Oldular-Abdullah-Emin-Cimen.pdf,Mükerrer / Kopya Dosya,.pdf,7402816,7.06 MB,9ffa5cdfcd2979439d604b37802dd1e9b37627d7bf25e7e7a54f26b7bb7efa3a,102,Books/b-Library_Hzm-20260601T230631Z-3-001/b-Library_Hzm/Kur_an-Tefsir-Hzm/Nicin-Helak-Oldular-Abdullah-Emin-Cimen-.pdf,Mükerrer Kopya: Bu içerik zaten MySQL'de ID: 102 (Books/b-Library_Hzm-20260601T230631Z-3-001/b-Library_Hzm/Kur_an-Tefsir-Hzm/Nicin-Helak-Oldular-Abdullah-Emin-Cimen-.pdf) olarak kayıtlı.
Kuranda-Ehli-Kitapla-Muhabbet-IsikAkademiY-pdf.pdf,Books/b-Library_Hzm-20260601T235628Z-3-001/b-Library_Hzm/Kuranda-Ehli-Kitapla-Muhabbet-IsikAkademiY-pdf.pdf,Mükerrer / Kopya Dosya,.pdf,1538147,1.47 MB,955531ad3027aeb280220329128478ffdf7fc30b60005210d770271aa4b44bb0,105,Books/b-Library_Hzm-20260601T230631Z-3-001/b-Library_Hzm/Kuranda-Ehli-Kitapla-Muhabbet-IsikAkademiY-pdf.pdf,Mükerrer Kopya: Bu içerik zaten MySQL'de ID: 105 (Books/b-Library_Hzm-20260601T230631Z-3-001/b-Library_Hzm/Kuranda-Ehli-Kitapla-Muhabbet-IsikAkademiY-pdf.pdf) olarak kayıtlı.
Kutlu Zamanlar.pdf,Books/b-Library_Hzm-20260601T235628Z-3-001/b-Library_Hzm/Kutlu Zamanlar.pdf,Mükerrer / Kopya Dosya,.pdf,886618,0.85 MB,ba41ffa1475085cba2ed1efe44dea7a0e3b549dcbd84215d4e2bdf7f1814e0a9,106,Books/b-Library_Hzm-20260601T230631Z-3-001/b-Library_Hzm/Kutlu Zamanlar.pdf,Mükerrer Kopya: Bu içerik zaten MySQL'de ID: 106 (Books/b-Library_Hzm-20260601T230631Z-3-001/b-Library_Hzm/Kutlu Zamanlar.pdf) olarak kayıtlı.
Fethullah Gülen’s Teaching and Practice-Paul Weller.pdf,Books/b-Library_Hzm-20260601T235628Z-3-001/b-Library_Hzm/MFG/Fethullah Gülen’s Teaching and Practice-Paul Weller.pdf,Mükerrer / Kopya Dosya,.pdf,1884016,1.80 MB,8b02232e9475591dc063fdb3ca0842430ffd6360aa4977b75b56b67bd1a925af,107,Books/b-Library_Hzm-20260601T230631Z-3-001/b-Library_Hzm/MFG/Fethullah Gülen’s Teaching and Practice-Paul Weller.pdf,Mükerrer Kopya: Bu içerik zaten MySQL'de ID: 107 (Books/b-Library_Hzm-20260601T230631Z-3-001/b-Library_Hzm/MFG/Fethullah Gülen’s Teaching and Practice-Paul Weller.pdf) olarak kayıtlı.
Fethullah-Gulen-Biography.pdf,Books/b-Library_Hzm-20260601T235628Z-3-001/b-Library_Hzm/MFG/Fethullah-Gulen-Biography.pdf,Mükerrer / Kopya Dosya,.pdf,3082189,2.94 MB,20c2a58dbad0e26ffe7c04f07dbcef0bbda202c32d0277a581e835c1038adbec,108,Books/b-Library_Hzm-20260601T230631Z-3-001/b-Library_Hzm/MFG/Fethullah-Gulen-Biography.pdf,Mükerrer Kopya: Bu içerik zaten MySQL'de ID: 108 (Books/b-Library_Hzm-20260601T230631Z-3-001/b-Library_Hzm/MFG/Fethullah-Gulen-Biography.pdf) olarak kayıtlı.
Gulen-Hareketi-1-Farkli-Seslerin-Ahengi-M-F-Gulen.pdf,Books/b-Library_Hzm-20260601T235628Z-3-001/b-Library_Hzm/MFG/Gulen-Hareketi-1-Farkli-Seslerin-Ahengi-M-F-Gulen.pdf,Mükerrer / Kopya Dosya,.pdf,978015,0.93 MB,6009d73f8921c1ac01d1e7d5e14c596ef74e4ec78bbb95116b6ea3b5517b0fac,109,Books/b-Library_Hzm-20260601T230631Z-3-001/b-Library_Hzm/MFG/Gulen-Hareketi-1-Farkli-Seslerin-Ahengi-M-F-Gulen.pdf,Mükerrer Kopya: Bu içerik zaten MySQL'de ID: 109 (Books/b-Library_Hzm-20260601T230631Z-3-001/b-Library_Hzm/MFG/Gulen-Hareketi-1-Farkli-Seslerin-Ahengi-M-F-Gulen.pdf) olarak kayıtlı.
Meryem-Oglu-Isa-KaynakYayinlari-pdf.pdf,Books/b-Library_Hzm-20260601T235628Z-3-001/b-Library_Hzm/Meryem-Oglu-Isa-KaynakYayinlari-pdf.pdf,Mükerrer / Kopya Dosya,.pdf,956794,0.91 MB,14bb9d23d3490936cda5cfe0cbb363b6bc6a036ddd97f7ac59cbf68aa0be14bb,110,Books/b-Library_Hzm-20260601T230631Z-3-001/b-Library_Hzm/Meryem-Oglu-Isa-KaynakYayinlari-pdf.pdf,Mükerrer Kopya: Bu içerik zaten MySQL'de ID: 110 (Books/b-Library_Hzm-20260601T230631Z-3-001/b-Library_Hzm/Meryem-Oglu-Isa-KaynakYayinlari-pdf.pdf) olarak kayıtlı.
Metafizik-Aleminin-Sakinleri-Melekler-ve-Cinler-Mehmet-Seker-IsikYayinlari.pdf,Books/b-Library_Hzm-20260601T235628Z-3-001/b-Library_Hzm/Metafizik-Aleminin-Sakinleri-Melekler-ve-Cinler-Mehmet-Seker-IsikYayinlari.pdf,Mükerrer / Kopya Dosya,.pdf,786243,0.75 MB,5aabb1f3b9ddf2c310df8b45c0a412a4bf31b81b96f2b654bc8b6eb644fdeb9e,111,Books/b-Library_Hzm-20260601T230631Z-3-001/b-Library_Hzm/Metafizik-Aleminin-Sakinleri-Melekler-ve-Cinler-Mehmet-Seker-IsikYayinlari.pdf,Mükerrer Kopya: Bu içerik zaten MySQL'de ID: 111 (Books/b-Library_Hzm-20260601T230631Z-3-001/b-Library_Hzm/Metafizik-Aleminin-Sakinleri-Melekler-ve-Cinler-Mehmet-Seker-IsikYayinlari.pdf) olarak kayıtlı.
Davut-Ayduz-Namazı-Anlayarak-Kılmak.pdf,Books/b-Library_Hzm-20260601T235628Z-3-001/b-Library_Hzm/Namaz/Davut-Ayduz-Namazı-Anlayarak-Kılmak.pdf,Mükerrer / Kopya Dosya,.pdf,1042193,0.99 MB,1f9b6c62a70cc0eac502f5628283050d8be64456007d12936b140d7ae6f84c42,112,Books/b-Library_Hzm-20260601T230631Z-3-001/b-Library_Hzm/Namaz/Davut-Ayduz-Namazı-Anlayarak-Kılmak.pdf,Mükerrer Kopya: Bu içerik zaten MySQL'de ID: 112 (Books/b-Library_Hzm-20260601T230631Z-3-001/b-Library_Hzm/Namaz/Davut-Ayduz-Namazı-Anlayarak-Kılmak.pdf) olarak kayıtlı.
Dinimin-Diregi-Namaz-Suleyman-Bosnali.pdf,Books/b-Library_Hzm-20260601T235628Z-3-001/b-Library_Hzm/Namaz/Dinimin-Diregi-Namaz-Suleyman-Bosnali.pdf,Mükerrer / Kopya Dosya,.pdf,32193076,30.70 MB,421a391e343b9edfb80ebabb25dfda60ae89aa3986dbae360e2f18bacafa1e8c,113,Books/b-Library_Hzm-20260601T230631Z-3-001/b-Library_Hzm/Namaz/Dinimin-Diregi-Namaz-Suleyman-Bosnali.pdf,Mükerrer Kopya: Bu içerik zaten MySQL'de ID: 113 (Books/b-Library_Hzm-20260601T230631Z-3-001/b-Library_Hzm/Namaz/Dinimin-Diregi-Namaz-Suleyman-Bosnali.pdf) olarak kayıtlı.
Osmanlılarda-Hilafet-Mustafa-Alkan.pdf,Books/b-Library_Hzm-20260601T235628Z-3-001/b-Library_Hzm/Osmanlılarda-Hilafet-Mustafa-Alkan.pdf,Mükerrer / Kopya Dosya,.pdf,11893397,11.34 MB,8b7514cd895586da8b0d77b7960081b515045c9ded5287e84d170e28712e0fff,114,Books/b-Library_Hzm-20260601T230631Z-3-001/b-Library_Hzm/Osmanlılarda-Hilafet-Mustafa-Alkan.pdf,Mükerrer Kopya: Bu içerik zaten MySQL'de ID: 114 (Books/b-Library_Hzm-20260601T230631Z-3-001/b-Library_Hzm/Osmanlılarda-Hilafet-Mustafa-Alkan.pdf) olarak kayıtlı.
An-Analysis-of-the-Prophet-s-Life-The-Messenger-Of-God-Muhammad-Fethullah-Gulen.pdf,Books/b-Library_Hzm-20260601T235628Z-3-001/b-Library_Hzm/PRL-English/An-Analysis-of-the-Prophet-s-Life-The-Messenger-Of-God-Muhammad-Fethullah-Gulen.pdf,Mükerrer / Kopya Dosya,.pdf,1195451,1.14 MB,0987e3bf64c5a2223a3624e9cc3cc3cb564f0eeb0e99de3a84d31423f6dc02a8,115,Books/b-Library_Hzm-20260601T230631Z-3-001/b-Library_Hzm/PRL-English/An-Analysis-of-the-Prophet-s-Life-The-Messenger-Of-God-Muhammad-Fethullah-Gulen.pdf,Mükerrer Kopya: Bu içerik zaten MySQL'de ID: 115 (Books/b-Library_Hzm-20260601T230631Z-3-001/b-Library_Hzm/PRL-English/An-Analysis-of-the-Prophet-s-Life-The-Messenger-Of-God-Muhammad-Fethullah-Gulen.pdf) olarak kayıtlı.
Questions-and-Answers-About-Islam-Vol-1-M-Fethullah-Gulen.pdf,Books/b-Library_Hzm-20260601T235628Z-3-001/b-Library_Hzm/PRL-English/Questions-and-Answers-About-Islam-Vol-1-M-Fethullah-Gulen.pdf,Mükerrer / Kopya Dosya,.pdf,932485,0.89 MB,dfaf98416a0a0cf71f6bdf9baebcced4f49013d7c988db8ac4423df515451cb0,116,Books/b-Library_Hzm-20260601T230631Z-3-001/b-Library_Hzm/PRL-English/Questions-and-Answers-About-Islam-Vol-1-M-Fethullah-Gulen.pdf,Mükerrer Kopya: Bu içerik zaten MySQL'de ID: 116 (Books/b-Library_Hzm-20260601T230631Z-3-001/b-Library_Hzm/PRL-English/Questions-and-Answers-About-Islam-Vol-1-M-Fethullah-Gulen.pdf) olarak kayıtlı.
Questions-and-Answers-About-Islam-Vol-2-M-Fethullah-Gulen.pdf,Books/b-Library_Hzm-20260601T235628Z-3-001/b-Library_Hzm/PRL-English/Questions-and-Answers-About-Islam-Vol-2-M-Fethullah-Gulen.pdf,Mükerrer / Kopya Dosya,.pdf,550086,0.52 MB,d615cd9a43c20e75e97518dc84416333644a8fb991a4520c49897f8429c9bde6,117,Books/b-Library_Hzm-20260601T230631Z-3-001/b-Library_Hzm/PRL-English/Questions-and-Answers-About-Islam-Vol-2-M-Fethullah-Gulen.pdf,Mükerrer Kopya: Bu içerik zaten MySQL'de ID: 117 (Books/b-Library_Hzm-20260601T230631Z-3-001/b-Library_Hzm/PRL-English/Questions-and-Answers-About-Islam-Vol-2-M-Fethullah-Gulen.pdf) olarak kayıtlı.
The-Essentials-of-the-Islamic-Faith-Fethullah-Gulen.pdf,Books/b-Library_Hzm-20260601T235628Z-3-001/b-Library_Hzm/PRL-English/The-Essentials-of-the-Islamic-Faith-Fethullah-Gulen.pdf,Mükerrer / Kopya Dosya,.pdf,734797,0.70 MB,487f4ff7987e4aca8769bf3bc72d15f792066c0fe091c26af8b125bdd6285c57,118,Books/b-Library_Hzm-20260601T230631Z-3-001/b-Library_Hzm/PRL-English/The-Essentials-of-the-Islamic-Faith-Fethullah-Gulen.pdf,Mükerrer Kopya: Bu içerik zaten MySQL'de ID: 118 (Books/b-Library_Hzm-20260601T230631Z-3-001/b-Library_Hzm/PRL-English/The-Essentials-of-the-Islamic-Faith-Fethullah-Gulen.pdf) olarak kayıtlı.
The-Messenger-of-God-Muhammad-An-Analysis-of-the-Prophet-s-Life.pdf,Books/b-Library_Hzm-20260601T235628Z-3-001/b-Library_Hzm/PRL-English/The-Messenger-of-God-Muhammad-An-Analysis-of-the-Prophet-s-Life.pdf,Mükerrer / Kopya Dosya,.pdf,2293737,2.19 MB,8953b1ebdb718c7401d488d963d610be940ba5fa199d860f9b855f5feabbd102,119,Books/b-Library_Hzm-20260601T230631Z-3-001/b-Library_Hzm/PRL-English/The-Messenger-of-God-Muhammad-An-Analysis-of-the-Prophet-s-Life.pdf,Mükerrer Kopya: Bu içerik zaten MySQL'de ID: 119 (Books/b-Library_Hzm-20260601T230631Z-3-001/b-Library_Hzm/PRL-English/The-Messenger-of-God-Muhammad-An-Analysis-of-the-Prophet-s-Life.pdf) olarak kayıtlı.
Asrin Getirdigi Tereddutler_1.pdf,Books/b-Library_Hzm-20260601T235628Z-3-001/b-Library_Hzm/PRL/Asrin Getirdigi Tereddutler_1.pdf,Mükerrer / Kopya Dosya,.pdf,883552,0.84 MB,f81b113cbaefa3f71d526a83dc46cd141e8a529b7f44c9aab229a6f553d0a8ad,120,Books/b-Library_Hzm-20260601T230631Z-3-001/b-Library_Hzm/PRL/Asrin Getirdigi Tereddutler_1.pdf,Mükerrer Kopya: Bu içerik zaten MySQL'de ID: 120 (Books/b-Library_Hzm-20260601T230631Z-3-001/b-Library_Hzm/PRL/Asrin Getirdigi Tereddutler_1.pdf) olarak kayıtlı.
Asrin Getirdigi Tereddutler_2.pdf,Books/b-Library_Hzm-20260601T235628Z-3-001/b-Library_Hzm/PRL/Asrin Getirdigi Tereddutler_2.pdf,Mükerrer / Kopya Dosya,.pdf,1061546,1.01 MB,8d9b2be8554e196655813ea2c86136b5f1ef579e8972fb2e93c81305b1779dda,121,Books/b-Library_Hzm-20260601T230631Z-3-001/b-Library_Hzm/PRL/Asrin Getirdigi Tereddutler_2.pdf,Mükerrer Kopya: Bu içerik zaten MySQL'de ID: 121 (Books/b-Library_Hzm-20260601T230631Z-3-001/b-Library_Hzm/PRL/Asrin Getirdigi Tereddutler_2.pdf) olarak kayıtlı.
Asrin Getirdigi Tereddutler_3.pdf,Books/b-Library_Hzm-20260601T235628Z-3-001/b-Library_Hzm/PRL/Asrin Getirdigi Tereddutler_3.pdf,Mükerrer / Kopya Dosya,.pdf,1029116,0.98 MB,d293e83304d67107d5794a5e9a10ffe7e30d12837fe19afcecc3a9c0ac64816e,122,Books/b-Library_Hzm-20260601T230631Z-3-001/b-Library_Hzm/PRL/Asrin Getirdigi Tereddutler_3.pdf,Mükerrer Kopya: Bu içerik zaten MySQL'de ID: 122 (Books/b-Library_Hzm-20260601T230631Z-3-001/b-Library_Hzm/PRL/Asrin Getirdigi Tereddutler_3.pdf) olarak kayıtlı.
Asrin Getirdigi Tereddutler_4.pdf,Books/b-Library_Hzm-20260601T235628Z-3-001/b-Library_Hzm/PRL/Asrin Getirdigi Tereddutler_4.pdf,Mükerrer / Kopya Dosya,.pdf,1146313,1.09 MB,0a189c5b5192093faffb4c850c608bc3f7e8284814041e0671ba7fe0a9b23fc7,516,Books/Books for Text_Hzm-20260529T161525Z-3-001/Books for Text_Hzm/PRL/Asrin Getirdigi Tereddutler_4.pdf,Mükerrer Kopya: Bu içerik zaten MySQL'de ID: 516 (Books/Books for Text_Hzm-20260529T161525Z-3-001/Books for Text_Hzm/PRL/Asrin Getirdigi Tereddutler_4.pdf) olarak kayıtlı.
Beyan.pdf,Books/b-Library_Hzm-20260601T235628Z-3-001/b-Library_Hzm/PRL/Beyan.pdf,Mükerrer / Kopya Dosya,.pdf,828088,0.79 MB,bad722958ccd2269ab488a75a455b815f1864f74eab5f78b6a77842db8875823,123,Books/b-Library_Hzm-20260601T230631Z-3-001/b-Library_Hzm/PRL/Beyan.pdf,Mükerrer Kopya: Bu içerik zaten MySQL'de ID: 123 (Books/b-Library_Hzm-20260601T230631Z-3-001/b-Library_Hzm/PRL/Beyan.pdf) olarak kayıtlı.
Bir İ_caz Hecelemesi.pdf,Books/b-Library_Hzm-20260601T235628Z-3-001/b-Library_Hzm/PRL/Bir İ_caz Hecelemesi.pdf,Mükerrer / Kopya Dosya,.pdf,25798172,24.60 MB,64df79c38434413f4fe9d9fc1d66182f180d80d62e71bdd5835ea002b8d1dd85,517,Books/Books for Text_Hzm-20260529T161525Z-3-001/Books for Text_Hzm/PRL/Bir İ_caz Hecelemesi.pdf,Mükerrer Kopya: Bu içerik zaten MySQL'de ID: 517 (Books/Books for Text_Hzm-20260529T161525Z-3-001/Books for Text_Hzm/PRL/Bir İ_caz Hecelemesi.pdf) olarak kayıtlı.
CN-10_Hakka Adanmışlar Yolu.pdf,Books/b-Library_Hzm-20260601T235628Z-3-001/b-Library_Hzm/PRL/CN-10_Hakka Adanmışlar Yolu.pdf,Mükerrer / Kopya Dosya,.pdf,8808291,8.40 MB,2692f5c7e4998966a69094eb08c7bad24eba564384bda313af3693af47e18a8d,518,Books/Books for Text_Hzm-20260529T161525Z-3-001/Books for Text_Hzm/PRL/CN-10_Hakka Adanmışlar Yolu.pdf,Mükerrer Kopya: Bu içerik zaten MySQL'de ID: 518 (Books/Books for Text_Hzm-20260529T161525Z-3-001/Books for Text_Hzm/PRL/CN-10_Hakka Adanmışlar Yolu.pdf) olarak kayıtlı.
CN_1_Cag ve Nesil.pdf,Books/b-Library_Hzm-20260601T235628Z-3-001/b-Library_Hzm/PRL/CN_1_Cag ve Nesil.pdf,Mükerrer / Kopya Dosya,.pdf,690608,0.66 MB,7f1e6946829a0ff95dad8e907eca98ee8cf2d8308ea557a680e215e9da41e1e6,124,Books/b-Library_Hzm-20260601T230631Z-3-001/b-Library_Hzm/PRL/CN_1_Cag ve Nesil.pdf,Mükerrer Kopya: Bu içerik zaten MySQL'de ID: 124 (Books/b-Library_Hzm-20260601T230631Z-3-001/b-Library_Hzm/PRL/CN_1_Cag ve Nesil.pdf) olarak kayıtlı.
CN_2_Buhranlar Anaforunda Insan.pdf,Books/b-Library_Hzm-20260601T235628Z-3-001/b-Library_Hzm/PRL/CN_2_Buhranlar Anaforunda Insan.pdf,Mükerrer / Kopya Dosya,.pdf,593110,0.57 MB,71a9d97697489e684cafbbf10ff3b778679905a76d09a3dff7e468833c5ab00a,125,Books/b-Library_Hzm-20260601T230631Z-3-001/b-Library_Hzm/PRL/CN_2_Buhranlar Anaforunda Insan.pdf,Mükerrer Kopya: Bu içerik zaten MySQL'de ID: 125 (Books/b-Library_Hzm-20260601T230631Z-3-001/b-Library_Hzm/PRL/CN_2_Buhranlar Anaforunda Insan.pdf) olarak kayıtlı.
CN_3_Yitirilmiş Cennete Doğru.pdf,Books/b-Library_Hzm-20260601T235628Z-3-001/b-Library_Hzm/PRL/CN_3_Yitirilmiş Cennete Doğru.pdf,Mükerrer / Kopya Dosya,.pdf,580433,0.55 MB,2ed02edf1d209d19da2dd5237dc764bdac5121e370edb0fb63f6ecc5aeeb4736,126,Books/b-Library_Hzm-20260601T230631Z-3-001/b-Library_Hzm/PRL/CN_3_Yitirilmiş Cennete Doğru.pdf,Mükerrer Kopya: Bu içerik zaten MySQL'de ID: 126 (Books/b-Library_Hzm-20260601T230631Z-3-001/b-Library_Hzm/PRL/CN_3_Yitirilmiş Cennete Doğru.pdf) olarak kayıtlı.
CN_4_Zamanin Altin Dilimi.pdf,Books/b-Library_Hzm-20260601T235628Z-3-001/b-Library_Hzm/PRL/CN_4_Zamanin Altin Dilimi.pdf,Mükerrer / Kopya Dosya,.pdf,816093,0.78 MB,dd1aa4f1f1959acd2452ab6dfa98c2be5a6da544241e303d14e98f6a880b1874,127,Books/b-Library_Hzm-20260601T230631Z-3-001/b-Library_Hzm/PRL/CN_4_Zamanin Altin Dilimi.pdf,Mükerrer Kopya: Bu içerik zaten MySQL'de ID: 127 (Books/b-Library_Hzm-20260601T230631Z-3-001/b-Library_Hzm/PRL/CN_4_Zamanin Altin Dilimi.pdf) olarak kayıtlı.
CN_5_Gunler Bahari Soluklarken.pdf,Books/b-Library_Hzm-20260601T235628Z-3-001/b-Library_Hzm/PRL/CN_5_Gunler Bahari Soluklarken.pdf,Mükerrer / Kopya Dosya,.pdf,642747,0.61 MB,3d00c7040112ca0de6f819b5059c399a77dd028b1617ba26d347ade4714e5de1,128,Books/b-Library_Hzm-20260601T230631Z-3-001/b-Library_Hzm/PRL/CN_5_Gunler Bahari Soluklarken.pdf,Mükerrer Kopya: Bu içerik zaten MySQL'de ID: 128 (Books/b-Library_Hzm-20260601T230631Z-3-001/b-Library_Hzm/PRL/CN_5_Gunler Bahari Soluklarken.pdf) olarak kayıtlı.
CN_6_Yeseren Dusunceler.pdf,Books/b-Library_Hzm-20260601T235628Z-3-001/b-Library_Hzm/PRL/CN_6_Yeseren Dusunceler.pdf,Mükerrer / Kopya Dosya,.pdf,877179,0.84 MB,f4bd4f31547455608a14a9c2be18c270db49a8532a507c233f0a36f614cecf48,129,Books/b-Library_Hzm-20260601T230631Z-3-001/b-Library_Hzm/PRL/CN_6_Yeseren Dusunceler.pdf,Mükerrer Kopya: Bu içerik zaten MySQL'de ID: 129 (Books/b-Library_Hzm-20260601T230631Z-3-001/b-Library_Hzm/PRL/CN_6_Yeseren Dusunceler.pdf) olarak kayıtlı.
CN_7_Isigin Gorundugu Ufuk.pdf,Books/b-Library_Hzm-20260601T235628Z-3-001/b-Library_Hzm/PRL/CN_7_Isigin Gorundugu Ufuk.pdf,Mükerrer / Kopya Dosya,.pdf,1086013,1.04 MB,864f49f96a42679dc2e612f031c98595111c40e9e81951629453fe932b143480,130,Books/b-Library_Hzm-20260601T230631Z-3-001/b-Library_Hzm/PRL/CN_7_Isigin Gorundugu Ufuk.pdf,Mükerrer Kopya: Bu içerik zaten MySQL'de ID: 130 (Books/b-Library_Hzm-20260601T230631Z-3-001/b-Library_Hzm/PRL/CN_7_Isigin Gorundugu Ufuk.pdf) olarak kayıtlı.
CN_8_Ornekleri Kendinden Bir Hareket.pdf,Books/b-Library_Hzm-20260601T235628Z-3-001/b-Library_Hzm/PRL/CN_8_Ornekleri Kendinden Bir Hareket.pdf,Mükerrer / Kopya Dosya,.pdf,820871,0.78 MB,f33d4aea45b604d988c387f919c8090889037eaceaddd8c07cf9355f41cf262c,519,Books/Books for Text_Hzm-20260529T161525Z-3-001/Books for Text_Hzm/PRL/CN_8_Ornekleri Kendinden Bir Hareket.pdf,Mükerrer Kopya: Bu içerik zaten MySQL'de ID: 519 (Books/Books for Text_Hzm-20260529T161525Z-3-001/Books for Text_Hzm/PRL/CN_8_Ornekleri Kendinden Bir Hareket.pdf) olarak kayıtlı.
CN_9_Sükûtun Çığlıkları.pdf,Books/b-Library_Hzm-20260601T235628Z-3-001/b-Library_Hzm/PRL/CN_9_Sükûtun Çığlıkları.pdf,Mükerrer / Kopya Dosya,.pdf,810754,0.77 MB,b0aa35037f693146d2acd3cc5a477c440c66c83f0374bb29666666e372511066,520,Books/Books for Text_Hzm-20260529T161525Z-3-001/Books for Text_Hzm/PRL/CN_9_Sükûtun Çığlıkları.pdf,Mükerrer Kopya: Bu içerik zaten MySQL'de ID: 520 (Books/Books for Text_Hzm-20260529T161525Z-3-001/Books for Text_Hzm/PRL/CN_9_Sükûtun Çığlıkları.pdf) olarak kayıtlı.
Cekirdekten-Cinara-M.-Fethullah-Gulen.pdf,Books/b-Library_Hzm-20260601T235628Z-3-001/b-Library_Hzm/PRL/Cekirdekten-Cinara-M.-Fethullah-Gulen.pdf,Mükerrer / Kopya Dosya,.pdf,889085,0.85 MB,dcd953576c7e46dee06abdbdb08233547c7c9e7839f88a34ef7d3e8b2f9abd0e,131,Books/b-Library_Hzm-20260601T230631Z-3-001/b-Library_Hzm/PRL/Cekirdekten-Cinara-M.-Fethullah-Gulen.pdf,Mükerrer Kopya: Bu içerik zaten MySQL'de ID: 131 (Books/b-Library_Hzm-20260601T230631Z-3-001/b-Library_Hzm/PRL/Cekirdekten-Cinara-M.-Fethullah-Gulen.pdf) olarak kayıtlı.
Enginligiyle-Bizim-Dunyamiz-Iktisadi-Mulahazalar.pdf,Books/b-Library_Hzm-20260601T235628Z-3-001/b-Library_Hzm/PRL/Enginligiyle-Bizim-Dunyamiz-Iktisadi-Mulahazalar.pdf,Mükerrer / Kopya Dosya,.pdf,1909356,1.82 MB,e6445362ffa593f31e951316ebec16bb5c657ccd08827737f1b2af538108f43b,521,Books/Books for Text_Hzm-20260529T161525Z-3-001/Books for Text_Hzm/PRL/Enginligiyle-Bizim-Dunyamiz-Iktisadi-Mulahazalar.pdf,Mükerrer Kopya: Bu içerik zaten MySQL'de ID: 521 (Books/Books for Text_Hzm-20260529T161525Z-3-001/Books for Text_Hzm/PRL/Enginligiyle-Bizim-Dunyamiz-Iktisadi-Mulahazalar.pdf) olarak kayıtlı.
Fasıldan Fasıla-1.pdf,Books/b-Library_Hzm-20260601T235628Z-3-001/b-Library_Hzm/PRL/Fasıldan Fasıla-1.pdf,Mükerrer / Kopya Dosya,.pdf,773643,0.74 MB,88c1caa141e953b7339367906eaabc230d04f1d8bafebe14caffbbb2ded8f317,132,Books/b-Library_Hzm-20260601T230631Z-3-001/b-Library_Hzm/PRL/Fasıldan Fasıla-1.pdf,Mükerrer Kopya: Bu içerik zaten MySQL'de ID: 132 (Books/b-Library_Hzm-20260601T230631Z-3-001/b-Library_Hzm/PRL/Fasıldan Fasıla-1.pdf) olarak kayıtlı.
Fasıldan Fasıla-2.pdf,Books/b-Library_Hzm-20260601T235628Z-3-001/b-Library_Hzm/PRL/Fasıldan Fasıla-2.pdf,Mükerrer / Kopya Dosya,.pdf,759378,0.72 MB,4eb2b7c78c4ecfcf7d73434fc77cf09d995f3c840c573a0ebaff94b1710bcc24,522,Books/Books for Text_Hzm-20260529T161525Z-3-001/Books for Text_Hzm/PRL/Fasıldan Fasıla-2.pdf,Mükerrer Kopya: Bu içerik zaten MySQL'de ID: 522 (Books/Books for Text_Hzm-20260529T161525Z-3-001/Books for Text_Hzm/PRL/Fasıldan Fasıla-2.pdf) olarak kayıtlı.
Fasıldan Fasıla-3.pdf,Books/b-Library_Hzm-20260601T235628Z-3-001/b-Library_Hzm/PRL/Fasıldan Fasıla-3.pdf,Mükerrer / Kopya Dosya,.pdf,1071978,1.02 MB,26a4e6393c28a2d9d96f7681fe733b1cbcfd27abfe466da01f7b04915d0c2f08,523,Books/Books for Text_Hzm-20260529T161525Z-3-001/Books for Text_Hzm/PRL/Fasıldan Fasıla-3.pdf,Mükerrer Kopya: Bu içerik zaten MySQL'de ID: 523 (Books/Books for Text_Hzm-20260529T161525Z-3-001/Books for Text_Hzm/PRL/Fasıldan Fasıla-3.pdf) olarak kayıtlı.
Fasıldan Fasıla-4.pdf,Books/b-Library_Hzm-20260601T235628Z-3-001/b-Library_Hzm/PRL/Fasıldan Fasıla-4.pdf,Mükerrer / Kopya Dosya,.pdf,921190,0.88 MB,d28fceb44873d35af4b9d75b817b076bb2e058e130c2aabceaf15f152337d7bc,524,Books/Books for Text_Hzm-20260529T161525Z-3-001/Books for Text_Hzm/PRL/Fasıldan Fasıla-4.pdf,Mükerrer Kopya: Bu içerik zaten MySQL'de ID: 524 (Books/Books for Text_Hzm-20260529T161525Z-3-001/Books for Text_Hzm/PRL/Fasıldan Fasıla-4.pdf) olarak kayıtlı.
Fasıldan Fasıla-5 - Fikir Atlası.pdf,Books/b-Library_Hzm-20260601T235628Z-3-001/b-Library_Hzm/PRL/Fasıldan Fasıla-5 - Fikir Atlası.pdf,Mükerrer / Kopya Dosya,.pdf,790627,0.75 MB,f386ce6b7edce71db6dc7935f0022c77050ce5e6c6905eb454c9b49819ba1af8,133,Books/b-Library_Hzm-20260601T230631Z-3-001/b-Library_Hzm/PRL/Fasıldan Fasıla-5 - Fikir Atlası.pdf,Mükerrer Kopya: Bu içerik zaten MySQL'de ID: 133 (Books/b-Library_Hzm-20260601T230631Z-3-001/b-Library_Hzm/PRL/Fasıldan Fasıla-5 - Fikir Atlası.pdf) olarak kayıtlı.
Fatiha Üzerine Mülahazalar.pdf,Books/b-Library_Hzm-20260601T235628Z-3-001/b-Library_Hzm/PRL/Fatiha Üzerine Mülahazalar.pdf,Mükerrer / Kopya Dosya,.pdf,1122207,1.07 MB,c1e16a64ab8396877bca9626fb9a334c3e8e1d8c371b9ece7f9d07fb6d521317,525,Books/Books for Text_Hzm-20260529T161525Z-3-001/Books for Text_Hzm/PRL/Fatiha Üzerine Mülahazalar.pdf,Mükerrer Kopya: Bu içerik zaten MySQL'de ID: 525 (Books/Books for Text_Hzm-20260529T161525Z-3-001/Books for Text_Hzm/PRL/Fatiha Üzerine Mülahazalar.pdf) olarak kayıtlı.
Gaybın Son Habercisi.pdf,Books/b-Library_Hzm-20260601T235628Z-3-001/b-Library_Hzm/PRL/Gaybın Son Habercisi.pdf,Mükerrer / Kopya Dosya,.pdf,675469,0.64 MB,bb8503b8f7bf1506722c077bae555dcb77576b3e8b3b544da4055e773061cb07,134,Books/b-Library_Hzm-20260601T230631Z-3-001/b-Library_Hzm/PRL/Gaybın Son Habercisi.pdf,Mükerrer Kopya: Bu içerik zaten MySQL'de ID: 134 (Books/b-Library_Hzm-20260601T230631Z-3-001/b-Library_Hzm/PRL/Gaybın Son Habercisi.pdf) olarak kayıtlı.
Hitap Çiçekleri.pdf,Books/b-Library_Hzm-20260601T235628Z-3-001/b-Library_Hzm/PRL/Hitap Çiçekleri.pdf,Mükerrer / Kopya Dosya,.pdf,645810,0.62 MB,7c716b33122f32d96a269285c592aacd749c96d0f3f266c1471d49322d31ab96,526,Books/Books for Text_Hzm-20260529T161525Z-3-001/Books for Text_Hzm/PRL/Hitap Çiçekleri.pdf,Mükerrer Kopya: Bu içerik zaten MySQL'de ID: 526 (Books/Books for Text_Hzm-20260529T161525Z-3-001/Books for Text_Hzm/PRL/Hitap Çiçekleri.pdf) olarak kayıtlı.
Hutbeler-Gönül_Nağmeleri-MFG.pdf,Books/b-Library_Hzm-20260601T235628Z-3-001/b-Library_Hzm/PRL/Hutbeler-Gönül_Nağmeleri-MFG.pdf,Mükerrer / Kopya Dosya,.pdf,15095822,14.40 MB,45eea1386abace78983431ad62a186c0270918f8be82e319575ebd2909eb3f5f,527,Books/Books for Text_Hzm-20260529T161525Z-3-001/Books for Text_Hzm/PRL/Hutbeler-Gönül_Nağmeleri-MFG.pdf,Mükerrer Kopya: Bu içerik zaten MySQL'de ID: 527 (Books/Books for Text_Hzm-20260529T161525Z-3-001/Books for Text_Hzm/PRL/Hutbeler-Gönül_Nağmeleri-MFG.pdf) olarak kayıtlı.
Hüzmeler ve İktibaslar.pdf,Books/b-Library_Hzm-20260601T235628Z-3-001/b-Library_Hzm/PRL/Hüzmeler ve İktibaslar.pdf,Mükerrer / Kopya Dosya,.pdf,417824,0.40 MB,e96e521c9aa7ecdbf845b453bf1d59d832ee62a7fe7c9fdee792fb945156f835,135,Books/b-Library_Hzm-20260601T230631Z-3-001/b-Library_Hzm/PRL/Hüzmeler ve İktibaslar.pdf,Mükerrer Kopya: Bu içerik zaten MySQL'de ID: 135 (Books/b-Library_Hzm-20260601T230631Z-3-001/b-Library_Hzm/PRL/Hüzmeler ve İktibaslar.pdf) olarak kayıtlı.
KT-1-Kırık Testi.pdf,Books/b-Library_Hzm-20260601T235628Z-3-001/b-Library_Hzm/PRL/KT-1-Kırık Testi.pdf,Mükerrer / Kopya Dosya,.pdf,1107188,1.06 MB,fabd5df6cd034fbd8a63329c672b155f3eb08afe3efb9ed55e436a730589cb2b,136,Books/b-Library_Hzm-20260601T230631Z-3-001/b-Library_Hzm/PRL/KT-1-Kırık Testi.pdf,Mükerrer Kopya: Bu içerik zaten MySQL'de ID: 136 (Books/b-Library_Hzm-20260601T230631Z-3-001/b-Library_Hzm/PRL/KT-1-Kırık Testi.pdf) olarak kayıtlı.
KT-10-Cemre Beklentisi.pdf,Books/b-Library_Hzm-20260601T235628Z-3-001/b-Library_Hzm/PRL/KT-10-Cemre Beklentisi.pdf,Mükerrer / Kopya Dosya,.pdf,1325183,1.26 MB,1b0925b6408655cdddb50c0d196c35135431ce761e4da2094b7b832f21d6dbe4,528,Books/Books for Text_Hzm-20260529T161525Z-3-001/Books for Text_Hzm/PRL/KT-10-Cemre Beklentisi.pdf,Mükerrer Kopya: Bu içerik zaten MySQL'de ID: 528 (Books/Books for Text_Hzm-20260529T161525Z-3-001/Books for Text_Hzm/PRL/KT-10-Cemre Beklentisi.pdf) olarak kayıtlı.
KT-11-Yaşatma İdeali.pdf,Books/b-Library_Hzm-20260601T235628Z-3-001/b-Library_Hzm/PRL/KT-11-Yaşatma İdeali.pdf,Mükerrer / Kopya Dosya,.pdf,1270926,1.21 MB,fc2a40f18564e241d0af2e74fb00f1c90b097691b55a1cca69298d4c050e7ebe,529,Books/Books for Text_Hzm-20260529T161525Z-3-001/Books for Text_Hzm/PRL/KT-11-Yaşatma İdeali.pdf,Mükerrer Kopya: Bu içerik zaten MySQL'de ID: 529 (Books/Books for Text_Hzm-20260529T161525Z-3-001/Books for Text_Hzm/PRL/KT-11-Yaşatma İdeali.pdf) olarak kayıtlı.
KT-12-Yenilenme Cehdi.pdf,Books/b-Library_Hzm-20260601T235628Z-3-001/b-Library_Hzm/PRL/KT-12-Yenilenme Cehdi.pdf,Mükerrer / Kopya Dosya,.pdf,1367531,1.30 MB,27f1b11b6f18fb26b4001a7be6c9b24fe3df66af407785af27ea23f6b772aaed,530,Books/Books for Text_Hzm-20260529T161525Z-3-001/Books for Text_Hzm/PRL/KT-12-Yenilenme Cehdi.pdf,Mükerrer Kopya: Bu içerik zaten MySQL'de ID: 530 (Books/Books for Text_Hzm-20260529T161525Z-3-001/Books for Text_Hzm/PRL/KT-12-Yenilenme Cehdi.pdf) olarak kayıtlı.
KT-13-Mefkure Yolculuğu.pdf,Books/b-Library_Hzm-20260601T235628Z-3-001/b-Library_Hzm/PRL/KT-13-Mefkure Yolculuğu.pdf,Mükerrer / Kopya Dosya,.pdf,1425213,1.36 MB,57adbbf9c1ddddd54f4282a0b440023fcc594b9ba600de46e32fd193c17c17c9,531,Books/Books for Text_Hzm-20260529T161525Z-3-001/Books for Text_Hzm/PRL/KT-13-Mefkure Yolculuğu.pdf,Mükerrer Kopya: Bu içerik zaten MySQL'de ID: 531 (Books/Books for Text_Hzm-20260529T161525Z-3-001/Books for Text_Hzm/PRL/KT-13-Mefkure Yolculuğu.pdf) olarak kayıtlı.
KT-14-Buhranlı Günler ve Ümit Atlası.pdf,Books/b-Library_Hzm-20260601T235628Z-3-001/b-Library_Hzm/PRL/KT-14-Buhranlı Günler ve Ümit Atlası.pdf,Mükerrer / Kopya Dosya,.pdf,1273962,1.21 MB,834423e659b6ce65608ccc2d0b945286154a31659686a5c23f832e8f2c54caa7,137,Books/b-Library_Hzm-20260601T230631Z-3-001/b-Library_Hzm/PRL/KT-14-Buhranlı Günler ve Ümit Atlası.pdf,Mükerrer Kopya: Bu içerik zaten MySQL'de ID: 137 (Books/b-Library_Hzm-20260601T230631Z-3-001/b-Library_Hzm/PRL/KT-14-Buhranlı Günler ve Ümit Atlası.pdf) olarak kayıtlı.
KT-15-Yolun Kaderi.pdf,Books/b-Library_Hzm-20260601T235628Z-3-001/b-Library_Hzm/PRL/KT-15-Yolun Kaderi.pdf,Mükerrer / Kopya Dosya,.pdf,1751408,1.67 MB,dc56739b08b64773c81c9ec84bd8b6104c54b04394693903505fd900ce8b8944,532,Books/Books for Text_Hzm-20260529T161525Z-3-001/Books for Text_Hzm/PRL/KT-15-Yolun Kaderi.pdf,Mükerrer Kopya: Bu içerik zaten MySQL'de ID: 532 (Books/Books for Text_Hzm-20260529T161525Z-3-001/Books for Text_Hzm/PRL/KT-15-Yolun Kaderi.pdf) olarak kayıtlı.
KT-16-Dert Musikisi.pdf,Books/b-Library_Hzm-20260601T235628Z-3-001/b-Library_Hzm/PRL/KT-16-Dert Musikisi.pdf,Mükerrer / Kopya Dosya,.pdf,1265568,1.21 MB,ff831b9d5963966f4fb5ce5bf6c659087e7f06128a2e94d366aae23efb9db824,533,Books/Books for Text_Hzm-20260529T161525Z-3-001/Books for Text_Hzm/PRL/KT-16-Dert Musikisi.pdf,Mükerrer Kopya: Bu içerik zaten MySQL'de ID: 533 (Books/Books for Text_Hzm-20260529T161525Z-3-001/Books for Text_Hzm/PRL/KT-16-Dert Musikisi.pdf) olarak kayıtlı.
KT-17-İstikamet Çizgisi.pdf,Books/b-Library_Hzm-20260601T235628Z-3-001/b-Library_Hzm/PRL/KT-17-İstikamet Çizgisi.pdf,Mükerrer / Kopya Dosya,.pdf,2988365,2.85 MB,7ff4e535573dcb44ce58beb2e0a7b1f1921f2dfe4c656438d7d7b01d8a78fa91,138,Books/b-Library_Hzm-20260601T230631Z-3-001/b-Library_Hzm/PRL/KT-17-İstikamet Çizgisi.pdf,Mükerrer Kopya: Bu içerik zaten MySQL'de ID: 138 (Books/b-Library_Hzm-20260601T230631Z-3-001/b-Library_Hzm/PRL/KT-17-İstikamet Çizgisi.pdf) olarak kayıtlı.
KT-18-İmtihanlar Kuşağı.pdf,Books/b-Library_Hzm-20260601T235628Z-3-001/b-Library_Hzm/PRL/KT-18-İmtihanlar Kuşağı.pdf,Mükerrer / Kopya Dosya,.pdf,2977669,2.84 MB,695d2ba3de270bfc4d472198f015640094bffb8f8401ee8843cb94e067b556ab,139,Books/b-Library_Hzm-20260601T230631Z-3-001/b-Library_Hzm/PRL/KT-18-İmtihanlar Kuşağı.pdf,Mükerrer Kopya: Bu içerik zaten MySQL'de ID: 139 (Books/b-Library_Hzm-20260601T230631Z-3-001/b-Library_Hzm/PRL/KT-18-İmtihanlar Kuşağı.pdf) olarak kayıtlı.
KT-19-Işık Karanlığı Boğarken.pdf,Books/b-Library_Hzm-20260601T235628Z-3-001/b-Library_Hzm/PRL/KT-19-Işık Karanlığı Boğarken.pdf,Mükerrer / Kopya Dosya,.pdf,16616155,15.85 MB,cb1441df6962b465f5c430779c6846aef25febdfd226016bcb5397450f909f79,534,Books/Books for Text_Hzm-20260529T161525Z-3-001/Books for Text_Hzm/PRL/KT-19-Işık Karanlığı Boğarken.pdf,Mükerrer Kopya: Bu içerik zaten MySQL'de ID: 534 (Books/Books for Text_Hzm-20260529T161525Z-3-001/Books for Text_Hzm/PRL/KT-19-Işık Karanlığı Boğarken.pdf) olarak kayıtlı.
KT-2-Sohbeti Canan.pdf,Books/b-Library_Hzm-20260601T235628Z-3-001/b-Library_Hzm/PRL/KT-2-Sohbeti Canan.pdf,Mükerrer / Kopya Dosya,.pdf,872831,0.83 MB,21af07252d8e2e56fac423ce3b3f5c4ba59eb72bea8cff28ae5f84768d68c254,140,Books/b-Library_Hzm-20260601T230631Z-3-001/b-Library_Hzm/PRL/KT-2-Sohbeti Canan.pdf,Mükerrer Kopya: Bu içerik zaten MySQL'de ID: 140 (Books/b-Library_Hzm-20260601T230631Z-3-001/b-Library_Hzm/PRL/KT-2-Sohbeti Canan.pdf) olarak kayıtlı.
KT-20-Işık-Karanlık Devr-i Daimi.pdf,Books/b-Library_Hzm-20260601T235628Z-3-001/b-Library_Hzm/PRL/KT-20-Işık-Karanlık Devr-i Daimi.pdf,Mükerrer / Kopya Dosya,.pdf,16549477,15.78 MB,20c535cefc9332617d6716816f06e132822f3bd6dc6ef6cc7ea5960504089fef,535,Books/Books for Text_Hzm-20260529T161525Z-3-001/Books for Text_Hzm/PRL/KT-20-Işık-Karanlık Devr-i Daimi.pdf,Mükerrer Kopya: Bu içerik zaten MySQL'de ID: 535 (Books/Books for Text_Hzm-20260529T161525Z-3-001/Books for Text_Hzm/PRL/KT-20-Işık-Karanlık Devr-i Daimi.pdf) olarak kayıtlı.
KT-3-Gurbet Ufukları.pdf,Books/b-Library_Hzm-20260601T235628Z-3-001/b-Library_Hzm/PRL/KT-3-Gurbet Ufukları.pdf,Mükerrer / Kopya Dosya,.pdf,1027578,0.98 MB,706161a39cda4c7a71dcf3578107dcd29008f04edd0fcef35117319028074c68,536,Books/Books for Text_Hzm-20260529T161525Z-3-001/Books for Text_Hzm/PRL/KT-3-Gurbet Ufukları.pdf,Mükerrer Kopya: Bu içerik zaten MySQL'de ID: 536 (Books/Books for Text_Hzm-20260529T161525Z-3-001/Books for Text_Hzm/PRL/KT-3-Gurbet Ufukları.pdf) olarak kayıtlı.
KT-4-Ümit Burcu.pdf,Books/b-Library_Hzm-20260601T235628Z-3-001/b-Library_Hzm/PRL/KT-4-Ümit Burcu.pdf,Mükerrer / Kopya Dosya,.pdf,1516475,1.45 MB,cd245cf925daf63c3626caba35b57f18c750b39c83db8d58aca0fac3a239fef4,141,Books/b-Library_Hzm-20260601T230631Z-3-001/b-Library_Hzm/PRL/KT-4-Ümit Burcu.pdf,Mükerrer Kopya: Bu içerik zaten MySQL'de ID: 141 (Books/b-Library_Hzm-20260601T230631Z-3-001/b-Library_Hzm/PRL/KT-4-Ümit Burcu.pdf) olarak kayıtlı.
KT-5-İkindi Yağmurları.pdf,Books/b-Library_Hzm-20260601T235628Z-3-001/b-Library_Hzm/PRL/KT-5-İkindi Yağmurları.pdf,Mükerrer / Kopya Dosya,.pdf,1742797,1.66 MB,4f8996fde5d4049ed8c95e9ef16a28075aeb218356c6d8450383e8a1e44e4438,537,Books/Books for Text_Hzm-20260529T161525Z-3-001/Books for Text_Hzm/PRL/KT-5-İkindi Yağmurları.pdf,Mükerrer Kopya: Bu içerik zaten MySQL'de ID: 537 (Books/Books for Text_Hzm-20260529T161525Z-3-001/Books for Text_Hzm/PRL/KT-5-İkindi Yağmurları.pdf) olarak kayıtlı.
KT-6-Diriliş Çağrısı.pdf,Books/b-Library_Hzm-20260601T235628Z-3-001/b-Library_Hzm/PRL/KT-6-Diriliş Çağrısı.pdf,Mükerrer / Kopya Dosya,.pdf,1514602,1.44 MB,3b272bc672383d4d19d520b7326a9ecb178c2155d75a577a511a3ee0ab7af287,538,Books/Books for Text_Hzm-20260529T161525Z-3-001/Books for Text_Hzm/PRL/KT-6-Diriliş Çağrısı.pdf,Mükerrer Kopya: Bu içerik zaten MySQL'de ID: 538 (Books/Books for Text_Hzm-20260529T161525Z-3-001/Books for Text_Hzm/PRL/KT-6-Diriliş Çağrısı.pdf) olarak kayıtlı.
KT-7-Ölümsüzlük İksiri.pdf,Books/b-Library_Hzm-20260601T235628Z-3-001/b-Library_Hzm/PRL/KT-7-Ölümsüzlük İksiri.pdf,Mükerrer / Kopya Dosya,.pdf,1342499,1.28 MB,788081759802c94988ab95ee6e9bfa00932399d2fcf046be4132898a9636f363,539,Books/Books for Text_Hzm-20260529T161525Z-3-001/Books for Text_Hzm/PRL/KT-7-Ölümsüzlük İksiri.pdf,Mükerrer Kopya: Bu içerik zaten MySQL'de ID: 539 (Books/Books for Text_Hzm-20260529T161525Z-3-001/Books for Text_Hzm/PRL/KT-7-Ölümsüzlük İksiri.pdf) olarak kayıtlı.
KT-8-Vuslat Muştusu.pdf,Books/b-Library_Hzm-20260601T235628Z-3-001/b-Library_Hzm/PRL/KT-8-Vuslat Muştusu.pdf,Mükerrer / Kopya Dosya,.pdf,1384906,1.32 MB,f61ea338e82e7572481f25ea4ca911e1a07df27ecabe76b2ee14a291e6fcc626,540,Books/Books for Text_Hzm-20260529T161525Z-3-001/Books for Text_Hzm/PRL/KT-8-Vuslat Muştusu.pdf,Mükerrer Kopya: Bu içerik zaten MySQL'de ID: 540 (Books/Books for Text_Hzm-20260529T161525Z-3-001/Books for Text_Hzm/PRL/KT-8-Vuslat Muştusu.pdf) olarak kayıtlı.
KT-9-Kalb İbresi.pdf,Books/b-Library_Hzm-20260601T235628Z-3-001/b-Library_Hzm/PRL/KT-9-Kalb İbresi.pdf,Mükerrer / Kopya Dosya,.pdf,1335639,1.27 MB,c3ee9bc7af475184ac2d691894d7b6aa8a5cebf5548a84b0ea292ae789c7a617,541,Books/Books for Text_Hzm-20260529T161525Z-3-001/Books for Text_Hzm/PRL/KT-9-Kalb İbresi.pdf,Mükerrer Kopya: Bu içerik zaten MySQL'de ID: 541 (Books/Books for Text_Hzm-20260529T161525Z-3-001/Books for Text_Hzm/PRL/KT-9-Kalb İbresi.pdf) olarak kayıtlı.
Kader-Kitap ve Sünnet Perspektifinde Kader .pdf,Books/b-Library_Hzm-20260601T235628Z-3-001/b-Library_Hzm/PRL/Kader-Kitap ve Sünnet Perspektifinde Kader .pdf,Mükerrer / Kopya Dosya,.pdf,882579,0.84 MB,c8aafafdedea62f8e6ec4bbeefc33a211b2b1b3c71f783923fb0110e7a3ccd66,542,Books/Books for Text_Hzm-20260529T161525Z-3-001/Books for Text_Hzm/PRL/Kader-Kitap ve Sünnet Perspektifinde Kader .pdf,Mükerrer Kopya: Bu içerik zaten MySQL'de ID: 542 (Books/Books for Text_Hzm-20260529T161525Z-3-001/Books for Text_Hzm/PRL/Kader-Kitap ve Sünnet Perspektifinde Kader .pdf) olarak kayıtlı.
Kalbin Solukları.pdf,Books/b-Library_Hzm-20260601T235628Z-3-001/b-Library_Hzm/PRL/Kalbin Solukları.pdf,Mükerrer / Kopya Dosya,.pdf,2282684,2.18 MB,74f6c7d8bf4f072c81135eacfe247f5a8320d58e9ef47b2182f44b81905e79bf,142,Books/b-Library_Hzm-20260601T230631Z-3-001/b-Library_Hzm/PRL/Kalbin Solukları.pdf,Mükerrer Kopya: Bu içerik zaten MySQL'de ID: 142 (Books/b-Library_Hzm-20260601T230631Z-3-001/b-Library_Hzm/PRL/Kalbin Solukları.pdf) olarak kayıtlı.
Kalbin Zümrüt Tepeleri - 1.pdf,Books/b-Library_Hzm-20260601T235628Z-3-001/b-Library_Hzm/PRL/Kalbin Zümrüt Tepeleri - 1.pdf,Mükerrer / Kopya Dosya,.pdf,1238896,1.18 MB,b4a5ae672c9d69acf99afae63f41e28fa96e5f18ba0e519a0a316972e3fe2954,543,Books/Books for Text_Hzm-20260529T161525Z-3-001/Books for Text_Hzm/PRL/Kalbin Zümrüt Tepeleri - 1.pdf,Mükerrer Kopya: Bu içerik zaten MySQL'de ID: 543 (Books/Books for Text_Hzm-20260529T161525Z-3-001/Books for Text_Hzm/PRL/Kalbin Zümrüt Tepeleri - 1.pdf) olarak kayıtlı.
Kalbin Zümrüt Tepeleri - 2.pdf,Books/b-Library_Hzm-20260601T235628Z-3-001/b-Library_Hzm/PRL/Kalbin Zümrüt Tepeleri - 2.pdf,Mükerrer / Kopya Dosya,.pdf,1371771,1.31 MB,09872c93d094f476c507c56faa1defc82eeeb0592e2c3468264c25d71bd8447b,544,Books/Books for Text_Hzm-20260529T161525Z-3-001/Books for Text_Hzm/PRL/Kalbin Zümrüt Tepeleri - 2.pdf,Mükerrer Kopya: Bu içerik zaten MySQL'de ID: 544 (Books/Books for Text_Hzm-20260529T161525Z-3-001/Books for Text_Hzm/PRL/Kalbin Zümrüt Tepeleri - 2.pdf) olarak kayıtlı.
Kalbin Zümrüt Tepeleri - 3.pdf,Books/b-Library_Hzm-20260601T235628Z-3-001/b-Library_Hzm/PRL/Kalbin Zümrüt Tepeleri - 3.pdf,Mükerrer / Kopya Dosya,.pdf,1202242,1.15 MB,f18eafb675ac9856b6eca91c3cc7712ae1a431c987efc5bf72e7e5aa0830674f,545,Books/Books for Text_Hzm-20260529T161525Z-3-001/Books for Text_Hzm/PRL/Kalbin Zümrüt Tepeleri - 3.pdf,Mükerrer Kopya: Bu içerik zaten MySQL'de ID: 545 (Books/Books for Text_Hzm-20260529T161525Z-3-001/Books for Text_Hzm/PRL/Kalbin Zümrüt Tepeleri - 3.pdf) olarak kayıtlı.
Kalbin Zümrüt Tepeleri - 4.pdf,Books/b-Library_Hzm-20260601T235628Z-3-001/b-Library_Hzm/PRL/Kalbin Zümrüt Tepeleri - 4.pdf,Mükerrer / Kopya Dosya,.pdf,994054,0.95 MB,f73139c407c829d48bc83653a3930ea6965ff67dceaff5ed99487195c7ab5fa1,546,Books/Books for Text_Hzm-20260529T161525Z-3-001/Books for Text_Hzm/PRL/Kalbin Zümrüt Tepeleri - 4.pdf,Mükerrer Kopya: Bu içerik zaten MySQL'de ID: 546 (Books/Books for Text_Hzm-20260529T161525Z-3-001/Books for Text_Hzm/PRL/Kalbin Zümrüt Tepeleri - 4.pdf) olarak kayıtlı.
Kur_an_dan İdrake Yansıyanlar.pdf,Books/b-Library_Hzm-20260601T235628Z-3-001/b-Library_Hzm/PRL/Kur_an_dan İdrake Yansıyanlar.pdf,Mükerrer / Kopya Dosya,.pdf,1558510,1.49 MB,32d3c1b122ae4114ec0e17b923bb0bd22f7f1b4e1a062b2cfaf251feefdd0a5c,547,Books/Books for Text_Hzm-20260529T161525Z-3-001/Books for Text_Hzm/PRL/Kur_an_dan İdrake Yansıyanlar.pdf,Mükerrer Kopya: Bu içerik zaten MySQL'de ID: 547 (Books/Books for Text_Hzm-20260529T161525Z-3-001/Books for Text_Hzm/PRL/Kur_an_dan İdrake Yansıyanlar.pdf) olarak kayıtlı.
Kur_an_ın_Sihirli_Ufku_Yusuf_Suresi-MFG.pdf,Books/b-Library_Hzm-20260601T235628Z-3-001/b-Library_Hzm/PRL/Kur_an_ın_Sihirli_Ufku_Yusuf_Suresi-MFG.pdf,Mükerrer / Kopya Dosya,.pdf,24023661,22.91 MB,c7f8565728fa0954164fea49d438887a406b49515f303d3569b5d99a0f2b315d,548,Books/Books for Text_Hzm-20260529T161525Z-3-001/Books for Text_Hzm/PRL/Kur_an_ın_Sihirli_Ufku_Yusuf_Suresi-MFG.pdf,Mükerrer Kopya: Bu içerik zaten MySQL'de ID: 548 (Books/Books for Text_Hzm-20260529T161525Z-3-001/Books for Text_Hzm/PRL/Kur_an_ın_Sihirli_Ufku_Yusuf_Suresi-MFG.pdf) olarak kayıtlı.
Kuranin-Altin-Ikliminde-M.-Fethullah-Gulen.pdf,Books/b-Library_Hzm-20260601T235628Z-3-001/b-Library_Hzm/PRL/Kuranin-Altin-Ikliminde-M.-Fethullah-Gulen.pdf,Mükerrer / Kopya Dosya,.pdf,2232002,2.13 MB,32ffafcce73040f79696bdedbbaee207e1d8e00a9e78ef0e6a815484f0549a01,143,Books/b-Library_Hzm-20260601T230631Z-3-001/b-Library_Hzm/PRL/Kuranin-Altin-Ikliminde-M.-Fethullah-Gulen.pdf,Mükerrer Kopya: Bu içerik zaten MySQL'de ID: 143 (Books/b-Library_Hzm-20260601T230631Z-3-001/b-Library_Hzm/PRL/Kuranin-Altin-Ikliminde-M.-Fethullah-Gulen.pdf) olarak kayıtlı.
Kırık Mızrap.pdf,Books/b-Library_Hzm-20260601T235628Z-3-001/b-Library_Hzm/PRL/Kırık Mızrap.pdf,Mükerrer / Kopya Dosya,.pdf,757525,0.72 MB,e7d12bbfb7dafa6bbe472f0fc7036005584b755e96c94ce7a2b3b7cd89f21f89,549,Books/Books for Text_Hzm-20260529T161525Z-3-001/Books for Text_Hzm/PRL/Kırık Mızrap.pdf,Mükerrer Kopya: Bu içerik zaten MySQL'de ID: 549 (Books/Books for Text_Hzm-20260529T161525Z-3-001/Books for Text_Hzm/PRL/Kırık Mızrap.pdf) olarak kayıtlı.
Namaz-Miraç Enginlikli İbadet.pdf,Books/b-Library_Hzm-20260601T235628Z-3-001/b-Library_Hzm/PRL/Namaz-Miraç Enginlikli İbadet.pdf,Mükerrer / Kopya Dosya,.pdf,2290523,2.18 MB,e4e57169a21a8065616e27ee46dbf7b62b7accbb1af620fca0c83a6d1eeaa22b,550,Books/Books for Text_Hzm-20260529T161525Z-3-001/Books for Text_Hzm/PRL/Namaz-Miraç Enginlikli İbadet.pdf,Mükerrer Kopya: Bu içerik zaten MySQL'de ID: 550 (Books/Books for Text_Hzm-20260529T161525Z-3-001/Books for Text_Hzm/PRL/Namaz-Miraç Enginlikli İbadet.pdf) olarak kayıtlı.
Olcu-veya-Yoldaki-Isiklar-M.-Fethullah-Gulen.pdf,Books/b-Library_Hzm-20260601T235628Z-3-001/b-Library_Hzm/PRL/Olcu-veya-Yoldaki-Isiklar-M.-Fethullah-Gulen.pdf,Mükerrer / Kopya Dosya,.pdf,734653,0.70 MB,efbe62e61a4ed2f4501469afcf9c4b5da91dca1363dff3d7e9c9cf192eeda81d,144,Books/b-Library_Hzm-20260601T230631Z-3-001/b-Library_Hzm/PRL/Olcu-veya-Yoldaki-Isiklar-M.-Fethullah-Gulen.pdf,Mükerrer Kopya: Bu içerik zaten MySQL'de ID: 144 (Books/b-Library_Hzm-20260601T230631Z-3-001/b-Library_Hzm/PRL/Olcu-veya-Yoldaki-Isiklar-M.-Fethullah-Gulen.pdf) olarak kayıtlı.
Olum-ve-Otesi-Hayat-M.-Fethullah-Gulen.pdf,Books/b-Library_Hzm-20260601T235628Z-3-001/b-Library_Hzm/PRL/Olum-ve-Otesi-Hayat-M.-Fethullah-Gulen.pdf,Mükerrer / Kopya Dosya,.pdf,570770,0.54 MB,a69617ec5b20cb12abc73ef9bbf21751c4781658c9e2a3bb57488106f51ee850,145,Books/b-Library_Hzm-20260601T230631Z-3-001/b-Library_Hzm/PRL/Olum-ve-Otesi-Hayat-M.-Fethullah-Gulen.pdf,Mükerrer Kopya: Bu içerik zaten MySQL'de ID: 145 (Books/b-Library_Hzm-20260601T230631Z-3-001/b-Library_Hzm/PRL/Olum-ve-Otesi-Hayat-M.-Fethullah-Gulen.pdf) olarak kayıtlı.
Oruç-Gufranla Tüllenen İbadet.pdf,Books/b-Library_Hzm-20260601T235628Z-3-001/b-Library_Hzm/PRL/Oruç-Gufranla Tüllenen İbadet.pdf,Mükerrer / Kopya Dosya,.pdf,1180172,1.13 MB,8dc00fdb46d9a95d7e202f60dcb7ad2b1ebc81957796b819cd4f8436225c42ba,146,Books/b-Library_Hzm-20260601T230631Z-3-001/b-Library_Hzm/PRL/Oruç-Gufranla Tüllenen İbadet.pdf,Mükerrer Kopya: Bu içerik zaten MySQL'de ID: 146 (Books/b-Library_Hzm-20260601T230631Z-3-001/b-Library_Hzm/PRL/Oruç-Gufranla Tüllenen İbadet.pdf) olarak kayıtlı.
Prizma-1-M.-Fethullah-Gulen.pdf,Books/b-Library_Hzm-20260601T235628Z-3-001/b-Library_Hzm/PRL/Prizma-1-M.-Fethullah-Gulen.pdf,Mükerrer / Kopya Dosya,.pdf,1011412,0.96 MB,7ea68a5ce3bc14764fc6552c56b1479e7f013a4ebbe08157e68dd7312f7bbde6,551,Books/Books for Text_Hzm-20260529T161525Z-3-001/Books for Text_Hzm/PRL/Prizma-1-M.-Fethullah-Gulen.pdf,Mükerrer Kopya: Bu içerik zaten MySQL'de ID: 551 (Books/Books for Text_Hzm-20260529T161525Z-3-001/Books for Text_Hzm/PRL/Prizma-1-M.-Fethullah-Gulen.pdf) olarak kayıtlı.
Prizma-2-M.-Fethullah-Gulen.pdf,Books/b-Library_Hzm-20260601T235628Z-3-001/b-Library_Hzm/PRL/Prizma-2-M.-Fethullah-Gulen.pdf,Mükerrer / Kopya Dosya,.pdf,867292,0.83 MB,0f6147d8f262733022b9d615411d6e0f861c0750a74a308c28ada67277808f51,552,Books/Books for Text_Hzm-20260529T161525Z-3-001/Books for Text_Hzm/PRL/Prizma-2-M.-Fethullah-Gulen.pdf,Mükerrer Kopya: Bu içerik zaten MySQL'de ID: 552 (Books/Books for Text_Hzm-20260529T161525Z-3-001/Books for Text_Hzm/PRL/Prizma-2-M.-Fethullah-Gulen.pdf) olarak kayıtlı.
Prizma-3-M.-Fethullah-Gulen.pdf,Books/b-Library_Hzm-20260601T235628Z-3-001/b-Library_Hzm/PRL/Prizma-3-M.-Fethullah-Gulen.pdf,Mükerrer / Kopya Dosya,.pdf,926152,0.88 MB,c79275f071c38d6d22471f265c343bd4b1950b5a9b4b4bc829a0e3316126adfe,553,Books/Books for Text_Hzm-20260529T161525Z-3-001/Books for Text_Hzm/PRL/Prizma-3-M.-Fethullah-Gulen.pdf,Mükerrer Kopya: Bu içerik zaten MySQL'de ID: 553 (Books/Books for Text_Hzm-20260529T161525Z-3-001/Books for Text_Hzm/PRL/Prizma-3-M.-Fethullah-Gulen.pdf) olarak kayıtlı.
Prizma-4-M.-Fethullah-Gulen.pdf,Books/b-Library_Hzm-20260601T235628Z-3-001/b-Library_Hzm/PRL/Prizma-4-M.-Fethullah-Gulen.pdf,Mükerrer / Kopya Dosya,.pdf,1254238,1.20 MB,57a77ff702a7ee86a6d60091fd62eb44a0659a4f0abfcaca503c4064c36576e5,554,Books/Books for Text_Hzm-20260529T161525Z-3-001/Books for Text_Hzm/PRL/Prizma-4-M.-Fethullah-Gulen.pdf,Mükerrer Kopya: Bu içerik zaten MySQL'de ID: 554 (Books/Books for Text_Hzm-20260529T161525Z-3-001/Books for Text_Hzm/PRL/Prizma-4-M.-Fethullah-Gulen.pdf) olarak kayıtlı.
Prizma-5-Kendi-Iklimimiz-M.-Fethullah-Gulen.pdf,Books/b-Library_Hzm-20260601T235628Z-3-001/b-Library_Hzm/PRL/Prizma-5-Kendi-Iklimimiz-M.-Fethullah-Gulen.pdf,Mükerrer / Kopya Dosya,.pdf,1039401,0.99 MB,c42a8087981b87060053a8ffc6f17d46da97b205b8fd946b2e3550f42bca87a1,555,Books/Books for Text_Hzm-20260529T161525Z-3-001/Books for Text_Hzm/PRL/Prizma-5-Kendi-Iklimimiz-M.-Fethullah-Gulen.pdf,Mükerrer Kopya: Bu içerik zaten MySQL'de ID: 555 (Books/Books for Text_Hzm-20260529T161525Z-3-001/Books for Text_Hzm/PRL/Prizma-5-Kendi-Iklimimiz-M.-Fethullah-Gulen.pdf) olarak kayıtlı.
Prizma-6-Yol-Mulahazalari-M.-Fethullah-Gulen.pdf,Books/b-Library_Hzm-20260601T235628Z-3-001/b-Library_Hzm/PRL/Prizma-6-Yol-Mulahazalari-M.-Fethullah-Gulen.pdf,Mükerrer / Kopya Dosya,.pdf,919171,0.88 MB,49b4307b86bc58d6a60d8f300acb049d3aca2e4abada22333c3811277289a6dc,556,Books/Books for Text_Hzm-20260529T161525Z-3-001/Books for Text_Hzm/PRL/Prizma-6-Yol-Mulahazalari-M.-Fethullah-Gulen.pdf,Mükerrer Kopya: Bu içerik zaten MySQL'de ID: 556 (Books/Books for Text_Hzm-20260529T161525Z-3-001/Books for Text_Hzm/PRL/Prizma-6-Yol-Mulahazalari-M.-Fethullah-Gulen.pdf) olarak kayıtlı.
Prizma-7-Zihin-Harmani-M.-Fethullah-Gulen.pdf,Books/b-Library_Hzm-20260601T235628Z-3-001/b-Library_Hzm/PRL/Prizma-7-Zihin-Harmani-M.-Fethullah-Gulen.pdf,Mükerrer / Kopya Dosya,.pdf,891834,0.85 MB,b35e958b841f0627386d541c714558b6d4268a67df42c660206ee1bafe32d3c8,557,Books/Books for Text_Hzm-20260529T161525Z-3-001/Books for Text_Hzm/PRL/Prizma-7-Zihin-Harmani-M.-Fethullah-Gulen.pdf,Mükerrer Kopya: Bu içerik zaten MySQL'de ID: 557 (Books/Books for Text_Hzm-20260529T161525Z-3-001/Books for Text_Hzm/PRL/Prizma-7-Zihin-Harmani-M.-Fethullah-Gulen.pdf) olarak kayıtlı.
Prizma-8-Cizgimizi-Hecelerken-M.-Fethullah-Gulen.pdf,Books/b-Library_Hzm-20260601T235628Z-3-001/b-Library_Hzm/PRL/Prizma-8-Cizgimizi-Hecelerken-M.-Fethullah-Gulen.pdf,Mükerrer / Kopya Dosya,.pdf,1166133,1.11 MB,d446011717f1f90ee6ff72de5239e0f9c7bd5bafdbc665fdb5df054343ea421a,558,Books/Books for Text_Hzm-20260529T161525Z-3-001/Books for Text_Hzm/PRL/Prizma-8-Cizgimizi-Hecelerken-M.-Fethullah-Gulen.pdf,Mükerrer Kopya: Bu içerik zaten MySQL'de ID: 558 (Books/Books for Text_Hzm-20260529T161525Z-3-001/Books for Text_Hzm/PRL/Prizma-8-Cizgimizi-Hecelerken-M.-Fethullah-Gulen.pdf) olarak kayıtlı.
Prizma-9-Kendi-Ruhumuzu-Ararken-M.-Fethullah-Gulen.pdf,Books/b-Library_Hzm-20260601T235628Z-3-001/b-Library_Hzm/PRL/Prizma-9-Kendi-Ruhumuzu-Ararken-M.-Fethullah-Gulen.pdf,Mükerrer / Kopya Dosya,.pdf,1430333,1.36 MB,2ecaa2d159b963589a7e38b24d8d8af4dd02ca28c6ded2f36f8bebf43ff57c1d,559,Books/Books for Text_Hzm-20260529T161525Z-3-001/Books for Text_Hzm/PRL/Prizma-9-Kendi-Ruhumuzu-Ararken-M.-Fethullah-Gulen.pdf,Mükerrer Kopya: Bu içerik zaten MySQL'de ID: 559 (Books/Books for Text_Hzm-20260529T161525Z-3-001/Books for Text_Hzm/PRL/Prizma-9-Kendi-Ruhumuzu-Ararken-M.-Fethullah-Gulen.pdf) olarak kayıtlı.
Ruhumuzun-Heykelini-Dikerken-1-M.-Fethullah-Gulen.pdf,Books/b-Library_Hzm-20260601T235628Z-3-001/b-Library_Hzm/PRL/Ruhumuzun-Heykelini-Dikerken-1-M.-Fethullah-Gulen.pdf,Mükerrer / Kopya Dosya,.pdf,662872,0.63 MB,2a8e4925b668206901d234bee7626260c431343d2a826dd02647556c0317bce1,560,Books/Books for Text_Hzm-20260529T161525Z-3-001/Books for Text_Hzm/PRL/Ruhumuzun-Heykelini-Dikerken-1-M.-Fethullah-Gulen.pdf,Mükerrer Kopya: Bu içerik zaten MySQL'de ID: 560 (Books/Books for Text_Hzm-20260529T161525Z-3-001/Books for Text_Hzm/PRL/Ruhumuzun-Heykelini-Dikerken-1-M.-Fethullah-Gulen.pdf) olarak kayıtlı.
Ruhumuzun-Heykelini-Dikerken-2-Kendi-Dunyamiza-Dogru-M.-Fethullah-Gulen.pdf,Books/b-Library_Hzm-20260601T235628Z-3-001/b-Library_Hzm/PRL/Ruhumuzun-Heykelini-Dikerken-2-Kendi-Dunyamiza-Dogru-M.-Fethullah-Gulen.pdf,Mükerrer / Kopya Dosya,.pdf,1100126,1.05 MB,7fa52270d3a474eb7763c0bdf95f7c4576dba95700749c1711dceca6ee9fcbfa,561,Books/Books for Text_Hzm-20260529T161525Z-3-001/Books for Text_Hzm/PRL/Ruhumuzun-Heykelini-Dikerken-2-Kendi-Dunyamiza-Dogru-M.-Fethullah-Gulen.pdf,Mükerrer Kopya: Bu içerik zaten MySQL'de ID: 561 (Books/Books for Text_Hzm-20260529T161525Z-3-001/Books for Text_Hzm/PRL/Ruhumuzun-Heykelini-Dikerken-2-Kendi-Dunyamiza-Dogru-M.-Fethullah-Gulen.pdf) olarak kayıtlı.
SA-1_Sohbet-Atmosferi-M.-Fethullah-Gulen.pdf,Books/b-Library_Hzm-20260601T235628Z-3-001/b-Library_Hzm/PRL/SA-1_Sohbet-Atmosferi-M.-Fethullah-Gulen.pdf,Mükerrer / Kopya Dosya,.pdf,1204406,1.15 MB,014ec19a3ea89a24c3355f0edb4ef2318f16227e99d736edc8e671afb0a5bf72,562,Books/Books for Text_Hzm-20260529T161525Z-3-001/Books for Text_Hzm/PRL/SA-1_Sohbet-Atmosferi-M.-Fethullah-Gulen.pdf,Mükerrer Kopya: Bu içerik zaten MySQL'de ID: 562 (Books/Books for Text_Hzm-20260529T161525Z-3-001/Books for Text_Hzm/PRL/SA-1_Sohbet-Atmosferi-M.-Fethullah-Gulen.pdf) olarak kayıtlı.
SA-2_Bahar Neşidesi.pdf,Books/b-Library_Hzm-20260601T235628Z-3-001/b-Library_Hzm/PRL/SA-2_Bahar Neşidesi.pdf,Mükerrer / Kopya Dosya,.pdf,1243783,1.19 MB,7b1c262e5ae9fcd8df11e9f51974104aba2adeb8fae45ee30db7881784be7b08,147,Books/b-Library_Hzm-20260601T230631Z-3-001/b-Library_Hzm/PRL/SA-2_Bahar Neşidesi.pdf,Mükerrer Kopya: Bu içerik zaten MySQL'de ID: 147 (Books/b-Library_Hzm-20260601T230631Z-3-001/b-Library_Hzm/PRL/SA-2_Bahar Neşidesi.pdf) olarak kayıtlı.
Sonsuz-Nur-1-M.-Fethullah-Gulen.pdf,Books/b-Library_Hzm-20260601T235628Z-3-001/b-Library_Hzm/PRL/Sonsuz-Nur-1-M.-Fethullah-Gulen.pdf,Mükerrer / Kopya Dosya,.pdf,3028366,2.89 MB,9688733c66d6bd0d0138be02accbe457b8fa7861ed875031494c0a878576abd1,148,Books/b-Library_Hzm-20260601T230631Z-3-001/b-Library_Hzm/PRL/Sonsuz-Nur-1-M.-Fethullah-Gulen.pdf,Mükerrer Kopya: Bu içerik zaten MySQL'de ID: 148 (Books/b-Library_Hzm-20260601T230631Z-3-001/b-Library_Hzm/PRL/Sonsuz-Nur-1-M.-Fethullah-Gulen.pdf) olarak kayıtlı.
Sonsuz-Nur-2-M.-Fethullah-Gulen.pdf,Books/b-Library_Hzm-20260601T235628Z-3-001/b-Library_Hzm/PRL/Sonsuz-Nur-2-M.-Fethullah-Gulen.pdf,Mükerrer / Kopya Dosya,.pdf,2352032,2.24 MB,fbf8391204fb8adf784694b75a20dff655c201340b2683fe370635c33cda890e,563,Books/Books for Text_Hzm-20260529T161525Z-3-001/Books for Text_Hzm/PRL/Sonsuz-Nur-2-M.-Fethullah-Gulen.pdf,Mükerrer Kopya: Bu içerik zaten MySQL'de ID: 563 (Books/Books for Text_Hzm-20260529T161525Z-3-001/Books for Text_Hzm/PRL/Sonsuz-Nur-2-M.-Fethullah-Gulen.pdf) olarak kayıtlı.
Varligin-Metafizik-Boyutu-M.-Fethullah-Gulen.pdf,Books/b-Library_Hzm-20260601T235628Z-3-001/b-Library_Hzm/PRL/Varligin-Metafizik-Boyutu-M.-Fethullah-Gulen.pdf,Mükerrer / Kopya Dosya,.pdf,1573614,1.50 MB,8764fecf921280f1be4826b8cd6025a3c3a82ea1c571d12a02648dbbbe7cf38f,564,Books/Books for Text_Hzm-20260529T161525Z-3-001/Books for Text_Hzm/PRL/Varligin-Metafizik-Boyutu-M.-Fethullah-Gulen.pdf,Mükerrer Kopya: Bu içerik zaten MySQL'de ID: 564 (Books/Books for Text_Hzm-20260529T161525Z-3-001/Books for Text_Hzm/PRL/Varligin-Metafizik-Boyutu-M.-Fethullah-Gulen.pdf) olarak kayıtlı.
Yaratilis-Gercegi-ve-Evrim-M.-Fethullah-Gulen.pdf,Books/b-Library_Hzm-20260601T235628Z-3-001/b-Library_Hzm/PRL/Yaratilis-Gercegi-ve-Evrim-M.-Fethullah-Gulen.pdf,Mükerrer / Kopya Dosya,.pdf,620143,0.59 MB,633c3343bce39e5327c79a69f0be05689605c1959f0ba8bd275b9361a0f0591a,565,Books/Books for Text_Hzm-20260529T161525Z-3-001/Books for Text_Hzm/PRL/Yaratilis-Gercegi-ve-Evrim-M.-Fethullah-Gulen.pdf,Mükerrer Kopya: Bu içerik zaten MySQL'de ID: 565 (Books/Books for Text_Hzm-20260529T161525Z-3-001/Books for Text_Hzm/PRL/Yaratilis-Gercegi-ve-Evrim-M.-Fethullah-Gulen.pdf) olarak kayıtlı.
Yusuf_Suresi-MFG.pdf,Books/b-Library_Hzm-20260601T235628Z-3-001/b-Library_Hzm/PRL/Yusuf_Suresi-MFG.pdf,Mükerrer / Kopya Dosya,.pdf,24023661,22.91 MB,c7f8565728fa0954164fea49d438887a406b49515f303d3569b5d99a0f2b315d,548,Books/Books for Text_Hzm-20260529T161525Z-3-001/Books for Text_Hzm/PRL/Kur_an_ın_Sihirli_Ufku_Yusuf_Suresi-MFG.pdf,Mükerrer Kopya: Bu içerik zaten MySQL'de ID: 548 (Books/Books for Text_Hzm-20260529T161525Z-3-001/Books for Text_Hzm/PRL/Kur_an_ın_Sihirli_Ufku_Yusuf_Suresi-MFG.pdf) olarak kayıtlı.
İla-yı Kelimetullah veya Cihad.pdf,Books/b-Library_Hzm-20260601T235628Z-3-001/b-Library_Hzm/PRL/İla-yı Kelimetullah veya Cihad.pdf,Mükerrer / Kopya Dosya,.pdf,2520018,2.40 MB,84040640974c84eb25059e5eee89a57acfc406198c8fb81ebf754f589113bca7,566,Books/Books for Text_Hzm-20260529T161525Z-3-001/Books for Text_Hzm/PRL/İla-yı Kelimetullah veya Cihad.pdf,Mükerrer Kopya: Bu içerik zaten MySQL'de ID: 566 (Books/Books for Text_Hzm-20260529T161525Z-3-001/Books for Text_Hzm/PRL/İla-yı Kelimetullah veya Cihad.pdf) olarak kayıtlı.
İnancın Gölgesinde-1.pdf,Books/b-Library_Hzm-20260601T235628Z-3-001/b-Library_Hzm/PRL/İnancın Gölgesinde-1.pdf,Mükerrer / Kopya Dosya,.pdf,1118446,1.07 MB,0ca5c4df3fb2d4e1bbcfab183bb9d72f50800a228fb6a91d34903d86e7aae0fb,567,Books/Books for Text_Hzm-20260529T161525Z-3-001/Books for Text_Hzm/PRL/İnancın Gölgesinde-1.pdf,Mükerrer Kopya: Bu içerik zaten MySQL'de ID: 567 (Books/Books for Text_Hzm-20260529T161525Z-3-001/Books for Text_Hzm/PRL/İnancın Gölgesinde-1.pdf) olarak kayıtlı.
İnancın Gölgesinde-2.pdf,Books/b-Library_Hzm-20260601T235628Z-3-001/b-Library_Hzm/PRL/İnancın Gölgesinde-2.pdf,Mükerrer / Kopya Dosya,.pdf,1052419,1.00 MB,eb953c675b0027fe8dbbf326081a49afdafcc14a72e02d7c92463b509257f7ad,568,Books/Books for Text_Hzm-20260529T161525Z-3-001/Books for Text_Hzm/PRL/İnancın Gölgesinde-2.pdf,Mükerrer Kopya: Bu içerik zaten MySQL'de ID: 568 (Books/Books for Text_Hzm-20260529T161525Z-3-001/Books for Text_Hzm/PRL/İnancın Gölgesinde-2.pdf) olarak kayıtlı.
İrşad Ekseni.pdf,Books/b-Library_Hzm-20260601T235628Z-3-001/b-Library_Hzm/PRL/İrşad Ekseni.pdf,Mükerrer / Kopya Dosya,.pdf,1013773,0.97 MB,f9a490d4152167b179f1acc3585a1ec3309b0578368787c7a8263b2ba0abcd25,569,Books/Books for Text_Hzm-20260529T161525Z-3-001/Books for Text_Hzm/PRL/İrşad Ekseni.pdf,Mükerrer Kopya: Bu içerik zaten MySQL'de ID: 569 (Books/Books for Text_Hzm-20260529T161525Z-3-001/Books for Text_Hzm/PRL/İrşad Ekseni.pdf) olarak kayıtlı.
Asa-yi Musa.pdf,Books/b-Library_Hzm-20260601T235628Z-3-001/b-Library_Hzm/RN-Külliyat-Hzm/RN-Hzm/Asa-yi Musa.pdf,Mükerrer / Kopya Dosya,.pdf,1637887,1.56 MB,cbf7deba731b1c1ad3441dc8ef01c6d48865ddd1318b5408e272cc424bd82e2e,1462,Books/b-Library_Hzm-20260601T230631Z-3-002/b-Library_Hzm/RN-Külliyat-Hzm/RN-Hzm/Asa-yi Musa.pdf,Mükerrer Kopya: Bu içerik zaten MySQL'de ID: 1462 (Books/b-Library_Hzm-20260601T230631Z-3-002/b-Library_Hzm/RN-Külliyat-Hzm/RN-Hzm/Asa-yi Musa.pdf) olarak kayıtlı.
Barla Lahikasi.pdf,Books/b-Library_Hzm-20260601T235628Z-3-001/b-Library_Hzm/RN-Külliyat-Hzm/RN-Hzm/Barla Lahikasi.pdf,Mükerrer / Kopya Dosya,.pdf,2272364,2.17 MB,e94c3ab8ef887f5f680b21202a26efe31683b9639c0a12b2f1a7dcbfdce79ce9,1463,Books/b-Library_Hzm-20260601T230631Z-3-002/b-Library_Hzm/RN-Külliyat-Hzm/RN-Hzm/Barla Lahikasi.pdf,Mükerrer Kopya: Bu içerik zaten MySQL'de ID: 1463 (Books/b-Library_Hzm-20260601T230631Z-3-002/b-Library_Hzm/RN-Külliyat-Hzm/RN-Hzm/Barla Lahikasi.pdf) olarak kayıtlı.
Emirdag Lahikasi.pdf,Books/b-Library_Hzm-20260601T235628Z-3-001/b-Library_Hzm/RN-Külliyat-Hzm/RN-Hzm/Emirdag Lahikasi.pdf,Mükerrer / Kopya Dosya,.pdf,2634367,2.51 MB,ec7d40f33ee2407f761846cb07e6797769f00eff3466a427d6eb09b7cb371a6d,1464,Books/b-Library_Hzm-20260601T230631Z-3-002/b-Library_Hzm/RN-Külliyat-Hzm/RN-Hzm/Emirdag Lahikasi.pdf,Mükerrer Kopya: Bu içerik zaten MySQL'de ID: 1464 (Books/b-Library_Hzm-20260601T230631Z-3-002/b-Library_Hzm/RN-Külliyat-Hzm/RN-Hzm/Emirdag Lahikasi.pdf) olarak kayıtlı.
Kastamonu Lahikasi.pdf,Books/b-Library_Hzm-20260601T235628Z-3-001/b-Library_Hzm/RN-Külliyat-Hzm/RN-Hzm/Kastamonu Lahikasi.pdf,Mükerrer / Kopya Dosya,.pdf,1701583,1.62 MB,7a124fda045a904389798017ee68897dbc679976457d9403d0a2ca204d9bd54d,1467,Books/b-Library_Hzm-20260601T230631Z-3-002/b-Library_Hzm/RN-Külliyat-Hzm/RN-Hzm/Kastamonu Lahikasi.pdf,Mükerrer Kopya: Bu içerik zaten MySQL'de ID: 1467 (Books/b-Library_Hzm-20260601T230631Z-3-002/b-Library_Hzm/RN-Külliyat-Hzm/RN-Hzm/Kastamonu Lahikasi.pdf) olarak kayıtlı.
Mesnevi-i Nuriye.pdf,Books/b-Library_Hzm-20260601T235628Z-3-001/b-Library_Hzm/RN-Külliyat-Hzm/RN-Hzm/Mesnevi-i Nuriye.pdf,Mükerrer / Kopya Dosya,.pdf,1667799,1.59 MB,3d3dc0c6257913f7ef5bee23696260ab8c2f8f574efb3a97570009a36e4ce39a,1470,Books/b-Library_Hzm-20260601T230631Z-3-002/b-Library_Hzm/RN-Külliyat-Hzm/RN-Hzm/Mesnevi-i Nuriye.pdf,Mükerrer Kopya: Bu içerik zaten MySQL'de ID: 1470 (Books/b-Library_Hzm-20260601T230631Z-3-002/b-Library_Hzm/RN-Külliyat-Hzm/RN-Hzm/Mesnevi-i Nuriye.pdf) olarak kayıtlı.
Muhakemat.pdf,Books/b-Library_Hzm-20260601T235628Z-3-001/b-Library_Hzm/RN-Külliyat-Hzm/RN-Hzm/Muhakemat.pdf,Mükerrer / Kopya Dosya,.pdf,1095199,1.04 MB,6ed1bbce42a7eb2ee1de97781e8656e1633e65e50f66d94ddf5c796cc8927352,1471,Books/b-Library_Hzm-20260601T230631Z-3-002/b-Library_Hzm/RN-Külliyat-Hzm/RN-Hzm/Muhakemat.pdf,Mükerrer Kopya: Bu içerik zaten MySQL'de ID: 1471 (Books/b-Library_Hzm-20260601T230631Z-3-002/b-Library_Hzm/RN-Külliyat-Hzm/RN-Hzm/Muhakemat.pdf) olarak kayıtlı.
Sikke-i Tasdik-i Gaybi.pdf,Books/b-Library_Hzm-20260601T235628Z-3-001/b-Library_Hzm/RN-Külliyat-Hzm/RN-Hzm/Sikke-i Tasdik-i Gaybi.pdf,Mükerrer / Kopya Dosya,.pdf,1632478,1.56 MB,23b0ff2cc6d140510fbabb24df6d65f9daa056a4b91e871e4a39406f9639c302,1472,Books/b-Library_Hzm-20260601T230631Z-3-002/b-Library_Hzm/RN-Külliyat-Hzm/RN-Hzm/Sikke-i Tasdik-i Gaybi.pdf,Mükerrer Kopya: Bu içerik zaten MySQL'de ID: 1472 (Books/b-Library_Hzm-20260601T230631Z-3-002/b-Library_Hzm/RN-Külliyat-Hzm/RN-Hzm/Sikke-i Tasdik-i Gaybi.pdf) olarak kayıtlı.
Nurlardan-secmeler-1-Sözler_den.pdf,Books/b-Library_Hzm-20260601T235628Z-3-001/b-Library_Hzm/RN-Külliyat-Hzm/RN-Seçmeler/Nurlardan-secmeler-1-Sözler_den.pdf,Mükerrer / Kopya Dosya,.pdf,926216,0.88 MB,c49ac7502861f5e8df79b42218edf32b07973c26ce8cd86aa40b3041d3d46a14,149,Books/b-Library_Hzm-20260601T230631Z-3-001/b-Library_Hzm/RN-Külliyat-Hzm/RN-Seçmeler/Nurlardan-secmeler-1-Sözler_den.pdf,Mükerrer Kopya: Bu içerik zaten MySQL'de ID: 149 (Books/b-Library_Hzm-20260601T230631Z-3-001/b-Library_Hzm/RN-Külliyat-Hzm/RN-Seçmeler/Nurlardan-secmeler-1-Sözler_den.pdf) olarak kayıtlı.
Nurlardan-secmeler-2-Sözler_den.pdf,Books/b-Library_Hzm-20260601T235628Z-3-001/b-Library_Hzm/RN-Külliyat-Hzm/RN-Seçmeler/Nurlardan-secmeler-2-Sözler_den.pdf,Mükerrer / Kopya Dosya,.pdf,1105859,1.05 MB,082e6ea397a27884e8132c341ffab519c2470b004718990cf852a70ead334def,150,Books/b-Library_Hzm-20260601T230631Z-3-001/b-Library_Hzm/RN-Külliyat-Hzm/RN-Seçmeler/Nurlardan-secmeler-2-Sözler_den.pdf,Mükerrer Kopya: Bu içerik zaten MySQL'de ID: 150 (Books/b-Library_Hzm-20260601T230631Z-3-001/b-Library_Hzm/RN-Külliyat-Hzm/RN-Seçmeler/Nurlardan-secmeler-2-Sözler_den.pdf) olarak kayıtlı.
Nurlardan-secmeler-3-Lemalar_dan.pdf,Books/b-Library_Hzm-20260601T235628Z-3-001/b-Library_Hzm/RN-Külliyat-Hzm/RN-Seçmeler/Nurlardan-secmeler-3-Lemalar_dan.pdf,Mükerrer / Kopya Dosya,.pdf,1160115,1.11 MB,a23f49f24ca6d7949e06e4fdc75a50ac18c84f5058c57f7b275a1e095f83d34e,1487,Books/b-Library_Hzm-20260601T230631Z-3-002/b-Library_Hzm/RN-Külliyat-Hzm/RN-Seçmeler/Nurlardan-secmeler-3-Lemalar_dan.pdf,Mükerrer Kopya: Bu içerik zaten MySQL'de ID: 1487 (Books/b-Library_Hzm-20260601T230631Z-3-002/b-Library_Hzm/RN-Külliyat-Hzm/RN-Seçmeler/Nurlardan-secmeler-3-Lemalar_dan.pdf) olarak kayıtlı.
Nurlardan-secmeler-4-Lemalar_dan.pdf,Books/b-Library_Hzm-20260601T235628Z-3-001/b-Library_Hzm/RN-Külliyat-Hzm/RN-Seçmeler/Nurlardan-secmeler-4-Lemalar_dan.pdf,Mükerrer / Kopya Dosya,.pdf,978517,0.93 MB,07c1b15af03ae22cb86b0639ca2aa199824a603eaea10fb6dc330dcc6ea0acb8,1488,Books/b-Library_Hzm-20260601T230631Z-3-002/b-Library_Hzm/RN-Külliyat-Hzm/RN-Seçmeler/Nurlardan-secmeler-4-Lemalar_dan.pdf,Mükerrer Kopya: Bu içerik zaten MySQL'de ID: 1488 (Books/b-Library_Hzm-20260601T230631Z-3-002/b-Library_Hzm/RN-Külliyat-Hzm/RN-Seçmeler/Nurlardan-secmeler-4-Lemalar_dan.pdf) olarak kayıtlı.
Nurlardan-secmeler-5-Mektubat_tan.pdf,Books/b-Library_Hzm-20260601T235628Z-3-001/b-Library_Hzm/RN-Külliyat-Hzm/RN-Seçmeler/Nurlardan-secmeler-5-Mektubat_tan.pdf,Mükerrer / Kopya Dosya,.pdf,1187603,1.13 MB,de90a66b6f9901591185cd415a2cc7543e556d2695cd66c92a06ab5cc073e609,1489,Books/b-Library_Hzm-20260601T230631Z-3-002/b-Library_Hzm/RN-Külliyat-Hzm/RN-Seçmeler/Nurlardan-secmeler-5-Mektubat_tan.pdf,Mükerrer Kopya: Bu içerik zaten MySQL'de ID: 1489 (Books/b-Library_Hzm-20260601T230631Z-3-002/b-Library_Hzm/RN-Külliyat-Hzm/RN-Seçmeler/Nurlardan-secmeler-5-Mektubat_tan.pdf) olarak kayıtlı.
Nurlardan-secmeler-6-Mektubat_tan.pdf,Books/b-Library_Hzm-20260601T235628Z-3-001/b-Library_Hzm/RN-Külliyat-Hzm/RN-Seçmeler/Nurlardan-secmeler-6-Mektubat_tan.pdf,Mükerrer / Kopya Dosya,.pdf,1762530,1.68 MB,f4ee6889f2db949aebddab457a68013c03cfafb29f527ec48c4f8abd917a8cec,1490,Books/b-Library_Hzm-20260601T230631Z-3-002/b-Library_Hzm/RN-Külliyat-Hzm/RN-Seçmeler/Nurlardan-secmeler-6-Mektubat_tan.pdf,Mükerrer Kopya: Bu içerik zaten MySQL'de ID: 1490 (Books/b-Library_Hzm-20260601T230631Z-3-002/b-Library_Hzm/RN-Külliyat-Hzm/RN-Seçmeler/Nurlardan-secmeler-6-Mektubat_tan.pdf) olarak kayıtlı.
sayit-kocer-efendimizin-sav-ramazani-isikyayinlari.pdf,Books/b-Library_Hzm-20260601T235628Z-3-001/b-Library_Hzm/Ramazan-Oruç-Üç aylar/sayit-kocer-efendimizin-sav-ramazani-isikyayinlari.pdf,Mükerrer / Kopya Dosya,.pdf,917864,0.88 MB,2b75f7bf14b296552caa9da293f5caa7a7e239d4e15e1dcd795c4c8ab5b9285c,151,Books/b-Library_Hzm-20260601T230631Z-3-001/b-Library_Hzm/Ramazan-Oruç-Üç aylar/sayit-kocer-efendimizin-sav-ramazani-isikyayinlari.pdf,Mükerrer Kopya: Bu içerik zaten MySQL'de ID: 151 (Books/b-Library_Hzm-20260601T230631Z-3-001/b-Library_Hzm/Ramazan-Oruç-Üç aylar/sayit-kocer-efendimizin-sav-ramazani-isikyayinlari.pdf) olarak kayıtlı.
Rüya-Hakikat-Penceresi-mi-Hayal-Perdesimi-mi-M-Yusuf-Guven-O-Fatih-Belbagi.pdf,Books/b-Library_Hzm-20260601T235628Z-3-001/b-Library_Hzm/Rüya-Hakikat-Penceresi-mi-Hayal-Perdesimi-mi-M-Yusuf-Guven-O-Fatih-Belbagi.pdf,Mükerrer / Kopya Dosya,.pdf,703981,0.67 MB,b74a032164a46700e25916dabbbcd334022f5ef56ac263f8c7d7233feae8e162,152,Books/b-Library_Hzm-20260601T230631Z-3-001/b-Library_Hzm/Rüya-Hakikat-Penceresi-mi-Hayal-Perdesimi-mi-M-Yusuf-Guven-O-Fatih-Belbagi.pdf,Mükerrer Kopya: Bu içerik zaten MySQL'de ID: 152 (Books/b-Library_Hzm-20260601T230631Z-3-001/b-Library_Hzm/Rüya-Hakikat-Penceresi-mi-Hayal-Perdesimi-mi-M-Yusuf-Guven-O-Fatih-Belbagi.pdf) olarak kayıtlı.
Hz Aisha-the-wife-the-companion-the-scholar-Reşit Haylamaz.pdf,Books/b-Library_Hzm-20260601T235628Z-3-001/b-Library_Hzm/Sahabe-Hzm-English/Hz Aisha-the-wife-the-companion-the-scholar-Reşit Haylamaz.pdf,Mükerrer / Kopya Dosya,.pdf,1465483,1.40 MB,eae993ed8cdc320007709b26624f9b07daf170ea95eb942890d1d4a9e74a05a3,153,Books/b-Library_Hzm-20260601T230631Z-3-001/b-Library_Hzm/Sahabe-Hzm-English/Hz Aisha-the-wife-the-companion-the-scholar-Reşit Haylamaz.pdf,Mükerrer Kopya: Bu içerik zaten MySQL'de ID: 153 (Books/b-Library_Hzm-20260601T230631Z-3-001/b-Library_Hzm/Sahabe-Hzm-English/Hz Aisha-the-wife-the-companion-the-scholar-Reşit Haylamaz.pdf) olarak kayıtlı.
Asere-i-Mubessere-IsikYayinlari-Ahmet-Kurucan-Zuhtu-Mercan.pdf,Books/b-Library_Hzm-20260601T235628Z-3-001/b-Library_Hzm/Sahabe-Hzm/Asere-i-Mubessere-IsikYayinlari-Ahmet-Kurucan-Zuhtu-Mercan.pdf,Mükerrer / Kopya Dosya,.pdf,955018,0.91 MB,d661c9340889a204167c66b0fc48824e5625d8f8e54ac87f318ca6c44286c015,154,Books/b-Library_Hzm-20260601T230631Z-3-001/b-Library_Hzm/Sahabe-Hzm/Asere-i-Mubessere-IsikYayinlari-Ahmet-Kurucan-Zuhtu-Mercan.pdf,Mükerrer Kopya: Bu içerik zaten MySQL'de ID: 154 (Books/b-Library_Hzm-20260601T230631Z-3-001/b-Library_Hzm/Sahabe-Hzm/Asere-i-Mubessere-IsikYayinlari-Ahmet-Kurucan-Zuhtu-Mercan.pdf) olarak kayıtlı.
Hayatus Sahabe - Muhtasar 2.pdf,Books/b-Library_Hzm-20260601T235628Z-3-001/b-Library_Hzm/Sahabe-Hzm/Hayatus Sahabe - Muhtasar 2.pdf,Mükerrer / Kopya Dosya,.pdf,2166830,2.07 MB,ac434b73b705068b55dc2db96db18e08679e281e1adc783b5af62f63e42560a3,155,Books/b-Library_Hzm-20260601T230631Z-3-001/b-Library_Hzm/Sahabe-Hzm/Hayatus Sahabe - Muhtasar 2.pdf,Mükerrer Kopya: Bu içerik zaten MySQL'de ID: 155 (Books/b-Library_Hzm-20260601T230631Z-3-001/b-Library_Hzm/Sahabe-Hzm/Hayatus Sahabe - Muhtasar 2.pdf) olarak kayıtlı.
Hayatus-Sahabe-Muhtasar-Cilt-1-M-Yusuf-Kandehlevi.pdf,Books/b-Library_Hzm-20260601T235628Z-3-001/b-Library_Hzm/Sahabe-Hzm/Hayatus-Sahabe-Muhtasar-Cilt-1-M-Yusuf-Kandehlevi.pdf,Mükerrer / Kopya Dosya,.pdf,1837232,1.75 MB,c7134df3223ac8fe02dbd32e676d9aa4b1fbf9432fa5529dc19c088e881a76cc,156,Books/b-Library_Hzm-20260601T230631Z-3-001/b-Library_Hzm/Sahabe-Hzm/Hayatus-Sahabe-Muhtasar-Cilt-1-M-Yusuf-Kandehlevi.pdf,Mükerrer Kopya: Bu içerik zaten MySQL'de ID: 156 (Books/b-Library_Hzm-20260601T230631Z-3-001/b-Library_Hzm/Sahabe-Hzm/Hayatus-Sahabe-Muhtasar-Cilt-1-M-Yusuf-Kandehlevi.pdf) olarak kayıtlı.
Hazreti Ebu Bekir.pdf,Books/b-Library_Hzm-20260601T235628Z-3-001/b-Library_Hzm/Sahabe-Hzm/Hazreti Ebu Bekir.pdf,Mükerrer / Kopya Dosya,.pdf,5553876,5.30 MB,270b5e89cab9efd25248a62c125db3da7cc82d52eb7bf7de227bcad932b68c8d,157,Books/b-Library_Hzm-20260601T230631Z-3-001/b-Library_Hzm/Sahabe-Hzm/Hazreti Ebu Bekir.pdf,Mükerrer Kopya: Bu içerik zaten MySQL'de ID: 157 (Books/b-Library_Hzm-20260601T230631Z-3-001/b-Library_Hzm/Sahabe-Hzm/Hazreti Ebu Bekir.pdf) olarak kayıtlı.
Hz. Ali.pdf,Books/b-Library_Hzm-20260601T235628Z-3-001/b-Library_Hzm/Sahabe-Hzm/Hz. Ali.pdf,Mükerrer / Kopya Dosya,.pdf,4319581,4.12 MB,222ade89267094ad046fc0cd2ec4d6946b1816463f40312b1cbbb28a5ee1ecca,158,Books/b-Library_Hzm-20260601T230631Z-3-001/b-Library_Hzm/Sahabe-Hzm/Hz. Ali.pdf,Mükerrer Kopya: Bu içerik zaten MySQL'de ID: 158 (Books/b-Library_Hzm-20260601T230631Z-3-001/b-Library_Hzm/Sahabe-Hzm/Hz. Ali.pdf) olarak kayıtlı.
Sultan-of-Hearts-Prophet-Muhammad-Haylamaz-Resit.pdf,Books/b-Library_Hzm-20260601T235628Z-3-001/b-Library_Hzm/Sahabe-Hzm/Sultan-of-Hearts-Prophet-Muhammad-Haylamaz-Resit.pdf,Mükerrer / Kopya Dosya,.pdf,59952388,57.18 MB,494f3d336586ed4ebeea8806e457709fe6a3985f9f80243c1013506a4bc9d6ec,159,Books/b-Library_Hzm-20260601T230631Z-3-001/b-Library_Hzm/Sahabe-Hzm/Sultan-of-Hearts-Prophet-Muhammad-Haylamaz-Resit.pdf,Mükerrer Kopya: Bu içerik zaten MySQL'de ID: 159 (Books/b-Library_Hzm-20260601T230631Z-3-001/b-Library_Hzm/Sahabe-Hzm/Sultan-of-Hearts-Prophet-Muhammad-Haylamaz-Resit.pdf) olarak kayıtlı.
Suat Yildirim-Oryantalistlerin Yanilgilari - UfukYayinlari.pdf,Books/b-Library_Hzm-20260601T235628Z-3-001/b-Library_Hzm/Suat Yıldırım/Suat Yildirim-Oryantalistlerin Yanilgilari - UfukYayinlari.pdf,Mükerrer / Kopya Dosya,.pdf,1472293,1.40 MB,80ee50f22e2e96ac3e09609d72be185385b5e048cb3b168e9d92e7d822450018,160,Books/b-Library_Hzm-20260601T230631Z-3-001/b-Library_Hzm/Suat Yıldırım/Suat Yildirim-Oryantalistlerin Yanilgilari - UfukYayinlari.pdf,Mükerrer Kopya: Bu içerik zaten MySQL'de ID: 160 (Books/b-Library_Hzm-20260601T230631Z-3-001/b-Library_Hzm/Suat Yıldırım/Suat Yildirim-Oryantalistlerin Yanilgilari - UfukYayinlari.pdf) olarak kayıtlı.
M. Asım Köksal - Peygamberler Tarihi .pdf,Books/b-Library_Hzm-20260601T235628Z-3-001/b-Library_Hzm/Tarih-Hzm/M. Asım Köksal - Peygamberler Tarihi .pdf,Mükerrer / Kopya Dosya,.pdf,8279464,7.90 MB,99cf4a9871aceafe17c597103d9bb820e08634f539629b5235e13d7632723bdf,161,Books/b-Library_Hzm-20260601T230631Z-3-001/b-Library_Hzm/Tarih-Hzm/M. Asım Köksal - Peygamberler Tarihi .pdf,Mükerrer Kopya: Bu içerik zaten MySQL'de ID: 161 (Books/b-Library_Hzm-20260601T230631Z-3-001/b-Library_Hzm/Tarih-Hzm/M. Asım Köksal - Peygamberler Tarihi .pdf) olarak kayıtlı.
Yavuz-Sultan-Selim-Feridun-M-Emecan.pdf,Books/b-Library_Hzm-20260601T235628Z-3-001/b-Library_Hzm/Tarih-Hzm/Yavuz-Sultan-Selim-Feridun-M-Emecan.pdf,Mükerrer / Kopya Dosya,.pdf,10702661,10.21 MB,7869b512a2cb6a106ebd74ed910fb804906b2e12c39793332b1d265089844022,162,Books/b-Library_Hzm-20260601T230631Z-3-001/b-Library_Hzm/Tarih-Hzm/Yavuz-Sultan-Selim-Feridun-M-Emecan.pdf,Mükerrer Kopya: Bu içerik zaten MySQL'de ID: 162 (Books/b-Library_Hzm-20260601T230631Z-3-001/b-Library_Hzm/Tarih-Hzm/Yavuz-Sultan-Selim-Feridun-M-Emecan.pdf) olarak kayıtlı.
İslam Tarihi_1.pdf,Books/b-Library_Hzm-20260601T235628Z-3-001/b-Library_Hzm/Tarih-Hzm/İslam Tarihi_1.pdf,Mükerrer / Kopya Dosya,.pdf,3706303,3.53 MB,a2edda59c136de13414a79bb40c344b50ed004254a92fb0bd12993b3f7a415f6,163,Books/b-Library_Hzm-20260601T230631Z-3-001/b-Library_Hzm/Tarih-Hzm/İslam Tarihi_1.pdf,Mükerrer Kopya: Bu içerik zaten MySQL'de ID: 163 (Books/b-Library_Hzm-20260601T230631Z-3-001/b-Library_Hzm/Tarih-Hzm/İslam Tarihi_1.pdf) olarak kayıtlı.
İslam Tarihi_2.pdf,Books/b-Library_Hzm-20260601T235628Z-3-001/b-Library_Hzm/Tarih-Hzm/İslam Tarihi_2.pdf,Mükerrer / Kopya Dosya,.pdf,4779206,4.56 MB,97203a4ec495da63f502b0b6c3ce505ebf140b88cbd9ad156536128294b79ac6,164,Books/b-Library_Hzm-20260601T230631Z-3-001/b-Library_Hzm/Tarih-Hzm/İslam Tarihi_2.pdf,Mükerrer Kopya: Bu içerik zaten MySQL'de ID: 164 (Books/b-Library_Hzm-20260601T230631Z-3-001/b-Library_Hzm/Tarih-Hzm/İslam Tarihi_2.pdf) olarak kayıtlı.
İslam Tarihi_3.pdf,Books/b-Library_Hzm-20260601T235628Z-3-001/b-Library_Hzm/Tarih-Hzm/İslam Tarihi_3.pdf,Mükerrer / Kopya Dosya,.pdf,4019369,3.83 MB,cf0d10212d453ba627f0a8d5415cd667ae9add44b486a49820a020ea1a394a2e,165,Books/b-Library_Hzm-20260601T230631Z-3-001/b-Library_Hzm/Tarih-Hzm/İslam Tarihi_3.pdf,Mükerrer Kopya: Bu içerik zaten MySQL'de ID: 165 (Books/b-Library_Hzm-20260601T230631Z-3-001/b-Library_Hzm/Tarih-Hzm/İslam Tarihi_3.pdf) olarak kayıtlı.
İslam Tarihi_4.pdf,Books/b-Library_Hzm-20260601T235628Z-3-001/b-Library_Hzm/Tarih-Hzm/İslam Tarihi_4.pdf,Mükerrer / Kopya Dosya,.pdf,4165500,3.97 MB,a8372330827f025b01272af3946a9154590bbbdad68817d10276946c348be6f3,166,Books/b-Library_Hzm-20260601T230631Z-3-001/b-Library_Hzm/Tarih-Hzm/İslam Tarihi_4.pdf,Mükerrer Kopya: Bu içerik zaten MySQL'de ID: 166 (Books/b-Library_Hzm-20260601T230631Z-3-001/b-Library_Hzm/Tarih-Hzm/İslam Tarihi_4.pdf) olarak kayıtlı.
Asli-Kaplan-Kozmik-Perde-AltinBurcYayinlari-pdf.pdf,Books/b-Library_Hzm-20260601T235628Z-3-001/b-Library_Hzm/Tefekkür-Bilim-Hzm/Asli-Kaplan-Kozmik-Perde-AltinBurcYayinlari-pdf.pdf,Mükerrer / Kopya Dosya,.pdf,8678230,8.28 MB,20c471d772790298ace3b4eaca9324daffe4487617056c1fea453767a845d511,167,Books/b-Library_Hzm-20260601T230631Z-3-001/b-Library_Hzm/Tefekkür-Bilim-Hzm/Asli-Kaplan-Kozmik-Perde-AltinBurcYayinlari-pdf.pdf,Mükerrer Kopya: Bu içerik zaten MySQL'de ID: 167 (Books/b-Library_Hzm-20260601T230631Z-3-001/b-Library_Hzm/Tefekkür-Bilim-Hzm/Asli-Kaplan-Kozmik-Perde-AltinBurcYayinlari-pdf.pdf) olarak kayıtlı.
Kainattaki Gizli Imza - Altin Oran - AltinBurcYayinlari (Yilmaz Sadikli) (z-lib.org).pdf,Books/b-Library_Hzm-20260601T235628Z-3-001/b-Library_Hzm/Tefekkür-Bilim-Hzm/Kainattaki Gizli Imza - Altin Oran - AltinBurcYayinlari (Yilmaz Sadikli) (z-lib.org).pdf,Mükerrer / Kopya Dosya,.pdf,14432565,13.76 MB,63aa67ce828af133a99bf1b5b61b4be6ef6ebfb1b9da046d782e58bda6c337be,168,Books/b-Library_Hzm-20260601T230631Z-3-001/b-Library_Hzm/Tefekkür-Bilim-Hzm/Kainattaki Gizli Imza - Altin Oran - AltinBurcYayinlari (Yilmaz Sadikli) (z-lib.org).pdf,Mükerrer Kopya: Bu içerik zaten MySQL'de ID: 168 (Books/b-Library_Hzm-20260601T230631Z-3-001/b-Library_Hzm/Tefekkür-Bilim-Hzm/Kainattaki Gizli Imza - Altin Oran - AltinBurcYayinlari (Yilmaz Sadikli) (z-lib.org).pdf) olarak kayıtlı.
Zekamatik-AltinBurcYayinlari.pdf,Books/b-Library_Hzm-20260601T235628Z-3-001/b-Library_Hzm/Tefekkür-Bilim-Hzm/Zekamatik-AltinBurcYayinlari.pdf,Mükerrer / Kopya Dosya,.pdf,3834505,3.66 MB,3f461f9e70d2ef153d01ba418d79c37b0041ad3111b4e17edf55665dac041e96,169,Books/b-Library_Hzm-20260601T230631Z-3-001/b-Library_Hzm/Tefekkür-Bilim-Hzm/Zekamatik-AltinBurcYayinlari.pdf,Mükerrer Kopya: Bu içerik zaten MySQL'de ID: 169 (Books/b-Library_Hzm-20260601T230631Z-3-001/b-Library_Hzm/Tefekkür-Bilim-Hzm/Zekamatik-AltinBurcYayinlari.pdf) olarak kayıtlı.
Elmalili - Hak Dini Kuran Dili-01.pdf,Books/b-Library_Hzm-20260601T235628Z-3-001/b-Library_Hzm/Tefsir-Elmalılı Tefsiri-ZAMAN.pdf/Elmalili - Hak Dini Kuran Dili-01.pdf,Mükerrer / Kopya Dosya,.pdf,37794532,36.04 MB,b2178b141fba03d5fea54659fb7bd74ba7a06f8011b19c1074079d322da02e36,170,Books/b-Library_Hzm-20260601T230631Z-3-001/b-Library_Hzm/Tefsir-Elmalılı Tefsiri-ZAMAN.pdf/Elmalili - Hak Dini Kuran Dili-01.pdf,Mükerrer Kopya: Bu içerik zaten MySQL'de ID: 170 (Books/b-Library_Hzm-20260601T230631Z-3-001/b-Library_Hzm/Tefsir-Elmalılı Tefsiri-ZAMAN.pdf/Elmalili - Hak Dini Kuran Dili-01.pdf) olarak kayıtlı.
Elmalili - Hak Dini Kuran Dili-04.pdf,Books/b-Library_Hzm-20260601T235628Z-3-001/b-Library_Hzm/Tefsir-Elmalılı Tefsiri-ZAMAN.pdf/Elmalili - Hak Dini Kuran Dili-04.pdf,Mükerrer / Kopya Dosya,.pdf,35922515,34.26 MB,7074588c9df18bdb3fbe7fed6ac16afb3709b16248909d9dac00ba7a0f729736,1493,Books/b-Library_Hzm-20260601T230631Z-3-002/b-Library_Hzm/Tefsir-Elmalılı Tefsiri-ZAMAN.pdf/Elmalili - Hak Dini Kuran Dili-04.pdf,Mükerrer Kopya: Bu içerik zaten MySQL'de ID: 1493 (Books/b-Library_Hzm-20260601T230631Z-3-002/b-Library_Hzm/Tefsir-Elmalılı Tefsiri-ZAMAN.pdf/Elmalili - Hak Dini Kuran Dili-04.pdf) olarak kayıtlı.
Elmalili - Hak Dini Kuran Dili-05.pdf,Books/b-Library_Hzm-20260601T235628Z-3-001/b-Library_Hzm/Tefsir-Elmalılı Tefsiri-ZAMAN.pdf/Elmalili - Hak Dini Kuran Dili-05.pdf,Mükerrer / Kopya Dosya,.pdf,32453550,30.95 MB,ce92dd87897267820a12ab0a86d552034042f2753567e0c837d6c1683fca7956,171,Books/b-Library_Hzm-20260601T230631Z-3-001/b-Library_Hzm/Tefsir-Elmalılı Tefsiri-ZAMAN.pdf/Elmalili - Hak Dini Kuran Dili-05.pdf,Mükerrer Kopya: Bu içerik zaten MySQL'de ID: 171 (Books/b-Library_Hzm-20260601T230631Z-3-001/b-Library_Hzm/Tefsir-Elmalılı Tefsiri-ZAMAN.pdf/Elmalili - Hak Dini Kuran Dili-05.pdf) olarak kayıtlı.
Elmalili - Hak Dini Kuran Dili-06.pdf,Books/b-Library_Hzm-20260601T235628Z-3-001/b-Library_Hzm/Tefsir-Elmalılı Tefsiri-ZAMAN.pdf/Elmalili - Hak Dini Kuran Dili-06.pdf,Mükerrer / Kopya Dosya,.pdf,33673953,32.11 MB,857e12cb9bb0b3a164c858c95e3ab3856e300eda0d07aa9287281614c758bb06,172,Books/b-Library_Hzm-20260601T230631Z-3-001/b-Library_Hzm/Tefsir-Elmalılı Tefsiri-ZAMAN.pdf/Elmalili - Hak Dini Kuran Dili-06.pdf,Mükerrer Kopya: Bu içerik zaten MySQL'de ID: 172 (Books/b-Library_Hzm-20260601T230631Z-3-001/b-Library_Hzm/Tefsir-Elmalılı Tefsiri-ZAMAN.pdf/Elmalili - Hak Dini Kuran Dili-06.pdf) olarak kayıtlı.
Elmalili - Hak Dini Kuran Dili-07.pdf,Books/b-Library_Hzm-20260601T235628Z-3-001/b-Library_Hzm/Tefsir-Elmalılı Tefsiri-ZAMAN.pdf/Elmalili - Hak Dini Kuran Dili-07.pdf,Mükerrer / Kopya Dosya,.pdf,36012550,34.34 MB,2192e48219ae096f622bfa8ac312c4656304a64fde224ce8be242e6807f7bc3c,1494,Books/b-Library_Hzm-20260601T230631Z-3-002/b-Library_Hzm/Tefsir-Elmalılı Tefsiri-ZAMAN.pdf/Elmalili - Hak Dini Kuran Dili-07.pdf,Mükerrer Kopya: Bu içerik zaten MySQL'de ID: 1494 (Books/b-Library_Hzm-20260601T230631Z-3-002/b-Library_Hzm/Tefsir-Elmalılı Tefsiri-ZAMAN.pdf/Elmalili - Hak Dini Kuran Dili-07.pdf) olarak kayıtlı.
Elmalili - Hak Dini Kuran Dili-08.pdf,Books/b-Library_Hzm-20260601T235628Z-3-001/b-Library_Hzm/Tefsir-Elmalılı Tefsiri-ZAMAN.pdf/Elmalili - Hak Dini Kuran Dili-08.pdf,Mükerrer / Kopya Dosya,.pdf,35070679,33.45 MB,e31101fc8bb865eb5d9cbe8718e13115fe653db8d7342562c4bedd373f664cab,1495,Books/b-Library_Hzm-20260601T230631Z-3-002/b-Library_Hzm/Tefsir-Elmalılı Tefsiri-ZAMAN.pdf/Elmalili - Hak Dini Kuran Dili-08.pdf,Mükerrer Kopya: Bu içerik zaten MySQL'de ID: 1495 (Books/b-Library_Hzm-20260601T230631Z-3-002/b-Library_Hzm/Tefsir-Elmalılı Tefsiri-ZAMAN.pdf/Elmalili - Hak Dini Kuran Dili-08.pdf) olarak kayıtlı.
Elmalili - Hak Dini Kuran Dili-09.pdf,Books/b-Library_Hzm-20260601T235628Z-3-001/b-Library_Hzm/Tefsir-Elmalılı Tefsiri-ZAMAN.pdf/Elmalili - Hak Dini Kuran Dili-09.pdf,Mükerrer / Kopya Dosya,.pdf,34237208,32.65 MB,f1c6921871bc5ec9e827dc14e8592c14e16e2f20f2f03949cce0abae0d821e5b,1496,Books/b-Library_Hzm-20260601T230631Z-3-002/b-Library_Hzm/Tefsir-Elmalılı Tefsiri-ZAMAN.pdf/Elmalili - Hak Dini Kuran Dili-09.pdf,Mükerrer Kopya: Bu içerik zaten MySQL'de ID: 1496 (Books/b-Library_Hzm-20260601T230631Z-3-002/b-Library_Hzm/Tefsir-Elmalılı Tefsiri-ZAMAN.pdf/Elmalili - Hak Dini Kuran Dili-09.pdf) olarak kayıtlı.
Elmalili - Hak Dini Kuran Dili-10.pdf,Books/b-Library_Hzm-20260601T235628Z-3-001/b-Library_Hzm/Tefsir-Elmalılı Tefsiri-ZAMAN.pdf/Elmalili - Hak Dini Kuran Dili-10.pdf,Mükerrer / Kopya Dosya,.pdf,21943882,20.93 MB,bd86d44b39415e5ef77fa1de283dfb6c5528c6fafe7e0ec68b8f1ea4e2ecdbfd,173,Books/b-Library_Hzm-20260601T230631Z-3-001/b-Library_Hzm/Tefsir-Elmalılı Tefsiri-ZAMAN.pdf/Elmalili - Hak Dini Kuran Dili-10.pdf,Mükerrer Kopya: Bu içerik zaten MySQL'de ID: 173 (Books/b-Library_Hzm-20260601T230631Z-3-001/b-Library_Hzm/Tefsir-Elmalılı Tefsiri-ZAMAN.pdf/Elmalili - Hak Dini Kuran Dili-10.pdf) olarak kayıtlı.
Hak Dini Kuran Dili Tefsiri Bütün Ciltler.pdf,Books/b-Library_Hzm-20260601T235628Z-3-001/b-Library_Hzm/Tefsir-Elmalılı Tefsiri-ZAMAN.pdf/Hak Dini Kuran Dili Tefsiri Bütün Ciltler.pdf,Mükerrer / Kopya Dosya,.pdf,120613664,115.03 MB,0175263109ef1d2c13a44dd0a01bd6da929dfb1020ce3b8002c7e9ed4b7130b8,174,Books/b-Library_Hzm-20260601T230631Z-3-001/b-Library_Hzm/Tefsir-Elmalılı Tefsiri-ZAMAN.pdf/Hak Dini Kuran Dili Tefsiri Bütün Ciltler.pdf,Mükerrer Kopya: Bu içerik zaten MySQL'de ID: 174 (Books/b-Library_Hzm-20260601T230631Z-3-001/b-Library_Hzm/Tefsir-Elmalılı Tefsiri-ZAMAN.pdf/Hak Dini Kuran Dili Tefsiri Bütün Ciltler.pdf) olarak kayıtlı.
Turkce-Calisma-Kitabi-11-Harmony.pdf,Books/b-Library_Hzm-20260601T235628Z-3-001/b-Library_Hzm/Turkce/Turkce-Calisma-Kitabi-11-Harmony.pdf,Mükerrer / Kopya Dosya,.pdf,73491869,70.09 MB,0497a28e3c2174db9289bf7ccf7333e906dc744b106ce44cd48d234b523c6187,175,Books/b-Library_Hzm-20260601T230631Z-3-001/b-Library_Hzm/Turkce/Turkce-Calisma-Kitabi-11-Harmony.pdf,Mükerrer Kopya: Bu içerik zaten MySQL'de ID: 175 (Books/b-Library_Hzm-20260601T230631Z-3-001/b-Library_Hzm/Turkce/Turkce-Calisma-Kitabi-11-Harmony.pdf) olarak kayıtlı.
B Jill Carrol - Medeniyetler Diyalogu - Gulenin islami Ogretisi ve Humanist Soylem - UfukYayinlari.pdf,Books/b-Library_Hzm-20260601T235628Z-3-001/b-Library_Hzm/Ufuk Yayinlari/B Jill Carrol - Medeniyetler Diyalogu - Gulenin islami Ogretisi ve Humanist Soylem - UfukYayinlari.pdf,Mükerrer / Kopya Dosya,.pdf,1004580,0.96 MB,4416f6082435b8db7e52a65b4550c757643ffb6727c83a39685de4e66c8393be,176,Books/b-Library_Hzm-20260601T230631Z-3-001/b-Library_Hzm/Ufuk Yayinlari/B Jill Carrol - Medeniyetler Diyalogu - Gulenin islami Ogretisi ve Humanist Soylem - UfukYayinlari.pdf,Mükerrer Kopya: Bu içerik zaten MySQL'de ID: 176 (Books/b-Library_Hzm-20260601T230631Z-3-001/b-Library_Hzm/Ufuk Yayinlari/B Jill Carrol - Medeniyetler Diyalogu - Gulenin islami Ogretisi ve Humanist Soylem - UfukYayinlari.pdf) olarak kayıtlı.
E Mazhar Kurt - Yaratilis Tabiatin ilahi Emirle Varolusu - UfukYayinlari.pdf,Books/b-Library_Hzm-20260601T235628Z-3-001/b-Library_Hzm/Ufuk Yayinlari/E Mazhar Kurt - Yaratilis Tabiatin ilahi Emirle Varolusu - UfukYayinlari.pdf,Mükerrer / Kopya Dosya,.pdf,816061,0.78 MB,d288cd8b23e3d16e2a474d3ff03d593d355b8fbf2a0402c1a5e04e4cb1534dc1,177,Books/b-Library_Hzm-20260601T230631Z-3-001/b-Library_Hzm/Ufuk Yayinlari/E Mazhar Kurt - Yaratilis Tabiatin ilahi Emirle Varolusu - UfukYayinlari.pdf,Mükerrer Kopya: Bu içerik zaten MySQL'de ID: 177 (Books/b-Library_Hzm-20260601T230631Z-3-001/b-Library_Hzm/Ufuk Yayinlari/E Mazhar Kurt - Yaratilis Tabiatin ilahi Emirle Varolusu - UfukYayinlari.pdf) olarak kayıtlı.
Erkam Tufan Aytav - Demokratiklesme Surecinde Turkiyede Oteki Olmak - UfukYayinlari.pdf,Books/b-Library_Hzm-20260601T235628Z-3-001/b-Library_Hzm/Ufuk Yayinlari/Erkam Tufan Aytav - Demokratiklesme Surecinde Turkiyede Oteki Olmak - UfukYayinlari.pdf,Mükerrer / Kopya Dosya,.pdf,642440,0.61 MB,8732e8abeb85793ef2db50b9352015626e2eb8b7a92338512aa74d1956c75c46,178,Books/b-Library_Hzm-20260601T230631Z-3-001/b-Library_Hzm/Ufuk Yayinlari/Erkam Tufan Aytav - Demokratiklesme Surecinde Turkiyede Oteki Olmak - UfukYayinlari.pdf,Mükerrer Kopya: Bu içerik zaten MySQL'de ID: 178 (Books/b-Library_Hzm-20260601T230631Z-3-001/b-Library_Hzm/Ufuk Yayinlari/Erkam Tufan Aytav - Demokratiklesme Surecinde Turkiyede Oteki Olmak - UfukYayinlari.pdf) olarak kayıtlı.
Hayrettin Karaman - Hakkani Mehmet Bey - Hilye - Gonullerin Susu Hanelerin Zineti - UfukYayinlari.pdf,Books/b-Library_Hzm-20260601T235628Z-3-001/b-Library_Hzm/Ufuk Yayinlari/Hayrettin Karaman - Hakkani Mehmet Bey - Hilye - Gonullerin Susu Hanelerin Zineti - UfukYayinlari.pdf,Mükerrer / Kopya Dosya,.pdf,58901735,56.17 MB,9dc388c0880f5400c7d9ebb34850973f06b62b2e206f345dc7d6d972e5ecd04f,179,Books/b-Library_Hzm-20260601T230631Z-3-001/b-Library_Hzm/Ufuk Yayinlari/Hayrettin Karaman - Hakkani Mehmet Bey - Hilye - Gonullerin Susu Hanelerin Zineti - UfukYayinlari.pdf,Mükerrer Kopya: Bu içerik zaten MySQL'de ID: 179 (Books/b-Library_Hzm-20260601T230631Z-3-001/b-Library_Hzm/Ufuk Yayinlari/Hayrettin Karaman - Hakkani Mehmet Bey - Hilye - Gonullerin Susu Hanelerin Zineti - UfukYayinlari.pdf) olarak kayıtlı.
Kuresel Dunyada islam-1 -Vincent Geisser -  islamofobi - UfukYayinlari.pdf,Books/b-Library_Hzm-20260601T235628Z-3-001/b-Library_Hzm/Ufuk Yayinlari/Kuresel Dunyada islam-1 -Vincent Geisser -  islamofobi - UfukYayinlari.pdf,Mükerrer / Kopya Dosya,.pdf,650956,0.62 MB,3c33027527d23e076c7aad3f6d9972708e904ef03dc3c4ef16e79de5bdcb5445,180,Books/b-Library_Hzm-20260601T230631Z-3-001/b-Library_Hzm/Ufuk Yayinlari/Kuresel Dunyada islam-1 -Vincent Geisser -  islamofobi - UfukYayinlari.pdf,Mükerrer Kopya: Bu içerik zaten MySQL'de ID: 180 (Books/b-Library_Hzm-20260601T230631Z-3-001/b-Library_Hzm/Ufuk Yayinlari/Kuresel Dunyada islam-1 -Vincent Geisser -  islamofobi - UfukYayinlari.pdf) olarak kayıtlı.
Kuresel Dunyada islam-2 - Ahmet Kurucan - ABD ve Din - UfukYayinlari.pdf,Books/b-Library_Hzm-20260601T235628Z-3-001/b-Library_Hzm/Ufuk Yayinlari/Kuresel Dunyada islam-2 - Ahmet Kurucan - ABD ve Din - UfukYayinlari.pdf,Mükerrer / Kopya Dosya,.pdf,692255,0.66 MB,c9fe98c60c525036c46b91feeb2d5b6740464d1c8bd266f6f911307642237643,181,Books/b-Library_Hzm-20260601T230631Z-3-001/b-Library_Hzm/Ufuk Yayinlari/Kuresel Dunyada islam-2 - Ahmet Kurucan - ABD ve Din - UfukYayinlari.pdf,Mükerrer Kopya: Bu içerik zaten MySQL'de ID: 181 (Books/b-Library_Hzm-20260601T230631Z-3-001/b-Library_Hzm/Ufuk Yayinlari/Kuresel Dunyada islam-2 - Ahmet Kurucan - ABD ve Din - UfukYayinlari.pdf) olarak kayıtlı.
Mesnevi Hikayelerinden-1 - Kadir Ozkose - Ten Kafesinden Kurtulus - UfukYayinlari.pdf,Books/b-Library_Hzm-20260601T235628Z-3-001/b-Library_Hzm/Ufuk Yayinlari/Mesnevi Hikayelerinden-1 - Kadir Ozkose - Ten Kafesinden Kurtulus - UfukYayinlari.pdf,Mükerrer / Kopya Dosya,.pdf,1009583,0.96 MB,1196c9289cbffd9fe0fc7360c84e2ff8b7b35d46b709f92a6a04e0cb70a25486,182,Books/b-Library_Hzm-20260601T230631Z-3-001/b-Library_Hzm/Ufuk Yayinlari/Mesnevi Hikayelerinden-1 - Kadir Ozkose - Ten Kafesinden Kurtulus - UfukYayinlari.pdf,Mükerrer Kopya: Bu içerik zaten MySQL'de ID: 182 (Books/b-Library_Hzm-20260601T230631Z-3-001/b-Library_Hzm/Ufuk Yayinlari/Mesnevi Hikayelerinden-1 - Kadir Ozkose - Ten Kafesinden Kurtulus - UfukYayinlari.pdf) olarak kayıtlı.
Mesnevi Hikayelerinden-2 - Kadir Ozkose - Gafletten Kurtulus - UfukYayinlari.pdf,Books/b-Library_Hzm-20260601T235628Z-3-001/b-Library_Hzm/Ufuk Yayinlari/Mesnevi Hikayelerinden-2 - Kadir Ozkose - Gafletten Kurtulus - UfukYayinlari.pdf,Mükerrer / Kopya Dosya,.pdf,786198,0.75 MB,0d1c7a02a6ade021d2590d964a74ce57477868ed1530f742f573491093e9106a,183,Books/b-Library_Hzm-20260601T230631Z-3-001/b-Library_Hzm/Ufuk Yayinlari/Mesnevi Hikayelerinden-2 - Kadir Ozkose - Gafletten Kurtulus - UfukYayinlari.pdf,Mükerrer Kopya: Bu içerik zaten MySQL'de ID: 183 (Books/b-Library_Hzm-20260601T230631Z-3-001/b-Library_Hzm/Ufuk Yayinlari/Mesnevi Hikayelerinden-2 - Kadir Ozkose - Gafletten Kurtulus - UfukYayinlari.pdf) olarak kayıtlı.
Rainer Hermann - Turkiyede Neler Oluyor - Anadolunu Uyanisi ve Yeni Elitler - UfukYayinlari.pdf,Books/b-Library_Hzm-20260601T235628Z-3-001/b-Library_Hzm/Ufuk Yayinlari/Rainer Hermann - Turkiyede Neler Oluyor - Anadolunu Uyanisi ve Yeni Elitler - UfukYayinlari.pdf,Mükerrer / Kopya Dosya,.pdf,817359,0.78 MB,a0549d7ef08bbed55fb7cf959040df9820f8d4fee48f14666d424b2d2b2c66b0,184,Books/b-Library_Hzm-20260601T230631Z-3-001/b-Library_Hzm/Ufuk Yayinlari/Rainer Hermann - Turkiyede Neler Oluyor - Anadolunu Uyanisi ve Yeni Elitler - UfukYayinlari.pdf,Mükerrer Kopya: Bu içerik zaten MySQL'de ID: 184 (Books/b-Library_Hzm-20260601T230631Z-3-001/b-Library_Hzm/Ufuk Yayinlari/Rainer Hermann - Turkiyede Neler Oluyor - Anadolunu Uyanisi ve Yeni Elitler - UfukYayinlari.pdf) olarak kayıtlı.
Abdulhakim-Yuce-Gece-ibadeti.pdf,Books/b-Library_Hzm-20260601T235628Z-3-001/b-Library_Hzm/Yazarlar-Hzm/Abdulhakim-Yuce-Gece-ibadeti.pdf,Mükerrer / Kopya Dosya,.pdf,872786,0.83 MB,a24c42723a37793d413caf6b8fafe3814e1e543345c1d73503e428b531d92098,185,Books/b-Library_Hzm-20260601T230631Z-3-001/b-Library_Hzm/Yazarlar-Hzm/Abdulhakim-Yuce-Gece-ibadeti.pdf,Mükerrer Kopya: Bu içerik zaten MySQL'de ID: 185 (Books/b-Library_Hzm-20260601T230631Z-3-001/b-Library_Hzm/Yazarlar-Hzm/Abdulhakim-Yuce-Gece-ibadeti.pdf) olarak kayıtlı.
Ekrem Dumanli-Alimler-Ve-Zalimler-Ekrem-Dumanli.pdf,Books/b-Library_Hzm-20260601T235628Z-3-001/b-Library_Hzm/Yazarlar-Hzm/Ekrem Dumanli-Alimler-Ve-Zalimler-Ekrem-Dumanli.pdf,Mükerrer / Kopya Dosya,.pdf,1013670,0.97 MB,1f0a80f3cc7d281360c2e206921471318aad7915855e61429e98a272d383c6fa,186,Books/b-Library_Hzm-20260601T230631Z-3-001/b-Library_Hzm/Yazarlar-Hzm/Ekrem Dumanli-Alimler-Ve-Zalimler-Ekrem-Dumanli.pdf,Mükerrer Kopya: Bu içerik zaten MySQL'de ID: 186 (Books/b-Library_Hzm-20260601T230631Z-3-001/b-Library_Hzm/Yazarlar-Hzm/Ekrem Dumanli-Alimler-Ve-Zalimler-Ekrem-Dumanli.pdf) olarak kayıtlı.
Ibrahim-Canan-Islamda-Zaman Tanzimi.pdf,Books/b-Library_Hzm-20260601T235628Z-3-001/b-Library_Hzm/Yazarlar-Hzm/Ibrahim-Canan-Islamda-Zaman Tanzimi.pdf,Mükerrer / Kopya Dosya,.pdf,1725041,1.65 MB,c96596048b21ac2dd6f1f4a829010dc7d418d79052f6d57deeaf7036afe06a15,187,Books/b-Library_Hzm-20260601T230631Z-3-001/b-Library_Hzm/Yazarlar-Hzm/Ibrahim-Canan-Islamda-Zaman Tanzimi.pdf,Mükerrer Kopya: Bu içerik zaten MySQL'de ID: 187 (Books/b-Library_Hzm-20260601T230631Z-3-001/b-Library_Hzm/Yazarlar-Hzm/Ibrahim-Canan-Islamda-Zaman Tanzimi.pdf) olarak kayıtlı.
OS-Ibretlik-Hatiralar-M-Fethullah-Gulenin-Ruh-Dunyasina-Ayna-OS.pdf,Books/b-Library_Hzm-20260601T235628Z-3-001/b-Library_Hzm/Yazarlar-Hzm/OS-Ibretlik-Hatiralar-M-Fethullah-Gulenin-Ruh-Dunyasina-Ayna-OS.pdf,Mükerrer / Kopya Dosya,.pdf,1186830,1.13 MB,832d1c3dbc75a71b48d58734928272b85df526469a611eff81c40b658755e2e8,188,Books/b-Library_Hzm-20260601T230631Z-3-001/b-Library_Hzm/Yazarlar-Hzm/OS-Ibretlik-Hatiralar-M-Fethullah-Gulenin-Ruh-Dunyasina-Ayna-OS.pdf,Mükerrer Kopya: Bu içerik zaten MySQL'de ID: 188 (Books/b-Library_Hzm-20260601T230631Z-3-001/b-Library_Hzm/Yazarlar-Hzm/OS-Ibretlik-Hatiralar-M-Fethullah-Gulenin-Ruh-Dunyasina-Ayna-OS.pdf) olarak kayıtlı.
OS-Pennsylvania-Surgununde-Bir-Cocuk.pdf,Books/b-Library_Hzm-20260601T235628Z-3-001/b-Library_Hzm/Yazarlar-Hzm/OS-Pennsylvania-Surgununde-Bir-Cocuk.pdf,Mükerrer / Kopya Dosya,.pdf,811899,0.77 MB,9723933b698730e195fb16f68deabfde7ba0e715557996ec7d784f499890128f,189,Books/b-Library_Hzm-20260601T230631Z-3-001/b-Library_Hzm/Yazarlar-Hzm/OS-Pennsylvania-Surgununde-Bir-Cocuk.pdf,Mükerrer Kopya: Bu içerik zaten MySQL'de ID: 189 (Books/b-Library_Hzm-20260601T230631Z-3-001/b-Library_Hzm/Yazarlar-Hzm/OS-Pennsylvania-Surgununde-Bir-Cocuk.pdf) olarak kayıtlı.
Vehbi Yildiz-İlham-kaynakları.pdf,Books/b-Library_Hzm-20260601T235628Z-3-001/b-Library_Hzm/Yazarlar-Hzm/Vehbi Yildiz-İlham-kaynakları.pdf,Mükerrer / Kopya Dosya,.pdf,1136724,1.08 MB,83a2b77df4df03da5aeaf0b9e194eb53a168527b0dc0095bf3de72d7acc862cd,190,Books/b-Library_Hzm-20260601T230631Z-3-001/b-Library_Hzm/Yazarlar-Hzm/Vehbi Yildiz-İlham-kaynakları.pdf,Mükerrer Kopya: Bu içerik zaten MySQL'de ID: 190 (Books/b-Library_Hzm-20260601T230631Z-3-001/b-Library_Hzm/Yazarlar-Hzm/Vehbi Yildiz-İlham-kaynakları.pdf) olarak kayıtlı.
İslamda-Resim-Heykel-Musiki-Ahmet-Yakutcan-Cuma-Omur.pdf,Books/b-Library_Hzm-20260601T235628Z-3-001/b-Library_Hzm/Yazarlar-Hzm/İslamda-Resim-Heykel-Musiki-Ahmet-Yakutcan-Cuma-Omur.pdf,Mükerrer / Kopya Dosya,.pdf,3638862,3.47 MB,e37bf5a784ce7ce1d78e79194cd4b44391e306c6fd9c410ab58a7aefccf3faea,191,Books/b-Library_Hzm-20260601T230631Z-3-001/b-Library_Hzm/Yazarlar-Hzm/İslamda-Resim-Heykel-Musiki-Ahmet-Yakutcan-Cuma-Omur.pdf,Mükerrer Kopya: Bu içerik zaten MySQL'de ID: 191 (Books/b-Library_Hzm-20260601T230631Z-3-001/b-Library_Hzm/Yazarlar-Hzm/İslamda-Resim-Heykel-Musiki-Ahmet-Yakutcan-Cuma-Omur.pdf) olarak kayıtlı.
hac-ve-umre-ilmihali-rehberyayinlari.pdf,Books/b-Library_Hzm-20260601T235628Z-3-001/b-Library_Hzm/ilmihal-Cep-Hzm/hac-ve-umre-ilmihali-rehberyayinlari.pdf,Mükerrer / Kopya Dosya,.pdf,583955,0.56 MB,0258658d0603f3493d8245c2eec0cb3a26c437d971e23c94bd9356c615e94ee5,192,Books/b-Library_Hzm-20260601T230631Z-3-001/b-Library_Hzm/ilmihal-Cep-Hzm/hac-ve-umre-ilmihali-rehberyayinlari.pdf,Mükerrer Kopya: Bu içerik zaten MySQL'de ID: 192 (Books/b-Library_Hzm-20260601T230631Z-3-001/b-Library_Hzm/ilmihal-Cep-Hzm/hac-ve-umre-ilmihali-rehberyayinlari.pdf) olarak kayıtlı.
namaz-ilmihali-rehberyayinlari.pdf,Books/b-Library_Hzm-20260601T235628Z-3-001/b-Library_Hzm/ilmihal-Cep-Hzm/namaz-ilmihali-rehberyayinlari.pdf,Mükerrer / Kopya Dosya,.pdf,752003,0.72 MB,5bffabfa9fbbb4c87e58b16991c07715e45ecd3f1a24b6d0e5a806052d575207,193,Books/b-Library_Hzm-20260601T230631Z-3-001/b-Library_Hzm/ilmihal-Cep-Hzm/namaz-ilmihali-rehberyayinlari.pdf,Mükerrer Kopya: Bu içerik zaten MySQL'de ID: 193 (Books/b-Library_Hzm-20260601T230631Z-3-001/b-Library_Hzm/ilmihal-Cep-Hzm/namaz-ilmihali-rehberyayinlari.pdf) olarak kayıtlı.
oruc-ilmihali-rehberyayinlari.pdf,Books/b-Library_Hzm-20260601T235628Z-3-001/b-Library_Hzm/ilmihal-Cep-Hzm/oruc-ilmihali-rehberyayinlari.pdf,Mükerrer / Kopya Dosya,.pdf,688823,0.66 MB,5fbb61a37f4a4d3eb491bb568f01cb8e661e152f09b16a60d0ecd44a217c3afa,194,Books/b-Library_Hzm-20260601T230631Z-3-001/b-Library_Hzm/ilmihal-Cep-Hzm/oruc-ilmihali-rehberyayinlari.pdf,Mükerrer Kopya: Bu içerik zaten MySQL'de ID: 194 (Books/b-Library_Hzm-20260601T230631Z-3-001/b-Library_Hzm/ilmihal-Cep-Hzm/oruc-ilmihali-rehberyayinlari.pdf) olarak kayıtlı.
pratik-ilmihal-rehberyayinlari.pdf,Books/b-Library_Hzm-20260601T235628Z-3-001/b-Library_Hzm/ilmihal-Cep-Hzm/pratik-ilmihal-rehberyayinlari.pdf,Mükerrer / Kopya Dosya,.pdf,2899128,2.76 MB,b39737abc551c69e3debb4f22b9d25ded21ba40fb14dda5209bb90cb2fd7c2ad,195,Books/b-Library_Hzm-20260601T230631Z-3-001/b-Library_Hzm/ilmihal-Cep-Hzm/pratik-ilmihal-rehberyayinlari.pdf,Mükerrer Kopya: Bu içerik zaten MySQL'de ID: 195 (Books/b-Library_Hzm-20260601T230631Z-3-001/b-Library_Hzm/ilmihal-Cep-Hzm/pratik-ilmihal-rehberyayinlari.pdf) olarak kayıtlı.
zekat-rehberyayinlari.pdf,Books/b-Library_Hzm-20260601T235628Z-3-001/b-Library_Hzm/ilmihal-Cep-Hzm/zekat-rehberyayinlari.pdf,Mükerrer / Kopya Dosya,.pdf,898944,0.86 MB,da83d225e86c7765f374a951df68e823ea9376b64a237ae97e5163dd7656ae9f,196,Books/b-Library_Hzm-20260601T230631Z-3-001/b-Library_Hzm/ilmihal-Cep-Hzm/zekat-rehberyayinlari.pdf,Mükerrer Kopya: Bu içerik zaten MySQL'de ID: 196 (Books/b-Library_Hzm-20260601T230631Z-3-001/b-Library_Hzm/ilmihal-Cep-Hzm/zekat-rehberyayinlari.pdf) olarak kayıtlı.
Peygamberimizin-teblig-metodlari.pdf,Books/b-Library_Hzm-20260601T235628Z-3-001/b-Library_Hzm/irşad-Tebliğ-Hzm/Peygamberimizin-teblig-metodlari.pdf,Mükerrer / Kopya Dosya,.pdf,2390875,2.28 MB,1da93e95ff3a57137954c32274f4f5fde4c077eb11a86bf1bfd5b7a93d8f25ea,201,Books/b-Library_Hzm-20260601T230631Z-3-001/b-Library_Hzm/irşad-Tebliğ-Hzm/Peygamberimizin-teblig-metodlari.pdf,Mükerrer Kopya: Bu içerik zaten MySQL'de ID: 201 (Books/b-Library_Hzm-20260601T230631Z-3-001/b-Library_Hzm/irşad-Tebliğ-Hzm/Peygamberimizin-teblig-metodlari.pdf) olarak kayıtlı.
Doğuştan Günümüze Büyük İslam Tarihi Cilt 01.pdf,Books/b-Library_Hzm-20260601T235628Z-3-001/b-Library_Hzm/islam Tarihi-ZAMAN/Doğuştan Günümüze Büyük İslam Tarihi Cilt 01.pdf,Mükerrer / Kopya Dosya,.pdf,30089484,28.70 MB,03026449810780bcd537621eda1413616c2a6eec3c2a16df45e96292b21df8d5,202,Books/b-Library_Hzm-20260601T230631Z-3-001/b-Library_Hzm/islam Tarihi-ZAMAN/Doğuştan Günümüze Büyük İslam Tarihi Cilt 01.pdf,Mükerrer Kopya: Bu içerik zaten MySQL'de ID: 202 (Books/b-Library_Hzm-20260601T230631Z-3-001/b-Library_Hzm/islam Tarihi-ZAMAN/Doğuştan Günümüze Büyük İslam Tarihi Cilt 01.pdf) olarak kayıtlı.
Doğuştan Günümüze Büyük İslam Tarihi Cilt 02.pdf,Books/b-Library_Hzm-20260601T235628Z-3-001/b-Library_Hzm/islam Tarihi-ZAMAN/Doğuştan Günümüze Büyük İslam Tarihi Cilt 02.pdf,Mükerrer / Kopya Dosya,.pdf,29651817,28.28 MB,b70b63f13fc3eafe2755d2fd55644c747933145b279c1dc64fc5ab5c48798f81,203,Books/b-Library_Hzm-20260601T230631Z-3-001/b-Library_Hzm/islam Tarihi-ZAMAN/Doğuştan Günümüze Büyük İslam Tarihi Cilt 02.pdf,Mükerrer Kopya: Bu içerik zaten MySQL'de ID: 203 (Books/b-Library_Hzm-20260601T230631Z-3-001/b-Library_Hzm/islam Tarihi-ZAMAN/Doğuştan Günümüze Büyük İslam Tarihi Cilt 02.pdf) olarak kayıtlı.
Doğuştan Günümüze Büyük İslam Tarihi Cilt 03.pdf,Books/b-Library_Hzm-20260601T235628Z-3-001/b-Library_Hzm/islam Tarihi-ZAMAN/Doğuştan Günümüze Büyük İslam Tarihi Cilt 03.pdf,Mükerrer / Kopya Dosya,.pdf,27951684,26.66 MB,55c746589061bef69e6f0807abdb9dccbcb2293f4e5c41473213e8fe0be5850a,204,Books/b-Library_Hzm-20260601T230631Z-3-001/b-Library_Hzm/islam Tarihi-ZAMAN/Doğuştan Günümüze Büyük İslam Tarihi Cilt 03.pdf,Mükerrer Kopya: Bu içerik zaten MySQL'de ID: 204 (Books/b-Library_Hzm-20260601T230631Z-3-001/b-Library_Hzm/islam Tarihi-ZAMAN/Doğuştan Günümüze Büyük İslam Tarihi Cilt 03.pdf) olarak kayıtlı.
Doğuştan Günümüze Büyük İslam Tarihi Cilt 04.pdf,Books/b-Library_Hzm-20260601T235628Z-3-001/b-Library_Hzm/islam Tarihi-ZAMAN/Doğuştan Günümüze Büyük İslam Tarihi Cilt 04.pdf,Mükerrer / Kopya Dosya,.pdf,27726076,26.44 MB,5e0f8a9a2e17843e689299572a4ce6e21213dabdd26995623866f06b20e587ee,205,Books/b-Library_Hzm-20260601T230631Z-3-001/b-Library_Hzm/islam Tarihi-ZAMAN/Doğuştan Günümüze Büyük İslam Tarihi Cilt 04.pdf,Mükerrer Kopya: Bu içerik zaten MySQL'de ID: 205 (Books/b-Library_Hzm-20260601T230631Z-3-001/b-Library_Hzm/islam Tarihi-ZAMAN/Doğuştan Günümüze Büyük İslam Tarihi Cilt 04.pdf) olarak kayıtlı.
Doğuştan Günümüze Büyük İslam Tarihi Cilt 05.pdf,Books/b-Library_Hzm-20260601T235628Z-3-001/b-Library_Hzm/islam Tarihi-ZAMAN/Doğuştan Günümüze Büyük İslam Tarihi Cilt 05.pdf,Mükerrer / Kopya Dosya,.pdf,26710761,25.47 MB,b7d034df84a9ca4f8a8b0c1b4a2028daae4b64d93cbaa5d97f49aa7e0f43fd5e,206,Books/b-Library_Hzm-20260601T230631Z-3-001/b-Library_Hzm/islam Tarihi-ZAMAN/Doğuştan Günümüze Büyük İslam Tarihi Cilt 05.pdf,Mükerrer Kopya: Bu içerik zaten MySQL'de ID: 206 (Books/b-Library_Hzm-20260601T230631Z-3-001/b-Library_Hzm/islam Tarihi-ZAMAN/Doğuştan Günümüze Büyük İslam Tarihi Cilt 05.pdf) olarak kayıtlı.
Doğuştan Günümüze Büyük İslam Tarihi Cilt 06.pdf,Books/b-Library_Hzm-20260601T235628Z-3-001/b-Library_Hzm/islam Tarihi-ZAMAN/Doğuştan Günümüze Büyük İslam Tarihi Cilt 06.pdf,Mükerrer / Kopya Dosya,.pdf,28649500,27.32 MB,51eefd3ea749296cfe553821297656a1257bf67f6e511527e84feb28d8ac66ca,207,Books/b-Library_Hzm-20260601T230631Z-3-001/b-Library_Hzm/islam Tarihi-ZAMAN/Doğuştan Günümüze Büyük İslam Tarihi Cilt 06.pdf,Mükerrer Kopya: Bu içerik zaten MySQL'de ID: 207 (Books/b-Library_Hzm-20260601T230631Z-3-001/b-Library_Hzm/islam Tarihi-ZAMAN/Doğuştan Günümüze Büyük İslam Tarihi Cilt 06.pdf) olarak kayıtlı.
Doğuştan Günümüze Büyük İslam Tarihi Cilt 07.pdf,Books/b-Library_Hzm-20260601T235628Z-3-001/b-Library_Hzm/islam Tarihi-ZAMAN/Doğuştan Günümüze Büyük İslam Tarihi Cilt 07.pdf,Mükerrer / Kopya Dosya,.pdf,26322343,25.10 MB,e0c978b7f56ee123f18c91c0051dcc9a3551cc71a07f6cf095d79541743c381d,208,Books/b-Library_Hzm-20260601T230631Z-3-001/b-Library_Hzm/islam Tarihi-ZAMAN/Doğuştan Günümüze Büyük İslam Tarihi Cilt 07.pdf,Mükerrer Kopya: Bu içerik zaten MySQL'de ID: 208 (Books/b-Library_Hzm-20260601T230631Z-3-001/b-Library_Hzm/islam Tarihi-ZAMAN/Doğuştan Günümüze Büyük İslam Tarihi Cilt 07.pdf) olarak kayıtlı.
Doğuştan Günümüze Büyük İslam Tarihi Cilt 08.pdf,Books/b-Library_Hzm-20260601T235628Z-3-001/b-Library_Hzm/islam Tarihi-ZAMAN/Doğuştan Günümüze Büyük İslam Tarihi Cilt 08.pdf,Mükerrer / Kopya Dosya,.pdf,24213106,23.09 MB,03cb92cf401b08f65d473607abf4f6a07d3e53a91ba51df06265677c89464057,209,Books/b-Library_Hzm-20260601T230631Z-3-001/b-Library_Hzm/islam Tarihi-ZAMAN/Doğuştan Günümüze Büyük İslam Tarihi Cilt 08.pdf,Mükerrer Kopya: Bu içerik zaten MySQL'de ID: 209 (Books/b-Library_Hzm-20260601T230631Z-3-001/b-Library_Hzm/islam Tarihi-ZAMAN/Doğuştan Günümüze Büyük İslam Tarihi Cilt 08.pdf) olarak kayıtlı.
Doğuştan Günümüze Büyük İslam Tarihi Cilt 09.pdf,Books/b-Library_Hzm-20260601T235628Z-3-001/b-Library_Hzm/islam Tarihi-ZAMAN/Doğuştan Günümüze Büyük İslam Tarihi Cilt 09.pdf,Mükerrer / Kopya Dosya,.pdf,26201369,24.99 MB,2922d6391e5f506a742028ada7cc2ba1587b24ccffa04a09f448656d048b6183,210,Books/b-Library_Hzm-20260601T230631Z-3-001/b-Library_Hzm/islam Tarihi-ZAMAN/Doğuştan Günümüze Büyük İslam Tarihi Cilt 09.pdf,Mükerrer Kopya: Bu içerik zaten MySQL'de ID: 210 (Books/b-Library_Hzm-20260601T230631Z-3-001/b-Library_Hzm/islam Tarihi-ZAMAN/Doğuştan Günümüze Büyük İslam Tarihi Cilt 09.pdf) olarak kayıtlı.
Doğuştan Günümüze Büyük İslam Tarihi Cilt 10.pdf,Books/b-Library_Hzm-20260601T235628Z-3-001/b-Library_Hzm/islam Tarihi-ZAMAN/Doğuştan Günümüze Büyük İslam Tarihi Cilt 10.pdf,Mükerrer / Kopya Dosya,.pdf,22475922,21.43 MB,0753f1950e945d7279d304f2766f20213cc01be909721a5b80870e631f14a3bb,211,Books/b-Library_Hzm-20260601T230631Z-3-001/b-Library_Hzm/islam Tarihi-ZAMAN/Doğuştan Günümüze Büyük İslam Tarihi Cilt 10.pdf,Mükerrer Kopya: Bu içerik zaten MySQL'de ID: 211 (Books/b-Library_Hzm-20260601T230631Z-3-001/b-Library_Hzm/islam Tarihi-ZAMAN/Doğuştan Günümüze Büyük İslam Tarihi Cilt 10.pdf) olarak kayıtlı.
Doğuştan Günümüze Büyük İslam Tarihi Cilt 11.pdf,Books/b-Library_Hzm-20260601T235628Z-3-001/b-Library_Hzm/islam Tarihi-ZAMAN/Doğuştan Günümüze Büyük İslam Tarihi Cilt 11.pdf,Mükerrer / Kopya Dosya,.pdf,22020830,21.00 MB,8b253c766391374050f0a16458f67210e2967c2c42213624435be070ee2a41b6,212,Books/b-Library_Hzm-20260601T230631Z-3-001/b-Library_Hzm/islam Tarihi-ZAMAN/Doğuştan Günümüze Büyük İslam Tarihi Cilt 11.pdf,Mükerrer Kopya: Bu içerik zaten MySQL'de ID: 212 (Books/b-Library_Hzm-20260601T230631Z-3-001/b-Library_Hzm/islam Tarihi-ZAMAN/Doğuştan Günümüze Büyük İslam Tarihi Cilt 11.pdf) olarak kayıtlı.
Doğuştan Günümüze Büyük İslam Tarihi Cilt 12.pdf,Books/b-Library_Hzm-20260601T235628Z-3-001/b-Library_Hzm/islam Tarihi-ZAMAN/Doğuştan Günümüze Büyük İslam Tarihi Cilt 12.pdf,Mükerrer / Kopya Dosya,.pdf,24489915,23.36 MB,e4ed8146d7da063e72ee34fc95a3b732591b17b02f0d7adc44b6e7c83ccdf48c,213,Books/b-Library_Hzm-20260601T230631Z-3-001/b-Library_Hzm/islam Tarihi-ZAMAN/Doğuştan Günümüze Büyük İslam Tarihi Cilt 12.pdf,Mükerrer Kopya: Bu içerik zaten MySQL'de ID: 213 (Books/b-Library_Hzm-20260601T230631Z-3-001/b-Library_Hzm/islam Tarihi-ZAMAN/Doğuştan Günümüze Büyük İslam Tarihi Cilt 12.pdf) olarak kayıtlı.
Doğuştan Günümüze Büyük İslam Tarihi Cilt 13.pdf,Books/b-Library_Hzm-20260601T235628Z-3-001/b-Library_Hzm/islam Tarihi-ZAMAN/Doğuştan Günümüze Büyük İslam Tarihi Cilt 13.pdf,Mükerrer / Kopya Dosya,.pdf,20577216,19.62 MB,482576ca04bdd29962112a697d03df13d2f7586c5dd1ece326dbbc9998b5acff,214,Books/b-Library_Hzm-20260601T230631Z-3-001/b-Library_Hzm/islam Tarihi-ZAMAN/Doğuştan Günümüze Büyük İslam Tarihi Cilt 13.pdf,Mükerrer Kopya: Bu içerik zaten MySQL'de ID: 214 (Books/b-Library_Hzm-20260601T230631Z-3-001/b-Library_Hzm/islam Tarihi-ZAMAN/Doğuştan Günümüze Büyük İslam Tarihi Cilt 13.pdf) olarak kayıtlı.
Doğuştan Günümüze Büyük İslam Tarihi Cilt 14 Ek.pdf,Books/b-Library_Hzm-20260601T235628Z-3-001/b-Library_Hzm/islam Tarihi-ZAMAN/Doğuştan Günümüze Büyük İslam Tarihi Cilt 14 Ek.pdf,Mükerrer / Kopya Dosya,.pdf,20188216,19.25 MB,3ac2f67636d19739889fb2af119fbdffecba3836eff08914ba336976dc0916e3,215,Books/b-Library_Hzm-20260601T230631Z-3-001/b-Library_Hzm/islam Tarihi-ZAMAN/Doğuştan Günümüze Büyük İslam Tarihi Cilt 14 Ek.pdf,Mükerrer Kopya: Bu içerik zaten MySQL'de ID: 215 (Books/b-Library_Hzm-20260601T230631Z-3-001/b-Library_Hzm/islam Tarihi-ZAMAN/Doğuştan Günümüze Büyük İslam Tarihi Cilt 14 Ek.pdf) olarak kayıtlı.
Doğuştan Günümüze Büyük İslam Tarihi Cilt 14.pdf,Books/b-Library_Hzm-20260601T235628Z-3-001/b-Library_Hzm/islam Tarihi-ZAMAN/Doğuştan Günümüze Büyük İslam Tarihi Cilt 14.pdf,Mükerrer / Kopya Dosya,.pdf,21963493,20.95 MB,c63ad44bc04e4768b5ff6262c9e88ebc41e4da8a5617e0109087b5baa323d47e,216,Books/b-Library_Hzm-20260601T230631Z-3-001/b-Library_Hzm/islam Tarihi-ZAMAN/Doğuştan Günümüze Büyük İslam Tarihi Cilt 14.pdf,Mükerrer Kopya: Bu içerik zaten MySQL'de ID: 216 (Books/b-Library_Hzm-20260601T230631Z-3-001/b-Library_Hzm/islam Tarihi-ZAMAN/Doğuştan Günümüze Büyük İslam Tarihi Cilt 14.pdf) olarak kayıtlı.
ilk-oykulerim-serisi-10-h-ibrahim-cayirli-kaybolan-top-mustuy.pdf,Books/b-Library_Hzm-20260601T235628Z-3-001/b-Library_Hzm/Çocuklar için-Hzm/İlk öykülerim/ilk-oykulerim-serisi-10-h-ibrahim-cayirli-kaybolan-top-mustuy.pdf,Mükerrer / Kopya Dosya,.pdf,2037170,1.94 MB,ae4b149bb364d69792cf28c566168fa992e66f066a89e08bfdfb1e6dd7b0b4e4,259,Books/b-Library_Hzm-20260601T230631Z-3-001/b-Library_Hzm/Çocuklar için-Hzm/İlk öykülerim/ilk-oykulerim-serisi-10-h-ibrahim-cayirli-kaybolan-top-mustuy.pdf,Mükerrer Kopya: Bu içerik zaten MySQL'de ID: 259 (Books/b-Library_Hzm-20260601T230631Z-3-001/b-Library_Hzm/Çocuklar için-Hzm/İlk öykülerim/ilk-oykulerim-serisi-10-h-ibrahim-cayirli-kaybolan-top-mustuy.pdf) olarak kayıtlı.
Ahmet Ersöz-Mehmet Özyurt.pdf,Books/b-Library_Hzm-20260601T235628Z-3-001/b-Library_Hzm/Üstad BZ Hz Talebeleri-Hzm/Ahmet Ersöz-Mehmet Özyurt.pdf,Mükerrer / Kopya Dosya,.pdf,1919064,1.83 MB,b8d9c891071ce09604c806f0c5d40dfd3fdc36714fc847b0b8ea237e4bf28ae8,273,Books/b-Library_Hzm-20260601T230631Z-3-001/b-Library_Hzm/Üstad BZ Hz Talebeleri-Hzm/Ahmet Ersöz-Mehmet Özyurt.pdf,Mükerrer Kopya: Bu içerik zaten MySQL'de ID: 273 (Books/b-Library_Hzm-20260601T230631Z-3-001/b-Library_Hzm/Üstad BZ Hz Talebeleri-Hzm/Ahmet Ersöz-Mehmet Özyurt.pdf) olarak kayıtlı.
Ahmet Ozer - Atabeyli Tahiri - Mehmet Tahiri Mutlu (Ahmet Ozer) (z-lib.org).PDF,Books/b-Library_Hzm-20260601T235628Z-3-001/b-Library_Hzm/Üstad BZ Hz Talebeleri-Hzm/Ahmet Ozer - Atabeyli Tahiri - Mehmet Tahiri Mutlu (Ahmet Ozer) (z-lib.org).PDF,Mükerrer / Kopya Dosya,.pdf,885617,0.84 MB,dab37c4c7b1db7f07f9d4202ef3b5b1d96ca6822c6a7109ff57308cdcc9b5b5a,274,Books/b-Library_Hzm-20260601T230631Z-3-001/b-Library_Hzm/Üstad BZ Hz Talebeleri-Hzm/Ahmet Ozer - Atabeyli Tahiri - Mehmet Tahiri Mutlu (Ahmet Ozer) (z-lib.org).PDF,Mükerrer Kopya: Bu içerik zaten MySQL'de ID: 274 (Books/b-Library_Hzm-20260601T230631Z-3-001/b-Library_Hzm/Üstad BZ Hz Talebeleri-Hzm/Ahmet Ozer - Atabeyli Tahiri - Mehmet Tahiri Mutlu (Ahmet Ozer) (z-lib.org).PDF) olarak kayıtlı.
Ahmet Ozer - iki Unlu Kul  Abdurrahman ve Abdulmecid Nursi (Ahmet Ozer) (z-lib.org).PDF,Books/b-Library_Hzm-20260601T235628Z-3-001/b-Library_Hzm/Üstad BZ Hz Talebeleri-Hzm/Ahmet Ozer - iki Unlu Kul  Abdurrahman ve Abdulmecid Nursi (Ahmet Ozer) (z-lib.org).PDF,Mükerrer / Kopya Dosya,.pdf,2197099,2.10 MB,21d98222056ef849e092432732b26ccb01eeaec8a2a6721ef39d32ac6caeb070,275,Books/b-Library_Hzm-20260601T230631Z-3-001/b-Library_Hzm/Üstad BZ Hz Talebeleri-Hzm/Ahmet Ozer - iki Unlu Kul  Abdurrahman ve Abdulmecid Nursi (Ahmet Ozer) (z-lib.org).PDF,Mükerrer Kopya: Bu içerik zaten MySQL'de ID: 275 (Books/b-Library_Hzm-20260601T230631Z-3-001/b-Library_Hzm/Üstad BZ Hz Talebeleri-Hzm/Ahmet Ozer - iki Unlu Kul  Abdurrahman ve Abdulmecid Nursi (Ahmet Ozer) (z-lib.org).PDF) olarak kayıtlı.
Necmettin-Sahiner-Bekir-Berk-sahdamari.pdf,Books/b-Library_Hzm-20260601T235628Z-3-001/b-Library_Hzm/Üstad BZ Hz Talebeleri-Hzm/Necmettin-Sahiner-Bekir-Berk-sahdamari.pdf,Mükerrer / Kopya Dosya,.pdf,61197063,58.36 MB,9583420d48d95cd221df7e9e92001469f397c49689bdf4406e80171ade5447ae,276,Books/b-Library_Hzm-20260601T230631Z-3-001/b-Library_Hzm/Üstad BZ Hz Talebeleri-Hzm/Necmettin-Sahiner-Bekir-Berk-sahdamari.pdf,Mükerrer Kopya: Bu içerik zaten MySQL'de ID: 276 (Books/b-Library_Hzm-20260601T230631Z-3-001/b-Library_Hzm/Üstad BZ Hz Talebeleri-Hzm/Necmettin-Sahiner-Bekir-Berk-sahdamari.pdf) olarak kayıtlı.
Necmettin-Sahiner-Uc-Feyizli-Nur-SahdamarY.pdf,Books/b-Library_Hzm-20260601T235628Z-3-001/b-Library_Hzm/Üstad BZ Hz Talebeleri-Hzm/Necmettin-Sahiner-Uc-Feyizli-Nur-SahdamarY.pdf,Mükerrer / Kopya Dosya,.pdf,16421483,15.66 MB,7257c1373ac53b291ef4344997483883ba141c9eb1cd31f46e58b7ef910140e5,277,Books/b-Library_Hzm-20260601T230631Z-3-001/b-Library_Hzm/Üstad BZ Hz Talebeleri-Hzm/Necmettin-Sahiner-Uc-Feyizli-Nur-SahdamarY.pdf,Mükerrer Kopya: Bu içerik zaten MySQL'de ID: 277 (Books/b-Library_Hzm-20260601T230631Z-3-001/b-Library_Hzm/Üstad BZ Hz Talebeleri-Hzm/Necmettin-Sahiner-Uc-Feyizli-Nur-SahdamarY.pdf) olarak kayıtlı.
Yazarlarin-Kalemi-nden-Bedi-uzzaman-Necmeddin-Şahi-ner.pdf,Books/b-Library_Hzm-20260601T235628Z-3-001/b-Library_Hzm/Üstad BZ Hz-Hzm/Yazarlarin-Kalemi-nden-Bedi-uzzaman-Necmeddin-Şahi-ner.pdf,Mükerrer / Kopya Dosya,.pdf,3945554,3.76 MB,9bbea5982d679f4379a4e4dea67e7bd65b07c8b9a44242080ab1f7ba32baf4d4,278,Books/b-Library_Hzm-20260601T230631Z-3-001/b-Library_Hzm/Üstad BZ Hz-Hzm/Yazarlarin-Kalemi-nden-Bedi-uzzaman-Necmeddin-Şahi-ner.pdf,Mükerrer Kopya: Bu içerik zaten MySQL'de ID: 278 (Books/b-Library_Hzm-20260601T230631Z-3-001/b-Library_Hzm/Üstad BZ Hz-Hzm/Yazarlarin-Kalemi-nden-Bedi-uzzaman-Necmeddin-Şahi-ner.pdf) olarak kayıtlı.
abdullah-mahmud-tantavi-bediuzzamana-gore-degisim-ve-yeniden-yapilanma-sahdamary.pdf,Books/b-Library_Hzm-20260601T235628Z-3-001/b-Library_Hzm/Üstad BZ Hz-Hzm/abdullah-mahmud-tantavi-bediuzzamana-gore-degisim-ve-yeniden-yapilanma-sahdamary.pdf,Mükerrer / Kopya Dosya,.pdf,427878,0.41 MB,4a4a7ade24e1a673e7786d45595ee45cf1b81199eb91ad10db058598af56ccea,279,Books/b-Library_Hzm-20260601T230631Z-3-001/b-Library_Hzm/Üstad BZ Hz-Hzm/abdullah-mahmud-tantavi-bediuzzamana-gore-degisim-ve-yeniden-yapilanma-sahdamary.pdf,Mükerrer Kopya: Bu içerik zaten MySQL'de ID: 279 (Books/b-Library_Hzm-20260601T230631Z-3-001/b-Library_Hzm/Üstad BZ Hz-Hzm/abdullah-mahmud-tantavi-bediuzzamana-gore-degisim-ve-yeniden-yapilanma-sahdamary.pdf) olarak kayıtlı.
mahmut-acil-ustadla-hasbihal-sahdamary.pdf,Books/b-Library_Hzm-20260601T235628Z-3-001/b-Library_Hzm/Üstad BZ Hz-Hzm/mahmut-acil-ustadla-hasbihal-sahdamary.pdf,Mükerrer / Kopya Dosya,.pdf,6651257,6.34 MB,21e4984cd13c3d6fa7edb3a4b07e3d9cf09749f136093094961c48f8e57a3ad4,280,Books/b-Library_Hzm-20260601T230631Z-3-001/b-Library_Hzm/Üstad BZ Hz-Hzm/mahmut-acil-ustadla-hasbihal-sahdamary.pdf,Mükerrer Kopya: Bu içerik zaten MySQL'de ID: 280 (Books/b-Library_Hzm-20260601T230631Z-3-001/b-Library_Hzm/Üstad BZ Hz-Hzm/mahmut-acil-ustadla-hasbihal-sahdamary.pdf) olarak kayıtlı.
mehmet-akar-dava-adami-sahdamary.pdf,Books/b-Library_Hzm-20260601T235628Z-3-001/b-Library_Hzm/Üstad BZ Hz-Hzm/mehmet-akar-dava-adami-sahdamary.pdf,Mükerrer / Kopya Dosya,.pdf,694619,0.66 MB,18a67879f79d20afa257940de2e92bd2f0f66d1cf9e309fa0e854e0d3ccf6606,281,Books/b-Library_Hzm-20260601T230631Z-3-001/b-Library_Hzm/Üstad BZ Hz-Hzm/mehmet-akar-dava-adami-sahdamary.pdf,Mükerrer Kopya: Bu içerik zaten MySQL'de ID: 281 (Books/b-Library_Hzm-20260601T230631Z-3-001/b-Library_Hzm/Üstad BZ Hz-Hzm/mehmet-akar-dava-adami-sahdamary.pdf) olarak kayıtlı.
mehmet-akar-hizmet-ekseni-sahdamary.pdf,Books/b-Library_Hzm-20260601T235628Z-3-001/b-Library_Hzm/Üstad BZ Hz-Hzm/mehmet-akar-hizmet-ekseni-sahdamary.pdf,Mükerrer / Kopya Dosya,.pdf,581366,0.55 MB,5ec41dbb3450ce351e57bbd8eea8f45e821b984fd188fbb836f5f7d41bbb17f9,282,Books/b-Library_Hzm-20260601T230631Z-3-001/b-Library_Hzm/Üstad BZ Hz-Hzm/mehmet-akar-hizmet-ekseni-sahdamary.pdf,Mükerrer Kopya: Bu içerik zaten MySQL'de ID: 282 (Books/b-Library_Hzm-20260601T230631Z-3-001/b-Library_Hzm/Üstad BZ Hz-Hzm/mehmet-akar-hizmet-ekseni-sahdamary.pdf) olarak kayıtlı.
mehmet-akar-ikram-sahdamary.pdf,Books/b-Library_Hzm-20260601T235628Z-3-001/b-Library_Hzm/Üstad BZ Hz-Hzm/mehmet-akar-ikram-sahdamary.pdf,Mükerrer / Kopya Dosya,.pdf,417191,0.40 MB,b3a2782d8bd8faa07675be567247e8024dff306bd084d6c168322861f0d59ec9,283,Books/b-Library_Hzm-20260601T230631Z-3-001/b-Library_Hzm/Üstad BZ Hz-Hzm/mehmet-akar-ikram-sahdamary.pdf,Mükerrer Kopya: Bu içerik zaten MySQL'de ID: 283 (Books/b-Library_Hzm-20260601T230631Z-3-001/b-Library_Hzm/Üstad BZ Hz-Hzm/mehmet-akar-ikram-sahdamary.pdf) olarak kayıtlı.
mehmet-akar-secdede-bir-omur-sahdamary.pdf,Books/b-Library_Hzm-20260601T235628Z-3-001/b-Library_Hzm/Üstad BZ Hz-Hzm/mehmet-akar-secdede-bir-omur-sahdamary.pdf,Mükerrer / Kopya Dosya,.pdf,718677,0.69 MB,61ceea447ffd3dbd5e12c2dd10d8fbd072af1518aa3d1486acc69734ce1bdce7,284,Books/b-Library_Hzm-20260601T230631Z-3-001/b-Library_Hzm/Üstad BZ Hz-Hzm/mehmet-akar-secdede-bir-omur-sahdamary.pdf,Mükerrer Kopya: Bu içerik zaten MySQL'de ID: 284 (Books/b-Library_Hzm-20260601T230631Z-3-001/b-Library_Hzm/Üstad BZ Hz-Hzm/mehmet-akar-secdede-bir-omur-sahdamary.pdf) olarak kayıtlı.
mehmet-akar-seyda-2-barla-hayati-sahdamary.pdf,Books/b-Library_Hzm-20260601T235628Z-3-001/b-Library_Hzm/Üstad BZ Hz-Hzm/mehmet-akar-seyda-2-barla-hayati-sahdamary.pdf,Mükerrer / Kopya Dosya,.pdf,942023,0.90 MB,7154e39009cff0fbff3d08bbe91440204279500f40637b6579a0381ed5a785bf,285,Books/b-Library_Hzm-20260601T230631Z-3-001/b-Library_Hzm/Üstad BZ Hz-Hzm/mehmet-akar-seyda-2-barla-hayati-sahdamary.pdf,Mükerrer Kopya: Bu içerik zaten MySQL'de ID: 285 (Books/b-Library_Hzm-20260601T230631Z-3-001/b-Library_Hzm/Üstad BZ Hz-Hzm/mehmet-akar-seyda-2-barla-hayati-sahdamary.pdf) olarak kayıtlı.
mehmet-akar-seyda-sahdamary.pdf,Books/b-Library_Hzm-20260601T235628Z-3-001/b-Library_Hzm/Üstad BZ Hz-Hzm/mehmet-akar-seyda-sahdamary.pdf,Mükerrer / Kopya Dosya,.pdf,825872,0.79 MB,8bc20265e99b9c86dd6e63958e627aed455953861ec1e389eff6770a68f42282,286,Books/b-Library_Hzm-20260601T230631Z-3-001/b-Library_Hzm/Üstad BZ Hz-Hzm/mehmet-akar-seyda-sahdamary.pdf,Mükerrer Kopya: Bu içerik zaten MySQL'de ID: 286 (Books/b-Library_Hzm-20260601T230631Z-3-001/b-Library_Hzm/Üstad BZ Hz-Hzm/mehmet-akar-seyda-sahdamary.pdf) olarak kayıtlı.
mustafa-ozturkcu-bediuezzamanin-bilinmeyen-akrabalari-sahdamary.pdf,Books/b-Library_Hzm-20260601T235628Z-3-001/b-Library_Hzm/Üstad BZ Hz-Hzm/mustafa-ozturkcu-bediuezzamanin-bilinmeyen-akrabalari-sahdamary.pdf,Mükerrer / Kopya Dosya,.pdf,17361916,16.56 MB,f6243042b6e1dc008539c8e6b02227ccfb964f96e6f8a3916e236ffdd60e36da,287,Books/b-Library_Hzm-20260601T230631Z-3-001/b-Library_Hzm/Üstad BZ Hz-Hzm/mustafa-ozturkcu-bediuezzamanin-bilinmeyen-akrabalari-sahdamary.pdf,Mükerrer Kopya: Bu içerik zaten MySQL'de ID: 287 (Books/b-Library_Hzm-20260601T230631Z-3-001/b-Library_Hzm/Üstad BZ Hz-Hzm/mustafa-ozturkcu-bediuezzamanin-bilinmeyen-akrabalari-sahdamary.pdf) olarak kayıtlı.
necmettin-sahiner-medresetuz-zehra-bediuzzaman-universitesi-sahdamary.pdf,Books/b-Library_Hzm-20260601T235628Z-3-001/b-Library_Hzm/Üstad BZ Hz-Hzm/necmettin-sahiner-medresetuz-zehra-bediuzzaman-universitesi-sahdamary.pdf,Mükerrer / Kopya Dosya,.pdf,5503637,5.25 MB,43af7ff322b6bebf97aab1277c4b6430dc1b9942d7e017eee040c1019f1b5278,288,Books/b-Library_Hzm-20260601T230631Z-3-001/b-Library_Hzm/Üstad BZ Hz-Hzm/necmettin-sahiner-medresetuz-zehra-bediuzzaman-universitesi-sahdamary.pdf,Mükerrer Kopya: Bu içerik zaten MySQL'de ID: 288 (Books/b-Library_Hzm-20260601T230631Z-3-001/b-Library_Hzm/Üstad BZ Hz-Hzm/necmettin-sahiner-medresetuz-zehra-bediuzzaman-universitesi-sahdamary.pdf) olarak kayıtlı.
necmettin-sahiner-nurlarin-ilk-dershanesi-aziz-barla-sahdamary.pdf,Books/b-Library_Hzm-20260601T235628Z-3-001/b-Library_Hzm/Üstad BZ Hz-Hzm/necmettin-sahiner-nurlarin-ilk-dershanesi-aziz-barla-sahdamary.pdf,Mükerrer / Kopya Dosya,.pdf,28213457,26.91 MB,8a3548a15591edd945fbae4cb334a3a7a9c34c1b8b6bb0eb76495db48f2c38d6,289,Books/b-Library_Hzm-20260601T230631Z-3-001/b-Library_Hzm/Üstad BZ Hz-Hzm/necmettin-sahiner-nurlarin-ilk-dershanesi-aziz-barla-sahdamary.pdf,Mükerrer Kopya: Bu içerik zaten MySQL'de ID: 289 (Books/b-Library_Hzm-20260601T230631Z-3-001/b-Library_Hzm/Üstad BZ Hz-Hzm/necmettin-sahiner-nurlarin-ilk-dershanesi-aziz-barla-sahdamary.pdf) olarak kayıtlı.
necmettin-sahiner-yazarlarin-kaleminden-bediuzzaman-sahdamary.pdf,Books/b-Library_Hzm-20260601T235628Z-3-001/b-Library_Hzm/Üstad BZ Hz-Hzm/necmettin-sahiner-yazarlarin-kaleminden-bediuzzaman-sahdamary.pdf,Mükerrer / Kopya Dosya,.pdf,3943171,3.76 MB,166a2ecaf70e795c7f2d4a30f4b94116d8e3c5db9e48df5f46575986ff69ade9,290,Books/b-Library_Hzm-20260601T230631Z-3-001/b-Library_Hzm/Üstad BZ Hz-Hzm/necmettin-sahiner-yazarlarin-kaleminden-bediuzzaman-sahdamary.pdf,Mükerrer Kopya: Bu içerik zaten MySQL'de ID: 290 (Books/b-Library_Hzm-20260601T230631Z-3-001/b-Library_Hzm/Üstad BZ Hz-Hzm/necmettin-sahiner-yazarlarin-kaleminden-bediuzzaman-sahdamary.pdf) olarak kayıtlı.
A.Aymaz-Emirdag-Lahikasi-1.pdf,Books/b-Library_Hzm-20260601T235628Z-3-002/b-Library_Hzm/A.Aymaz-RN/A.Aymaz-Emirdag-Lahikasi-1.pdf,Mükerrer / Kopya Dosya,.pdf,1705981,1.63 MB,a834925228f7a786655e60ab001fc10c44feca8594f37ce2355992a0097ea19f,2,Books/b-Library_Hzm-20260601T230631Z-3-001/b-Library_Hzm/A.Aymaz-RN/A.Aymaz-Emirdag-Lahikasi-1.pdf,Mükerrer Kopya: Bu içerik zaten MySQL'de ID: 2 (Books/b-Library_Hzm-20260601T230631Z-3-001/b-Library_Hzm/A.Aymaz-RN/A.Aymaz-Emirdag-Lahikasi-1.pdf) olarak kayıtlı.
A.Aymaz-Emirdag-Lahikasi-2.pdf,Books/b-Library_Hzm-20260601T235628Z-3-002/b-Library_Hzm/A.Aymaz-RN/A.Aymaz-Emirdag-Lahikasi-2.pdf,Mükerrer / Kopya Dosya,.pdf,1459714,1.39 MB,14b240ddf4c1cbe69d0479d14872c6411a67e6c3fe209f80fd452d0bb4bafb9e,3,Books/b-Library_Hzm-20260601T230631Z-3-001/b-Library_Hzm/A.Aymaz-RN/A.Aymaz-Emirdag-Lahikasi-2.pdf,Mükerrer Kopya: Bu içerik zaten MySQL'de ID: 3 (Books/b-Library_Hzm-20260601T230631Z-3-001/b-Library_Hzm/A.Aymaz-RN/A.Aymaz-Emirdag-Lahikasi-2.pdf) olarak kayıtlı.
A.Aymaz-Hanimlar-Rehberi.pdf,Books/b-Library_Hzm-20260601T235628Z-3-002/b-Library_Hzm/A.Aymaz-RN/A.Aymaz-Hanimlar-Rehberi.pdf,Mükerrer / Kopya Dosya,.pdf,8260102,7.88 MB,7c4aac0afae7d6a1389aa1d0527eb587a73a90dc361ef47b8fc89a550a32f04b,4,Books/b-Library_Hzm-20260601T230631Z-3-001/b-Library_Hzm/A.Aymaz-RN/A.Aymaz-Hanimlar-Rehberi.pdf,Mükerrer Kopya: Bu içerik zaten MySQL'de ID: 4 (Books/b-Library_Hzm-20260601T230631Z-3-001/b-Library_Hzm/A.Aymaz-RN/A.Aymaz-Hanimlar-Rehberi.pdf) olarak kayıtlı.
A.Aymaz-Hizmet-Rehberi.pdf,Books/b-Library_Hzm-20260601T235628Z-3-002/b-Library_Hzm/A.Aymaz-RN/A.Aymaz-Hizmet-Rehberi.pdf,Mükerrer / Kopya Dosya,.pdf,1676413,1.60 MB,f5ed0dceeff452d1c13f4d181dbf912a12aea031f159919d8f22b16328a044bb,5,Books/b-Library_Hzm-20260601T230631Z-3-001/b-Library_Hzm/A.Aymaz-RN/A.Aymaz-Hizmet-Rehberi.pdf,Mükerrer Kopya: Bu içerik zaten MySQL'de ID: 5 (Books/b-Library_Hzm-20260601T230631Z-3-001/b-Library_Hzm/A.Aymaz-RN/A.Aymaz-Hizmet-Rehberi.pdf) olarak kayıtlı.
A.Aymaz-Kastamonu-Lahikasi.pdf,Books/b-Library_Hzm-20260601T235628Z-3-002/b-Library_Hzm/A.Aymaz-RN/A.Aymaz-Kastamonu-Lahikasi.pdf,Mükerrer / Kopya Dosya,.pdf,1854498,1.77 MB,4b9153e21f4d8ee325aab832810bcca9947c071384a6dd374448ce96c400e6ff,6,Books/b-Library_Hzm-20260601T230631Z-3-001/b-Library_Hzm/A.Aymaz-RN/A.Aymaz-Kastamonu-Lahikasi.pdf,Mükerrer Kopya: Bu içerik zaten MySQL'de ID: 6 (Books/b-Library_Hzm-20260601T230631Z-3-001/b-Library_Hzm/A.Aymaz-RN/A.Aymaz-Kastamonu-Lahikasi.pdf) olarak kayıtlı.
A.Aymaz-Lemaat-Uzerine.pdf,Books/b-Library_Hzm-20260601T235628Z-3-002/b-Library_Hzm/A.Aymaz-RN/A.Aymaz-Lemaat-Uzerine.pdf,Mükerrer / Kopya Dosya,.pdf,3672950,3.50 MB,a45b97a4578088ddf275fd45a6effadd55e36f52dae2271d285f28d8edcf18c7,7,Books/b-Library_Hzm-20260601T230631Z-3-001/b-Library_Hzm/A.Aymaz-RN/A.Aymaz-Lemaat-Uzerine.pdf,Mükerrer Kopya: Bu içerik zaten MySQL'de ID: 7 (Books/b-Library_Hzm-20260601T230631Z-3-001/b-Library_Hzm/A.Aymaz-RN/A.Aymaz-Lemaat-Uzerine.pdf) olarak kayıtlı.
A.Aymaz-Muhakemat.pdf,Books/b-Library_Hzm-20260601T235628Z-3-002/b-Library_Hzm/A.Aymaz-RN/A.Aymaz-Muhakemat.pdf,Mükerrer / Kopya Dosya,.pdf,1687700,1.61 MB,a20e071af369f2774f3027cf607905dbc35050247c16957bdc9b92fa40603709,8,Books/b-Library_Hzm-20260601T230631Z-3-001/b-Library_Hzm/A.Aymaz-RN/A.Aymaz-Muhakemat.pdf,Mükerrer Kopya: Bu içerik zaten MySQL'de ID: 8 (Books/b-Library_Hzm-20260601T230631Z-3-001/b-Library_Hzm/A.Aymaz-RN/A.Aymaz-Muhakemat.pdf) olarak kayıtlı.
A.Aymaz-Sunuhat.pdf,Books/b-Library_Hzm-20260601T235628Z-3-002/b-Library_Hzm/A.Aymaz-RN/A.Aymaz-Sunuhat.pdf,Mükerrer / Kopya Dosya,.pdf,1955797,1.87 MB,a84164a09cd8e8feee947a43ec541d86fb460fd25198b2a8b8b4f7ebf64a5749,9,Books/b-Library_Hzm-20260601T230631Z-3-001/b-Library_Hzm/A.Aymaz-RN/A.Aymaz-Sunuhat.pdf,Mükerrer Kopya: Bu içerik zaten MySQL'de ID: 9 (Books/b-Library_Hzm-20260601T230631Z-3-001/b-Library_Hzm/A.Aymaz-RN/A.Aymaz-Sunuhat.pdf) olarak kayıtlı.
A.Kurucan-Bosanmak icin mi evleniyoruz-GulYurduYayinlari.pdf,Books/b-Library_Hzm-20260601T235628Z-3-002/b-Library_Hzm/Ahmet Kurucan/A.Kurucan-Bosanmak icin mi evleniyoruz-GulYurduYayinlari.pdf,Mükerrer / Kopya Dosya,.pdf,826766,0.79 MB,9bd7fdda9e2ce861326be7674324eac3e03d052c4bbe6f451af45e877fbab6d2,16,Books/b-Library_Hzm-20260601T230631Z-3-001/b-Library_Hzm/Ahmet Kurucan/A.Kurucan-Bosanmak icin mi evleniyoruz-GulYurduYayinlari.pdf,Mükerrer Kopya: Bu içerik zaten MySQL'de ID: 16 (Books/b-Library_Hzm-20260601T230631Z-3-001/b-Library_Hzm/Ahmet Kurucan/A.Kurucan-Bosanmak icin mi evleniyoruz-GulYurduYayinlari.pdf) olarak kayıtlı.
A.Kurucan-Evcilik Oynamiyoruz - GulYurduYayinlari.pdf,Books/b-Library_Hzm-20260601T235628Z-3-002/b-Library_Hzm/Ahmet Kurucan/A.Kurucan-Evcilik Oynamiyoruz - GulYurduYayinlari.pdf,Mükerrer / Kopya Dosya,.pdf,468101,0.45 MB,f9e34cb8acbc8a7bc5364c7469482bffc355168b17796d0b8ecea32e08042d7c,17,Books/b-Library_Hzm-20260601T230631Z-3-001/b-Library_Hzm/Ahmet Kurucan/A.Kurucan-Evcilik Oynamiyoruz - GulYurduYayinlari.pdf,Mükerrer Kopya: Bu içerik zaten MySQL'de ID: 17 (Books/b-Library_Hzm-20260601T230631Z-3-001/b-Library_Hzm/Ahmet Kurucan/A.Kurucan-Evcilik Oynamiyoruz - GulYurduYayinlari.pdf) olarak kayıtlı.
A.Kurucan-Fıkıh-Dunyamız-1.pdf,Books/b-Library_Hzm-20260601T235628Z-3-002/b-Library_Hzm/Ahmet Kurucan/A.Kurucan-Fıkıh-Dunyamız-1.pdf,Mükerrer / Kopya Dosya,.pdf,2240434,2.14 MB,2438d380eb2198072cce77e375cda07fa526814374a9b76b1976bc24314e4d38,18,Books/b-Library_Hzm-20260601T230631Z-3-001/b-Library_Hzm/Ahmet Kurucan/A.Kurucan-Fıkıh-Dunyamız-1.pdf,Mükerrer Kopya: Bu içerik zaten MySQL'de ID: 18 (Books/b-Library_Hzm-20260601T230631Z-3-001/b-Library_Hzm/Ahmet Kurucan/A.Kurucan-Fıkıh-Dunyamız-1.pdf) olarak kayıtlı.
A.Kurucan-Rotasiz Evlilik - GulYurduYayinlari.pdf,Books/b-Library_Hzm-20260601T235628Z-3-002/b-Library_Hzm/Ahmet Kurucan/A.Kurucan-Rotasiz Evlilik - GulYurduYayinlari.pdf,Mükerrer / Kopya Dosya,.pdf,657471,0.63 MB,8835c43f98f5e7759f42b0d8f13baf86b48f7986c6d8795e14c1344329b1fbbd,19,Books/b-Library_Hzm-20260601T230631Z-3-001/b-Library_Hzm/Ahmet Kurucan/A.Kurucan-Rotasiz Evlilik - GulYurduYayinlari.pdf,Mükerrer Kopya: Bu içerik zaten MySQL'de ID: 19 (Books/b-Library_Hzm-20260601T230631Z-3-001/b-Library_Hzm/Ahmet Kurucan/A.Kurucan-Rotasiz Evlilik - GulYurduYayinlari.pdf) olarak kayıtlı.
hz.-peygamberin-sunnetinde-terbiye.pdf,Books/b-Library_Hzm-20260601T235628Z-3-002/b-Library_Hzm/Aile ve Çocuk-Hzm/hz.-peygamberin-sunnetinde-terbiye.pdf,Mükerrer / Kopya Dosya,.pdf,3422971,3.26 MB,d34e5506166354f76c3172f80ad0543733335006765516f3441369625fce8bcb,20,Books/b-Library_Hzm-20260601T230631Z-3-001/b-Library_Hzm/Aile ve Çocuk-Hzm/hz.-peygamberin-sunnetinde-terbiye.pdf,Mükerrer Kopya: Bu içerik zaten MySQL'de ID: 20 (Books/b-Library_Hzm-20260601T230631Z-3-001/b-Library_Hzm/Aile ve Çocuk-Hzm/hz.-peygamberin-sunnetinde-terbiye.pdf) olarak kayıtlı.
Ali Unal-Din Etrafinda-IsikAkademiY.pdf,Books/b-Library_Hzm-20260601T235628Z-3-002/b-Library_Hzm/Ali Ünal/Ali Unal-Din Etrafinda-IsikAkademiY.pdf,Mükerrer / Kopya Dosya,.pdf,1218760,1.16 MB,92b58368528bee4767d7bc3d6778104c02afc198e09d5323748f8a6c66e7c2b2,1358,Books/b-Library_Hzm-20260601T230631Z-3-002/b-Library_Hzm/Ali Ünal/Ali Unal-Din Etrafinda-IsikAkademiY.pdf,Mükerrer Kopya: Bu içerik zaten MySQL'de ID: 1358 (Books/b-Library_Hzm-20260601T230631Z-3-002/b-Library_Hzm/Ali Ünal/Ali Unal-Din Etrafinda-IsikAkademiY.pdf) olarak kayıtlı.
Ali Unal-Gecmisten-Gelecege-Kopru-Fethullah-Gulen.pdf,Books/b-Library_Hzm-20260601T235628Z-3-002/b-Library_Hzm/Ali Ünal/Ali Unal-Gecmisten-Gelecege-Kopru-Fethullah-Gulen.pdf,Mükerrer / Kopya Dosya,.pdf,918103,0.88 MB,e37dce9d74f6dc075b31b793b2ea2d2045ebc0111957b39d9fa152c3683c0b40,514,Books/Books for Text_Hzm-20260529T161525Z-3-001/Books for Text_Hzm/HE_Biyografi/Ali Unal-Gecmisten-Gelecege-Kopru-Fethullah-Gulen.pdf,Mükerrer Kopya: Bu içerik zaten MySQL'de ID: 514 (Books/Books for Text_Hzm-20260529T161525Z-3-001/Books for Text_Hzm/HE_Biyografi/Ali Unal-Gecmisten-Gelecege-Kopru-Fethullah-Gulen.pdf) olarak kayıtlı.
Ali Unal-Hizmet-Rehberi.pdf,Books/b-Library_Hzm-20260601T235628Z-3-002/b-Library_Hzm/Ali Ünal/Ali Unal-Hizmet-Rehberi.pdf,Mükerrer / Kopya Dosya,.pdf,1998948,1.91 MB,acaed144d17564c499d7fb2e3c1fc71dbc280378f928d12c46fa2b9dfd2075c9,1359,Books/b-Library_Hzm-20260601T230631Z-3-002/b-Library_Hzm/Ali Ünal/Ali Unal-Hizmet-Rehberi.pdf,Mükerrer Kopya: Bu içerik zaten MySQL'de ID: 1359 (Books/b-Library_Hzm-20260601T230631Z-3-002/b-Library_Hzm/Ali Ünal/Ali Unal-Hizmet-Rehberi.pdf) olarak kayıtlı.
Ali Unal-Islam-Bilim-Insan-Ve-Tarih.pdf,Books/b-Library_Hzm-20260601T235628Z-3-002/b-Library_Hzm/Ali Ünal/Ali Unal-Islam-Bilim-Insan-Ve-Tarih.pdf,Mükerrer / Kopya Dosya,.pdf,1344347,1.28 MB,09d6108017ca97f0f00b6692cbe2cc2a948ab09b2596998f5c2fec3b6c7c3cb8,1360,Books/b-Library_Hzm-20260601T230631Z-3-002/b-Library_Hzm/Ali Ünal/Ali Unal-Islam-Bilim-Insan-Ve-Tarih.pdf,Mükerrer Kopya: Bu içerik zaten MySQL'de ID: 1360 (Books/b-Library_Hzm-20260601T230631Z-3-002/b-Library_Hzm/Ali Ünal/Ali Unal-Islam-Bilim-Insan-Ve-Tarih.pdf) olarak kayıtlı.
Ali Unal-Kurani-Kerim-Meali.pdf,Books/b-Library_Hzm-20260601T235628Z-3-002/b-Library_Hzm/Ali Ünal/Ali Unal-Kurani-Kerim-Meali.pdf,Mükerrer / Kopya Dosya,.pdf,24790273,23.64 MB,3f1fb04242db5b77a1e07eca653fedcca5acdaf13ff0c83c2eb22af8839b779c,1361,Books/b-Library_Hzm-20260601T230631Z-3-002/b-Library_Hzm/Ali Ünal/Ali Unal-Kurani-Kerim-Meali.pdf,Mükerrer Kopya: Bu içerik zaten MySQL'de ID: 1361 (Books/b-Library_Hzm-20260601T230631Z-3-002/b-Library_Hzm/Ali Ünal/Ali Unal-Kurani-Kerim-Meali.pdf) olarak kayıtlı.
Ali Unal-Risale-i-nur_da-kulli-kaideler-1.pdf,Books/b-Library_Hzm-20260601T235628Z-3-002/b-Library_Hzm/Ali Ünal/Ali Unal-Risale-i-nur_da-kulli-kaideler-1.pdf,Mükerrer / Kopya Dosya,.pdf,4269507,4.07 MB,825223195c7b31ed77c8ec7331bc0fc50091e05da5ffc533c006b23bc920fa5e,1362,Books/b-Library_Hzm-20260601T230631Z-3-002/b-Library_Hzm/Ali Ünal/Ali Unal-Risale-i-nur_da-kulli-kaideler-1.pdf,Mükerrer Kopya: Bu içerik zaten MySQL'de ID: 1362 (Books/b-Library_Hzm-20260601T230631Z-3-002/b-Library_Hzm/Ali Ünal/Ali Unal-Risale-i-nur_da-kulli-kaideler-1.pdf) olarak kayıtlı.
Allah Dostları Cilt 01.pdf,Books/b-Library_Hzm-20260601T235628Z-3-002/b-Library_Hzm/Allah Dostları-ZAMAN/Allah Dostları Cilt 01.pdf,Mükerrer / Kopya Dosya,.pdf,32209815,30.72 MB,5aebbad4b2e409af4b249ee2d6573e3f1d91c4ed1e5d6cbe5c70cb18aff034ed,1363,Books/b-Library_Hzm-20260601T230631Z-3-002/b-Library_Hzm/Allah Dostları-ZAMAN/Allah Dostları Cilt 01.pdf,Mükerrer Kopya: Bu içerik zaten MySQL'de ID: 1363 (Books/b-Library_Hzm-20260601T230631Z-3-002/b-Library_Hzm/Allah Dostları-ZAMAN/Allah Dostları Cilt 01.pdf) olarak kayıtlı.
Allah Dostları Cilt 02.pdf,Books/b-Library_Hzm-20260601T235628Z-3-002/b-Library_Hzm/Allah Dostları-ZAMAN/Allah Dostları Cilt 02.pdf,Mükerrer / Kopya Dosya,.pdf,29936023,28.55 MB,882719fcd95951bd2c02dd36ffd9d8a1f48ccb7f1298bdd069bfc2a69de097dd,1364,Books/b-Library_Hzm-20260601T230631Z-3-002/b-Library_Hzm/Allah Dostları-ZAMAN/Allah Dostları Cilt 02.pdf,Mükerrer Kopya: Bu içerik zaten MySQL'de ID: 1364 (Books/b-Library_Hzm-20260601T230631Z-3-002/b-Library_Hzm/Allah Dostları-ZAMAN/Allah Dostları Cilt 02.pdf) olarak kayıtlı.
Allah Dostları Cilt 03.pdf,Books/b-Library_Hzm-20260601T235628Z-3-002/b-Library_Hzm/Allah Dostları-ZAMAN/Allah Dostları Cilt 03.pdf,Mükerrer / Kopya Dosya,.pdf,32163534,30.67 MB,37111cdd42290f550d41e83da6c0f8122d226f21826dfe4da46da5b79b3b5422,1365,Books/b-Library_Hzm-20260601T230631Z-3-002/b-Library_Hzm/Allah Dostları-ZAMAN/Allah Dostları Cilt 03.pdf,Mükerrer Kopya: Bu içerik zaten MySQL'de ID: 1365 (Books/b-Library_Hzm-20260601T230631Z-3-002/b-Library_Hzm/Allah Dostları-ZAMAN/Allah Dostları Cilt 03.pdf) olarak kayıtlı.
Allah Dostları Cilt 04.pdf,Books/b-Library_Hzm-20260601T235628Z-3-002/b-Library_Hzm/Allah Dostları-ZAMAN/Allah Dostları Cilt 04.pdf,Mükerrer / Kopya Dosya,.pdf,32123925,30.64 MB,3ae704b2270d38f8280262ae7eff5eb0c270b24ea781a9273e1b83da4c713c5f,1366,Books/b-Library_Hzm-20260601T230631Z-3-002/b-Library_Hzm/Allah Dostları-ZAMAN/Allah Dostları Cilt 04.pdf,Mükerrer Kopya: Bu içerik zaten MySQL'de ID: 1366 (Books/b-Library_Hzm-20260601T230631Z-3-002/b-Library_Hzm/Allah Dostları-ZAMAN/Allah Dostları Cilt 04.pdf) olarak kayıtlı.
Allah Dostları Cilt 05.pdf,Books/b-Library_Hzm-20260601T235628Z-3-002/b-Library_Hzm/Allah Dostları-ZAMAN/Allah Dostları Cilt 05.pdf,Mükerrer / Kopya Dosya,.pdf,31670965,30.20 MB,33a77e20850870a42d72ff8cfc64daacb9ed62215d424598a41b2e2fa3c18f2f,1367,Books/b-Library_Hzm-20260601T230631Z-3-002/b-Library_Hzm/Allah Dostları-ZAMAN/Allah Dostları Cilt 05.pdf,Mükerrer Kopya: Bu içerik zaten MySQL'de ID: 1367 (Books/b-Library_Hzm-20260601T230631Z-3-002/b-Library_Hzm/Allah Dostları-ZAMAN/Allah Dostları Cilt 05.pdf) olarak kayıtlı.
Allah Dostları Cilt 06.pdf,Books/b-Library_Hzm-20260601T235628Z-3-002/b-Library_Hzm/Allah Dostları-ZAMAN/Allah Dostları Cilt 06.pdf,Mükerrer / Kopya Dosya,.pdf,35894663,34.23 MB,9e3ab32e902952b96a9bd1afd41aa7c2f4b21dfc1888ea242e247ce2cf205159,1368,Books/b-Library_Hzm-20260601T230631Z-3-002/b-Library_Hzm/Allah Dostları-ZAMAN/Allah Dostları Cilt 06.pdf,Mükerrer Kopya: Bu içerik zaten MySQL'de ID: 1368 (Books/b-Library_Hzm-20260601T230631Z-3-002/b-Library_Hzm/Allah Dostları-ZAMAN/Allah Dostları Cilt 06.pdf) olarak kayıtlı.
Allah Dostları Cilt 07.pdf,Books/b-Library_Hzm-20260601T235628Z-3-002/b-Library_Hzm/Allah Dostları-ZAMAN/Allah Dostları Cilt 07.pdf,Mükerrer / Kopya Dosya,.pdf,39260429,37.44 MB,1062f016f6d853c74a0716cbce8187b406193d9070db0a9f6b99553aa73eaca6,1369,Books/b-Library_Hzm-20260601T230631Z-3-002/b-Library_Hzm/Allah Dostları-ZAMAN/Allah Dostları Cilt 07.pdf,Mükerrer Kopya: Bu içerik zaten MySQL'de ID: 1369 (Books/b-Library_Hzm-20260601T230631Z-3-002/b-Library_Hzm/Allah Dostları-ZAMAN/Allah Dostları Cilt 07.pdf) olarak kayıtlı.
Allah Dostları Cilt 08.pdf,Books/b-Library_Hzm-20260601T235628Z-3-002/b-Library_Hzm/Allah Dostları-ZAMAN/Allah Dostları Cilt 08.pdf,Mükerrer / Kopya Dosya,.pdf,35954477,34.29 MB,369f23c399d084d51546891dc7aa7f49a44edbfa81c45aeb68a616a6876a5d9c,1370,Books/b-Library_Hzm-20260601T230631Z-3-002/b-Library_Hzm/Allah Dostları-ZAMAN/Allah Dostları Cilt 08.pdf,Mükerrer Kopya: Bu içerik zaten MySQL'de ID: 1370 (Books/b-Library_Hzm-20260601T230631Z-3-002/b-Library_Hzm/Allah Dostları-ZAMAN/Allah Dostları Cilt 08.pdf) olarak kayıtlı.
Allah Dostları Cilt 09.pdf,Books/b-Library_Hzm-20260601T235628Z-3-002/b-Library_Hzm/Allah Dostları-ZAMAN/Allah Dostları Cilt 09.pdf,Mükerrer / Kopya Dosya,.pdf,40560241,38.68 MB,af567be7bdcb29036ea614160c57af2c08e47998143cc3af2a644bcbc9c95463,1371,Books/b-Library_Hzm-20260601T230631Z-3-002/b-Library_Hzm/Allah Dostları-ZAMAN/Allah Dostları Cilt 09.pdf,Mükerrer Kopya: Bu içerik zaten MySQL'de ID: 1371 (Books/b-Library_Hzm-20260601T230631Z-3-002/b-Library_Hzm/Allah Dostları-ZAMAN/Allah Dostları Cilt 09.pdf) olarak kayıtlı.
Allah Dostları Cilt 10.pdf,Books/b-Library_Hzm-20260601T235628Z-3-002/b-Library_Hzm/Allah Dostları-ZAMAN/Allah Dostları Cilt 10.pdf,Mükerrer / Kopya Dosya,.pdf,34296491,32.71 MB,5244ee3ca78000f1d7bfa13b0f77fefe8dda4958ca1dd34a16733c67b8cea19a,1372,Books/b-Library_Hzm-20260601T230631Z-3-002/b-Library_Hzm/Allah Dostları-ZAMAN/Allah Dostları Cilt 10.pdf,Mükerrer Kopya: Bu içerik zaten MySQL'de ID: 1372 (Books/b-Library_Hzm-20260601T230631Z-3-002/b-Library_Hzm/Allah Dostları-ZAMAN/Allah Dostları Cilt 10.pdf) olarak kayıtlı.
Sızıntı-2012-01.pdf,Books/b-Library_Hzm-20260601T235628Z-3-002/b-Library_Hzm/Dergi-Sızıntı/Sızıntı-2012-01.pdf,Mükerrer / Kopya Dosya,.pdf,5559195,5.30 MB,711b7d70f47028d7847f138fe164eee1db6acf47cdbccc111b0665c5cffd6c56,21,Books/b-Library_Hzm-20260601T230631Z-3-001/b-Library_Hzm/Dergi-Sızıntı/Sızıntı-2012-01.pdf,Mükerrer Kopya: Bu içerik zaten MySQL'de ID: 21 (Books/b-Library_Hzm-20260601T230631Z-3-001/b-Library_Hzm/Dergi-Sızıntı/Sızıntı-2012-01.pdf) olarak kayıtlı.
Sızıntı-2012.04.pdf,Books/b-Library_Hzm-20260601T235628Z-3-002/b-Library_Hzm/Dergi-Sızıntı/Sızıntı-2012.04.pdf,Mükerrer / Kopya Dosya,.pdf,5818041,5.55 MB,3be61d7206eeeda63ffee5729cd0e2d3f92cfedb07d78f1da8080fa44ddd6d6b,22,Books/b-Library_Hzm-20260601T230631Z-3-001/b-Library_Hzm/Dergi-Sızıntı/Sızıntı-2012.04.pdf,Mükerrer Kopya: Bu içerik zaten MySQL'de ID: 22 (Books/b-Library_Hzm-20260601T230631Z-3-001/b-Library_Hzm/Dergi-Sızıntı/Sızıntı-2012.04.pdf) olarak kayıtlı.
Yeni-Umit-Dergisi-001-1988-7.pdf,Books/b-Library_Hzm-20260601T235628Z-3-002/b-Library_Hzm/Dergi-Yeni Ümit/Yeni-Umit-Dergisi-001-1988-7.pdf,Mükerrer / Kopya Dosya,.pdf,3286340,3.13 MB,886729ca69332bb412aaa8eb5b0275c9a8576c0999b996946109361d3d381349,1373,Books/b-Library_Hzm-20260601T230631Z-3-002/b-Library_Hzm/Dergi-Yeni Ümit/Yeni-Umit-Dergisi-001-1988-7.pdf,Mükerrer Kopya: Bu içerik zaten MySQL'de ID: 1373 (Books/b-Library_Hzm-20260601T230631Z-3-002/b-Library_Hzm/Dergi-Yeni Ümit/Yeni-Umit-Dergisi-001-1988-7.pdf) olarak kayıtlı.
Yeni-Umit-Dergisi-002-1988-10.pdf,Books/b-Library_Hzm-20260601T235628Z-3-002/b-Library_Hzm/Dergi-Yeni Ümit/Yeni-Umit-Dergisi-002-1988-10.pdf,Mükerrer / Kopya Dosya,.pdf,3839179,3.66 MB,f1ad9afb267c765cf175998ffabf8b459e7611e6087faddc01faf90fe5bcc2b6,1374,Books/b-Library_Hzm-20260601T230631Z-3-002/b-Library_Hzm/Dergi-Yeni Ümit/Yeni-Umit-Dergisi-002-1988-10.pdf,Mükerrer Kopya: Bu içerik zaten MySQL'de ID: 1374 (Books/b-Library_Hzm-20260601T230631Z-3-002/b-Library_Hzm/Dergi-Yeni Ümit/Yeni-Umit-Dergisi-002-1988-10.pdf) olarak kayıtlı.
Yeni-Umit-Dergisi-004-1989-4.pdf,Books/b-Library_Hzm-20260601T235628Z-3-002/b-Library_Hzm/Dergi-Yeni Ümit/Yeni-Umit-Dergisi-004-1989-4.pdf,Mükerrer / Kopya Dosya,.pdf,2287896,2.18 MB,e3f3d838abcac00aee07b8749c4f3cd653abc6e9bff9b8ab7618bbed79e06587,23,Books/b-Library_Hzm-20260601T230631Z-3-001/b-Library_Hzm/Dergi-Yeni Ümit/Yeni-Umit-Dergisi-004-1989-4.pdf,Mükerrer Kopya: Bu içerik zaten MySQL'de ID: 23 (Books/b-Library_Hzm-20260601T230631Z-3-001/b-Library_Hzm/Dergi-Yeni Ümit/Yeni-Umit-Dergisi-004-1989-4.pdf) olarak kayıtlı.
Yeni-Umit-Dergisi-100-2013-4.pdf,Books/b-Library_Hzm-20260601T235628Z-3-002/b-Library_Hzm/Dergi-Yeni Ümit/Yeni-Umit-Dergisi-100-2013-4.pdf,Mükerrer / Kopya Dosya,.pdf,4326873,4.13 MB,de86ba0bab0876db8277da1ab1f103e736c70bb8dce76bd3e12fe5300655cf01,1375,Books/b-Library_Hzm-20260601T230631Z-3-002/b-Library_Hzm/Dergi-Yeni Ümit/Yeni-Umit-Dergisi-100-2013-4.pdf,Mükerrer Kopya: Bu içerik zaten MySQL'de ID: 1375 (Books/b-Library_Hzm-20260601T230631Z-3-002/b-Library_Hzm/Dergi-Yeni Ümit/Yeni-Umit-Dergisi-100-2013-4.pdf) olarak kayıtlı.
Yeni-Umit-Dergisi-101-2013-7.pdf,Books/b-Library_Hzm-20260601T235628Z-3-002/b-Library_Hzm/Dergi-Yeni Ümit/Yeni-Umit-Dergisi-101-2013-7.pdf,Mükerrer / Kopya Dosya,.pdf,4320804,4.12 MB,4207c14af557881f1cce04c1f6d7d88fa96220600c67a86e9e4e96b52f6c651b,1376,Books/b-Library_Hzm-20260601T230631Z-3-002/b-Library_Hzm/Dergi-Yeni Ümit/Yeni-Umit-Dergisi-101-2013-7.pdf,Mükerrer Kopya: Bu içerik zaten MySQL'de ID: 1376 (Books/b-Library_Hzm-20260601T230631Z-3-002/b-Library_Hzm/Dergi-Yeni Ümit/Yeni-Umit-Dergisi-101-2013-7.pdf) olarak kayıtlı.
Yeni-Umit-Dergisi-103-2014-1.pdf,Books/b-Library_Hzm-20260601T235628Z-3-002/b-Library_Hzm/Dergi-Yeni Ümit/Yeni-Umit-Dergisi-103-2014-1.pdf,Mükerrer / Kopya Dosya,.pdf,3983434,3.80 MB,680bf7116bab40acc1e337870054f7f2e3df38473c1018a620f2fa3983162696,1377,Books/b-Library_Hzm-20260601T230631Z-3-002/b-Library_Hzm/Dergi-Yeni Ümit/Yeni-Umit-Dergisi-103-2014-1.pdf,Mükerrer Kopya: Bu içerik zaten MySQL'de ID: 1377 (Books/b-Library_Hzm-20260601T230631Z-3-002/b-Library_Hzm/Dergi-Yeni Ümit/Yeni-Umit-Dergisi-103-2014-1.pdf) olarak kayıtlı.
Yeni-Umit-Dergisi-104-2014-3.pdf,Books/b-Library_Hzm-20260601T235628Z-3-002/b-Library_Hzm/Dergi-Yeni Ümit/Yeni-Umit-Dergisi-104-2014-3.pdf,Mükerrer / Kopya Dosya,.pdf,7189241,6.86 MB,aff65d33a1133dac0a82cf8266c3126389a9dbbe55b19048d3c0fcea3422b984,1378,Books/b-Library_Hzm-20260601T230631Z-3-002/b-Library_Hzm/Dergi-Yeni Ümit/Yeni-Umit-Dergisi-104-2014-3.pdf,Mükerrer Kopya: Bu içerik zaten MySQL'de ID: 1378 (Books/b-Library_Hzm-20260601T230631Z-3-002/b-Library_Hzm/Dergi-Yeni Ümit/Yeni-Umit-Dergisi-104-2014-3.pdf) olarak kayıtlı.
Yeni-Umit-Dergisi-105-2014-7.pdf,Books/b-Library_Hzm-20260601T235628Z-3-002/b-Library_Hzm/Dergi-Yeni Ümit/Yeni-Umit-Dergisi-105-2014-7.pdf,Mükerrer / Kopya Dosya,.pdf,12231915,11.67 MB,cfb53d5b2c3a1dd065e1a49b850089b1d704145a71fd165f0448fb28fc567ab8,1379,Books/b-Library_Hzm-20260601T230631Z-3-002/b-Library_Hzm/Dergi-Yeni Ümit/Yeni-Umit-Dergisi-105-2014-7.pdf,Mükerrer Kopya: Bu içerik zaten MySQL'de ID: 1379 (Books/b-Library_Hzm-20260601T230631Z-3-002/b-Library_Hzm/Dergi-Yeni Ümit/Yeni-Umit-Dergisi-105-2014-7.pdf) olarak kayıtlı.
Yeni-Umit-Dergisi-71-2006-1.pdf,Books/b-Library_Hzm-20260601T235628Z-3-002/b-Library_Hzm/Dergi-Yeni Ümit/Yeni-Umit-Dergisi-71-2006-1.pdf,Mükerrer / Kopya Dosya,.pdf,5946058,5.67 MB,7911e541d7ff771200eacbaeb1e697803d83580c1a8425a0197a46b663c5217d,1380,Books/b-Library_Hzm-20260601T230631Z-3-002/b-Library_Hzm/Dergi-Yeni Ümit/Yeni-Umit-Dergisi-71-2006-1.pdf,Mükerrer Kopya: Bu içerik zaten MySQL'de ID: 1380 (Books/b-Library_Hzm-20260601T230631Z-3-002/b-Library_Hzm/Dergi-Yeni Ümit/Yeni-Umit-Dergisi-71-2006-1.pdf) olarak kayıtlı.
Yeni-Umit-Dergisi-72-2006-4.pdf,Books/b-Library_Hzm-20260601T235628Z-3-002/b-Library_Hzm/Dergi-Yeni Ümit/Yeni-Umit-Dergisi-72-2006-4.pdf,Mükerrer / Kopya Dosya,.pdf,6825527,6.51 MB,8b02ff5bed6859d9dbff8f72a27615654981a7b1fa021f1b83bff70992690f94,1381,Books/b-Library_Hzm-20260601T230631Z-3-002/b-Library_Hzm/Dergi-Yeni Ümit/Yeni-Umit-Dergisi-72-2006-4.pdf,Mükerrer Kopya: Bu içerik zaten MySQL'de ID: 1381 (Books/b-Library_Hzm-20260601T230631Z-3-002/b-Library_Hzm/Dergi-Yeni Ümit/Yeni-Umit-Dergisi-72-2006-4.pdf) olarak kayıtlı.
Yeni-Umit-Dergisi-73-2006-7.pdf,Books/b-Library_Hzm-20260601T235628Z-3-002/b-Library_Hzm/Dergi-Yeni Ümit/Yeni-Umit-Dergisi-73-2006-7.pdf,Mükerrer / Kopya Dosya,.pdf,7503781,7.16 MB,9ce50d6ca782cd33921375562d50fb750f3d7ed092edc84d304a1dbc7e184339,1382,Books/b-Library_Hzm-20260601T230631Z-3-002/b-Library_Hzm/Dergi-Yeni Ümit/Yeni-Umit-Dergisi-73-2006-7.pdf,Mükerrer Kopya: Bu içerik zaten MySQL'de ID: 1382 (Books/b-Library_Hzm-20260601T230631Z-3-002/b-Library_Hzm/Dergi-Yeni Ümit/Yeni-Umit-Dergisi-73-2006-7.pdf) olarak kayıtlı.
Yeni-Umit-Dergisi-74-2006-10.pdf,Books/b-Library_Hzm-20260601T235628Z-3-002/b-Library_Hzm/Dergi-Yeni Ümit/Yeni-Umit-Dergisi-74-2006-10.pdf,Mükerrer / Kopya Dosya,.pdf,6415284,6.12 MB,c342c81f097dee6111bcadc67d10f2689526dd9c6117328491f8299dad987f83,1383,Books/b-Library_Hzm-20260601T230631Z-3-002/b-Library_Hzm/Dergi-Yeni Ümit/Yeni-Umit-Dergisi-74-2006-10.pdf,Mükerrer Kopya: Bu içerik zaten MySQL'de ID: 1383 (Books/b-Library_Hzm-20260601T230631Z-3-002/b-Library_Hzm/Dergi-Yeni Ümit/Yeni-Umit-Dergisi-74-2006-10.pdf) olarak kayıtlı.
Yeni-Umit-Dergisi-75-2007-1.pdf,Books/b-Library_Hzm-20260601T235628Z-3-002/b-Library_Hzm/Dergi-Yeni Ümit/Yeni-Umit-Dergisi-75-2007-1.pdf,Mükerrer / Kopya Dosya,.pdf,4328589,4.13 MB,a13644f66cfac657963bc26f915696f398a65f8ac519b3f8f543ac09152ec616,1384,Books/b-Library_Hzm-20260601T230631Z-3-002/b-Library_Hzm/Dergi-Yeni Ümit/Yeni-Umit-Dergisi-75-2007-1.pdf,Mükerrer Kopya: Bu içerik zaten MySQL'de ID: 1384 (Books/b-Library_Hzm-20260601T230631Z-3-002/b-Library_Hzm/Dergi-Yeni Ümit/Yeni-Umit-Dergisi-75-2007-1.pdf) olarak kayıtlı.
Yeni-Umit-Dergisi-77-2007-7.pdf,Books/b-Library_Hzm-20260601T235628Z-3-002/b-Library_Hzm/Dergi-Yeni Ümit/Yeni-Umit-Dergisi-77-2007-7.pdf,Mükerrer / Kopya Dosya,.pdf,4359604,4.16 MB,6696fb5cda235dfb46fe543a71b0d9bec6fc688ff39a90b8faf9572631845779,1385,Books/b-Library_Hzm-20260601T230631Z-3-002/b-Library_Hzm/Dergi-Yeni Ümit/Yeni-Umit-Dergisi-77-2007-7.pdf,Mükerrer Kopya: Bu içerik zaten MySQL'de ID: 1385 (Books/b-Library_Hzm-20260601T230631Z-3-002/b-Library_Hzm/Dergi-Yeni Ümit/Yeni-Umit-Dergisi-77-2007-7.pdf) olarak kayıtlı.
Yeni-Umit-Dergisi-79-2008-1.pdf,Books/b-Library_Hzm-20260601T235628Z-3-002/b-Library_Hzm/Dergi-Yeni Ümit/Yeni-Umit-Dergisi-79-2008-1.pdf,Mükerrer / Kopya Dosya,.pdf,4630381,4.42 MB,2e7836798fad438c6fcd325203b6c95156895035c6a251c059af29f570cfecd7,1386,Books/b-Library_Hzm-20260601T230631Z-3-002/b-Library_Hzm/Dergi-Yeni Ümit/Yeni-Umit-Dergisi-79-2008-1.pdf,Mükerrer Kopya: Bu içerik zaten MySQL'de ID: 1386 (Books/b-Library_Hzm-20260601T230631Z-3-002/b-Library_Hzm/Dergi-Yeni Ümit/Yeni-Umit-Dergisi-79-2008-1.pdf) olarak kayıtlı.
Yeni-Umit-Dergisi-80-2008-4.pdf,Books/b-Library_Hzm-20260601T235628Z-3-002/b-Library_Hzm/Dergi-Yeni Ümit/Yeni-Umit-Dergisi-80-2008-4.pdf,Mükerrer / Kopya Dosya,.pdf,9059017,8.64 MB,85940ae68997ee71662c96eecf16ef16a25b847f8107c820c0e693f99c340f52,1387,Books/b-Library_Hzm-20260601T230631Z-3-002/b-Library_Hzm/Dergi-Yeni Ümit/Yeni-Umit-Dergisi-80-2008-4.pdf,Mükerrer Kopya: Bu içerik zaten MySQL'de ID: 1387 (Books/b-Library_Hzm-20260601T230631Z-3-002/b-Library_Hzm/Dergi-Yeni Ümit/Yeni-Umit-Dergisi-80-2008-4.pdf) olarak kayıtlı.
Yeni-Umit-Dergisi-82-2008-10.pdf,Books/b-Library_Hzm-20260601T235628Z-3-002/b-Library_Hzm/Dergi-Yeni Ümit/Yeni-Umit-Dergisi-82-2008-10.pdf,Mükerrer / Kopya Dosya,.pdf,7130552,6.80 MB,74ffc6825442bb68240b347c57396799b3b3a1b674e95bb6c73b186301c50250,1388,Books/b-Library_Hzm-20260601T230631Z-3-002/b-Library_Hzm/Dergi-Yeni Ümit/Yeni-Umit-Dergisi-82-2008-10.pdf,Mükerrer Kopya: Bu içerik zaten MySQL'de ID: 1388 (Books/b-Library_Hzm-20260601T230631Z-3-002/b-Library_Hzm/Dergi-Yeni Ümit/Yeni-Umit-Dergisi-82-2008-10.pdf) olarak kayıtlı.
Yeni-Umit-Dergisi-83-2009-1.pdf,Books/b-Library_Hzm-20260601T235628Z-3-002/b-Library_Hzm/Dergi-Yeni Ümit/Yeni-Umit-Dergisi-83-2009-1.pdf,Mükerrer / Kopya Dosya,.pdf,19266797,18.37 MB,8be4d794e9fa89090247040b396e3c9970073bbeb49bc99b0894a39bd099f6f9,1389,Books/b-Library_Hzm-20260601T230631Z-3-002/b-Library_Hzm/Dergi-Yeni Ümit/Yeni-Umit-Dergisi-83-2009-1.pdf,Mükerrer Kopya: Bu içerik zaten MySQL'de ID: 1389 (Books/b-Library_Hzm-20260601T230631Z-3-002/b-Library_Hzm/Dergi-Yeni Ümit/Yeni-Umit-Dergisi-83-2009-1.pdf) olarak kayıtlı.
Yeni-Umit-Dergisi-84-2009-4.pdf,Books/b-Library_Hzm-20260601T235628Z-3-002/b-Library_Hzm/Dergi-Yeni Ümit/Yeni-Umit-Dergisi-84-2009-4.pdf,Mükerrer / Kopya Dosya,.pdf,6213456,5.93 MB,a9f5e4bbd53f1fbac26c180b6271b75c2ba3208ae44014541c000b76a51bfb66,1390,Books/b-Library_Hzm-20260601T230631Z-3-002/b-Library_Hzm/Dergi-Yeni Ümit/Yeni-Umit-Dergisi-84-2009-4.pdf,Mükerrer Kopya: Bu içerik zaten MySQL'de ID: 1390 (Books/b-Library_Hzm-20260601T230631Z-3-002/b-Library_Hzm/Dergi-Yeni Ümit/Yeni-Umit-Dergisi-84-2009-4.pdf) olarak kayıtlı.
Yeni-Umit-Dergisi-86-2009-10.pdf,Books/b-Library_Hzm-20260601T235628Z-3-002/b-Library_Hzm/Dergi-Yeni Ümit/Yeni-Umit-Dergisi-86-2009-10.pdf,Mükerrer / Kopya Dosya,.pdf,6515831,6.21 MB,4f318588e6a51096a4c91d929998361032810d4ccd6b5cb3974db972be36242e,1391,Books/b-Library_Hzm-20260601T230631Z-3-002/b-Library_Hzm/Dergi-Yeni Ümit/Yeni-Umit-Dergisi-86-2009-10.pdf,Mükerrer Kopya: Bu içerik zaten MySQL'de ID: 1391 (Books/b-Library_Hzm-20260601T230631Z-3-002/b-Library_Hzm/Dergi-Yeni Ümit/Yeni-Umit-Dergisi-86-2009-10.pdf) olarak kayıtlı.
Yeni-Umit-Dergisi-87-2010-1.pdf,Books/b-Library_Hzm-20260601T235628Z-3-002/b-Library_Hzm/Dergi-Yeni Ümit/Yeni-Umit-Dergisi-87-2010-1.pdf,Mükerrer / Kopya Dosya,.pdf,7372257,7.03 MB,709e2b51cd295bcc371fbe0898da18a10df80466e90b68f7177baaef9d8e2e5a,1392,Books/b-Library_Hzm-20260601T230631Z-3-002/b-Library_Hzm/Dergi-Yeni Ümit/Yeni-Umit-Dergisi-87-2010-1.pdf,Mükerrer Kopya: Bu içerik zaten MySQL'de ID: 1392 (Books/b-Library_Hzm-20260601T230631Z-3-002/b-Library_Hzm/Dergi-Yeni Ümit/Yeni-Umit-Dergisi-87-2010-1.pdf) olarak kayıtlı.
Yeni-Umit-Dergisi-88-2010-4.pdf,Books/b-Library_Hzm-20260601T235628Z-3-002/b-Library_Hzm/Dergi-Yeni Ümit/Yeni-Umit-Dergisi-88-2010-4.pdf,Mükerrer / Kopya Dosya,.pdf,2788947,2.66 MB,03937bc51f5828e51aec2520af0717687c8f773cc1ead138910ae17772d27f8d,1393,Books/b-Library_Hzm-20260601T230631Z-3-002/b-Library_Hzm/Dergi-Yeni Ümit/Yeni-Umit-Dergisi-88-2010-4.pdf,Mükerrer Kopya: Bu içerik zaten MySQL'de ID: 1393 (Books/b-Library_Hzm-20260601T230631Z-3-002/b-Library_Hzm/Dergi-Yeni Ümit/Yeni-Umit-Dergisi-88-2010-4.pdf) olarak kayıtlı.
Yeni-Umit-Dergisi-89-2010-7.pdf,Books/b-Library_Hzm-20260601T235628Z-3-002/b-Library_Hzm/Dergi-Yeni Ümit/Yeni-Umit-Dergisi-89-2010-7.pdf,Mükerrer / Kopya Dosya,.pdf,9453013,9.02 MB,c9ed1ccb5b8387b01fbddd2eff79abb136be11527c70fabc90601d638702e65a,1394,Books/b-Library_Hzm-20260601T230631Z-3-002/b-Library_Hzm/Dergi-Yeni Ümit/Yeni-Umit-Dergisi-89-2010-7.pdf,Mükerrer Kopya: Bu içerik zaten MySQL'de ID: 1394 (Books/b-Library_Hzm-20260601T230631Z-3-002/b-Library_Hzm/Dergi-Yeni Ümit/Yeni-Umit-Dergisi-89-2010-7.pdf) olarak kayıtlı.
Yeni-Umit-Dergisi-91-2011-1.pdf,Books/b-Library_Hzm-20260601T235628Z-3-002/b-Library_Hzm/Dergi-Yeni Ümit/Yeni-Umit-Dergisi-91-2011-1.pdf,Mükerrer / Kopya Dosya,.pdf,4923947,4.70 MB,ec3fbf17894d921fa1a79b50e76fb06f95fb237954f56a897a9c3704287adfa4,1395,Books/b-Library_Hzm-20260601T230631Z-3-002/b-Library_Hzm/Dergi-Yeni Ümit/Yeni-Umit-Dergisi-91-2011-1.pdf,Mükerrer Kopya: Bu içerik zaten MySQL'de ID: 1395 (Books/b-Library_Hzm-20260601T230631Z-3-002/b-Library_Hzm/Dergi-Yeni Ümit/Yeni-Umit-Dergisi-91-2011-1.pdf) olarak kayıtlı.
Yeni-Umit-Dergisi-93-2011-7.pdf,Books/b-Library_Hzm-20260601T235628Z-3-002/b-Library_Hzm/Dergi-Yeni Ümit/Yeni-Umit-Dergisi-93-2011-7.pdf,Mükerrer / Kopya Dosya,.pdf,6494083,6.19 MB,83b4562febd7499528e59a51befc93c147e82ba3ce909f5913998c40ff4944e0,1396,Books/b-Library_Hzm-20260601T230631Z-3-002/b-Library_Hzm/Dergi-Yeni Ümit/Yeni-Umit-Dergisi-93-2011-7.pdf,Mükerrer Kopya: Bu içerik zaten MySQL'de ID: 1396 (Books/b-Library_Hzm-20260601T230631Z-3-002/b-Library_Hzm/Dergi-Yeni Ümit/Yeni-Umit-Dergisi-93-2011-7.pdf) olarak kayıtlı.
Yeni-Umit-Dergisi-94-2011-10.pdf,Books/b-Library_Hzm-20260601T235628Z-3-002/b-Library_Hzm/Dergi-Yeni Ümit/Yeni-Umit-Dergisi-94-2011-10.pdf,Mükerrer / Kopya Dosya,.pdf,5224728,4.98 MB,19961df287066bcaa35be074ba62bdf55f8e4ce3b5e1b39300807565d763dbab,1397,Books/b-Library_Hzm-20260601T230631Z-3-002/b-Library_Hzm/Dergi-Yeni Ümit/Yeni-Umit-Dergisi-94-2011-10.pdf,Mükerrer Kopya: Bu içerik zaten MySQL'de ID: 1397 (Books/b-Library_Hzm-20260601T230631Z-3-002/b-Library_Hzm/Dergi-Yeni Ümit/Yeni-Umit-Dergisi-94-2011-10.pdf) olarak kayıtlı.
Yeni-Umit-Dergisi-95-2012-01.pdf,Books/b-Library_Hzm-20260601T235628Z-3-002/b-Library_Hzm/Dergi-Yeni Ümit/Yeni-Umit-Dergisi-95-2012-01.pdf,Mükerrer / Kopya Dosya,.pdf,11844032,11.30 MB,ceb854486b56a51526869520081a419b3bc1e0856f0b91fadd2de90eda3943a7,1398,Books/b-Library_Hzm-20260601T230631Z-3-002/b-Library_Hzm/Dergi-Yeni Ümit/Yeni-Umit-Dergisi-95-2012-01.pdf,Mükerrer Kopya: Bu içerik zaten MySQL'de ID: 1398 (Books/b-Library_Hzm-20260601T230631Z-3-002/b-Library_Hzm/Dergi-Yeni Ümit/Yeni-Umit-Dergisi-95-2012-01.pdf) olarak kayıtlı.
Yeni-Umit-Dergisi-96-2012-4.pdf,Books/b-Library_Hzm-20260601T235628Z-3-002/b-Library_Hzm/Dergi-Yeni Ümit/Yeni-Umit-Dergisi-96-2012-4.pdf,Mükerrer / Kopya Dosya,.pdf,6083109,5.80 MB,eec91e3bd98c4dc2725235fa0dafaa0c72ae1ba2d0990839beb4b87c7e13eda3,1399,Books/b-Library_Hzm-20260601T230631Z-3-002/b-Library_Hzm/Dergi-Yeni Ümit/Yeni-Umit-Dergisi-96-2012-4.pdf,Mükerrer Kopya: Bu içerik zaten MySQL'de ID: 1399 (Books/b-Library_Hzm-20260601T230631Z-3-002/b-Library_Hzm/Dergi-Yeni Ümit/Yeni-Umit-Dergisi-96-2012-4.pdf) olarak kayıtlı.
Yeni-Umit-Dergisi-97-2012-7.pdf,Books/b-Library_Hzm-20260601T235628Z-3-002/b-Library_Hzm/Dergi-Yeni Ümit/Yeni-Umit-Dergisi-97-2012-7.pdf,Mükerrer / Kopya Dosya,.pdf,7189241,6.86 MB,aff65d33a1133dac0a82cf8266c3126389a9dbbe55b19048d3c0fcea3422b984,1378,Books/b-Library_Hzm-20260601T230631Z-3-002/b-Library_Hzm/Dergi-Yeni Ümit/Yeni-Umit-Dergisi-104-2014-3.pdf,Mükerrer Kopya: Bu içerik zaten MySQL'de ID: 1378 (Books/b-Library_Hzm-20260601T230631Z-3-002/b-Library_Hzm/Dergi-Yeni Ümit/Yeni-Umit-Dergisi-104-2014-3.pdf) olarak kayıtlı.
Yeni-Umit-Dergisi-98-2012-10.pdf,Books/b-Library_Hzm-20260601T235628Z-3-002/b-Library_Hzm/Dergi-Yeni Ümit/Yeni-Umit-Dergisi-98-2012-10.pdf,Mükerrer / Kopya Dosya,.pdf,7768577,7.41 MB,713d81d962d4862bda33f9f2976942a4e35be39912e2ba473197b9809ab5c52e,1400,Books/b-Library_Hzm-20260601T230631Z-3-002/b-Library_Hzm/Dergi-Yeni Ümit/Yeni-Umit-Dergisi-98-2012-10.pdf,Mükerrer Kopya: Bu içerik zaten MySQL'de ID: 1400 (Books/b-Library_Hzm-20260601T230631Z-3-002/b-Library_Hzm/Dergi-Yeni Ümit/Yeni-Umit-Dergisi-98-2012-10.pdf) olarak kayıtlı.
Caglayan_2019.02.pdf,Books/b-Library_Hzm-20260601T235628Z-3-002/b-Library_Hzm/Dergi-caglayan/Caglayan_2019.02.pdf,Mükerrer / Kopya Dosya,.pdf,137611006,131.24 MB,a59ac7092a213ff636125a3fad4a878551d36fbda6e6d8a448ed959df0e7a095,24,Books/b-Library_Hzm-20260601T230631Z-3-001/b-Library_Hzm/Dergi-caglayan/Caglayan_2019.02.pdf,Mükerrer Kopya: Bu içerik zaten MySQL'de ID: 24 (Books/b-Library_Hzm-20260601T230631Z-3-001/b-Library_Hzm/Dergi-caglayan/Caglayan_2019.02.pdf) olarak kayıtlı.
Yakaran Gönüller - el Kulûbd Dâria Tercümesi.pdf,Books/b-Library_Hzm-20260601T235628Z-3-002/b-Library_Hzm/Dua-Hzm/Yakaran Gönüller - el Kulûbd Dâria Tercümesi.pdf,Mükerrer / Kopya Dosya,.pdf,5591794,5.33 MB,b8f82ca9dda82807157b8735236c02be49e2b3c4573b9dc3d5711738a6f2849b,1405,Books/b-Library_Hzm-20260601T230631Z-3-002/b-Library_Hzm/Dua-Hzm/Yakaran Gönüller - el Kulûbd Dâria Tercümesi.pdf,Mükerrer Kopya: Bu içerik zaten MySQL'de ID: 1405 (Books/b-Library_Hzm-20260601T230631Z-3-002/b-Library_Hzm/Dua-Hzm/Yakaran Gönüller - el Kulûbd Dâria Tercümesi.pdf) olarak kayıtlı.
Ashab-ı Bedir Duası.pdf,Books/b-Library_Hzm-20260601T235628Z-3-002/b-Library_Hzm/Dua-Oku/Ashab-ı Bedir Duası.pdf,Mükerrer / Kopya Dosya,.pdf,382830,0.37 MB,daf7ec7346ca581c5d271914f96fa26c38843527d2a8819369f45e78b852a9d0,1409,Books/b-Library_Hzm-20260601T230631Z-3-002/b-Library_Hzm/Dua-Oku/Ashab-ı Bedir Duası.pdf,Mükerrer Kopya: Bu içerik zaten MySQL'de ID: 1409 (Books/b-Library_Hzm-20260601T230631Z-3-002/b-Library_Hzm/Dua-Oku/Ashab-ı Bedir Duası.pdf) olarak kayıtlı.
Bir-Kırık-Dilekce-M-Fethullah-Gulen.epub,Books/b-Library_Hzm-20260601T235628Z-3-002/b-Library_Hzm/Dua-Oku/Bir-Kırık-Dilekce-M-Fethullah-Gulen.epub,Mükerrer / Kopya Dosya,.epub,86338,0.08 MB,3df420c9a4603d794abdad448515cd3f7e5880677b876aab1a779929e8b7240a,28,Books/b-Library_Hzm-20260601T230631Z-3-001/b-Library_Hzm/Dua-Oku/Bir-Kırık-Dilekce-M-Fethullah-Gulen.epub,Mükerrer Kopya: Bu içerik zaten MySQL'de ID: 28 (Books/b-Library_Hzm-20260601T230631Z-3-001/b-Library_Hzm/Dua-Oku/Bir-Kırık-Dilekce-M-Fethullah-Gulen.epub) olarak kayıtlı.
Bir-Kırık-Dilekce-pdf.pdf,Books/b-Library_Hzm-20260601T235628Z-3-002/b-Library_Hzm/Dua-Oku/Bir-Kırık-Dilekce-pdf.pdf,Mükerrer / Kopya Dosya,.pdf,6325666,6.03 MB,d7809d7fd72c7f04aa9859189d16d4ab281141536db086513b8c4c83208a82e5,1410,Books/b-Library_Hzm-20260601T230631Z-3-002/b-Library_Hzm/Dua-Oku/Bir-Kırık-Dilekce-pdf.pdf,Mükerrer Kopya: Bu içerik zaten MySQL'de ID: 1410 (Books/b-Library_Hzm-20260601T230631Z-3-002/b-Library_Hzm/Dua-Oku/Bir-Kırık-Dilekce-pdf.pdf) olarak kayıtlı.
Büyük Cevşen-Define.pdf,Books/b-Library_Hzm-20260601T235628Z-3-002/b-Library_Hzm/Dua-Oku/Büyük Cevşen-Define.pdf,Mükerrer / Kopya Dosya,.pdf,6784680,6.47 MB,c7cb11115b19748d39b441dd46d0afb57f5084b2b48157b2cf80ba65c3963921,1411,Books/b-Library_Hzm-20260601T230631Z-3-002/b-Library_Hzm/Dua-Oku/Büyük Cevşen-Define.pdf,Mükerrer Kopya: Bu içerik zaten MySQL'de ID: 1411 (Books/b-Library_Hzm-20260601T230631Z-3-002/b-Library_Hzm/Dua-Oku/Büyük Cevşen-Define.pdf) olarak kayıtlı.
Cevşen ve Meali-Define.pdf,Books/b-Library_Hzm-20260601T235628Z-3-002/b-Library_Hzm/Dua-Oku/Cevşen ve Meali-Define.pdf,Mükerrer / Kopya Dosya,.pdf,4356010,4.15 MB,1ee36d6108b4409298408c8daa8f7e299eaa6e579eb45e9c9aea7dc6372657db,1412,Books/b-Library_Hzm-20260601T230631Z-3-002/b-Library_Hzm/Dua-Oku/Cevşen ve Meali-Define.pdf,Mükerrer Kopya: Bu içerik zaten MySQL'de ID: 1412 (Books/b-Library_Hzm-20260601T230631Z-3-002/b-Library_Hzm/Dua-Oku/Cevşen ve Meali-Define.pdf) olarak kayıtlı.
Dua Kartlari-defineyayinlari.pdf,Books/b-Library_Hzm-20260601T235628Z-3-002/b-Library_Hzm/Dua-Oku/Dua Kartlari-defineyayinlari.pdf,Mükerrer / Kopya Dosya,.pdf,51073138,48.71 MB,5fcd8d5080139ef877ae57569e54221fe8dab744c1e370f53e12a17909f7b394,1413,Books/b-Library_Hzm-20260601T230631Z-3-002/b-Library_Hzm/Dua-Oku/Dua Kartlari-defineyayinlari.pdf,Mükerrer Kopya: Bu içerik zaten MySQL'de ID: 1413 (Books/b-Library_Hzm-20260601T230631Z-3-002/b-Library_Hzm/Dua-Oku/Dua Kartlari-defineyayinlari.pdf) olarak kayıtlı.
Dua Mecmuasi Mealli_MFG.pdf,Books/b-Library_Hzm-20260601T235628Z-3-002/b-Library_Hzm/Dua-Oku/Dua Mecmuasi Mealli_MFG.pdf,Mükerrer / Kopya Dosya,.pdf,3765861,3.59 MB,1db8e7868dcc8505c4586988e26bb1672ef423e3d68ee5a6177875f8a69f2626,1414,Books/b-Library_Hzm-20260601T230631Z-3-002/b-Library_Hzm/Dua-Oku/Dua Mecmuasi Mealli_MFG.pdf,Mükerrer Kopya: Bu içerik zaten MySQL'de ID: 1414 (Books/b-Library_Hzm-20260601T230631Z-3-002/b-Library_Hzm/Dua-Oku/Dua Mecmuasi Mealli_MFG.pdf) olarak kayıtlı.
Kulubud-Daria.pdf,Books/b-Library_Hzm-20260601T235628Z-3-002/b-Library_Hzm/Dua-Oku/Kulubud-Daria.pdf,Mükerrer / Kopya Dosya,.pdf,11212183,10.69 MB,9c56d47fd9dfaa0c24192d9b48dd51338597646b513f977f91b5aefc353e935f,1415,Books/b-Library_Hzm-20260601T230631Z-3-002/b-Library_Hzm/Dua-Oku/Kulubud-Daria.pdf,Mükerrer Kopya: Bu içerik zaten MySQL'de ID: 1415 (Books/b-Library_Hzm-20260601T230631Z-3-002/b-Library_Hzm/Dua-Oku/Kulubud-Daria.pdf) olarak kayıtlı.
Mustafa Yilmaz - Yanik Sinelerden Dualar - DefineYayinlari (Mustafa Yilmaz) (z-lib.org).pdf,Books/b-Library_Hzm-20260601T235628Z-3-002/b-Library_Hzm/Dua-Oku/Mustafa Yilmaz - Yanik Sinelerden Dualar - DefineYayinlari (Mustafa Yilmaz) (z-lib.org).pdf,Mükerrer / Kopya Dosya,.pdf,1108648,1.06 MB,a36a40d8b98d47a99ee291b15d3e3376909d6bebc395e903be0d012df8b8caa4,29,Books/b-Library_Hzm-20260601T230631Z-3-001/b-Library_Hzm/Dua-Oku/Mustafa Yilmaz - Yanik Sinelerden Dualar - DefineYayinlari (Mustafa Yilmaz) (z-lib.org).pdf,Mükerrer Kopya: Bu içerik zaten MySQL'de ID: 29 (Books/b-Library_Hzm-20260601T230631Z-3-001/b-Library_Hzm/Dua-Oku/Mustafa Yilmaz - Yanik Sinelerden Dualar - DefineYayinlari (Mustafa Yilmaz) (z-lib.org).pdf) olarak kayıtlı.
Namaz-Tesbihatı.pdf,Books/b-Library_Hzm-20260601T235628Z-3-002/b-Library_Hzm/Dua-Oku/Namaz-Tesbihatı.pdf,Mükerrer / Kopya Dosya,.pdf,13014899,12.41 MB,17fd72fb79e91fbee6a95171093f29eb951b766f13ec71fe898bffc274850f97,1416,Books/b-Library_Hzm-20260601T230631Z-3-002/b-Library_Hzm/Dua-Oku/Namaz-Tesbihatı.pdf,Mükerrer Kopya: Bu içerik zaten MySQL'de ID: 1416 (Books/b-Library_Hzm-20260601T230631Z-3-002/b-Library_Hzm/Dua-Oku/Namaz-Tesbihatı.pdf) olarak kayıtlı.
Peygamber Efendimizin Dilinden Faziletli Dualar (Aydüz Davut) (z-lib.org).epub,Books/b-Library_Hzm-20260601T235628Z-3-002/b-Library_Hzm/Dua-Oku/Peygamber Efendimizin Dilinden Faziletli Dualar (Aydüz Davut) (z-lib.org).epub,Mükerrer / Kopya Dosya,.epub,432249,0.41 MB,9bb38600c6867333d27e825c08c8282e941fe8f4d1fb87765d56760d8f0b6666,1417,Books/b-Library_Hzm-20260601T230631Z-3-002/b-Library_Hzm/Dua-Oku/Peygamber Efendimizin Dilinden Faziletli Dualar (Aydüz Davut) (z-lib.org).epub,Mükerrer Kopya: Bu içerik zaten MySQL'de ID: 1417 (Books/b-Library_Hzm-20260601T230631Z-3-002/b-Library_Hzm/Dua-Oku/Peygamber Efendimizin Dilinden Faziletli Dualar (Aydüz Davut) (z-lib.org).epub) olarak kayıtlı.
Tevhidname-mealli.pdf,Books/b-Library_Hzm-20260601T235628Z-3-002/b-Library_Hzm/Dua-Oku/Tevhidname-mealli.pdf,Mükerrer / Kopya Dosya,.pdf,1458564,1.39 MB,53b48b79b1c21ae759050287a64bdf90891ee79047f020099ff8fdcbf0451ad0,1418,Books/b-Library_Hzm-20260601T230631Z-3-002/b-Library_Hzm/Dua-Oku/Tevhidname-mealli.pdf,Mükerrer Kopya: Bu içerik zaten MySQL'de ID: 1418 (Books/b-Library_Hzm-20260601T230631Z-3-002/b-Library_Hzm/Dua-Oku/Tevhidname-mealli.pdf) olarak kayıtlı.
Tevhidname.pdf,Books/b-Library_Hzm-20260601T235628Z-3-002/b-Library_Hzm/Dua-Oku/Tevhidname.pdf,Mükerrer / Kopya Dosya,.pdf,86268210,82.27 MB,97645d22c3106c56178562f07fac311fc2f3de5a45e1099e9b7bfd152c34192f,1419,Books/b-Library_Hzm-20260601T230631Z-3-002/b-Library_Hzm/Dua-Oku/Tevhidname.pdf,Mükerrer Kopya: Bu içerik zaten MySQL'de ID: 1419 (Books/b-Library_Hzm-20260601T230631Z-3-002/b-Library_Hzm/Dua-Oku/Tevhidname.pdf) olarak kayıtlı.
Yakaran_Gonuller-el_Kulubud_Daria_Tercumesi.pdf,Books/b-Library_Hzm-20260601T235628Z-3-002/b-Library_Hzm/Dua-Oku/Yakaran_Gonuller-el_Kulubud_Daria_Tercumesi.pdf,Mükerrer / Kopya Dosya,.pdf,3324103,3.17 MB,8b1a5d092d04c298b62e3cd295473ed637a9872b71a1f55fc64eed1e79bd3257,1420,Books/b-Library_Hzm-20260601T230631Z-3-002/b-Library_Hzm/Dua-Oku/Yakaran_Gonuller-el_Kulubud_Daria_Tercumesi.pdf,Mükerrer Kopya: Bu içerik zaten MySQL'de ID: 1420 (Books/b-Library_Hzm-20260601T230631Z-3-002/b-Library_Hzm/Dua-Oku/Yakaran_Gonuller-el_Kulubud_Daria_Tercumesi.pdf) olarak kayıtlı.
dua-kartlari.pdf,Books/b-Library_Hzm-20260601T235628Z-3-002/b-Library_Hzm/Dua-Oku/dua-kartlari.pdf,Mükerrer / Kopya Dosya,.pdf,239519,0.23 MB,1522c3e3dd2e625de149c81c4695c5b06348a7393b11933206e8b75000819672,1421,Books/b-Library_Hzm-20260601T230631Z-3-002/b-Library_Hzm/Dua-Oku/dua-kartlari.pdf,Mükerrer Kopya: Bu içerik zaten MySQL'de ID: 1421 (Books/b-Library_Hzm-20260601T230631Z-3-002/b-Library_Hzm/Dua-Oku/dua-kartlari.pdf) olarak kayıtlı.
dua-kitapcik-calismasi-yeni.pdf,Books/b-Library_Hzm-20260601T235628Z-3-002/b-Library_Hzm/Dua-Oku/dua-kitapcik-calismasi-yeni.pdf,Mükerrer / Kopya Dosya,.pdf,1833211,1.75 MB,cd134edff599bb4ed5683f56605aa0621242c2a4af770a16d16d8da2ea27f6af,1422,Books/b-Library_Hzm-20260601T230631Z-3-002/b-Library_Hzm/Dua-Oku/dua-kitapcik-calismasi-yeni.pdf,Mükerrer Kopya: Bu içerik zaten MySQL'de ID: 1422 (Books/b-Library_Hzm-20260601T230631Z-3-002/b-Library_Hzm/Dua-Oku/dua-kitapcik-calismasi-yeni.pdf) olarak kayıtlı.
kisa-sureler-ve-gunluk-dualar-rehberyayinlari.pdf,Books/b-Library_Hzm-20260601T235628Z-3-002/b-Library_Hzm/Dua-Oku/kisa-sureler-ve-gunluk-dualar-rehberyayinlari.pdf,Mükerrer / Kopya Dosya,.pdf,749070,0.71 MB,f4475dd55dad76eb7ff9e3dc1b5886c03523ef1a9e2b89a77a70317906919176,30,Books/b-Library_Hzm-20260601T230631Z-3-001/b-Library_Hzm/Dua-Oku/kisa-sureler-ve-gunluk-dualar-rehberyayinlari.pdf,Mükerrer Kopya: Bu içerik zaten MySQL'de ID: 30 (Books/b-Library_Hzm-20260601T230631Z-3-001/b-Library_Hzm/Dua-Oku/kisa-sureler-ve-gunluk-dualar-rehberyayinlari.pdf) olarak kayıtlı.
teravih-dualari.pdf,Books/b-Library_Hzm-20260601T235628Z-3-002/b-Library_Hzm/Dua-Oku/teravih-dualari.pdf,Mükerrer / Kopya Dosya,.pdf,136666,0.13 MB,34bd8af250f83bd8d1f35c2a2a17217c0af36ce66544e0b22a50c4513a5f1505,31,Books/b-Library_Hzm-20260601T230631Z-3-001/b-Library_Hzm/Dua-Oku/teravih-dualari.pdf,Mükerrer Kopya: Bu içerik zaten MySQL'de ID: 31 (Books/b-Library_Hzm-20260601T230631Z-3-001/b-Library_Hzm/Dua-Oku/teravih-dualari.pdf) olarak kayıtlı.
The Sultan-of-Hearts-Prophet-Muhammad-Haylamaz-Resit.pdf,Books/b-Library_Hzm-20260601T235628Z-3-002/b-Library_Hzm/Efendimiz Sav-Hzm-English/The Sultan-of-Hearts-Prophet-Muhammad-Haylamaz-Resit.pdf,Mükerrer / Kopya Dosya,.pdf,12438754,11.86 MB,4d3dc91a679b22ae1cb87748172b91a81400cfada7d3c1422d0771430cf36973,32,Books/b-Library_Hzm-20260601T230631Z-3-001/b-Library_Hzm/Efendimiz Sav-Hzm-English/The Sultan-of-Hearts-Prophet-Muhammad-Haylamaz-Resit.pdf,Mükerrer Kopya: Bu içerik zaten MySQL'de ID: 32 (Books/b-Library_Hzm-20260601T230631Z-3-001/b-Library_Hzm/Efendimiz Sav-Hzm-English/The Sultan-of-Hearts-Prophet-Muhammad-Haylamaz-Resit.pdf) olarak kayıtlı.
The-Luminous-Life-of-Our-Prophet-by-Resit-Haylamaz.pdf,Books/b-Library_Hzm-20260601T235628Z-3-002/b-Library_Hzm/Efendimiz Sav-Hzm-English/The-Luminous-Life-of-Our-Prophet-by-Resit-Haylamaz.pdf,Mükerrer / Kopya Dosya,.pdf,1733864,1.65 MB,6fbb6e2460d5ce0860c631b5751b37251912a7f05b1c436eaa817b5cb483c7fb,33,Books/b-Library_Hzm-20260601T230631Z-3-001/b-Library_Hzm/Efendimiz Sav-Hzm-English/The-Luminous-Life-of-Our-Prophet-by-Resit-Haylamaz.pdf,Mükerrer Kopya: Bu içerik zaten MySQL'de ID: 33 (Books/b-Library_Hzm-20260601T230631Z-3-001/b-Library_Hzm/Efendimiz Sav-Hzm-English/The-Luminous-Life-of-Our-Prophet-by-Resit-Haylamaz.pdf) olarak kayıtlı.
The-messenger-as-Compassion-Resid Haylamaz.pdf,Books/b-Library_Hzm-20260601T235628Z-3-002/b-Library_Hzm/Efendimiz Sav-Hzm-English/The-messenger-as-Compassion-Resid Haylamaz.pdf,Mükerrer / Kopya Dosya,.pdf,5372102,5.12 MB,cbb75fc07a8e642d14d8392957f5b9f5ed74d143e3c7091ee1426a759e37b7aa,34,Books/b-Library_Hzm-20260601T230631Z-3-001/b-Library_Hzm/Efendimiz Sav-Hzm-English/The-messenger-as-Compassion-Resid Haylamaz.pdf,Mükerrer Kopya: Bu içerik zaten MySQL'de ID: 34 (Books/b-Library_Hzm-20260601T230631Z-3-001/b-Library_Hzm/Efendimiz Sav-Hzm-English/The-messenger-as-Compassion-Resid Haylamaz.pdf) olarak kayıtlı.
Aile-reisi-ve-baba-olarak-hz-peygamber-ibrahim-canan-gulyurduyayinlari.pdf,Books/b-Library_Hzm-20260601T235628Z-3-002/b-Library_Hzm/Efendimiz Sav-Hzm/Aile-reisi-ve-baba-olarak-hz-peygamber-ibrahim-canan-gulyurduyayinlari.pdf,Mükerrer / Kopya Dosya,.pdf,718944,0.69 MB,471e476cb76ed19ed8664b40d6f7084f53b97b551a17497301c195a2a2e16db3,35,Books/b-Library_Hzm-20260601T230631Z-3-001/b-Library_Hzm/Efendimiz Sav-Hzm/Aile-reisi-ve-baba-olarak-hz-peygamber-ibrahim-canan-gulyurduyayinlari.pdf,Mükerrer Kopya: Bu içerik zaten MySQL'de ID: 35 (Books/b-Library_Hzm-20260601T230631Z-3-001/b-Library_Hzm/Efendimiz Sav-Hzm/Aile-reisi-ve-baba-olarak-hz-peygamber-ibrahim-canan-gulyurduyayinlari.pdf) olarak kayıtlı.
Dillerdeki Mujde-resit-haylamaz.pdf,Books/b-Library_Hzm-20260601T235628Z-3-002/b-Library_Hzm/Efendimiz Sav-Hzm/Dillerdeki Mujde-resit-haylamaz.pdf,Mükerrer / Kopya Dosya,.pdf,957409,0.91 MB,b262c36a21fa24443d113dda2610088f96057275ccb6fc335e1162afd9efa6ad,36,Books/b-Library_Hzm-20260601T230631Z-3-001/b-Library_Hzm/Efendimiz Sav-Hzm/Dillerdeki Mujde-resit-haylamaz.pdf,Mükerrer Kopya: Bu içerik zaten MySQL'de ID: 36 (Books/b-Library_Hzm-20260601T230631Z-3-001/b-Library_Hzm/Efendimiz Sav-Hzm/Dillerdeki Mujde-resit-haylamaz.pdf) olarak kayıtlı.
Efendimiz-in-Bir-Gunu-Abdulhakim-Yuce-Işık-Yayınları-2011.epub,Books/b-Library_Hzm-20260601T235628Z-3-002/b-Library_Hzm/Efendimiz Sav-Hzm/Efendimiz-in-Bir-Gunu-Abdulhakim-Yuce-Işık-Yayınları-2011.epub,Mükerrer / Kopya Dosya,.epub,274432,0.26 MB,1a2bd4a91cea6de405577545e414a644a04f997e3cd492d4b8903ecc3b9f878f,37,Books/b-Library_Hzm-20260601T230631Z-3-001/b-Library_Hzm/Efendimiz Sav-Hzm/Efendimiz-in-Bir-Gunu-Abdulhakim-Yuce-Işık-Yayınları-2011.epub,Mükerrer Kopya: Bu içerik zaten MySQL'de ID: 37 (Books/b-Library_Hzm-20260601T230631Z-3-001/b-Library_Hzm/Efendimiz Sav-Hzm/Efendimiz-in-Bir-Gunu-Abdulhakim-Yuce-Işık-Yayınları-2011.epub) olarak kayıtlı.
Efendimizin-bir-gunu-abdulhakim-yuce-isikyayinlari.pdf,Books/b-Library_Hzm-20260601T235628Z-3-002/b-Library_Hzm/Efendimiz Sav-Hzm/Efendimizin-bir-gunu-abdulhakim-yuce-isikyayinlari.pdf,Mükerrer / Kopya Dosya,.pdf,720276,0.69 MB,dc3bbfbcfc1562c69e620783b055346174f9e3eb1a3353cd2d17c942805a7a05,38,Books/b-Library_Hzm-20260601T230631Z-3-001/b-Library_Hzm/Efendimiz Sav-Hzm/Efendimizin-bir-gunu-abdulhakim-yuce-isikyayinlari.pdf,Mükerrer Kopya: Bu içerik zaten MySQL'de ID: 38 (Books/b-Library_Hzm-20260601T230631Z-3-001/b-Library_Hzm/Efendimiz Sav-Hzm/Efendimizin-bir-gunu-abdulhakim-yuce-isikyayinlari.pdf) olarak kayıtlı.
Gonullerin Gulu-hz-muhammed-sav-aynur-uraler.pdf,Books/b-Library_Hzm-20260601T235628Z-3-002/b-Library_Hzm/Efendimiz Sav-Hzm/Gonullerin Gulu-hz-muhammed-sav-aynur-uraler.pdf,Mükerrer / Kopya Dosya,.pdf,800314,0.76 MB,933e72ca7a35cae6404ba87928e033a998b4ad60822f1886d68f60598999b389,39,Books/b-Library_Hzm-20260601T230631Z-3-001/b-Library_Hzm/Efendimiz Sav-Hzm/Gonullerin Gulu-hz-muhammed-sav-aynur-uraler.pdf,Mükerrer Kopya: Bu içerik zaten MySQL'de ID: 39 (Books/b-Library_Hzm-20260601T230631Z-3-001/b-Library_Hzm/Efendimiz Sav-Hzm/Gonullerin Gulu-hz-muhammed-sav-aynur-uraler.pdf) olarak kayıtlı.
Gul-Kokulu-Hikayeler-Kemal-Turan.pdf,Books/b-Library_Hzm-20260601T235628Z-3-002/b-Library_Hzm/Efendimiz Sav-Hzm/Gul-Kokulu-Hikayeler-Kemal-Turan.pdf,Mükerrer / Kopya Dosya,.pdf,982568,0.94 MB,63ad97efb9febb0ec69a61c4f1bcf1ae9bd09e195930d3b532d452ffb98f0f4c,40,Books/b-Library_Hzm-20260601T230631Z-3-001/b-Library_Hzm/Efendimiz Sav-Hzm/Gul-Kokulu-Hikayeler-Kemal-Turan.pdf,Mükerrer Kopya: Bu içerik zaten MySQL'de ID: 40 (Books/b-Library_Hzm-20260601T230631Z-3-001/b-Library_Hzm/Efendimiz Sav-Hzm/Gul-Kokulu-Hikayeler-Kemal-Turan.pdf) olarak kayıtlı.
Hz Peygamber Modeli-insanlar-arasi-iliskilerde-rehberyayinlari.pdf,Books/b-Library_Hzm-20260601T235628Z-3-002/b-Library_Hzm/Efendimiz Sav-Hzm/Hz Peygamber Modeli-insanlar-arasi-iliskilerde-rehberyayinlari.pdf,Mükerrer / Kopya Dosya,.pdf,761716,0.73 MB,9424f508c6642df5acd8ac63c23cb30985c65704defb2fd9b2b71e8f3eb4aab1,41,Books/b-Library_Hzm-20260601T230631Z-3-001/b-Library_Hzm/Efendimiz Sav-Hzm/Hz Peygamber Modeli-insanlar-arasi-iliskilerde-rehberyayinlari.pdf,Mükerrer Kopya: Bu içerik zaten MySQL'de ID: 41 (Books/b-Library_Hzm-20260601T230631Z-3-001/b-Library_Hzm/Efendimiz Sav-Hzm/Hz Peygamber Modeli-insanlar-arasi-iliskilerde-rehberyayinlari.pdf) olarak kayıtlı.
Kutlu Dogum-dergisi-2008-sulh-peygamberi-sav-rehberyayinlari.pdf,Books/b-Library_Hzm-20260601T235628Z-3-002/b-Library_Hzm/Efendimiz Sav-Hzm/Kutlu Dogum-dergisi-2008-sulh-peygamberi-sav-rehberyayinlari.pdf,Mükerrer / Kopya Dosya,.pdf,15189031,14.49 MB,f95f9c8f3bec4dc4550a336e2a3ffa603b6669c58b254df63c83f14b30f03e79,42,Books/b-Library_Hzm-20260601T230631Z-3-001/b-Library_Hzm/Efendimiz Sav-Hzm/Kutlu Dogum-dergisi-2008-sulh-peygamberi-sav-rehberyayinlari.pdf,Mükerrer Kopya: Bu içerik zaten MySQL'de ID: 42 (Books/b-Library_Hzm-20260601T230631Z-3-001/b-Library_Hzm/Efendimiz Sav-Hzm/Kutlu Dogum-dergisi-2008-sulh-peygamberi-sav-rehberyayinlari.pdf) olarak kayıtlı.
Kutlu Dogum-o-herkesin-peygamberi-rehberyayinlari.pdf,Books/b-Library_Hzm-20260601T235628Z-3-002/b-Library_Hzm/Efendimiz Sav-Hzm/Kutlu Dogum-o-herkesin-peygamberi-rehberyayinlari.pdf,Mükerrer / Kopya Dosya,.pdf,10883584,10.38 MB,833f64b19c9a8fb3bd17458ef4b6d469b08d6eb53ed8a8061137d3b3c971d3af,43,Books/b-Library_Hzm-20260601T230631Z-3-001/b-Library_Hzm/Efendimiz Sav-Hzm/Kutlu Dogum-o-herkesin-peygamberi-rehberyayinlari.pdf,Mükerrer Kopya: Bu içerik zaten MySQL'de ID: 43 (Books/b-Library_Hzm-20260601T230631Z-3-001/b-Library_Hzm/Efendimiz Sav-Hzm/Kutlu Dogum-o-herkesin-peygamberi-rehberyayinlari.pdf) olarak kayıtlı.
Nebevi-Mujdenin-izinde-Huseyin-Algul.pdf,Books/b-Library_Hzm-20260601T235628Z-3-002/b-Library_Hzm/Efendimiz Sav-Hzm/Nebevi-Mujdenin-izinde-Huseyin-Algul.pdf,Mükerrer / Kopya Dosya,.pdf,629582,0.60 MB,969ffd58d0156478a8f392c7c9b1ebb65f9e305ce735f21d6dc8b9d26f572aae,44,Books/b-Library_Hzm-20260601T230631Z-3-001/b-Library_Hzm/Efendimiz Sav-Hzm/Nebevi-Mujdenin-izinde-Huseyin-Algul.pdf,Mükerrer Kopya: Bu içerik zaten MySQL'de ID: 44 (Books/b-Library_Hzm-20260601T230631Z-3-001/b-Library_Hzm/Efendimiz Sav-Hzm/Nebevi-Mujdenin-izinde-Huseyin-Algul.pdf) olarak kayıtlı.
Peygamber Sevgisi-zubeyr-tekin-rehberyayinlari.pdf,Books/b-Library_Hzm-20260601T235628Z-3-002/b-Library_Hzm/Efendimiz Sav-Hzm/Peygamber Sevgisi-zubeyr-tekin-rehberyayinlari.pdf,Mükerrer / Kopya Dosya,.pdf,769221,0.73 MB,4d1b4d4e4deb68b23456752c913048cc10b7175905ad52a4418c999c0029ea0a,45,Books/b-Library_Hzm-20260601T230631Z-3-001/b-Library_Hzm/Efendimiz Sav-Hzm/Peygamber Sevgisi-zubeyr-tekin-rehberyayinlari.pdf,Mükerrer Kopya: Bu içerik zaten MySQL'de ID: 45 (Books/b-Library_Hzm-20260601T230631Z-3-001/b-Library_Hzm/Efendimiz Sav-Hzm/Peygamber Sevgisi-zubeyr-tekin-rehberyayinlari.pdf) olarak kayıtlı.
Peygamber-Efendimizin-Gunluk-Hayati-Mustafa-Gundogdu-.pdf,Books/b-Library_Hzm-20260601T235628Z-3-002/b-Library_Hzm/Efendimiz Sav-Hzm/Peygamber-Efendimizin-Gunluk-Hayati-Mustafa-Gundogdu-.pdf,Mükerrer / Kopya Dosya,.pdf,977159,0.93 MB,9013e3fe05938c1145cedfb4e186d8f8be2ed9b59cda12e9ef3beec7af839e07,46,Books/b-Library_Hzm-20260601T230631Z-3-001/b-Library_Hzm/Efendimiz Sav-Hzm/Peygamber-Efendimizin-Gunluk-Hayati-Mustafa-Gundogdu-.pdf,Mükerrer Kopya: Bu içerik zaten MySQL'de ID: 46 (Books/b-Library_Hzm-20260601T230631Z-3-001/b-Library_Hzm/Efendimiz Sav-Hzm/Peygamber-Efendimizin-Gunluk-Hayati-Mustafa-Gundogdu-.pdf) olarak kayıtlı.
Peygamber-Sevgisi-RehberYayinlari.pdf,Books/b-Library_Hzm-20260601T235628Z-3-002/b-Library_Hzm/Efendimiz Sav-Hzm/Peygamber-Sevgisi-RehberYayinlari.pdf,Mükerrer / Kopya Dosya,.pdf,769221,0.73 MB,4d1b4d4e4deb68b23456752c913048cc10b7175905ad52a4418c999c0029ea0a,45,Books/b-Library_Hzm-20260601T230631Z-3-001/b-Library_Hzm/Efendimiz Sav-Hzm/Peygamber Sevgisi-zubeyr-tekin-rehberyayinlari.pdf,Mükerrer Kopya: Bu içerik zaten MySQL'de ID: 45 (Books/b-Library_Hzm-20260601T230631Z-3-001/b-Library_Hzm/Efendimiz Sav-Hzm/Peygamber Sevgisi-zubeyr-tekin-rehberyayinlari.pdf) olarak kayıtlı.
VE GAYBIN SON HABERCİSİ.pdf,Books/b-Library_Hzm-20260601T235628Z-3-002/b-Library_Hzm/Efendimiz Sav-Hzm/VE GAYBIN SON HABERCİSİ.pdf,Mükerrer / Kopya Dosya,.pdf,586037,0.56 MB,313e1f63b9d787c5d11373a382c7ebaa2ed1cc27eda0088b7558de4492ba03bd,47,Books/b-Library_Hzm-20260601T230631Z-3-001/b-Library_Hzm/Efendimiz Sav-Hzm/VE GAYBIN SON HABERCİSİ.pdf,Mükerrer Kopya: Bu içerik zaten MySQL'de ID: 47 (Books/b-Library_Hzm-20260601T230631Z-3-001/b-Library_Hzm/Efendimiz Sav-Hzm/VE GAYBIN SON HABERCİSİ.pdf) olarak kayıtlı.
ilim-ve-sifatlariyla-efendimiz-sav-ali-budak.pdf,Books/b-Library_Hzm-20260601T235628Z-3-002/b-Library_Hzm/Efendimiz Sav-Hzm/ilim-ve-sifatlariyla-efendimiz-sav-ali-budak.pdf,Mükerrer / Kopya Dosya,.pdf,803814,0.77 MB,68ef4fcdc166c7f06ea45c46c8f58376eeddc0793bbd67cfef12e5776a6bc072,48,Books/b-Library_Hzm-20260601T230631Z-3-001/b-Library_Hzm/Efendimiz Sav-Hzm/ilim-ve-sifatlariyla-efendimiz-sav-ali-budak.pdf,Mükerrer Kopya: Bu içerik zaten MySQL'de ID: 48 (Books/b-Library_Hzm-20260601T230631Z-3-001/b-Library_Hzm/Efendimiz Sav-Hzm/ilim-ve-sifatlariyla-efendimiz-sav-ali-budak.pdf) olarak kayıtlı.
peygamberimizin-sav-semaili-ahlak-ve-adabi-huseyin-algul.pdf,Books/b-Library_Hzm-20260601T235628Z-3-002/b-Library_Hzm/Efendimiz Sav-Hzm/peygamberimizin-sav-semaili-ahlak-ve-adabi-huseyin-algul.pdf,Mükerrer / Kopya Dosya,.pdf,469222,0.45 MB,f4e861761e25de9d4e94d74bc92b35a88c8824df1beae13512575685cf1c7e41,49,Books/b-Library_Hzm-20260601T230631Z-3-001/b-Library_Hzm/Efendimiz Sav-Hzm/peygamberimizin-sav-semaili-ahlak-ve-adabi-huseyin-algul.pdf,Mükerrer Kopya: Bu içerik zaten MySQL'de ID: 49 (Books/b-Library_Hzm-20260601T230631Z-3-001/b-Library_Hzm/Efendimiz Sav-Hzm/peygamberimizin-sav-semaili-ahlak-ve-adabi-huseyin-algul.pdf) olarak kayıtlı.
Çesitli Yonleriyle Hz Peygamber-sav-ibrahim-bayraktar-isikyayinlari.pdf,Books/b-Library_Hzm-20260601T235628Z-3-002/b-Library_Hzm/Efendimiz Sav-Hzm/Çesitli Yonleriyle Hz Peygamber-sav-ibrahim-bayraktar-isikyayinlari.pdf,Mükerrer / Kopya Dosya,.pdf,616834,0.59 MB,5fa99bc570c75fded4c59f18cebdad6257ff08573919a885d40261b726526b47,50,Books/b-Library_Hzm-20260601T230631Z-3-001/b-Library_Hzm/Efendimiz Sav-Hzm/Çesitli Yonleriyle Hz Peygamber-sav-ibrahim-bayraktar-isikyayinlari.pdf,Mükerrer Kopya: Bu içerik zaten MySQL'de ID: 50 (Books/b-Library_Hzm-20260601T230631Z-3-001/b-Library_Hzm/Efendimiz Sav-Hzm/Çesitli Yonleriyle Hz Peygamber-sav-ibrahim-bayraktar-isikyayinlari.pdf) olarak kayıtlı.
Şefkat Gunesi-resit-haylamaz.pdf,Books/b-Library_Hzm-20260601T235628Z-3-002/b-Library_Hzm/Efendimiz Sav-Hzm/Şefkat Gunesi-resit-haylamaz.pdf,Mükerrer / Kopya Dosya,.pdf,1927837,1.84 MB,3065ad1f35f3ae9dff48ca84fa05b2336aa17dbb162e5676812aec28d3cef43e,51,Books/b-Library_Hzm-20260601T230631Z-3-001/b-Library_Hzm/Efendimiz Sav-Hzm/Şefkat Gunesi-resit-haylamaz.pdf,Mükerrer Kopya: Bu içerik zaten MySQL'de ID: 51 (Books/b-Library_Hzm-20260601T230631Z-3-001/b-Library_Hzm/Efendimiz Sav-Hzm/Şefkat Gunesi-resit-haylamaz.pdf) olarak kayıtlı.
Şemail-isikyayinlari-faruk-vural.pdf,Books/b-Library_Hzm-20260601T235628Z-3-002/b-Library_Hzm/Efendimiz Sav-Hzm/Şemail-isikyayinlari-faruk-vural.pdf,Mükerrer / Kopya Dosya,.pdf,676336,0.65 MB,1ded3d32109159db53ed24c4a786321b4d6530d70a51cdde172a0b2fb93b91b8,52,Books/b-Library_Hzm-20260601T230631Z-3-001/b-Library_Hzm/Efendimiz Sav-Hzm/Şemail-isikyayinlari-faruk-vural.pdf,Mükerrer Kopya: Bu içerik zaten MySQL'de ID: 52 (Books/b-Library_Hzm-20260601T230631Z-3-001/b-Library_Hzm/Efendimiz Sav-Hzm/Şemail-isikyayinlari-faruk-vural.pdf) olarak kayıtlı.
M-Asım-Koksal-Hazreti-Muhammed-S-A-V-ve-İslamiyet-İslam-Tarihi-7-8-.pdf,Books/b-Library_Hzm-20260601T235628Z-3-002/b-Library_Hzm/Efendimiz_in Sav Hayatı-Hzm/M-Asım-Koksal-Hazreti-Muhammed-S-A-V-ve-İslamiyet-İslam-Tarihi-7-8-.pdf,Mükerrer / Kopya Dosya,.pdf,6186232,5.90 MB,8e36b75479c1f7285d756c2051bc69e8fdd6d38f21d3279ba5e39d2e829c028c,59,Books/b-Library_Hzm-20260601T230631Z-3-001/b-Library_Hzm/Efendimiz_in Sav Hayatı-Hzm/M-Asım-Koksal-Hazreti-Muhammed-S-A-V-ve-İslamiyet-İslam-Tarihi-7-8-.pdf,Mükerrer Kopya: Bu içerik zaten MySQL'de ID: 59 (Books/b-Library_Hzm-20260601T230631Z-3-001/b-Library_Hzm/Efendimiz_in Sav Hayatı-Hzm/M-Asım-Koksal-Hazreti-Muhammed-S-A-V-ve-İslamiyet-İslam-Tarihi-7-8-.pdf) olarak kayıtlı.
Vehbe Zuhayli - İslâm Fıkhı Ansiklopedisi Cilt-01.pdf,Books/b-Library_Hzm-20260601T235628Z-3-002/b-Library_Hzm/Fikİh-Vehbe-Zuhayli-ZAMAN/Vehbe Zuhayli - İslâm Fıkhı Ansiklopedisi Cilt-01.pdf,Mükerrer / Kopya Dosya,.pdf,20981755,20.01 MB,b427d2fe157c8639773b15b58c81c3b0ea228a3a332f0664c8f26dbf0af5364c,1424,Books/b-Library_Hzm-20260601T230631Z-3-002/b-Library_Hzm/Fikİh-Vehbe-Zuhayli-ZAMAN/Vehbe Zuhayli - İslâm Fıkhı Ansiklopedisi Cilt-01.pdf,Mükerrer Kopya: Bu içerik zaten MySQL'de ID: 1424 (Books/b-Library_Hzm-20260601T230631Z-3-002/b-Library_Hzm/Fikİh-Vehbe-Zuhayli-ZAMAN/Vehbe Zuhayli - İslâm Fıkhı Ansiklopedisi Cilt-01.pdf) olarak kayıtlı.
Vehbe Zuhayli - İslâm Fıkhı Ansiklopedisi Cilt-02.pdf,Books/b-Library_Hzm-20260601T235628Z-3-002/b-Library_Hzm/Fikİh-Vehbe-Zuhayli-ZAMAN/Vehbe Zuhayli - İslâm Fıkhı Ansiklopedisi Cilt-02.pdf,Mükerrer / Kopya Dosya,.pdf,26255498,25.04 MB,f0458c68e8fe0de5170ef18378746d4ebe00a21331de0a5500ef5b6dc1af7af6,1425,Books/b-Library_Hzm-20260601T230631Z-3-002/b-Library_Hzm/Fikİh-Vehbe-Zuhayli-ZAMAN/Vehbe Zuhayli - İslâm Fıkhı Ansiklopedisi Cilt-02.pdf,Mükerrer Kopya: Bu içerik zaten MySQL'de ID: 1425 (Books/b-Library_Hzm-20260601T230631Z-3-002/b-Library_Hzm/Fikİh-Vehbe-Zuhayli-ZAMAN/Vehbe Zuhayli - İslâm Fıkhı Ansiklopedisi Cilt-02.pdf) olarak kayıtlı.
Vehbe Zuhayli - İslâm Fıkhı Ansiklopedisi Cilt-03.pdf,Books/b-Library_Hzm-20260601T235628Z-3-002/b-Library_Hzm/Fikİh-Vehbe-Zuhayli-ZAMAN/Vehbe Zuhayli - İslâm Fıkhı Ansiklopedisi Cilt-03.pdf,Mükerrer / Kopya Dosya,.pdf,24405149,23.27 MB,c023db74a13c1d75e9821db2c77818fe035f35d2549a294ddd0991cfbe4bb61c,1426,Books/b-Library_Hzm-20260601T230631Z-3-002/b-Library_Hzm/Fikİh-Vehbe-Zuhayli-ZAMAN/Vehbe Zuhayli - İslâm Fıkhı Ansiklopedisi Cilt-03.pdf,Mükerrer Kopya: Bu içerik zaten MySQL'de ID: 1426 (Books/b-Library_Hzm-20260601T230631Z-3-002/b-Library_Hzm/Fikİh-Vehbe-Zuhayli-ZAMAN/Vehbe Zuhayli - İslâm Fıkhı Ansiklopedisi Cilt-03.pdf) olarak kayıtlı.
Vehbe Zuhayli - İslâm Fıkhı Ansiklopedisi Cilt-04.pdf,Books/b-Library_Hzm-20260601T235628Z-3-002/b-Library_Hzm/Fikİh-Vehbe-Zuhayli-ZAMAN/Vehbe Zuhayli - İslâm Fıkhı Ansiklopedisi Cilt-04.pdf,Mükerrer / Kopya Dosya,.pdf,25423787,24.25 MB,6e7c99b813a1e9f37f6129819f78f621c5846c4a2bf103a6c217969dfdb14b0c,1427,Books/b-Library_Hzm-20260601T230631Z-3-002/b-Library_Hzm/Fikİh-Vehbe-Zuhayli-ZAMAN/Vehbe Zuhayli - İslâm Fıkhı Ansiklopedisi Cilt-04.pdf,Mükerrer Kopya: Bu içerik zaten MySQL'de ID: 1427 (Books/b-Library_Hzm-20260601T230631Z-3-002/b-Library_Hzm/Fikİh-Vehbe-Zuhayli-ZAMAN/Vehbe Zuhayli - İslâm Fıkhı Ansiklopedisi Cilt-04.pdf) olarak kayıtlı.
Vehbe Zuhayli - İslâm Fıkhı Ansiklopedisi Cilt-06.pdf,Books/b-Library_Hzm-20260601T235628Z-3-002/b-Library_Hzm/Fikİh-Vehbe-Zuhayli-ZAMAN/Vehbe Zuhayli - İslâm Fıkhı Ansiklopedisi Cilt-06.pdf,Mükerrer / Kopya Dosya,.pdf,24642249,23.50 MB,8efa7535af76eaeecabf0ec75e5cf0e34a532132dae45ca754318b81fddfc5f3,1429,Books/b-Library_Hzm-20260601T230631Z-3-002/b-Library_Hzm/Fikİh-Vehbe-Zuhayli-ZAMAN/Vehbe Zuhayli - İslâm Fıkhı Ansiklopedisi Cilt-06.pdf,Mükerrer Kopya: Bu içerik zaten MySQL'de ID: 1429 (Books/b-Library_Hzm-20260601T230631Z-3-002/b-Library_Hzm/Fikİh-Vehbe-Zuhayli-ZAMAN/Vehbe Zuhayli - İslâm Fıkhı Ansiklopedisi Cilt-06.pdf) olarak kayıtlı.
Vehbe Zuhayli - İslâm Fıkhı Ansiklopedisi Cilt-07.pdf,Books/b-Library_Hzm-20260601T235628Z-3-002/b-Library_Hzm/Fikİh-Vehbe-Zuhayli-ZAMAN/Vehbe Zuhayli - İslâm Fıkhı Ansiklopedisi Cilt-07.pdf,Mükerrer / Kopya Dosya,.pdf,24329129,23.20 MB,3af64e7d53fe4b9bc7fa2a6a3222f324e381d8d10da19c396e00527aa3516dd7,1430,Books/b-Library_Hzm-20260601T230631Z-3-002/b-Library_Hzm/Fikİh-Vehbe-Zuhayli-ZAMAN/Vehbe Zuhayli - İslâm Fıkhı Ansiklopedisi Cilt-07.pdf,Mükerrer Kopya: Bu içerik zaten MySQL'de ID: 1430 (Books/b-Library_Hzm-20260601T230631Z-3-002/b-Library_Hzm/Fikİh-Vehbe-Zuhayli-ZAMAN/Vehbe Zuhayli - İslâm Fıkhı Ansiklopedisi Cilt-07.pdf) olarak kayıtlı.
Vehbe Zuhayli - İslâm Fıkhı Ansiklopedisi Cilt-08.pdf,Books/b-Library_Hzm-20260601T235628Z-3-002/b-Library_Hzm/Fikİh-Vehbe-Zuhayli-ZAMAN/Vehbe Zuhayli - İslâm Fıkhı Ansiklopedisi Cilt-08.pdf,Mükerrer / Kopya Dosya,.pdf,24816499,23.67 MB,65991aed3b2d6d33ef5c0873ba1ef85fa24a72b7fb97e870d64c95bf5f647375,1431,Books/b-Library_Hzm-20260601T230631Z-3-002/b-Library_Hzm/Fikİh-Vehbe-Zuhayli-ZAMAN/Vehbe Zuhayli - İslâm Fıkhı Ansiklopedisi Cilt-08.pdf,Mükerrer Kopya: Bu içerik zaten MySQL'de ID: 1431 (Books/b-Library_Hzm-20260601T230631Z-3-002/b-Library_Hzm/Fikİh-Vehbe-Zuhayli-ZAMAN/Vehbe Zuhayli - İslâm Fıkhı Ansiklopedisi Cilt-08.pdf) olarak kayıtlı.
Vehbe Zuhayli - İslâm Fıkhı Ansiklopedisi Cilt-09.pdf,Books/b-Library_Hzm-20260601T235628Z-3-002/b-Library_Hzm/Fikİh-Vehbe-Zuhayli-ZAMAN/Vehbe Zuhayli - İslâm Fıkhı Ansiklopedisi Cilt-09.pdf,Mükerrer / Kopya Dosya,.pdf,23045410,21.98 MB,128679ebce6d8da5abe0bf76ffa2451b938bdca0276a27b5d52ce97c60a442a3,1432,Books/b-Library_Hzm-20260601T230631Z-3-002/b-Library_Hzm/Fikİh-Vehbe-Zuhayli-ZAMAN/Vehbe Zuhayli - İslâm Fıkhı Ansiklopedisi Cilt-09.pdf,Mükerrer Kopya: Bu içerik zaten MySQL'de ID: 1432 (Books/b-Library_Hzm-20260601T230631Z-3-002/b-Library_Hzm/Fikİh-Vehbe-Zuhayli-ZAMAN/Vehbe Zuhayli - İslâm Fıkhı Ansiklopedisi Cilt-09.pdf) olarak kayıtlı.
Vehbe Zuhayli - İslâm Fıkhı Ansiklopedisi Cilt-10.pdf,Books/b-Library_Hzm-20260601T235628Z-3-002/b-Library_Hzm/Fikİh-Vehbe-Zuhayli-ZAMAN/Vehbe Zuhayli - İslâm Fıkhı Ansiklopedisi Cilt-10.pdf,Mükerrer / Kopya Dosya,.pdf,22536275,21.49 MB,60dc6e3c5d82d664a93531e7fd3e7446eca1fe64d495e3c8dd69087a618751ef,1433,Books/b-Library_Hzm-20260601T230631Z-3-002/b-Library_Hzm/Fikİh-Vehbe-Zuhayli-ZAMAN/Vehbe Zuhayli - İslâm Fıkhı Ansiklopedisi Cilt-10.pdf,Mükerrer Kopya: Bu içerik zaten MySQL'de ID: 1433 (Books/b-Library_Hzm-20260601T230631Z-3-002/b-Library_Hzm/Fikİh-Vehbe-Zuhayli-ZAMAN/Vehbe Zuhayli - İslâm Fıkhı Ansiklopedisi Cilt-10.pdf) olarak kayıtlı.
Understanding-Fethullah-Gulen.pdf,Books/b-Library_Hzm-20260601T235628Z-3-002/b-Library_Hzm/HE-Bio-Hzm-eng/Understanding-Fethullah-Gulen.pdf,Mükerrer / Kopya Dosya,.pdf,89476460,85.33 MB,6af74924a1a9c861305fd72928c4eae74cfff3dba23e59cbda41d458c6800a11,73,Books/b-Library_Hzm-20260601T230631Z-3-001/b-Library_Hzm/HE-Bio-Hzm-eng/Understanding-Fethullah-Gulen.pdf,Mükerrer Kopya: Bu içerik zaten MySQL'de ID: 73 (Books/b-Library_Hzm-20260601T230631Z-3-001/b-Library_Hzm/HE-Bio-Hzm-eng/Understanding-Fethullah-Gulen.pdf) olarak kayıtlı.
flashes.pdf,Books/b-Library_Hzm-20260601T235628Z-3-002/b-Library_Hzm/RN-Külliyat-Hzm/RN-Hzm-Eng/flashes.pdf,Mükerrer / Kopya Dosya,.pdf,2567016,2.45 MB,6f82dd92c33c08cd3dc328ec4a27cbc3aa56863b38f0571e5ea3c28094d2a270,1435,Books/b-Library_Hzm-20260601T230631Z-3-002/b-Library_Hzm/RN-Külliyat-Hzm/RN-Hzm-Eng/flashes.pdf,Mükerrer Kopya: Bu içerik zaten MySQL'de ID: 1435 (Books/b-Library_Hzm-20260601T230631Z-3-002/b-Library_Hzm/RN-Külliyat-Hzm/RN-Hzm-Eng/flashes.pdf) olarak kayıtlı.
letters.pdf,Books/b-Library_Hzm-20260601T235628Z-3-002/b-Library_Hzm/RN-Külliyat-Hzm/RN-Hzm-Eng/letters.pdf,Mükerrer / Kopya Dosya,.pdf,3019834,2.88 MB,a351f54c22ebdafbbe38f9d72aa743508901064a968514ec5f257ab4b85b1da5,1436,Books/b-Library_Hzm-20260601T230631Z-3-002/b-Library_Hzm/RN-Külliyat-Hzm/RN-Hzm-Eng/letters.pdf,Mükerrer Kopya: Bu içerik zaten MySQL'de ID: 1436 (Books/b-Library_Hzm-20260601T230631Z-3-002/b-Library_Hzm/RN-Külliyat-Hzm/RN-Hzm-Eng/letters.pdf) olarak kayıtlı.
rays.pdf,Books/b-Library_Hzm-20260601T235628Z-3-002/b-Library_Hzm/RN-Külliyat-Hzm/RN-Hzm-Eng/rays.pdf,Mükerrer / Kopya Dosya,.pdf,2924762,2.79 MB,7d371bd4336fc5b9db0dfeb2c3f312ca6f600737f795ae8c52546aa2cb926a3d,1437,Books/b-Library_Hzm-20260601T230631Z-3-002/b-Library_Hzm/RN-Külliyat-Hzm/RN-Hzm-Eng/rays.pdf,Mükerrer Kopya: Bu içerik zaten MySQL'de ID: 1437 (Books/b-Library_Hzm-20260601T230631Z-3-002/b-Library_Hzm/RN-Külliyat-Hzm/RN-Hzm-Eng/rays.pdf) olarak kayıtlı.
signsofmiraculousness-vahide.pdf,Books/b-Library_Hzm-20260601T235628Z-3-002/b-Library_Hzm/RN-Külliyat-Hzm/RN-Hzm-Eng/signsofmiraculousness-vahide.pdf,Mükerrer / Kopya Dosya,.pdf,8850648,8.44 MB,16be97e375040bfac28ff1a0a8fdb5fcfc16ddde08d22b710f35346c8f4e8af8,1438,Books/b-Library_Hzm-20260601T230631Z-3-002/b-Library_Hzm/RN-Külliyat-Hzm/RN-Hzm-Eng/signsofmiraculousness-vahide.pdf,Mükerrer Kopya: Bu içerik zaten MySQL'de ID: 1438 (Books/b-Library_Hzm-20260601T230631Z-3-002/b-Library_Hzm/RN-Külliyat-Hzm/RN-Hzm-Eng/signsofmiraculousness-vahide.pdf) olarak kayıtlı.
the-words.pdf,Books/b-Library_Hzm-20260601T235628Z-3-002/b-Library_Hzm/RN-Külliyat-Hzm/RN-Hzm-Eng/the-words.pdf,Mükerrer / Kopya Dosya,.pdf,3776283,3.60 MB,9901ef613ea165d8e5d5c62f821a0e609c83bee3bd010a205e00eb1a9a2e0bc4,1439,Books/b-Library_Hzm-20260601T230631Z-3-002/b-Library_Hzm/RN-Külliyat-Hzm/RN-Hzm-Eng/the-words.pdf,Mükerrer Kopya: Bu içerik zaten MySQL'de ID: 1439 (Books/b-Library_Hzm-20260601T230631Z-3-002/b-Library_Hzm/RN-Külliyat-Hzm/RN-Hzm-Eng/the-words.pdf) olarak kayıtlı.
Ayetu_l-Kubra.pdf,Books/b-Library_Hzm-20260601T235628Z-3-002/b-Library_Hzm/RN-Külliyat-Hzm/RN-Hzm-cep/Ayetu_l-Kubra.pdf,Mükerrer / Kopya Dosya,.pdf,1321244,1.26 MB,f139bf541f7222ad22fc1542e123dcd42538f1ea486f6218968b442e21e4b3a0,1440,Books/b-Library_Hzm-20260601T230631Z-3-002/b-Library_Hzm/RN-Külliyat-Hzm/RN-Hzm-cep/Ayetu_l-Kubra.pdf,Mükerrer Kopya: Bu içerik zaten MySQL'de ID: 1440 (Books/b-Library_Hzm-20260601T230631Z-3-002/b-Library_Hzm/RN-Külliyat-Hzm/RN-Hzm-cep/Ayetu_l-Kubra.pdf) olarak kayıtlı.
Genclik Rehberi.pdf,Books/b-Library_Hzm-20260601T235628Z-3-002/b-Library_Hzm/RN-Külliyat-Hzm/RN-Hzm-cep/Genclik Rehberi.pdf,Mükerrer / Kopya Dosya,.pdf,1464113,1.40 MB,001b981d1a6e052af651c3906c8f92505d4ac0a67cbc70248b82b4c7a48c996f,1441,Books/b-Library_Hzm-20260601T230631Z-3-002/b-Library_Hzm/RN-Külliyat-Hzm/RN-Hzm-cep/Genclik Rehberi.pdf,Mükerrer Kopya: Bu içerik zaten MySQL'de ID: 1441 (Books/b-Library_Hzm-20260601T230631Z-3-002/b-Library_Hzm/RN-Külliyat-Hzm/RN-Hzm-cep/Genclik Rehberi.pdf) olarak kayıtlı.
Hanimlar Rehberi.pdf,Books/b-Library_Hzm-20260601T235628Z-3-002/b-Library_Hzm/RN-Külliyat-Hzm/RN-Hzm-cep/Hanimlar Rehberi.pdf,Mükerrer / Kopya Dosya,.pdf,957426,0.91 MB,dbc4f69cd6d315d2800c44658cf2a52b3c6e7c75a344396770bc4c81c029bbb9,1442,Books/b-Library_Hzm-20260601T230631Z-3-002/b-Library_Hzm/RN-Külliyat-Hzm/RN-Hzm-cep/Hanimlar Rehberi.pdf,Mükerrer Kopya: Bu içerik zaten MySQL'de ID: 1442 (Books/b-Library_Hzm-20260601T230631Z-3-002/b-Library_Hzm/RN-Külliyat-Hzm/RN-Hzm-cep/Hanimlar Rehberi.pdf) olarak kayıtlı.
Hastalar Risalesi.pdf,Books/b-Library_Hzm-20260601T235628Z-3-002/b-Library_Hzm/RN-Külliyat-Hzm/RN-Hzm-cep/Hastalar Risalesi.pdf,Mükerrer / Kopya Dosya,.pdf,632426,0.60 MB,4daf7c3cca087e100026d0f8b8d62ca26b95397a3d1553c0b62363e168b0c3b6,1443,Books/b-Library_Hzm-20260601T230631Z-3-002/b-Library_Hzm/RN-Külliyat-Hzm/RN-Hzm-cep/Hastalar Risalesi.pdf,Mükerrer Kopya: Bu içerik zaten MySQL'de ID: 1443 (Books/b-Library_Hzm-20260601T230631Z-3-002/b-Library_Hzm/RN-Külliyat-Hzm/RN-Hzm-cep/Hastalar Risalesi.pdf) olarak kayıtlı.
Hizmet Rehberi.pdf,Books/b-Library_Hzm-20260601T235628Z-3-002/b-Library_Hzm/RN-Külliyat-Hzm/RN-Hzm-cep/Hizmet Rehberi.pdf,Mükerrer / Kopya Dosya,.pdf,1327584,1.27 MB,ed48932932031254a9ab7331c70063f98be379242d38062aa1b42e985dc87e6a,1444,Books/b-Library_Hzm-20260601T230631Z-3-002/b-Library_Hzm/RN-Külliyat-Hzm/RN-Hzm-cep/Hizmet Rehberi.pdf,Mükerrer Kopya: Bu içerik zaten MySQL'de ID: 1444 (Books/b-Library_Hzm-20260601T230631Z-3-002/b-Library_Hzm/RN-Külliyat-Hzm/RN-Hzm-cep/Hizmet Rehberi.pdf) olarak kayıtlı.
Hucumat-i Sitte Risalesi.pdf,Books/b-Library_Hzm-20260601T235628Z-3-002/b-Library_Hzm/RN-Külliyat-Hzm/RN-Hzm-cep/Hucumat-i Sitte Risalesi.pdf,Mükerrer / Kopya Dosya,.pdf,480635,0.46 MB,7a5cb919df8fc7c9fda6dba1e0e94f1d705955a328d16fb2c8a0fbbf9b231245,1445,Books/b-Library_Hzm-20260601T230631Z-3-002/b-Library_Hzm/RN-Külliyat-Hzm/RN-Hzm-cep/Hucumat-i Sitte Risalesi.pdf,Mükerrer Kopya: Bu içerik zaten MySQL'de ID: 1445 (Books/b-Library_Hzm-20260601T230631Z-3-002/b-Library_Hzm/RN-Külliyat-Hzm/RN-Hzm-cep/Hucumat-i Sitte Risalesi.pdf) olarak kayıtlı.
Hutuvat-i Sitte Risalesi.pdf,Books/b-Library_Hzm-20260601T235628Z-3-002/b-Library_Hzm/RN-Külliyat-Hzm/RN-Hzm-cep/Hutuvat-i Sitte Risalesi.pdf,Mükerrer / Kopya Dosya,.pdf,301767,0.29 MB,af1e895164efd339cc0ddefbc73471f48ae6958d15e5c6c1245e0a3569dbc8cd,1446,Books/b-Library_Hzm-20260601T230631Z-3-002/b-Library_Hzm/RN-Külliyat-Hzm/RN-Hzm-cep/Hutuvat-i Sitte Risalesi.pdf,Mükerrer Kopya: Bu içerik zaten MySQL'de ID: 1446 (Books/b-Library_Hzm-20260601T230631Z-3-002/b-Library_Hzm/RN-Külliyat-Hzm/RN-Hzm-cep/Hutuvat-i Sitte Risalesi.pdf) olarak kayıtlı.
Ictihad Risalesi.pdf,Books/b-Library_Hzm-20260601T235628Z-3-002/b-Library_Hzm/RN-Külliyat-Hzm/RN-Hzm-cep/Ictihad Risalesi.pdf,Mükerrer / Kopya Dosya,.pdf,806451,0.77 MB,4edd758ace18d8313ae24162253db78f213aabf5cb9a14596fdb93695a1cad1f,1447,Books/b-Library_Hzm-20260601T230631Z-3-002/b-Library_Hzm/RN-Külliyat-Hzm/RN-Hzm-cep/Ictihad Risalesi.pdf,Mükerrer Kopya: Bu içerik zaten MySQL'de ID: 1447 (Books/b-Library_Hzm-20260601T230631Z-3-002/b-Library_Hzm/RN-Külliyat-Hzm/RN-Hzm-cep/Ictihad Risalesi.pdf) olarak kayıtlı.
Ihtiyarlar Risalesi.pdf,Books/b-Library_Hzm-20260601T235628Z-3-002/b-Library_Hzm/RN-Külliyat-Hzm/RN-Hzm-cep/Ihtiyarlar Risalesi.pdf,Mükerrer / Kopya Dosya,.pdf,932994,0.89 MB,a62f5862e1a86fc39a19f0419882ae1c9c7912b27968bcf5c08f5f29cb6c30cc,1448,Books/b-Library_Hzm-20260601T230631Z-3-002/b-Library_Hzm/RN-Külliyat-Hzm/RN-Hzm-cep/Ihtiyarlar Risalesi.pdf,Mükerrer Kopya: Bu içerik zaten MySQL'de ID: 1448 (Books/b-Library_Hzm-20260601T230631Z-3-002/b-Library_Hzm/RN-Külliyat-Hzm/RN-Hzm-cep/Ihtiyarlar Risalesi.pdf) olarak kayıtlı.
Kader Risalesi.pdf,Books/b-Library_Hzm-20260601T235628Z-3-002/b-Library_Hzm/RN-Külliyat-Hzm/RN-Hzm-cep/Kader Risalesi.pdf,Mükerrer / Kopya Dosya,.pdf,467766,0.45 MB,772ae37f6eadb0b1c94e4364fe9f4501d37a5608ea46413320004b27dfcbb84c,1449,Books/b-Library_Hzm-20260601T230631Z-3-002/b-Library_Hzm/RN-Külliyat-Hzm/RN-Hzm-cep/Kader Risalesi.pdf,Mükerrer Kopya: Bu içerik zaten MySQL'de ID: 1449 (Books/b-Library_Hzm-20260601T230631Z-3-002/b-Library_Hzm/RN-Külliyat-Hzm/RN-Hzm-cep/Kader Risalesi.pdf) olarak kayıtlı.
Kucuk Sozler.pdf,Books/b-Library_Hzm-20260601T235628Z-3-002/b-Library_Hzm/RN-Külliyat-Hzm/RN-Hzm-cep/Kucuk Sozler.pdf,Mükerrer / Kopya Dosya,.pdf,797024,0.76 MB,baff37d54b7cb57d59d11813689873c5503c731d0d88f025ba21c71624fb0818,1450,Books/b-Library_Hzm-20260601T230631Z-3-002/b-Library_Hzm/RN-Külliyat-Hzm/RN-Hzm-cep/Kucuk Sozler.pdf,Mükerrer Kopya: Bu içerik zaten MySQL'de ID: 1450 (Books/b-Library_Hzm-20260601T230631Z-3-002/b-Library_Hzm/RN-Külliyat-Hzm/RN-Hzm-cep/Kucuk Sozler.pdf) olarak kayıtlı.
Mu_cizat-ı Ahmediye.pdf,Books/b-Library_Hzm-20260601T235628Z-3-002/b-Library_Hzm/RN-Külliyat-Hzm/RN-Hzm-cep/Mu_cizat-ı Ahmediye.pdf,Mükerrer / Kopya Dosya,.pdf,3903549,3.72 MB,2d3874efa7403410d689bba2371941236a85c1d7481168bfd4710d4abd97c14f,1451,Books/b-Library_Hzm-20260601T230631Z-3-002/b-Library_Hzm/RN-Külliyat-Hzm/RN-Hzm-cep/Mu_cizat-ı Ahmediye.pdf,Mükerrer Kopya: Bu içerik zaten MySQL'de ID: 1451 (Books/b-Library_Hzm-20260601T230631Z-3-002/b-Library_Hzm/RN-Külliyat-Hzm/RN-Hzm-cep/Mu_cizat-ı Ahmediye.pdf) olarak kayıtlı.
Munacat.pdf,Books/b-Library_Hzm-20260601T235628Z-3-002/b-Library_Hzm/RN-Külliyat-Hzm/RN-Hzm-cep/Munacat.pdf,Mükerrer / Kopya Dosya,.pdf,538575,0.51 MB,7dfd8f8f71c28546f0c6ab0750e8948f18b106d838885827fde1555a1cda94d9,1452,Books/b-Library_Hzm-20260601T230631Z-3-002/b-Library_Hzm/RN-Külliyat-Hzm/RN-Hzm-cep/Munacat.pdf,Mükerrer Kopya: Bu içerik zaten MySQL'de ID: 1452 (Books/b-Library_Hzm-20260601T230631Z-3-002/b-Library_Hzm/RN-Külliyat-Hzm/RN-Hzm-cep/Munacat.pdf) olarak kayıtlı.
Nurun Ilk Kapisi.pdf,Books/b-Library_Hzm-20260601T235628Z-3-002/b-Library_Hzm/RN-Külliyat-Hzm/RN-Hzm-cep/Nurun Ilk Kapisi.pdf,Mükerrer / Kopya Dosya,.pdf,1258218,1.20 MB,bdc00f65d6a6ff5d87fa545f065ec4277b978cc31ff30ace77ba41632ceef8f6,1453,Books/b-Library_Hzm-20260601T230631Z-3-002/b-Library_Hzm/RN-Külliyat-Hzm/RN-Hzm-cep/Nurun Ilk Kapisi.pdf,Mükerrer Kopya: Bu içerik zaten MySQL'de ID: 1453 (Books/b-Library_Hzm-20260601T230631Z-3-002/b-Library_Hzm/RN-Külliyat-Hzm/RN-Hzm-cep/Nurun Ilk Kapisi.pdf) olarak kayıtlı.
Ramazan Iktisat ve Sukur.pdf,Books/b-Library_Hzm-20260601T235628Z-3-002/b-Library_Hzm/RN-Külliyat-Hzm/RN-Hzm-cep/Ramazan Iktisat ve Sukur.pdf,Mükerrer / Kopya Dosya,.pdf,696169,0.66 MB,7f2841cf54ce02385e1b327398ca6b661b2365856df359c97ff550913c0aa7a2,1454,Books/b-Library_Hzm-20260601T230631Z-3-002/b-Library_Hzm/RN-Külliyat-Hzm/RN-Hzm-cep/Ramazan Iktisat ve Sukur.pdf,Mükerrer Kopya: Bu içerik zaten MySQL'de ID: 1454 (Books/b-Library_Hzm-20260601T230631Z-3-002/b-Library_Hzm/RN-Külliyat-Hzm/RN-Hzm-cep/Ramazan Iktisat ve Sukur.pdf) olarak kayıtlı.
Sakk-i Kamer.pdf,Books/b-Library_Hzm-20260601T235628Z-3-002/b-Library_Hzm/RN-Külliyat-Hzm/RN-Hzm-cep/Sakk-i Kamer.pdf,Mükerrer / Kopya Dosya,.pdf,903167,0.86 MB,9d61b54f29e8177c4222fa4262a99d09fc1f093bbb35eb8786b4ff882b3ea9cc,1455,Books/b-Library_Hzm-20260601T230631Z-3-002/b-Library_Hzm/RN-Külliyat-Hzm/RN-Hzm-cep/Sakk-i Kamer.pdf,Mükerrer Kopya: Bu içerik zaten MySQL'de ID: 1455 (Books/b-Library_Hzm-20260601T230631Z-3-002/b-Library_Hzm/RN-Külliyat-Hzm/RN-Hzm-cep/Sakk-i Kamer.pdf) olarak kayıtlı.
Sunnet-i Seniyye.pdf,Books/b-Library_Hzm-20260601T235628Z-3-002/b-Library_Hzm/RN-Külliyat-Hzm/RN-Hzm-cep/Sunnet-i Seniyye.pdf,Mükerrer / Kopya Dosya,.pdf,1538997,1.47 MB,958d7999e765ec0a99d106fdc3667148d40dfee79c5d119cc238835daf7f17c8,1456,Books/b-Library_Hzm-20260601T230631Z-3-002/b-Library_Hzm/RN-Külliyat-Hzm/RN-Hzm-cep/Sunnet-i Seniyye.pdf,Mükerrer Kopya: Bu içerik zaten MySQL'de ID: 1456 (Books/b-Library_Hzm-20260601T230631Z-3-002/b-Library_Hzm/RN-Külliyat-Hzm/RN-Hzm-cep/Sunnet-i Seniyye.pdf) olarak kayıtlı.
Tabiat Risalesi.pdf,Books/b-Library_Hzm-20260601T235628Z-3-002/b-Library_Hzm/RN-Külliyat-Hzm/RN-Hzm-cep/Tabiat Risalesi.pdf,Mükerrer / Kopya Dosya,.pdf,483053,0.46 MB,7438f761d2615cd6c23bf8a34c2142f3a870a6217201422d361f57a4794dd7f4,1457,Books/b-Library_Hzm-20260601T230631Z-3-002/b-Library_Hzm/RN-Külliyat-Hzm/RN-Hzm-cep/Tabiat Risalesi.pdf,Mükerrer Kopya: Bu içerik zaten MySQL'de ID: 1457 (Books/b-Library_Hzm-20260601T230631Z-3-002/b-Library_Hzm/RN-Külliyat-Hzm/RN-Hzm-cep/Tabiat Risalesi.pdf) olarak kayıtlı.
Telvihat Risalesi.pdf,Books/b-Library_Hzm-20260601T235628Z-3-002/b-Library_Hzm/RN-Külliyat-Hzm/RN-Hzm-cep/Telvihat Risalesi.pdf,Mükerrer / Kopya Dosya,.pdf,552515,0.53 MB,effaa48e6f19291451465232730be84bf7d9c574f9143ee18ac6174aa5e161c9,1458,Books/b-Library_Hzm-20260601T230631Z-3-002/b-Library_Hzm/RN-Külliyat-Hzm/RN-Hzm-cep/Telvihat Risalesi.pdf,Mükerrer Kopya: Bu içerik zaten MySQL'de ID: 1458 (Books/b-Library_Hzm-20260601T230631Z-3-002/b-Library_Hzm/RN-Külliyat-Hzm/RN-Hzm-cep/Telvihat Risalesi.pdf) olarak kayıtlı.
Uhuvvet Risalesi.pdf,Books/b-Library_Hzm-20260601T235628Z-3-002/b-Library_Hzm/RN-Külliyat-Hzm/RN-Hzm-cep/Uhuvvet Risalesi.pdf,Mükerrer / Kopya Dosya,.pdf,854974,0.82 MB,10afca2d126466c0d2b319e88a1ed8e2446e22d10e89c99b49e040e1acb43707,1459,Books/b-Library_Hzm-20260601T230631Z-3-002/b-Library_Hzm/RN-Külliyat-Hzm/RN-Hzm-cep/Uhuvvet Risalesi.pdf,Mükerrer Kopya: Bu içerik zaten MySQL'de ID: 1459 (Books/b-Library_Hzm-20260601T230631Z-3-002/b-Library_Hzm/RN-Külliyat-Hzm/RN-Hzm-cep/Uhuvvet Risalesi.pdf) olarak kayıtlı.
Vesvese Risalesi.pdf,Books/b-Library_Hzm-20260601T235628Z-3-002/b-Library_Hzm/RN-Külliyat-Hzm/RN-Hzm-cep/Vesvese Risalesi.pdf,Mükerrer / Kopya Dosya,.pdf,607165,0.58 MB,3c09c6142c68a702f0b81e772e741d530f5d4107d44c54c16200e8cedff5cba1,1460,Books/b-Library_Hzm-20260601T230631Z-3-002/b-Library_Hzm/RN-Külliyat-Hzm/RN-Hzm-cep/Vesvese Risalesi.pdf,Mükerrer Kopya: Bu içerik zaten MySQL'de ID: 1460 (Books/b-Library_Hzm-20260601T230631Z-3-002/b-Library_Hzm/RN-Külliyat-Hzm/RN-Hzm-cep/Vesvese Risalesi.pdf) olarak kayıtlı.
Yirmi Ucuncu Soz.pdf,Books/b-Library_Hzm-20260601T235628Z-3-002/b-Library_Hzm/RN-Külliyat-Hzm/RN-Hzm-cep/Yirmi Ucuncu Soz.pdf,Mükerrer / Kopya Dosya,.pdf,595793,0.57 MB,236352b1144cbbd0823d7cdb682272b08b06246f661ea6ce69fec201b2eb4609,1461,Books/b-Library_Hzm-20260601T230631Z-3-002/b-Library_Hzm/RN-Külliyat-Hzm/RN-Hzm-cep/Yirmi Ucuncu Soz.pdf,Mükerrer Kopya: Bu içerik zaten MySQL'de ID: 1461 (Books/b-Library_Hzm-20260601T230631Z-3-002/b-Library_Hzm/RN-Külliyat-Hzm/RN-Hzm-cep/Yirmi Ucuncu Soz.pdf) olarak kayıtlı.
Iman ve Kufur Muvazeneleri.pdf,Books/b-Library_Hzm-20260601T235628Z-3-002/b-Library_Hzm/RN-Külliyat-Hzm/RN-Hzm/Iman ve Kufur Muvazeneleri.pdf,Mükerrer / Kopya Dosya,.pdf,1475682,1.41 MB,16ef0e300e84c8f87d8615755e7a3924336c7628feb11f30e6525ba460b61166,1465,Books/b-Library_Hzm-20260601T230631Z-3-002/b-Library_Hzm/RN-Külliyat-Hzm/RN-Hzm/Iman ve Kufur Muvazeneleri.pdf,Mükerrer Kopya: Bu içerik zaten MySQL'de ID: 1465 (Books/b-Library_Hzm-20260601T230631Z-3-002/b-Library_Hzm/RN-Külliyat-Hzm/RN-Hzm/Iman ve Kufur Muvazeneleri.pdf) olarak kayıtlı.
Isaratu_l-I_caz.pdf,Books/b-Library_Hzm-20260601T235628Z-3-002/b-Library_Hzm/RN-Külliyat-Hzm/RN-Hzm/Isaratu_l-I_caz.pdf,Mükerrer / Kopya Dosya,.pdf,1782788,1.70 MB,60d1e3a40cc29fcbde2436445ebd1818c912cb932d36a7349ff37df962f539a0,1466,Books/b-Library_Hzm-20260601T230631Z-3-002/b-Library_Hzm/RN-Külliyat-Hzm/RN-Hzm/Isaratu_l-I_caz.pdf,Mükerrer Kopya: Bu içerik zaten MySQL'de ID: 1466 (Books/b-Library_Hzm-20260601T230631Z-3-002/b-Library_Hzm/RN-Külliyat-Hzm/RN-Hzm/Isaratu_l-I_caz.pdf) olarak kayıtlı.
Lemalar.pdf,Books/b-Library_Hzm-20260601T235628Z-3-002/b-Library_Hzm/RN-Külliyat-Hzm/RN-Hzm/Lemalar.pdf,Mükerrer / Kopya Dosya,.pdf,2858173,2.73 MB,e6f4731dda2762737649570d9c49d25e2109e88d0b3045ae06b4c44143da25b3,1468,Books/b-Library_Hzm-20260601T230631Z-3-002/b-Library_Hzm/RN-Külliyat-Hzm/RN-Hzm/Lemalar.pdf,Mükerrer Kopya: Bu içerik zaten MySQL'de ID: 1468 (Books/b-Library_Hzm-20260601T230631Z-3-002/b-Library_Hzm/RN-Külliyat-Hzm/RN-Hzm/Lemalar.pdf) olarak kayıtlı.
Mektubat.pdf,Books/b-Library_Hzm-20260601T235628Z-3-002/b-Library_Hzm/RN-Külliyat-Hzm/RN-Hzm/Mektubat.pdf,Mükerrer / Kopya Dosya,.pdf,4363946,4.16 MB,81e1da4417f5440ffaa87e7510ba2d7555d37c0ccbf8c18c9848f99d1714dccb,1469,Books/b-Library_Hzm-20260601T230631Z-3-002/b-Library_Hzm/RN-Külliyat-Hzm/RN-Hzm/Mektubat.pdf,Mükerrer Kopya: Bu içerik zaten MySQL'de ID: 1469 (Books/b-Library_Hzm-20260601T230631Z-3-002/b-Library_Hzm/RN-Külliyat-Hzm/RN-Hzm/Mektubat.pdf) olarak kayıtlı.
Sozler.pdf,Books/b-Library_Hzm-20260601T235628Z-3-002/b-Library_Hzm/RN-Külliyat-Hzm/RN-Hzm/Sozler.pdf,Mükerrer / Kopya Dosya,.pdf,4158165,3.97 MB,367fab8a59f76e94f21663293e7b85cae6487b2cb8e41fec3c0953b4f140feb4,1473,Books/b-Library_Hzm-20260601T230631Z-3-002/b-Library_Hzm/RN-Külliyat-Hzm/RN-Hzm/Sozler.pdf,Mükerrer Kopya: Bu içerik zaten MySQL'de ID: 1473 (Books/b-Library_Hzm-20260601T230631Z-3-002/b-Library_Hzm/RN-Külliyat-Hzm/RN-Hzm/Sozler.pdf) olarak kayıtlı.
Sualar.pdf,Books/b-Library_Hzm-20260601T235628Z-3-002/b-Library_Hzm/RN-Külliyat-Hzm/RN-Hzm/Sualar.pdf,Mükerrer / Kopya Dosya,.pdf,3478733,3.32 MB,e8088ff3aebbbf6a3bb62bacc62630a526bc8edd5f33a182d890fa337ca6e47b,1474,Books/b-Library_Hzm-20260601T230631Z-3-002/b-Library_Hzm/RN-Külliyat-Hzm/RN-Hzm/Sualar.pdf,Mükerrer Kopya: Bu içerik zaten MySQL'de ID: 1474 (Books/b-Library_Hzm-20260601T230631Z-3-002/b-Library_Hzm/RN-Külliyat-Hzm/RN-Hzm/Sualar.pdf) olarak kayıtlı.
Tarihce-i Hayat.pdf,Books/b-Library_Hzm-20260601T235628Z-3-002/b-Library_Hzm/RN-Külliyat-Hzm/RN-Hzm/Tarihce-i Hayat.pdf,Mükerrer / Kopya Dosya,.pdf,26691460,25.45 MB,c2e493f39e3b0eae57f87d9736af65b24b193f855ec7575103dbd732d83e0fe6,1475,Books/b-Library_Hzm-20260601T230631Z-3-002/b-Library_Hzm/RN-Külliyat-Hzm/RN-Hzm/Tarihce-i Hayat.pdf,Mükerrer Kopya: Bu içerik zaten MySQL'de ID: 1475 (Books/b-Library_Hzm-20260601T230631Z-3-002/b-Library_Hzm/RN-Külliyat-Hzm/RN-Hzm/Tarihce-i Hayat.pdf) olarak kayıtlı.
RN Lemalar_Sadeleştirilmiş.pdf,Books/b-Library_Hzm-20260601T235628Z-3-002/b-Library_Hzm/RN-Külliyat-Hzm/RN-Sade/RN Lemalar_Sadeleştirilmiş.pdf,Mükerrer / Kopya Dosya,.pdf,9185349,8.76 MB,244e336c59b1d284cbbb74391c4af7207efad13a8f27296d81a829b982862e3d,1476,Books/b-Library_Hzm-20260601T230631Z-3-002/b-Library_Hzm/RN-Külliyat-Hzm/RN-Sade/RN Lemalar_Sadeleştirilmiş.pdf,Mükerrer Kopya: Bu içerik zaten MySQL'de ID: 1476 (Books/b-Library_Hzm-20260601T230631Z-3-002/b-Library_Hzm/RN-Külliyat-Hzm/RN-Sade/RN Lemalar_Sadeleştirilmiş.pdf) olarak kayıtlı.
RN_Sozler_Sadeleştirilmiş.pdf,Books/b-Library_Hzm-20260601T235628Z-3-002/b-Library_Hzm/RN-Külliyat-Hzm/RN-Sade/RN_Sozler_Sadeleştirilmiş.pdf,Mükerrer / Kopya Dosya,.pdf,21722932,20.72 MB,5c6c5a84ec78eac385ab4ce71fbc0a966a01b4f464d499d5bc2f62ac78210851,1477,Books/b-Library_Hzm-20260601T230631Z-3-002/b-Library_Hzm/RN-Külliyat-Hzm/RN-Sade/RN_Sozler_Sadeleştirilmiş.pdf,Mükerrer Kopya: Bu içerik zaten MySQL'de ID: 1477 (Books/b-Library_Hzm-20260601T230631Z-3-002/b-Library_Hzm/RN-Külliyat-Hzm/RN-Sade/RN_Sozler_Sadeleştirilmiş.pdf) olarak kayıtlı.
Sari-Lemalar.pdf,Books/b-Library_Hzm-20260601T235628Z-3-002/b-Library_Hzm/RN-Külliyat-Hzm/RN-Sade/Sari-Lemalar.pdf,Mükerrer / Kopya Dosya,.pdf,9185349,8.76 MB,244e336c59b1d284cbbb74391c4af7207efad13a8f27296d81a829b982862e3d,1476,Books/b-Library_Hzm-20260601T230631Z-3-002/b-Library_Hzm/RN-Külliyat-Hzm/RN-Sade/RN Lemalar_Sadeleştirilmiş.pdf,Mükerrer Kopya: Bu içerik zaten MySQL'de ID: 1476 (Books/b-Library_Hzm-20260601T230631Z-3-002/b-Library_Hzm/RN-Külliyat-Hzm/RN-Sade/RN Lemalar_Sadeleştirilmiş.pdf) olarak kayıtlı.
Sari-Sozler.pdf,Books/b-Library_Hzm-20260601T235628Z-3-002/b-Library_Hzm/RN-Külliyat-Hzm/RN-Sade/Sari-Sozler.pdf,Mükerrer / Kopya Dosya,.pdf,21722932,20.72 MB,5c6c5a84ec78eac385ab4ce71fbc0a966a01b4f464d499d5bc2f62ac78210851,1477,Books/b-Library_Hzm-20260601T230631Z-3-002/b-Library_Hzm/RN-Külliyat-Hzm/RN-Sade/RN_Sozler_Sadeleştirilmiş.pdf,Mükerrer Kopya: Bu içerik zaten MySQL'de ID: 1477 (Books/b-Library_Hzm-20260601T230631Z-3-002/b-Library_Hzm/RN-Külliyat-Hzm/RN-Sade/RN_Sozler_Sadeleştirilmiş.pdf) olarak kayıtlı.
asayi-musa-bediuzzaman-said-nursi.pdf,Books/b-Library_Hzm-20260601T235628Z-3-002/b-Library_Hzm/RN-Külliyat-Hzm/RN-Sade/asayi-musa-bediuzzaman-said-nursi.pdf,Mükerrer / Kopya Dosya,.pdf,2378093,2.27 MB,05d00749c15163be95ba47ef74f669b229929355c039f144e8ee1870ec79d1b0,1478,Books/b-Library_Hzm-20260601T230631Z-3-002/b-Library_Hzm/RN-Külliyat-Hzm/RN-Sade/asayi-musa-bediuzzaman-said-nursi.pdf,Mükerrer Kopya: Bu içerik zaten MySQL'de ID: 1478 (Books/b-Library_Hzm-20260601T230631Z-3-002/b-Library_Hzm/RN-Külliyat-Hzm/RN-Sade/asayi-musa-bediuzzaman-said-nursi.pdf) olarak kayıtlı.
sadelestirilmis-enne-ve-zerre-risalesi.pdf,Books/b-Library_Hzm-20260601T235628Z-3-002/b-Library_Hzm/RN-Külliyat-Hzm/RN-Sade/sadelestirilmis-enne-ve-zerre-risalesi.pdf,Mükerrer / Kopya Dosya,.pdf,655787,0.63 MB,f96ffcd41e1d9f69f333babb1fa228e9537d23626d1c74e9fc38068e1aca1e93,1479,Books/b-Library_Hzm-20260601T230631Z-3-002/b-Library_Hzm/RN-Külliyat-Hzm/RN-Sade/sadelestirilmis-enne-ve-zerre-risalesi.pdf,Mükerrer Kopya: Bu içerik zaten MySQL'de ID: 1479 (Books/b-Library_Hzm-20260601T230631Z-3-002/b-Library_Hzm/RN-Külliyat-Hzm/RN-Sade/sadelestirilmis-enne-ve-zerre-risalesi.pdf) olarak kayıtlı.
sadelestirilmis-hasir-risalesi.pdf,Books/b-Library_Hzm-20260601T235628Z-3-002/b-Library_Hzm/RN-Külliyat-Hzm/RN-Sade/sadelestirilmis-hasir-risalesi.pdf,Mükerrer / Kopya Dosya,.pdf,852724,0.81 MB,6ef52547d4523bad819de3bdd2fd7c668168c5a2d37238302d790f2b833e81b0,1480,Books/b-Library_Hzm-20260601T230631Z-3-002/b-Library_Hzm/RN-Külliyat-Hzm/RN-Sade/sadelestirilmis-hasir-risalesi.pdf,Mükerrer Kopya: Bu içerik zaten MySQL'de ID: 1480 (Books/b-Library_Hzm-20260601T230631Z-3-002/b-Library_Hzm/RN-Külliyat-Hzm/RN-Sade/sadelestirilmis-hasir-risalesi.pdf) olarak kayıtlı.
sadelestirilmis-ihlas-risalesi.pdf,Books/b-Library_Hzm-20260601T235628Z-3-002/b-Library_Hzm/RN-Külliyat-Hzm/RN-Sade/sadelestirilmis-ihlas-risalesi.pdf,Mükerrer / Kopya Dosya,.pdf,680015,0.65 MB,4b1c533c06079dce79bedd83009c523fd5ea2e5366cc42f9a4f46ce834e74828,1481,Books/b-Library_Hzm-20260601T230631Z-3-002/b-Library_Hzm/RN-Külliyat-Hzm/RN-Sade/sadelestirilmis-ihlas-risalesi.pdf,Mükerrer Kopya: Bu içerik zaten MySQL'de ID: 1481 (Books/b-Library_Hzm-20260601T230631Z-3-002/b-Library_Hzm/RN-Külliyat-Hzm/RN-Sade/sadelestirilmis-ihlas-risalesi.pdf) olarak kayıtlı.
sadelestirilmis-lemalar.pdf,Books/b-Library_Hzm-20260601T235628Z-3-002/b-Library_Hzm/RN-Külliyat-Hzm/RN-Sade/sadelestirilmis-lemalar.pdf,Mükerrer / Kopya Dosya,.pdf,3030071,2.89 MB,400599d1a41cf1e962df8b3fe7212e0657a6f1cd7421fdcf45488acc6498fd34,1482,Books/b-Library_Hzm-20260601T230631Z-3-002/b-Library_Hzm/RN-Külliyat-Hzm/RN-Sade/sadelestirilmis-lemalar.pdf,Mükerrer Kopya: Bu içerik zaten MySQL'de ID: 1482 (Books/b-Library_Hzm-20260601T230631Z-3-002/b-Library_Hzm/RN-Külliyat-Hzm/RN-Sade/sadelestirilmis-lemalar.pdf) olarak kayıtlı.
sadelestirilmis-mektubat.pdf,Books/b-Library_Hzm-20260601T235628Z-3-002/b-Library_Hzm/RN-Külliyat-Hzm/RN-Sade/sadelestirilmis-mektubat.pdf,Mükerrer / Kopya Dosya,.pdf,3790366,3.61 MB,2fd2bd67bb92fd04d24f1da47e55b2aabe01ddac3c1d0ac5adec3a1e6052c0ee,1483,Books/b-Library_Hzm-20260601T230631Z-3-002/b-Library_Hzm/RN-Külliyat-Hzm/RN-Sade/sadelestirilmis-mektubat.pdf,Mükerrer Kopya: Bu içerik zaten MySQL'de ID: 1483 (Books/b-Library_Hzm-20260601T230631Z-3-002/b-Library_Hzm/RN-Külliyat-Hzm/RN-Sade/sadelestirilmis-mektubat.pdf) olarak kayıtlı.
sadelestirilmis-otuz-uc-pencere.pdf,Books/b-Library_Hzm-20260601T235628Z-3-002/b-Library_Hzm/RN-Külliyat-Hzm/RN-Sade/sadelestirilmis-otuz-uc-pencere.pdf,Mükerrer / Kopya Dosya,.pdf,980910,0.94 MB,5e51b2b50dcf7588351f076e4f18a0d0e0f3ffb9b080b329167617a459d861a6,1484,Books/b-Library_Hzm-20260601T230631Z-3-002/b-Library_Hzm/RN-Külliyat-Hzm/RN-Sade/sadelestirilmis-otuz-uc-pencere.pdf,Mükerrer Kopya: Bu içerik zaten MySQL'de ID: 1484 (Books/b-Library_Hzm-20260601T230631Z-3-002/b-Library_Hzm/RN-Külliyat-Hzm/RN-Sade/sadelestirilmis-otuz-uc-pencere.pdf) olarak kayıtlı.
sadelestirilmis-sozler.pdf,Books/b-Library_Hzm-20260601T235628Z-3-002/b-Library_Hzm/RN-Külliyat-Hzm/RN-Sade/sadelestirilmis-sozler.pdf,Mükerrer / Kopya Dosya,.pdf,5136419,4.90 MB,172a6ce08c34b08096528aea543311c530bd8a4eaaa8dcb807c21c795711e998,1485,Books/b-Library_Hzm-20260601T230631Z-3-002/b-Library_Hzm/RN-Külliyat-Hzm/RN-Sade/sadelestirilmis-sozler.pdf,Mükerrer Kopya: Bu içerik zaten MySQL'de ID: 1485 (Books/b-Library_Hzm-20260601T230631Z-3-002/b-Library_Hzm/RN-Külliyat-Hzm/RN-Sade/sadelestirilmis-sozler.pdf) olarak kayıtlı.
sadelestirilmis-tabiat-risalesi.pdf,Books/b-Library_Hzm-20260601T235628Z-3-002/b-Library_Hzm/RN-Külliyat-Hzm/RN-Sade/sadelestirilmis-tabiat-risalesi.pdf,Mükerrer / Kopya Dosya,.pdf,364896,0.35 MB,d98759243d98d09f7b8a319ec65db9bfc4e9403235f6f4fe5fb2394918a8ccfb,1486,Books/b-Library_Hzm-20260601T230631Z-3-002/b-Library_Hzm/RN-Külliyat-Hzm/RN-Sade/sadelestirilmis-tabiat-risalesi.pdf,Mükerrer Kopya: Bu içerik zaten MySQL'de ID: 1486 (Books/b-Library_Hzm-20260601T230631Z-3-002/b-Library_Hzm/RN-Külliyat-Hzm/RN-Sade/sadelestirilmis-tabiat-risalesi.pdf) olarak kayıtlı.
Elmalili - Hak Dini Kuran Dili-02.pdf,Books/b-Library_Hzm-20260601T235628Z-3-002/b-Library_Hzm/Tefsir-Elmalılı Tefsiri-ZAMAN.pdf/Elmalili - Hak Dini Kuran Dili-02.pdf,Mükerrer / Kopya Dosya,.pdf,37460679,35.73 MB,c25b6492668608df74218b5602e1c8b1619fa02c9b37d98eee5c28dc5b63b51e,1491,Books/b-Library_Hzm-20260601T230631Z-3-002/b-Library_Hzm/Tefsir-Elmalılı Tefsiri-ZAMAN.pdf/Elmalili - Hak Dini Kuran Dili-02.pdf,Mükerrer Kopya: Bu içerik zaten MySQL'de ID: 1491 (Books/b-Library_Hzm-20260601T230631Z-3-002/b-Library_Hzm/Tefsir-Elmalılı Tefsiri-ZAMAN.pdf/Elmalili - Hak Dini Kuran Dili-02.pdf) olarak kayıtlı.
Elmalili - Hak Dini Kuran Dili-03.pdf,Books/b-Library_Hzm-20260601T235628Z-3-002/b-Library_Hzm/Tefsir-Elmalılı Tefsiri-ZAMAN.pdf/Elmalili - Hak Dini Kuran Dili-03.pdf,Mükerrer / Kopya Dosya,.pdf,36626588,34.93 MB,0479f843456e496426538933d1657b054e44df11bf4726287a612cbc1de7ea49,1492,Books/b-Library_Hzm-20260601T230631Z-3-002/b-Library_Hzm/Tefsir-Elmalılı Tefsiri-ZAMAN.pdf/Elmalili - Hak Dini Kuran Dili-03.pdf,Mükerrer Kopya: Bu içerik zaten MySQL'de ID: 1492 (Books/b-Library_Hzm-20260601T230631Z-3-002/b-Library_Hzm/Tefsir-Elmalılı Tefsiri-ZAMAN.pdf/Elmalili - Hak Dini Kuran Dili-03.pdf) olarak kayıtlı.
Hak Dini Kuran Dili Tefsiri 1-10.pdf,Books/b-Library_Hzm-20260601T235628Z-3-002/b-Library_Hzm/Tefsir-Elmalılı Tefsiri-ZAMAN.pdf/Hak Dini Kuran Dili Tefsiri 1-10.pdf,Mükerrer / Kopya Dosya,.pdf,142149388,135.56 MB,1488e930af5815dd7f38a9b15d92cc9c6b1aec75cd83e429658000e7e424d9d6,1497,Books/b-Library_Hzm-20260601T230631Z-3-002/b-Library_Hzm/Tefsir-Elmalılı Tefsiri-ZAMAN.pdf/Hak Dini Kuran Dili Tefsiri 1-10.pdf,Mükerrer Kopya: Bu içerik zaten MySQL'de ID: 1497 (Books/b-Library_Hzm-20260601T230631Z-3-002/b-Library_Hzm/Tefsir-Elmalılı Tefsiri-ZAMAN.pdf/Hak Dini Kuran Dili Tefsiri 1-10.pdf) olarak kayıtlı.
Bir-Muslumanın-Yol-Haritası-Iman-ibadet-Ahlak.pdf,Books/b-Library_Hzm-20260601T235628Z-3-002/b-Library_Hzm/ilmihal-Hzm/Bir-Muslumanın-Yol-Haritası-Iman-ibadet-Ahlak.pdf,Mükerrer / Kopya Dosya,.pdf,3377745,3.22 MB,e8c46843622977aa28df232fe14e17ce61ef7d45b22aa44c79aedc8371a994fd,197,Books/b-Library_Hzm-20260601T230631Z-3-001/b-Library_Hzm/ilmihal-Hzm/Bir-Muslumanın-Yol-Haritası-Iman-ibadet-Ahlak.pdf,Mükerrer Kopya: Bu içerik zaten MySQL'de ID: 197 (Books/b-Library_Hzm-20260601T230631Z-3-001/b-Library_Hzm/ilmihal-Hzm/Bir-Muslumanın-Yol-Haritası-Iman-ibadet-Ahlak.pdf) olarak kayıtlı.
Bir_Müslümanın_Yol_Haritası.pdf,Books/b-Library_Hzm-20260601T235628Z-3-002/b-Library_Hzm/ilmihal-Hzm/Bir_Müslümanın_Yol_Haritası.pdf,Mükerrer / Kopya Dosya,.pdf,4734584,4.52 MB,d71dc6743e0dd1060736e7dc5922979c184a8d2c4cc91a7a502d026b106ab781,198,Books/b-Library_Hzm-20260601T230631Z-3-001/b-Library_Hzm/ilmihal-Hzm/Bir_Müslümanın_Yol_Haritası.pdf,Mükerrer Kopya: Bu içerik zaten MySQL'de ID: 198 (Books/b-Library_Hzm-20260601T230631Z-3-001/b-Library_Hzm/ilmihal-Hzm/Bir_Müslümanın_Yol_Haritası.pdf) olarak kayıtlı.
Genclik-ilmihali-mustuy.pdf,Books/b-Library_Hzm-20260601T235628Z-3-002/b-Library_Hzm/ilmihal-Hzm/Genclik-ilmihali-mustuy.pdf,Mükerrer / Kopya Dosya,.pdf,4674368,4.46 MB,4c019efc4bccec66ee4f11ee643b47b55d0762ef994c9af5de80c4a0d4c3735f,199,Books/b-Library_Hzm-20260601T230631Z-3-001/b-Library_Hzm/ilmihal-Hzm/Genclik-ilmihali-mustuy.pdf,Mükerrer Kopya: Bu içerik zaten MySQL'de ID: 199 (Books/b-Library_Hzm-20260601T230631Z-3-001/b-Library_Hzm/ilmihal-Hzm/Genclik-ilmihali-mustuy.pdf) olarak kayıtlı.
Pratik-İlmihal-Osman-Bilgin-PDFDrive-com-pdf.pdf,Books/b-Library_Hzm-20260601T235628Z-3-002/b-Library_Hzm/ilmihal-Hzm/Pratik-İlmihal-Osman-Bilgin-PDFDrive-com-pdf.pdf,Mükerrer / Kopya Dosya,.pdf,2906941,2.77 MB,f4e10dd77488babea0cfa5dedf9a73feb5154ba48a639ce82bf4777b413c1a7b,200,Books/b-Library_Hzm-20260601T230631Z-3-001/b-Library_Hzm/ilmihal-Hzm/Pratik-İlmihal-Osman-Bilgin-PDFDrive-com-pdf.pdf,Mükerrer Kopya: Bu içerik zaten MySQL'de ID: 200 (Books/b-Library_Hzm-20260601T230631Z-3-001/b-Library_Hzm/ilmihal-Hzm/Pratik-İlmihal-Osman-Bilgin-PDFDrive-com-pdf.pdf) olarak kayıtlı.
dort-arkadas-serisi-1-fidan-yiyen-bozoglak-mustuy-6-y.pdf,Books/b-Library_Hzm-20260601T235628Z-3-002/b-Library_Hzm/Çocuklar için-Hzm/Dört Arkadaş Serisi/dort-arkadas-serisi-1-fidan-yiyen-bozoglak-mustuy-6-y.pdf,Mükerrer / Kopya Dosya,.pdf,2055493,1.96 MB,918a38c41cac9052dd14b9d1ba46b1e051117fb69a8ee42e203352c0292b4e60,1498,Books/b-Library_Hzm-20260601T230631Z-3-002/b-Library_Hzm/Çocuklar için-Hzm/Dört Arkadaş Serisi/dort-arkadas-serisi-1-fidan-yiyen-bozoglak-mustuy-6-y.pdf,Mükerrer Kopya: Bu içerik zaten MySQL'de ID: 1498 (Books/b-Library_Hzm-20260601T230631Z-3-002/b-Library_Hzm/Çocuklar için-Hzm/Dört Arkadaş Serisi/dort-arkadas-serisi-1-fidan-yiyen-bozoglak-mustuy-6-y.pdf) olarak kayıtlı.
dort-arkadas-serisi-2-yaramaz-tay-mustuy-6-y.pdf,Books/b-Library_Hzm-20260601T235628Z-3-002/b-Library_Hzm/Çocuklar için-Hzm/Dört Arkadaş Serisi/dort-arkadas-serisi-2-yaramaz-tay-mustuy-6-y.pdf,Mükerrer / Kopya Dosya,.pdf,2226393,2.12 MB,139e0435a776bbb44199bb9cabc5cf6234eaa831b11b6ac3eadbd0714f335450,1499,Books/b-Library_Hzm-20260601T230631Z-3-002/b-Library_Hzm/Çocuklar için-Hzm/Dört Arkadaş Serisi/dort-arkadas-serisi-2-yaramaz-tay-mustuy-6-y.pdf,Mükerrer Kopya: Bu içerik zaten MySQL'de ID: 1499 (Books/b-Library_Hzm-20260601T230631Z-3-002/b-Library_Hzm/Çocuklar için-Hzm/Dört Arkadaş Serisi/dort-arkadas-serisi-2-yaramaz-tay-mustuy-6-y.pdf) olarak kayıtlı.
dort-arkadas-serisi-3-dikenli-yol-mustuy-6-y.pdf,Books/b-Library_Hzm-20260601T235628Z-3-002/b-Library_Hzm/Çocuklar için-Hzm/Dört Arkadaş Serisi/dort-arkadas-serisi-3-dikenli-yol-mustuy-6-y.pdf,Mükerrer / Kopya Dosya,.pdf,2217928,2.12 MB,6fb95c951ec24ec1aa231c970d1e889d93a6e3071d8a708d6602485bd6f80e21,1500,Books/b-Library_Hzm-20260601T230631Z-3-002/b-Library_Hzm/Çocuklar için-Hzm/Dört Arkadaş Serisi/dort-arkadas-serisi-3-dikenli-yol-mustuy-6-y.pdf,Mükerrer Kopya: Bu içerik zaten MySQL'de ID: 1500 (Books/b-Library_Hzm-20260601T230631Z-3-002/b-Library_Hzm/Çocuklar için-Hzm/Dört Arkadaş Serisi/dort-arkadas-serisi-3-dikenli-yol-mustuy-6-y.pdf) olarak kayıtlı.
dort-arkadas-serisi-4-yuruyen-tas-mustuy-6-y.pdf,Books/b-Library_Hzm-20260601T235628Z-3-002/b-Library_Hzm/Çocuklar için-Hzm/Dört Arkadaş Serisi/dort-arkadas-serisi-4-yuruyen-tas-mustuy-6-y.pdf,Mükerrer / Kopya Dosya,.pdf,1874323,1.79 MB,150395789cecfdbf047ef53fcd8374ca8d13563830895defa44a87bbff982a2a,1501,Books/b-Library_Hzm-20260601T230631Z-3-002/b-Library_Hzm/Çocuklar için-Hzm/Dört Arkadaş Serisi/dort-arkadas-serisi-4-yuruyen-tas-mustuy-6-y.pdf,Mükerrer Kopya: Bu içerik zaten MySQL'de ID: 1501 (Books/b-Library_Hzm-20260601T230631Z-3-002/b-Library_Hzm/Çocuklar için-Hzm/Dört Arkadaş Serisi/dort-arkadas-serisi-4-yuruyen-tas-mustuy-6-y.pdf) olarak kayıtlı.
dort-arkadas-serisi-5-hasta-ziyareti-mustuy-6-y.pdf,Books/b-Library_Hzm-20260601T235628Z-3-002/b-Library_Hzm/Çocuklar için-Hzm/Dört Arkadaş Serisi/dort-arkadas-serisi-5-hasta-ziyareti-mustuy-6-y.pdf,Mükerrer / Kopya Dosya,.pdf,2105334,2.01 MB,b46eba9a4f68408d091dd6ae6c38cde3dcd340af8f8a257dbe2a90dd49e8d94c,1502,Books/b-Library_Hzm-20260601T230631Z-3-002/b-Library_Hzm/Çocuklar için-Hzm/Dört Arkadaş Serisi/dort-arkadas-serisi-5-hasta-ziyareti-mustuy-6-y.pdf,Mükerrer Kopya: Bu içerik zaten MySQL'de ID: 1502 (Books/b-Library_Hzm-20260601T230631Z-3-002/b-Library_Hzm/Çocuklar için-Hzm/Dört Arkadaş Serisi/dort-arkadas-serisi-5-hasta-ziyareti-mustuy-6-y.pdf) olarak kayıtlı.
dort-arkadas-serisi-6-tehlikeli-oyun-mustuy-6-y.pdf,Books/b-Library_Hzm-20260601T235628Z-3-002/b-Library_Hzm/Çocuklar için-Hzm/Dört Arkadaş Serisi/dort-arkadas-serisi-6-tehlikeli-oyun-mustuy-6-y.pdf,Mükerrer / Kopya Dosya,.pdf,1694466,1.62 MB,3a636fb45f24bc5d4d5042d9ae30f210a32c0f82d02c05cb1786f1122f66f0bf,1503,Books/b-Library_Hzm-20260601T230631Z-3-002/b-Library_Hzm/Çocuklar için-Hzm/Dört Arkadaş Serisi/dort-arkadas-serisi-6-tehlikeli-oyun-mustuy-6-y.pdf,Mükerrer Kopya: Bu içerik zaten MySQL'de ID: 1503 (Books/b-Library_Hzm-20260601T230631Z-3-002/b-Library_Hzm/Çocuklar için-Hzm/Dört Arkadaş Serisi/dort-arkadas-serisi-6-tehlikeli-oyun-mustuy-6-y.pdf) olarak kayıtlı.
cocuklarda-kuran-egitimi-kartanesi-2008-isikyayinlari (1).pdf,Books/b-Library_Hzm-20260601T235628Z-3-002/b-Library_Hzm/Çocuklar için-Hzm/ElifBa-çocuklar için/cocuklarda-kuran-egitimi-kartanesi-2008-isikyayinlari (1).pdf,Mükerrer / Kopya Dosya,.pdf,1724543,1.64 MB,20cbdd0370831e19c07b5170e4346c66d5acc71c8f2f0cc6f5a1feb73704ec54,1504,Books/b-Library_Hzm-20260601T230631Z-3-002/b-Library_Hzm/Çocuklar için-Hzm/ElifBa-çocuklar için/cocuklarda-kuran-egitimi-kartanesi-2008-isikyayinlari (1).pdf,Mükerrer Kopya: Bu içerik zaten MySQL'de ID: 1504 (Books/b-Library_Hzm-20260601T230631Z-3-002/b-Library_Hzm/Çocuklar için-Hzm/ElifBa-çocuklar için/cocuklarda-kuran-egitimi-kartanesi-2008-isikyayinlari (1).pdf) olarak kayıtlı.
etkinlikli-ve-testli-elif-ba.pdf,Books/b-Library_Hzm-20260601T235628Z-3-002/b-Library_Hzm/Çocuklar için-Hzm/ElifBa-çocuklar için/etkinlikli-ve-testli-elif-ba.pdf,Mükerrer / Kopya Dosya,.pdf,11974785,11.42 MB,bd9685c647ba6a1ef42deb075fbf4ac642a6b37d66d25497ef0a34957c6385e5,1505,Books/b-Library_Hzm-20260601T230631Z-3-002/b-Library_Hzm/Çocuklar için-Hzm/ElifBa-çocuklar için/etkinlikli-ve-testli-elif-ba.pdf,Mükerrer Kopya: Bu içerik zaten MySQL'de ID: 1505 (Books/b-Library_Hzm-20260601T230631Z-3-002/b-Library_Hzm/Çocuklar için-Hzm/ElifBa-çocuklar için/etkinlikli-ve-testli-elif-ba.pdf) olarak kayıtlı.
kur-an-elifbasi-ilmihalli-mustuy.pdf,Books/b-Library_Hzm-20260601T235628Z-3-002/b-Library_Hzm/Çocuklar için-Hzm/ElifBa-çocuklar için/kur-an-elifbasi-ilmihalli-mustuy.pdf,Mükerrer / Kopya Dosya,.pdf,44731119,42.66 MB,f22659eb49cd029af3414084586d4ff3d0dc95a6b64882e3ba498cb5cb6477ac,63,Books/b-Library_Hzm-20260601T230631Z-3-001/b-Library_Hzm/ElifBa-Tecvid-Hzm/kur-an-elifbasi-ilmihalli-mustuy.pdf,Mükerrer Kopya: Bu içerik zaten MySQL'de ID: 63 (Books/b-Library_Hzm-20260601T230631Z-3-001/b-Library_Hzm/ElifBa-Tecvid-Hzm/kur-an-elifbasi-ilmihalli-mustuy.pdf) olarak kayıtlı.
kuran-ogreniyorum-seti-1-kuran-harflerini-ogreniyorum-mustuy.pdf,Books/b-Library_Hzm-20260601T235628Z-3-002/b-Library_Hzm/Çocuklar için-Hzm/ElifBa-çocuklar için/kuran-ogreniyorum-seti-1-kuran-harflerini-ogreniyorum-mustuy.pdf,Mükerrer / Kopya Dosya,.pdf,7009310,6.68 MB,a77a0448b01447dccc50d90469e3937dc8bcd73a731761ee114624f6c9b84bf9,1506,Books/b-Library_Hzm-20260601T230631Z-3-002/b-Library_Hzm/Çocuklar için-Hzm/ElifBa-çocuklar için/kuran-ogreniyorum-seti-1-kuran-harflerini-ogreniyorum-mustuy.pdf,Mükerrer Kopya: Bu içerik zaten MySQL'de ID: 1506 (Books/b-Library_Hzm-20260601T230631Z-3-002/b-Library_Hzm/Çocuklar için-Hzm/ElifBa-çocuklar için/kuran-ogreniyorum-seti-1-kuran-harflerini-ogreniyorum-mustuy.pdf) olarak kayıtlı.
kuran-ogreniyorum-seti-2-harekeleri-ogreniyorum-mustuy.pdf,Books/b-Library_Hzm-20260601T235628Z-3-002/b-Library_Hzm/Çocuklar için-Hzm/ElifBa-çocuklar için/kuran-ogreniyorum-seti-2-harekeleri-ogreniyorum-mustuy.pdf,Mükerrer / Kopya Dosya,.pdf,4638323,4.42 MB,b312bb4e351e21264e6a5a7635fa223fe3b5f46f36af1062c84824e4f51f7af8,1507,Books/b-Library_Hzm-20260601T230631Z-3-002/b-Library_Hzm/Çocuklar için-Hzm/ElifBa-çocuklar için/kuran-ogreniyorum-seti-2-harekeleri-ogreniyorum-mustuy.pdf,Mükerrer Kopya: Bu içerik zaten MySQL'de ID: 1507 (Books/b-Library_Hzm-20260601T230631Z-3-002/b-Library_Hzm/Çocuklar için-Hzm/ElifBa-çocuklar için/kuran-ogreniyorum-seti-2-harekeleri-ogreniyorum-mustuy.pdf) olarak kayıtlı.
gul-devri-1-Hz-Muhammed Sav-mustuy.pdf,Books/b-Library_Hzm-20260601T235628Z-3-002/b-Library_Hzm/Çocuklar için-Hzm/Peygamberimiz ve Halifeleri-Çocuk/gul-devri-1-Hz-Muhammed Sav-mustuy.pdf,Mükerrer / Kopya Dosya,.pdf,2213787,2.11 MB,2de5ef989ca0c7552fc3f765b0d14a1d9e2174c621e0a322aea1cc936cb868e3,1508,Books/b-Library_Hzm-20260601T230631Z-3-002/b-Library_Hzm/Çocuklar için-Hzm/Peygamberimiz ve Halifeleri-Çocuk/gul-devri-1-Hz-Muhammed Sav-mustuy.pdf,Mükerrer Kopya: Bu içerik zaten MySQL'de ID: 1508 (Books/b-Library_Hzm-20260601T230631Z-3-002/b-Library_Hzm/Çocuklar için-Hzm/Peygamberimiz ve Halifeleri-Çocuk/gul-devri-1-Hz-Muhammed Sav-mustuy.pdf) olarak kayıtlı.
gul-devri-2-Hz.-Ebubekir-mustuy.pdf,Books/b-Library_Hzm-20260601T235628Z-3-002/b-Library_Hzm/Çocuklar için-Hzm/Peygamberimiz ve Halifeleri-Çocuk/gul-devri-2-Hz.-Ebubekir-mustuy.pdf,Mükerrer / Kopya Dosya,.pdf,1915515,1.83 MB,7b35375acd24f59d5d9782ef0f7a102d473a3d0f4a8e4c3026190f84796bc999,1509,Books/b-Library_Hzm-20260601T230631Z-3-002/b-Library_Hzm/Çocuklar için-Hzm/Peygamberimiz ve Halifeleri-Çocuk/gul-devri-2-Hz.-Ebubekir-mustuy.pdf,Mükerrer Kopya: Bu içerik zaten MySQL'de ID: 1509 (Books/b-Library_Hzm-20260601T230631Z-3-002/b-Library_Hzm/Çocuklar için-Hzm/Peygamberimiz ve Halifeleri-Çocuk/gul-devri-2-Hz.-Ebubekir-mustuy.pdf) olarak kayıtlı.
gul-devri-3-Hz-Ömer-mustuy.pdf,Books/b-Library_Hzm-20260601T235628Z-3-002/b-Library_Hzm/Çocuklar için-Hzm/Peygamberimiz ve Halifeleri-Çocuk/gul-devri-3-Hz-Ömer-mustuy.pdf,Mükerrer / Kopya Dosya,.pdf,1712608,1.63 MB,935d44fb023956d75f46cda4a3e3ee795e935dfce0680336b2eb77698be38d8f,1510,Books/b-Library_Hzm-20260601T230631Z-3-002/b-Library_Hzm/Çocuklar için-Hzm/Peygamberimiz ve Halifeleri-Çocuk/gul-devri-3-Hz-Ömer-mustuy.pdf,Mükerrer Kopya: Bu içerik zaten MySQL'de ID: 1510 (Books/b-Library_Hzm-20260601T230631Z-3-002/b-Library_Hzm/Çocuklar için-Hzm/Peygamberimiz ve Halifeleri-Çocuk/gul-devri-3-Hz-Ömer-mustuy.pdf) olarak kayıtlı.
gul-devri-4-Hz-Osman-mustuy.pdf,Books/b-Library_Hzm-20260601T235628Z-3-002/b-Library_Hzm/Çocuklar için-Hzm/Peygamberimiz ve Halifeleri-Çocuk/gul-devri-4-Hz-Osman-mustuy.pdf,Mükerrer / Kopya Dosya,.pdf,2513060,2.40 MB,75281c8052a729c0a5641b60019d9484be5818c2011f12e0d298fad79bdc4b37,1511,Books/b-Library_Hzm-20260601T230631Z-3-002/b-Library_Hzm/Çocuklar için-Hzm/Peygamberimiz ve Halifeleri-Çocuk/gul-devri-4-Hz-Osman-mustuy.pdf,Mükerrer Kopya: Bu içerik zaten MySQL'de ID: 1511 (Books/b-Library_Hzm-20260601T230631Z-3-002/b-Library_Hzm/Çocuklar için-Hzm/Peygamberimiz ve Halifeleri-Çocuk/gul-devri-4-Hz-Osman-mustuy.pdf) olarak kayıtlı.
gul-devri-5-Hz-Ali-mustuy.pdf,Books/b-Library_Hzm-20260601T235628Z-3-002/b-Library_Hzm/Çocuklar için-Hzm/Peygamberimiz ve Halifeleri-Çocuk/gul-devri-5-Hz-Ali-mustuy.pdf,Mükerrer / Kopya Dosya,.pdf,1409836,1.34 MB,9ef204073f81a1b28ef86149620b591e9df99579ad4ce0c52e49670e13f160f2,1512,Books/b-Library_Hzm-20260601T230631Z-3-002/b-Library_Hzm/Çocuklar için-Hzm/Peygamberimiz ve Halifeleri-Çocuk/gul-devri-5-Hz-Ali-mustuy.pdf,Mükerrer Kopya: Bu içerik zaten MySQL'de ID: 1512 (Books/b-Library_Hzm-20260601T230631Z-3-002/b-Library_Hzm/Çocuklar için-Hzm/Peygamberimiz ve Halifeleri-Çocuk/gul-devri-5-Hz-Ali-mustuy.pdf) olarak kayıtlı.
gul-devri-6-Hz-Hatice-mustuy.pdf,Books/b-Library_Hzm-20260601T235628Z-3-002/b-Library_Hzm/Çocuklar için-Hzm/Peygamberimiz ve Halifeleri-Çocuk/gul-devri-6-Hz-Hatice-mustuy.pdf,Mükerrer / Kopya Dosya,.pdf,1721950,1.64 MB,44074ee44e9754ea524cb71a62e64d871ac21085c6ef194c4f4de3a995cbb3ef,1513,Books/b-Library_Hzm-20260601T230631Z-3-002/b-Library_Hzm/Çocuklar için-Hzm/Peygamberimiz ve Halifeleri-Çocuk/gul-devri-6-Hz-Hatice-mustuy.pdf,Mükerrer Kopya: Bu içerik zaten MySQL'de ID: 1513 (Books/b-Library_Hzm-20260601T230631Z-3-002/b-Library_Hzm/Çocuklar için-Hzm/Peygamberimiz ve Halifeleri-Çocuk/gul-devri-6-Hz-Hatice-mustuy.pdf) olarak kayıtlı.
01-Yavru Deve - Peygamberimizden Hatiralar.PDF,Books/b-Library_Hzm-20260601T235628Z-3-002/b-Library_Hzm/Çocuklar için-Hzm/Peygamberimizden Hatıralar/01-Yavru Deve - Peygamberimizden Hatiralar.PDF,Mükerrer / Kopya Dosya,.pdf,1222297,1.17 MB,55afd69309fedec1988aa83fc3f7c4389106ec16501f4854928399d34caa8895,1514,Books/b-Library_Hzm-20260601T230631Z-3-002/b-Library_Hzm/Çocuklar için-Hzm/Peygamberimizden Hatıralar/01-Yavru Deve - Peygamberimizden Hatiralar.PDF,Mükerrer Kopya: Bu içerik zaten MySQL'de ID: 1514 (Books/b-Library_Hzm-20260601T230631Z-3-002/b-Library_Hzm/Çocuklar için-Hzm/Peygamberimizden Hatıralar/01-Yavru Deve - Peygamberimizden Hatiralar.PDF) olarak kayıtlı.
1-Kutlu Dogum-Peygamberimizin Hayati.PDF,Books/b-Library_Hzm-20260601T235628Z-3-002/b-Library_Hzm/Çocuklar için-Hzm/Peygamberimizin Hayatı-Çocuk/1-Kutlu Dogum-Peygamberimizin Hayati.PDF,Mükerrer / Kopya Dosya,.pdf,6057588,5.78 MB,962e9ccd9b47ab976ade163796066b30e3fb5b0223ae7ad013bb01bb6ad8ce46,1515,Books/b-Library_Hzm-20260601T230631Z-3-002/b-Library_Hzm/Çocuklar için-Hzm/Peygamberimizin Hayatı-Çocuk/1-Kutlu Dogum-Peygamberimizin Hayati.PDF,Mükerrer Kopya: Bu içerik zaten MySQL'de ID: 1515 (Books/b-Library_Hzm-20260601T230631Z-3-002/b-Library_Hzm/Çocuklar için-Hzm/Peygamberimizin Hayatı-Çocuk/1-Kutlu Dogum-Peygamberimizin Hayati.PDF) olarak kayıtlı.
2-Islamiyetin Dogusu-Peygamberimizin Hayati.PDF,Books/b-Library_Hzm-20260601T235628Z-3-002/b-Library_Hzm/Çocuklar için-Hzm/Peygamberimizin Hayatı-Çocuk/2-Islamiyetin Dogusu-Peygamberimizin Hayati.PDF,Mükerrer / Kopya Dosya,.pdf,6638303,6.33 MB,25d5f5567ea7d80a69cddde2d803b46a6c96f27ab7167d1b769458c08c56fc43,1516,Books/b-Library_Hzm-20260601T230631Z-3-002/b-Library_Hzm/Çocuklar için-Hzm/Peygamberimizin Hayatı-Çocuk/2-Islamiyetin Dogusu-Peygamberimizin Hayati.PDF,Mükerrer Kopya: Bu içerik zaten MySQL'de ID: 1516 (Books/b-Library_Hzm-20260601T230631Z-3-002/b-Library_Hzm/Çocuklar için-Hzm/Peygamberimizin Hayatı-Çocuk/2-Islamiyetin Dogusu-Peygamberimizin Hayati.PDF) olarak kayıtlı.
3-Zor Yillar-Peygamberimizin Hayati.pdf,Books/b-Library_Hzm-20260601T235628Z-3-002/b-Library_Hzm/Çocuklar için-Hzm/Peygamberimizin Hayatı-Çocuk/3-Zor Yillar-Peygamberimizin Hayati.pdf,Mükerrer / Kopya Dosya,.pdf,6077534,5.80 MB,fd6df44e7c3c58e97dbf11c3f297c175d7544534da871d35a528ad019cb1f145,1517,Books/b-Library_Hzm-20260601T230631Z-3-002/b-Library_Hzm/Çocuklar için-Hzm/Peygamberimizin Hayatı-Çocuk/3-Zor Yillar-Peygamberimizin Hayati.pdf,Mükerrer Kopya: Bu içerik zaten MySQL'de ID: 1517 (Books/b-Library_Hzm-20260601T230631Z-3-002/b-Library_Hzm/Çocuklar için-Hzm/Peygamberimizin Hayatı-Çocuk/3-Zor Yillar-Peygamberimizin Hayati.pdf) olarak kayıtlı.
4-Mirac ve Hicret-Peygamberimizin Hayati-.PDF,Books/b-Library_Hzm-20260601T235628Z-3-002/b-Library_Hzm/Çocuklar için-Hzm/Peygamberimizin Hayatı-Çocuk/4-Mirac ve Hicret-Peygamberimizin Hayati-.PDF,Mükerrer / Kopya Dosya,.pdf,6561450,6.26 MB,fa231019abe2c7ff04c1a956a3e8bb39d5762007687c9635a2100d2e19720e2c,1518,Books/b-Library_Hzm-20260601T230631Z-3-002/b-Library_Hzm/Çocuklar için-Hzm/Peygamberimizin Hayatı-Çocuk/4-Mirac ve Hicret-Peygamberimizin Hayati-.PDF,Mükerrer Kopya: Bu içerik zaten MySQL'de ID: 1518 (Books/b-Library_Hzm-20260601T230631Z-3-002/b-Library_Hzm/Çocuklar için-Hzm/Peygamberimizin Hayatı-Çocuk/4-Mirac ve Hicret-Peygamberimizin Hayati-.PDF) olarak kayıtlı.
5-Peygamberimizin Son Yillari-Peygamberimizin Hayati.PDF,Books/b-Library_Hzm-20260601T235628Z-3-002/b-Library_Hzm/Çocuklar için-Hzm/Peygamberimizin Hayatı-Çocuk/5-Peygamberimizin Son Yillari-Peygamberimizin Hayati.PDF,Mükerrer / Kopya Dosya,.pdf,6650273,6.34 MB,958501e5f98b4da7afd8326b3d132feb99a42cef6acd92db40377fd18bf49f0a,1519,Books/b-Library_Hzm-20260601T230631Z-3-002/b-Library_Hzm/Çocuklar için-Hzm/Peygamberimizin Hayatı-Çocuk/5-Peygamberimizin Son Yillari-Peygamberimizin Hayati.PDF,Mükerrer Kopya: Bu içerik zaten MySQL'de ID: 1519 (Books/b-Library_Hzm-20260601T230631Z-3-002/b-Library_Hzm/Çocuklar için-Hzm/Peygamberimizin Hayatı-Çocuk/5-Peygamberimizin Son Yillari-Peygamberimizin Hayati.PDF) olarak kayıtlı.
Rehberim-Sevgili-peygamberim-sav-mustuy.pdf,Books/b-Library_Hzm-20260601T235628Z-3-002/b-Library_Hzm/Çocuklar için-Hzm/Peygamberimizin Hayatı-Çocuk/Rehberim-Sevgili-peygamberim-sav-mustuy.pdf,Mükerrer / Kopya Dosya,.pdf,12302666,11.73 MB,54a1364505df11352bddf1fb0c178a249658cd4269f22d726b637a196fbaaf8f,1520,Books/b-Library_Hzm-20260601T230631Z-3-002/b-Library_Hzm/Çocuklar için-Hzm/Peygamberimizin Hayatı-Çocuk/Rehberim-Sevgili-peygamberim-sav-mustuy.pdf,Mükerrer Kopya: Bu içerik zaten MySQL'de ID: 1520 (Books/b-Library_Hzm-20260601T230631Z-3-002/b-Library_Hzm/Çocuklar için-Hzm/Peygamberimizin Hayatı-Çocuk/Rehberim-Sevgili-peygamberim-sav-mustuy.pdf) olarak kayıtlı.
aglayan-kutuk-mustuy.pdf,Books/b-Library_Hzm-20260601T235628Z-3-002/b-Library_Hzm/Çocuklar için-Hzm/Peygamberimizin Mucizeleri-Çocuk/aglayan-kutuk-mustuy.pdf,Mükerrer / Kopya Dosya,.pdf,2131829,2.03 MB,8511ba2d1ea720fba97cf43e07624ed4c84984feaa3f55b35487aa47495a282f,217,Books/b-Library_Hzm-20260601T230631Z-3-001/b-Library_Hzm/Çocuklar için-Hzm/Peygamberimizin Mucizeleri-Çocuk/aglayan-kutuk-mustuy.pdf,Mükerrer Kopya: Bu içerik zaten MySQL'de ID: 217 (Books/b-Library_Hzm-20260601T230631Z-3-001/b-Library_Hzm/Çocuklar için-Hzm/Peygamberimizin Mucizeleri-Çocuk/aglayan-kutuk-mustuy.pdf) olarak kayıtlı.
bereketlenen-yemek-mustuy.pdf,Books/b-Library_Hzm-20260601T235628Z-3-002/b-Library_Hzm/Çocuklar için-Hzm/Peygamberimizin Mucizeleri-Çocuk/bereketlenen-yemek-mustuy.pdf,Mükerrer / Kopya Dosya,.pdf,2650268,2.53 MB,f05edfebf30a81575b9dbb3de551a3afc40c3c8dfcfa946a7045b73333dd3e2c,218,Books/b-Library_Hzm-20260601T230631Z-3-001/b-Library_Hzm/Çocuklar için-Hzm/Peygamberimizin Mucizeleri-Çocuk/bereketlenen-yemek-mustuy.pdf,Mükerrer Kopya: Bu içerik zaten MySQL'de ID: 218 (Books/b-Library_Hzm-20260601T230631Z-3-001/b-Library_Hzm/Çocuklar için-Hzm/Peygamberimizin Mucizeleri-Çocuk/bereketlenen-yemek-mustuy.pdf) olarak kayıtlı.
gokten-inen-su-mustuy.pdf,Books/b-Library_Hzm-20260601T235628Z-3-002/b-Library_Hzm/Çocuklar için-Hzm/Peygamberimizin Mucizeleri-Çocuk/gokten-inen-su-mustuy.pdf,Mükerrer / Kopya Dosya,.pdf,2347843,2.24 MB,bf904d1e1041b89cae7acef50cb5231ab6bf00201f7c6af58005461ffb1794f6,219,Books/b-Library_Hzm-20260601T230631Z-3-001/b-Library_Hzm/Çocuklar için-Hzm/Peygamberimizin Mucizeleri-Çocuk/gokten-inen-su-mustuy.pdf,Mükerrer Kopya: Bu içerik zaten MySQL'de ID: 219 (Books/b-Library_Hzm-20260601T230631Z-3-001/b-Library_Hzm/Çocuklar için-Hzm/Peygamberimizin Mucizeleri-Çocuk/gokten-inen-su-mustuy.pdf) olarak kayıtlı.
konusan-kurt-mustuy.pdf,Books/b-Library_Hzm-20260601T235628Z-3-002/b-Library_Hzm/Çocuklar için-Hzm/Peygamberimizin Mucizeleri-Çocuk/konusan-kurt-mustuy.pdf,Mükerrer / Kopya Dosya,.pdf,1296609,1.24 MB,c884e05007ee81a6f17090acd74630c792a03dce8fdcb738afb5422ce01e4802,220,Books/b-Library_Hzm-20260601T230631Z-3-001/b-Library_Hzm/Çocuklar için-Hzm/Peygamberimizin Mucizeleri-Çocuk/konusan-kurt-mustuy.pdf,Mükerrer Kopya: Bu içerik zaten MySQL'de ID: 220 (Books/b-Library_Hzm-20260601T230631Z-3-001/b-Library_Hzm/Çocuklar için-Hzm/Peygamberimizin Mucizeleri-Çocuk/konusan-kurt-mustuy.pdf) olarak kayıtlı.
peygamber-efendimizin-mucizeleri-6-ruhi-demirel-isik-sacan-asa-mustuy.pdf,Books/b-Library_Hzm-20260601T235628Z-3-002/b-Library_Hzm/Çocuklar için-Hzm/Peygamberimizin Mucizeleri-Çocuk/peygamber-efendimizin-mucizeleri-6-ruhi-demirel-isik-sacan-asa-mustuy.pdf,Mükerrer / Kopya Dosya,.pdf,1534240,1.46 MB,b8d9226c1533840aa891660a8b402a81638a28eaf81136d01088a5f1603296c4,221,Books/b-Library_Hzm-20260601T230631Z-3-001/b-Library_Hzm/Çocuklar için-Hzm/Peygamberimizin Mucizeleri-Çocuk/peygamber-efendimizin-mucizeleri-6-ruhi-demirel-isik-sacan-asa-mustuy.pdf,Mükerrer Kopya: Bu içerik zaten MySQL'de ID: 221 (Books/b-Library_Hzm-20260601T230631Z-3-001/b-Library_Hzm/Çocuklar için-Hzm/Peygamberimizin Mucizeleri-Çocuk/peygamber-efendimizin-mucizeleri-6-ruhi-demirel-isik-sacan-asa-mustuy.pdf) olarak kayıtlı.
zikreden-taslar-mustuy.pdf,Books/b-Library_Hzm-20260601T235628Z-3-002/b-Library_Hzm/Çocuklar için-Hzm/Peygamberimizin Mucizeleri-Çocuk/zikreden-taslar-mustuy.pdf,Mükerrer / Kopya Dosya,.pdf,2033213,1.94 MB,d45d7756c48088c370a398a9aebbda8c46c5e7c37e912cd66785e071f1971f45,222,Books/b-Library_Hzm-20260601T230631Z-3-001/b-Library_Hzm/Çocuklar için-Hzm/Peygamberimizin Mucizeleri-Çocuk/zikreden-taslar-mustuy.pdf,Mükerrer Kopya: Bu içerik zaten MySQL'de ID: 222 (Books/b-Library_Hzm-20260601T230631Z-3-001/b-Library_Hzm/Çocuklar için-Hzm/Peygamberimizin Mucizeleri-Çocuk/zikreden-taslar-mustuy.pdf) olarak kayıtlı.
akrebin-sifresi-risale-hikayeleri-mustuy.pdf,Books/b-Library_Hzm-20260601T235628Z-3-002/b-Library_Hzm/Çocuklar için-Hzm/Risale Hikayeleri/akrebin-sifresi-risale-hikayeleri-mustuy.pdf,Mükerrer / Kopya Dosya,.pdf,407387,0.39 MB,d958db229807003e903f91cdab1b6cefb1e20ce1e536fc3f783d82316c0c2586,223,Books/b-Library_Hzm-20260601T230631Z-3-001/b-Library_Hzm/Çocuklar için-Hzm/Risale Hikayeleri/akrebin-sifresi-risale-hikayeleri-mustuy.pdf,Mükerrer Kopya: Bu içerik zaten MySQL'de ID: 223 (Books/b-Library_Hzm-20260601T230631Z-3-001/b-Library_Hzm/Çocuklar için-Hzm/Risale Hikayeleri/akrebin-sifresi-risale-hikayeleri-mustuy.pdf) olarak kayıtlı.
gokkusaginin-ardindaki-ulke-risale-hikayeleri-mustuy.pdf,Books/b-Library_Hzm-20260601T235628Z-3-002/b-Library_Hzm/Çocuklar için-Hzm/Risale Hikayeleri/gokkusaginin-ardindaki-ulke-risale-hikayeleri-mustuy.pdf,Mükerrer / Kopya Dosya,.pdf,324239,0.31 MB,b02de103e49fdb4baa06dca37bb43c25b7c31431827d1fb7b1eb4a5704deff95,224,Books/b-Library_Hzm-20260601T230631Z-3-001/b-Library_Hzm/Çocuklar için-Hzm/Risale Hikayeleri/gokkusaginin-ardindaki-ulke-risale-hikayeleri-mustuy.pdf,Mükerrer Kopya: Bu içerik zaten MySQL'de ID: 224 (Books/b-Library_Hzm-20260601T230631Z-3-001/b-Library_Hzm/Çocuklar için-Hzm/Risale Hikayeleri/gokkusaginin-ardindaki-ulke-risale-hikayeleri-mustuy.pdf) olarak kayıtlı.
hayat-meydani-risale-hikayeleri-mustuy.pdf,Books/b-Library_Hzm-20260601T235628Z-3-002/b-Library_Hzm/Çocuklar için-Hzm/Risale Hikayeleri/hayat-meydani-risale-hikayeleri-mustuy.pdf,Mükerrer / Kopya Dosya,.pdf,253890,0.24 MB,5239f3bafc0d267a093b2d8f5526c98bd67b5aa54f984503e77c6e46008e1567,1521,Books/b-Library_Hzm-20260601T230631Z-3-002/b-Library_Hzm/Çocuklar için-Hzm/Risale Hikayeleri/hayat-meydani-risale-hikayeleri-mustuy.pdf,Mükerrer Kopya: Bu içerik zaten MySQL'de ID: 1521 (Books/b-Library_Hzm-20260601T230631Z-3-002/b-Library_Hzm/Çocuklar için-Hzm/Risale Hikayeleri/hayat-meydani-risale-hikayeleri-mustuy.pdf) olarak kayıtlı.
yol-ayrimi-risale-hikayeleri-mustuy.pdf,Books/b-Library_Hzm-20260601T235628Z-3-002/b-Library_Hzm/Çocuklar için-Hzm/Risale Hikayeleri/yol-ayrimi-risale-hikayeleri-mustuy.pdf,Mükerrer / Kopya Dosya,.pdf,1700844,1.62 MB,035132da05dcf8867ab416b0668e2f3890d856d3bff383ae581d3f8e376870fc,1522,Books/b-Library_Hzm-20260601T230631Z-3-002/b-Library_Hzm/Çocuklar için-Hzm/Risale Hikayeleri/yol-ayrimi-risale-hikayeleri-mustuy.pdf,Mükerrer Kopya: Bu içerik zaten MySQL'de ID: 1522 (Books/b-Library_Hzm-20260601T230631Z-3-002/b-Library_Hzm/Çocuklar için-Hzm/Risale Hikayeleri/yol-ayrimi-risale-hikayeleri-mustuy.pdf) olarak kayıtlı.
1-saadet-asrinda-Allah-sevgisi-mustuy.pdf,Books/b-Library_Hzm-20260601T235628Z-3-002/b-Library_Hzm/Çocuklar için-Hzm/Saadet Asrı-Çocuk/1-saadet-asrinda-Allah-sevgisi-mustuy.pdf,Mükerrer / Kopya Dosya,.pdf,332848,0.32 MB,66b83951a66cc3decdc9681384c6bb2f5b13d48bb150a2f4992ee5bb9639e592,227,Books/b-Library_Hzm-20260601T230631Z-3-001/b-Library_Hzm/Çocuklar için-Hzm/Sahabe Hayatından/1-Saadet-Asrinda-Allah-Sevgisi-Sahabe-Hayatindan-Mustuy.pdf,Mükerrer Kopya: Bu içerik zaten MySQL'de ID: 227 (Books/b-Library_Hzm-20260601T230631Z-3-001/b-Library_Hzm/Çocuklar için-Hzm/Sahabe Hayatından/1-Saadet-Asrinda-Allah-Sevgisi-Sahabe-Hayatindan-Mustuy.pdf) olarak kayıtlı.
2-saadet-asrinda-Resulullah-sevgisi-mustuy.pdf,Books/b-Library_Hzm-20260601T235628Z-3-002/b-Library_Hzm/Çocuklar için-Hzm/Saadet Asrı-Çocuk/2-saadet-asrinda-Resulullah-sevgisi-mustuy.pdf,Mükerrer / Kopya Dosya,.pdf,342892,0.33 MB,e09a724f39fc0a9f8556d0f3199fd7f1d1c57487d996d1ddc439395235af1fbb,228,Books/b-Library_Hzm-20260601T230631Z-3-001/b-Library_Hzm/Çocuklar için-Hzm/Sahabe Hayatından/2-Saadet-Asrinda-Resulullah-Sevgisi-Sahabe-Hayatindan-Mustuy.pdf,Mükerrer Kopya: Bu içerik zaten MySQL'de ID: 228 (Books/b-Library_Hzm-20260601T230631Z-3-001/b-Library_Hzm/Çocuklar için-Hzm/Sahabe Hayatından/2-Saadet-Asrinda-Resulullah-Sevgisi-Sahabe-Hayatindan-Mustuy.pdf) olarak kayıtlı.
3-saadet-asrinda-Peygamberimizin-elcileri-mustuy.pdf,Books/b-Library_Hzm-20260601T235628Z-3-002/b-Library_Hzm/Çocuklar için-Hzm/Saadet Asrı-Çocuk/3-saadet-asrinda-Peygamberimizin-elcileri-mustuy.pdf,Mükerrer / Kopya Dosya,.pdf,238617,0.23 MB,0f4c88bc39a7e757706e080872961c72d0f71d864c6269714c7cb2f85beb5bd3,1523,Books/b-Library_Hzm-20260601T230631Z-3-002/b-Library_Hzm/Çocuklar için-Hzm/Saadet Asrı-Çocuk/3-saadet-asrinda-Peygamberimizin-elcileri-mustuy.pdf,Mükerrer Kopya: Bu içerik zaten MySQL'de ID: 1523 (Books/b-Library_Hzm-20260601T230631Z-3-002/b-Library_Hzm/Çocuklar için-Hzm/Saadet Asrı-Çocuk/3-saadet-asrinda-Peygamberimizin-elcileri-mustuy.pdf) olarak kayıtlı.
4-saadet-asrinda-Fedakarlik-ve-sabir-mustuy.pdf,Books/b-Library_Hzm-20260601T235628Z-3-002/b-Library_Hzm/Çocuklar için-Hzm/Saadet Asrı-Çocuk/4-saadet-asrinda-Fedakarlik-ve-sabir-mustuy.pdf,Mükerrer / Kopya Dosya,.pdf,434148,0.41 MB,73915b16d1ce9e228094691b491914cecc8b7e58a23ade7531c5854d09613d20,229,Books/b-Library_Hzm-20260601T230631Z-3-001/b-Library_Hzm/Çocuklar için-Hzm/Sahabe Hayatından/4-Saadet-Asrinda-Fedakarlik-Ve-Sabir-Sahabe-Hayatindan-Mustuy.pdf,Mükerrer Kopya: Bu içerik zaten MySQL'de ID: 229 (Books/b-Library_Hzm-20260601T230631Z-3-001/b-Library_Hzm/Çocuklar için-Hzm/Sahabe Hayatından/4-Saadet-Asrinda-Fedakarlik-Ve-Sabir-Sahabe-Hayatindan-Mustuy.pdf) olarak kayıtlı.
5-saadet-asrinda-Dogruluk-ve-sadakat-mustuy.pdf,Books/b-Library_Hzm-20260601T235628Z-3-002/b-Library_Hzm/Çocuklar için-Hzm/Saadet Asrı-Çocuk/5-saadet-asrinda-Dogruluk-ve-sadakat-mustuy.pdf,Mükerrer / Kopya Dosya,.pdf,398125,0.38 MB,7b1f34959c01d27814061b5fca2d4fe042f6a0c78d91008e0bee90edc91ef90c,225,Books/b-Library_Hzm-20260601T230631Z-3-001/b-Library_Hzm/Çocuklar için-Hzm/Saadet Asrı-Çocuk/5-saadet-asrinda-Dogruluk-ve-sadakat-mustuy.pdf,Mükerrer Kopya: Bu içerik zaten MySQL'de ID: 225 (Books/b-Library_Hzm-20260601T230631Z-3-001/b-Library_Hzm/Çocuklar için-Hzm/Saadet Asrı-Çocuk/5-saadet-asrinda-Dogruluk-ve-sadakat-mustuy.pdf) olarak kayıtlı.
6-saadet-asrinda-İlim-ve-ibadet-mustuy.pdf,Books/b-Library_Hzm-20260601T235628Z-3-002/b-Library_Hzm/Çocuklar için-Hzm/Saadet Asrı-Çocuk/6-saadet-asrinda-İlim-ve-ibadet-mustuy.pdf,Mükerrer / Kopya Dosya,.pdf,482911,0.46 MB,7ac9f40fd8a788fda24c7fb856f86487778c52f2cf26b6e80de47f4195228418,226,Books/b-Library_Hzm-20260601T230631Z-3-001/b-Library_Hzm/Çocuklar için-Hzm/Saadet Asrı-Çocuk/6-saadet-asrinda-İlim-ve-ibadet-mustuy.pdf,Mükerrer Kopya: Bu içerik zaten MySQL'de ID: 226 (Books/b-Library_Hzm-20260601T230631Z-3-001/b-Library_Hzm/Çocuklar için-Hzm/Saadet Asrı-Çocuk/6-saadet-asrinda-İlim-ve-ibadet-mustuy.pdf) olarak kayıtlı.
1-Saadet-Asrinda-Allah-Sevgisi-Sahabe-Hayatindan-Mustuy.pdf,Books/b-Library_Hzm-20260601T235628Z-3-002/b-Library_Hzm/Çocuklar için-Hzm/Sahabe Hayatından/1-Saadet-Asrinda-Allah-Sevgisi-Sahabe-Hayatindan-Mustuy.pdf,Mükerrer / Kopya Dosya,.pdf,332848,0.32 MB,66b83951a66cc3decdc9681384c6bb2f5b13d48bb150a2f4992ee5bb9639e592,227,Books/b-Library_Hzm-20260601T230631Z-3-001/b-Library_Hzm/Çocuklar için-Hzm/Sahabe Hayatından/1-Saadet-Asrinda-Allah-Sevgisi-Sahabe-Hayatindan-Mustuy.pdf,Mükerrer Kopya: Bu içerik zaten MySQL'de ID: 227 (Books/b-Library_Hzm-20260601T230631Z-3-001/b-Library_Hzm/Çocuklar için-Hzm/Sahabe Hayatından/1-Saadet-Asrinda-Allah-Sevgisi-Sahabe-Hayatindan-Mustuy.pdf) olarak kayıtlı.
2-Saadet-Asrinda-Resulullah-Sevgisi-Sahabe-Hayatindan-Mustuy.pdf,Books/b-Library_Hzm-20260601T235628Z-3-002/b-Library_Hzm/Çocuklar için-Hzm/Sahabe Hayatından/2-Saadet-Asrinda-Resulullah-Sevgisi-Sahabe-Hayatindan-Mustuy.pdf,Mükerrer / Kopya Dosya,.pdf,342892,0.33 MB,e09a724f39fc0a9f8556d0f3199fd7f1d1c57487d996d1ddc439395235af1fbb,228,Books/b-Library_Hzm-20260601T230631Z-3-001/b-Library_Hzm/Çocuklar için-Hzm/Sahabe Hayatından/2-Saadet-Asrinda-Resulullah-Sevgisi-Sahabe-Hayatindan-Mustuy.pdf,Mükerrer Kopya: Bu içerik zaten MySQL'de ID: 228 (Books/b-Library_Hzm-20260601T230631Z-3-001/b-Library_Hzm/Çocuklar için-Hzm/Sahabe Hayatından/2-Saadet-Asrinda-Resulullah-Sevgisi-Sahabe-Hayatindan-Mustuy.pdf) olarak kayıtlı.
4-Saadet-Asrinda-Fedakarlik-Ve-Sabir-Sahabe-Hayatindan-Mustuy.pdf,Books/b-Library_Hzm-20260601T235628Z-3-002/b-Library_Hzm/Çocuklar için-Hzm/Sahabe Hayatından/4-Saadet-Asrinda-Fedakarlik-Ve-Sabir-Sahabe-Hayatindan-Mustuy.pdf,Mükerrer / Kopya Dosya,.pdf,434148,0.41 MB,73915b16d1ce9e228094691b491914cecc8b7e58a23ade7531c5854d09613d20,229,Books/b-Library_Hzm-20260601T230631Z-3-001/b-Library_Hzm/Çocuklar için-Hzm/Sahabe Hayatından/4-Saadet-Asrinda-Fedakarlik-Ve-Sabir-Sahabe-Hayatindan-Mustuy.pdf,Mükerrer Kopya: Bu içerik zaten MySQL'de ID: 229 (Books/b-Library_Hzm-20260601T230631Z-3-001/b-Library_Hzm/Çocuklar için-Hzm/Sahabe Hayatından/4-Saadet-Asrinda-Fedakarlik-Ve-Sabir-Sahabe-Hayatindan-Mustuy.pdf) olarak kayıtlı.
5-Saadet-Asrinda-Dogruluk-Ve-Sadakat-Sahabe-Hayatindan-Mustuy.pdf,Books/b-Library_Hzm-20260601T235628Z-3-002/b-Library_Hzm/Çocuklar için-Hzm/Sahabe Hayatından/5-Saadet-Asrinda-Dogruluk-Ve-Sadakat-Sahabe-Hayatindan-Mustuy.pdf,Mükerrer / Kopya Dosya,.pdf,398125,0.38 MB,7b1f34959c01d27814061b5fca2d4fe042f6a0c78d91008e0bee90edc91ef90c,225,Books/b-Library_Hzm-20260601T230631Z-3-001/b-Library_Hzm/Çocuklar için-Hzm/Saadet Asrı-Çocuk/5-saadet-asrinda-Dogruluk-ve-sadakat-mustuy.pdf,Mükerrer Kopya: Bu içerik zaten MySQL'de ID: 225 (Books/b-Library_Hzm-20260601T230631Z-3-001/b-Library_Hzm/Çocuklar için-Hzm/Saadet Asrı-Çocuk/5-saadet-asrinda-Dogruluk-ve-sadakat-mustuy.pdf) olarak kayıtlı.
6-Saadet-Asrinda-Ilim-Ve-Ibadet-Sahabe-Hayatindan-Mustuy.pdf,Books/b-Library_Hzm-20260601T235628Z-3-002/b-Library_Hzm/Çocuklar için-Hzm/Sahabe Hayatından/6-Saadet-Asrinda-Ilim-Ve-Ibadet-Sahabe-Hayatindan-Mustuy.pdf,Mükerrer / Kopya Dosya,.pdf,482911,0.46 MB,7ac9f40fd8a788fda24c7fb856f86487778c52f2cf26b6e80de47f4195228418,226,Books/b-Library_Hzm-20260601T230631Z-3-001/b-Library_Hzm/Çocuklar için-Hzm/Saadet Asrı-Çocuk/6-saadet-asrinda-İlim-ve-ibadet-mustuy.pdf,Mükerrer Kopya: Bu içerik zaten MySQL'de ID: 226 (Books/b-Library_Hzm-20260601T230631Z-3-001/b-Library_Hzm/Çocuklar için-Hzm/Saadet Asrı-Çocuk/6-saadet-asrinda-İlim-ve-ibadet-mustuy.pdf) olarak kayıtlı.
01-hazreti-ebu-bekir-mustuy.pdf,Books/b-Library_Hzm-20260601T235628Z-3-002/b-Library_Hzm/Çocuklar için-Hzm/Sahabeler-Çocuk/01-hazreti-ebu-bekir-mustuy.pdf,Mükerrer / Kopya Dosya,.pdf,1345905,1.28 MB,a9c933f17adc93410955c161265df2d42fedf62d55621f660062454e42ebc59a,230,Books/b-Library_Hzm-20260601T230631Z-3-001/b-Library_Hzm/Çocuklar için-Hzm/Sahabeler-Çocuk/01-hazreti-ebu-bekir-mustuy.pdf,Mükerrer Kopya: Bu içerik zaten MySQL'de ID: 230 (Books/b-Library_Hzm-20260601T230631Z-3-001/b-Library_Hzm/Çocuklar için-Hzm/Sahabeler-Çocuk/01-hazreti-ebu-bekir-mustuy.pdf) olarak kayıtlı.
02-hazreti-omer-mustuy.pdf,Books/b-Library_Hzm-20260601T235628Z-3-002/b-Library_Hzm/Çocuklar için-Hzm/Sahabeler-Çocuk/02-hazreti-omer-mustuy.pdf,Mükerrer / Kopya Dosya,.pdf,1129927,1.08 MB,92e6c60ae25a706174181e965e085c3520d143b423d833af5925d617b3210861,231,Books/b-Library_Hzm-20260601T230631Z-3-001/b-Library_Hzm/Çocuklar için-Hzm/Sahabeler-Çocuk/02-hazreti-omer-mustuy.pdf,Mükerrer Kopya: Bu içerik zaten MySQL'de ID: 231 (Books/b-Library_Hzm-20260601T230631Z-3-001/b-Library_Hzm/Çocuklar için-Hzm/Sahabeler-Çocuk/02-hazreti-omer-mustuy.pdf) olarak kayıtlı.
03-hazreti-osman-mustuy.pdf,Books/b-Library_Hzm-20260601T235628Z-3-002/b-Library_Hzm/Çocuklar için-Hzm/Sahabeler-Çocuk/03-hazreti-osman-mustuy.pdf,Mükerrer / Kopya Dosya,.pdf,1480809,1.41 MB,8f9035d2463384c6606abb13bec9c8ce0245708c0332519cd2f85e80df8b92e0,232,Books/b-Library_Hzm-20260601T230631Z-3-001/b-Library_Hzm/Çocuklar için-Hzm/Sahabeler-Çocuk/03-hazreti-osman-mustuy.pdf,Mükerrer Kopya: Bu içerik zaten MySQL'de ID: 232 (Books/b-Library_Hzm-20260601T230631Z-3-001/b-Library_Hzm/Çocuklar için-Hzm/Sahabeler-Çocuk/03-hazreti-osman-mustuy.pdf) olarak kayıtlı.
04-hazreti-ali-mustuy.pdf,Books/b-Library_Hzm-20260601T235628Z-3-002/b-Library_Hzm/Çocuklar için-Hzm/Sahabeler-Çocuk/04-hazreti-ali-mustuy.pdf,Mükerrer / Kopya Dosya,.pdf,979338,0.93 MB,18f9648b439adaa008a6a5b2dd9e02fb95787c5f9f51efd762ec4145ec0bbb1d,233,Books/b-Library_Hzm-20260601T230631Z-3-001/b-Library_Hzm/Çocuklar için-Hzm/Sahabeler-Çocuk/04-hazreti-ali-mustuy.pdf,Mükerrer Kopya: Bu içerik zaten MySQL'de ID: 233 (Books/b-Library_Hzm-20260601T230631Z-3-001/b-Library_Hzm/Çocuklar için-Hzm/Sahabeler-Çocuk/04-hazreti-ali-mustuy.pdf) olarak kayıtlı.
05-hazreti-ebu-zer-mustuy.pdf,Books/b-Library_Hzm-20260601T235628Z-3-002/b-Library_Hzm/Çocuklar için-Hzm/Sahabeler-Çocuk/05-hazreti-ebu-zer-mustuy.pdf,Mükerrer / Kopya Dosya,.pdf,1127622,1.08 MB,3664eb60c6d6d774841e7e5a299eb237c6ed16827a12cf17e183e29e80a048bf,234,Books/b-Library_Hzm-20260601T230631Z-3-001/b-Library_Hzm/Çocuklar için-Hzm/Sahabeler-Çocuk/05-hazreti-ebu-zer-mustuy.pdf,Mükerrer Kopya: Bu içerik zaten MySQL'de ID: 234 (Books/b-Library_Hzm-20260601T230631Z-3-001/b-Library_Hzm/Çocuklar için-Hzm/Sahabeler-Çocuk/05-hazreti-ebu-zer-mustuy.pdf) olarak kayıtlı.
06-musab-ibn-i-umeyr-mustuy.pdf,Books/b-Library_Hzm-20260601T235628Z-3-002/b-Library_Hzm/Çocuklar için-Hzm/Sahabeler-Çocuk/06-musab-ibn-i-umeyr-mustuy.pdf,Mükerrer / Kopya Dosya,.pdf,1103930,1.05 MB,fc84ad4fbfa0adcfc8bbad333ae95413ae9afb658ce6ed7bb3892b8aaa052b8f,235,Books/b-Library_Hzm-20260601T230631Z-3-001/b-Library_Hzm/Çocuklar için-Hzm/Sahabeler-Çocuk/06-musab-ibn-i-umeyr-mustuy.pdf,Mükerrer Kopya: Bu içerik zaten MySQL'de ID: 235 (Books/b-Library_Hzm-20260601T230631Z-3-001/b-Library_Hzm/Çocuklar için-Hzm/Sahabeler-Çocuk/06-musab-ibn-i-umeyr-mustuy.pdf) olarak kayıtlı.
07-hazreti-hasan-ve-hazreti-huseyin-mustuy.pdf,Books/b-Library_Hzm-20260601T235628Z-3-002/b-Library_Hzm/Çocuklar için-Hzm/Sahabeler-Çocuk/07-hazreti-hasan-ve-hazreti-huseyin-mustuy.pdf,Mükerrer / Kopya Dosya,.pdf,6882173,6.56 MB,8547e6b9a055a4ed9607dd0f1dd9118d66e845a474bc2d1c26f330ac2492c403,236,Books/b-Library_Hzm-20260601T230631Z-3-001/b-Library_Hzm/Çocuklar için-Hzm/Sahabeler-Çocuk/07-hazreti-hasan-ve-hazreti-huseyin-mustuy.pdf,Mükerrer Kopya: Bu içerik zaten MySQL'de ID: 236 (Books/b-Library_Hzm-20260601T230631Z-3-001/b-Library_Hzm/Çocuklar için-Hzm/Sahabeler-Çocuk/07-hazreti-hasan-ve-hazreti-huseyin-mustuy.pdf) olarak kayıtlı.
08-bedrin-aslani-hazreti-hamza-mustuy.pdf,Books/b-Library_Hzm-20260601T235628Z-3-002/b-Library_Hzm/Çocuklar için-Hzm/Sahabeler-Çocuk/08-bedrin-aslani-hazreti-hamza-mustuy.pdf,Mükerrer / Kopya Dosya,.pdf,10150700,9.68 MB,a61a61a6eaf7022a261be424e6dc0c587e021fcbfb447651332ded2e6e722c0d,237,Books/b-Library_Hzm-20260601T230631Z-3-001/b-Library_Hzm/Çocuklar için-Hzm/Sahabeler-Çocuk/08-bedrin-aslani-hazreti-hamza-mustuy.pdf,Mükerrer Kopya: Bu içerik zaten MySQL'de ID: 237 (Books/b-Library_Hzm-20260601T230631Z-3-001/b-Library_Hzm/Çocuklar için-Hzm/Sahabeler-Çocuk/08-bedrin-aslani-hazreti-hamza-mustuy.pdf) olarak kayıtlı.
09-dahi-komutan-hazreti-halid-bin-velid-mustuy.pdf,Books/b-Library_Hzm-20260601T235628Z-3-002/b-Library_Hzm/Çocuklar için-Hzm/Sahabeler-Çocuk/09-dahi-komutan-hazreti-halid-bin-velid-mustuy.pdf,Mükerrer / Kopya Dosya,.pdf,8609418,8.21 MB,0d0824fda362932d5feb9b73f404164518624170ebceb36b88bdac0d687c2f30,238,Books/b-Library_Hzm-20260601T230631Z-3-001/b-Library_Hzm/Çocuklar için-Hzm/Sahabeler-Çocuk/09-dahi-komutan-hazreti-halid-bin-velid-mustuy.pdf,Mükerrer Kopya: Bu içerik zaten MySQL'de ID: 238 (Books/b-Library_Hzm-20260601T230631Z-3-001/b-Library_Hzm/Çocuklar için-Hzm/Sahabeler-Çocuk/09-dahi-komutan-hazreti-halid-bin-velid-mustuy.pdf) olarak kayıtlı.
10-Hz-Ebu-Eyyub-el-Ensari-mustuy.pdf,Books/b-Library_Hzm-20260601T235628Z-3-002/b-Library_Hzm/Çocuklar için-Hzm/Sahabeler-Çocuk/10-Hz-Ebu-Eyyub-el-Ensari-mustuy.pdf,Mükerrer / Kopya Dosya,.pdf,956577,0.91 MB,f65c9e8eba1e29506593c095f0866baf9db1eec50564074a490149e7588f6bb4,239,Books/b-Library_Hzm-20260601T230631Z-3-001/b-Library_Hzm/Çocuklar için-Hzm/Sahabeler-Çocuk/10-Hz-Ebu-Eyyub-el-Ensari-mustuy.pdf,Mükerrer Kopya: Bu içerik zaten MySQL'de ID: 239 (Books/b-Library_Hzm-20260601T230631Z-3-001/b-Library_Hzm/Çocuklar için-Hzm/Sahabeler-Çocuk/10-Hz-Ebu-Eyyub-el-Ensari-mustuy.pdf) olarak kayıtlı.
1-yetim-yavru-mustuy.pdf,Books/b-Library_Hzm-20260601T235628Z-3-002/b-Library_Hzm/Çocuklar için-Hzm/Sahabelerin Örnek Hayatı-Çocuk/1-yetim-yavru-mustuy.pdf,Mükerrer / Kopya Dosya,.pdf,2612918,2.49 MB,db484b479b9c523fda8ddef02a3cf7a78d2bf879e356689c1a156c9f354989dd,240,Books/b-Library_Hzm-20260601T230631Z-3-001/b-Library_Hzm/Çocuklar için-Hzm/Sahabelerin Örnek Hayatı-Çocuk/1-yetim-yavru-mustuy.pdf,Mükerrer Kopya: Bu içerik zaten MySQL'de ID: 240 (Books/b-Library_Hzm-20260601T230631Z-3-001/b-Library_Hzm/Çocuklar için-Hzm/Sahabelerin Örnek Hayatı-Çocuk/1-yetim-yavru-mustuy.pdf) olarak kayıtlı.
2-emanet-elbise-mustuy.pdf,Books/b-Library_Hzm-20260601T235628Z-3-002/b-Library_Hzm/Çocuklar için-Hzm/Sahabelerin Örnek Hayatı-Çocuk/2-emanet-elbise-mustuy.pdf,Mükerrer / Kopya Dosya,.pdf,1931776,1.84 MB,15cef434c734eb50116c57897f17dca832c41f51c9574022beed9271f9ebdef8,241,Books/b-Library_Hzm-20260601T230631Z-3-001/b-Library_Hzm/Çocuklar için-Hzm/Sahabelerin Örnek Hayatı-Çocuk/2-emanet-elbise-mustuy.pdf,Mükerrer Kopya: Bu içerik zaten MySQL'de ID: 241 (Books/b-Library_Hzm-20260601T230631Z-3-001/b-Library_Hzm/Çocuklar için-Hzm/Sahabelerin Örnek Hayatı-Çocuk/2-emanet-elbise-mustuy.pdf) olarak kayıtlı.
3-bir-tas-corba-mustuy.pdf,Books/b-Library_Hzm-20260601T235628Z-3-002/b-Library_Hzm/Çocuklar için-Hzm/Sahabelerin Örnek Hayatı-Çocuk/3-bir-tas-corba-mustuy.pdf,Mükerrer / Kopya Dosya,.pdf,1156185,1.10 MB,4321f14916c6200004fac7d23eb0f4ffe6c0168d2b9866fa90eed45dc861fbb2,242,Books/b-Library_Hzm-20260601T230631Z-3-001/b-Library_Hzm/Çocuklar için-Hzm/Sahabelerin Örnek Hayatı-Çocuk/3-bir-tas-corba-mustuy.pdf,Mükerrer Kopya: Bu içerik zaten MySQL'de ID: 242 (Books/b-Library_Hzm-20260601T230631Z-3-001/b-Library_Hzm/Çocuklar için-Hzm/Sahabelerin Örnek Hayatı-Çocuk/3-bir-tas-corba-mustuy.pdf) olarak kayıtlı.
3-cocuk-sevgisi-mustuy.pdf,Books/b-Library_Hzm-20260601T235628Z-3-002/b-Library_Hzm/Çocuklar için-Hzm/Sahabelerin Örnek Hayatı-Çocuk/3-cocuk-sevgisi-mustuy.pdf,Mükerrer / Kopya Dosya,.pdf,1943105,1.85 MB,b02f38d226cc149d0593f990d3416eec638d7f1af9bbdfddf7b0b1563555be46,243,Books/b-Library_Hzm-20260601T230631Z-3-001/b-Library_Hzm/Çocuklar için-Hzm/Sahabelerin Örnek Hayatı-Çocuk/3-cocuk-sevgisi-mustuy.pdf,Mükerrer Kopya: Bu içerik zaten MySQL'de ID: 243 (Books/b-Library_Hzm-20260601T230631Z-3-001/b-Library_Hzm/Çocuklar için-Hzm/Sahabelerin Örnek Hayatı-Çocuk/3-cocuk-sevgisi-mustuy.pdf) olarak kayıtlı.
4-gercek-musteri-mustuy.pdf,Books/b-Library_Hzm-20260601T235628Z-3-002/b-Library_Hzm/Çocuklar için-Hzm/Sahabelerin Örnek Hayatı-Çocuk/4-gercek-musteri-mustuy.pdf,Mükerrer / Kopya Dosya,.pdf,1352273,1.29 MB,e4abc33af671241e4bdaf6a606b0a5cdac442d9308169e211292de03c27ee957,244,Books/b-Library_Hzm-20260601T230631Z-3-001/b-Library_Hzm/Çocuklar için-Hzm/Sahabelerin Örnek Hayatı-Çocuk/4-gercek-musteri-mustuy.pdf,Mükerrer Kopya: Bu içerik zaten MySQL'de ID: 244 (Books/b-Library_Hzm-20260601T230631Z-3-001/b-Library_Hzm/Çocuklar için-Hzm/Sahabelerin Örnek Hayatı-Çocuk/4-gercek-musteri-mustuy.pdf) olarak kayıtlı.
5-kirilan-kalp-mustuy.pdf,Books/b-Library_Hzm-20260601T235628Z-3-002/b-Library_Hzm/Çocuklar için-Hzm/Sahabelerin Örnek Hayatı-Çocuk/5-kirilan-kalp-mustuy.pdf,Mükerrer / Kopya Dosya,.pdf,1107007,1.06 MB,af577990a81cf16a22143e9fba6e9b16bafcdd5fd03bccea43201109d946d113,245,Books/b-Library_Hzm-20260601T230631Z-3-001/b-Library_Hzm/Çocuklar için-Hzm/Sahabelerin Örnek Hayatı-Çocuk/5-kirilan-kalp-mustuy.pdf,Mükerrer Kopya: Bu içerik zaten MySQL'de ID: 245 (Books/b-Library_Hzm-20260601T230631Z-3-001/b-Library_Hzm/Çocuklar için-Hzm/Sahabelerin Örnek Hayatı-Çocuk/5-kirilan-kalp-mustuy.pdf) olarak kayıtlı.
6-yol-arkadasi-mustuy.pdf,Books/b-Library_Hzm-20260601T235628Z-3-002/b-Library_Hzm/Çocuklar için-Hzm/Sahabelerin Örnek Hayatı-Çocuk/6-yol-arkadasi-mustuy.pdf,Mükerrer / Kopya Dosya,.pdf,1051401,1.00 MB,eda6774a1f4a368d28cd1d76d1c845b91e99153bb16632c23b47bc7d3c4d1e34,246,Books/b-Library_Hzm-20260601T230631Z-3-001/b-Library_Hzm/Çocuklar için-Hzm/Sahabelerin Örnek Hayatı-Çocuk/6-yol-arkadasi-mustuy.pdf,Mükerrer Kopya: Bu içerik zaten MySQL'de ID: 246 (Books/b-Library_Hzm-20260601T230631Z-3-001/b-Library_Hzm/Çocuklar için-Hzm/Sahabelerin Örnek Hayatı-Çocuk/6-yol-arkadasi-mustuy.pdf) olarak kayıtlı.
7-sevinc-yili-mustuy.pdf,Books/b-Library_Hzm-20260601T235628Z-3-002/b-Library_Hzm/Çocuklar için-Hzm/Sahabelerin Örnek Hayatı-Çocuk/7-sevinc-yili-mustuy.pdf,Mükerrer / Kopya Dosya,.pdf,1804065,1.72 MB,8f618f9fe43a9cae34c03c485655dc3b571601552293146ff031a9edc3c09c9a,247,Books/b-Library_Hzm-20260601T230631Z-3-001/b-Library_Hzm/Çocuklar için-Hzm/Sahabelerin Örnek Hayatı-Çocuk/7-sevinc-yili-mustuy.pdf,Mükerrer Kopya: Bu içerik zaten MySQL'de ID: 247 (Books/b-Library_Hzm-20260601T230631Z-3-001/b-Library_Hzm/Çocuklar için-Hzm/Sahabelerin Örnek Hayatı-Çocuk/7-sevinc-yili-mustuy.pdf) olarak kayıtlı.
1-Gozleri Kamastiran Isik-Peygamberimizin Hayati.PDF,Books/b-Library_Hzm-20260601T235628Z-3-002/b-Library_Hzm/Çocuklar için-Hzm/Siyer-Çocuk/1-Gozleri Kamastiran Isik-Peygamberimizin Hayati.PDF,Mükerrer / Kopya Dosya,.pdf,2811064,2.68 MB,775a3886845d57500b3bde679e6265f4c6d61c8ccf1079a3b8dda4cf59571e2f,248,Books/b-Library_Hzm-20260601T230631Z-3-001/b-Library_Hzm/Çocuklar için-Hzm/Siyer-Çocuk/1-Gozleri Kamastiran Isik-Peygamberimizin Hayati.PDF,Mükerrer Kopya: Bu içerik zaten MySQL'de ID: 248 (Books/b-Library_Hzm-20260601T230631Z-3-001/b-Library_Hzm/Çocuklar için-Hzm/Siyer-Çocuk/1-Gozleri Kamastiran Isik-Peygamberimizin Hayati.PDF) olarak kayıtlı.
2-Kutlu Dogum-Peygamberimizin Hayati.PDF,Books/b-Library_Hzm-20260601T235628Z-3-002/b-Library_Hzm/Çocuklar için-Hzm/Siyer-Çocuk/2-Kutlu Dogum-Peygamberimizin Hayati.PDF,Mükerrer / Kopya Dosya,.pdf,2434876,2.32 MB,17283c5e623e06a1e055c28e2f82639f6e1298f6f143e515064315f0c567f164,249,Books/b-Library_Hzm-20260601T230631Z-3-001/b-Library_Hzm/Çocuklar için-Hzm/Siyer-Çocuk/2-Kutlu Dogum-Peygamberimizin Hayati.PDF,Mükerrer Kopya: Bu içerik zaten MySQL'de ID: 249 (Books/b-Library_Hzm-20260601T230631Z-3-001/b-Library_Hzm/Çocuklar için-Hzm/Siyer-Çocuk/2-Kutlu Dogum-Peygamberimizin Hayati.PDF) olarak kayıtlı.
3-En Güvenilir Insan-Peygamberimizin Hayati.PDF,Books/b-Library_Hzm-20260601T235628Z-3-002/b-Library_Hzm/Çocuklar için-Hzm/Siyer-Çocuk/3-En Güvenilir Insan-Peygamberimizin Hayati.PDF,Mükerrer / Kopya Dosya,.pdf,2542042,2.42 MB,deaa6ae76d4f104895fbe94fcf9ac0ca85de891114ea1a0a8f0da2c429eab95a,250,Books/b-Library_Hzm-20260601T230631Z-3-001/b-Library_Hzm/Çocuklar için-Hzm/Siyer-Çocuk/3-En Güvenilir Insan-Peygamberimizin Hayati.PDF,Mükerrer Kopya: Bu içerik zaten MySQL'de ID: 250 (Books/b-Library_Hzm-20260601T230631Z-3-001/b-Library_Hzm/Çocuklar için-Hzm/Siyer-Çocuk/3-En Güvenilir Insan-Peygamberimizin Hayati.PDF) olarak kayıtlı.
5-Medine Yillari-Peygamberimizin Hayati.PDF,Books/b-Library_Hzm-20260601T235628Z-3-002/b-Library_Hzm/Çocuklar için-Hzm/Siyer-Çocuk/5-Medine Yillari-Peygamberimizin Hayati.PDF,Mükerrer / Kopya Dosya,.pdf,3334941,3.18 MB,da52fa5fbd94fcde639dea7df20c72c0de87ac07ebd14d5160ab9fd55cc81745,251,Books/b-Library_Hzm-20260601T230631Z-3-001/b-Library_Hzm/Çocuklar için-Hzm/Siyer-Çocuk/5-Medine Yillari-Peygamberimizin Hayati.PDF,Mükerrer Kopya: Bu içerik zaten MySQL'de ID: 251 (Books/b-Library_Hzm-20260601T230631Z-3-001/b-Library_Hzm/Çocuklar için-Hzm/Siyer-Çocuk/5-Medine Yillari-Peygamberimizin Hayati.PDF) olarak kayıtlı.
ilk-oykulerim-serisi-01-rabia-kandira-yesil-tespih-mustuy.pdf,Books/b-Library_Hzm-20260601T235628Z-3-002/b-Library_Hzm/Çocuklar için-Hzm/İlk öykülerim/ilk-oykulerim-serisi-01-rabia-kandira-yesil-tespih-mustuy.pdf,Mükerrer / Kopya Dosya,.pdf,1007077,0.96 MB,5dd90354dbca5816fcb85b8f96863572b683ac4958e26ebcafb62e673c899c55,252,Books/b-Library_Hzm-20260601T230631Z-3-001/b-Library_Hzm/Çocuklar için-Hzm/İlk öykülerim/ilk-oykulerim-serisi-01-rabia-kandira-yesil-tespih-mustuy.pdf,Mükerrer Kopya: Bu içerik zaten MySQL'de ID: 252 (Books/b-Library_Hzm-20260601T230631Z-3-001/b-Library_Hzm/Çocuklar için-Hzm/İlk öykülerim/ilk-oykulerim-serisi-01-rabia-kandira-yesil-tespih-mustuy.pdf) olarak kayıtlı.
ilk-oykulerim-serisi-02-rabia-kandira-minik-kedi-mustuy.pdf,Books/b-Library_Hzm-20260601T235628Z-3-002/b-Library_Hzm/Çocuklar için-Hzm/İlk öykülerim/ilk-oykulerim-serisi-02-rabia-kandira-minik-kedi-mustuy.pdf,Mükerrer / Kopya Dosya,.pdf,1269035,1.21 MB,111eade805c372695bc38c3507d54d666f26d44ecc1f478601b998cc0ad642dd,253,Books/b-Library_Hzm-20260601T230631Z-3-001/b-Library_Hzm/Çocuklar için-Hzm/İlk öykülerim/ilk-oykulerim-serisi-02-rabia-kandira-minik-kedi-mustuy.pdf,Mükerrer Kopya: Bu içerik zaten MySQL'de ID: 253 (Books/b-Library_Hzm-20260601T230631Z-3-001/b-Library_Hzm/Çocuklar için-Hzm/İlk öykülerim/ilk-oykulerim-serisi-02-rabia-kandira-minik-kedi-mustuy.pdf) olarak kayıtlı.
ilk-oykulerim-serisi-05-osman-kaplan-yarim-elma-mustuy.pdf,Books/b-Library_Hzm-20260601T235628Z-3-002/b-Library_Hzm/Çocuklar için-Hzm/İlk öykülerim/ilk-oykulerim-serisi-05-osman-kaplan-yarim-elma-mustuy.pdf,Mükerrer / Kopya Dosya,.pdf,5306945,5.06 MB,caec4142831142fc63614d851fc35c50bd176c5f9374beb88e407164542bdc60,254,Books/b-Library_Hzm-20260601T230631Z-3-001/b-Library_Hzm/Çocuklar için-Hzm/İlk öykülerim/ilk-oykulerim-serisi-05-osman-kaplan-yarim-elma-mustuy.pdf,Mükerrer Kopya: Bu içerik zaten MySQL'de ID: 254 (Books/b-Library_Hzm-20260601T230631Z-3-001/b-Library_Hzm/Çocuklar için-Hzm/İlk öykülerim/ilk-oykulerim-serisi-05-osman-kaplan-yarim-elma-mustuy.pdf) olarak kayıtlı.
ilk-oykulerim-serisi-06-safak-demir-hazine-pesinde-mustuy.pdf,Books/b-Library_Hzm-20260601T235628Z-3-002/b-Library_Hzm/Çocuklar için-Hzm/İlk öykülerim/ilk-oykulerim-serisi-06-safak-demir-hazine-pesinde-mustuy.pdf,Mükerrer / Kopya Dosya,.pdf,2675685,2.55 MB,5d1aefa9624c630972ac23a74eef7dcfcf41fdbcdbe1bce4707da3040d2c8533,255,Books/b-Library_Hzm-20260601T230631Z-3-001/b-Library_Hzm/Çocuklar için-Hzm/İlk öykülerim/ilk-oykulerim-serisi-06-safak-demir-hazine-pesinde-mustuy.pdf,Mükerrer Kopya: Bu içerik zaten MySQL'de ID: 255 (Books/b-Library_Hzm-20260601T230631Z-3-001/b-Library_Hzm/Çocuklar için-Hzm/İlk öykülerim/ilk-oykulerim-serisi-06-safak-demir-hazine-pesinde-mustuy.pdf) olarak kayıtlı.
ilk-oykulerim-serisi-07-safak-demir-evimizin-forveti-mustuy.pdf,Books/b-Library_Hzm-20260601T235628Z-3-002/b-Library_Hzm/Çocuklar için-Hzm/İlk öykülerim/ilk-oykulerim-serisi-07-safak-demir-evimizin-forveti-mustuy.pdf,Mükerrer / Kopya Dosya,.pdf,3978649,3.79 MB,77d20e24e2a25f68297645aed3bde72f8f50bf85d32bf871b9fc2e63dd1b9d0c,256,Books/b-Library_Hzm-20260601T230631Z-3-001/b-Library_Hzm/Çocuklar için-Hzm/İlk öykülerim/ilk-oykulerim-serisi-07-safak-demir-evimizin-forveti-mustuy.pdf,Mükerrer Kopya: Bu içerik zaten MySQL'de ID: 256 (Books/b-Library_Hzm-20260601T230631Z-3-001/b-Library_Hzm/Çocuklar için-Hzm/İlk öykülerim/ilk-oykulerim-serisi-07-safak-demir-evimizin-forveti-mustuy.pdf) olarak kayıtlı.
ilk-oykulerim-serisi-08-h-ibrahim-cayirli-babamin-sol-ayagi-mustuy.pdf,Books/b-Library_Hzm-20260601T235628Z-3-002/b-Library_Hzm/Çocuklar için-Hzm/İlk öykülerim/ilk-oykulerim-serisi-08-h-ibrahim-cayirli-babamin-sol-ayagi-mustuy.pdf,Mükerrer / Kopya Dosya,.pdf,5111036,4.87 MB,67cef83c928fc0ea2ceadf3e6e2b3001e7c65d7626aec8d5a8a9be4ae62399ec,257,Books/b-Library_Hzm-20260601T230631Z-3-001/b-Library_Hzm/Çocuklar için-Hzm/İlk öykülerim/ilk-oykulerim-serisi-08-h-ibrahim-cayirli-babamin-sol-ayagi-mustuy.pdf,Mükerrer Kopya: Bu içerik zaten MySQL'de ID: 257 (Books/b-Library_Hzm-20260601T230631Z-3-001/b-Library_Hzm/Çocuklar için-Hzm/İlk öykülerim/ilk-oykulerim-serisi-08-h-ibrahim-cayirli-babamin-sol-ayagi-mustuy.pdf) olarak kayıtlı.
ilk-oykulerim-serisi-09-aysel-ertan-seftali-agaci-mustuy.pdf,Books/b-Library_Hzm-20260601T235628Z-3-002/b-Library_Hzm/Çocuklar için-Hzm/İlk öykülerim/ilk-oykulerim-serisi-09-aysel-ertan-seftali-agaci-mustuy.pdf,Mükerrer / Kopya Dosya,.pdf,3504287,3.34 MB,02c47ce9c1a8764c47dd23a40728ea73f20662dcced494f366ccd4ea04df92e6,258,Books/b-Library_Hzm-20260601T230631Z-3-001/b-Library_Hzm/Çocuklar için-Hzm/İlk öykülerim/ilk-oykulerim-serisi-09-aysel-ertan-seftali-agaci-mustuy.pdf,Mükerrer Kopya: Bu içerik zaten MySQL'de ID: 258 (Books/b-Library_Hzm-20260601T230631Z-3-001/b-Library_Hzm/Çocuklar için-Hzm/İlk öykülerim/ilk-oykulerim-serisi-09-aysel-ertan-seftali-agaci-mustuy.pdf) olarak kayıtlı.
1-Allah_a-iman-Hekimoğlu-ismail.pdf,Books/b-Library_Hzm-20260601T235628Z-3-002/b-Library_Hzm/Çocuklar için-Hzm/İman-Hekimoğlu İsmail/1-Allah_a-iman-Hekimoğlu-ismail.pdf,Mükerrer / Kopya Dosya,.pdf,2101137,2.00 MB,bccd9277dbdc312e25ce5e865534fd0ed8299bca1f96bc5c250eb344780dccaf,260,Books/b-Library_Hzm-20260601T230631Z-3-001/b-Library_Hzm/Çocuklar için-Hzm/İman-Hekimoğlu İsmail/1-Allah_a-iman-Hekimoğlu-ismail.pdf,Mükerrer Kopya: Bu içerik zaten MySQL'de ID: 260 (Books/b-Library_Hzm-20260601T230631Z-3-001/b-Library_Hzm/Çocuklar için-Hzm/İman-Hekimoğlu İsmail/1-Allah_a-iman-Hekimoğlu-ismail.pdf) olarak kayıtlı.
2-Kitaplara-İman-Hekimoğlu-İsmail.pdf,Books/b-Library_Hzm-20260601T235628Z-3-002/b-Library_Hzm/Çocuklar için-Hzm/İman-Hekimoğlu İsmail/2-Kitaplara-İman-Hekimoğlu-İsmail.pdf,Mükerrer / Kopya Dosya,.pdf,1849513,1.76 MB,bb61d82813f8e1e2bf5a983d2689dc9edb14a08f1c17a5550bb6faac855862f7,261,Books/b-Library_Hzm-20260601T230631Z-3-001/b-Library_Hzm/Çocuklar için-Hzm/İman-Hekimoğlu İsmail/2-Kitaplara-İman-Hekimoğlu-İsmail.pdf,Mükerrer Kopya: Bu içerik zaten MySQL'de ID: 261 (Books/b-Library_Hzm-20260601T230631Z-3-001/b-Library_Hzm/Çocuklar için-Hzm/İman-Hekimoğlu İsmail/2-Kitaplara-İman-Hekimoğlu-İsmail.pdf) olarak kayıtlı.
3-Peygamberlere-İman-Hekimoğlu-İsmail.pdf,Books/b-Library_Hzm-20260601T235628Z-3-002/b-Library_Hzm/Çocuklar için-Hzm/İman-Hekimoğlu İsmail/3-Peygamberlere-İman-Hekimoğlu-İsmail.pdf,Mükerrer / Kopya Dosya,.pdf,1822232,1.74 MB,a4ad4bb1101e6b3f07834e4b84d1a8926ff119c33d63a358d5385a25b202a00c,262,Books/b-Library_Hzm-20260601T230631Z-3-001/b-Library_Hzm/Çocuklar için-Hzm/İman-Hekimoğlu İsmail/3-Peygamberlere-İman-Hekimoğlu-İsmail.pdf,Mükerrer Kopya: Bu içerik zaten MySQL'de ID: 262 (Books/b-Library_Hzm-20260601T230631Z-3-001/b-Library_Hzm/Çocuklar için-Hzm/İman-Hekimoğlu İsmail/3-Peygamberlere-İman-Hekimoğlu-İsmail.pdf) olarak kayıtlı.
4-Haşre-İman-Hekimoğlu-İsmail.pdf,Books/b-Library_Hzm-20260601T235628Z-3-002/b-Library_Hzm/Çocuklar için-Hzm/İman-Hekimoğlu İsmail/4-Haşre-İman-Hekimoğlu-İsmail.pdf,Mükerrer / Kopya Dosya,.pdf,1784100,1.70 MB,ac4332d8da0902d90cfe6fb31bf32b57cc4b1bf4d07dbc210b4841646b3c0e78,263,Books/b-Library_Hzm-20260601T230631Z-3-001/b-Library_Hzm/Çocuklar için-Hzm/İman-Hekimoğlu İsmail/4-Haşre-İman-Hekimoğlu-İsmail.pdf,Mükerrer Kopya: Bu içerik zaten MySQL'de ID: 263 (Books/b-Library_Hzm-20260601T230631Z-3-001/b-Library_Hzm/Çocuklar için-Hzm/İman-Hekimoğlu İsmail/4-Haşre-İman-Hekimoğlu-İsmail.pdf) olarak kayıtlı.
Neye-Nasıl-İnanırım-Hekimoğlu-İsmail.pdf,Books/b-Library_Hzm-20260601T235628Z-3-002/b-Library_Hzm/Çocuklar için-Hzm/İman-Hekimoğlu İsmail/Neye-Nasıl-İnanırım-Hekimoğlu-İsmail.pdf,Mükerrer / Kopya Dosya,.pdf,2200349,2.10 MB,acc8d21c7334079fa7b5520eeb1385c936088986e4873cdd7a5695a464f7b5b8,264,Books/b-Library_Hzm-20260601T230631Z-3-001/b-Library_Hzm/Çocuklar için-Hzm/İman-Hekimoğlu İsmail/Neye-Nasıl-İnanırım-Hekimoğlu-İsmail.pdf,Mükerrer Kopya: Bu içerik zaten MySQL'de ID: 264 (Books/b-Library_Hzm-20260601T230631Z-3-001/b-Library_Hzm/Çocuklar için-Hzm/İman-Hekimoğlu İsmail/Neye-Nasıl-İnanırım-Hekimoğlu-İsmail.pdf) olarak kayıtlı.
sirin-cocuklar-01-mustuy.pdf,Books/b-Library_Hzm-20260601T235628Z-3-002/b-Library_Hzm/Çocuklar için-Hzm/Şirin Çocuklar-Dini/sirin-cocuklar-01-mustuy.pdf,Mükerrer / Kopya Dosya,.pdf,16211325,15.46 MB,872444dadfc463ff2d05c6ba3e7bb15aaebc75902417e5d792f719051f74c906,265,Books/b-Library_Hzm-20260601T230631Z-3-001/b-Library_Hzm/Çocuklar için-Hzm/Şirin Çocuklar-Dini/sirin-cocuklar-01-mustuy.pdf,Mükerrer Kopya: Bu içerik zaten MySQL'de ID: 265 (Books/b-Library_Hzm-20260601T230631Z-3-001/b-Library_Hzm/Çocuklar için-Hzm/Şirin Çocuklar-Dini/sirin-cocuklar-01-mustuy.pdf) olarak kayıtlı.
sirin-cocuklar-02-mustuy.pdf,Books/b-Library_Hzm-20260601T235628Z-3-002/b-Library_Hzm/Çocuklar için-Hzm/Şirin Çocuklar-Dini/sirin-cocuklar-02-mustuy.pdf,Mükerrer / Kopya Dosya,.pdf,19954280,19.03 MB,ed54cf295d2925d11bd2debe759f66dd2c54385c93a573493bc26f4426f3453e,266,Books/b-Library_Hzm-20260601T230631Z-3-001/b-Library_Hzm/Çocuklar için-Hzm/Şirin Çocuklar-Dini/sirin-cocuklar-02-mustuy.pdf,Mükerrer Kopya: Bu içerik zaten MySQL'de ID: 266 (Books/b-Library_Hzm-20260601T230631Z-3-001/b-Library_Hzm/Çocuklar için-Hzm/Şirin Çocuklar-Dini/sirin-cocuklar-02-mustuy.pdf) olarak kayıtlı.
sirin-cocuklar-03-mustuy.pdf,Books/b-Library_Hzm-20260601T235628Z-3-002/b-Library_Hzm/Çocuklar için-Hzm/Şirin Çocuklar-Dini/sirin-cocuklar-03-mustuy.pdf,Mükerrer / Kopya Dosya,.pdf,7661922,7.31 MB,1bfb1a354e2234e2a0873c8544022d8467a592d8a961b57e1827b92a5df2021f,267,Books/b-Library_Hzm-20260601T230631Z-3-001/b-Library_Hzm/Çocuklar için-Hzm/Şirin Çocuklar-Dini/sirin-cocuklar-03-mustuy.pdf,Mükerrer Kopya: Bu içerik zaten MySQL'de ID: 267 (Books/b-Library_Hzm-20260601T230631Z-3-001/b-Library_Hzm/Çocuklar için-Hzm/Şirin Çocuklar-Dini/sirin-cocuklar-03-mustuy.pdf) olarak kayıtlı.
sirin-cocuklar-04-mustuy.pdf,Books/b-Library_Hzm-20260601T235628Z-3-002/b-Library_Hzm/Çocuklar için-Hzm/Şirin Çocuklar-Dini/sirin-cocuklar-04-mustuy.pdf,Mükerrer / Kopya Dosya,.pdf,7123889,6.79 MB,262b60f984dcbc81e12b320d57c0d1c91e8366101cbdf60f68d57fea3d2f1aff,268,Books/b-Library_Hzm-20260601T230631Z-3-001/b-Library_Hzm/Çocuklar için-Hzm/Şirin Çocuklar-Dini/sirin-cocuklar-04-mustuy.pdf,Mükerrer Kopya: Bu içerik zaten MySQL'de ID: 268 (Books/b-Library_Hzm-20260601T230631Z-3-001/b-Library_Hzm/Çocuklar için-Hzm/Şirin Çocuklar-Dini/sirin-cocuklar-04-mustuy.pdf) olarak kayıtlı.
sirin-cocuklar-05-mustuy.pdf,Books/b-Library_Hzm-20260601T235628Z-3-002/b-Library_Hzm/Çocuklar için-Hzm/Şirin Çocuklar-Dini/sirin-cocuklar-05-mustuy.pdf,Mükerrer / Kopya Dosya,.pdf,9842337,9.39 MB,a59691822faad6ebffc4e51b8f212222dfa092c2353f89e7b7ef5a9f65715e28,269,Books/b-Library_Hzm-20260601T230631Z-3-001/b-Library_Hzm/Çocuklar için-Hzm/Şirin Çocuklar-Dini/sirin-cocuklar-05-mustuy.pdf,Mükerrer Kopya: Bu içerik zaten MySQL'de ID: 269 (Books/b-Library_Hzm-20260601T230631Z-3-001/b-Library_Hzm/Çocuklar için-Hzm/Şirin Çocuklar-Dini/sirin-cocuklar-05-mustuy.pdf) olarak kayıtlı.
sirin-cocuklar-06-mustuy.pdf,Books/b-Library_Hzm-20260601T235628Z-3-002/b-Library_Hzm/Çocuklar için-Hzm/Şirin Çocuklar-Dini/sirin-cocuklar-06-mustuy.pdf,Mükerrer / Kopya Dosya,.pdf,9483737,9.04 MB,df19f80aef9b2e71be2bd5c2c67c42bc6a094bdf60ce76c763a28c0f5f8c2882,270,Books/b-Library_Hzm-20260601T230631Z-3-001/b-Library_Hzm/Çocuklar için-Hzm/Şirin Çocuklar-Dini/sirin-cocuklar-06-mustuy.pdf,Mükerrer Kopya: Bu içerik zaten MySQL'de ID: 270 (Books/b-Library_Hzm-20260601T230631Z-3-001/b-Library_Hzm/Çocuklar için-Hzm/Şirin Çocuklar-Dini/sirin-cocuklar-06-mustuy.pdf) olarak kayıtlı.
sirin-cocuklar-07-mustuy.pdf,Books/b-Library_Hzm-20260601T235628Z-3-002/b-Library_Hzm/Çocuklar için-Hzm/Şirin Çocuklar-Dini/sirin-cocuklar-07-mustuy.pdf,Mükerrer / Kopya Dosya,.pdf,9561968,9.12 MB,796d84bf6d00ac3e2aa5aa6022894eb98dc9c7790396b04d715ef66302eb2f39,271,Books/b-Library_Hzm-20260601T230631Z-3-001/b-Library_Hzm/Çocuklar için-Hzm/Şirin Çocuklar-Dini/sirin-cocuklar-07-mustuy.pdf,Mükerrer Kopya: Bu içerik zaten MySQL'de ID: 271 (Books/b-Library_Hzm-20260601T230631Z-3-001/b-Library_Hzm/Çocuklar için-Hzm/Şirin Çocuklar-Dini/sirin-cocuklar-07-mustuy.pdf) olarak kayıtlı.
sirin-cocuklar-08-mustuy.pdf,Books/b-Library_Hzm-20260601T235628Z-3-002/b-Library_Hzm/Çocuklar için-Hzm/Şirin Çocuklar-Dini/sirin-cocuklar-08-mustuy.pdf,Mükerrer / Kopya Dosya,.pdf,9783215,9.33 MB,83c8978c9ae91f7308038ebd4ffc81102ec11c48f87e334a7b12dc8347a16361,272,Books/b-Library_Hzm-20260601T230631Z-3-001/b-Library_Hzm/Çocuklar için-Hzm/Şirin Çocuklar-Dini/sirin-cocuklar-08-mustuy.pdf,Mükerrer Kopya: Bu içerik zaten MySQL'de ID: 272 (Books/b-Library_Hzm-20260601T230631Z-3-001/b-Library_Hzm/Çocuklar için-Hzm/Şirin Çocuklar-Dini/sirin-cocuklar-08-mustuy.pdf) olarak kayıtlı.
gavin-francis-insan-vucuduna-seyahat_Mir.az_.pdf,Books/b-Lİbrary_Tr-Gen-20260601T232943Z-3-002/b-Lİbrary_Tr-Gen/Genel Kültür/gavin-francis-insan-vucuduna-seyahat_Mir.az_.pdf,Mükerrer / Kopya Dosya,.pdf,5579366,5.32 MB,dc4c00a1a7b58bf44edef108277ba72eb4864fa4cb8d5602498ddc9c938b784f,1636,Books/b-Lİbrary_Tr-Gen-20260601T232943Z-3-002/b-Lİbrary_Tr-Gen/Bilim/Insan-Vicuduna-Seyahet-Gavin-Francis-Shiirsel-Dash-1975-144s-pdf.pdf,Mükerrer Kopya: Bu içerik zaten MySQL'de ID: 1636 (Books/b-Lİbrary_Tr-Gen-20260601T232943Z-3-002/b-Lİbrary_Tr-Gen/Bilim/Insan-Vicuduna-Seyahet-Gavin-Francis-Shiirsel-Dash-1975-144s-pdf.pdf) olarak kayıtlı.
Beden-Dili-Karşınızdakinin-Davranışlearından-Duşuncelerini-Anlamanın-Yolu-Allan-Pease.pdf,Books/b-Lİbrary_Tr-Gen-20260601T232943Z-3-003/b-Lİbrary_Tr-Gen/Beden Dili/Beden-Dili-Karşınızdakinin-Davranışlearından-Duşuncelerini-Anlamanın-Yolu-Allan-Pease.pdf,Mükerrer / Kopya Dosya,.pdf,7323375,6.98 MB,3b24d7906e79beb14a2a513aee0f4a9aa326314b3f66f3399b46f58882624380,1694,Books/b-Lİbrary_Tr-Gen-20260601T232943Z-3-003/b-Lİbrary_Tr-Gen/Beden Dili/Beden-Dili-Allan-Pease.pdf,Mükerrer Kopya: Bu içerik zaten MySQL'de ID: 1694 (Books/b-Lİbrary_Tr-Gen-20260601T232943Z-3-003/b-Lİbrary_Tr-Gen/Beden Dili/Beden-Dili-Allan-Pease.pdf) olarak kayıtlı.
Hafızana-Hukmet-Tony-Buzan.pdf,Books/b-Lİbrary_Tr-Gen-20260601T232943Z-3-003/b-Lİbrary_Tr-Gen/Beyin ve Hafıza/Hafiza/Hafızana-Hukmet-Tony-Buzan.pdf,Mükerrer / Kopya Dosya,.pdf,4240774,4.04 MB,5081358be90057789ba4fb16975b6cede8d2c4838d44d5496d532b6d4e536915,1612,Books/b-Lİbrary_Tr-Gen-20260601T232943Z-3-002/b-Lİbrary_Tr-Gen/Beyin ve Hafıza/Hafiza/Hafızana-Hukmet-Hafızanın-Gucunu-Artırmak-İcin-Yaratıcı-Yontemler-Tony-Buzan.pdf,Mükerrer Kopya: Bu içerik zaten MySQL'de ID: 1612 (Books/b-Lİbrary_Tr-Gen-20260601T232943Z-3-002/b-Lİbrary_Tr-Gen/Beyin ve Hafıza/Hafiza/Hafızana-Hukmet-Hafızanın-Gucunu-Artırmak-İcin-Yaratıcı-Yontemler-Tony-Buzan.pdf) olarak kayıtlı.
Albert-Camus-Başkaldıran-İnsan.pdf,Books/b-Lİbrary_Tr-Gen-20260601T232943Z-3-003/b-Lİbrary_Tr-Gen/Felsefe-Fikriyat/Albert-Camus-Başkaldıran-İnsan.pdf,Mükerrer / Kopya Dosya,.pdf,5544717,5.29 MB,06479b404ac55d698d8918bf7c576bb09c82adb93b975da3673938b2c631607f,888,Books/Books for Text_TR-20260529T163910Z-3-001/Books for Text_TR/Zulum ve Adalet/Başkaldıran-İnsan-Albert-Camus.pdf,Mükerrer Kopya: Bu içerik zaten MySQL'de ID: 888 (Books/Books for Text_TR-20260529T163910Z-3-001/Books for Text_TR/Zulum ve Adalet/Başkaldıran-İnsan-Albert-Camus.pdf) olarak kayıtlı.
Richard-Sennett-Yeni-Kapitalizmin-Kulturu.pdf,Books/b-Lİbrary_Tr-Gen-20260601T232943Z-3-003/b-Lİbrary_Tr-Gen/Felsefe-Fikriyat/Richard-Sennett-Yeni-Kapitalizmin-Kulturu.pdf,Mükerrer / Kopya Dosya,.pdf,3779431,3.60 MB,57ecf51505195cf924252a6ab8025469fd0e334a2b82c3e959b2ea638bf5e191,786,Books/Books for Text_TR-20260529T163910Z-3-001/Books for Text_TR/Siyaset/Yeni-Kapitalizmin-Kulturu-Richard-Sennett.pdf,Mükerrer Kopya: Bu içerik zaten MySQL'de ID: 786 (Books/Books for Text_TR-20260529T163910Z-3-001/Books for Text_TR/Siyaset/Yeni-Kapitalizmin-Kulturu-Richard-Sennett.pdf) olarak kayıtlı.
-ETSY-Baslangic-Rehberi (1).pdf,Books/b-Lİbrary_Tr-Gen-20260601T232943Z-3-003/b-Lİbrary_Tr-Gen/Reklam-Pazarlama-Satis/Etsy/-ETSY-Baslangic-Rehberi (1).pdf,Mükerrer / Kopya Dosya,.pdf,2576598,2.46 MB,201e4dfe7a5d16a9ceb6a206c6e1fb82bca33e1ea22cd6767172bcbb47fd5647,1843,Books/b-Lİbrary_Tr-Gen-20260601T232943Z-3-003/b-Lİbrary_Tr-Gen/Reklam-Pazarlama-Satis/Digital Marketing/ETSY-Baslangic-Rehberi.pdf,Mükerrer Kopya: Bu içerik zaten MySQL'de ID: 1843 (Books/b-Lİbrary_Tr-Gen-20260601T232943Z-3-003/b-Lİbrary_Tr-Gen/Reklam-Pazarlama-Satis/Digital Marketing/ETSY-Baslangic-Rehberi.pdf) olarak kayıtlı.
Etsy-Rehberi-Sıfırdan-Profesyonelliğe-Giden-Yol-3-1.pdf,Books/b-Lİbrary_Tr-Gen-20260601T232943Z-3-003/b-Lİbrary_Tr-Gen/Reklam-Pazarlama-Satis/Etsy/Etsy-Rehberi-Sıfırdan-Profesyonelliğe-Giden-Yol-3-1.pdf,Mükerrer / Kopya Dosya,.pdf,6417461,6.12 MB,4ca1edcb2cec75fe96e1f0b6e1df1f62d9fc8d27db4059d98818fb73ce6bdf87,1861,Books/b-Lİbrary_Tr-Gen-20260601T232943Z-3-003/b-Lİbrary_Tr-Gen/Reklam-Pazarlama-Satis/Etsy/Etsy-Rehberi-Sıfırdan-Profesyonelliğe-Giden-Yol-3-1 (1).pdf,Mükerrer Kopya: Bu içerik zaten MySQL'de ID: 1861 (Books/b-Lİbrary_Tr-Gen-20260601T232943Z-3-003/b-Lİbrary_Tr-Gen/Reklam-Pazarlama-Satis/Etsy/Etsy-Rehberi-Sıfırdan-Profesyonelliğe-Giden-Yol-3-1 (1).pdf) olarak kayıtlı.
Etsy-kurallari.pdf,Books/b-Lİbrary_Tr-Gen-20260601T232943Z-3-003/b-Lİbrary_Tr-Gen/Reklam-Pazarlama-Satis/Etsy/Etsy-kurallari.pdf,Mükerrer / Kopya Dosya,.pdf,1622124,1.55 MB,d9bf5480fc8b4fdadee072dabfc8342a241ac7ca1272ace32523e0dacd1624cd,1847,Books/b-Lİbrary_Tr-Gen-20260601T232943Z-3-003/b-Lİbrary_Tr-Gen/Reklam-Pazarlama-Satis/Digital Marketing/etsy-kurallari.pdf,Mükerrer Kopya: Bu içerik zaten MySQL'de ID: 1847 (Books/b-Lİbrary_Tr-Gen-20260601T232943Z-3-003/b-Lİbrary_Tr-Gen/Reklam-Pazarlama-Satis/Digital Marketing/etsy-kurallari.pdf) olarak kayıtlı.
SOSYAL-MEDYA-UZMANLIK-PROGRAMI.pdf,Books/b-Lİbrary_Tr-Gen-20260601T232943Z-3-003/b-Lİbrary_Tr-Gen/Reklam-Pazarlama-Satis/Sosyal Medya Marketing/SOSYAL-MEDYA-UZMANLIK-PROGRAMI.pdf,Mükerrer / Kopya Dosya,.pdf,5078849,4.84 MB,069a719fc78f73ad08a70a8c0c5d57a336554a8fc852d3a098f1fe841fd639e7,742,Books/Books for Text_TR-20260529T163910Z-3-001/Books for Text_TR/Propaganda ve İkna/Sosyal Medya/SOSYAL-MEDYA-UZMANLIK-PROGRAMI-pptx (1).pdf,Mükerrer Kopya: Bu içerik zaten MySQL'de ID: 742 (Books/Books for Text_TR-20260529T163910Z-3-001/Books for Text_TR/Propaganda ve İkna/Sosyal Medya/SOSYAL-MEDYA-UZMANLIK-PROGRAMI-pptx (1).pdf) olarak kayıtlı.
İnstagram-Finansal-Gelişim.pdf,Books/b-Lİbrary_Tr-Gen-20260601T232943Z-3-003/b-Lİbrary_Tr-Gen/Reklam-Pazarlama-Satis/Sosyal Medya Marketing/İnstagram-Finansal-Gelişim.pdf,Mükerrer / Kopya Dosya,.pdf,6177473,5.89 MB,a06b6bb10dc59e1da1019dd2019b3e3f29c4669d5a04042c20c4d37e4b9dadc3,1872,Books/b-Lİbrary_Tr-Gen-20260601T232943Z-3-003/b-Lİbrary_Tr-Gen/Reklam-Pazarlama-Satis/Sosyal Medya Marketing/İnstagram-Buyume-Sırları-Finansal-Gelişim.pdf,Mükerrer Kopya: Bu içerik zaten MySQL'de ID: 1872 (Books/b-Lİbrary_Tr-Gen-20260601T232943Z-3-003/b-Lİbrary_Tr-Gen/Reklam-Pazarlama-Satis/Sosyal Medya Marketing/İnstagram-Buyume-Sırları-Finansal-Gelişim.pdf) olarak kayıtlı.
Refleksoloji-pdf.pdf,Books/b-Lİbrary_Tr-Gen-20260601T232943Z-3-003/b-Lİbrary_Tr-Gen/Tıp/Refleksoloji-pdf.pdf,Mükerrer / Kopya Dosya,.pdf,5759156,5.49 MB,127da0287a16e65aa1cd5c55e5e06daabf041079f407e2ef0b6ca3e9e7f0fa69,1905,Books/b-Lİbrary_Tr-Gen-20260601T232943Z-3-003/b-Lİbrary_Tr-Gen/Tıp/Refleksoloji-Zeynep-Aksel-Wilhelm.pdf,Mükerrer Kopya: Bu içerik zaten MySQL'de ID: 1905 (Books/b-Lİbrary_Tr-Gen-20260601T232943Z-3-003/b-Lİbrary_Tr-Gen/Tıp/Refleksoloji-Zeynep-Aksel-Wilhelm.pdf) olarak kayıtlı.
Books for Text_Eng-20260529T160906Z-3-001.zip,Books/Books for Text_Eng-20260529T160906Z-3-001.zip,Kitap Formatında Değil,.zip,1336075936,1274.18 MB,-,-,-,"ZIP arşivi (içeriği çıkartıldı, arşiv dosyasının kendisi kitap değildir)"
~WRL3539.tmp,Books/Books for Text_Eng-20260529T160906Z-3-001/Books for Text_Eng/Game Theory/Game Theory/~WRL3539.tmp,Kitap Formatında Değil,.tmp,17275,0.02 MB,-,-,-,Geçici sistem dosyası
Books for Text_Hzm-20260529T161525Z-3-001.zip,Books/Books for Text_Hzm-20260529T161525Z-3-001.zip,Kitap Formatında Değil,.zip,387198350,369.26 MB,-,-,-,"ZIP arşivi (içeriği çıkartıldı, arşiv dosyasının kendisi kitap değildir)"
Books for Text_TR-20260529T163910Z-3-001.zip,Books/Books for Text_TR-20260529T163910Z-3-001.zip,Kitap Formatında Değil,.zip,2060298184,1964.85 MB,-,-,-,"ZIP arşivi (içeriği çıkartıldı, arşiv dosyasının kendisi kitap değildir)"
Ms Eğitimi-1977-MS Dergisi.jpeg,Books/Books for Text_TR-20260529T163910Z-3-001/Books for Text_TR/Duvar_TR/Msn-Muhtelif/Ms Eğitimi-1977-MS Dergisi.jpeg,Kitap Formatında Değil,.jpeg,309513,0.30 MB,-,-,-,Görsel/Medya dosyası (.JPEG)
Ms-Devamsızlık-1977-MS Dergisi.jpeg,Books/Books for Text_TR-20260529T163910Z-3-001/Books for Text_TR/Duvar_TR/Msn-Muhtelif/Ms-Devamsızlık-1977-MS Dergisi.jpeg,Kitap Formatında Değil,.jpeg,207875,0.20 MB,-,-,-,Görsel/Medya dosyası (.JPEG)
Ms-Türk ve Avrupa L Kıyas-1986-MS Dergs.jpeg,Books/Books for Text_TR-20260529T163910Z-3-001/Books for Text_TR/Duvar_TR/Msn-Muhtelif/Ms-Türk ve Avrupa L Kıyas-1986-MS Dergs.jpeg,Kitap Formatında Değil,.jpeg,401606,0.38 MB,-,-,-,Görsel/Medya dosyası (.JPEG)
Ms-Türk-Avrupa L Kıyas-2-1986-MS Dergisi.jpeg,Books/Books for Text_TR-20260529T163910Z-3-001/Books for Text_TR/Duvar_TR/Msn-Muhtelif/Ms-Türk-Avrupa L Kıyas-2-1986-MS Dergisi.jpeg,Kitap Formatında Değil,.jpeg,337789,0.32 MB,-,-,-,Görsel/Medya dosyası (.JPEG)
Ms-Üye Kabülü-1977-MS Dergisi.jpeg,Books/Books for Text_TR-20260529T163910Z-3-001/Books for Text_TR/Duvar_TR/Msn-Muhtelif/Ms-Üye Kabülü-1977-MS Dergisi.jpeg,Kitap Formatında Değil,.jpeg,437369,0.42 MB,-,-,-,Görsel/Medya dosyası (.JPEG)
Msn istatistik-1977-MS Dergisi.jpeg,Books/Books for Text_TR-20260529T163910Z-3-001/Books for Text_TR/Duvar_TR/Msn-Muhtelif/Msn istatistik-1977-MS Dergisi.jpeg,Kitap Formatında Değil,.jpeg,373401,0.36 MB,-,-,-,Görsel/Medya dosyası (.JPEG)
Books for Text_TR-20260529T163910Z-3-002.zip,Books/Books for Text_TR-20260529T163910Z-3-002.zip,Kitap Formatında Değil,.zip,2110045820,2012.30 MB,-,-,-,"ZIP arşivi (içeriği çıkartıldı, arşiv dosyasının kendisi kitap değildir)"
Books for Text_TR-20260529T163910Z-3-003.zip,Books/Books for Text_TR-20260529T163910Z-3-003.zip,Kitap Formatında Değil,.zip,2005458263,1912.55 MB,-,-,-,"ZIP arşivi (içeriği çıkartıldı, arşiv dosyasının kendisi kitap değildir)"
b-Library_Hzm-20260601T230631Z-3-001.zip,Books/b-Library_Hzm-20260601T230631Z-3-001.zip,Kitap Formatında Değil,.zip,2054414852,1959.24 MB,-,-,-,"ZIP arşivi (içeriği çıkartıldı, arşiv dosyasının kendisi kitap değildir)"
b-Library_Hzm-20260601T230631Z-3-002.zip,Books/b-Library_Hzm-20260601T230631Z-3-002.zip,Kitap Formatında Değil,.zip,1924229449,1835.09 MB,-,-,-,"ZIP arşivi (içeriği çıkartıldı, arşiv dosyasının kendisi kitap değildir)"
b-Library_Hzm-20260601T235628Z-3-001.zip,Books/b-Library_Hzm-20260601T235628Z-3-001.zip,Kitap Formatında Değil,.zip,2063979853,1968.36 MB,-,-,-,"ZIP arşivi (içeriği çıkartıldı, arşiv dosyasının kendisi kitap değildir)"
b-Library_Hzm-20260601T235628Z-3-002.zip,Books/b-Library_Hzm-20260601T235628Z-3-002.zip,Kitap Formatında Değil,.zip,1914663555,1825.97 MB,-,-,-,"ZIP arşivi (içeriği çıkartıldı, arşiv dosyasının kendisi kitap değildir)"
b-Lİbrary_Tr-Gen-20260601T232943Z-3-001.zip,Books/b-Lİbrary_Tr-Gen-20260601T232943Z-3-001.zip,Kitap Formatında Değil,.zip,2048321019,1953.43 MB,-,-,-,"ZIP arşivi (içeriği çıkartıldı, arşiv dosyasının kendisi kitap değildir)"
b-Lİbrary_Tr-Gen-20260601T232943Z-3-002.zip,Books/b-Lİbrary_Tr-Gen-20260601T232943Z-3-002.zip,Kitap Formatında Değil,.zip,2016039324,1922.64 MB,-,-,-,"ZIP arşivi (içeriği çıkartıldı, arşiv dosyasının kendisi kitap değildir)"
Nefes-Ve-Teknikleri.ppt,Books/b-Lİbrary_Tr-Gen-20260601T232943Z-3-002/b-Lİbrary_Tr-Gen/Tıp/Nefes-Ve-Teknikleri.ppt,Kitap Formatında Değil,.ppt,96768,0.09 MB,-,-,-,Sunum slayt dosyası (.PPT)
b-Lİbrary_Tr-Gen-20260601T232943Z-3-003.zip,Books/b-Lİbrary_Tr-Gen-20260601T232943Z-3-003.zip,Kitap Formatında Değil,.zip,1996838430,1904.33 MB,-,-,-,"ZIP arşivi (içeriği çıkartıldı, arşiv dosyasının kendisi kitap değildir)"
Karaciger-fitoterapi.pptx,Books/b-Lİbrary_Tr-Gen-20260601T232943Z-3-003/b-Lİbrary_Tr-Gen/Tıp/Karaciger-fitoterapi.pptx,Kitap Formatında Değil,.pptx,3007155,2.87 MB,-,-,-,Sunum slayt dosyası (.PPTX)
kukla.docx,Books/Books for Text_TR-20260529T163910Z-3-001/Books for Text_TR/Gld-World/kukla.docx,Bozuk / Hata Veren,.docx,0,0 B,-,-,-,Dosya boyutu 0 bayt (boş dosya)
Proje,Books/Proje,Bozuk / Hata Veren,-,0,0 B,-,-,-,Dosya boyutu 0 bayt (boş dosya)
