id,title,author,page_count,file_type,file_path,file_size_bytes,sha256_hash,created_at
1,100 Soruda Ahiret Hayat,Bilinmiyor,133,pdf,Books/b-Library_Hzm-20260601T230631Z-3-001/b-Library_Hzm/100-Soruda-Ahiret-Hayat-U0131.pdf,1867776,9015728606c2f14e48bba9d61619172cd543a5e5f058e1fe02d4969b9b164d28,2026-08-14 16:18:51
2,Emirdağ Lahikası Üzerine 1,Abdullah Aymaz,499,pdf,Books/b-Library_Hzm-20260601T230631Z-3-001/b-Library_Hzm/A.Aymaz-RN/A.Aymaz-Emirdag-Lahikasi-1.pdf,1705981,a834925228f7a786655e60ab001fc10c44feca8594f37ce2355992a0097ea19f,2026-08-14 16:18:51
3,Emirdağ Lahikası Üzerine 2,Abdullah Aymaz,393,pdf,Books/b-Library_Hzm-20260601T230631Z-3-001/b-Library_Hzm/A.Aymaz-RN/A.Aymaz-Emirdag-Lahikasi-2.pdf,1459714,14b240ddf4c1cbe69d0479d14872c6411a67e6c3fe209f80fd452d0bb4bafb9e,2026-08-14 16:18:51
4,Hanımlar Rehberi Üzerine,Abdullah Aymaz,208,pdf,Books/b-Library_Hzm-20260601T230631Z-3-001/b-Library_Hzm/A.Aymaz-RN/A.Aymaz-Hanimlar-Rehberi.pdf,8260102,7c4aac0afae7d6a1389aa1d0527eb587a73a90dc361ef47b8fc89a550a32f04b,2026-08-14 16:18:51
5,B Said Nursi - Abdullah Aymaz - Hizmet Rehberi Uzerine - SahdamarY,B Said Nursi - Abdullah Aymaz,393,pdf,Books/b-Library_Hzm-20260601T230631Z-3-001/b-Library_Hzm/A.Aymaz-RN/A.Aymaz-Hizmet-Rehberi.pdf,1676413,f5ed0dceeff452d1c13f4d181dbf912a12aea031f159919d8f22b16328a044bb,2026-08-14 16:18:51
6,Kastamonu Lahikasi Üzerine,Abdullah Aymaz,350,pdf,Books/b-Library_Hzm-20260601T230631Z-3-001/b-Library_Hzm/A.Aymaz-RN/A.Aymaz-Kastamonu-Lahikasi.pdf,1854498,4b9153e21f4d8ee325aab832810bcca9947c071384a6dd374448ce96c400e6ff,2026-08-14 16:18:51
7,Lemaat Üzerine,Abdullah Aymaz,159,pdf,Books/b-Library_Hzm-20260601T230631Z-3-001/b-Library_Hzm/A.Aymaz-RN/A.Aymaz-Lemaat-Uzerine.pdf,3672950,a45b97a4578088ddf275fd45a6effadd55e36f52dae2271d285f28d8edcf18c7,2026-08-14 16:18:51
8,Muhakemat Üzerine,Abdullah Aymaz,370,pdf,Books/b-Library_Hzm-20260601T230631Z-3-001/b-Library_Hzm/A.Aymaz-RN/A.Aymaz-Muhakemat.pdf,1687700,a20e071af369f2774f3027cf607905dbc35050247c16957bdc9b92fa40603709,2026-08-14 16:18:51
9,Sünuhat,Abdullah Aymaz,83,pdf,Books/b-Library_Hzm-20260601T230631Z-3-001/b-Library_Hzm/A.Aymaz-RN/A.Aymaz-Sunuhat.pdf,1955797,a84164a09cd8e8feee947a43ec541d86fb460fd25198b2a8b8b4f7ebf64a5749,2026-08-14 16:18:51
10,Abdullah Aymaz - Citlembik-6 Anadolunun En Büyük Sadakasi - IsikYayinlari,Bilinmiyor,209,pdf,Books/b-Library_Hzm-20260601T230631Z-3-001/b-Library_Hzm/A.Aymaz/A.Aymaz-Citlembik-6-Anadolunun-en-Buyuk-Sadakasi-IsikYayinlari.pdf,726217,880aa76619926c6f40a72ecda6830ab053f7e2c809784c1a95a9cba19ceea207,2026-08-14 16:18:51
11,Abdullah Aymaz - Gunumuz Yusuflarina - IsikYayinlari,Bilinmiyor,87,pdf,Books/b-Library_Hzm-20260601T230631Z-3-001/b-Library_Hzm/A.Aymaz/A.Aymaz-Gunumuz-Yusuflarina-IsikYayinlari.pdf,250061,319d2e360578a8cb7fbb42ffcc097ac46b57d0271af16561b6b15a344ebba64b,2026-08-14 16:18:51
12,Abdullah Aymaz - Soz Saati - IsikYayinlari,Bilinmiyor,190,pdf,Books/b-Library_Hzm-20260601T230631Z-3-001/b-Library_Hzm/A.Aymaz/A.Aymaz-Soz-Saati-IsikYayinlari.pdf,691896,674ce2e37ee29bdf5fc688f9a08a64ec852880beaf31df883bebe5bd02ad2367,2026-08-14 16:18:51
13,A.Aymaz Zorlar,Bilinmiyor,160,pdf,Books/b-Library_Hzm-20260601T230631Z-3-001/b-Library_Hzm/A.Aymaz/A.Aymaz-Zor-Zamanlar.pdf,1991715,095e4615824c031f00600b817ffc7ff29a891b4254b0e88bd1aab6754c528e9b,2026-08-14 16:18:51
14,Saffet Senih - ibadetin Getirdikleri - IsikYayinlari,Saffet Senih,144,pdf,Books/b-Library_Hzm-20260601T230631Z-3-001/b-Library_Hzm/A.Aymaz/Saffet-Senih-Ibadetin-Getirdikleri-IsikYayinlari-pdf.pdf,497917,69074622352e7b2bfa6aefeab87dda4fb6aafef2c1d982f91315063ebc75034f,2026-08-14 16:18:51
15,Ayhan Tekines - Ahirzaman ve Kiyamet Alametleri - IsikYayinlari,Ayhan Tekineş,209,pdf,Books/b-Library_Hzm-20260601T230631Z-3-001/b-Library_Hzm/Ahirzaman-ve-Kiyamet-Alametleri-Ayhan-Tekines (1).pdf,901576,d69361264ec840c6932ab884896e431ce3dd9e14b68c449393b9f4b3e7c20fea,2026-08-14 16:18:51
16,Ahmet Kurucan - Bosanmak icin mi evleniyoruz - GulYurduYayinlari,Ahmet Kurucan,177,pdf,Books/b-Library_Hzm-20260601T230631Z-3-001/b-Library_Hzm/Ahmet Kurucan/A.Kurucan-Bosanmak icin mi evleniyoruz-GulYurduYayinlari.pdf,826766,9bd7fdda9e2ce861326be7674324eac3e03d052c4bbe6f451af45e877fbab6d2,2026-08-14 16:18:51
17,Ahmet Kurucan - Evcilik Oynamiyoruz - GulYurduYayinlari,Ahmet Kurucan,142,pdf,Books/b-Library_Hzm-20260601T230631Z-3-001/b-Library_Hzm/Ahmet Kurucan/A.Kurucan-Evcilik Oynamiyoruz - GulYurduYayinlari.pdf,468101,f9e34cb8acbc8a7bc5364c7469482bffc355168b17796d0b8ecea32e08042d7c,2026-08-14 16:18:51
18,Fıkıh Dünyamız 1,Ahmet Kurucan,411,pdf,Books/b-Library_Hzm-20260601T230631Z-3-001/b-Library_Hzm/Ahmet Kurucan/A.Kurucan-Fıkıh-Dunyamız-1.pdf,2240434,2438d380eb2198072cce77e375cda07fa526814374a9b76b1976bc24314e4d38,2026-08-14 16:18:51
19,Ahmet Kurucan - Rotasiz Evlilik - GulYurduYayinlari,Ahmet Kurucan,145,pdf,Books/b-Library_Hzm-20260601T230631Z-3-001/b-Library_Hzm/Ahmet Kurucan/A.Kurucan-Rotasiz Evlilik - GulYurduYayinlari.pdf,657471,8835c43f98f5e7759f42b0d8f13baf86b48f7986c6d8795e14c1344329b1fbbd,2026-08-14 16:18:51
20,CS 3 Hz. Peygamberin Sünnetinte Terbiye.indd,akahramanoglu,640,pdf,Books/b-Library_Hzm-20260601T230631Z-3-001/b-Library_Hzm/Aile ve Çocuk-Hzm/hz.-peygamberin-sunnetinde-terbiye.pdf,3422971,d34e5506166354f76c3172f80ad0543733335006765516f3441369625fce8bcb,2026-08-14 16:18:51
21,Sızıntı 2012,Bilinmiyor,52,pdf,Books/b-Library_Hzm-20260601T230631Z-3-001/b-Library_Hzm/Dergi-Sızıntı/Sızıntı-2012-01.pdf,5559195,711b7d70f47028d7847f138fe164eee1db6acf47cdbccc111b0665c5cffd6c56,2026-08-14 16:18:51
22,399nisan2012.pdf,sedat,52,pdf,Books/b-Library_Hzm-20260601T230631Z-3-001/b-Library_Hzm/Dergi-Sızıntı/Sızıntı-2012.04.pdf,5818041,3be61d7206eeeda63ffee5729cd0e2d3f92cfedb07d78f1da8080fa44ddd6d6b,2026-08-14 16:18:51
23,Yeni Umit Dergisi 004 1989,Bilinmiyor,52,pdf,Books/b-Library_Hzm-20260601T230631Z-3-001/b-Library_Hzm/Dergi-Yeni Ümit/Yeni-Umit-Dergisi-004-1989-4.pdf,2287896,e3f3d838abcac00aee07b8749c4f3cd653abc6e9bff9b8ab7618bbed79e06587,2026-08-14 16:18:51
24,Caglayan 2019.02,Bilinmiyor,53,pdf,Books/b-Library_Hzm-20260601T230631Z-3-001/b-Library_Hzm/Dergi-caglayan/Caglayan_2019.02.pdf,137611006,a59ac7092a213ff636125a3fad4a878551d36fbda6e6d8a448ed959df0e7a095,2026-08-14 16:18:51
25,Diyalogun Dini ve Tarihi Temelleri,Yeni Umit,110,pdf,Books/b-Library_Hzm-20260601T230631Z-3-001/b-Library_Hzm/Diyalog/Diyalogun-Dini-Ve-Tarihi-Temelleri-Yeni-Umit.pdf,946160,b6cd1dfd4caa4abba709b5d53506ac323bc668f596474336c0ac607fc23a70d9,2026-08-14 16:18:51
26,ayetlerde dua,Bilinmiyor,22,pdf,Books/b-Library_Hzm-20260601T230631Z-3-001/b-Library_Hzm/Dua-Hzm/ayetlerde_dua.pdf,171271,216ae5ae1b12c850cc49e66165680907737577a72c3641f4b952967ecd07de35,2026-08-14 16:18:51
27,Dua Ufku - M F Gulen,M F Gulen,137,pdf,Books/b-Library_Hzm-20260601T230631Z-3-001/b-Library_Hzm/Dua-Hzm/dua-ufku-m-f-gulen.pdf,760427,4a590caa6d80584bbb8731c4d933d70cbc9138f071c2db53c60953719020826b,2026-08-14 16:18:51
28,Bir Kırık Dilekce M,M. Fethullah Gülen,-,epub,Books/b-Library_Hzm-20260601T230631Z-3-001/b-Library_Hzm/Dua-Oku/Bir-Kırık-Dilekce-M-Fethullah-Gulen.epub,86338,3df420c9a4603d794abdad448515cd3f7e5880677b876aab1a779929e8b7240a,2026-08-14 16:18:51
29,Mustafa Yilmaz - Yanik Sinelerden Dualar - DefineYayinlari,Mustafa Yilmaz,208,pdf,Books/b-Library_Hzm-20260601T230631Z-3-001/b-Library_Hzm/Dua-Oku/Mustafa Yilmaz - Yanik Sinelerden Dualar - DefineYayinlari (Mustafa Yilmaz) (z-lib.org).pdf,1108648,a36a40d8b98d47a99ee291b15d3e3376909d6bebc395e903be0d012df8b8caa4,2026-08-14 16:18:51
30,Cep Ilmihali Serisi - Ramazan Altay - Kisa Sureler ve Gunluk Dualar - RehberYayinlari,Ramazan Altay,144,pdf,Books/b-Library_Hzm-20260601T230631Z-3-001/b-Library_Hzm/Dua-Oku/kisa-sureler-ve-gunluk-dualar-rehberyayinlari.pdf,749070,f4475dd55dad76eb7ff9e3dc1b5886c03523ef1a9e2b89a77a70317906919176,2026-08-14 16:18:51
31,teravih dualari,ASUS,8,pdf,Books/b-Library_Hzm-20260601T230631Z-3-001/b-Library_Hzm/Dua-Oku/teravih-dualari.pdf,136666,34bd8af250f83bd8d1f35c2a2a17217c0af36ce66544e0b22a50c4513a5f1505,2026-08-14 16:18:51
32,The Sultan of Hearts,"Resit Haylamaz, Fatih Harpci",976,pdf,Books/b-Library_Hzm-20260601T230631Z-3-001/b-Library_Hzm/Efendimiz Sav-Hzm-English/The Sultan-of-Hearts-Prophet-Muhammad-Haylamaz-Resit.pdf,12438754,4d3dc91a679b22ae1cb87748172b91a81400cfada7d3c1422d0771430cf36973,2026-08-14 16:18:51
33,The Luminous Life of Our Prophet,Resit Haylamaz,358,pdf,Books/b-Library_Hzm-20260601T230631Z-3-001/b-Library_Hzm/Efendimiz Sav-Hzm-English/The-Luminous-Life-of-Our-Prophet-by-Resit-Haylamaz.pdf,1733864,6fbb6e2460d5ce0860c631b5751b37251912a7f05b1c436eaa817b5cb483c7fb,2026-08-14 16:18:51
34,The Messenger: Prophet Muhammad and His Life of Compassion,Resit Haylamaz & Y. A. Aslandogan,311,pdf,Books/b-Library_Hzm-20260601T230631Z-3-001/b-Library_Hzm/Efendimiz Sav-Hzm-English/The-messenger-as-Compassion-Resid Haylamaz.pdf,5372102,cbb75fc07a8e642d14d8392957f5b9f5ed74d143e3c7091ee1426a759e37b7aa,2026-08-14 16:18:51
35,Ibrahim Canan - Aile Reisi ve Baba Olarak Hz Peygamber - GulYurduYayinlari,Ibrahim Canan,143,pdf,Books/b-Library_Hzm-20260601T230631Z-3-001/b-Library_Hzm/Efendimiz Sav-Hzm/Aile-reisi-ve-baba-olarak-hz-peygamber-ibrahim-canan-gulyurduyayinlari.pdf,718944,471e476cb76ed19ed8664b40d6f7084f53b97b551a17497301c195a2a2e16db3,2026-08-14 16:18:51
36,Resit Haylamaz - Dillerdeki Mujde - IsikYayinlari,Bilinmiyor,265,pdf,Books/b-Library_Hzm-20260601T230631Z-3-001/b-Library_Hzm/Efendimiz Sav-Hzm/Dillerdeki Mujde-resit-haylamaz.pdf,957409,b262c36a21fa24443d113dda2610088f96057275ccb6fc335e1162afd9efa6ad,2026-08-14 16:18:51
37,Efendimiz in Bir Gunu Abdulhakim Yuce Işık Yayınları,Bilinmiyor,-,epub,Books/b-Library_Hzm-20260601T230631Z-3-001/b-Library_Hzm/Efendimiz Sav-Hzm/Efendimiz-in-Bir-Gunu-Abdulhakim-Yuce-Işık-Yayınları-2011.epub,274432,1a2bd4a91cea6de405577545e414a644a04f997e3cd492d4b8903ecc3b9f878f,2026-08-14 16:18:51
38,Abdulhakim Yuce - Efendimizin Bir Gunu - IsikYayinlari,Abdulhakim Yuce,161,pdf,Books/b-Library_Hzm-20260601T230631Z-3-001/b-Library_Hzm/Efendimiz Sav-Hzm/Efendimizin-bir-gunu-abdulhakim-yuce-isikyayinlari.pdf,720276,dc3bbfbcfc1562c69e620783b055346174f9e3eb1a3353cd2d17c942805a7a05,2026-08-14 16:18:51
39,Aynur Uraler - Gonullerin Gulu Hz Muhammed SAV - IsikYayinlari,Bilinmiyor,175,pdf,Books/b-Library_Hzm-20260601T230631Z-3-001/b-Library_Hzm/Efendimiz Sav-Hzm/Gonullerin Gulu-hz-muhammed-sav-aynur-uraler.pdf,800314,933e72ca7a35cae6404ba87928e033a998b4ad60822f1886d68f60598999b389,2026-08-14 16:18:51
40,Gül Kokulu Hikâyeler,Kemal Turan,184,pdf,Books/b-Library_Hzm-20260601T230631Z-3-001/b-Library_Hzm/Efendimiz Sav-Hzm/Gul-Kokulu-Hikayeler-Kemal-Turan.pdf,982568,63ad97efb9febb0ec69a61c4f1bcf1ae9bd09e195930d3b532d452ffb98f0f4c,2026-08-14 16:18:51
41,Huseyin Yusuf - Hz Peygamber Modeli - Insanlar arasi Iliskilerde - RehberYayinlari,Huseyin Yusuf,165,pdf,Books/b-Library_Hzm-20260601T230631Z-3-001/b-Library_Hzm/Efendimiz Sav-Hzm/Hz Peygamber Modeli-insanlar-arasi-iliskilerde-rehberyayinlari.pdf,761716,9424f508c6642df5acd8ac63c23cb30985c65704defb2fd9b2b71e8f3eb4aab1,2026-08-14 16:18:51
42,Kutlu Doğum Dergisi 2008 (Sulh Peygamberi (SAV)) - RehberYayinlari,Bilinmiyor,64,pdf,Books/b-Library_Hzm-20260601T230631Z-3-001/b-Library_Hzm/Efendimiz Sav-Hzm/Kutlu Dogum-dergisi-2008-sulh-peygamberi-sav-rehberyayinlari.pdf,15189031,f95f9c8f3bec4dc4550a336e2a3ffa603b6669c58b254df63c83f14b30f03e79,2026-08-14 16:18:51
43,Kutlu Doğum O Herkesin Peygamberi - RehberYayinlari,Bilinmiyor,128,pdf,Books/b-Library_Hzm-20260601T230631Z-3-001/b-Library_Hzm/Efendimiz Sav-Hzm/Kutlu Dogum-o-herkesin-peygamberi-rehberyayinlari.pdf,10883584,833f64b19c9a8fb3bd17458ef4b6d469b08d6eb53ed8a8061137d3b3c971d3af,2026-08-14 16:18:51
44,Huseyin Algul - Nebevi Mujdenin izinde - IsikYayinlari,Bilinmiyor,143,pdf,Books/b-Library_Hzm-20260601T230631Z-3-001/b-Library_Hzm/Efendimiz Sav-Hzm/Nebevi-Mujdenin-izinde-Huseyin-Algul.pdf,629582,969ffd58d0156478a8f392c7c9b1ebb65f9e305ce735f21d6dc8b9d26f572aae,2026-08-14 16:18:51
45,Zubeyr Tekin - Peygamber Sevgisi - RehberYayinlari,Zubeyr Tekin,209,pdf,Books/b-Library_Hzm-20260601T230631Z-3-001/b-Library_Hzm/Efendimiz Sav-Hzm/Peygamber Sevgisi-zubeyr-tekin-rehberyayinlari.pdf,769221,4d1b4d4e4deb68b23456752c913048cc10b7175905ad52a4418c999c0029ea0a,2026-08-14 16:18:51
46,Mustafa Gundogdu - Peygamber Efendimizin Gunluk Hayati - Onun Gibi Yasamak - IsikYayinlari,Bilinmiyor,232,pdf,Books/b-Library_Hzm-20260601T230631Z-3-001/b-Library_Hzm/Efendimiz Sav-Hzm/Peygamber-Efendimizin-Gunluk-Hayati-Mustafa-Gundogdu-.pdf,977159,9013e3fe05938c1145cedfb4e186d8f8be2ed9b59cda12e9ef3beec7af839e07,2026-08-14 16:18:51
47,VE GAYBIN SON HABERCİSİ,zafer,24,pdf,Books/b-Library_Hzm-20260601T230631Z-3-001/b-Library_Hzm/Efendimiz Sav-Hzm/VE GAYBIN SON HABERCİSİ.pdf,586037,313e1f63b9d787c5d11373a382c7ebaa2ed1cc27eda0088b7558de4492ba03bd,2026-08-14 16:18:51
48,Ali Budak - ilim ve Sifatlariyla Efendimiz SAV - IsikYayinlari,Bilinmiyor,199,pdf,Books/b-Library_Hzm-20260601T230631Z-3-001/b-Library_Hzm/Efendimiz Sav-Hzm/ilim-ve-sifatlariyla-efendimiz-sav-ali-budak.pdf,803814,68ef4fcdc166c7f06ea45c46c8f58376eeddc0793bbd67cfef12e5776a6bc072,2026-08-14 16:18:51
49,Huseyin algul - Peygamberimizin SAV Semaili Ahlak ve Adabi - IsikYayinlari,Bilinmiyor,200,pdf,Books/b-Library_Hzm-20260601T230631Z-3-001/b-Library_Hzm/Efendimiz Sav-Hzm/peygamberimizin-sav-semaili-ahlak-ve-adabi-huseyin-algul.pdf,469222,f4e861761e25de9d4e94d74bc92b35a88c8824df1beae13512575685cf1c7e41,2026-08-14 16:18:51
50,ibrahim Bayraktar - Ceşitli Yonleriyle Hz Peygamber sav - IsikYayinlari,Bilinmiyor,145,pdf,Books/b-Library_Hzm-20260601T230631Z-3-001/b-Library_Hzm/Efendimiz Sav-Hzm/Çesitli Yonleriyle Hz Peygamber-sav-ibrahim-bayraktar-isikyayinlari.pdf,616834,5fa99bc570c75fded4c59f18cebdad6257ff08573919a885d40261b726526b47,2026-08-14 16:18:51
51,Sefkat_Gunesi,Unknown,321,pdf,Books/b-Library_Hzm-20260601T230631Z-3-001/b-Library_Hzm/Efendimiz Sav-Hzm/Şefkat Gunesi-resit-haylamaz.pdf,1927837,3065ad1f35f3ae9dff48ca84fa05b2336aa17dbb162e5676812aec28d3cef43e,2026-08-14 16:18:51
52,Faruk Vural - Semail - IsikYayinlari,Bilinmiyor,151,pdf,Books/b-Library_Hzm-20260601T230631Z-3-001/b-Library_Hzm/Efendimiz Sav-Hzm/Şemail-isikyayinlari-faruk-vural.pdf,676336,1ded3d32109159db53ed24c4a786321b4d6530d70a51cdde172a0b2fb93b91b8,2026-08-14 16:18:51
53,Resit Haylamaz - Gonul Tahtimizin Essiz Sultani Efendimiz sav Cilt-1 - IsikYayinlari,Bilinmiyor,631,pdf,Books/b-Library_Hzm-20260601T230631Z-3-001/b-Library_Hzm/Efendimiz_in Sav Hayatı-Hzm/Efendimiz Sav-1-resit-haylamaz.pdf,2180489,9a55b35af29fd64ef6557d1c9ebdf4c56ed621c16fa0cb058db47a98d408b476,2026-08-14 16:18:51
54,Resit Haylamaz - Gonul Tahtimizin Essiz Sultani Efendimiz sav Cilt-2 - IsikYayinlari,Bilinmiyor,665,pdf,Books/b-Library_Hzm-20260601T230631Z-3-001/b-Library_Hzm/Efendimiz_in Sav Hayatı-Hzm/Efendimiz Sav-2-resit-haylamaz.pdf,2680271,1c635b144de05fcbd5a84ebb0f869955a12134047905ce3c78d6107501f2800b,2026-08-14 16:18:51
55,Resit Haylamaz - Gonul Tahtimizin Essiz Sultani Efendimiz (Muhtasar) - MustuY,Resit Haylamaz,617,pdf,Books/b-Library_Hzm-20260601T230631Z-3-001/b-Library_Hzm/Efendimiz_in Sav Hayatı-Hzm/Efendimiz Sav-muhtasar-resit-haylamaz-mustuy.pdf,2058548,687ca337cc0ea8444223410bc9ec050ea1c923d58fa6718eb4e9c4a2b7791e58,2026-08-14 16:18:51
56,M Asim Koksal - islam Tarihi - cilt 1-2 - IsikYayinlari,Bilinmiyor,705,pdf,Books/b-Library_Hzm-20260601T230631Z-3-001/b-Library_Hzm/Efendimiz_in Sav Hayatı-Hzm/Hz Muhammed-Sav-ve-İslamiyet-Asım Köksal-.pdf,3406415,b0ce87d25cd5b1bbe2191f448c6ba36ceaceee8e5fafb663d4037d906aaefdd7,2026-08-14 16:18:51
57,Hazreti Muhammed  ⠀匀⸀䄀⸀嘀) ve İslamiyet - İslam Tarihi 1-2,M. Asım Köksal,648,pdf,Books/b-Library_Hzm-20260601T230631Z-3-001/b-Library_Hzm/Efendimiz_in Sav Hayatı-Hzm/M-Asım-Koksal-Hazreti-Muhammed-S-A-V-ve-İslamiyet-İslam-Tarihi-1-2-.pdf,3916292,be02d830a5c49e1853852e75b4fac40dd712a8c93674705e8a996005d80e2f42,2026-08-14 16:18:51
58,Hazreti Muhammed  ⠀匀⸀䄀⸀嘀) ve İslamiyet - İslam Tarihi 5-6,M. Asım Köksal,2151,pdf,Books/b-Library_Hzm-20260601T230631Z-3-001/b-Library_Hzm/Efendimiz_in Sav Hayatı-Hzm/M-Asım-Koksal-Hazreti-Muhammed-S-A-V-ve-İslamiyet-İslam-Tarihi-5-6-PDFDrive-com-pdf.pdf,5812737,5d4eac93ff9f5d2dcb46b2f557c937683a068a29736224583c47b497ed9ad194,2026-08-14 16:18:51
59,Hazreti Muhammed  ⠀匀⸀䄀⸀嘀) ve İslamiyet - İslam Tarihi 7-8,M. Asım Köksal,2256,pdf,Books/b-Library_Hzm-20260601T230631Z-3-001/b-Library_Hzm/Efendimiz_in Sav Hayatı-Hzm/M-Asım-Koksal-Hazreti-Muhammed-S-A-V-ve-İslamiyet-İslam-Tarihi-7-8-.pdf,6186232,8e36b75479c1f7285d756c2051bc69e8fdd6d38f21d3279ba5e39d2e829c028c,2026-08-14 16:18:51
60,Kur'an Okuma Sanati -TECVID.indd,akahramanoglu,194,pdf,Books/b-Library_Hzm-20260601T230631Z-3-001/b-Library_Hzm/ElifBa-Tecvid-Hzm/KURAN-OKUMA-SANATI.pdf,1010438,a1e9c5402741f0b734f56d4474f73f3e1adddf89c33222d8acb051194b40726a,2026-08-14 16:18:51
61,HARFLERİN MAHREÇLERİ (HARFLERİN ÇIKIŞ YERLERİ:,mücahitler,8,pdf,Books/b-Library_Hzm-20260601T230631Z-3-001/b-Library_Hzm/ElifBa-Tecvid-Hzm/Kur_an Harflerinin-mahrec-cekimi.pdf,451125,7041b7844d2fedd6a79f2ba5444bd9247a09bb06c7e906719c0cc79342b57f5a,2026-08-14 16:18:51
62,Huseyin Kutlu - Tecvid Uygulamali Kurani Kerim Elifbasi - DefineYayinlari,Huseyin Kutlu,49,pdf,Books/b-Library_Hzm-20260601T230631Z-3-001/b-Library_Hzm/ElifBa-Tecvid-Hzm/Tecvid-uygulamali-kurani-kerim-elifbasi-defineyayinlari.pdf,30452443,72a0d5bb9c0172eb073afb3eb53aef0d2d908edc660bdc97c16479f955e726f0,2026-08-14 16:18:51
63,Kur-an Elifbasi Ilmihalli - MustuY,MustuY,136,pdf,Books/b-Library_Hzm-20260601T230631Z-3-001/b-Library_Hzm/ElifBa-Tecvid-Hzm/kur-an-elifbasi-ilmihalli-mustuy.pdf,44731119,f22659eb49cd029af3414084586d4ff3d0dc95a6b64882e3ba498cb5cb6477ac,2026-08-14 16:18:51
64,tecvid kitabi,Bilinmiyor,47,pdf,Books/b-Library_Hzm-20260601T230631Z-3-001/b-Library_Hzm/ElifBa-Tecvid-Hzm/tecvid-kitabi.pdf,1856966,1a3f7bb6bcd16c21e5fe1b2fac6e9112bc0f322270558b465f457d7c6ccce548,2026-08-14 16:18:51
65,Arif Sarsilmaz - 110 Soruda Yaratilis ve Evrim Tartismasi - AltinBurcYayinlari,Arif Sarsilmaz,462,pdf,Books/b-Library_Hzm-20260601T230631Z-3-001/b-Library_Hzm/Evrim-Hzm/110-Soruda-Yaratilis-ve-Evrim-Tartismasi-Arif-Sarsilmaz-AltinBurcYayinlari-pdf.pdf,35529086,7b3c6d0bdf14526282837887a6e7eddd84e6fcddb68ee9bb5db34d49c59eeaf2,2026-08-14 16:18:51
66,Adem Tatli - Insanlik Tarihi Boyunca Evrim - UfukYayinlari,Adem Tatli,264,pdf,Books/b-Library_Hzm-20260601T230631Z-3-001/b-Library_Hzm/Evrim-Hzm/Insanlik-Tarihi-Boyunca-Evrim-Adem-Tatli.pdf,1078266,3ecbee81b022dd2faf5d0368a6ff9ccc3d1ac5d992d83e37ef0d255c8ca4e806,2026-08-14 16:18:51
67,Sorularla Acilan Pencereler-1 - MustuY,MustuY,177,pdf,Books/b-Library_Hzm-20260601T230631Z-3-001/b-Library_Hzm/Gençler için-Hzm/Sorularla-Acilan-Pencereler-1-MustuY.pdf,754519,001c8dc088fccf2488eff17039538e3aa80202dd27b089866e33ddaf1e76f0ab,2026-08-14 16:18:51
68,A Basak Sezgin - Gencin Yol Rehberi-1 - MustuY,A Basak Sezgin,268,pdf,Books/b-Library_Hzm-20260601T230631Z-3-001/b-Library_Hzm/Gençler için-Hzm/gencin-yol-rehberi-1-mustuy.pdf,15713893,d9712bd0b6cbeab3479b65dcf51e8035c8b2e094b3f4923cad94f318130212cb,2026-08-14 16:18:51
69,M Fethullah Gulen - Genclere Pirlanta Olculer-1 - MustuY,M Fethullah Gulen,273,pdf,Books/b-Library_Hzm-20260601T230631Z-3-001/b-Library_Hzm/Gençler için-Hzm/genclere-pirlanta-olculer-1-m-fethullah-gulen-mustuy.pdf,6786365,2ad9de36acb59806bdd49a37a0e83061507eaa3d2f6b68a1433655756ad63793,2026-08-14 16:18:51
70,M Fethullah Gulen - Genclere Pirlanta Olculer-2 - MustuY,M Fethullah Gulen,305,pdf,Books/b-Library_Hzm-20260601T230631Z-3-001/b-Library_Hzm/Gençler için-Hzm/genclere-pirlanta-olculer-2-m-fethullah-gulen-mustuy.pdf,947876,7a3fa10b9eb43e122307e127bb506cddb5afef23ca65459c4a59598343b8f39b,2026-08-14 16:18:51
71,B Said Nursi - Genclerle Nur Dersleri-1 - MustuY,B Said Nursi,177,pdf,Books/b-Library_Hzm-20260601T230631Z-3-001/b-Library_Hzm/Gençler için-Hzm/genclerle-nur-dersleri-1-mustuy.pdf,13545016,252773e50cf076deb765f52032baac1506c2a3236394519cafed72a901fb7e71,2026-08-14 16:18:51
72,B Said Nursi - Genclerle Nur Dersleri-2 - MustuY,B Said Nursi,177,pdf,Books/b-Library_Hzm-20260601T230631Z-3-001/b-Library_Hzm/Gençler için-Hzm/genclerle-nur-dersleri-2-mustuy.pdf,13416113,00973c48a41d0190e05596649a5346e4cb723711401d5dc84f68c8f7ae49d575,2026-08-14 16:18:51
73,Understanding,M. Fethullah Gülen,150,pdf,Books/b-Library_Hzm-20260601T230631Z-3-001/b-Library_Hzm/HE-Bio-Hzm-eng/Understanding-Fethullah-Gulen.pdf,89476460,6af74924a1a9c861305fd72928c4eae74cfff3dba23e59cbda41d458c6800a11,2026-08-14 16:18:51
74,Fethullah Gülen Röportajı (Ekrem Dumanlı) (z lib.org),M. Fethullah Gülen,-,epub,Books/b-Library_Hzm-20260601T230631Z-3-001/b-Library_Hzm/HE-Bio-Hzm/Fethullah Gülen Röportajı (Ekrem Dumanlı) (z-lib.org).epub,98204,aa31b3391f60b2fbb4757364e739a16eccab4c7859d5271bea5d99ddf7fecc66,2026-08-14 16:18:51
75,Fethullah Gülen'le Amerika'da bir ay,"Ünal, İsmail",244,pdf,Books/b-Library_Hzm-20260601T230631Z-3-001/b-Library_Hzm/HE-Bio-Hzm/Fethullah-Gulenle-Amerika`da-bir-ay-Ismail-Unal.pdf,9633008,d7e69fc8e3ffa5bf602e49e0b7943b4eef3d4c5641d7e6d755576dfe910686a3,2026-08-14 16:18:51
76,Fikir ve Aksiyon İnsanı Olarak Fethullah Gülen,M. Fethullah Gülen,472,pdf,Books/b-Library_Hzm-20260601T230631Z-3-001/b-Library_Hzm/HE-Bio-Hzm/Fikir ve Aksiyon İnsanı Olarak Fethullah Gülen - Yüksel Çayıroğlu.pdf,13993109,dbf20c6776637f0fc83159349966d0695c3db21729c071e61f3332f4fd913aad,2026-08-14 16:18:51
77,Gurbette Fethullah Gülen,"Akman, Nuriye, 1957-",186,pdf,Books/b-Library_Hzm-20260601T230631Z-3-001/b-Library_Hzm/HE-Bio-Hzm/Gurbette-Fethullah-Gulen-Nuriye-Akman.pdf,9905216,833b49bb6ae652ff2f219c6ec68873353cb76ee4c92e0eaf7ae62e3661d22dba,2026-08-14 16:18:51
78,Murat Alptekin - Gurbetteki Ogretmen M Fethulllah Gulen - MustuY,Murat Alptekin,167,pdf,Books/b-Library_Hzm-20260601T230631Z-3-001/b-Library_Hzm/HE-Bio-Hzm/Gurbetteki-Ogretmen-M-Fethulllah-Gulen-MustuY.pdf,46651124,cf535b502387ced35bb28d1eb98a7aacfe9aeb2af5dcda08f5d4829afa940e9a,2026-08-14 16:18:51
79,ibretlik hatiralar.indd,akahramanoglu,304,pdf,Books/b-Library_Hzm-20260601T230631Z-3-001/b-Library_Hzm/HE-Bio-Hzm/İbretlik Hatıralar_Osman Şimşek.pdf,1276338,4f6a042dd52510fd433c25dece9f4a8853dfe776fa52bfcc12724fc8c7b85364,2026-08-14 16:18:51
80,Riyazu's-Salihin 14 x 21.indd,akahramanoglu,574,pdf,Books/b-Library_Hzm-20260601T230631Z-3-001/b-Library_Hzm/Hadis-Hzm/Riyazu-s-Salihin-Işık-Yayınları-pdf.pdf,5775046,d4a8fe41d088d0b1e36f49da0be4a098ff99ac447b06619dc94d0bad8f507499,2026-08-14 16:18:51
81,Riyazu's-Salihin 14 x 21.indd,akahramanoglu,575,pdf,Books/b-Library_Hzm-20260601T230631Z-3-001/b-Library_Hzm/Hadis-Hzm/Riyazus Salihin - Muhtasar.pdf,5723451,e9f13f3cc37157df632bffc758708694c4013dcc5fc0cd37c79f50d3e7f91cee,2026-08-14 16:18:51
82,Abdulhakim Yuce - El Muhasibi Er Riaye - Kalp Hayatı-1 - IsikYayinlari,Abdulhakim Yuce,312,pdf,Books/b-Library_Hzm-20260601T230631Z-3-001/b-Library_Hzm/Haris-El-Muhasibi-Er-Riaye-1.pdf,4882338,9fb838bae55673de67dd1cec135dcd97a8acaf6528b602f4ed5032853210721c,2026-08-14 16:18:51
83,Haris El Muhasibi Kalb Hayati 2,Haris El Muhasibi Kalb Hayati 2,263,pdf,Books/b-Library_Hzm-20260601T230631Z-3-001/b-Library_Hzm/Haris-El-Muhasibi-Kalb-Hayati-2.pdf,28043850,76ff7fa6117abd0828cdb146599fbc4d8c79cffdd38a4d6367f98a9261329ae0,2026-08-14 16:18:51
84,ibrahim Ozubuyuk - Adanmislarin Vasiflari - Hizmet insaninin Portresi - IsikYayinlari,Bilinmiyor,273,pdf,Books/b-Library_Hzm-20260601T230631Z-3-001/b-Library_Hzm/Hizmet İnsanı/Adanmışların-Vasıfları-pdf.pdf,961282,087878defd07aaff2b81b92c4c5df51e087c11c7626c395431c93300c20ebd54,2026-08-14 16:18:51
85,Hasan Yenibas - Vazifelendirmede Peygamber Metodu - IsikYayinlari,Bilinmiyor,201,pdf,Books/b-Library_Hzm-20260601T230631Z-3-001/b-Library_Hzm/Hizmet İnsanı/Vazifelendirmede-Peygamber-Metodu-isikyayinlari.pdf,913644,6b6178b1ef220fdd4cbeb1619c40798e831c332ab308d777b8e1f1bc8e6bc400,2026-08-14 16:18:51
86,Gencligin El Kitabi-4 - Fatih Degirmenli - ic Derinlikleriyle Hizmet insani - IsikYayinlari,Bilinmiyor,321,pdf,Books/b-Library_Hzm-20260601T230631Z-3-001/b-Library_Hzm/Hizmet İnsanı/İc-Derinlikleriyle-Hizmet-İnsanı-pdf.pdf,1197546,2102dfa18b9ee2b01840ab8b28e217888870b564e5a08ad810c8a7e1f31a6869,2026-08-14 16:18:51
87,Hizmet Studies Review,Bilinmiyor,100,pdf,Books/b-Library_Hzm-20260601T230631Z-3-001/b-Library_Hzm/Hzm-Studies/Hizmet-Studies-Review.pdf,634751,8ba4c2a010829f61f93603b5247393152882b408e3ee7540d272b78e5b92759d,2026-08-14 16:18:51
88,Microsoft Word - Conference_boek_goot5.doc,amd2002,533,pdf,Books/b-Library_Hzm-20260601T230631Z-3-001/b-Library_Hzm/Hzm-Studies/Peaceful-Coexistence-Fethullah-Gulens-s-Initiatives.pdf,5080434,e6204dc26e8fb34a2116cbb403807c17eca3416abe02c68650aec15765f7978e,2026-08-14 16:18:51
89,Türkiye Anayasasını Yeniden Düşünmek,Bilgin,37,pdf,Books/b-Library_Hzm-20260601T230631Z-3-001/b-Library_Hzm/Hzm-Studies/Persecution-of-Hizmet-in-Turkey.pdf,932084,f44b76b21112aec71e748970b9370a1aa8cd4e8645ab6ec591a1bd49abdc8412,2026-08-14 16:18:51
90,Biyografi - Imam-i Rabbani - KaynakYayinlari,İmam-ı Rabbani,184,pdf,Books/b-Library_Hzm-20260601T230631Z-3-001/b-Library_Hzm/Imam-i-Rabbani-KaynakYayinlari.pdf,810924,91ea5d07ba74df5c8ff1dd46a510320fb6fc30b7b8ea64c84db0b9ff8390e290,2026-08-14 16:18:51
91,Ezvac ı Tahirat gulyurduyayinlari,Bilinmiyor,249,pdf,Books/b-Library_Hzm-20260601T230631Z-3-001/b-Library_Hzm/Kadın Sahabeler/Ezvac-ı Tahirat-gulyurduyayinlari.pdf,971524,91a1a9eba05d5040d63522005ed2966a13b58c1cc5b3cb6a1f5ab9ab5fef1e6a,2026-08-14 16:18:51
92,Havva Ergene Isik - Hanim Sahabiler - GulYurduYayinlari,Havva Ergene Isik,321,pdf,Books/b-Library_Hzm-20260601T230631Z-3-001/b-Library_Hzm/Kadın Sahabeler/Hanim Sahabiler-gulyurduyayinlari.pdf,1038363,512cfab19f357297b6414207646e8474fa7a4e7b9e2628339db2a478ccc1c23f,2026-08-14 16:18:51
93,08_06_09_hz_aise_(son_ahmet).indd,akahramanoglu,472,pdf,Books/b-Library_Hzm-20260601T230631Z-3-001/b-Library_Hzm/Kadın Sahabeler/Hz Aişe Ra_Reşid Haylamaz.pdf,1889919,803fbd975ca6a0e9f4a4ee34c32d15e925219984e8d2a50eb7e031b1f9eb85f9,2026-08-14 16:18:51
94,Rehber Hanimlar gulyurduyayinlari,Bilinmiyor,289,pdf,Books/b-Library_Hzm-20260601T230631Z-3-001/b-Library_Hzm/Kadın Sahabeler/Rehber Hanimlar-gulyurduyayinlari.pdf,1039809,a68d74012612fbf0f8cf5b073912606a342fd0988d3ae8fe340f066fe13e90c4,2026-08-14 16:18:51
95,Selma Basar - Zahide Hanimlar - GulYurduYayinlari,Selma Basar,309,pdf,Books/b-Library_Hzm-20260601T230631Z-3-001/b-Library_Hzm/Kadın Sahabeler/Zahide-hanimlar-gulyurduyayinlari.pdf,1248281,ec7f6d4227087b6e0f3c4622a2a90e77cf386da4b08be408af693574c87b7e3e,2026-08-14 16:18:51
96,Allah Kelâmı Kur'an-ı Kerîm ve Açıklamalı Meali,Ali Ünal,3601,pdf,Books/b-Library_Hzm-20260601T230631Z-3-001/b-Library_Hzm/Kur_an-Meal-Hzm/Ali Unal-Kur-an-i-Kerim-Meal1.pdf,78094161,c5bc663ca04d80ac85cc905ee5a29bf28a04d7d8b8efc0fb7f7f08c5cdab4c26,2026-08-14 16:18:51
97,Ali Unal - Allah Kelami Kur'an-i Kerim ve Aciklamali Meali 19mb - DefineYayinlari,Ali Unal,1537,pdf,Books/b-Library_Hzm-20260601T230631Z-3-001/b-Library_Hzm/Kur_an-Meal-Hzm/Ali Unal-Kuran-i-Kerim-Meal2.pdf,20532907,aa89258f9216ff3618f3d78af5107a13d7795c74ffe2d27d592b6f79042e86a7,2026-08-14 16:18:51
98,Ali Unal The Quran with Annotated interpretation,Ali Ünal,1327,pdf,Books/b-Library_Hzm-20260601T230631Z-3-001/b-Library_Hzm/Kur_an-Meal-Hzm/Ali Unal-The-Quran-with-Annotated-interpretation-.pdf,6576436,b30bdd1369811ae2b43d5d76f4fec1942dd849ad5e2e3f95f6714ac95d7493f6,2026-08-14 16:18:51
99,Kuran kulubuddaria fontu -14-02-2014.indd,skalyoncu,623,pdf,Books/b-Library_Hzm-20260601T230631Z-3-001/b-Library_Hzm/Kur_an-Meal-Hzm/Kuran-i_Kerim-OKU.pdf,9552992,4e61cee5fa2e708041affbdfe789a800b0157768866fecf2513e1037cbc3178b,2026-08-14 16:18:51
100,Kisa Surelerin Tefsiri Yeni.indd,akahramanoglu,260,pdf,Books/b-Library_Hzm-20260601T230631Z-3-001/b-Library_Hzm/Kur_an-Tefsir-Hzm/Davut Aydüz-Kısa Surelerin Tefsiri.pdf,1561623,12fcb567385f41b2c4a6b0124fbff6399d54b1e302c5d7009be125a00b2396c5,2026-08-14 16:18:51
101,Davut Ayduz - 5 Vakit 4 Asir - Namazdan Sonra Okunan Ayetlerin Tefsiri - DefineYayinlari,Davut Ayduz,335,pdf,Books/b-Library_Hzm-20260601T230631Z-3-001/b-Library_Hzm/Kur_an-Tefsir-Hzm/Davut-Ayduz-5-Vakit-4-Asir-Namazdan-Sonra-Okunan-Ayetlerin-Tefsiri-DefineYayinlari.pdf,1457223,ee4653a40b7ff517f6599a6aa56b6cf42701ab938fb0fd6a07176c3a18313851,2026-08-14 16:18:52
102,Abdullah Emin Cimen - Nicin Helak Oldular - IsikAkademiY,Abdullah Emin Cimen,633,pdf,Books/b-Library_Hzm-20260601T230631Z-3-001/b-Library_Hzm/Kur_an-Tefsir-Hzm/Nicin-Helak-Oldular-Abdullah-Emin-Cimen-.pdf,7402816,9ffa5cdfcd2979439d604b37802dd1e9b37627d7bf25e7e7a54f26b7bb7efa3a,2026-08-14 16:18:52
103,PEYGAMBERİMİZİN KURANI TEFSİRİ,Misafir,83,pdf,Books/b-Library_Hzm-20260601T230631Z-3-001/b-Library_Hzm/Kur_an-Tefsir-Hzm/PEYGAMBERİMİZİN-KURANI-TEFSİRİ-Suat-Yıldırım.pdf,2124184,be622e6e95fa789fc3c57296945694271a576e5a997d090ea84c2b54d8510196,2026-08-14 16:18:52
104,Sadi Eren - Kuranda Tesbih ve Temsiller - IsikAkademiY,Sadi Eren,264,pdf,Books/b-Library_Hzm-20260601T230631Z-3-001/b-Library_Hzm/Kur`an-Hzm/Kuranda-Tesbih-Ve-Temsiller-Sadi-Eren.pdf,1090327,5a850eba474d7c6700a2ed0aa60d77e3e3aaa9046bd8c00366abb4dfac32155c,2026-08-14 16:18:52
105,Ali Can - Kuranda Ehli Kitapla Muhabbet - IsikAkademiY,Ali Can,481,pdf,Books/b-Library_Hzm-20260601T230631Z-3-001/b-Library_Hzm/Kuranda-Ehli-Kitapla-Muhabbet-IsikAkademiY-pdf.pdf,1538147,955531ad3027aeb280220329128478ffdf7fc30b60005210d770271aa4b44bb0,2026-08-14 16:18:52
106,Abdulkadir Suphandagi - Kutlu Zamanlar - RehberYayinlari,Abdulkadir Suphandagi,208,pdf,Books/b-Library_Hzm-20260601T230631Z-3-001/b-Library_Hzm/Kutlu Zamanlar.pdf,886618,ba41ffa1475085cba2ed1efe44dea7a0e3b549dcbd84215d4e2bdf7f1814e0a9,2026-08-14 16:18:52
107,Fethullah Gülen’s Teaching and Practice Paul Weller,M. Fethullah Gülen,261,pdf,Books/b-Library_Hzm-20260601T230631Z-3-001/b-Library_Hzm/MFG/Fethullah Gülen’s Teaching and Practice-Paul Weller.pdf,1884016,8b02232e9475591dc063fdb3ca0842430ffd6360aa4977b75b56b67bd1a925af,2026-08-14 16:18:52
108,Fethullah Gulen Biography,M. Fethullah Gülen,52,pdf,Books/b-Library_Hzm-20260601T230631Z-3-001/b-Library_Hzm/MFG/Fethullah-Gulen-Biography.pdf,3082189,20c2a58dbad0e26ffe7c04f07dbcef0bbda202c32d0277a581e835c1038adbec,2026-08-14 16:18:52
109,Farkli Seslerin Âhengi Gülen Hareketi.indd,akahramanoglu,256,pdf,Books/b-Library_Hzm-20260601T230631Z-3-001/b-Library_Hzm/MFG/Gulen-Hareketi-1-Farkli-Seslerin-Ahengi-M-F-Gulen.pdf,978015,6009d73f8921c1ac01d1e7d5e14c596ef74e4ec78bbb95116b6ea3b5517b0fac,2026-08-14 16:18:52
110,Abulhamid Sahhar - Meryem Oglu Isa - KaynakYayinlari,Abulhamid Sahhar,361,pdf,Books/b-Library_Hzm-20260601T230631Z-3-001/b-Library_Hzm/Meryem-Oglu-Isa-KaynakYayinlari-pdf.pdf,956794,14bb9d23d3490936cda5cfe0cbb363b6bc6a036ddd97f7ac59cbf68aa0be14bb,2026-08-14 16:18:52
111,Mehmet Seker - Metafizik Aleminin Sakinleri Melekler ve Cinler - IsikYayinlari,Bilinmiyor,137,pdf,Books/b-Library_Hzm-20260601T230631Z-3-001/b-Library_Hzm/Metafizik-Aleminin-Sakinleri-Melekler-ve-Cinler-Mehmet-Seker-IsikYayinlari.pdf,786243,5aabb1f3b9ddf2c310df8b45c0a412a4bf31b81b96f2b654bc8b6eb644fdeb9e,2026-08-14 16:18:52
112,Namazı Anlayarak Kılmak,Davut Aydüz,122,pdf,Books/b-Library_Hzm-20260601T230631Z-3-001/b-Library_Hzm/Namaz/Davut-Ayduz-Namazı-Anlayarak-Kılmak.pdf,1042193,1f9b6c62a70cc0eac502f5628283050d8be64456007d12936b140d7ae6f84c42,2026-08-14 16:18:52
113,Dinimin Diregi Namaz Suleyman Bosnali,Bilinmiyor,226,pdf,Books/b-Library_Hzm-20260601T230631Z-3-001/b-Library_Hzm/Namaz/Dinimin-Diregi-Namaz-Suleyman-Bosnali.pdf,32193076,421a391e343b9edfb80ebabb25dfda60ae89aa3986dbae360e2f18bacafa1e8c,2026-08-14 16:18:52
114,Osmanlılarda Hilafet Mustafa Alkan,Bilinmiyor,283,pdf,Books/b-Library_Hzm-20260601T230631Z-3-001/b-Library_Hzm/Osmanlılarda-Hilafet-Mustafa-Alkan.pdf,11893397,8b7514cd895586da8b0d77b7960081b515045c9ded5287e84d170e28712e0fff,2026-08-14 16:18:52
115,sonsuznur01.qxp,iakdag,455,pdf,Books/b-Library_Hzm-20260601T230631Z-3-001/b-Library_Hzm/PRL-English/An-Analysis-of-the-Prophet-s-Life-The-Messenger-Of-God-Muhammad-Fethullah-Gulen.pdf,1195451,0987e3bf64c5a2223a3624e9cc3cc3cb564f0eeb0e99de3a84d31423f6dc02a8,2026-08-14 16:18:52
116,Questions and Answers about Islam (Vol.1),M. Fethullah Gulen,183,pdf,Books/b-Library_Hzm-20260601T230631Z-3-001/b-Library_Hzm/PRL-English/Questions-and-Answers-About-Islam-Vol-1-M-Fethullah-Gulen.pdf,932485,dfaf98416a0a0cf71f6bdf9baebcced4f49013d7c988db8ac4423df515451cb0,2026-08-14 16:18:52
117,tereddutler2(ing).qxd,iakdag,192,pdf,Books/b-Library_Hzm-20260601T230631Z-3-001/b-Library_Hzm/PRL-English/Questions-and-Answers-About-Islam-Vol-2-M-Fethullah-Gulen.pdf,550086,d615cd9a43c20e75e97518dc84416333644a8fb991a4520c49897f8429c9bde6,2026-08-14 16:18:52
118,essential.qxp,iakdag,282,pdf,Books/b-Library_Hzm-20260601T230631Z-3-001/b-Library_Hzm/PRL-English/The-Essentials-of-the-Islamic-Faith-Fethullah-Gulen.pdf,734797,487f4ff7987e4aca8769bf3bc72d15f792066c0fe091c26af8b125bdd6285c57,2026-08-14 16:18:52
119,The Messenger of God Muhammad An Analysis of the Prophet s Life,M. Fethullah Gülen,369,pdf,Books/b-Library_Hzm-20260601T230631Z-3-001/b-Library_Hzm/PRL-English/The-Messenger-of-God-Muhammad-An-Analysis-of-the-Prophet-s-Life.pdf,2293737,8953b1ebdb718c7401d488d963d610be940ba5fa199d860f9b855f5feabbd102,2026-08-14 16:18:52
120,Asrın Getirdiği Tereddütler-1,M. Fethullah Gülen,163,pdf,Books/b-Library_Hzm-20260601T230631Z-3-001/b-Library_Hzm/PRL/Asrin Getirdigi Tereddutler_1.pdf,883552,f81b113cbaefa3f71d526a83dc46cd141e8a529b7f44c9aab229a6f553d0a8ad,2026-08-14 16:18:52
121,Asrın Getirdiği Tereddütler-2,M. Fethullah Gülen,183,pdf,Books/b-Library_Hzm-20260601T230631Z-3-001/b-Library_Hzm/PRL/Asrin Getirdigi Tereddutler_2.pdf,1061546,8d9b2be8554e196655813ea2c86136b5f1ef579e8972fb2e93c81305b1779dda,2026-08-14 16:18:52
122,Asrın Getirdiği Tereddütler-3,M. Fethullah Gülen,173,pdf,Books/b-Library_Hzm-20260601T230631Z-3-001/b-Library_Hzm/PRL/Asrin Getirdigi Tereddutler_3.pdf,1029116,d293e83304d67107d5794a5e9a10ffe7e30d12837fe19afcecc3a9c0ac64816e,2026-08-14 16:18:52
123,Beyan,M. Fethullah Gülen,155,pdf,Books/b-Library_Hzm-20260601T230631Z-3-001/b-Library_Hzm/PRL/Beyan.pdf,828088,bad722958ccd2269ab488a75a455b815f1864f74eab5f78b6a77842db8875823,2026-08-14 16:18:52
124,Çağ ve Nesil - 1 (Çağ ve Nesil),M. Fethullah Gülen,123,pdf,Books/b-Library_Hzm-20260601T230631Z-3-001/b-Library_Hzm/PRL/CN_1_Cag ve Nesil.pdf,690608,7f1e6946829a0ff95dad8e907eca98ee8cf2d8308ea557a680e215e9da41e1e6,2026-08-14 16:18:52
125,Çağ ve Nesil - 2 (Buhranlar Anaforunda İnsan),M. Fethullah Gülen,102,pdf,Books/b-Library_Hzm-20260601T230631Z-3-001/b-Library_Hzm/PRL/CN_2_Buhranlar Anaforunda Insan.pdf,593110,71a9d97697489e684cafbbf10ff3b778679905a76d09a3dff7e468833c5ab00a,2026-08-14 16:18:52
126,Çağ ve Nesil - 3 (Yitirilmiş Cennete Doğru),M. Fethullah Gülen,95,pdf,Books/b-Library_Hzm-20260601T230631Z-3-001/b-Library_Hzm/PRL/CN_3_Yitirilmiş Cennete Doğru.pdf,580433,2ed02edf1d209d19da2dd5237dc764bdac5121e370edb0fb63f6ecc5aeeb4736,2026-08-14 16:18:52
127,CN 4 Zamanin Altin Dilimi,M. Fethullah Gülen,154,pdf,Books/b-Library_Hzm-20260601T230631Z-3-001/b-Library_Hzm/PRL/CN_4_Zamanin Altin Dilimi.pdf,816093,dd1aa4f1f1959acd2452ab6dfa98c2be5a6da544241e303d14e98f6a880b1874,2026-08-14 16:18:52
128,Çağ ve Nesil - 5 (Günler Baharı Soluklarken),M. Fethullah Gülen,117,pdf,Books/b-Library_Hzm-20260601T230631Z-3-001/b-Library_Hzm/PRL/CN_5_Gunler Bahari Soluklarken.pdf,642747,3d00c7040112ca0de6f819b5059c399a77dd028b1617ba26d347ade4714e5de1,2026-08-14 16:18:52
129,Çağ ve Nesil - 6 (Yeşeren Düşünceler),M. Fethullah Gülen,157,pdf,Books/b-Library_Hzm-20260601T230631Z-3-001/b-Library_Hzm/PRL/CN_6_Yeseren Dusunceler.pdf,877179,f4bd4f31547455608a14a9c2be18c270db49a8532a507c233f0a36f614cecf48,2026-08-14 16:18:52
130,Çağ ve Nesil - 7 (Işığın Göründüğü Ufuk),M. Fethullah Gülen,219,pdf,Books/b-Library_Hzm-20260601T230631Z-3-001/b-Library_Hzm/PRL/CN_7_Isigin Gorundugu Ufuk.pdf,1086013,864f49f96a42679dc2e612f031c98595111c40e9e81951629453fe932b143480,2026-08-14 16:18:52
131,Çekirdekten Çınara,M. Fethullah Gülen,138,pdf,Books/b-Library_Hzm-20260601T230631Z-3-001/b-Library_Hzm/PRL/Cekirdekten-Cinara-M.-Fethullah-Gulen.pdf,889085,dcd953576c7e46dee06abdbdb08233547c7c9e7839f88a34ef7d3e8b2f9abd0e,2026-08-14 16:18:52
132,Fasıldan Fasıla-1,M. Fethullah Gülen,313,pdf,Books/b-Library_Hzm-20260601T230631Z-3-001/b-Library_Hzm/PRL/Fasıldan Fasıla-1.pdf,773643,88c1caa141e953b7339367906eaabc230d04f1d8bafebe14caffbbb2ded8f317,2026-08-14 16:18:52
133,Fasıldan Fasıla-5  ⠀䘀椀欀椀爀 䄀琀氀愀猁㄀),M. Fethullah Gülen,127,pdf,Books/b-Library_Hzm-20260601T230631Z-3-001/b-Library_Hzm/PRL/Fasıldan Fasıla-5 - Fikir Atlası.pdf,790627,f386ce6b7edce71db6dc7935f0022c77050ce5e6c6905eb454c9b49819ba1af8,2026-08-14 16:18:52
134,Gaybın Son Habercisi Hz. Muhammed (SAV) - M F Gulen,M F Gulen,168,pdf,Books/b-Library_Hzm-20260601T230631Z-3-001/b-Library_Hzm/PRL/Gaybın Son Habercisi.pdf,675469,bb8503b8f7bf1506722c077bae555dcb77576b3e8b3b544da4055e773061cb07,2026-08-14 16:18:52
135,Hüzmeler ve İktibaslar,M. Fethullah Gulen,70,pdf,Books/b-Library_Hzm-20260601T230631Z-3-001/b-Library_Hzm/PRL/Hüzmeler ve İktibaslar.pdf,417824,e96e521c9aa7ecdbf845b453bf1d59d832ee62a7fe7c9fdee792fb945156f835,2026-08-14 16:18:52
136,Kırık Testi-1 (Kırık Testi),M. Fethullah Gülen,168,pdf,Books/b-Library_Hzm-20260601T230631Z-3-001/b-Library_Hzm/PRL/KT-1-Kırık Testi.pdf,1107188,fabd5df6cd034fbd8a63329c672b155f3eb08afe3efb9ed55e436a730589cb2b,2026-08-14 16:18:52
137,Buhranlı Günler ve Ümit Atlasımız - Kırık Testi 14,M. Fethullah Gülen,186,pdf,Books/b-Library_Hzm-20260601T230631Z-3-001/b-Library_Hzm/PRL/KT-14-Buhranlı Günler ve Ümit Atlası.pdf,1273962,834423e659b6ce65608ccc2d0b945286154a31659686a5c23f832e8f2c54caa7,2026-08-14 16:18:52
138,İSTİKAMET ÇİZGİSİ,M. Fethullah Gülen,211,pdf,Books/b-Library_Hzm-20260601T230631Z-3-001/b-Library_Hzm/PRL/KT-17-İstikamet Çizgisi.pdf,2988365,7ff4e535573dcb44ce58beb2e0a7b1f1921f2dfe4c656438d7d7b01d8a78fa91,2026-08-14 16:18:52
139,İMTİHANLAR KUŞAĞI,M. Fethullah Gülen,241,pdf,Books/b-Library_Hzm-20260601T230631Z-3-001/b-Library_Hzm/PRL/KT-18-İmtihanlar Kuşağı.pdf,2977669,695d2ba3de270bfc4d472198f015640094bffb8f8401ee8843cb94e067b556ab,2026-08-14 16:18:52
140,Kırık Testi-2 (Sohbeti Canan),M. Fethullah Gülen,136,pdf,Books/b-Library_Hzm-20260601T230631Z-3-001/b-Library_Hzm/PRL/KT-2-Sohbeti Canan.pdf,872831,21af07252d8e2e56fac423ce3b3f5c4ba59eb72bea8cff28ae5f84768d68c254,2026-08-14 16:18:52
141,Kırık Testi-4 (Ümit Burcu),M. Fethullah Gülen,269,pdf,Books/b-Library_Hzm-20260601T230631Z-3-001/b-Library_Hzm/PRL/KT-4-Ümit Burcu.pdf,1516475,cd245cf925daf63c3626caba35b57f18c750b39c83db8d58aca0fac3a239fef4,2026-08-14 16:18:52
142,Kalbin Solukları - M F Gulen,M F Gulen,585,pdf,Books/b-Library_Hzm-20260601T230631Z-3-001/b-Library_Hzm/PRL/Kalbin Solukları.pdf,2282684,74f6c7d8bf4f072c81135eacfe247f5a8320d58e9ef47b2182f44b81905e79bf,2026-08-14 16:18:52
143,Kur'an'ın Altın İkliminde,M. Fethullah Gülen,431,pdf,Books/b-Library_Hzm-20260601T230631Z-3-001/b-Library_Hzm/PRL/Kuranin-Altin-Ikliminde-M.-Fethullah-Gulen.pdf,2232002,32ffafcce73040f79696bdedbbaee207e1d8e00a9e78ef0e6a815484f0549a01,2026-08-14 16:18:52
144,Ölçü veya Yoldaki Işıklar,M. Fethullah Gülen,162,pdf,Books/b-Library_Hzm-20260601T230631Z-3-001/b-Library_Hzm/PRL/Olcu-veya-Yoldaki-Isiklar-M.-Fethullah-Gulen.pdf,734653,efbe62e61a4ed2f4501469afcf9c4b5da91dca1363dff3d7e9c9cf192eeda81d,2026-08-14 16:18:52
145,Ölüm ve Ötesi Hayat,M. Fethullah Gülen,67,pdf,Books/b-Library_Hzm-20260601T230631Z-3-001/b-Library_Hzm/PRL/Olum-ve-Otesi-Hayat-M.-Fethullah-Gulen.pdf,570770,a69617ec5b20cb12abc73ef9bbf21751c4781658c9e2a3bb57488106f51ee850,2026-08-14 16:18:52
146,Oruc_2019_04_03_jeneriksiz,Unknown,164,pdf,Books/b-Library_Hzm-20260601T230631Z-3-001/b-Library_Hzm/PRL/Oruç-Gufranla Tüllenen İbadet.pdf,1180172,8dc00fdb46d9a95d7e202f60dcb7ad2b1ebc81957796b819cd4f8436225c42ba,2026-08-14 16:18:52
147,SA 2 Bahar Neşidesi,M. Fethullah Gülen,150,pdf,Books/b-Library_Hzm-20260601T230631Z-3-001/b-Library_Hzm/PRL/SA-2_Bahar Neşidesi.pdf,1243783,7b1c262e5ae9fcd8df11e9f51974104aba2adeb8fae45ee30db7881784be7b08,2026-08-14 16:18:52
148,Sonsuz Nur-1,M. Fethullah Gülen,450,pdf,Books/b-Library_Hzm-20260601T230631Z-3-001/b-Library_Hzm/PRL/Sonsuz-Nur-1-M.-Fethullah-Gulen.pdf,3028366,9688733c66d6bd0d0138be02accbe457b8fa7861ed875031494c0a878576abd1,2026-08-14 16:18:52
149,B Said Nursi - Nurlardan Secmeler-1 - MustuY,B Said Nursi,193,pdf,Books/b-Library_Hzm-20260601T230631Z-3-001/b-Library_Hzm/RN-Külliyat-Hzm/RN-Seçmeler/Nurlardan-secmeler-1-Sözler_den.pdf,926216,c49ac7502861f5e8df79b42218edf32b07973c26ce8cd86aa40b3041d3d46a14,2026-08-14 16:18:52
150,B Said Nursi - Nurlardan Secmeler-2 - MustuY,B Said Nursi,221,pdf,Books/b-Library_Hzm-20260601T230631Z-3-001/b-Library_Hzm/RN-Külliyat-Hzm/RN-Seçmeler/Nurlardan-secmeler-2-Sözler_den.pdf,1105859,082e6ea397a27884e8132c341ffab519c2470b004718990cf852a70ead334def,2026-08-14 16:18:52
151,Sayit Kocer - Efendimizin sav Ramazani - IsikYayinlari,Bilinmiyor,111,pdf,Books/b-Library_Hzm-20260601T230631Z-3-001/b-Library_Hzm/Ramazan-Oruç-Üç aylar/sayit-kocer-efendimizin-sav-ramazani-isikyayinlari.pdf,917864,2b75f7bf14b296552caa9da293f5caa7a7e239d4e15e1dcd795c4c8ab5b9285c,2026-08-14 16:18:52
152,M Yusuf Guven - O Fatih Belbagi - Hakikat Penceresi mi Hayal Perdesimi mi - Rüya - GulYurduYayinlari,M Yusuf Guven - O Fatih Belbagi,273,pdf,Books/b-Library_Hzm-20260601T230631Z-3-001/b-Library_Hzm/Rüya-Hakikat-Penceresi-mi-Hayal-Perdesimi-mi-M-Yusuf-Guven-O-Fatih-Belbagi.pdf,703981,b74a032164a46700e25916dabbbcd334022f5ef56ac263f8c7d7233feae8e162,2026-08-14 16:18:52
153,Aisha,Resit Haylamaz,242,pdf,Books/b-Library_Hzm-20260601T230631Z-3-001/b-Library_Hzm/Sahabe-Hzm-English/Hz Aisha-the-wife-the-companion-the-scholar-Reşit Haylamaz.pdf,1465483,eae993ed8cdc320007709b26624f9b07daf170ea95eb942890d1d4a9e74a05a3,2026-08-14 16:18:52
154,Ahmet Kurucan - Zuhtu Mercan - Asere-i Mübessere - IsikYayinlari,Bilinmiyor,357,pdf,Books/b-Library_Hzm-20260601T230631Z-3-001/b-Library_Hzm/Sahabe-Hzm/Asere-i-Mubessere-IsikYayinlari-Ahmet-Kurucan-Zuhtu-Mercan.pdf,955018,d661c9340889a204167c66b0fc48824e5625d8f8e54ac87f318ca6c44286c015,2026-08-14 16:18:52
155,Sahabe Hayat -2. Cilt.indd,akahramanoglu,453,pdf,Books/b-Library_Hzm-20260601T230631Z-3-001/b-Library_Hzm/Sahabe-Hzm/Hayatus Sahabe - Muhtasar 2.pdf,2166830,ac434b73b705068b55dc2db96db18e08679e281e1adc783b5af62f63e42560a3,2026-08-14 16:18:52
156,M Yusuf Kandehlevi - Hayatus Sahabe - Muhtasar Cilt-1 - IsikYayinlari,Bilinmiyor,497,pdf,Books/b-Library_Hzm-20260601T230631Z-3-001/b-Library_Hzm/Sahabe-Hzm/Hayatus-Sahabe-Muhtasar-Cilt-1-M-Yusuf-Kandehlevi.pdf,1837232,c7134df3223ac8fe02dbd32e676d9aa4b1fbf9432fa5529dc19c088e881a76cc,2026-08-14 16:18:52
157,Hazreti Ebu Bekir,Bilinmiyor,192,pdf,Books/b-Library_Hzm-20260601T230631Z-3-001/b-Library_Hzm/Sahabe-Hzm/Hazreti Ebu Bekir.pdf,5553876,270b5e89cab9efd25248a62c125db3da7cc82d52eb7bf7de227bcad932b68c8d,2026-08-14 16:18:52
158,Hz. Ali,Bilinmiyor,138,pdf,Books/b-Library_Hzm-20260601T230631Z-3-001/b-Library_Hzm/Sahabe-Hzm/Hz. Ali.pdf,4319581,222ade89267094ad046fc0cd2ec4d6946b1816463f40312b1cbbb28a5ee1ecca,2026-08-14 16:18:52
159,SULTAN OF HEARTS : prophet muhammad,"HAYLAMAZ, RESIT",892,pdf,Books/b-Library_Hzm-20260601T230631Z-3-001/b-Library_Hzm/Sahabe-Hzm/Sultan-of-Hearts-Prophet-Muhammad-Haylamaz-Resit.pdf,59952388,494f3d336586ed4ebeea8806e457709fe6a3985f9f80243c1013506a4bc9d6ec,2026-08-14 16:18:52
160,Suat Yildirim - Oryantalistlerin Yanilgilari - UfukYayinlari,Suat Yildirim,340,pdf,Books/b-Library_Hzm-20260601T230631Z-3-001/b-Library_Hzm/Suat Yıldırım/Suat Yildirim-Oryantalistlerin Yanilgilari - UfukYayinlari.pdf,1472293,80ee50f22e2e96ac3e09609d72be185385b5e048cb3b168e9d92e7d822450018,2026-08-14 16:18:52
161,Peygamberler Tarihi,Asim Koksal,936,pdf,Books/b-Library_Hzm-20260601T230631Z-3-001/b-Library_Hzm/Tarih-Hzm/M. Asım Köksal - Peygamberler Tarihi .pdf,8279464,99cf4a9871aceafe17c597103d9bb820e08634f539629b5235e13d7632723bdf,2026-08-14 16:18:52
162,Feridun M Emecan - Yavuz Sultan Selim - Zamanın Iskenderi Sarkin Fatihi - YitikHazineYayinlari,Feridun M Emecan,449,pdf,Books/b-Library_Hzm-20260601T230631Z-3-001/b-Library_Hzm/Tarih-Hzm/Yavuz-Sultan-Selim-Feridun-M-Emecan.pdf,10702661,7869b512a2cb6a106ebd74ed910fb804906b2e12c39793332b1d265089844022,2026-08-14 16:18:52
163,İslam Tarihi 1,Bilinmiyor,704,pdf,Books/b-Library_Hzm-20260601T230631Z-3-001/b-Library_Hzm/Tarih-Hzm/İslam Tarihi_1.pdf,3706303,a2edda59c136de13414a79bb40c344b50ed004254a92fb0bd12993b3f7a415f6,2026-08-14 16:18:52
164,İslam Tarihi 2,Bilinmiyor,774,pdf,Books/b-Library_Hzm-20260601T230631Z-3-001/b-Library_Hzm/Tarih-Hzm/İslam Tarihi_2.pdf,4779206,97203a4ec495da63f502b0b6c3ce505ebf140b88cbd9ad156536128294b79ac6,2026-08-14 16:18:52
165,İslam Tarihi 3,Bilinmiyor,889,pdf,Books/b-Library_Hzm-20260601T230631Z-3-001/b-Library_Hzm/Tarih-Hzm/İslam Tarihi_3.pdf,4019369,cf0d10212d453ba627f0a8d5415cd667ae9add44b486a49820a020ea1a394a2e,2026-08-14 16:18:52
166,İslam Tarihi 4,Bilinmiyor,930,pdf,Books/b-Library_Hzm-20260601T230631Z-3-001/b-Library_Hzm/Tarih-Hzm/İslam Tarihi_4.pdf,4165500,a8372330827f025b01272af3946a9154590bbbdad68817d10276946c348be6f3,2026-08-14 16:18:52
167,Asli Kaplan - Kozmik Perde - AltinBurcYayinlari,Asli Kaplan,140,pdf,Books/b-Library_Hzm-20260601T230631Z-3-001/b-Library_Hzm/Tefekkür-Bilim-Hzm/Asli-Kaplan-Kozmik-Perde-AltinBurcYayinlari-pdf.pdf,8678230,20c471d772790298ace3b4eaca9324daffe4487617056c1fea453767a845d511,2026-08-14 16:18:52
168,Yilmaz Sadikli - Kainattaki Gizli Imza - Altin Oran - AltinBurcYayinlari,Yilmaz Sadikli,81,pdf,Books/b-Library_Hzm-20260601T230631Z-3-001/b-Library_Hzm/Tefekkür-Bilim-Hzm/Kainattaki Gizli Imza - Altin Oran - AltinBurcYayinlari (Yilmaz Sadikli) (z-lib.org).pdf,14432565,63aa67ce828af133a99bf1b5b61b4be6ef6ebfb1b9da046d782e58bda6c337be,2026-08-14 16:18:52
169,Ersin Osman Sogutlu - Zekamatik - AltinBurcYayinlari,Ersin Osman Sogutlu,81,pdf,Books/b-Library_Hzm-20260601T230631Z-3-001/b-Library_Hzm/Tefekkür-Bilim-Hzm/Zekamatik-AltinBurcYayinlari.pdf,3834505,3f461f9e70d2ef153d01ba418d79c37b0041ad3111b4e17edf55665dac041e96,2026-08-14 16:18:52
170,Hak Dini Kur'an Dili 1,Construction.design,561,pdf,Books/b-Library_Hzm-20260601T230631Z-3-001/b-Library_Hzm/Tefsir-Elmalılı Tefsiri-ZAMAN.pdf/Elmalili - Hak Dini Kuran Dili-01.pdf,37794532,b2178b141fba03d5fea54659fb7bd74ba7a06f8011b19c1074079d322da02e36,2026-08-14 16:18:52
171,Hak Dini Kur'an Dili 5,Construction.design,569,pdf,Books/b-Library_Hzm-20260601T230631Z-3-001/b-Library_Hzm/Tefsir-Elmalılı Tefsiri-ZAMAN.pdf/Elmalili - Hak Dini Kuran Dili-05.pdf,32453550,ce92dd87897267820a12ab0a86d552034042f2753567e0c837d6c1683fca7956,2026-08-14 16:18:52
172,Hak Dini Kur'an Dili 6,Construction.design,572,pdf,Books/b-Library_Hzm-20260601T230631Z-3-001/b-Library_Hzm/Tefsir-Elmalılı Tefsiri-ZAMAN.pdf/Elmalili - Hak Dini Kuran Dili-06.pdf,33673953,857e12cb9bb0b3a164c858c95e3ab3856e300eda0d07aa9287281614c758bb06,2026-08-14 16:18:52
173,Hak Dini Kur'an Dili 10,Construction.design,350,pdf,Books/b-Library_Hzm-20260601T230631Z-3-001/b-Library_Hzm/Tefsir-Elmalılı Tefsiri-ZAMAN.pdf/Elmalili - Hak Dini Kuran Dili-10.pdf,21943882,bd86d44b39415e5ef77fa1de283dfb6c5528c6fafe7e0ec68b8f1ea4e2ecdbfd,2026-08-14 16:18:52
174,Hak Dini Kuran Dili Tefsiri Bütün Ciltler,Bilinmiyor,5596,pdf,Books/b-Library_Hzm-20260601T230631Z-3-001/b-Library_Hzm/Tefsir-Elmalılı Tefsiri-ZAMAN.pdf/Hak Dini Kuran Dili Tefsiri Bütün Ciltler.pdf,120613664,0175263109ef1d2c13a44dd0a01bd6da929dfb1020ce3b8002c7e9ed4b7130b8,2026-08-14 16:18:52
175,Turkce Calisma Kitabi 11 Harmony,Bilinmiyor,67,pdf,Books/b-Library_Hzm-20260601T230631Z-3-001/b-Library_Hzm/Turkce/Turkce-Calisma-Kitabi-11-Harmony.pdf,73491869,0497a28e3c2174db9289bf7ccf7333e906dc744b106ce44cd48d234b523c6187,2026-08-14 16:18:52
176,B Jill Carrol - Medeniyetler Diyalogu - Gulenin islami Ogretisi ve Humanist Soylem - UfukYayinlari,B Jill Carrol,168,pdf,Books/b-Library_Hzm-20260601T230631Z-3-001/b-Library_Hzm/Ufuk Yayinlari/B Jill Carrol - Medeniyetler Diyalogu - Gulenin islami Ogretisi ve Humanist Soylem - UfukYayinlari.pdf,1004580,4416f6082435b8db7e52a65b4550c757643ffb6727c83a39685de4e66c8393be,2026-08-14 16:18:52
177,E Mazhar Kurt - Yaratilis Tabiatin ilahi Emirle Varolusu - UfukYayinlari,E Mazhar Kurt,188,pdf,Books/b-Library_Hzm-20260601T230631Z-3-001/b-Library_Hzm/Ufuk Yayinlari/E Mazhar Kurt - Yaratilis Tabiatin ilahi Emirle Varolusu - UfukYayinlari.pdf,816061,d288cd8b23e3d16e2a474d3ff03d593d355b8fbf2a0402c1a5e04e4cb1534dc1,2026-08-14 16:18:52
178,Erkam Tufan Aytav - Demokratiklesme Surecinde Turkiyede Oteki Olmak - UfukYayinlari,Erkam Tufan Aytav,224,pdf,Books/b-Library_Hzm-20260601T230631Z-3-001/b-Library_Hzm/Ufuk Yayinlari/Erkam Tufan Aytav - Demokratiklesme Surecinde Turkiyede Oteki Olmak - UfukYayinlari.pdf,642440,8732e8abeb85793ef2db50b9352015626e2eb8b7a92338512aa74d1956c75c46,2026-08-14 16:18:52
179,Hayrettin Karaman - Hakkani Mehmet Bey - Hilye - Gonullerin Susu Hanelerin Zineti - UfukYayinlari,Hayrettin Karaman,217,pdf,Books/b-Library_Hzm-20260601T230631Z-3-001/b-Library_Hzm/Ufuk Yayinlari/Hayrettin Karaman - Hakkani Mehmet Bey - Hilye - Gonullerin Susu Hanelerin Zineti - UfukYayinlari.pdf,58901735,9dc388c0880f5400c7d9ebb34850973f06b62b2e206f345dc7d6d972e5ecd04f,2026-08-14 16:18:52
180,Kuresel Dunyada islam-1 -Vincent Geisser - islamofobi - UfukYayinlari,Kuresel Dunyada islam-1 -Vincent Geisser,134,pdf,Books/b-Library_Hzm-20260601T230631Z-3-001/b-Library_Hzm/Ufuk Yayinlari/Kuresel Dunyada islam-1 -Vincent Geisser -  islamofobi - UfukYayinlari.pdf,650956,3c33027527d23e076c7aad3f6d9972708e904ef03dc3c4ef16e79de5bdcb5445,2026-08-14 16:18:52
181,Kuresel Dunyada islam-2 - Ahmet Kurucan - ABD ve Din - UfukYayinlari,Ahmet Kurucan,151,pdf,Books/b-Library_Hzm-20260601T230631Z-3-001/b-Library_Hzm/Ufuk Yayinlari/Kuresel Dunyada islam-2 - Ahmet Kurucan - ABD ve Din - UfukYayinlari.pdf,692255,c9fe98c60c525036c46b91feeb2d5b6740464d1c8bd266f6f911307642237643,2026-08-14 16:18:52
182,Mesnevi Hikayelerinden-1 - Kadir Ozkose - Ten Kafesinden Kurtulus - UfukYayinlari,Mesnevi Hikayelerinden-1,238,pdf,Books/b-Library_Hzm-20260601T230631Z-3-001/b-Library_Hzm/Ufuk Yayinlari/Mesnevi Hikayelerinden-1 - Kadir Ozkose - Ten Kafesinden Kurtulus - UfukYayinlari.pdf,1009583,1196c9289cbffd9fe0fc7360c84e2ff8b7b35d46b709f92a6a04e0cb70a25486,2026-08-14 16:18:52
183,Mesnevi Hikayelerinden-2 - Kadir Ozkose - Gafletten Kurtulus - UfukYayinlari,Mesnevi Hikayelerinden-2,246,pdf,Books/b-Library_Hzm-20260601T230631Z-3-001/b-Library_Hzm/Ufuk Yayinlari/Mesnevi Hikayelerinden-2 - Kadir Ozkose - Gafletten Kurtulus - UfukYayinlari.pdf,786198,0d1c7a02a6ade021d2590d964a74ce57477868ed1530f742f573491093e9106a,2026-08-14 16:18:52
184,Rainer Hermann - Turkiyede Neler Oluyor - Anadolunu Uyanisi ve Yeni Elitler - UfukYayinlari,Rainer Hermann,351,pdf,Books/b-Library_Hzm-20260601T230631Z-3-001/b-Library_Hzm/Ufuk Yayinlari/Rainer Hermann - Turkiyede Neler Oluyor - Anadolunu Uyanisi ve Yeni Elitler - UfukYayinlari.pdf,817359,a0549d7ef08bbed55fb7cf959040df9820f8d4fee48f14666d424b2d2b2c66b0,2026-08-14 16:18:52
185,Abdulhakim Yuce - Gece ibadeti - IsikYayinlari,Abdulhakim Yuce,175,pdf,Books/b-Library_Hzm-20260601T230631Z-3-001/b-Library_Hzm/Yazarlar-Hzm/Abdulhakim-Yuce-Gece-ibadeti.pdf,872786,a24c42723a37793d413caf6b8fafe3814e1e543345c1d73503e428b531d92098,2026-08-14 16:18:52
186,Alimler ve Zalimler,Ekrem Dumanli,93,pdf,Books/b-Library_Hzm-20260601T230631Z-3-001/b-Library_Hzm/Yazarlar-Hzm/Ekrem Dumanli-Alimler-Ve-Zalimler-Ekrem-Dumanli.pdf,1013670,1f0a80f3cc7d281360c2e206921471318aad7915855e61429e98a272d383c6fa,2026-08-14 16:18:52
187,Ibrahim Canan - Islamda Zaman Tanzimi - IsikAkademiY,Ibrahim Canan,201,pdf,Books/b-Library_Hzm-20260601T230631Z-3-001/b-Library_Hzm/Yazarlar-Hzm/Ibrahim-Canan-Islamda-Zaman Tanzimi.pdf,1725041,c96596048b21ac2dd6f1f4a829010dc7d418d79052f6d57deeaf7036afe06a15,2026-08-14 16:18:52
188,Osman Simsek - ibretlik Hatiralar - M Fethullah Gulenin Ruh Dunyasina Ayna - IsikYayinlari,Bilinmiyor,310,pdf,Books/b-Library_Hzm-20260601T230631Z-3-001/b-Library_Hzm/Yazarlar-Hzm/OS-Ibretlik-Hatiralar-M-Fethullah-Gulenin-Ruh-Dunyasina-Ayna-OS.pdf,1186830,832d1c3dbc75a71b48d58734928272b85df526469a611eff81c40b658755e2e8,2026-08-14 16:18:52
189,Osman Simsek -Pennsylvania Surgununde Bir Cocuk - IsikYayinlari,Bilinmiyor,222,pdf,Books/b-Library_Hzm-20260601T230631Z-3-001/b-Library_Hzm/Yazarlar-Hzm/OS-Pennsylvania-Surgununde-Bir-Cocuk.pdf,811899,9723933b698730e195fb16f68deabfde7ba0e715557996ec7d784f499890128f,2026-08-14 16:18:52
190,Vehbi Yildiz - ilham Kaynaklari - IsikYayinlari,Bilinmiyor,249,pdf,Books/b-Library_Hzm-20260601T230631Z-3-001/b-Library_Hzm/Yazarlar-Hzm/Vehbi Yildiz-İlham-kaynakları.pdf,1136724,83a2b77df4df03da5aeaf0b9e194eb53a168527b0dc0095bf3de72d7acc862cd,2026-08-14 16:18:52
191,İslamda Resim Heykel Musiki Ahmet Yakutcan Cuma Omur,Bilinmiyor,135,pdf,Books/b-Library_Hzm-20260601T230631Z-3-001/b-Library_Hzm/Yazarlar-Hzm/İslamda-Resim-Heykel-Musiki-Ahmet-Yakutcan-Cuma-Omur.pdf,3638862,e37bf5a784ce7ce1d78e79194cd4b44391e306c6fd9c410ab58a7aefccf3faea,2026-08-14 16:18:52
192,Cep Ilmihali Serisi - Numan Urbay - Soru-Cevaplı Hac ve Umre Ilmihali - RehberYayinlari,Numan Urbay,137,pdf,Books/b-Library_Hzm-20260601T230631Z-3-001/b-Library_Hzm/ilmihal-Cep-Hzm/hac-ve-umre-ilmihali-rehberyayinlari.pdf,583955,0258658d0603f3493d8245c2eec0cb3a26c437d971e23c94bd9356c615e94ee5,2026-08-14 16:18:52
193,Cep Ilmihali Serisi - Fatih Cimen - Soru-Cevapli Namaz Ilmihâli - RehberYayinlari,Fatih Cimen,216,pdf,Books/b-Library_Hzm-20260601T230631Z-3-001/b-Library_Hzm/ilmihal-Cep-Hzm/namaz-ilmihali-rehberyayinlari.pdf,752003,5bffabfa9fbbb4c87e58b16991c07715e45ecd3f1a24b6d0e5a806052d575207,2026-08-14 16:18:52
194,Cep Ilmihali Serisi - Fatih Cimen - Soru-Cevapli Oruc ilmihâli - RehberYayinlari,Fatih Cimen,183,pdf,Books/b-Library_Hzm-20260601T230631Z-3-001/b-Library_Hzm/ilmihal-Cep-Hzm/oruc-ilmihali-rehberyayinlari.pdf,688823,5fbb61a37f4a4d3eb491bb568f01cb8e661e152f09b16a60d0ecd44a217c3afa,2026-08-14 16:18:52
195,Cep Ilmihali Serisi - Osman Bilgen - Pratik ilmihal - RehberYayinlari,Osman Bilgen,217,pdf,Books/b-Library_Hzm-20260601T230631Z-3-001/b-Library_Hzm/ilmihal-Cep-Hzm/pratik-ilmihal-rehberyayinlari.pdf,2899128,b39737abc551c69e3debb4f22b9d25ded21ba40fb14dda5209bb90cb2fd7c2ad,2026-08-14 16:18:52
196,Cep Ilmihali Serisi - Mustafa Hikmet Senturk - Soru ve Cevaplarla Zekat - RehberYayinlari,Mustafa Hikmet Senturk,217,pdf,Books/b-Library_Hzm-20260601T230631Z-3-001/b-Library_Hzm/ilmihal-Cep-Hzm/zekat-rehberyayinlari.pdf,898944,da83d225e86c7765f374a951df68e823ea9376b64a237ae97e5163dd7656ae9f,2026-08-14 16:18:52
197,Bir Müslümanın Yol Haritası [İlmihal],HEYET,470,pdf,Books/b-Library_Hzm-20260601T230631Z-3-001/b-Library_Hzm/ilmihal-Hzm/Bir-Muslumanın-Yol-Haritası-Iman-ibadet-Ahlak.pdf,3377745,e8c46843622977aa28df232fe14e17ce61ef7d45b22aa44c79aedc8371a994fd,2026-08-14 16:18:52
198,Akademi Arastirma Heyeti - Bir Muslumanin Yol Haritasi - IsikYayinlari,Bilinmiyor,773,pdf,Books/b-Library_Hzm-20260601T230631Z-3-001/b-Library_Hzm/ilmihal-Hzm/Bir_Müslümanın_Yol_Haritası.pdf,4734584,d71dc6743e0dd1060736e7dc5922979c184a8d2c4cc91a7a502d026b106ab781,2026-08-14 16:18:52
199,A Basak Sezgin - Genclik Ilmihali - MustuY,A Basak Sezgin,161,pdf,Books/b-Library_Hzm-20260601T230631Z-3-001/b-Library_Hzm/ilmihal-Hzm/Genclik-ilmihali-mustuy.pdf,4674368,4c019efc4bccec66ee4f11ee643b47b55d0762ef994c9af5de80c4a0d4c3735f,2026-08-14 16:18:52
200,Pratik İlmihâl,Osman Bilgin,304,pdf,Books/b-Library_Hzm-20260601T230631Z-3-001/b-Library_Hzm/ilmihal-Hzm/Pratik-İlmihal-Osman-Bilgin-PDFDrive-com-pdf.pdf,2906941,f4e10dd77488babea0cfa5dedf9a73feb5154ba48a639ce82bf4777b413c1a7b,2026-08-14 16:18:52
201,Peygamberimizin Tebli Metotlar.indd,akahramanoglu,572,pdf,Books/b-Library_Hzm-20260601T230631Z-3-001/b-Library_Hzm/irşad-Tebliğ-Hzm/Peygamberimizin-teblig-metodlari.pdf,2390875,1da93e95ff3a57137954c32274f4f5fde4c077eb11a86bf1bfd5b7a93d8f25ea,2026-08-14 16:18:53
202,Doğuştan Günümüze Büyük İslam Tarihi Cilt 01,Bilinmiyor,623,pdf,Books/b-Library_Hzm-20260601T230631Z-3-001/b-Library_Hzm/islam Tarihi-ZAMAN/Doğuştan Günümüze Büyük İslam Tarihi Cilt 01.pdf,30089484,03026449810780bcd537621eda1413616c2a6eec3c2a16df45e96292b21df8d5,2026-08-14 16:18:53
203,Doğuştan Günümüze Büyük İslam Tarihi Cilt 02,Bilinmiyor,633,pdf,Books/b-Library_Hzm-20260601T230631Z-3-001/b-Library_Hzm/islam Tarihi-ZAMAN/Doğuştan Günümüze Büyük İslam Tarihi Cilt 02.pdf,29651817,b70b63f13fc3eafe2755d2fd55644c747933145b279c1dc64fc5ab5c48798f81,2026-08-14 16:18:53
204,Doğuştan Günümüze Büyük İslam Tarihi Cilt 03,Bilinmiyor,631,pdf,Books/b-Library_Hzm-20260601T230631Z-3-001/b-Library_Hzm/islam Tarihi-ZAMAN/Doğuştan Günümüze Büyük İslam Tarihi Cilt 03.pdf,27951684,55c746589061bef69e6f0807abdb9dccbcb2293f4e5c41473213e8fe0be5850a,2026-08-14 16:18:53
205,Doğuştan Günümüze Büyük İslam Tarihi Cilt 04,Bilinmiyor,624,pdf,Books/b-Library_Hzm-20260601T230631Z-3-001/b-Library_Hzm/islam Tarihi-ZAMAN/Doğuştan Günümüze Büyük İslam Tarihi Cilt 04.pdf,27726076,5e0f8a9a2e17843e689299572a4ce6e21213dabdd26995623866f06b20e587ee,2026-08-14 16:18:53
206,Doğuştan Günümüze Büyük İslam Tarihi Cilt 05,Bilinmiyor,621,pdf,Books/b-Library_Hzm-20260601T230631Z-3-001/b-Library_Hzm/islam Tarihi-ZAMAN/Doğuştan Günümüze Büyük İslam Tarihi Cilt 05.pdf,26710761,b7d034df84a9ca4f8a8b0c1b4a2028daae4b64d93cbaa5d97f49aa7e0f43fd5e,2026-08-14 16:18:53
207,Doğuştan Günümüze Büyük İslam Tarihi Cilt 06,Bilinmiyor,621,pdf,Books/b-Library_Hzm-20260601T230631Z-3-001/b-Library_Hzm/islam Tarihi-ZAMAN/Doğuştan Günümüze Büyük İslam Tarihi Cilt 06.pdf,28649500,51eefd3ea749296cfe553821297656a1257bf67f6e511527e84feb28d8ac66ca,2026-08-14 16:18:53
208,Doğuştan Günümüze Büyük İslam Tarihi Cilt 07,Bilinmiyor,617,pdf,Books/b-Library_Hzm-20260601T230631Z-3-001/b-Library_Hzm/islam Tarihi-ZAMAN/Doğuştan Günümüze Büyük İslam Tarihi Cilt 07.pdf,26322343,e0c978b7f56ee123f18c91c0051dcc9a3551cc71a07f6cf095d79541743c381d,2026-08-14 16:18:53
209,Doğuştan Günümüze Büyük İslam Tarihi Cilt 08,Bilinmiyor,639,pdf,Books/b-Library_Hzm-20260601T230631Z-3-001/b-Library_Hzm/islam Tarihi-ZAMAN/Doğuştan Günümüze Büyük İslam Tarihi Cilt 08.pdf,24213106,03cb92cf401b08f65d473607abf4f6a07d3e53a91ba51df06265677c89464057,2026-08-14 16:18:53
210,Doğuştan Günümüze Büyük İslam Tarihi Cilt 09,Bilinmiyor,647,pdf,Books/b-Library_Hzm-20260601T230631Z-3-001/b-Library_Hzm/islam Tarihi-ZAMAN/Doğuştan Günümüze Büyük İslam Tarihi Cilt 09.pdf,26201369,2922d6391e5f506a742028ada7cc2ba1587b24ccffa04a09f448656d048b6183,2026-08-14 16:18:53
211,Doğuştan Günümüze Büyük İslam Tarihi Cilt 10,Bilinmiyor,605,pdf,Books/b-Library_Hzm-20260601T230631Z-3-001/b-Library_Hzm/islam Tarihi-ZAMAN/Doğuştan Günümüze Büyük İslam Tarihi Cilt 10.pdf,22475922,0753f1950e945d7279d304f2766f20213cc01be909721a5b80870e631f14a3bb,2026-08-14 16:18:53
212,Doğuştan Günümüze Büyük İslam Tarihi Cilt 11,Bilinmiyor,609,pdf,Books/b-Library_Hzm-20260601T230631Z-3-001/b-Library_Hzm/islam Tarihi-ZAMAN/Doğuştan Günümüze Büyük İslam Tarihi Cilt 11.pdf,22020830,8b253c766391374050f0a16458f67210e2967c2c42213624435be070ee2a41b6,2026-08-14 16:18:53
213,Doğuştan Günümüze Büyük İslam Tarihi Cilt 12,Bilinmiyor,607,pdf,Books/b-Library_Hzm-20260601T230631Z-3-001/b-Library_Hzm/islam Tarihi-ZAMAN/Doğuştan Günümüze Büyük İslam Tarihi Cilt 12.pdf,24489915,e4ed8146d7da063e72ee34fc95a3b732591b17b02f0d7adc44b6e7c83ccdf48c,2026-08-14 16:18:53
214,Doğuştan Günümüze Büyük İslam Tarihi Cilt 13,Bilinmiyor,640,pdf,Books/b-Library_Hzm-20260601T230631Z-3-001/b-Library_Hzm/islam Tarihi-ZAMAN/Doğuştan Günümüze Büyük İslam Tarihi Cilt 13.pdf,20577216,482576ca04bdd29962112a697d03df13d2f7586c5dd1ece326dbbc9998b5acff,2026-08-14 16:18:53
215,Doğuştan Günümüze Büyük İslam Tarihi Cilt 14 Ek,Bilinmiyor,610,pdf,Books/b-Library_Hzm-20260601T230631Z-3-001/b-Library_Hzm/islam Tarihi-ZAMAN/Doğuştan Günümüze Büyük İslam Tarihi Cilt 14 Ek.pdf,20188216,3ac2f67636d19739889fb2af119fbdffecba3836eff08914ba336976dc0916e3,2026-08-14 16:18:53
216,Doğuştan Günümüze Büyük İslam Tarihi Cilt 14,Bilinmiyor,618,pdf,Books/b-Library_Hzm-20260601T230631Z-3-001/b-Library_Hzm/islam Tarihi-ZAMAN/Doğuştan Günümüze Büyük İslam Tarihi Cilt 14.pdf,21963493,c63ad44bc04e4768b5ff6262c9e88ebc41e4da8a5617e0109087b5baa323d47e,2026-08-14 16:18:53
217,Peygamber Efendimizin Mucizeleri-2 - Ruhi Demirel - Aglayan Kutuk - MustuY,Ruhi Demirel,97,pdf,Books/b-Library_Hzm-20260601T230631Z-3-001/b-Library_Hzm/Çocuklar için-Hzm/Peygamberimizin Mucizeleri-Çocuk/aglayan-kutuk-mustuy.pdf,2131829,8511ba2d1ea720fba97cf43e07624ed4c84984feaa3f55b35487aa47495a282f,2026-08-14 16:18:53
218,Peygamber Efendimizin Mucizeleri-5 - Ruhi Demirel - Bereketlenen Yemek - MustuY,Ruhi Demirel,97,pdf,Books/b-Library_Hzm-20260601T230631Z-3-001/b-Library_Hzm/Çocuklar için-Hzm/Peygamberimizin Mucizeleri-Çocuk/bereketlenen-yemek-mustuy.pdf,2650268,f05edfebf30a81575b9dbb3de551a3afc40c3c8dfcfa946a7045b73333dd3e2c,2026-08-14 16:18:53
219,Peygamber Efendimizin Mucizeleri-4 - Ruhi Demirel - Gokten Inen Su - MustuY,Ruhi Demirel,97,pdf,Books/b-Library_Hzm-20260601T230631Z-3-001/b-Library_Hzm/Çocuklar için-Hzm/Peygamberimizin Mucizeleri-Çocuk/gokten-inen-su-mustuy.pdf,2347843,bf904d1e1041b89cae7acef50cb5231ab6bf00201f7c6af58005461ffb1794f6,2026-08-14 16:18:53
220,Peygamber Efendimizin Mucizeleri-1 - Idris Ozdemir - Konusan Kurt - MustuY,Idris Ozdemir,97,pdf,Books/b-Library_Hzm-20260601T230631Z-3-001/b-Library_Hzm/Çocuklar için-Hzm/Peygamberimizin Mucizeleri-Çocuk/konusan-kurt-mustuy.pdf,1296609,c884e05007ee81a6f17090acd74630c792a03dce8fdcb738afb5422ce01e4802,2026-08-14 16:18:53
221,Peygamber Efendimizin Mucizeleri-6 - Ruhi Demirel - Isik Sacan Asa - MustuY,Ruhi Demirel,89,pdf,Books/b-Library_Hzm-20260601T230631Z-3-001/b-Library_Hzm/Çocuklar için-Hzm/Peygamberimizin Mucizeleri-Çocuk/peygamber-efendimizin-mucizeleri-6-ruhi-demirel-isik-sacan-asa-mustuy.pdf,1534240,b8d9226c1533840aa891660a8b402a81638a28eaf81136d01088a5f1603296c4,2026-08-14 16:18:53
222,Peygamber Efendimizin Mucizeleri-3 - Ruhi Demirel - Zikreden Taslar - MustuY,Ruhi Demirel,97,pdf,Books/b-Library_Hzm-20260601T230631Z-3-001/b-Library_Hzm/Çocuklar için-Hzm/Peygamberimizin Mucizeleri-Çocuk/zikreden-taslar-mustuy.pdf,2033213,d45d7756c48088c370a398a9aebbda8c46c5e7c37e912cd66785e071f1971f45,2026-08-14 16:18:53
223,Risale Hikayeleri Serisi - Murat Kaya - Akrebin Sifresi - MustuY,Murat Kaya,121,pdf,Books/b-Library_Hzm-20260601T230631Z-3-001/b-Library_Hzm/Çocuklar için-Hzm/Risale Hikayeleri/akrebin-sifresi-risale-hikayeleri-mustuy.pdf,407387,d958db229807003e903f91cdab1b6cefb1e20ce1e536fc3f783d82316c0c2586,2026-08-14 16:18:53
224,Risale Hikayeleri Serisi - Nur Pakdemirli - Gokkusaginin Ardindaki Ulke - MustuY,Nur Pakdemirli,97,pdf,Books/b-Library_Hzm-20260601T230631Z-3-001/b-Library_Hzm/Çocuklar için-Hzm/Risale Hikayeleri/gokkusaginin-ardindaki-ulke-risale-hikayeleri-mustuy.pdf,324239,b02de103e49fdb4baa06dca37bb43c25b7c31431827d1fb7b1eb4a5704deff95,2026-08-14 16:18:53
225,Sahabe Hayatindan-5 - Saadet Asrinda Dogruluk ve Sadakat - MustuY,MustuY,129,pdf,Books/b-Library_Hzm-20260601T230631Z-3-001/b-Library_Hzm/Çocuklar için-Hzm/Saadet Asrı-Çocuk/5-saadet-asrinda-Dogruluk-ve-sadakat-mustuy.pdf,398125,7b1f34959c01d27814061b5fca2d4fe042f6a0c78d91008e0bee90edc91ef90c,2026-08-14 16:18:53
226,Sahabe Hayatindan-6 - Saadet Asrinda Ilim ve Ibadet - MustuY,MustuY,169,pdf,Books/b-Library_Hzm-20260601T230631Z-3-001/b-Library_Hzm/Çocuklar için-Hzm/Saadet Asrı-Çocuk/6-saadet-asrinda-İlim-ve-ibadet-mustuy.pdf,482911,7ac9f40fd8a788fda24c7fb856f86487778c52f2cf26b6e80de47f4195228418,2026-08-14 16:18:53
227,Sahabe Hayatindan-1 - Saadet Asrinda Allah Sevgisi - MustuY,MustuY,201,pdf,Books/b-Library_Hzm-20260601T230631Z-3-001/b-Library_Hzm/Çocuklar için-Hzm/Sahabe Hayatından/1-Saadet-Asrinda-Allah-Sevgisi-Sahabe-Hayatindan-Mustuy.pdf,332848,66b83951a66cc3decdc9681384c6bb2f5b13d48bb150a2f4992ee5bb9639e592,2026-08-14 16:18:53
228,Sahabe Hayatindan-2 - Saadet Asrinda Resulullah Sevgisi - MustuY,MustuY,209,pdf,Books/b-Library_Hzm-20260601T230631Z-3-001/b-Library_Hzm/Çocuklar için-Hzm/Sahabe Hayatından/2-Saadet-Asrinda-Resulullah-Sevgisi-Sahabe-Hayatindan-Mustuy.pdf,342892,e09a724f39fc0a9f8556d0f3199fd7f1d1c57487d996d1ddc439395235af1fbb,2026-08-14 16:18:53
229,Sahabe Hayatindan-4 - Saadet Asrinda Fedakarlik ve Sabir - MustuY,MustuY,145,pdf,Books/b-Library_Hzm-20260601T230631Z-3-001/b-Library_Hzm/Çocuklar için-Hzm/Sahabe Hayatından/4-Saadet-Asrinda-Fedakarlik-Ve-Sabir-Sahabe-Hayatindan-Mustuy.pdf,434148,73915b16d1ce9e228094691b491914cecc8b7e58a23ade7531c5854d09613d20,2026-08-14 16:18:53
230,Sevgili Peygamberimizin Arkadaslari-01 - Hazreti Ebu Bekir - MustuY,MustuY,63,pdf,Books/b-Library_Hzm-20260601T230631Z-3-001/b-Library_Hzm/Çocuklar için-Hzm/Sahabeler-Çocuk/01-hazreti-ebu-bekir-mustuy.pdf,1345905,a9c933f17adc93410955c161265df2d42fedf62d55621f660062454e42ebc59a,2026-08-14 16:18:53
231,Sevgili Peygamberimizin Arkadaslari-02 - Hazreti Omer - MustuY,MustuY,65,pdf,Books/b-Library_Hzm-20260601T230631Z-3-001/b-Library_Hzm/Çocuklar için-Hzm/Sahabeler-Çocuk/02-hazreti-omer-mustuy.pdf,1129927,92e6c60ae25a706174181e965e085c3520d143b423d833af5925d617b3210861,2026-08-14 16:18:53
232,Sevgili Peygamberimizin Arkadaslari-03 - Hazreti Osman - MustuY,MustuY,57,pdf,Books/b-Library_Hzm-20260601T230631Z-3-001/b-Library_Hzm/Çocuklar için-Hzm/Sahabeler-Çocuk/03-hazreti-osman-mustuy.pdf,1480809,8f9035d2463384c6606abb13bec9c8ce0245708c0332519cd2f85e80df8b92e0,2026-08-14 16:18:53
233,Sevgili Peygamberimizin Arkadaslari-04 - Hazreti Ali - MustuY,MustuY,49,pdf,Books/b-Library_Hzm-20260601T230631Z-3-001/b-Library_Hzm/Çocuklar için-Hzm/Sahabeler-Çocuk/04-hazreti-ali-mustuy.pdf,979338,18f9648b439adaa008a6a5b2dd9e02fb95787c5f9f51efd762ec4145ec0bbb1d,2026-08-14 16:18:53
234,Sevgili Peygamberimizin Arkadaslari-05 - Hazreti Ebu Zer - MustuY,MustuY,48,pdf,Books/b-Library_Hzm-20260601T230631Z-3-001/b-Library_Hzm/Çocuklar için-Hzm/Sahabeler-Çocuk/05-hazreti-ebu-zer-mustuy.pdf,1127622,3664eb60c6d6d774841e7e5a299eb237c6ed16827a12cf17e183e29e80a048bf,2026-08-14 16:18:53
235,Sevgili Peygamberimizin Arkadaslari-06 - Musab Ibn-i Umeyr - MustuY,MustuY,49,pdf,Books/b-Library_Hzm-20260601T230631Z-3-001/b-Library_Hzm/Çocuklar için-Hzm/Sahabeler-Çocuk/06-musab-ibn-i-umeyr-mustuy.pdf,1103930,fc84ad4fbfa0adcfc8bbad333ae95413ae9afb658ce6ed7bb3892b8aaa052b8f,2026-08-14 16:18:53
236,Sevgili Peygamberimizin Arkadaslari-07 - Hazreti Hasan ve Hazreti Huseyin - MustuY,MustuY,49,pdf,Books/b-Library_Hzm-20260601T230631Z-3-001/b-Library_Hzm/Çocuklar için-Hzm/Sahabeler-Çocuk/07-hazreti-hasan-ve-hazreti-huseyin-mustuy.pdf,6882173,8547e6b9a055a4ed9607dd0f1dd9118d66e845a474bc2d1c26f330ac2492c403,2026-08-14 16:18:53
237,Sevgili Peygamberimizin Arkadaslari-08 - Bedrin Aslani Hazreti Hamza - MustuY,MustuY,59,pdf,Books/b-Library_Hzm-20260601T230631Z-3-001/b-Library_Hzm/Çocuklar için-Hzm/Sahabeler-Çocuk/08-bedrin-aslani-hazreti-hamza-mustuy.pdf,10150700,a61a61a6eaf7022a261be424e6dc0c587e021fcbfb447651332ded2e6e722c0d,2026-08-14 16:18:53
238,Sevgili Peygamberimizin Arkadaslari-09 - Dahi Komutan Hazreti Halid Bin Velid - MustuY,MustuY,57,pdf,Books/b-Library_Hzm-20260601T230631Z-3-001/b-Library_Hzm/Çocuklar için-Hzm/Sahabeler-Çocuk/09-dahi-komutan-hazreti-halid-bin-velid-mustuy.pdf,8609418,0d0824fda362932d5feb9b73f404164518624170ebceb36b88bdac0d687c2f30,2026-08-14 16:18:53
239,Sevgili Peygamberimizin Arkadaslari-10 - Talihli Ev Sahibi Hazreti Ebu Eyyub El Ensari - MustuY,MustuY,47,pdf,Books/b-Library_Hzm-20260601T230631Z-3-001/b-Library_Hzm/Çocuklar için-Hzm/Sahabeler-Çocuk/10-Hz-Ebu-Eyyub-el-Ensari-mustuy.pdf,956577,f65c9e8eba1e29506593c095f0866baf9db1eec50564074a490149e7588f6bb4,2026-08-14 16:18:53
240,Sahabi Hayatindan Tablolar-1 - Yetim Yavru) - MustuY,MustuY,129,pdf,Books/b-Library_Hzm-20260601T230631Z-3-001/b-Library_Hzm/Çocuklar için-Hzm/Sahabelerin Örnek Hayatı-Çocuk/1-yetim-yavru-mustuy.pdf,2612918,db484b479b9c523fda8ddef02a3cf7a78d2bf879e356689c1a156c9f354989dd,2026-08-14 16:18:53
241,Sahabi Hayatindan Tablolar-2 - Emanet Elbise - MustuY,MustuY,129,pdf,Books/b-Library_Hzm-20260601T230631Z-3-001/b-Library_Hzm/Çocuklar için-Hzm/Sahabelerin Örnek Hayatı-Çocuk/2-emanet-elbise-mustuy.pdf,1931776,15cef434c734eb50116c57897f17dca832c41f51c9574022beed9271f9ebdef8,2026-08-14 16:18:53
242,Peygamber Dostlari Serisi-3 - Bir Tas Corba - MustuY,MustuY,57,pdf,Books/b-Library_Hzm-20260601T230631Z-3-001/b-Library_Hzm/Çocuklar için-Hzm/Sahabelerin Örnek Hayatı-Çocuk/3-bir-tas-corba-mustuy.pdf,1156185,4321f14916c6200004fac7d23eb0f4ffe6c0168d2b9866fa90eed45dc861fbb2,2026-08-14 16:18:53
243,Sahabi Hayatindan Tablolar-3 - Cocuk Sevgisi - MustuY,MustuY,113,pdf,Books/b-Library_Hzm-20260601T230631Z-3-001/b-Library_Hzm/Çocuklar için-Hzm/Sahabelerin Örnek Hayatı-Çocuk/3-cocuk-sevgisi-mustuy.pdf,1943105,b02f38d226cc149d0593f990d3416eec638d7f1af9bbdfddf7b0b1563555be46,2026-08-14 16:18:53
244,Peygamber Dostlari Serisi-4 - Gercek Musteri - MustuY,MustuY,57,pdf,Books/b-Library_Hzm-20260601T230631Z-3-001/b-Library_Hzm/Çocuklar için-Hzm/Sahabelerin Örnek Hayatı-Çocuk/4-gercek-musteri-mustuy.pdf,1352273,e4abc33af671241e4bdaf6a606b0a5cdac442d9308169e211292de03c27ee957,2026-08-14 16:18:53
245,Peygamber Dostlari Serisi-5 - Kirilan Kalp - MustuY,MustuY,49,pdf,Books/b-Library_Hzm-20260601T230631Z-3-001/b-Library_Hzm/Çocuklar için-Hzm/Sahabelerin Örnek Hayatı-Çocuk/5-kirilan-kalp-mustuy.pdf,1107007,af577990a81cf16a22143e9fba6e9b16bafcdd5fd03bccea43201109d946d113,2026-08-14 16:18:53
246,Peygamber Dostlari Serisi-6 - Yol Arkadasi - MustuY,MustuY,57,pdf,Books/b-Library_Hzm-20260601T230631Z-3-001/b-Library_Hzm/Çocuklar için-Hzm/Sahabelerin Örnek Hayatı-Çocuk/6-yol-arkadasi-mustuy.pdf,1051401,eda6774a1f4a368d28cd1d76d1c845b91e99153bb16632c23b47bc7d3c4d1e34,2026-08-14 16:18:53
247,Peygamber Dostlari Serisi-7 - Sevinc Yili - MustuY,MustuY,65,pdf,Books/b-Library_Hzm-20260601T230631Z-3-001/b-Library_Hzm/Çocuklar için-Hzm/Sahabelerin Örnek Hayatı-Çocuk/7-sevinc-yili-mustuy.pdf,1804065,8f618f9fe43a9cae34c03c485655dc3b571601552293146ff031a9edc3c09c9a,2026-08-14 16:18:53
248,Sevgili Peygamberimizin Hayati-1 - Gozleri Kamastiran Isik - MustuY,MustuY,41,pdf,Books/b-Library_Hzm-20260601T230631Z-3-001/b-Library_Hzm/Çocuklar için-Hzm/Siyer-Çocuk/1-Gozleri Kamastiran Isik-Peygamberimizin Hayati.PDF,2811064,775a3886845d57500b3bde679e6265f4c6d61c8ccf1079a3b8dda4cf59571e2f,2026-08-14 16:18:53
249,Sevgili Peygamberimizin Hayati-2 - Kutlu Dogum - MustuY,MustuY,41,pdf,Books/b-Library_Hzm-20260601T230631Z-3-001/b-Library_Hzm/Çocuklar için-Hzm/Siyer-Çocuk/2-Kutlu Dogum-Peygamberimizin Hayati.PDF,2434876,17283c5e623e06a1e055c28e2f82639f6e1298f6f143e515064315f0c567f164,2026-08-14 16:18:53
250,Sevgili Peygamberimizin Hayati-3 - En Güvenilir Insan - MustuY,MustuY,41,pdf,Books/b-Library_Hzm-20260601T230631Z-3-001/b-Library_Hzm/Çocuklar için-Hzm/Siyer-Çocuk/3-En Güvenilir Insan-Peygamberimizin Hayati.PDF,2542042,deaa6ae76d4f104895fbe94fcf9ac0ca85de891114ea1a0a8f0da2c429eab95a,2026-08-14 16:18:53
251,Sevgili Peygamberimizin Hayati-5 - Medine Yillari - MustuY,MustuY,40,pdf,Books/b-Library_Hzm-20260601T230631Z-3-001/b-Library_Hzm/Çocuklar için-Hzm/Siyer-Çocuk/5-Medine Yillari-Peygamberimizin Hayati.PDF,3334941,da52fa5fbd94fcde639dea7df20c72c0de87ac07ebd14d5160ab9fd55cc81745,2026-08-14 16:18:53
252,Ilk Oykulerim Serisi-01 - Rabia Kandıra - Yesil Tespih - MustuY,Rabia Kandıra,49,pdf,Books/b-Library_Hzm-20260601T230631Z-3-001/b-Library_Hzm/Çocuklar için-Hzm/İlk öykülerim/ilk-oykulerim-serisi-01-rabia-kandira-yesil-tespih-mustuy.pdf,1007077,5dd90354dbca5816fcb85b8f96863572b683ac4958e26ebcafb62e673c899c55,2026-08-14 16:18:53
253,Ilk Oykulerim Serisi-02 - Rabia Kandıra - Minik Kedi - MustuY,Rabia Kandıra,41,pdf,Books/b-Library_Hzm-20260601T230631Z-3-001/b-Library_Hzm/Çocuklar için-Hzm/İlk öykülerim/ilk-oykulerim-serisi-02-rabia-kandira-minik-kedi-mustuy.pdf,1269035,111eade805c372695bc38c3507d54d666f26d44ecc1f478601b998cc0ad642dd,2026-08-14 16:18:53
254,Ilk Oykulerim Serisi-05 - Osman Kaplan - Yarim Elma - MustuY,Osman Kaplan,57,pdf,Books/b-Library_Hzm-20260601T230631Z-3-001/b-Library_Hzm/Çocuklar için-Hzm/İlk öykülerim/ilk-oykulerim-serisi-05-osman-kaplan-yarim-elma-mustuy.pdf,5306945,caec4142831142fc63614d851fc35c50bd176c5f9374beb88e407164542bdc60,2026-08-14 16:18:53
255,Ilk Oykulerim Serisi-06 - Safak Demir - Hazine Pesinde - MustuY,Safak Demir,57,pdf,Books/b-Library_Hzm-20260601T230631Z-3-001/b-Library_Hzm/Çocuklar için-Hzm/İlk öykülerim/ilk-oykulerim-serisi-06-safak-demir-hazine-pesinde-mustuy.pdf,2675685,5d1aefa9624c630972ac23a74eef7dcfcf41fdbcdbe1bce4707da3040d2c8533,2026-08-14 16:18:53
256,Ilk Oykulerim Serisi-07 - Safak Demir - Evimizin Forveti - MustuY,Safak Demir,57,pdf,Books/b-Library_Hzm-20260601T230631Z-3-001/b-Library_Hzm/Çocuklar için-Hzm/İlk öykülerim/ilk-oykulerim-serisi-07-safak-demir-evimizin-forveti-mustuy.pdf,3978649,77d20e24e2a25f68297645aed3bde72f8f50bf85d32bf871b9fc2e63dd1b9d0c,2026-08-14 16:18:53
257,Ilk Oykulerim Serisi-08 - H Ibrahim Cayirli - Babamin Sol Ayagi - MustuY,H Ibrahim Cayirli,57,pdf,Books/b-Library_Hzm-20260601T230631Z-3-001/b-Library_Hzm/Çocuklar için-Hzm/İlk öykülerim/ilk-oykulerim-serisi-08-h-ibrahim-cayirli-babamin-sol-ayagi-mustuy.pdf,5111036,67cef83c928fc0ea2ceadf3e6e2b3001e7c65d7626aec8d5a8a9be4ae62399ec,2026-08-14 16:18:53
258,Ilk Oykulerim Serisi-09 - Aysel Ertan - Seftali Agaci - MustuY,Aysel Ertan,57,pdf,Books/b-Library_Hzm-20260601T230631Z-3-001/b-Library_Hzm/Çocuklar için-Hzm/İlk öykülerim/ilk-oykulerim-serisi-09-aysel-ertan-seftali-agaci-mustuy.pdf,3504287,02c47ce9c1a8764c47dd23a40728ea73f20662dcced494f366ccd4ea04df92e6,2026-08-14 16:18:53
259,Ilk Oykulerim Serisi-10 - H Ibrahim Cayirli - Kaybolan Top - MustuY,H Ibrahim Cayirli,49,pdf,Books/b-Library_Hzm-20260601T230631Z-3-001/b-Library_Hzm/Çocuklar için-Hzm/İlk öykülerim/ilk-oykulerim-serisi-10-h-ibrahim-cayirli-kaybolan-top-mustuy.pdf,2037170,ae4b149bb364d69792cf28c566168fa992e66f066a89e08bfdfb1e6dd7b0b4e4,2026-08-14 16:18:53
260,1 Allah a iman,Hekimoğlu İsmail,104,pdf,Books/b-Library_Hzm-20260601T230631Z-3-001/b-Library_Hzm/Çocuklar için-Hzm/İman-Hekimoğlu İsmail/1-Allah_a-iman-Hekimoğlu-ismail.pdf,2101137,bccd9277dbdc312e25ce5e865534fd0ed8299bca1f96bc5c250eb344780dccaf,2026-08-14 16:18:53
261,2 Kitaplara İman Hekimoğlu İsmail,Bilinmiyor,104,pdf,Books/b-Library_Hzm-20260601T230631Z-3-001/b-Library_Hzm/Çocuklar için-Hzm/İman-Hekimoğlu İsmail/2-Kitaplara-İman-Hekimoğlu-İsmail.pdf,1849513,bb61d82813f8e1e2bf5a983d2689dc9edb14a08f1c17a5550bb6faac855862f7,2026-08-14 16:18:53
262,3 Peygamberlere İman Hekimoğlu İsmail,Bilinmiyor,104,pdf,Books/b-Library_Hzm-20260601T230631Z-3-001/b-Library_Hzm/Çocuklar için-Hzm/İman-Hekimoğlu İsmail/3-Peygamberlere-İman-Hekimoğlu-İsmail.pdf,1822232,a4ad4bb1101e6b3f07834e4b84d1a8926ff119c33d63a358d5385a25b202a00c,2026-08-14 16:18:53
263,4 Haşre İman Hekimoğlu İsmail,Bilinmiyor,104,pdf,Books/b-Library_Hzm-20260601T230631Z-3-001/b-Library_Hzm/Çocuklar için-Hzm/İman-Hekimoğlu İsmail/4-Haşre-İman-Hekimoğlu-İsmail.pdf,1784100,ac4332d8da0902d90cfe6fb31bf32b57cc4b1bf4d07dbc210b4841646b3c0e78,2026-08-14 16:18:53
264,Neye Nasıl İnanırım Hekimoğlu İsmail,Bilinmiyor,104,pdf,Books/b-Library_Hzm-20260601T230631Z-3-001/b-Library_Hzm/Çocuklar için-Hzm/İman-Hekimoğlu İsmail/Neye-Nasıl-İnanırım-Hekimoğlu-İsmail.pdf,2200349,acc8d21c7334079fa7b5520eeb1385c936088986e4873cdd7a5695a464f7b5b8,2026-08-14 16:18:53
265,Sirin Cocuklar-01 - MustuY,MustuY,113,pdf,Books/b-Library_Hzm-20260601T230631Z-3-001/b-Library_Hzm/Çocuklar için-Hzm/Şirin Çocuklar-Dini/sirin-cocuklar-01-mustuy.pdf,16211325,872444dadfc463ff2d05c6ba3e7bb15aaebc75902417e5d792f719051f74c906,2026-08-14 16:18:53
266,Sirin Cocuklar-02 - MustuY,MustuY,113,pdf,Books/b-Library_Hzm-20260601T230631Z-3-001/b-Library_Hzm/Çocuklar için-Hzm/Şirin Çocuklar-Dini/sirin-cocuklar-02-mustuy.pdf,19954280,ed54cf295d2925d11bd2debe759f66dd2c54385c93a573493bc26f4426f3453e,2026-08-14 16:18:53
267,Sirin Cocuklar-03 - MustuY,MustuY,28,pdf,Books/b-Library_Hzm-20260601T230631Z-3-001/b-Library_Hzm/Çocuklar için-Hzm/Şirin Çocuklar-Dini/sirin-cocuklar-03-mustuy.pdf,7661922,1bfb1a354e2234e2a0873c8544022d8467a592d8a961b57e1827b92a5df2021f,2026-08-14 16:18:53
268,Sirin Cocuklar-04 - MustuY,MustuY,28,pdf,Books/b-Library_Hzm-20260601T230631Z-3-001/b-Library_Hzm/Çocuklar için-Hzm/Şirin Çocuklar-Dini/sirin-cocuklar-04-mustuy.pdf,7123889,262b60f984dcbc81e12b320d57c0d1c91e8366101cbdf60f68d57fea3d2f1aff,2026-08-14 16:18:53
269,Sirin Cocuklar-05 - MustuY,MustuY,28,pdf,Books/b-Library_Hzm-20260601T230631Z-3-001/b-Library_Hzm/Çocuklar için-Hzm/Şirin Çocuklar-Dini/sirin-cocuklar-05-mustuy.pdf,9842337,a59691822faad6ebffc4e51b8f212222dfa092c2353f89e7b7ef5a9f65715e28,2026-08-14 16:18:53
270,Sirin Cocuklar-06 - MustuY,MustuY,28,pdf,Books/b-Library_Hzm-20260601T230631Z-3-001/b-Library_Hzm/Çocuklar için-Hzm/Şirin Çocuklar-Dini/sirin-cocuklar-06-mustuy.pdf,9483737,df19f80aef9b2e71be2bd5c2c67c42bc6a094bdf60ce76c763a28c0f5f8c2882,2026-08-14 16:18:53
271,Sirin Cocuklar-07 - MustuY,MustuY,28,pdf,Books/b-Library_Hzm-20260601T230631Z-3-001/b-Library_Hzm/Çocuklar için-Hzm/Şirin Çocuklar-Dini/sirin-cocuklar-07-mustuy.pdf,9561968,796d84bf6d00ac3e2aa5aa6022894eb98dc9c7790396b04d715ef66302eb2f39,2026-08-14 16:18:53
272,Sirin Cocuklar-08 - MustuY,MustuY,28,pdf,Books/b-Library_Hzm-20260601T230631Z-3-001/b-Library_Hzm/Çocuklar için-Hzm/Şirin Çocuklar-Dini/sirin-cocuklar-08-mustuy.pdf,9783215,83c8978c9ae91f7308038ebd4ffc81102ec11c48f87e334a7b12dc8347a16361,2026-08-14 16:18:53
273,Ahmet Ozer - Mechul Bir Kahraman Mehmet Ozyurt - IsikYayinlari,Bilinmiyor,241,pdf,Books/b-Library_Hzm-20260601T230631Z-3-001/b-Library_Hzm/Üstad BZ Hz Talebeleri-Hzm/Ahmet Ersöz-Mehmet Özyurt.pdf,1919064,b8d9c891071ce09604c806f0c5d40dfd3fdc36714fc847b0b8ea237e4bf28ae8,2026-08-14 16:18:53
274,Ahmet Ozer - Atabeyli Tahiri - Mehmet Tahiri Mutlu,Ahmet Ozer,181,pdf,Books/b-Library_Hzm-20260601T230631Z-3-001/b-Library_Hzm/Üstad BZ Hz Talebeleri-Hzm/Ahmet Ozer - Atabeyli Tahiri - Mehmet Tahiri Mutlu (Ahmet Ozer) (z-lib.org).PDF,885617,dab37c4c7b1db7f07f9d4202ef3b5b1d96ca6822c6a7109ff57308cdcc9b5b5a,2026-08-14 16:18:53
275,Ahmet Ozer - iki Unlu Kul Abdurrahman ve Abdulmecid Nursi,Ahmet Ozer,157,pdf,Books/b-Library_Hzm-20260601T230631Z-3-001/b-Library_Hzm/Üstad BZ Hz Talebeleri-Hzm/Ahmet Ozer - iki Unlu Kul  Abdurrahman ve Abdulmecid Nursi (Ahmet Ozer) (z-lib.org).PDF,2197099,21d98222056ef849e092432732b26ccb01eeaec8a2a6721ef39d32ac6caeb070,2026-08-14 16:18:53
276,Necmettin Sahiner - Bekir Berk (Hakkin Yilmaz ve Sarsilmaz Müdafii) - SahdamarY,Necmettin Sahiner,265,pdf,Books/b-Library_Hzm-20260601T230631Z-3-001/b-Library_Hzm/Üstad BZ Hz Talebeleri-Hzm/Necmettin-Sahiner-Bekir-Berk-sahdamari.pdf,61197063,9583420d48d95cd221df7e9e92001469f397c49689bdf4406e80171ade5447ae,2026-08-14 16:18:53
277,Necmettin Sahiner - Uc Feyizli Nur - SahdamarY,Necmettin Sahiner,261,pdf,Books/b-Library_Hzm-20260601T230631Z-3-001/b-Library_Hzm/Üstad BZ Hz Talebeleri-Hzm/Necmettin-Sahiner-Uc-Feyizli-Nur-SahdamarY.pdf,16421483,7257c1373ac53b291ef4344997483883ba141c9eb1cd31f46e58b7ef910140e5,2026-08-14 16:18:53
278,Necmettin Sahiner - Yazarlarin Kaleminden Bediuzzaman - SahdamarY,Necmettin Sahiner,233,pdf,Books/b-Library_Hzm-20260601T230631Z-3-001/b-Library_Hzm/Üstad BZ Hz-Hzm/Yazarlarin-Kalemi-nden-Bedi-uzzaman-Necmeddin-Şahi-ner.pdf,3945554,9bbea5982d679f4379a4e4dea67e7bd65b07c8b9a44242080ab1f7ba32baf4d4,2026-08-14 16:18:53
279,Abdullah Mahmud Tantavi - Bediuzzamana Gore Degisim ve Yeniden Yapilanma - SahdamarY,Abdullah Mahmud Tantavi,105,pdf,Books/b-Library_Hzm-20260601T230631Z-3-001/b-Library_Hzm/Üstad BZ Hz-Hzm/abdullah-mahmud-tantavi-bediuzzamana-gore-degisim-ve-yeniden-yapilanma-sahdamary.pdf,427878,4a4a7ade24e1a673e7786d45595ee45cf1b81199eb91ad10db058598af56ccea,2026-08-14 16:18:53
280,Mahmut Acil - Ustadla Hasbihal - SahdamarY,Mahmut Acil,276,pdf,Books/b-Library_Hzm-20260601T230631Z-3-001/b-Library_Hzm/Üstad BZ Hz-Hzm/mahmut-acil-ustadla-hasbihal-sahdamary.pdf,6651257,21e4984cd13c3d6fa7edb3a4b07e3d9cf09749f136093094961c48f8e57a3ad4,2026-08-14 16:18:53
281,Mehmet Akar - Dava Adami - SahdamarY,Mehmet Akar,185,pdf,Books/b-Library_Hzm-20260601T230631Z-3-001/b-Library_Hzm/Üstad BZ Hz-Hzm/mehmet-akar-dava-adami-sahdamary.pdf,694619,18a67879f79d20afa257940de2e92bd2f0f66d1cf9e309fa0e854e0d3ccf6606,2026-08-14 16:18:53
282,Mehmet Akar - Hizmet Ekseni - SahdamarY,Mehmet Akar,249,pdf,Books/b-Library_Hzm-20260601T230631Z-3-001/b-Library_Hzm/Üstad BZ Hz-Hzm/mehmet-akar-hizmet-ekseni-sahdamary.pdf,581366,5ec41dbb3450ce351e57bbd8eea8f45e821b984fd188fbb836f5f7d41bbb17f9,2026-08-14 16:18:53
283,Mehmet Akar - ikram - SahdamarY,Mehmet Akar,151,pdf,Books/b-Library_Hzm-20260601T230631Z-3-001/b-Library_Hzm/Üstad BZ Hz-Hzm/mehmet-akar-ikram-sahdamary.pdf,417191,b3a2782d8bd8faa07675be567247e8024dff306bd084d6c168322861f0d59ec9,2026-08-14 16:18:53
284,Mehmet Akar - Secdede Bir Omur - SahdamarY,Mehmet Akar,161,pdf,Books/b-Library_Hzm-20260601T230631Z-3-001/b-Library_Hzm/Üstad BZ Hz-Hzm/mehmet-akar-secdede-bir-omur-sahdamary.pdf,718677,61ceea447ffd3dbd5e12c2dd10d8fbd072af1518aa3d1486acc69734ce1bdce7,2026-08-14 16:18:53
285,Mehmet Akar - Seyda 2 - Barla Hayati - SahdamarY,Mehmet Akar,481,pdf,Books/b-Library_Hzm-20260601T230631Z-3-001/b-Library_Hzm/Üstad BZ Hz-Hzm/mehmet-akar-seyda-2-barla-hayati-sahdamary.pdf,942023,7154e39009cff0fbff3d08bbe91440204279500f40637b6579a0381ed5a785bf,2026-08-14 16:18:53
286,Mehmet Akar - Seyda - SahdamarY,Mehmet Akar,249,pdf,Books/b-Library_Hzm-20260601T230631Z-3-001/b-Library_Hzm/Üstad BZ Hz-Hzm/mehmet-akar-seyda-sahdamary.pdf,825872,8bc20265e99b9c86dd6e63958e627aed455953861ec1e389eff6770a68f42282,2026-08-14 16:18:53
287,Mustafa Ozturkcu - Bediüzzamanin Bilinmeyen Akrabalari - SahdamarY,Mustafa Ozturkcu,129,pdf,Books/b-Library_Hzm-20260601T230631Z-3-001/b-Library_Hzm/Üstad BZ Hz-Hzm/mustafa-ozturkcu-bediuezzamanin-bilinmeyen-akrabalari-sahdamary.pdf,17361916,f6243042b6e1dc008539c8e6b02227ccfb964f96e6f8a3916e236ffdd60e36da,2026-08-14 16:18:53
288,Necmettin Sahiner - Medresetuz Zehra )Bediuzzaman Universitesi) - SahdamarY,Necmettin Sahiner,129,pdf,Books/b-Library_Hzm-20260601T230631Z-3-001/b-Library_Hzm/Üstad BZ Hz-Hzm/necmettin-sahiner-medresetuz-zehra-bediuzzaman-universitesi-sahdamary.pdf,5503637,43af7ff322b6bebf97aab1277c4b6430dc1b9942d7e017eee040c1019f1b5278,2026-08-14 16:18:53
289,Necmettin Sahiner - Nurlarin Ilk Dershanesi Aziz Barla - SahdamarY,Necmettin Sahiner,185,pdf,Books/b-Library_Hzm-20260601T230631Z-3-001/b-Library_Hzm/Üstad BZ Hz-Hzm/necmettin-sahiner-nurlarin-ilk-dershanesi-aziz-barla-sahdamary.pdf,28213457,8a3548a15591edd945fbae4cb334a3a7a9c34c1b8b6bb0eb76495db48f2c38d6,2026-08-14 16:18:53
290,Necmettin Sahiner - Yazarlarin Kaleminden Bediuzzaman - SahdamarY,Necmettin Sahiner,233,pdf,Books/b-Library_Hzm-20260601T230631Z-3-001/b-Library_Hzm/Üstad BZ Hz-Hzm/necmettin-sahiner-yazarlarin-kaleminden-bediuzzaman-sahdamary.pdf,3943171,166a2ecaf70e795c7f2d4a30f4b94116d8e3c5db9e48df5f46575986ff69ade9,2026-08-14 16:18:53
291,One Hundred Unorthodox Strategies Battle And Tactics of Chinese Warfare (Ralph D. Sawyer) (z lib.org),Bilinmiyor,-,epub,Books/Books for Text_Eng-20260529T160906Z-3-001/Books for Text_Eng/Art of War/One Hundred Unorthodox Strategies Battle And Tactics of Chinese Warfare (Ralph D. Sawyer) (z-lib.org).epub,903972,fcffe1b603f1989cd64a09539e0a392dde572e17231b5250193937003d4be4c3,2026-08-14 16:52:16
292,Sun Tzu The Art of War (Restored Translation) (Sun Tzu) (z lib.org),Bilinmiyor,67,pdf,Books/Books for Text_Eng-20260529T160906Z-3-001/Books for Text_Eng/Art of War/Sun Tzu The Art of War (Restored Translation) (Sun Tzu) (z-lib.org).pdf,1608206,d446633c47254520cb0bed1a9b80f2c7b9edc714b4f0ae3e39afc2039743ecdb,2026-08-14 16:52:16
293,The 33 Strategies of War (Robert Greene) (z lib.org),Bilinmiyor,-,epub,Books/Books for Text_Eng-20260529T160906Z-3-001/Books for Text_Eng/Art of War/The 33 Strategies of War (Robert Greene) (z-lib.org).epub,1092048,9852153574c71dc6116af065cbe0dfc4a371b705c5f4fc20d68af18d29338df4,2026-08-14 16:52:16
294,"The 36 strategies of the martial arts the classic Chinese guide for success in war, business, and life (Moriya, Hiroshi Wilson, William Scott) (z lib.org)",Bilinmiyor,-,epub,"Books/Books for Text_Eng-20260529T160906Z-3-001/Books for Text_Eng/Art of War/The 36 strategies of the martial arts  the classic Chinese guide for success in war, business, and life (Moriya, Hiroshi Wilson, William Scott) (z-lib.org).epub",7334406,a9c25d1f81e0b472cb7056bd4682fd80e398f44e726f9977233647ac00296b74,2026-08-14 16:52:16
295,The Art of War (Sun Tzu) (z lib.org),Bilinmiyor,-,epub,Books/Books for Text_Eng-20260529T160906Z-3-001/Books for Text_Eng/Art of War/The Art of War (Sun Tzu) (z-lib.org).epub,124220,475a33c7e8315f6a478db94273ab64867dd3c321ddd41af2704085f5b97d8871,2026-08-14 16:52:16
296,"The Art of War Complete Texts and Commentaries (Sun Tzu, Thomas Cleary) (z lib.org)",Bilinmiyor,-,epub,"Books/Books for Text_Eng-20260529T160906Z-3-001/Books for Text_Eng/Art of War/The Art of War Complete Texts and Commentaries (Sun Tzu, Thomas Cleary) (z-lib.org).epub",777136,494b7f3b1a80b70ad5f4d15a5d70ca87a88cbfa9461d790f38a80c4571170dd0,2026-08-14 16:52:16
297,The Thirty Six Stratagems A Modern Interpretation Of A Strategy Classic (Peter Taylor) (z lib.org),Bilinmiyor,-,epub,Books/Books for Text_Eng-20260529T160906Z-3-001/Books for Text_Eng/Art of War/The Thirty-Six Stratagems A Modern Interpretation Of A Strategy Classic (Peter Taylor) (z-lib.org).epub,793444,d2e364eb3f8b5081066f199baa9e8c605c8d6668a9347e7152a988cc4dbc942f,2026-08-14 16:52:16
298,The art of war = [Sunzi bing fa] (Sunzi Ralph D Sawyer Mei chün Sawyer) (z lib.org),Bilinmiyor,-,epub,Books/Books for Text_Eng-20260529T160906Z-3-001/Books for Text_Eng/Art of War/The art of war = [Sunzi bing fa] (Sunzi Ralph D Sawyer Mei-chün Sawyer) (z-lib.org).epub,1692659,24a138139eff62762acc67e7f1caee550201d3ebe854560629ec17ecb2966e76,2026-08-14 16:52:16
299,FreeMasonry Shriners Eastern Star Illuminati Bilderbergers and others,Bilinmiyor,25,pdf,Books/Books for Text_Eng-20260529T160906Z-3-001/Books for Text_Eng/DUVAR-Eng/FreeMasonry-Shriners-Eastern-Star-Illuminati-Bilderbergers-and-others.pdf,251270,b002b254569840d0def2bd1a9989e6adbc9b587de555bc3a53703c9f92a91b5d,2026-08-14 16:52:16
300,"Rule by Secrecy The Hidden History that Connects the Trilateral Commission, the Freemasons the Great Pyramids (Jim Marrs) (z lib.org)",Bilinmiyor,-,epub,"Books/Books for Text_Eng-20260529T160906Z-3-001/Books for Text_Eng/DUVAR-Eng/Illmnt/Rule by Secrecy The Hidden History that Connects the Trilateral Commission, the Freemasons  the Great Pyramids (Jim Marrs) (z-lib.org) (1).epub",841335,c47c77cba06fd17846cd6e60feaf3ab2ae3f58cafa48ac9895faaa0d08a735a6,2026-08-14 16:52:16
301,The Illuminati Facts and Fiction (Mark Dice) (z lib.org),Bilinmiyor,-,epub,Books/Books for Text_Eng-20260529T160906Z-3-001/Books for Text_Eng/DUVAR-Eng/Illmnt/The Illuminati Facts and Fiction (Mark Dice) (z-lib.org).epub,500785,9b0831eaf66f508e7ea1c06d080c159f08cf789ea80167f13d8a101aede6d275,2026-08-14 16:52:16
302,"The Square and the Tower Networks and Power, from the Freemasons to Facebook (Niall Ferguson) (z lib.org)",Bilinmiyor,-,epub,"Books/Books for Text_Eng-20260529T160906Z-3-001/Books for Text_Eng/DUVAR-Eng/Illmnt/The Square and the Tower Networks and Power, from the Freemasons to Facebook (Niall Ferguson) (z-lib.org).epub",58663542,2d59885ebb50e0ddb28d13014524156435b18d39c033b91754f3f186f541c546,2026-08-14 16:52:16
303,"Morgan's Freemasonry exposed and explained: showing the origin, history and nature of Masonry, its effects on the government, and the Christian religion and containing a key to all the degrees of Freemasonry, giving a clear and correct view of the manner ","Morgan, William",124,pdf,Books/Books for Text_Eng-20260529T160906Z-3-001/Books for Text_Eng/DUVAR-Eng/Morgans Freemasonry Exposed and Explained (William Morgan) (z-lib.org).pdf,9358195,28ed54f3471f52cb5ea725c763782e5ad7a4644a8ff39358693457f13c36f810,2026-08-14 16:52:16
304,"That Religion in Which All Men Agree freemasonry in American culture (FreemasonsHackett, David G) (z lib.org)",Bilinmiyor,-,epub,"Books/Books for Text_Eng-20260529T160906Z-3-001/Books for Text_Eng/DUVAR-Eng/Msn_Abd/That Religion in Which All Men Agree freemasonry in American culture (FreemasonsHackett, David G) (z-lib.org).epub",1219169,c06525eae674910a5d3aecb60008f71c814bb67b04e948e8db1b49e019ae427c,2026-08-14 16:52:16
305,The Freemasons in America Inside the Secret Society (H. Paul Jeffers) (z lib.org),Bilinmiyor,-,epub,Books/Books for Text_Eng-20260529T160906Z-3-001/Books for Text_Eng/DUVAR-Eng/Msn_Abd/The Freemasons in America Inside the Secret Society (H. Paul Jeffers) (z-lib.org).epub,537499,ae08628acf55df987115cd39beca157c27b00169b24b8270e5a37b34a2f9674a,2026-08-14 16:52:16
306,The Deadly Deception; Freemasonry Exposed by One of Its Top Leaders,James Shaw,152,pdf,Books/Books for Text_Eng-20260529T160906Z-3-001/Books for Text_Eng/DUVAR-Eng/Msn_Abd/The-Deadly-Deception.pdf,5337105,15c81fe458eebb6515fef45fe7d659ad2d317cadcdddcb940509c00597acfb0b,2026-08-14 16:52:16
307,"World's Masonic register: containing the name, number, location, and time of meeting of every Masonic lodge in the world...with the statistics of each Masonic jurisdiction; also, the name...of each subscriber","Hyneman, Leon, 1805-1879",596,pdf,Books/Books for Text_Eng-20260529T160906Z-3-001/Books for Text_Eng/DUVAR-Eng/Msn_Abd/World_s Masonic register.pdf,23846535,7fe9550effd34189e9cc2deed1dcb38dfaeacd5e0b0fa9dee297deb6b379f381,2026-08-14 16:52:16
308,Code Texe Marrs x,Bilinmiyor,588,pdf,Books/Books for Text_Eng-20260529T160906Z-3-001/Books for Text_Eng/DUVAR-Eng/Msn_Book/Code_Texe Marrs-x.pdf,32967980,715f459d561baf6b7310c230046d8369f6dde91b70aa4c924e45bcf2692fcc0c,2026-08-14 16:52:16
309,Egyptian Rite of Memphis,Bilinmiyor,350,pdf,Books/Books for Text_Eng-20260529T160906Z-3-001/Books for Text_Eng/DUVAR-Eng/Msn_Book/Egyptian-Rite-of-Memphis.pdf,11441989,87927186ec9b391ffc78c7dc86232038fb464cbe1058acf1c01fef4dc78e0b21,2026-08-14 16:52:16
310,Freemasonry in the Ottoman lands: a transnational history,Bilinmiyor,298,pdf,Books/Books for Text_Eng-20260529T160906Z-3-001/Books for Text_Eng/DUVAR-Eng/Msn_Book/Freemasonary in the Ottoman.pdf,2824921,30004a2985ef708acdb1676806d0f0bf6c39b489335bb79fa66998f3b072bc06,2026-08-14 16:52:16
311,Layout 1,Bilinmiyor,93,pdf,Books/Books for Text_Eng-20260529T160906Z-3-001/Books for Text_Eng/DUVAR-Eng/Msn_Book/Masonic-Degree-Rituals.pdf,294699,c65a9328d830feb8bc536ffe0906c8551c093f138faf3212ad93e8b4f2b09ee9,2026-08-14 16:52:16
312,Morals and Dogma of the Ancient and Accepted Scottish Rite of Freemasonry,Albert Pike (plagiarising Eliphaz Levi and others),1076,pdf,Books/Books for Text_Eng-20260529T160906Z-3-001/Books for Text_Eng/DUVAR-Eng/Msn_Book/Morals-and-Dogma-of-the-Ancient-and-Accepted-Scottish-Rite.pdf,5614680,52ee53cbad92e9cd5ff1140ce6f4a90d66d963fcee0dc3fc049594e0bff609ff,2026-08-14 16:52:16
313,Secret Ritual of the 33 Degree Mason,Bilinmiyor,21,pdf,Books/Books for Text_Eng-20260529T160906Z-3-001/Books for Text_Eng/DUVAR-Eng/Msn_Book/Secret-Ritual-of-the-33-Degree-Mason.pdf,1512205,635f3bf45065bf8e578d6b2307d29c548096a0b81f24425842fd396adbcfd70e,2026-08-14 16:52:16
314,cl tmt 1721 1956a,Bilinmiyor,226,pdf,Books/Books for Text_Eng-20260529T160906Z-3-001/Books for Text_Eng/DUVAR-Eng/Msn_Book/cl-tmt_1721-1956a.pdf,3941607,15d280f7b7b22ba4828b96eb0c9788a0d7f0f2d8800b6f1b53ace4be957f206b,2026-08-14 16:52:16
315,Efendi,Soner Yalçın,848,pdf,Books/Books for Text_Eng-20260529T160906Z-3-001/Books for Text_Eng/DUVAR-Eng/Msn_Book/soner-yalçın-efendi-1-beyaz-türklerin-büyük-sırrı.pdf,3088274,1c384ea21d4b7a290627a22ae98260f206410654b236793c0181980a30071c78,2026-08-14 16:52:16
316,10.33630 ausbf.570931,MATBAA,34,pdf,Books/Books for Text_Eng-20260529T160906Z-3-001/Books for Text_Eng/DUVAR-Eng/Msn_Eng_Pdf/10.33630-ausbf.570931-725075.pdf,932747,88b4f09fdd867e9f269e73e5be1f6b5e53061640dfdeb52d5d08b99a807c86e1,2026-08-14 16:52:16
317,17 degerler ve cikarlar abdnin ortadogu,Bilinmiyor,31,pdf,Books/Books for Text_Eng-20260529T160906Z-3-001/Books for Text_Eng/DUVAR-Eng/Msn_Eng_Pdf/17_degerler_ve_cikarlar_abdnin_ortadogu.pdf,376292,a352e5331a8a21a9ec11926f27ccb9d1cdeaf6d2dfb480e8024c8bb02d7cc181,2026-08-14 16:52:16
318,01chap01.p65,Anne,25,pdf,Books/Books for Text_Eng-20260529T160906Z-3-001/Books for Text_Eng/DUVAR-Eng/Msn_Eng_Pdf/Anti Globalization.pdf,156720,96f2200659b648fdbe478914ad7d4150bcfc765bb018cfdae0bc1134ef912042,2026-08-14 16:52:16
319,Four Masonic Elements,Bilinmiyor,19,pdf,Books/Books for Text_Eng-20260529T160906Z-3-001/Books for Text_Eng/DUVAR-Eng/Msn_Eng_Pdf/Four Masonic Elements.pdf,591580,047a6976e0d680e137d993d967d6153ed259f5c6142877af3e0687ede4a075d2,2026-08-14 16:52:16
320,Freemasonry History,Bilinmiyor,26,pdf,Books/Books for Text_Eng-20260529T160906Z-3-001/Books for Text_Eng/DUVAR-Eng/Msn_Eng_Pdf/Freemasonry History.pdf,354905,d434a54038bfb8c6b76bdfb4c7e4844eb67055c3931e51ebb84a476f96fed1a7,2026-08-14 16:52:16
321,Global Leadership,Bilinmiyor,23,pdf,Books/Books for Text_Eng-20260529T160906Z-3-001/Books for Text_Eng/DUVAR-Eng/Msn_Eng_Pdf/Global Leadership.pdf,993208,1d0c2ed417394a754bfad37d429e54ef35d1c6d13d99c4a0d3e5042c90e255a3,2026-08-14 16:52:16
322,Global Britain An American Review,Bilinmiyor,20,pdf,Books/Books for Text_Eng-20260529T160906Z-3-001/Books for Text_Eng/DUVAR-Eng/Msn_Eng_Pdf/Global-Britain-An-American-Review.pdf,5950241,69a5bcc74f9238c2322843190174a7ee66b97ff28470a157f7eb19f51f086e78,2026-08-14 16:52:16
323,GlobalTrends 2030,Bilinmiyor,160,pdf,Books/Books for Text_Eng-20260529T160906Z-3-001/Books for Text_Eng/DUVAR-Eng/Msn_Eng_Pdf/GlobalTrends_2030.pdf,21497892,224024be312d6bf140d08a31427a75e0484eaac6cdf775ecd1fc0a76fd3db843,2026-08-14 16:52:16
324,"Frontier Freemasons: Masonic Networks Linking The Great Lakes To The Atlantic World, 1750-1820",Kevin H. Nichols,216,pdf,Books/Books for Text_Eng-20260529T160906Z-3-001/Books for Text_Eng/DUVAR-Eng/Msn_Eng_Pdf/Masonic Networks.pdf,2043302,cda7846418c52c8c1da0520335bcc49642f99f816b9a4c36fdcc8b246a738186,2026-08-14 16:52:16
325,“Men of Honour and Honesty”: Connections Between Jews and Freemasons in Early America,Sara A. Zimmerman,82,pdf,Books/Books for Text_Eng-20260529T160906Z-3-001/Books for Text_Eng/DUVAR-Eng/Msn_Eng_Pdf/Msn_Read/Between Jews and Freemasonay.pdf,1305927,70e3137821213264a07e6febd1abb3cac9eb95bf11b0597b46fcf12a7bd6e3fa,2026-08-14 16:52:16
326,Lucifer s Network,Bilinmiyor,355,pdf,Books/Books for Text_Eng-20260529T160906Z-3-001/Books for Text_Eng/DUVAR-Eng/Msn_Eng_Pdf/Msn_Read/Lucifer_s Network.pdf,2397351,4c58528b605132ba0d6ad7c5626b595bba3b46208a03059fad92f6010c9d240c,2026-08-14 16:52:16
327,Meeters in Secret: The History of Freemasonry and Its Influence on Conspiracy Culture in the United States,Emily McGee,30,pdf,Books/Books for Text_Eng-20260529T160906Z-3-001/Books for Text_Eng/DUVAR-Eng/Msn_Eng_Pdf/Msn_Read/Meeters in Secret_ The History of Freemasonry and Its Influence o.pdf,256997,38c8bcbe9db07d7fdb116f881fa8cde9397828c442acfa9df2775d920f16136f,2026-08-14 16:52:16
328,Sufi Freemason,Bilinmiyor,12,pdf,Books/Books for Text_Eng-20260529T160906Z-3-001/Books for Text_Eng/DUVAR-Eng/Msn_Eng_Pdf/Msn_Read/Sufi Freemason.pdf,217440,76072af29395bd2948120899164072acec2cabb4efee42e9ac41e45e41305e63,2026-08-14 16:52:16
329,The Constitutions of the Free-Masons (1734). An Online Electronic Edition.,"James Anderson A.M., Benjamin Franklin, and Paul Royster (editor & depositor)",51,pdf,Books/Books for Text_Eng-20260529T160906Z-3-001/Books for Text_Eng/DUVAR-Eng/Msn_Eng_Pdf/Msn_Read/The Constitutions of the Free-Masons (1734)..pdf,1026163,4ac5b44a64cc9ce2bfda7830a0b5a8dd80e23027d02d8bb429866145b02b7976,2026-08-14 16:52:16
330,The+Future+of+Freemasonry+ +SIRC+Report+ +Embargoed+until+00.01hrs+9+March+2012,Bilinmiyor,44,pdf,Books/Books for Text_Eng-20260529T160906Z-3-001/Books for Text_Eng/DUVAR-Eng/Msn_Eng_Pdf/Msn_Read/The+Future+of+Freemasonry+-+SIRC+Report+-+Embargoed+until+00.01hrs+9+March+2012.pdf,447885,ced435051c1e789075adf90479a022339373bed72a0a59523cdcc9c9dd96ae8d,2026-08-14 16:52:16
331,Microsoft Word - Document1,Owner,178,pdf,Books/Books for Text_Eng-20260529T160906Z-3-001/Books for Text_Eng/DUVAR-Eng/Msn_Eng_Pdf/Msn_Read/TheHiddenPowerOfFreemasonry.pdf,1073060,11ca8dcdc3751fb81c18d01e08f51567a77a5d0686d664c8124869e67a4811c6,2026-08-14 16:52:16
332,FreemasonMagazine 1996,Bilinmiyor,18,pdf,Books/Books for Text_Eng-20260529T160906Z-3-001/Books for Text_Eng/DUVAR-Eng/Msn_Eng_Pdf/Msn_magazin/FreemasonMagazine-1996-05.pdf,7047191,0567a939e2047c60677c8d1659696906894291bb826e0b343d59c7aee94ccde5,2026-08-14 16:52:16
333,FreemasonMagazine 2008,Bilinmiyor,36,pdf,Books/Books for Text_Eng-20260529T160906Z-3-001/Books for Text_Eng/DUVAR-Eng/Msn_Eng_Pdf/Msn_magazin/FreemasonMagazine-2008-08.pdf,9279150,d08795825e699bc622f3959472d39c06f27df0c9561a0a012329e246eebccbab,2026-08-14 16:52:16
334,Secret of freemasonry,Bilinmiyor,173,pdf,Books/Books for Text_Eng-20260529T160906Z-3-001/Books for Text_Eng/DUVAR-Eng/Msn_Eng_Pdf/Secret-of-freemasonry.pdf,6698404,dfa45e438572353cea4f6628d85d644c2435ca8f8da25b25fa2d166657d47686,2026-08-14 16:52:16
335,THOMAS DISSERTATION,Bilinmiyor,216,pdf,Books/Books for Text_Eng-20260529T160906Z-3-001/Books for Text_Eng/DUVAR-Eng/Msn_Eng_Pdf/THOMAS-DISSERTATION.pdf,7767691,79d0809cb143b4e3bf3641b17dcd74771c0f10240062425e27cdc8f7b36b54e9,2026-08-14 16:52:16
336,Global Britain in a competitive age,Bilinmiyor,114,pdf,Books/Books for Text_Eng-20260529T160906Z-3-001/Books for Text_Eng/DUVAR-Eng/Msn_Eng_Pdf/The_Integrated_Review.pdf,12168719,b384df9551eb100ecb0ccacd6d89edd258cd57935f3c5a55e3f43daf09d26259,2026-08-14 16:52:16
337,Grand Orient Freemasonry Unmasked,MONSIGNOR GEORGE F. DILLON DD,162,pdf,Books/Books for Text_Eng-20260529T160906Z-3-001/Books for Text_Eng/DUVAR-Eng/Msn_Eng_Pdf/War of Anti-Christ with the Church and Christian.pdf,823314,95717c86b72525dffe8686152e0f27d63afa556d1657419b8b989798466f8371,2026-08-14 16:52:16
338,"Esoteric freemasonry rituals practices for a deeper understanding (Biasi, Jean Louis de) (z lib.org)",Bilinmiyor,-,epub,"Books/Books for Text_Eng-20260529T160906Z-3-001/Books for Text_Eng/DUVAR-Eng/Msn_Ezot/Esoteric freemasonry rituals  practices for a deeper understanding (Biasi, Jean-Louis de) (z-lib.org).epub",6253343,cacb1cdd17df42a1303ecfa440a4f725437fe9a853dc5e1bf12404eeaeb77f72,2026-08-14 16:52:16
339,The 32 Secret Paths of Solomon A New Examination of the Qabbalah in Freemasonry (Timothy Hogan) (z lib.org),Bilinmiyor,98,pdf,Books/Books for Text_Eng-20260529T160906Z-3-001/Books for Text_Eng/DUVAR-Eng/Msn_Ezot/The-32-Secret-Paths-of-Solomon_A-New-Examination-of-the-Qabbalah-in-Freemasonry (Timothy Hogan) (z-lib.org).pdf,26782584,3cf56a8c15e6ac5a6364aefbefb6e2d4806b4dc9be0f77be9c8d2f3ad9c6dc08,2026-08-14 16:52:16
340,Famous Freemasons,Bilinmiyor,40,pdf,"Books/Books for Text_Eng-20260529T160906Z-3-001/Books for Text_Eng/DUVAR-Eng/Msn_Famous/10,000 Famous Freemasons (William R. Denslow) (z-lib.org) (1).pdf",452803,fc4f2e0ea6d9eb5eaf290e418e0eaaba32e5f7704df9022d2492970189e1d0df,2026-08-14 16:52:16
341,Freemasonry Quest for Immortality - Christopher Earnshaw,Earnshaw; Christopher,230,pdf,Books/Books for Text_Eng-20260529T160906Z-3-001/Books for Text_Eng/DUVAR-Eng/Msn_Filosphy/Freemasonry Quest for Immortality - Christopher Earnshaw (Christopher Earnshaw) (z-lib.org).pdf,6258874,f03a85d1ceedf94a791de8de7731b8e2fea3c6fae3a52727c57de242b6a01be6,2026-08-14 16:52:16
342,Freemasonry and the Birth of Modern Science,Robert Lomas,270,pdf,Books/Books for Text_Eng-20260529T160906Z-3-001/Books for Text_Eng/DUVAR-Eng/Msn_Gen/Freemasonry and the birth of modern science (Robert Lomas) (z-lib.org).pdf,3766591,694deb0465aad580381fc0a5902d565e5a8d1d86aff3408ffcc1bb91ebc0162f,2026-08-14 16:52:16
343,The Masonic Myth (Jay Kinney) (z lib.org),Bilinmiyor,-,epub,Books/Books for Text_Eng-20260529T160906Z-3-001/Books for Text_Eng/DUVAR-Eng/Msn_Gen/The Masonic Myth (Jay Kinney) (z-lib.org).epub,1700160,aa147babd34cd486c624dde173be65f6f44eff095c92558552ac73c5ffd9ae64,2026-08-14 16:52:16
344,nato,NATOs Secret Armies,315,pdf,Books/Books for Text_Eng-20260529T160906Z-3-001/Books for Text_Eng/DUVAR-Eng/Msn_Gldy/NATOs Secret Armies - Operation Gladio and Terrorism in Western Europe (Daniele Ganser) (z-lib.org).pdf,3019053,20475fb17b915adfc15300c83bdc47cb065586cf107832ae9edc41045d6e81ad,2026-08-14 16:52:16
345,"NATOs Secret Armies Operation Gladio and terrorism in Western Europe (Prados, John Ganser, Daniele) (z lib.org)",Bilinmiyor,-,epub,"Books/Books for Text_Eng-20260529T160906Z-3-001/Books for Text_Eng/DUVAR-Eng/Msn_Gldy/NATOs Secret Armies Operation Gladio and terrorism in Western Europe (Prados, John Ganser, Daniele) (z-lib.org).epub",1827661,53189f97f301afa0cc59adc4284cec8409e632fed7966fe2a097a97f710b7941,2026-08-14 16:52:16
346,"Operation Gladio The Unholy Alliance between the Vatican, the CIA, and the Mafia (Paul L. Williams) (z lib.org)",Bilinmiyor,-,epub,"Books/Books for Text_Eng-20260529T160906Z-3-001/Books for Text_Eng/DUVAR-Eng/Msn_Gldy/Operation Gladio The Unholy Alliance between the Vatican, the CIA, and the Mafia (Paul L. Williams) (z-lib.org).epub",1077968,4507eaf066138d8d711328bd7373f74260bc75436fc26ee9179f7a5366e0cb1a,2026-08-14 16:52:16
347,The Last Supper (Philip Willan) (z lib.org),Bilinmiyor,-,epub,Books/Books for Text_Eng-20260529T160906Z-3-001/Books for Text_Eng/DUVAR-Eng/Msn_Gldy/The Last Supper (Philip Willan) (z-lib.org).epub,3446569,63de31192f1862a97cd52c712a8fc9f875c1fcd49b98136bc3cf7a376fe17a8e,2026-08-14 16:52:16
348,The Rise of the Mafia. The Definitive Story of Organised Crime (Martin Short) (z lib.org),Bilinmiyor,-,epub,Books/Books for Text_Eng-20260529T160906Z-3-001/Books for Text_Eng/DUVAR-Eng/Msn_Gldy/The Rise of the Mafia. The Definitive Story of Organised Crime (Martin Short) (z-lib.org).epub,636799,d66be86ef3d8d0b2b269f8a735175bb75be1629c34aaf7d8804d53b2afd6695e,2026-08-14 16:52:16
349,A general history of Freemasonry in Europe (Emmanuel Rebold) (z lib.org),Bilinmiyor,440,pdf,Books/Books for Text_Eng-20260529T160906Z-3-001/Books for Text_Eng/DUVAR-Eng/Msn_History/A general history of Freemasonry in Europe (Emmanuel Rebold) (z-lib.org).pdf,52838338,887153a8c0a135321c907091e9d3e2d0a1951e22ca4b5dddcaa5e395c5d494f6,2026-08-14 16:52:16
350,Robotechlegacy,Robotechlegacy,488,pdf,"Books/Books for Text_Eng-20260529T160906Z-3-001/Books for Text_Eng/DUVAR-Eng/Msn_History/An Encyclopedia of Freemasonry Volume 1 (Albert G. MacKey 33, William J. Hughan 32 etc.) (z-lib.org).pdf",30517739,271f7b22460fd3d5b73698b01f870ab33c42d69ae053a024d95fff31b3037f9b,2026-08-14 16:52:16
351,Ancient Mysteries and Modern Masonry (C. H. Vail) (z lib.org),Bilinmiyor,-,epub,Books/Books for Text_Eng-20260529T160906Z-3-001/Books for Text_Eng/DUVAR-Eng/Msn_History/Ancient Mysteries and Modern Masonry (C. H. Vail) (z-lib.org).epub,514805,78fd962b08de11ce235586f608174712d9c5a26233310da2b85bcfa9a620e572,2026-08-14 16:52:16
352,"General history, cyclopedia and dictionary of freemasonry; containing an elaborate account of the rise and progress of freemasonry and its kindred associations--ancient and modern. Also, definitions of the technical terms used by the fraternity","Macoy, Robert, 1815-1895",718,pdf,"Books/Books for Text_Eng-20260529T160906Z-3-001/Books for Text_Eng/DUVAR-Eng/Msn_History/General history, Cyclopedia and Dictionary of Freemasonry (Robert Macoy) (z-lib.org).pdf",25256189,27cee4a9dce8b3cae44fff77734676a3a881865ed5b140170e47f58ca4fd3adc,2026-08-14 16:52:16
353,Scarlet and the Beast A History of the War Between English and French Freemasonry (John Daniel) (z lib.org),Bilinmiyor,-,epub,Books/Books for Text_Eng-20260529T160906Z-3-001/Books for Text_Eng/DUVAR-Eng/Msn_History/Scarlet and the Beast A History of the War Between English and French Freemasonry (John Daniel) (z-lib.org).epub,2145672,3247ad3ae9803081cc4bc61218d6ec6900e40c3f5670900041d30e65c42323c7,2026-08-14 16:52:16
354,The Key to Solomons Key Is This the Lost Symbol of Masonry (Lon Milo DuQuette) (z lib.org),Bilinmiyor,-,epub,Books/Books for Text_Eng-20260529T160906Z-3-001/Books for Text_Eng/DUVAR-Eng/Msn_History/The Key to Solomons Key Is This the Lost Symbol of Masonry (Lon Milo DuQuette) (z-lib.org).epub,2177773,942a48779cd1342fbb9cb1e17cd7a5e2773f2b793ea5d8b206cf0f5fc8fa0721,2026-08-14 16:52:16
355,"The Lost Keys of Freemasonry (Hall, Manly P) (z lib.org)",Bilinmiyor,-,epub,"Books/Books for Text_Eng-20260529T160906Z-3-001/Books for Text_Eng/DUVAR-Eng/Msn_History/The Lost Keys of Freemasonry (Hall, Manly P) (z-lib.org).epub",2290151,e9409c325793295cf87b23e6f6416117ba006f41438b29822a3495a7fa414228,2026-08-14 16:52:16
356,"The Origins of Freemasonry Scotlands Century, 1590 to 1710 (David Stevenson) (z lib.org)",Bilinmiyor,269,pdf,"Books/Books for Text_Eng-20260529T160906Z-3-001/Books for Text_Eng/DUVAR-Eng/Msn_History/The Origins of Freemasonry Scotlands Century, 1590 to 1710 (David Stevenson) (z-lib.org).pdf",10519729,a727f9e9f0101436ebac5b7f0ef595741f15da3f70c4d1ad2ca47eafba054ba0,2026-08-14 16:52:16
357,"The Second Messiah Templars, the Turin Shroud and the Great Secret of Freemasonry (Christopher Knight, Robert Lomas) (z lib.org)",Bilinmiyor,-,epub,"Books/Books for Text_Eng-20260529T160906Z-3-001/Books for Text_Eng/DUVAR-Eng/Msn_History/The Second Messiah Templars, the Turin Shroud and the Great Secret of Freemasonry (Christopher Knight, Robert Lomas) (z-lib.org).epub",1803284,135cc30ec21a3ad00fa9ce95b0a07d4ffad80d5c2d98fb0f93ad4b246dbf7b27,2026-08-14 16:52:16
358,"The Secret History of Freemasonry Its Origins and Connection to the Knights Templar (Naudon, Paul) (z lib.org)",Bilinmiyor,-,epub,"Books/Books for Text_Eng-20260529T160906Z-3-001/Books for Text_Eng/DUVAR-Eng/Msn_History/The Secret History of Freemasonry Its Origins and Connection to the Knights Templar (Naudon, Paul) (z-lib.org).epub",1043318,d6cc4d16ca602d6f8f9f908183a95af68d93b65fb414fd4a346e8578abd4ef26,2026-08-14 16:52:16
359,The Secrets of Solomon s Temple Discover the Hidden Truth that Lies at the Heart of Freemasonry (Unknown) (z lib.org),Bilinmiyor,-,epub,Books/Books for Text_Eng-20260529T160906Z-3-001/Books for Text_Eng/DUVAR-Eng/Msn_History/The Secrets of Solomon s Temple Discover the Hidden Truth that Lies at the Heart of Freemasonry (Unknown) (z-lib.org).epub,5449422,77a9777770645664efa5af17a5aef7c4819ff12da8f58be6aa9a4ccaedb50c1b,2026-08-14 16:52:16
360,The Secrets of Solomon's Temple: Discover the Hidden Truth that Lies at the Heart of Freemasonry,Kevin L Gest,370,pdf,Books/Books for Text_Eng-20260529T160906Z-3-001/Books for Text_Eng/DUVAR-Eng/Msn_History/The Secrets of Solomons Temple Discover the Hidden Truth that Lies at the Heart of Freemasonry (Kevin L Gest) (z-lib.org).pdf,4250378,40f137fbbe4e4922127cca46032d513fe709b947a2c6e4c02b2432b84c465022,2026-08-14 16:52:16
361,The Facts on the Masonic Lodge ( etc.) (z lib.org),Bilinmiyor,-,epub,Books/Books for Text_Eng-20260529T160906Z-3-001/Books for Text_Eng/DUVAR-Eng/Msn_Hrst/The Facts on the Masonic Lodge ( etc.) (z-lib.org).epub,534620,7c907fbb13716253355921394f952d648a8a1ece858f5f7f9eab3b72cd8cda2a,2026-08-14 16:52:16
362,A Manual for Officers of Subordinate Bodies Ancient Accepted Scottish Rite of Freemasonry (coll.) (z lib.org),www.stichtingargus.nl,23,pdf,Books/Books for Text_Eng-20260529T160906Z-3-001/Books for Text_Eng/DUVAR-Eng/Msn_Rules/A Manual for Officers of Subordinate Bodies Ancient Accepted Scottish Rite of Freemasonry (coll.) (z-lib.org).pdf,1787790,f3a995dd8c85ed6b65111c9ab2033058bd476a8827be90af30edc4c926e01741,2026-08-14 16:52:16
363,30 Degree Grand Elect Knight Kadosh (Freemasonry) (z lib.org),www.stichtingargus.nl,33,pdf,Books/Books for Text_Eng-20260529T160906Z-3-001/Books for Text_Eng/DUVAR-Eng/Msn_Rules/Degree/30 Degree Grand Elect Knight Kadosh (Freemasonry) (z-lib.org) (1).pdf,1665612,287c2d6ae1dba43a25cf45acca16c058a8e98c260fcc33e4744605dbe781efc7,2026-08-14 16:52:16
364,32nd Degree Sublime Prince of the Royal Secret (Freemasonry) (z lib.org),Bilinmiyor,26,pdf,Books/Books for Text_Eng-20260529T160906Z-3-001/Books for Text_Eng/DUVAR-Eng/Msn_Rules/Degree/32nd Degree Sublime Prince of the Royal Secret (Freemasonry) (z-lib.org).pdf,1637015,f766da5e291a01ea1a1446a898d7f12f6fd1bb75d8e4f043ec859d6af9a8dcfd,2026-08-14 16:52:16
365,"Constitution of the United Supreme Council, 33rd degree Freemasonry ( etc.) (z lib.org)",www.stichtingargus.nl,23,pdf,"Books/Books for Text_Eng-20260529T160906Z-3-001/Books for Text_Eng/DUVAR-Eng/Msn_Rules/Degree/Constitution of the United Supreme Council, 33rd degree Freemasonry ( etc.) (z-lib.org).pdf",2350784,ad58461169922c5d63ed43fe0fa6aa4b38047710c5de4477d5b1dbc1b4086375,2026-08-14 16:52:16
366,"Fifteenth Degree The Knight of the East, of the Sword, or of the Eagle (Freemasonry) (z lib.org)",www.stichtingargus.nl,17,pdf,"Books/Books for Text_Eng-20260529T160906Z-3-001/Books for Text_Eng/DUVAR-Eng/Msn_Rules/Degree/Fifteenth Degree The Knight of the East, of the Sword, or of the Eagle (Freemasonry) (z-lib.org).pdf",1087042,65539608f3ef9e91a1350a1614237da61e62855a854d5b6a87fb208d63341221,2026-08-14 16:52:16
367,Fourteenth Degree Grand Elect Mason (Freemasonry) (z lib.org),Bilinmiyor,23,pdf,Books/Books for Text_Eng-20260529T160906Z-3-001/Books for Text_Eng/DUVAR-Eng/Msn_Rules/Degree/Fourteenth Degree Grand Elect Mason (Freemasonry) (z-lib.org).pdf,2064403,85fa6d5702a886b92ef779d3791d80471e17036c7e559ca4e6d877bce63340a4,2026-08-14 16:52:16
368,Thirty first Degree Grand Inspector Inquisitor Commander (Freemasonry) (z lib.org),www.stichtingargus.nl,27,pdf,Books/Books for Text_Eng-20260529T160906Z-3-001/Books for Text_Eng/DUVAR-Eng/Msn_Rules/Degree/Thirty-first Degree Grand Inspector Inquisitor Commander (Freemasonry) (z-lib.org) (1).pdf,1487154,549bd2a12a9beabeac22db9b7866d0b9f11d132bc6d71fec7dee3c8e39d6a5a1,2026-08-14 16:52:16
369,Manual for Officers (1982) Freemasonry ( etc.) (z lib.org),www.stichtingargus.nl,51,pdf,Books/Books for Text_Eng-20260529T160906Z-3-001/Books for Text_Eng/DUVAR-Eng/Msn_Rules/Manual for Officers (1982) Freemasonry ( etc.) (z-lib.org).pdf,3764790,0b658b4ac706bb74a05a9144a9bd944218dcbf958fb3b7e32f56a23f179321dc,2026-08-14 16:52:16
370,Manual of Freemasonry,Richard Carlile,332,pdf,Books/Books for Text_Eng-20260529T160906Z-3-001/Books for Text_Eng/DUVAR-Eng/Msn_Rules/Manual of Freemasonry (Richard Carlile) (z-lib.org).pdf,1146531,9a0cc4d01b15cc0d18f9febe00dd8d14e5b41e07322de87a5aa400da1a9f219b,2026-08-14 16:52:16
371,"Morals and Dogma of the Ancient and Accepted Scottish Rite of Freemasonry (Albert Pike [Pike, Albert]) (z lib.org)",Bilinmiyor,-,epub,"Books/Books for Text_Eng-20260529T160906Z-3-001/Books for Text_Eng/DUVAR-Eng/Msn_Rules/Morals and Dogma of the Ancient and Accepted Scottish Rite of Freemasonry (Albert Pike [Pike, Albert]) (z-lib.org).epub",1064082,88a11eade76a0a7bb90978dbade8822c84d7961400edae8b9fab6b901c1ffb37,2026-08-14 16:52:16
372,Morals and dogma of the ancient and accepted Scottish Rite of freemasonry,"Pike, Albert, 1809-1891, comp",1114,pdf,"Books/Books for Text_Eng-20260529T160906Z-3-001/Books for Text_Eng/DUVAR-Eng/Msn_Rules/Morals and dogma of the ancient and accepted Scottish Rite of freemasonry (Pike, Albert, 1809-1891, comp) (z-lib.org).pdf",77961492,b2cf7f69f204c52eaba1f92789f5127abaf3ddfa71f67b4f8bd26f2fc7acd1e7,2026-08-14 16:52:16
373,"The beginning of masonry. A collection of forty papers on the hidden mysteries of ancient freemasonry, reprinted from the... (Frank C Higgins) (z lib.org)",Bilinmiyor,124,pdf,"Books/Books for Text_Eng-20260529T160906Z-3-001/Books for Text_Eng/DUVAR-Eng/Msn_Rules/The beginning of masonry. A collection of forty papers on the hidden mysteries of ancient freemasonry, reprinted from the... (Frank C Higgins) (z-lib.org).pdf",6221578,a01ab59458f2ff1eb25ae20f288060a697a1f28a3d5f3bc8bd3ee309cc9d15ad,2026-08-14 16:52:16
374,Kora Shriners,Steve,36,pdf,Books/Books for Text_Eng-20260529T160906Z-3-001/Books for Text_Eng/DUVAR-Eng/Msn_Shrn/Kora Shriners.pdf,1929965,8a0d89e9b35bc1a556804ce3ddc519282659de26790829f548b11be3d17d4b83,2026-08-14 16:52:16
375,The Handbook of Mesmerism,Thomas Buckland,53,pdf,Books/Books for Text_Eng-20260529T160906Z-3-001/Books for Text_Eng/DUVAR-Eng/Msn_Shrn/Mystic-Shrine-Ritual-Ea-Cook.pdf,1945545,0081b6f05bd1352fadd289bcdf927d935894cdbfe26f2a538f7521e1d92a2a44,2026-08-14 16:52:16
376,Origin of Shriners,Bilinmiyor,4,pdf,Books/Books for Text_Eng-20260529T160906Z-3-001/Books for Text_Eng/DUVAR-Eng/Msn_Shrn/Origin-of-Shriners.pdf,139156,0d09e3a48cbdecb7189e8ce540bd9b55d9fd48a87c6d17eae26705c9f0a6ff28,2026-08-14 16:52:16
377,Microsoft Word - Ritual of the Shriners.docx,Bilinmiyor,41,pdf,Books/Books for Text_Eng-20260529T160906Z-3-001/Books for Text_Eng/DUVAR-Eng/Msn_Shrn/Ritual-of-the-Shriners.pdf,793231,0cf02cbec82b8ac77d540f9752360fc1bb101191b2c19f50385630c77d6c2bbf,2026-08-14 16:52:16
378,Secrets of the Shriners,Daryl Bernard,11,pdf,Books/Books for Text_Eng-20260529T160906Z-3-001/Books for Text_Eng/DUVAR-Eng/Msn_Shrn/Secrets-of-the-Shriners.pdf,311570,d3c166ba0378d1b3b54dce8fffc3bd5dc2c6e03042e7efd8d5b6a8fea9b3cf43,2026-08-14 16:52:16
379,Shrine Illustrated,www.stichtingargus.nl,28,pdf,Books/Books for Text_Eng-20260529T160906Z-3-001/Books for Text_Eng/DUVAR-Eng/Msn_Shrn/Shrine-Illustrated.pdf,2418993,81c8c87822347979ab8eceb24a6674f692e1ed6c0e8c94a9322bace495c7395d,2026-08-14 16:52:16
380,Shriner Primer,Bilinmiyor,26,pdf,Books/Books for Text_Eng-20260529T160906Z-3-001/Books for Text_Eng/DUVAR-Eng/Msn_Shrn/Shriner_Primer.pdf,3176743,14ffe590ef5811e16d26c2ded1ca531eef77a13f192cd28ae3dbad5ded3bd8f2,2026-08-14 16:52:16
381,"The Practice of the Ancient Turkish Freemasons The Key to the Understanding of Alchemy A Presentation of the Ritual, Doctrine... (Rudolf von Sebottendorf) (z lib.org)",Bilinmiyor,55,pdf,"Books/Books for Text_Eng-20260529T160906Z-3-001/Books for Text_Eng/DUVAR-Eng/Msn_Shrn/The Practice of the Ancient Turkish Freemasons The Key to the Understanding of Alchemy A Presentation of the Ritual, Doctrine... (Rudolf von Sebottendorf) (z-lib.org).pdf",4500818,76841e615b5f4af2b9404119cbab2ff4f6418be1849e145d21ea5e751a48634f,2026-08-14 16:52:16
382,The 5 Principles of ISLAM,Bilinmiyor,55,pdf,Books/Books for Text_Eng-20260529T160906Z-3-001/Books for Text_Eng/DUVAR-Eng/Msn_Shrn/The-5-Principles-of-ISLAM.pdf,10865602,644429edd1e84dacb0c50f9d146540c3aebc7c6efce737029a0d29dc19f5b895,2026-08-14 16:52:16
383,The secret ritual of the secret work of the Ancient Arabic order of nobles of the mystic shrine ...,"Jones, John G., [from old catalog] comp.",50,pdf,Books/Books for Text_Eng-20260529T160906Z-3-001/Books for Text_Eng/DUVAR-Eng/Msn_Shrn/The-Secret-Ritual.pdf,1175077,80c2e23b91d86d6e09946fbbd43e151040226d3d997f72cf1a1ac3c2efd2e50f,2026-08-14 16:52:16
384,"Mecca Temple, Ancient Arabic Order of the Nobles of the Mystic Shrine, its history and pleasures, together with the origin and history of the order",Ancient Arabic Order of the Nobles of the Mystic Shrine for North America. New York. Mecca Temple. [from old catalog],168,pdf,Books/Books for Text_Eng-20260529T160906Z-3-001/Books for Text_Eng/DUVAR-Eng/Msn_Shrn/meccatempleancie00anci.pdf,12171421,3144d8bac9957cef93bf052b20b8c7d5a47d77f38875047996b9fc41761577a8,2026-08-14 16:52:16
385,A dictionary of symbolical masonry,George Oliver,416,pdf,Books/Books for Text_Eng-20260529T160906Z-3-001/Books for Text_Eng/DUVAR-Eng/Msn_Symbol/A Dictionary of Symbolical Masonry (George Oliver) (z-lib.org).pdf,9331683,693dc73389f505cd15e688c8d3f76aa9483613d831fe4ac7fee9f826f6784460,2026-08-14 16:52:16
386,A New Sacred Geometry The Art and Science of Frank Chester (Seth Thomas Miller) (z lib.org),Bilinmiyor,75,pdf,Books/Books for Text_Eng-20260529T160906Z-3-001/Books for Text_Eng/DUVAR-Eng/Msn_Symbol/A New Sacred Geometry The Art and Science of Frank Chester (Seth Thomas Miller) (z-lib.org).pdf,16833271,6a50e509218f1b682ae1ee44cbbc08b42c8570022c43026ff34d87c2fec8217f,2026-08-14 16:52:16
387,4-4,F. de P. Castells,32,pdf,Books/Books for Text_Eng-20260529T160906Z-3-001/Books for Text_Eng/DUVAR-Eng/Msn_Symbol/Arithmetic-of-Freemasonry.pdf,1324976,6dc2ff9d0f6e9b1aa84ee4649540f60c95c893c5817c267c64c8e39955e9b2a0,2026-08-14 16:52:16
388,"Mystic masonry, or, The symbols of freemasonry and the greater mysteries of antiquity","Buck, J. D. (Jirah Dewey), 1838-1916",320,pdf,"Books/Books for Text_Eng-20260529T160906Z-3-001/Books for Text_Eng/DUVAR-Eng/Msn_Symbol/Mystic masonry, or, The symbols of freemasonry and the greater mysteries of antiquity (Buck, J. D. (Jirah Dewey), 1838-1916) (z-lib.org).pdf",9196061,cf97b36d3ba36b36e5fd8b2a666fef0868de0772bcdb70cff7cae163cfa3f065,2026-08-14 16:52:16
389,Sacred Geometry Philosophy and Practice (Robert Lawlor) (z lib.org),Bilinmiyor,114,pdf,Books/Books for Text_Eng-20260529T160906Z-3-001/Books for Text_Eng/DUVAR-Eng/Msn_Symbol/Sacred Geometry Philosophy and Practice (Robert Lawlor) (z-lib.org).pdf,18847930,ac410f455415d3d0af3dba11612c5410b43ac7c12ddb19dbfe8d707a7c384d66,2026-08-14 16:52:16
390,The Masonic Letter G (Paul Foster Case) (z lib.org),Bilinmiyor,87,pdf,Books/Books for Text_Eng-20260529T160906Z-3-001/Books for Text_Eng/DUVAR-Eng/Msn_Symbol/The Masonic Letter G (Paul Foster Case) (z-lib.org).pdf,1464158,5f7d4ef7c404e03794f96802e975189aa1b213308b6d0709d1ef3671a6d299a8,2026-08-14 16:52:16
391,"The Symbolism of Freemasonry (Albert G. Mackey, [Mackey, Albert G.]) (z lib.org)",Bilinmiyor,-,epub,"Books/Books for Text_Eng-20260529T160906Z-3-001/Books for Text_Eng/DUVAR-Eng/Msn_Symbol/The Symbolism of Freemasonry (Albert G. Mackey, [Mackey, Albert G.]) (z-lib.org).epub",320651,6bc5dc0214b83dea9012cc920b17271d4a72fcf9c02252f618f68ec4a8685db2,2026-08-14 16:52:22
392,"The Symbolism of Freemasonry Illustrating and Explaining its Science and Philosophy, its Legends, Myths and Symbols (Mackey, Albert Gallatin) (z lib.org)",Bilinmiyor,-,epub,"Books/Books for Text_Eng-20260529T160906Z-3-001/Books for Text_Eng/DUVAR-Eng/Msn_Symbol/The Symbolism of Freemasonry Illustrating and Explaining its Science and Philosophy, its Legends, Myths and Symbols (Mackey, Albert Gallatin) (z-lib.org).epub",3674558,9432d25ee76933751a67caa18512bdd05f1ba082ca90a8ad8478ca0af6e86334,2026-08-14 16:52:22
393,The Templars The History and the Myth From Solomons Temple to the Freemasons (Michael Haag) (z lib.org),Bilinmiyor,-,epub,Books/Books for Text_Eng-20260529T160906Z-3-001/Books for Text_Eng/DUVAR-Eng/Msn_Templars/The Templars The History and the Myth From Solomons Temple to the Freemasons (Michael Haag) (z-lib.org).epub,441235,a206cd97ed2f01be0ed7408c15b2c9d51a4cb2f5487275b23ef4cf635f117331,2026-08-14 16:52:22
394,Freemasonry in the Ottoman Empire a history of the Fraternity and its influence in Syria and the Levant (Dorothea Sommer) (z lib.org),Bilinmiyor,-,epub,Books/Books for Text_Eng-20260529T160906Z-3-001/Books for Text_Eng/DUVAR-Eng/Msn_Trk/Freemasonry in the Ottoman Empire  a history of the Fraternity and its influence in Syria and the Levant (Dorothea Sommer) (z-lib.org).epub,6403065,e94c2aec31370005cc779ce0f4dd5523bf40c938ec68fa7edb71b0dfcffc51d7,2026-08-14 16:52:22
395,Secret Practices of the Sufi Freemasons The Islamic Teachings at the Heart of Alchemy (Rudolf von Sebottendorff) (z lib.org),Bilinmiyor,-,epub,Books/Books for Text_Eng-20260529T160906Z-3-001/Books for Text_Eng/DUVAR-Eng/Msn_Trk/Secret Practices of the Sufi Freemasons The Islamic Teachings at the Heart of Alchemy (Rudolf von Sebottendorff) (z-lib.org) (1).epub,403434,4f437c4b6da744fdd0758be8eb03e2bb2a485bdd3e6a3f7b87be8fb1ca3abaa5,2026-08-14 16:52:22
396,Yahudilik Masonluk Dönmelik (Necip Fazıl Kısakürek) (z lib.org),Bilinmiyor,100,pdf,Books/Books for Text_Eng-20260529T160906Z-3-001/Books for Text_Eng/DUVAR-Eng/Msn_Trk/Yahudilik Masonluk Dönmelik (Necip Fazıl Kısakürek) (z-lib.org).pdf,7225824,619f95d00c7a19f7cc6aacc178e30703aca8e4980a19b2c140b70b766e77be92,2026-08-14 16:52:22
397,The Secrets of Freemasonry,"Muhammad, Elijah",105,pdf,Books/Books for Text_Eng-20260529T160906Z-3-001/Books for Text_Eng/DUVAR-Eng/Msn_anti/The Secrets of Freemasonry (Elijah Muhammad) (z-lib.org).pdf,1164496,147e267d0eddaf1f902ebe5afcad99cde3b47472c2496ef4c4dd26296eb10529,2026-08-14 16:52:22
398,"Builders of Empire Freemasons and British Imperialism, 1717 1927 (Jessica L. Harland Jacobs) (z lib.org)",Bilinmiyor,-,epub,"Books/Books for Text_Eng-20260529T160906Z-3-001/Books for Text_Eng/DUVAR-Eng/Msn_ing/Builders of Empire Freemasons and British Imperialism, 1717-1927 (Jessica L. Harland-Jacobs) (z-lib.org).epub",3143143,b2983abedf4e37625e0dbb6283b834254abe839f0fc40c6412fc89702de2896d,2026-08-14 16:52:22
399,The Secrets of Freemasonry (Robert Lomas) (z lib.org),Bilinmiyor,-,epub,Books/Books for Text_Eng-20260529T160906Z-3-001/Books for Text_Eng/DUVAR-Eng/Msn_ing/The Secrets of Freemasonry (Robert Lomas) (z-lib.org).epub,1058721,ea7071a4fbd8fee4b77c6a233edec4353e1fee87f9c96aa28d46526301814348,2026-08-14 16:52:22
400,Thomas Dunckerley and English Freemasonry,"Sommers, Susan Mitchell",233,pdf,Books/Books for Text_Eng-20260529T160906Z-3-001/Books for Text_Eng/DUVAR-Eng/Msn_ing/Thomas Dunckerley and English Freemasonry (Susan Mitchell Sommers) (z-lib.org).pdf,969565,5e1b97f03fe732ab51649e219dc86f2b3fdb57cc44223d163ba3a1dedce58d14,2026-08-14 16:52:22
401,Inside the Brotherhood Further Secrets of the Freemasons (Martin Short) (z lib.org),Bilinmiyor,544,pdf,Books/Books for Text_Eng-20260529T160906Z-3-001/Books for Text_Eng/DUVAR-Eng/Msn_insd/Inside the Brotherhood Further Secrets of the Freemasons (Martin Short) (z-lib.org).pdf,28933816,215ccf0f75a8c1c3dbd3b5f856322a6aa09fce7edd589cfd7d768e0478bd8041,2026-08-14 16:52:22
402,Masonry Inside Out ( etc.) (z lib.org),Bilinmiyor,-,epub,Books/Books for Text_Eng-20260529T160906Z-3-001/Books for Text_Eng/DUVAR-Eng/Msn_insd/Masonry Inside Out ( etc.) (z-lib.org).epub,173632,b04e43fe68ad0c79f5229f0e76970f35ed04e9aeca5bab9cd3b8aca3c7b166dd,2026-08-14 16:52:22
403,"The Project Gutenberg eBook of The Mysteries of Free Masonry, by William Morgan",mardukk,206,pdf,Books/Books for Text_Eng-20260529T160906Z-3-001/Books for Text_Eng/DUVAR-Eng/The Mysteries of Freemasonry (William Morgan) (z-lib.org).pdf,1221309,492680d59e0cf4f141d16fca6429072ab32bcc422ae0c035782056ad5b65d869,2026-08-14 16:52:22
404,"The Worlds Most Dangerous Secret Societies The Illuminati, Freemasons, Bilderberg Group, Knights Templar, The Jesuits, Skull... (James Jackson) (z lib.org)",Bilinmiyor,-,epub,"Books/Books for Text_Eng-20260529T160906Z-3-001/Books for Text_Eng/DUVAR-Eng/The Worlds Most Dangerous Secret Societies The Illuminati, Freemasons, Bilderberg Group, Knights Templar, The Jesuits, Skull... (James Jackson) (z-lib.org).epub",207167,3818d6680e82344bf4d38c2f931ca5b9d10472693cd55db1edcb2ea32bc2422e,2026-08-14 16:52:22
405,"The autobiography of Harry S. Truman (Harry S. Truman, Robert H. Ferrell) (z lib.org)",Bilinmiyor,-,epub,"Books/Books for Text_Eng-20260529T160906Z-3-001/Books for Text_Eng/DUVAR-Eng/Truman/The autobiography of Harry S. Truman (Harry S. Truman, Robert H. Ferrell) (z-lib.org).epub",1488059,df4ef6b2c0ff15de4a7164cb3c56862e42abf020b4116e6b1b66b67336eb186d,2026-08-14 16:52:22
406,Dark Mysteries of the Vatican (H. Paul Jeffers) (z lib.org),Bilinmiyor,-,epub,Books/Books for Text_Eng-20260529T160906Z-3-001/Books for Text_Eng/DUVAR-Eng/Vatkn/Dark Mysteries of the Vatican    (H. Paul Jeffers) (z-lib.org).epub,621128,d892c94d5b5dd5d9056d4ece191ec69879de84e4f1a37b4397d994a8cc9dee88,2026-08-14 16:52:22
407,"The Israel Lobby and U.S. Foreign Policy (Farrar, Straus and Giroux, 2007)",John J. Mearsheimer & Stephen M. Walt,500,pdf,"Books/Books for Text_Eng-20260529T160906Z-3-001/Books for Text_Eng/DUVAR-Eng/zjew/The Israel Lobby and U.S. Foreign Policy (John J. Mearsheimer, Stephen M. Walt) (https___z-lib.org).pdf",9222608,26d0f763048720eacfbd880ee59ca202a382536c95f13cc553821ea329c2d661,2026-08-14 16:52:22
408,"The Israel Lobby and U.S. Foreign Policy (John J. Mearsheimer, Stephen M. Walt) (z lib.org)",Bilinmiyor,-,epub,"Books/Books for Text_Eng-20260529T160906Z-3-001/Books for Text_Eng/DUVAR-Eng/zjew/The Israel Lobby and U.S. Foreign Policy (John J. Mearsheimer, Stephen M. Walt) (z-lib.org).epub",221099676,50cdcbfeeb6a7732fcc8b21f6a805c33d4c59e1ba77e816166db0f34053eae85,2026-08-14 16:52:22
409,The Jewish enemy: Nazi propaganda during World War II and the Holocaust,Jeffrey Herf,401,pdf,Books/Books for Text_Eng-20260529T160906Z-3-001/Books for Text_Eng/DUVAR-Eng/zjew/The Jewish Enemy Nazi Propaganda during World War II and the Holocaust (Jeffrey Herf) (z-lib.org).pdf,2836158,92db6f1bf8ec88a2ffbfe2acab611358789d8c64c0f1ba635fec35eed2bf032a,2026-08-14 16:52:22
410,The Jewish State (Theodor Herzl) (z lib.org),Bilinmiyor,-,epub,Books/Books for Text_Eng-20260529T160906Z-3-001/Books for Text_Eng/DUVAR-Eng/zjew/The Jewish State (Theodor Herzl) (z-lib.org).epub,107067,670d7b04c94a31e631834c51b6bd6a4730d2aa1a02198eb7c81b382a64464878,2026-08-14 16:52:22
411,"The Jews And Modern Capitalism (Sombart, Werner) (z lib.org)",Bilinmiyor,-,epub,"Books/Books for Text_Eng-20260529T160906Z-3-001/Books for Text_Eng/DUVAR-Eng/zjew/The Jews And Modern Capitalism (Sombart, Werner) (z-lib.org).epub",337706,a5b6925ae613ba0e406cfe3164589bb5ada31d6815646a86949289382054350d,2026-08-14 16:52:22
412,The Jews in Britain A Chronology (Frank Raphael Langham) (z lib.org),Bilinmiyor,-,epub,Books/Books for Text_Eng-20260529T160906Z-3-001/Books for Text_Eng/DUVAR-Eng/zjew/The Jews in Britain A Chronology (Frank Raphael Langham) (z-lib.org).epub,1287926,fb437bfed18d81141fac9205d5b212e3d52d3f8e83389534f24eafbf7e1173e2,2026-08-14 16:52:22
413,"The Jews of France A History from Antiquity to the Present. (Esther Benbassa, M. B. Debevoise) (z lib.org)",Bilinmiyor,-,epub,"Books/Books for Text_Eng-20260529T160906Z-3-001/Books for Text_Eng/DUVAR-Eng/zjew/The Jews of France A History from Antiquity to the Present. (Esther Benbassa, M. B. Debevoise) (z-lib.org).epub",374438,1b6e3643ab92845956d8b6cbe42d0b412d45c0101055397339218bc4a730e6c5,2026-08-14 16:52:22
414,The Jews of Ottoman Izmir A Modern History (Dina Danon) (z lib.org),Bilinmiyor,-,epub,Books/Books for Text_Eng-20260529T160906Z-3-001/Books for Text_Eng/DUVAR-Eng/zjew/The Jews of Ottoman Izmir A Modern History (Dina Danon) (z-lib.org).epub,2842021,dbb9e69f705e8803ece35351c0084a9d35537b25bdb73564ee0a37aed9e917cf,2026-08-14 16:52:22
415,FM-main.dvi,Bilinmiyor,775,pdf,Books/Books for Text_Eng-20260529T160906Z-3-001/Books for Text_Eng/Game Theory/AI_Game Theory/Algorithmic-Game-Theory.pdf,5422330,83084d9996024ca92f313c5ae55fec7b3b379f06172a4c24b62229da9c558543,2026-08-14 16:52:22
416,VIEW FROM PRACTICE: Artificial Intelligence and the Fifth Phase of Political Risk Management: An Application to Regulatory Expropriation,Bilinmiyor,11,pdf,Books/Books for Text_Eng-20260529T160906Z-3-001/Books for Text_Eng/Game Theory/AI_Game Theory/Artificial intelligence and the fifth phase of political riskk.pdf,934358,f144ecb11819e3f1cae2910aaf0ce9311c1704e1787b93c714e724afca355b9c,2026-08-14 16:52:22
417,Artificial Intelligence Game Theory And Mechanism Design In International Politics Tshilidzi Marwala full chapter,Bilinmiyor,51,pdf,Books/Books for Text_Eng-20260529T160906Z-3-001/Books for Text_Eng/Game Theory/AI_Game Theory/Artificial-Intelligence-Game-Theory-And-Mechanism-Design-In-International-Politics-Tshilidzi-Marwala-full-chapter.pdf,1130705,eeea12d237c180f8d447075444da76b936edc7a57e24e4dfc4b93a080fb736d5,2026-08-14 16:52:22
418,JDAL-10-2021-0011_proof 114..130,Bilinmiyor,17,pdf,Books/Books for Text_Eng-20260529T160906Z-3-001/Books for Text_Eng/Game Theory/AI_Game Theory/GAMES_game_theory_and_artificial_intelligence.pdf,846711,71f4a158fa046c15d78f5dc5f3387c8e88860369078eda40beace4f12c2607f3,2026-08-14 16:52:22
419,Oyun Teorisi ve Makine Öğrenmesindeki Çıkarımlar Arasındaki Benzerlikler Üzerine Görüş,Bilinmiyor,25,pdf,Books/Books for Text_Eng-20260529T160906Z-3-001/Books for Text_Eng/Game Theory/AI_Game Theory/Game Theory and Machine Learnng.pdf,6219904,628678b98ab7015a0a039bf741fd192271c88d2d09fc83b8c81861ebf601fb20,2026-08-14 16:52:22
420,The Role of Game Theory and Artificial Intelligence in International Relations,perfect,16,pdf,Books/Books for Text_Eng-20260529T160906Z-3-001/Books for Text_Eng/Game Theory/AI_Game Theory/The Role of Game Theory and Artificial Intelligence in International Relations.pdf,345742,0ea9fa14c7cb8437337778e64452acabc6bdee11686cac66967a1e9aad0b3f83,2026-08-14 16:52:22
421,Microsoft Word - CSIC-6002-排版.docx,78110,12,pdf,Books/Books for Text_Eng-20260529T160906Z-3-001/Books for Text_Eng/Game Theory/AI_Multi Agent System_Game Theory/A_Comprehensive_Analysis_of_Game_theory_on_Multi-A.pdf,413902,5abb7abe25431f9bf9431ce4e9c9cdd3dcd85acf39dbec178bdb88dba2501a9a,2026-08-14 16:52:22
422,An Analysis of Stochastic Game Theory for Multiagent,Bilinmiyor,12,pdf,Books/Books for Text_Eng-20260529T160906Z-3-001/Books for Text_Eng/Game Theory/AI_Multi Agent System_Game Theory/An Analysis of Stochastic Game Theory for Multiagent.pdf,109903,b9eb775bf8ecd10e20ca80b729c447ecc6b9494871a97cde3e1d44c0e7783af3,2026-08-14 16:52:22
423,gtdt.dvi,Bilinmiyor,14,pdf,Books/Books for Text_Eng-20260529T160906Z-3-001/Books for Text_Eng/Game Theory/AI_Multi Agent System_Game Theory/Game Theory and Decision Theory inMulti-Agent Systems.pdf,100963,daab0549ebab3a366b3c03adf3f8688a5b0e9ccbfd5f9687edfc40cf36482cb9,2026-08-14 16:52:22
424,"Multiagent Systems: Algorithmic, Game-Theoretic, and Logical Foundations",Yoav Shoham,532,pdf,"Books/Books for Text_Eng-20260529T160906Z-3-001/Books for Text_Eng/Game Theory/AI_Multi Agent System_Game Theory/Multi Agent System-Algorithmic, Game-Theoretic.pdf",3914452,dd1768db5178defacad751b0e3aaa0068d88aa56e9de20076d70fb1aa57aaa65,2026-08-14 16:52:22
425,Multi Agent Learning,Bilinmiyor,39,pdf,Books/Books for Text_Eng-20260529T160906Z-3-001/Books for Text_Eng/Game Theory/AI_Multi Agent System_Game Theory/Multi-Agent Learning.pdf,1122469,1cbc8e648a962a30d3a2a0ad8841fd3c1bc3e7afe767b64a057235e0a98a0e2a,2026-08-14 16:52:22
426,Game Theory Course MIT Rubinsten,Bilinmiyor,368,pdf,Books/Books for Text_Eng-20260529T160906Z-3-001/Books for Text_Eng/Game Theory/Game Theory Course/Game Theory Course-MIT-Rubinsten.pdf,1687954,c20e6dcb183ae371bc0b58d7bccd5fa78940c0da51b97be1e5fee44c695b33f5,2026-08-14 16:52:22
427,Game Theory Solved Exercises Bonanno,Bilinmiyor,585,pdf,Books/Books for Text_Eng-20260529T160906Z-3-001/Books for Text_Eng/Game Theory/Game Theory Course/Game Theory Solved Exercises-- Bonanno.pdf,5464448,43b5d8859336d9775c5eee6bf5288622d82cce2e756d97c3e3b1224c7c2e5042,2026-08-14 16:52:22
428,Game Theory Through Examples,Erich Prisner,47,pdf,Books/Books for Text_Eng-20260529T160906Z-3-001/Books for Text_Eng/Game Theory/Game Theory Course/Game Theory Through Examples.pdf,407833,85cb8010cca382d48b8bdb5d1f28958cc3a5ec40478416ce11832dc3a5c5f04b,2026-08-14 16:52:22
429,"Game Theory, Alive",Yuval Peres with David B. Wilson,393,pdf,"Books/Books for Text_Eng-20260529T160906Z-3-001/Books for Text_Eng/Game Theory/Game Theory Course/Game Theory, Alive.pdf",8571181,1937bf727b67bce604d8a140b571365adc3330864a80036f5ff9a667855ee3cc,2026-08-14 16:52:22
430,Game theory: Parts I and II - with 88 solved exercises. An open access textbook,"Bonanno, Giacomo",242,pdf,Books/Books for Text_Eng-20260529T160906Z-3-001/Books for Text_Eng/Game Theory/Game Theory Course/Game theory Solved exercises.pdf,1986279,13d85669476a0ac1e4f377d4f51ff5211cb62c306d917ad46a422efd545a91b6,2026-08-14 16:52:22
431,An Introductıon To Game Theory Torono,Bilinmiyor,220,pdf,Books/Books for Text_Eng-20260529T160906Z-3-001/Books for Text_Eng/Game Theory/Game Theory/An Introductıon To Game Theory-Torono.pdf,877548,fe5246ab7017ee374264e1967d6b1fcc0ead76f2f514f022af1872b33a1bba37,2026-08-14 16:52:22
432,Gameth1.PDF,das22,46,pdf,"Books/Books for Text_Eng-20260529T160906Z-3-001/Books for Text_Eng/Game Theory/Game Theory/Classical, Modern and New Game Theory-Yale.pdf",123064,ea8383937f814cb5690b28b0805555466c7fc062cddfb40d358b3172aa91224d,2026-08-14 16:52:22
433,Game Theory California,Bilinmiyor,592,pdf,Books/Books for Text_Eng-20260529T160906Z-3-001/Books for Text_Eng/Game Theory/Game Theory/Game Theory California.pdf,3948470,d7e5f8ed5ca40c73b5d2023dd5cfe95558e2817bad3a663182bcd442ef06eaaf,2026-08-14 16:52:22
434,"Anneli Lax New Mathematical Library, Volume 36 : Game Theory and Strategy","Straffin, Philip D.(Author)",256,pdf,Books/Books for Text_Eng-20260529T160906Z-3-001/Books for Text_Eng/Game Theory/Game Theory/Game Theory-and-Strategy.pdf,10397151,c98b9a67d3977e908c0573c1535ba681ba49faf9b2795dd0602aa401fda31191,2026-08-14 16:52:22
435,9780199218462.pdf,Bilinmiyor,201,pdf,Books/Books for Text_Eng-20260529T160906Z-3-001/Books for Text_Eng/Game Theory/Game Theory/Game Theory_Introduction-Oxford.pdf,3139678,295da60e2029fd5b4f2c6d38df886425738f592912d14d4217e98fd3f5d3867d,2026-08-14 16:52:22
436,Game Theory Oxford Graham Rom,Bilinmiyor,295,pdf,Books/Books for Text_Eng-20260529T160906Z-3-001/Books for Text_Eng/Game Theory/Game Theory/Game Theory_Oxford_Graham Rom.pdf,18665015,7438a1a5f6cfdaa748f88724d8f53850678068edd93160da6cb42a16262ecbb9,2026-08-14 16:52:22
437,Game Theory Princeton,Bilinmiyor,417,pdf,Books/Books for Text_Eng-20260529T160906Z-3-001/Books for Text_Eng/Game Theory/Game Theory/Game Theory_Princeton.pdf,3730938,fb4d77f5f5ccd6e06c433ae0bf9986018a585aa4fb6ceac5d12a51fea37e9dc0,2026-08-14 16:52:22
438,Decision Making using Game Theory: An introduction for managers,Anthony Kelly,215,pdf,Books/Books for Text_Eng-20260529T160906Z-3-001/Books for Text_Eng/Game Theory/Game Theory/Game-Theory for Decision-Making.pdf,1354792,1dfa200cbf0a59d329a9ace4bb41709dc1755fac72f41143076be23bee37ad93,2026-08-14 16:52:22
439,Game Theory: 4th Edition,"Owen, Guillermo",627,pdf,Books/Books for Text_Eng-20260529T160906Z-3-001/Books for Text_Eng/Game Theory/Game Theory/Game-Theory-4th-Edition-Owen-Guillermo.pdf,13620999,daaefce21f19596dbae94614d375dbf83d8139e486353489850deb8d7a7916db,2026-08-14 16:52:22
440,Game Theory Analysis of Conflict Harvard,Bilinmiyor,587,pdf,Books/Books for Text_Eng-20260529T160906Z-3-001/Books for Text_Eng/Game Theory/Game Theory/Game-Theory_Analysis of Conflict_Harvard.pdf,6006613,112cbf02439c1a287fc9075f91100e9fef4871e989441a2f9787f1700c91edea,2026-08-14 16:52:22
441,BOOK.dvi,Bilinmiyor,42,pdf,"Books/Books for Text_Eng-20260529T160906Z-3-001/Books for Text_Eng/Game Theory/Game Theory/Osborne, Game Theory, Nash.pdf",307909,f5f1a8460835828bb8cf2307a39d15823316a7d27220bd4c1e965f903018d637,2026-08-14 16:52:22
442,cover,Jolcia,384,pdf,Books/Books for Text_Eng-20260529T160906Z-3-001/Books for Text_Eng/Game Theory/Game Theory/Strategies-and-Games_-The-MIT-Press-1999.pdf,2915456,9fc8b1618747f3579f0959cb35d938352b29e65273576753c092c0474b9a9ae6,2026-08-14 16:52:22
443,Strategy Game Theory Watson,Bilinmiyor,511,pdf,Books/Books for Text_Eng-20260529T160906Z-3-001/Books for Text_Eng/Game Theory/Game Theory/Strategy_Game Theory_Watson.pdf,2840839,0c823f3a7b45f117ade5c607dd6830c72f138b3aa4cc0983c441b61208a2dacf,2026-08-14 16:52:22
444,~$me Theory Princeton,Bilinmiyor,-,docx,Books/Books for Text_Eng-20260529T160906Z-3-001/Books for Text_Eng/Game Theory/Game Theory/~$me_Theory_Princeton.docx,162,066acfbcb83b6c3fd6c1af6a2de790eface17ec84d406e04e576185acb5a876a,2026-08-14 16:52:22
445,~$t Game Theory Princeton,Bilinmiyor,-,docx,Books/Books for Text_Eng-20260529T160906Z-3-001/Books for Text_Eng/Game Theory/Game Theory/~$t-Game_Theory_Princeton.docx,162,92e2e6f997792b346d2a7187739c8522d9183a7ddbb458879f9be486a790bb7c,2026-08-14 16:52:22
446,AN INTRODUCTION TO GAME THEORY AND BUSINESS STRATEGY,Elizabeth Elliott,18,pdf,Books/Books for Text_Eng-20260529T160906Z-3-001/Books for Text_Eng/Game Theory/Game Theory_Business/Game Theory-Business Strategy.pdf,294063,3d21d2743b6120048119684014ecbd875b3d9713be09efd67ff4c151ac81898a,2026-08-14 16:52:22
447,Game Theory Business and Economics Springer,Bilinmiyor,493,pdf,Books/Books for Text_Eng-20260529T160906Z-3-001/Books for Text_Eng/Game Theory/Game Theory_Business/Game Theory-Business and Economics-Springer-2015.pdf,3536291,6c4c12dbb92d0e62790c911554a2425a92deadcbae75f9cae0a46e88adcd7dd4,2026-08-14 16:52:22
448,Game Theory for Business Harvard,Bilinmiyor,20,pdf,Books/Books for Text_Eng-20260529T160906Z-3-001/Books for Text_Eng/Game Theory/Game Theory_Business/Game-Theory for Business-Harvard.pdf,482460,7e0948257746f0ecb579e280516d801be32fb7442e3ce7e67cd7dd14edb0645e,2026-08-14 16:52:22
449,The Art of Strategy: A Game Theorist\'s Guide to Success in Business and Life - PDFDrive.com,Avinash K. Dixit & Barry J. Nalebuff,550,pdf,Books/Books for Text_Eng-20260529T160906Z-3-001/Books for Text_Eng/Game Theory/Game Theory_Business/The Art of Strategy_ A Game Theorist_s Guide to Success in Business and Lifeive.pdf,3662590,2feef26987bf4f1a62ad7b76bc0661050176fe66342af0c92e1768cbe4e4422f,2026-08-14 16:52:22
450,The Game Theory of International Politics,Bilinmiyor,34,pdf,Books/Books for Text_Eng-20260529T160906Z-3-001/Books for Text_Eng/Game Theory/Game Theory_International Politics/Game-Theory-of-International-Politics-Cambridge.pdf,2552757,298b5dd3633a0704154f0bba0ad45baa2480831517c365e2bbb820bba02a0412,2026-08-14 16:52:22
451,"Hegemons, Leaders and Followers",Bilinmiyor,44,pdf,"Books/Books for Text_Eng-20260529T160906Z-3-001/Books for Text_Eng/Game Theory/Game Theory_Political Economy/Hegemons, Leaders and Followers.pdf",136122,867d4b6abff8a38a35fdecb3e9a3e2e3feb29bdda997f4c628f477e4f87d8a78,2026-08-14 16:52:22
452,Political Economy with Game Theory,Bilinmiyor,82,pdf,Books/Books for Text_Eng-20260529T160906Z-3-001/Books for Text_Eng/Game Theory/Game Theory_Political Economy/Political Economy with Game Theory.pdf,542874,c63a06e032afb6850c748dce4b422f2989332dc4b39f1ea2ed217eb96db76bcc,2026-08-14 16:52:22
453,"Games, Information, and Politics: Applying Game Theoretic Models to Political Science (Analytical Perspectives on Politics)","Scott Gates, Brian D. Humes",194,pdf,"Books/Books for Text_Eng-20260529T160906Z-3-001/Books for Text_Eng/Game Theory/Game Theory_Political/Games, Information,  and politics.pdf",3104484,0ac5f1db96743178d421f897b223cd0b02c40719f2e50b9694948ef6b4ba47ee,2026-08-14 16:52:22
454,Political Game Theory: AN INTRODUCTION,NOLAN McCARTY and ADAM MEIROWITZ,447,pdf,Books/Books for Text_Eng-20260529T160906Z-3-001/Books for Text_Eng/Game Theory/Game Theory_Political/Political Game Theory-Cambridge.pdf,1883812,8c916d29465aad7ec42b750d36c5732d4bb07de3e4ff23cba789b3a7ef990cd7,2026-08-14 16:52:22
455,book.dvi,ameirowi,415,pdf,Books/Books for Text_Eng-20260529T160906Z-3-001/Books for Text_Eng/Game Theory/Game Theory_Political/Political_Game_Theory_Princeton.pdf,2987908,107699a509ef95a63dab1c8483b72f86abb453b0429d4887bdfe69ff6cbe67cc,2026-08-14 16:52:22
456,Strategy and Politics wiith Game Theory,Bilinmiyor,432,pdf,Books/Books for Text_Eng-20260529T160906Z-3-001/Books for Text_Eng/Game Theory/Game Theory_Political/Strategy and Politics wiith Game Theory.pdf,8377275,f06f7e8fd1788b5e01133d6952f8badd95e91f860ca8b06fea69c5825cd60ebb,2026-08-14 16:52:22
457,Strategy and Politics,"Niou, Emerson M. S.,Ordeshook, Peter C.",432,pdf,Books/Books for Text_Eng-20260529T160906Z-3-001/Books for Text_Eng/Game Theory/Game Theory_Political/Strategy and Politics_ An Introduction to Game Theory.pdf,2524617,8a2fd89b5c23f420b483f0d9aa96440ee8a752d2c50f283fec9a99454deb4da9,2026-08-14 16:52:22
458,~$litical Game Theory Princeton,Bilinmiyor,-,docx,Books/Books for Text_Eng-20260529T160906Z-3-001/Books for Text_Eng/Game Theory/Game Theory_Political/~$litical_Game_Theory_Princeton.docx,162,99ea2c131a44142632072e0ffab23529611cfffd07a298d8b5f7d92163bcc168,2026-08-14 16:52:22
459,The Compleat Strategyst: Being a Primer on the Theory of Games of Strategy,John D. Williams,286,pdf,Books/Books for Text_Eng-20260529T160906Z-3-001/Books for Text_Eng/Game Theory/Game Theory_Rand/Compleat Strategyst_Game Theory_Rand_1954.pdf,8211570,b14ba10e061b49ac38cee6abd6ea5b8d7aba8fd13c71d0f039f9742f64be3e68,2026-08-14 16:52:22
460,Game Theory,Lloyd S. Shapley,9,pdf,Books/Books for Text_Eng-20260529T160906Z-3-001/Books for Text_Eng/Game Theory/Game Theory_Rand/Game Theory_Rand_1979.pdf,357948,fd3ca8e62d6fa26a6bf66dc5fcf76fc4a66acdb270baded5c0fde92a14bbcb1a,2026-08-14 16:52:22
461,Introduction to Game Theory,Jonathan Cave,28,pdf,Books/Books for Text_Eng-20260529T160906Z-3-001/Books for Text_Eng/Game Theory/Game Theory_Rand/Game Theory_Rand_1987.pdf,909549,1bd47378f83aa67cc4349534b337a9861398e77eec65f2eb9cbe918d2e53fe4d,2026-08-14 16:52:22
462,Games of Strategy: Theory and Applications,Melvin Dresher,196,pdf,Books/Books for Text_Eng-20260529T160906Z-3-001/Books for Text_Eng/Game Theory/Game Theory_Rand/Game of Strategy_Rand_1961.pdf,6398270,adb8cb6b822893cf96ef54ad0b12e19d5851de6be00255ab8dcebca50c19e14c,2026-08-14 16:52:22
463,A Search fot Truth,Bilinmiyor,80,pdf,Books/Books for Text_Eng-20260529T160906Z-3-001/Books for Text_Eng/July 15_Eng/A Search fot Truth.pdf,1694731,b85749c8d86cac372e9d086e3c99cd2c971ae1e1eaa0d91d53a779b38ad02837,2026-08-14 16:52:22
464,dummies-V3,Bilinmiyor,9,pdf,Books/Books for Text_Eng-20260529T160906Z-3-001/Books for Text_Eng/July 15_Eng/Coup For Dummies_Fake Coup.pdf,11942108,3c01082ee8f0b67c422717d7a61533270c2b1ca56013a1906bbbeadc3d5c7992,2026-08-14 16:52:22
465,SADAT Erdogan s Private Army,Bilinmiyor,75,pdf,Books/Books for Text_Eng-20260529T160906Z-3-001/Books for Text_Eng/July 15_Eng/SADAT_Erdogan_s Private Army.pdf,6554957,1b24c283ae615f369e729b92a0ac8e06d777b60d13a29fbe9378c5c519f506fb,2026-08-14 16:52:22
466,The Coup in Turkey.,Bilinmiyor,120,pdf,Books/Books for Text_Eng-20260529T160906Z-3-001/Books for Text_Eng/July 15_Eng/The Coup in Turkey..pdf,11148726,ab4d4c9c1fe79efd4077dd0ec0c59bf0e9db0dccd9ca1a0986ecc36d58b9afbb,2026-08-14 16:52:22
467,UK Report for July 15,Bilinmiyor,82,pdf,Books/Books for Text_Eng-20260529T160906Z-3-001/Books for Text_Eng/July 15_Eng/UK_Report for July 15.pdf,1187838,9f917a733a4cbbd36b31f6e7f77a9d8c0e10ff149fe7b134adb1af4df04a668e,2026-08-14 16:52:22
468,"(OSINT) Open Source Intelligence Glossary Guide to keywords, phrases for improved Internet research results (Nicholas Crowder) (z lib.org)",Bilinmiyor,-,epub,"Books/Books for Text_Eng-20260529T160906Z-3-001/Books for Text_Eng/Open Source/(OSINT) Open Source Intelligence Glossary Guide to keywords, phrases for improved Internet research results (Nicholas Crowder) (z-lib.org).epub",154064,9e839abbf5eabf0ae17ad93e60c9d9c7b92c58663e7a53d305f76c541091fd1a,2026-08-14 16:52:22
469,"Open Source Intelligence Glossary Guide to Keywords, Phrases for Improved Internet Research Results (Crowder, Nicholas) (z lib.org)",Bilinmiyor,-,epub,"Books/Books for Text_Eng-20260529T160906Z-3-001/Books for Text_Eng/Open Source/Open Source Intelligence Glossary Guide to Keywords, Phrases for Improved Internet Research Results (Crowder, Nicholas) (z-lib.org).epub",189187,541c525d13555f2b38b699b378d32ad0292887564a033963c5e1b83a19696b66,2026-08-14 16:52:22
470,"Open Source Intelligence Methods and Tools A Practical Guide to Online Intelligence (Nihad A. Hassan, Rami Hijazi) (z lib.org)",Bilinmiyor,-,epub,"Books/Books for Text_Eng-20260529T160906Z-3-001/Books for Text_Eng/Open Source/Open Source Intelligence Methods and Tools A Practical Guide to Online Intelligence (Nihad A. Hassan, Rami Hijazi) (z-lib.org).epub",12704984,32cb7965eef886d4bdc893c50177e17f31badb6c36ba1a6d0f70ae7be5d07d12,2026-08-14 16:52:22
471,Open Source Intelligence Techniques Resources for Searching and Analyzing Online Information (Michael Bazzell) (z lib.org),Bilinmiyor,667,pdf,Books/Books for Text_Eng-20260529T160906Z-3-001/Books for Text_Eng/Open Source/Open Source Intelligence Techniques Resources for Searching and Analyzing Online Information (Michael Bazzell) (z-lib.org) (1).pdf,54442690,92e0315056aa4ecacf9bc57a6b457ac63369c5e104a7355314dbfefbe3c31d3a,2026-08-14 16:52:22
472,Dictatorship,Bilinmiyor,102,pdf,Books/Books for Text_Eng-20260529T160906Z-3-001/Books for Text_Eng/Politic/Dictatorship.pdf,624768,3ab82a21e641334c8a73b2122b78c057e836f1192fe68faf57e30ef2a7f2e846,2026-08-14 16:52:22
473,Modern Dictators,Bilinmiyor,46,pdf,Books/Books for Text_Eng-20260529T160906Z-3-001/Books for Text_Eng/Politic/Modern Dictators.pdf,856880,f2fba31bca38f13fb91d7659e8b1cbd7d1219e9e0a701c94c151a319d30703a5,2026-08-14 16:52:22
474,THE DUAL STATE,Bilinmiyor,335,pdf,Books/Books for Text_Eng-20260529T160906Z-3-001/Books for Text_Eng/Politic/The-Dual-State-Ernst-Fraenkel.pdf,2919325,6ff50eaa4f7ed9797e3ce86ce699387356cbf4bb3dba0a7bdb7c17554ea72592,2026-08-14 16:52:22
475,The Family: The Secret Fundamentalism at the Heart of American Power,Jeff Sharlet,465,pdf,Books/Books for Text_Eng-20260529T160906Z-3-001/Books for Text_Eng/Politic/The_Family-Jeff Sharlet.pdf,2368469,2b683d5749c1cc062e4b39f41afc46f57c336dffa87f4a2e0e17d690c8d4ffeb,2026-08-14 16:52:22
476,"Totalitarianism and Political Religions, Volume II: Concepts for the Comparison of Dictatorships",Hans Maier and Michael Schafer (edt),353,pdf,"Books/Books for Text_Eng-20260529T160906Z-3-001/Books for Text_Eng/Politic/Totalitarianism and Political Religions, Volume II Concepts for the Comparison Of Dictatorships (Hans Maier, Michael Schäfer) (z-lib.org).pdf",2169570,e435c26c34cdc465ecd36460044e31eb8a739e758c68b650effefa3168075ff4,2026-08-14 16:52:22
477,"All Art Is Propaganda Critical Essays (George Orwell, Keith Gessen, George Packer) (z lib.org)",Bilinmiyor,-,epub,"Books/Books for Text_Eng-20260529T160906Z-3-001/Books for Text_Eng/Propaganda/All Art Is Propaganda Critical Essays (George Orwell, Keith Gessen, George Packer) (z-lib.org).epub",426555,26953b1580605933e654fad48700c1ba192bcfa437e18210c4efa848f6dffd43,2026-08-14 16:52:22
478,GOEBBELS PROPAGANDA ONE C,CALLASSA,11,pdf,Books/Books for Text_Eng-20260529T160906Z-3-001/Books for Text_Eng/Propaganda/GOEBBELS-PROPAGANDA-ONE-C.pdf,568929,e0da28054e78b9eb04caf16eff4f3b0baf5878ab1a86dbcf870249991a7aaf72,2026-08-14 16:52:22
479,Nazi Propaganda and Techniques of Neutralization,Bilinmiyor,13,pdf,Books/Books for Text_Eng-20260529T160906Z-3-001/Books for Text_Eng/Propaganda/Nazi Propaganda and Techniques of Neutralization.pdf,175458,80c1fa745e69ed5cda733ffea517b18ed5c5a4262280b377c0150e4829114665,2026-08-14 16:52:22
480,"Network propaganda manipulation, disinformation, and radicalization in American politics (Yochai BENKLER, Robert FARIS, Hal ROBERTS) (z lib.org)",Bilinmiyor,-,epub,"Books/Books for Text_Eng-20260529T160906Z-3-001/Books for Text_Eng/Propaganda/Network propaganda manipulation, disinformation, and radicalization in American politics (Yochai BENKLER, Robert FARIS, Hal ROBERTS) (z-lib.org).epub",65313555,618ebbd934eeb08279f2c4d6996d37be9f88798266161d90fc0f05e480808d58,2026-08-14 16:52:22
481,"Protests in the Information Age Social Movements, Digital Practices and Surveillance (Lucas Melgaço, Jeffrey Monaghan) (z lib.org)",Bilinmiyor,-,epub,"Books/Books for Text_Eng-20260529T160906Z-3-001/Books for Text_Eng/Propaganda/Protests in the Information Age Social Movements, Digital Practices and Surveillance (Lucas Melgaço, Jeffrey Monaghan) (z-lib.org).epub",2561826,6715a1a977a426d33fbc0c0190fbd3d8cea1f9e1d590e74327e4d49c78086a8b,2026-08-14 16:52:22
482,The effectiveness of Nazi propaganda during World War II,Bilinmiyor,101,pdf,Books/Books for Text_Eng-20260529T160906Z-3-001/Books for Text_Eng/Propaganda/The effectiveness of Nazi propaganda during World War II.pdf,3273643,d850db45ffd333af9cd8f4fc8178cfab06f9afb14aa404203b27f0b22dec5ebb,2026-08-14 16:52:22
483,Totaliterizm ve Dezenformasyon Atilla Yayla,Bilinmiyor,22,pdf,Books/Books for Text_Eng-20260529T160906Z-3-001/Books for Text_Eng/Propaganda/Totaliterizm ve Dezenformasyon-Atilla Yayla.pdf,1088046,8f09b1a5e7e50ad2fc3f61bb815dfbaae08920ccd7261f24346f60bd7af8a6ce,2026-08-14 16:52:22
484,You Said What?,Bill Fawcett,329,pdf,Books/Books for Text_Eng-20260529T160906Z-3-001/Books for Text_Eng/Propaganda/You Said What Lies and Propaganda Throughout History (Bill Fawcett) (z-lib.org).pdf,3253022,308a79f0789191bcbb88b579ac26dd7180d6178eb1f3208736dbe09eccfc593f,2026-08-14 16:52:22
485,"Urbanization and Insurgency: The Turkish Case, 1976-1980",Sabri Sayari,38,pdf,Books/Books for Text_Eng-20260529T160906Z-3-001/Books for Text_Eng/Rand/RAND_1991_Turkey_s Urbanization and Insurgency_1976-1980.pdf,1280074,2b781fe66ad6797e5359c9e9c53fa4ced316457e5f847cfa2d1c5af6ccf5b687,2026-08-14 16:52:22
486,Turkey: Toward the Twenty-First Century,Paul B. Henze,56,pdf,Books/Books for Text_Eng-20260529T160906Z-3-001/Books for Text_Eng/Rand/RAND_1992_Turkey_Paul Henze.pdf,2622984,ee7d34ff094aa09c93824318bba61de20829eb549774ecbb831b4e0d2312a567,2026-08-14 16:52:22
487,From Eastern Europe to Western China: The Growing Role of Turkey in the World and Its Implications for Western Interests,Graham Fuller,42,pdf,Books/Books for Text_Eng-20260529T160906Z-3-001/Books for Text_Eng/Rand/RAND_1993_Graham Fuller.pdf,1246903,05aa30392304f1980b85a3f9936bb2fdee35ad4426a620c7b3cad625f4d49897,2026-08-14 16:52:22
488,Ethnic and Religious Strains in Turkey: Internal and External Implications,Ian O. Lesser,22,pdf,Books/Books for Text_Eng-20260529T160906Z-3-001/Books for Text_Eng/Rand/RAND_1997_Turkey_s Ethnic and Religious Strains.pdf,923806,0b733870bdfe246ea48f7af15bd553765c9ad727e129353a8c4edca3dbcb989a,2026-08-14 16:52:22
489,The Future of Turkish-Western Relations: Toward A Strategic Plan,"Zalmay Khalilzad, Ian O. Lesser, F. Stephen Larrabee",110,pdf,Books/Books for Text_Eng-20260529T160906Z-3-001/Books for Text_Eng/Rand/RAND_2000_ Turkish-Western Relations_s Future.pdf,333079,5d3ed17085d6c4cc6cf6e65ca505e5097d89968a8b6db8aa6c5424d5d560d2b1,2026-08-14 16:52:22
490,"Civil Democratic Islam: Partners, Resources, and Strategies",Cheryl Benard,88,pdf,Books/Books for Text_Eng-20260529T160906Z-3-001/Books for Text_Eng/Rand/RAND_2003_Civil Democratic Islam.pdf,732572,4ab968e6fd68bc8b582b01d3c0563037bc67b97e77c50e40724c29f900e99fb0,2026-08-14 16:52:22
491,Turkish Foreign Policy in an Age of Uncertainty,"F. Stephen Larrabee, Ian O. Lesser",241,pdf,Books/Books for Text_Eng-20260529T160906Z-3-001/Books for Text_Eng/Rand/RAND_2003_Turkish Foreign Policy.pdf,1387810,2479cd631867dbf99b188fc66bf78ffca10463b00d9ab499dbf5c7ca928f64ea,2026-08-14 16:52:29
492,How Terrorist Groups End: Lessons for Countering al Qa'ida,"Seth G. Jones, Martin C. Libicki",251,pdf,Books/Books for Text_Eng-20260529T160906Z-3-001/Books for Text_Eng/Rand/RAND_2008_How Terrorist Groups End.pdf,3167071,9de9f2c826715ccb8b1a69a4592540213dd659ef3f629333b4379a17ecf8e594,2026-08-14 16:52:29
493,"Middle East Perspectives: Conference Proceedings from Gstaad, Switzerland","Shahram Chubin, David Aaron, Abdulaziz Sager, Shai Feldman",27,pdf,Books/Books for Text_Eng-20260529T160906Z-3-001/Books for Text_Eng/Rand/RAND_2008_Middle East Perspectives.pdf,287323,3a53d7a4e2c523211ca1496a5e33481e0353c3434853b1becb99bf86ef10db30,2026-08-14 16:52:29
494,Turkey as a U.S. Security Partner,F. Stephen Larrabee,50,pdf,Books/Books for Text_Eng-20260529T160906Z-3-001/Books for Text_Eng/Rand/RAND_2008_Turkey Security Partner.pdf,268383,1f6b26390f4422d0b2421e980059ae8c321919e8e83f80a860222fb4e3fcd83e,2026-08-14 16:52:29
495,The Rise of Political Islam in Turkey,Angel Rabasa,135,pdf,Books/Books for Text_Eng-20260529T160906Z-3-001/Books for Text_Eng/Rand/RAND_2008_Turkey_s Political Islam.pdf,813735,05e536e30bbd9d4cd6f9b820c9d1a51142900000d4a593ea0df87c949da580be,2026-08-14 16:52:29
496,War by Other Means--Building Complete and Balanced Capabilities for Counterinsurgency: RAND Counterinsurgency Study--Final Report,David C. Gompert,519,pdf,Books/Books for Text_Eng-20260529T160906Z-3-001/Books for Text_Eng/Rand/RAND_2008_War by Other Means.pdf,2425782,d8ea57ab23ce81eee5135f99acd3d349f89f84b657bb9695d729bacab6e47c2a,2026-08-14 16:52:29
497,Understanding and Influencing Public Support for Insurgency and Terrorism,"Paul K. Davis, Eric V. Larson, Zachary Haldeman, Mustafa Oguz, Yashodhara Rana",272,pdf,Books/Books for Text_Eng-20260529T160906Z-3-001/Books for Text_Eng/Rand/RAND_2012_Public Support for Insurgency.pdf,1327866,df223eb23084ff934b610721660040f28ed5b4f01c09b586969373558d6a4899,2026-08-14 16:52:29
498,Hedgemony: A Game of Strategic Choices -- Rulebook,"Michael E. Linick, John Yurchak, Michael Spirtas, Stephen Dalzell, Yuna Huh Wong, Yvonne K. Crane",74,pdf,Books/Books for Text_Eng-20260529T160906Z-3-001/Books for Text_Eng/Rand/RAND_2020_Hedgemony_Game of Stratgy.pdf,18710018,c170b74ca774fd686d4103665d1e17db8633fc9f04777968f96fba4310ce2c5f,2026-08-14 16:52:29
499,Turkey's Nationalist Course: Implications for the U.S.-Turkish Strategic Partnership and the U.S. Army,"Stephen J. Flanagan, F. Stephen Larrabee, Anika Binnendijk, Katherine Costello, Shira Efron, James Hoobler, Magdalena Kirchner, Jeffrey Martini, Alireza Nader, Peter A. Wilson",276,pdf,Books/Books for Text_Eng-20260529T160906Z-3-001/Books for Text_Eng/Rand/RAND_2020_Turkey Report.pdf,4369358,45827590a60298303e69bafc3ee610f399c5184be15c9983b4b93ce0b319bc83,2026-08-14 16:52:29
500,MG726.indb,Bilinmiyor,134,pdf,"Books/Books for Text_Eng-20260529T160906Z-3-001/Books for Text_Eng/Rand/The Rise of Political Islam in Turkey (Stephen F. Larrabee, Angel Rabasa) (https___z-lib.org).pdf",920093,65ca330a6949e9c31f58a0d455c337a85d7d7743086f79e41d7c0693d7425fed,2026-08-14 16:52:29
501,The Rise of Turkey The Twenty First Century’s First Muslim Power (Soner Cagaptay) (https z lib.org),Coşkun & Aynur,185,pdf,Books/Books for Text_Eng-20260529T160906Z-3-001/Books for Text_Eng/Rand/The Rise of Turkey The Twenty-First Century’s First Muslim Power (Soner Cagaptay) (https___z-lib.org).pdf,2216207,2df24de2fe9221adc68d89f9759d355bce4900687bcee8e3f5963589db1b5148,2026-08-14 16:52:29
502,Turk Amerikan Iliskilerine RAND Corporat,Bilinmiyor,81,pdf,Books/Books for Text_Eng-20260529T160906Z-3-001/Books for Text_Eng/Rand/Turk_Amerikan_Iliskilerine_RAND_Corporat.pdf,1319773,bf97ea454ddb76e1ebaff993d428516f71e4dcbc727790f9a9e2e31a608045dd,2026-08-14 16:52:29
503,"Ask, Measure, Learn Using Social Media Analytics to Understand and Influence Customer Behavior (Lutz Finger, Soumitra Dutta) (z lib.org)",Bilinmiyor,-,epub,"Books/Books for Text_Eng-20260529T160906Z-3-001/Books for Text_Eng/Social Media/Ask, Measure, Learn Using Social Media Analytics to Understand and Influence Customer Behavior (Lutz Finger, Soumitra Dutta) (z-lib.org).epub",15067813,8a90de034c5cfd95e211a5dd7f26f2a37dec3da84d3ed378042f0d7d1cefe1b4,2026-08-14 16:52:29
504,Democracy’s Fourth Wave Digital Media and the Arab Spring (Philip N. Howard Muzammil M. Hussain) (z lib.org),Bilinmiyor,-,epub,Books/Books for Text_Eng-20260529T160906Z-3-001/Books for Text_Eng/Social Media/Democracy’s Fourth Wave Digital Media and the Arab Spring (Philip N. Howard Muzammil M. Hussain) (z-lib.org).epub,2942351,022233371589a9f654cf1637bae486a890a823aff2b8eaf8e9815aafce6e3659,2026-08-14 16:52:29
505,Nationalism on the Internet Critical Theory and Ideology in the Age of Social Media and Fake News (Christian Fuchs) (z lib.org),Bilinmiyor,-,epub,Books/Books for Text_Eng-20260529T160906Z-3-001/Books for Text_Eng/Social Media/Nationalism on the Internet Critical Theory and Ideology in the Age of Social Media and Fake News (Christian Fuchs) (z-lib.org).epub,1575454,468f7f375954830b3c8722defd784c58753071bfa4284bb30e936487ad305d3a,2026-08-14 16:52:29
506,"Political Turbulence How Social Media Shape Collective Action (Helen Margetts, Peter John, Scott Hale etc.) (z lib.org)",Bilinmiyor,-,epub,"Books/Books for Text_Eng-20260529T160906Z-3-001/Books for Text_Eng/Social Media/Political Turbulence How Social Media Shape Collective Action (Helen Margetts, Peter John, Scott Hale etc.) (z-lib.org).epub",6167125,94ac35c615e6c4031e275657c664dac4a8a02160d9a5eea703dbeaa120f8219d,2026-08-14 16:52:29
507,"The citizen marketer promoting political opinion in the social media age (Penney, Joel) (z lib.org)",Bilinmiyor,-,epub,"Books/Books for Text_Eng-20260529T160906Z-3-001/Books for Text_Eng/Social Media/The citizen marketer  promoting political opinion in the social media age (Penney, Joel) (z-lib.org).epub",477848,183ebc26ae28f652563366763603eaddb091a7114cf3e266e232072638df5810,2026-08-14 16:52:29
508,"Social Movements An Introduction (Donatella Della Porta, Mario Diani) (z lib.org)",Bilinmiyor,-,epub,"Books/Books for Text_Eng-20260529T160906Z-3-001/Books for Text_Eng/Social Movement/Social Movements An Introduction (Donatella Della Porta, Mario Diani) (z-lib.org) (1).epub",952989,de0dc97628554f2eedb5e6f5b9ad5ef17f52b96afe1d3bb029d3a2c1fd5882f1,2026-08-14 16:52:29
509,Social Movements The Structure of Collective Mobilization (Paul Almeida) (z lib.org),Bilinmiyor,-,epub,Books/Books for Text_Eng-20260529T160906Z-3-001/Books for Text_Eng/Social Movement/Social Movements The Structure of Collective Mobilization (Paul Almeida) (z-lib.org).epub,9303533,5093869ad8e94ac2be32b8e1230df4618dde744d3d91ead067330bebcc284f4a,2026-08-14 16:52:29
510,Dawn's Early Light,Kevin Roberts,-,docx,Books/Books for Text_Eng-20260529T160906Z-3-001/Books for Text_Eng/Us_Project2025/Kevin Roberts-Taking Back Washington to Save America.docx,620053,cc21b6c9e27ab1d770ebab2d1e1df2ffec7fdcc05e183d5f3e45c974efa3e246,2026-08-14 16:52:29
511,Dawn's Early Light,Kevin Roberts,260,pdf,Books/Books for Text_Eng-20260529T160906Z-3-001/Books for Text_Eng/Us_Project2025/Kevin Roberts-Taking Back Washington to Save America.pdf,2583751,a62ae146f74ac9663994b7851c72a46a314190bf43b2466d83671042267490ab,2026-08-14 16:52:29
512,Project 2025 MandateF or Leadership,Bilinmiyor,-,docx,Books/Books for Text_Eng-20260529T160906Z-3-001/Books for Text_Eng/Us_Project2025/Project 2025-MandateF or Leadership.docx,2939238,fe8a727d315e78580a0afa0c055789c0e8f62e31bbb11c3e4a67299030e0ae7a,2026-08-14 16:52:29
513,Project 2025 MandateF or Leadership,Bilinmiyor,922,pdf,Books/Books for Text_Eng-20260529T160906Z-3-001/Books for Text_Eng/Us_Project2025/Project 2025-MandateF or Leadership.pdf,4717542,1e29eca481b36860dfd6cfde3ccd8fe1bdd627f84f00bbee24bbf2202cdd6e31,2026-08-14 16:52:29
514,Ali Unal - Gecmisten Gelecege Kopru Fethullah Gülen - IsikYayinlari,Ali Ünal,327,pdf,Books/Books for Text_Hzm-20260529T161525Z-3-001/Books for Text_Hzm/HE_Biyografi/Ali Unal-Gecmisten-Gelecege-Kopru-Fethullah-Gulen.pdf,918103,e37dce9d74f6dc075b31b793b2ea2d2045ebc0111957b39d9fa152c3683c0b40,2026-08-14 16:52:29
515,250411 HE Roportajlar,Bilinmiyor,1258,pdf,Books/Books for Text_Hzm-20260529T161525Z-3-001/Books for Text_Hzm/HE_Roportajlar/250411 HE Roportajlar.pdf,12794913,4415f0f1d95914a65baec55eb4434d4c45949f99e55375215df9ff548127e80f,2026-08-14 16:52:29
516,Asrın Getirdiği Tereddütler-4,M. Fethullah Gülen,199,pdf,Books/Books for Text_Hzm-20260529T161525Z-3-001/Books for Text_Hzm/PRL/Asrin Getirdigi Tereddutler_4.pdf,1146313,0a189c5b5192093faffb4c850c608bc3f7e8284814041e0671ba7fe0a9b23fc7,2026-08-14 16:52:29
517,Bir İ’câz Hecelemesi,M. Fethullah Gülen,372,pdf,Books/Books for Text_Hzm-20260529T161525Z-3-001/Books for Text_Hzm/PRL/Bir İ_caz Hecelemesi.pdf,25798172,64df79c38434413f4fe9d9fc1d66182f180d80d62e71bdd5835ea002b8d1dd85,2026-08-14 16:52:29
518,CN 10 Hakka Adanmışlar Yolu,M. Fethullah Gülen,145,pdf,Books/Books for Text_Hzm-20260529T161525Z-3-001/Books for Text_Hzm/PRL/CN-10_Hakka Adanmışlar Yolu.pdf,8808291,2692f5c7e4998966a69094eb08c7bad24eba564384bda313af3693af47e18a8d,2026-08-14 16:52:29
519,Çağ ve Nesil - 8  ⠀혀爀渀攀欀氀攀爀椀 䬀攀渀搀椀渀搀攀渀 䈀椀爀 䠀愀爀攀欀攀琀),M. Fethullah Gülen,157,pdf,Books/Books for Text_Hzm-20260529T161525Z-3-001/Books for Text_Hzm/PRL/CN_8_Ornekleri Kendinden Bir Hareket.pdf,820871,f33d4aea45b604d988c387f919c8090889037eaceaddd8c07cf9355f41cf262c,2026-08-14 16:52:29
520,Çağ ve Nesil - 9  ⠀匀ﰀ欀甀琀甀渀 윁㄁ἀ氁㄀欀氀愀爁㄀),M. Fethullah Gülen,162,pdf,Books/Books for Text_Hzm-20260529T161525Z-3-001/Books for Text_Hzm/PRL/CN_9_Sükûtun Çığlıkları.pdf,810754,b0aa35037f693146d2acd3cc5a477c440c66c83f0374bb29666666e372511066,2026-08-14 16:52:29
521,Enginliğiyle Bizim Dünyamız,M. Fethullah Gülen,382,pdf,Books/Books for Text_Hzm-20260529T161525Z-3-001/Books for Text_Hzm/PRL/Enginligiyle-Bizim-Dunyamiz-Iktisadi-Mulahazalar.pdf,1909356,e6445362ffa593f31e951316ebec16bb5c657ccd08827737f1b2af538108f43b,2026-08-14 16:52:29
522,Fasıldan Fasıla-2,M. Fethullah Gülen,239,pdf,Books/Books for Text_Hzm-20260529T161525Z-3-001/Books for Text_Hzm/PRL/Fasıldan Fasıla-2.pdf,759378,4eb2b7c78c4ecfcf7d73434fc77cf09d995f3c840c573a0ebaff94b1710bcc24,2026-08-14 16:52:29
523,Fasıldan Fasıla-3,M. Fethullah Gülen,177,pdf,Books/Books for Text_Hzm-20260529T161525Z-3-001/Books for Text_Hzm/PRL/Fasıldan Fasıla-3.pdf,1071978,26a4e6393c28a2d9d96f7681fe733b1cbcfd27abfe466da01f7b04915d0c2f08,2026-08-14 16:52:29
524,Fasıldan Fasıla-4,M. Fethullah Gülen,143,pdf,Books/Books for Text_Hzm-20260529T161525Z-3-001/Books for Text_Hzm/PRL/Fasıldan Fasıla-4.pdf,921190,d28fceb44873d35af4b9d75b817b076bb2e058e130c2aabceaf15f152337d7bc,2026-08-14 16:52:29
525,Fatiha Üzerine Mülahazalar,M. Fethullah Gülen,171,pdf,Books/Books for Text_Hzm-20260529T161525Z-3-001/Books for Text_Hzm/PRL/Fatiha Üzerine Mülahazalar.pdf,1122207,c1e16a64ab8396877bca9626fb9a334c3e8e1d8c371b9ece7f9d07fb6d521317,2026-08-14 16:52:29
526,Hitap Çiçekleri,M. Fethullah Gülen,126,pdf,Books/Books for Text_Hzm-20260529T161525Z-3-001/Books for Text_Hzm/PRL/Hitap Çiçekleri.pdf,645810,7c716b33122f32d96a269285c592aacd749c96d0f3f266c1471d49322d31ab96,2026-08-14 16:52:29
527,Hutbeler Gönül Nağmeleri MFG,M. Fethullah Gülen,363,pdf,Books/Books for Text_Hzm-20260529T161525Z-3-001/Books for Text_Hzm/PRL/Hutbeler-Gönül_Nağmeleri-MFG.pdf,15095822,45eea1386abace78983431ad62a186c0270918f8be82e319575ebd2909eb3f5f,2026-08-14 16:52:29
528,Kırık Testi-10 (Cemre Beklentisi),M. Fethullah Gülen,216,pdf,Books/Books for Text_Hzm-20260529T161525Z-3-001/Books for Text_Hzm/PRL/KT-10-Cemre Beklentisi.pdf,1325183,1b0925b6408655cdddb50c0d196c35135431ce761e4da2094b7b832f21d6dbe4,2026-08-14 16:52:29
529,Kırık Testi-11 (Yaşatma İdeali),M. Fethullah Gülen,204,pdf,Books/Books for Text_Hzm-20260529T161525Z-3-001/Books for Text_Hzm/PRL/KT-11-Yaşatma İdeali.pdf,1270926,fc2a40f18564e241d0af2e74fb00f1c90b097691b55a1cca69298d4c050e7ebe,2026-08-14 16:52:29
530,Kırık Testi-12 (Yenilenme Cehdi),M. Fethullah Gülen,226,pdf,Books/Books for Text_Hzm-20260529T161525Z-3-001/Books for Text_Hzm/PRL/KT-12-Yenilenme Cehdi.pdf,1367531,27f1b11b6f18fb26b4001a7be6c9b24fe3df66af407785af27ea23f6b772aaed,2026-08-14 16:52:29
531,Kirik_Testi_13_Mefkure_Yolculugu,M. Fethullah Gülen,168,pdf,Books/Books for Text_Hzm-20260529T161525Z-3-001/Books for Text_Hzm/PRL/KT-13-Mefkure Yolculuğu.pdf,1425213,57adbbf9c1ddddd54f4282a0b440023fcc594b9ba600de46e32fd193c17c17c9,2026-08-14 16:52:29
532,KT 15 Yolun Kaderi,M. Fethullah Gülen,467,pdf,Books/Books for Text_Hzm-20260529T161525Z-3-001/Books for Text_Hzm/PRL/KT-15-Yolun Kaderi.pdf,1751408,dc56739b08b64773c81c9ec84bd8b6104c54b04394693903505fd900ce8b8944,2026-08-14 16:52:29
533,KT 16 Dert Musikisi,M. Fethullah Gülen,270,pdf,Books/Books for Text_Hzm-20260529T161525Z-3-001/Books for Text_Hzm/PRL/KT-16-Dert Musikisi.pdf,1265568,ff831b9d5963966f4fb5ce5bf6c659087e7f06128a2e94d366aae23efb9db824,2026-08-14 16:52:29
534,KT 19 Işık Karanlığı Boğarken,M. Fethullah Gülen,277,pdf,Books/Books for Text_Hzm-20260529T161525Z-3-001/Books for Text_Hzm/PRL/KT-19-Işık Karanlığı Boğarken.pdf,16616155,cb1441df6962b465f5c430779c6846aef25febdfd226016bcb5397450f909f79,2026-08-14 16:52:29
535,KT 20 Işık Karanlık Devr i Daimi,M. Fethullah Gülen,275,pdf,Books/Books for Text_Hzm-20260529T161525Z-3-001/Books for Text_Hzm/PRL/KT-20-Işık-Karanlık Devr-i Daimi.pdf,16549477,20c535cefc9332617d6716816f06e132822f3bd6dc6ef6cc7ea5960504089fef,2026-08-14 16:52:29
536,Kırık Testi-3 (Gurbet Ufukları),M. Fethullah Gülen,160,pdf,Books/Books for Text_Hzm-20260529T161525Z-3-001/Books for Text_Hzm/PRL/KT-3-Gurbet Ufukları.pdf,1027578,706161a39cda4c7a71dcf3578107dcd29008f04edd0fcef35117319028074c68,2026-08-14 16:52:29
537,Kırık Testi-5 (İkindi Yağmurları),M. Fethullah Gülen,319,pdf,Books/Books for Text_Hzm-20260529T161525Z-3-001/Books for Text_Hzm/PRL/KT-5-İkindi Yağmurları.pdf,1742797,4f8996fde5d4049ed8c95e9ef16a28075aeb218356c6d8450383e8a1e44e4438,2026-08-14 16:52:29
538,Kırık Testi-6 (Diriliş Çağrısı),M. Fethullah Gülen,264,pdf,Books/Books for Text_Hzm-20260529T161525Z-3-001/Books for Text_Hzm/PRL/KT-6-Diriliş Çağrısı.pdf,1514602,3b272bc672383d4d19d520b7326a9ecb178c2155d75a577a511a3ee0ab7af287,2026-08-14 16:52:29
539,Kırık Testi-7 (Ölümsüzlük İksiri),M. Fethullah Gülen,228,pdf,Books/Books for Text_Hzm-20260529T161525Z-3-001/Books for Text_Hzm/PRL/KT-7-Ölümsüzlük İksiri.pdf,1342499,788081759802c94988ab95ee6e9bfa00932399d2fcf046be4132898a9636f363,2026-08-14 16:52:29
540,Kırık Testi-8 (Vuslat Muştusu),M. Fethullah Gülen,239,pdf,Books/Books for Text_Hzm-20260529T161525Z-3-001/Books for Text_Hzm/PRL/KT-8-Vuslat Muştusu.pdf,1384906,f61ea338e82e7572481f25ea4ca911e1a07df27ecabe76b2ee14a291e6fcc626,2026-08-14 16:52:29
541,Kırık Testi-9 (Kalb İbresi),M. Fethullah Gülen,227,pdf,Books/Books for Text_Hzm-20260529T161525Z-3-001/Books for Text_Hzm/PRL/KT-9-Kalb İbresi.pdf,1335639,c3ee9bc7af475184ac2d691894d7b6aa8a5cebf5548a84b0ea292ae789c7a617,2026-08-14 16:52:29
542,Kitap ve Sünnet Perspektifinde Kader,M. Fethullah Gülen,121,pdf,Books/Books for Text_Hzm-20260529T161525Z-3-001/Books for Text_Hzm/PRL/Kader-Kitap ve Sünnet Perspektifinde Kader .pdf,882579,c8aafafdedea62f8e6ec4bbeefc33a211b2b1b3c71f783923fb0110e7a3ccd66,2026-08-14 16:52:29
543,Kalbin Zümrüt Tepeleri-1,M. Fethullah Gülen,202,pdf,Books/Books for Text_Hzm-20260529T161525Z-3-001/Books for Text_Hzm/PRL/Kalbin Zümrüt Tepeleri - 1.pdf,1238896,b4a5ae672c9d69acf99afae63f41e28fa96e5f18ba0e519a0a316972e3fe2954,2026-08-14 16:52:29
544,Kalbin Zümrüt Tepeleri-2,M. Fethullah Gülen,244,pdf,Books/Books for Text_Hzm-20260529T161525Z-3-001/Books for Text_Hzm/PRL/Kalbin Zümrüt Tepeleri - 2.pdf,1371771,09872c93d094f476c507c56faa1defc82eeeb0592e2c3468264c25d71bd8447b,2026-08-14 16:52:29
545,Kalbin Zümrüt Tepeleri-3,M. Fethullah Gülen,223,pdf,Books/Books for Text_Hzm-20260529T161525Z-3-001/Books for Text_Hzm/PRL/Kalbin Zümrüt Tepeleri - 3.pdf,1202242,f18eafb675ac9856b6eca91c3cc7712ae1a431c987efc5bf72e7e5aa0830674f,2026-08-14 16:52:29
546,Kalbin Zümrüt Tepeleri-4,M. Fethullah Gülen,199,pdf,Books/Books for Text_Hzm-20260529T161525Z-3-001/Books for Text_Hzm/PRL/Kalbin Zümrüt Tepeleri - 4.pdf,994054,f73139c407c829d48bc83653a3930ea6965ff67dceaff5ed99487195c7ab5fa1,2026-08-14 16:52:29
547,Kur'ân'dan İdrake Yansıyanlar,M. Fethullah Gülen,273,pdf,Books/Books for Text_Hzm-20260529T161525Z-3-001/Books for Text_Hzm/PRL/Kur_an_dan İdrake Yansıyanlar.pdf,1558510,32d3c1b122ae4114ec0e17b923bb0bd22f7f1b4e1a062b2cfaf251feefdd0a5c,2026-08-14 16:52:29
548,Kur an ın Sihirli Ufku Yusuf Suresi MFG,M. Fethullah Gülen,347,pdf,Books/Books for Text_Hzm-20260529T161525Z-3-001/Books for Text_Hzm/PRL/Kur_an_ın_Sihirli_Ufku_Yusuf_Suresi-MFG.pdf,24023661,c7f8565728fa0954164fea49d438887a406b49515f303d3569b5d99a0f2b315d,2026-08-14 16:52:29
549,Kırık Mızrap,M. Fethullah Gülen,330,pdf,Books/Books for Text_Hzm-20260529T161525Z-3-001/Books for Text_Hzm/PRL/Kırık Mızrap.pdf,757525,e7d12bbfb7dafa6bbe472f0fc7036005584b755e96c94ce7a2b3b7cd89f21f89,2026-08-14 16:52:29
550,Namaz Miraç Enginlikli İbadet,M. Fethullah Gülen,368,pdf,Books/Books for Text_Hzm-20260529T161525Z-3-001/Books for Text_Hzm/PRL/Namaz-Miraç Enginlikli İbadet.pdf,2290523,e4e57169a21a8065616e27ee46dbf7b62b7accbb1af620fca0c83a6d1eeaa22b,2026-08-14 16:52:29
551,Prizma-1,M. Fethullah Gülen,179,pdf,Books/Books for Text_Hzm-20260529T161525Z-3-001/Books for Text_Hzm/PRL/Prizma-1-M.-Fethullah-Gulen.pdf,1011412,7ea68a5ce3bc14764fc6552c56b1479e7f013a4ebbe08157e68dd7312f7bbde6,2026-08-14 16:52:29
552,Prizma-2,M. Fethullah Gülen,154,pdf,Books/Books for Text_Hzm-20260529T161525Z-3-001/Books for Text_Hzm/PRL/Prizma-2-M.-Fethullah-Gulen.pdf,867292,0f6147d8f262733022b9d615411d6e0f861c0750a74a308c28ada67277808f51,2026-08-14 16:52:29
553,Prizma-3,M. Fethullah Gülen,167,pdf,Books/Books for Text_Hzm-20260529T161525Z-3-001/Books for Text_Hzm/PRL/Prizma-3-M.-Fethullah-Gulen.pdf,926152,c79275f071c38d6d22471f265c343bd4b1950b5a9b4b4bc829a0e3316126adfe,2026-08-14 16:52:29
554,Prizma-4,M. Fethullah Gülen,213,pdf,Books/Books for Text_Hzm-20260529T161525Z-3-001/Books for Text_Hzm/PRL/Prizma-4-M.-Fethullah-Gulen.pdf,1254238,57a77ff702a7ee86a6d60091fd62eb44a0659a4f0abfcaca503c4064c36576e5,2026-08-14 16:52:29
555,Prizma-5  ⠀䬀攀渀搀椀 欀氀椀洀椀洀椀稀),M. Fethullah Gülen,175,pdf,Books/Books for Text_Hzm-20260529T161525Z-3-001/Books for Text_Hzm/PRL/Prizma-5-Kendi-Iklimimiz-M.-Fethullah-Gulen.pdf,1039401,c42a8087981b87060053a8ffc6f17d46da97b205b8fd946b2e3550f42bca87a1,2026-08-14 16:52:29
556,Prizma-6  ⠀夀漀氀 䴀ﰀ氀愀栀愀稀愀氀愀爁㄀),M. Fethullah Gülen,160,pdf,Books/Books for Text_Hzm-20260529T161525Z-3-001/Books for Text_Hzm/PRL/Prizma-6-Yol-Mulahazalari-M.-Fethullah-Gulen.pdf,919171,49b4307b86bc58d6a60d8f300acb049d3aca2e4abada22333c3811277289a6dc,2026-08-14 16:52:29
557,Prizma-7  ⠀娀椀栀椀渀 䠀愀爀洀愀渁㄀),M. Fethullah Gülen,175,pdf,Books/Books for Text_Hzm-20260529T161525Z-3-001/Books for Text_Hzm/PRL/Prizma-7-Zihin-Harmani-M.-Fethullah-Gulen.pdf,891834,b35e958b841f0627386d541c714558b6d4268a67df42c660206ee1bafe32d3c8,2026-08-14 16:52:29
558,Prizma-8 (Çizgimizi Hecelerken),M. Fethullah Gülen,211,pdf,Books/Books for Text_Hzm-20260529T161525Z-3-001/Books for Text_Hzm/PRL/Prizma-8-Cizgimizi-Hecelerken-M.-Fethullah-Gulen.pdf,1166133,d446011717f1f90ee6ff72de5239e0f9c7bd5bafdbc665fdb5df054343ea421a,2026-08-14 16:52:29
559,Prizma-9 (Kendi Ruhumuzu Ararken),M. Fethullah Gülen,227,pdf,Books/Books for Text_Hzm-20260529T161525Z-3-001/Books for Text_Hzm/PRL/Prizma-9-Kendi-Ruhumuzu-Ararken-M.-Fethullah-Gulen.pdf,1430333,2ecaa2d159b963589a7e38b24d8d8af4dd02ca28c6ded2f36f8bebf43ff57c1d,2026-08-14 16:52:29
560,Ruhumuzun Heykelini Dikerken,M. Fethullah Gülen,116,pdf,Books/Books for Text_Hzm-20260529T161525Z-3-001/Books for Text_Hzm/PRL/Ruhumuzun-Heykelini-Dikerken-1-M.-Fethullah-Gulen.pdf,662872,2a8e4925b668206901d234bee7626260c431343d2a826dd02647556c0317bce1,2026-08-14 16:52:29
561,Ruhumuzun Heykelini Dikerken-2  ⠀䬀攀渀搀椀 䐀ﰀ渀礀愀洁㄀稀愀 䐀漁ἀ爀甀),M. Fethullah Gülen,209,pdf,Books/Books for Text_Hzm-20260529T161525Z-3-001/Books for Text_Hzm/PRL/Ruhumuzun-Heykelini-Dikerken-2-Kendi-Dunyamiza-Dogru-M.-Fethullah-Gulen.pdf,1100126,7fa52270d3a474eb7763c0bdf95f7c4576dba95700749c1711dceca6ee9fcbfa,2026-08-14 16:52:29
562,Sohbet Atmosferi,M. Fethullah Gülen,223,pdf,Books/Books for Text_Hzm-20260529T161525Z-3-001/Books for Text_Hzm/PRL/SA-1_Sohbet-Atmosferi-M.-Fethullah-Gulen.pdf,1204406,014ec19a3ea89a24c3355f0edb4ef2318f16227e99d736edc8e671afb0a5bf72,2026-08-14 16:52:29
563,Sonsuz Nur-2,M. Fethullah Gülen,417,pdf,Books/Books for Text_Hzm-20260529T161525Z-3-001/Books for Text_Hzm/PRL/Sonsuz-Nur-2-M.-Fethullah-Gulen.pdf,2352032,fbf8391204fb8adf784694b75a20dff655c201340b2683fe370635c33cda890e,2026-08-14 16:52:29
564,Varlığın Metafizik Boyutu,M. Fethullah Gülen,273,pdf,Books/Books for Text_Hzm-20260529T161525Z-3-001/Books for Text_Hzm/PRL/Varligin-Metafizik-Boyutu-M.-Fethullah-Gulen.pdf,1573614,8764fecf921280f1be4826b8cd6025a3c3a82ea1c571d12a02648dbbbe7cf38f,2026-08-14 16:52:29
565,Yaratılış Gerçeği ve Evrim,M. Fethullah Gülen,80,pdf,Books/Books for Text_Hzm-20260529T161525Z-3-001/Books for Text_Hzm/PRL/Yaratilis-Gercegi-ve-Evrim-M.-Fethullah-Gulen.pdf,620143,633c3343bce39e5327c79a69f0be05689605c1959f0ba8bd275b9361a0f0591a,2026-08-14 16:52:29
566,İ‘lâ-yı Kelimetullah veya Cihad,M. Fethullah Gülen,111,pdf,Books/Books for Text_Hzm-20260529T161525Z-3-001/Books for Text_Hzm/PRL/İla-yı Kelimetullah veya Cihad.pdf,2520018,84040640974c84eb25059e5eee89a57acfc406198c8fb81ebf754f589113bca7,2026-08-14 16:52:29
567,İnancın Gölgesinde-1,M. Fethullah Gülen,195,pdf,Books/Books for Text_Hzm-20260529T161525Z-3-001/Books for Text_Hzm/PRL/İnancın Gölgesinde-1.pdf,1118446,0ca5c4df3fb2d4e1bbcfab183bb9d72f50800a228fb6a91d34903d86e7aae0fb,2026-08-14 16:52:29
568,İnancın Gölgesinde-2,M. Fethullah Gülen,182,pdf,Books/Books for Text_Hzm-20260529T161525Z-3-001/Books for Text_Hzm/PRL/İnancın Gölgesinde-2.pdf,1052419,eb953c675b0027fe8dbbf326081a49afdafcc14a72e02d7c92463b509257f7ad,2026-08-14 16:52:29
569,İrşad Ekseni,M. Fethullah Gülen,171,pdf,Books/Books for Text_Hzm-20260529T161525Z-3-001/Books for Text_Hzm/PRL/İrşad Ekseni.pdf,1013773,f9a490d4152167b179f1acc3585a1ec3309b0578368787c7a8263b2ba0abcd25,2026-08-14 16:52:29
570,1960 Turk İhtilali,Bilinmiyor,273,pdf,Books/Books for Text_TR-20260529T163910Z-3-001/Books for Text_TR/Darbe ve ihtilal/1960-Turk-İhtilali.pdf,5748456,fbea97762face0f86d1462ae89dbb469e989b817fd502e4033f02090af598c87,2026-08-14 16:52:29
571,27 Mayıs 1960 Darbesi Raporu,tnc,191,pdf,Books/Books for Text_TR-20260529T163910Z-3-001/Books for Text_TR/Darbe ve ihtilal/27-Mayıs-1960-Darbesi-Raporu.pdf,2839511,069bf33d6f47c56191e5eb6bbf6f612c6463bac8e73db30a9b1feee1bc64ecc8,2026-08-14 16:52:29
572,Ak Devrim,Bilinmiyor,332,pdf,Books/Books for Text_TR-20260529T163910Z-3-001/Books for Text_TR/Darbe ve ihtilal/Ak-Devrim.pdf,11799292,c6b748d01858537c76138b66488139fb551e54fc4b8be7b9ce57ef956b36b8ad,2026-08-14 16:52:29
573,Darbe ve terorizm Yalcin Akdogan,Bilinmiyor,19,pdf,Books/Books for Text_TR-20260529T163910Z-3-001/Books for Text_TR/Darbe ve ihtilal/Darbe-ve-terorizm-Yalcin Akdogan.pdf,383361,c34392ea7cf9e7118a64bc34290d1a04e21b8bd6af5f566bec038df33185a859,2026-08-14 16:52:29
574,Mehmet Ali Birand 12 Eylul Saat 4,Bilinmiyor,321,pdf,Books/Books for Text_TR-20260529T163910Z-3-001/Books for Text_TR/Darbe ve ihtilal/Mehmet-Ali-Birand-12-Eylul-Saat-4-00.pdf,13700228,da6401d2a0ff5f4fba2515625e9f658ec458f6bb180265cd07a68836ea04e63c,2026-08-14 16:52:29
575,Öncesi Sonrasıyla 9 Mart-12 Mart Süreci,Erol Bilbilik,185,pdf,Books/Books for Text_TR-20260529T163910Z-3-001/Books for Text_TR/Darbe ve ihtilal/Oncesi-Sonrasıyla-12-Mart-Erol-Bilbilik.pdf,930016,138055d952f2e3aabb283d5b1dc35435782d7f9982da6c6ac50b79adcd9f10bf,2026-08-14 16:52:29
576,Ordu ve Siyaset 27 Mayıs 12 Mart Kurtulus Kayalı,Bilinmiyor,211,pdf,Books/Books for Text_TR-20260529T163910Z-3-001/Books for Text_TR/Darbe ve ihtilal/Ordu-ve-Siyaset-27-Mayıs-12-Mart-Kurtulus-Kayalı.pdf,3603452,5cc7dad10a37141e62002fdfd6265afbe5956801f1f6ceeb802aeb4d95f72378,2026-08-14 16:52:29
577,İhtilalin Mantığı ve 27 Mayıs Şevket Sureyye Aydemir,Bilinmiyor,447,pdf,Books/Books for Text_TR-20260529T163910Z-3-001/Books for Text_TR/Darbe ve ihtilal/İhtilalin-Mantığı-ve-27-Mayıs-Şevket-Sureyye-Aydemir.pdf,10117422,beed1d26d3519b07e17a1a9f6f6a4f1acef39c33b309aa8e1791f50cf63256fa,2026-08-14 16:52:29
578,İhtilaller Ve Darbeler Tarihi,Bilinmiyor,433,pdf,Books/Books for Text_TR-20260529T163910Z-3-001/Books for Text_TR/Darbe ve ihtilal/İhtilaller-Ve-Darbeler-Tarihi-1.pdf,9148060,096ca76f5312e512e28192f39451be8ec8deae7733a7d0b7a36b36b41ba8fdc0,2026-08-14 16:52:29
579,İhtilaller Ve Darbeler Tarihi,Bilinmiyor,433,pdf,Books/Books for Text_TR-20260529T163910Z-3-001/Books for Text_TR/Darbe ve ihtilal/İhtilaller-Ve-Darbeler-Tarihi-2.pdf,9101878,a05c35ec29a0c7bfa9406e65e052bde16d2f3a4ee3ee47cfc02905506e3d5ebf,2026-08-14 16:52:29
580,Bektasilik Mevlevilik Masonluk Kitap Tan,Bilinmiyor,3,pdf,Books/Books for Text_TR-20260529T163910Z-3-001/Books for Text_TR/Duvar_TR/Bektasilik_Mevlevilik_Masonluk_Kitap_Tan.pdf,133165,f6bac95d39a303c492303d38508c008362ba28c7dea912748b86580770bfa6e1,2026-08-14 16:52:29
581,Mimar Sinan dergisi,Bilinmiyor,114,pdf,Books/Books for Text_TR-20260529T163910Z-3-001/Books for Text_TR/Duvar_TR/Dergi-MSinan/Mimar-Sinan-dergisi-102.pdf,5307627,5a71b292bf3e04744f0edec6a2803d1c15b48941b8b70e8c34ec3ed15d4b882f,2026-08-14 16:52:29
582,Mimar Sinan dergisi,Bilinmiyor,13,pdf,Books/Books for Text_TR-20260529T163910Z-3-001/Books for Text_TR/Duvar_TR/Dergi-MSinan/Mimar-Sinan-dergisi-180.pdf,379631,920f007440cd1c03a94311ce8ea45c6841281ffd963e0c9fa272e1545a3ff1c5,2026-08-14 16:52:29
583,T16,Bilinmiyor,44,pdf,Books/Books for Text_TR-20260529T163910Z-3-001/Books for Text_TR/Duvar_TR/Dergi-Tesviye/T16.pdf,9757488,5beffa1c4316c8d04f84005d8091bee93a8d0b0df149e56d602d261aba2c0097,2026-08-14 16:52:29
584,T23,Bilinmiyor,18,pdf,Books/Books for Text_TR-20260529T163910Z-3-001/Books for Text_TR/Duvar_TR/Dergi-Tesviye/T23.pdf,3689951,7a25cac1c351d0b24e5b91cf547a242c3b8d6031fc04dc1ef2ea83a0ed8e228d,2026-08-14 16:52:29
585,T31,Bilinmiyor,56,pdf,Books/Books for Text_TR-20260529T163910Z-3-001/Books for Text_TR/Duvar_TR/Dergi-Tesviye/T31.pdf,16035175,62dfa0a6771e7c174713f2f41f19d7a76c9aeb674c287e4ed921da687d8d7b74,2026-08-14 16:52:29
586,Y.L. Tezi,win7,182,pdf,Books/Books for Text_TR-20260529T163910Z-3-001/Books for Text_TR/Duvar_TR/Ezoterik Toplulukların Sosyolojisi Masonlar Üzerine Bir İnceleme_Gülay Acar Göktepe - Y.L. Tezi .pdf,1667273,5da1a9c742f7dfb769186a134390a34caf0c0f97b18401a4837d0a0ca36e3261,2026-08-14 16:52:29
587,AmerikaMasonYayilisi B02,Hurol,174,pdf,Books/Books for Text_TR-20260529T163910Z-3-001/Books for Text_TR/Duvar_TR/M-HTaşdelen/AmerikaMasonYayilisi_B02.pdf,9793398,d388c14b4b658d514638751b4ef8897b9cbed42b13e62bfef0acecdf51d077a0,2026-08-14 16:52:29
588,Bogaziçi Üni.,user,36,pdf,Books/Books for Text_TR-20260529T163910Z-3-001/Books for Text_TR/Duvar_TR/M-HTaşdelen/Boğaziçi Ünv_de Mason Rektörller-HTaşdelen.pdf,4541881,e438217674baa0b76c6a3f70e6d373a99e39a8992d1c5bdac577fa0206856e4f,2026-08-14 16:52:29
589,Hürol Mason Tarikati ve Emperyalizm I Eski uye,Hurol,308,pdf,Books/Books for Text_TR-20260529T163910Z-3-001/Books for Text_TR/Duvar_TR/M-HTaşdelen/Hürol-Mason-Tarikati-ve-Emperyalizm-I-Eski-uye-pdf.pdf,6525088,dc38bf832e03fec4e869ab60052c65343cc85c8a03f6cec9c6b983bd5475c796,2026-08-14 16:52:29
590,Hürol Osmanlida Mason Localari,Bilinmiyor,231,pdf,Books/Books for Text_TR-20260529T163910Z-3-001/Books for Text_TR/Duvar_TR/M-HTaşdelen/Hürol-Osmanlida_Mason_Localari.pdf,4323937,2c8fc0ebcedc36cfb4dad6ae295facd9e42d105d17c273d1a5be6764c190b740,2026-08-14 16:52:29
591,Mason Dergileri HTaşdelen,Windows Kullanıcısı,1000,pdf,Books/Books for Text_TR-20260529T163910Z-3-001/Books for Text_TR/Duvar_TR/M-HTaşdelen/Mason Dergileri-HTaşdelen.pdf,33179062,2502b0f0b487d65949810588e4a00424d2e57a5a7fd35d4da8ab9e22b53c9127,2026-08-14 16:52:36
592,TurkiyeMasonTarikati 1923,Hurol,341,pdf,Books/Books for Text_TR-20260529T163910Z-3-001/Books for Text_TR/Duvar_TR/M-HTaşdelen/TurkiyeMasonTarikati_1923-35.pdf,8430166,beb37019ceb3569c0db26281a2bafa50fce72fbb000e9f29171b9de7703133c7,2026-08-14 16:52:36
593,TurkiyeMasonTarikati 1936,Hurol,382,pdf,Books/Books for Text_TR-20260529T163910Z-3-001/Books for Text_TR/Duvar_TR/M-HTaşdelen/TurkiyeMasonTarikati_1936-47.pdf,17860751,7cbb56662fd5d93dd339a63e12335c41e9a555bfd4adbc3baf382ea29e70a25b,2026-08-14 16:52:36
594,TurkiyeMasonTarikati 1948 1949,Hurol,337,pdf,Books/Books for Text_TR-20260529T163910Z-3-001/Books for Text_TR/Duvar_TR/M-HTaşdelen/TurkiyeMasonTarikati_1948_1949.pdf,18737297,21c59ce5190d66f6ecc99e2bdb521c7b71bbe046e4119a7dcf787622c35e5d5d,2026-08-14 16:52:36
595,Hürol Tasdelen,user,65,pdf,Books/Books for Text_TR-20260529T163910Z-3-001/Books for Text_TR/Duvar_TR/M-HTaşdelen/YL Tezlernde Masonluk-HTaşdelen.pdf,8855233,42d1e2afa0d4e532f862c6f492f31c49d9b2479c8dc8ac9a3dba32f0fe4cef5c,2026-08-14 16:52:36
596,masontarikatiemperyalizm kokendinogretiorgutkadinyayilis,Hurol,310,pdf,Books/Books for Text_TR-20260529T163910Z-3-001/Books for Text_TR/Duvar_TR/M-HTaşdelen/masontarikatiemperyalizm_kokendinogretiorgutkadinyayilis.pdf,11048883,cf345c9df03e065a925238735fd52790c05506c4ba551193ed6050e586fa87ef,2026-08-14 16:52:36
597,Cagdas Masonlugun Dogus Oykusune Farkli,Bilinmiyor,25,pdf,Books/Books for Text_TR-20260529T163910Z-3-001/Books for Text_TR/Duvar_TR/M-Murat Özgen Ayfer/Cagdas_Masonlugun_Dogus_Oykusune_Farkli.pdf,1000077,9a213e8f98dc1f4b86550212bfe949ebe1c3afdbba3f887623d7257ce5fcba74,2026-08-14 16:52:36
598,MASONLUK TARIHI,Bilinmiyor,266,pdf,Books/Books for Text_TR-20260529T163910Z-3-001/Books for Text_TR/Duvar_TR/M-Murat Özgen Ayfer/MASONLUK_TARIHI.pdf,3929217,77c5d4b310b2ef770d77a739997431aa321241e4819c9568b80c823302b354b2,2026-08-14 16:52:36
599,Masonlarin Ozelliklerinden Biri Masonca,Bilinmiyor,23,pdf,Books/Books for Text_TR-20260529T163910Z-3-001/Books for Text_TR/Duvar_TR/M-Murat Özgen Ayfer/Masonlarin_Ozelliklerinden_Biri_Masonca.pdf,499899,bc90d40aca468dc48c4cc5302d6ba9923f26e299d5b197172e7c9d1bbd98ee83,2026-08-14 16:52:36
600,Masonlugun Sosyal Yonleri Uzerine Kisa B,Bilinmiyor,7,pdf,Books/Books for Text_TR-20260529T163910Z-3-001/Books for Text_TR/Duvar_TR/M-Murat Özgen Ayfer/Masonlugun_Sosyal_Yonleri_Uzerine_Kisa_B.pdf,186323,152c917e3b856b98f3737de3e8990f96dec1f653c6cb96a8330489474625cfed,2026-08-14 16:52:36
601,Masonluk uzerine bilgiler,Bilinmiyor,140,pdf,Books/Books for Text_TR-20260529T163910Z-3-001/Books for Text_TR/Duvar_TR/M-Murat Özgen Ayfer/Masonluk_uzerine_bilgiler.pdf,1374908,924cc34ea1f9b849bd64d2c410b9f547c43552be6c4329124b4611ddfb2ab32c,2026-08-14 16:52:36
602,Masonlukta Cok Onem Verilen Bir Konu Geo,Bilinmiyor,32,pdf,Books/Books for Text_TR-20260529T163910Z-3-001/Books for Text_TR/Duvar_TR/M-Murat Özgen Ayfer/Masonlukta_Cok_Onem_Verilen_Bir_Konu_Geo.pdf,526848,93fdab9fa3c9e96c8fdf5fb58ca258dda34e253b31dd1273df62627665cdd118,2026-08-14 16:52:36
603,Masonlukta Hurluk Eskilik Kabul Edilmisl,Bilinmiyor,13,pdf,Books/Books for Text_TR-20260529T163910Z-3-001/Books for Text_TR/Duvar_TR/M-Murat Özgen Ayfer/Masonlukta_Hurluk_Eskilik_Kabul_Edilmisl.pdf,322832,ef586fcfee41dfcfede7f1add66b81cdc2a25284745a371e1736c0655f0f8d28,2026-08-14 16:52:36
604,Masonluktaki Icsel ve Islevsel Sorunlar,Bilinmiyor,24,pdf,Books/Books for Text_TR-20260529T163910Z-3-001/Books for Text_TR/Duvar_TR/M-Murat Özgen Ayfer/Masonluktaki_Icsel_ve_Islevsel_Sorunlar.pdf,393275,7bf87982bde1aa0bcafe5dfec07ee29fb7c3b93f7e2b50a1e456d55835ce79ef,2026-08-14 16:52:36
605,Masonluktaki Iskoc Riti 1 Tarihçe ve Simgeler,Bilinmiyor,19,pdf,Books/Books for Text_TR-20260529T163910Z-3-001/Books for Text_TR/Duvar_TR/M-Murat Özgen Ayfer/Masonluktaki_Iskoc_Riti_1-Tarihçe ve Simgeler.pdf,697399,b99cef148e68e6321b98a73721ded751d0f93ed26e95ab4b3ad2d6c6c010530d,2026-08-14 16:52:36
606,Nicin Masonluk Degil Adli Kitap ve Elest,Bilinmiyor,48,pdf,Books/Books for Text_TR-20260529T163910Z-3-001/Books for Text_TR/Duvar_TR/M-Murat Özgen Ayfer/Nicin_Masonluk_Degil_Adli_Kitap_ve_Elest (1).pdf,586048,e2a7c103d9d336b8b12e68b7b7c5afef64708bc950099d89449902a1d8f0769f,2026-08-14 16:52:36
607,Tapinakcilarin Hazinesi 1 Paris,Bilinmiyor,54,pdf,Books/Books for Text_TR-20260529T163910Z-3-001/Books for Text_TR/Duvar_TR/M-Murat Özgen Ayfer/Tapinakcilarin_Hazinesi_1_Paris.pdf,1654068,1d2c4d175cc81b51ecf287331171336faa47fa54778f92597a9f87f453f32ded,2026-08-14 16:52:36
608,MASONLUK TARIHIMIZDE 1970LI YILLAR,yagaoglu,228,pdf,Books/Books for Text_TR-20260529T163910Z-3-001/Books for Text_TR/Duvar_TR/M-RSanver/MASONLUK TARIHIMIZDE 1970LI YILLAR (1).pdf,2510613,729a09984bec1db61a79d5eca97be6be28f25dc14bcaea2619cdde8bead5c48b,2026-08-14 16:52:36
609,Pek,Ender,137,pdf,Books/Books for Text_TR-20260529T163910Z-3-001/Books for Text_TR/Duvar_TR/M-RSanver/Masonluk Kulturu-RSanver.pdf,1577169,21b9975f42fa58dd76a7e201316a9b7743ca915a116149a9b7853fed05088d67,2026-08-14 16:52:36
610,Masonluk Tarihimizde 1965 Olaylari RSanver,Bilinmiyor,536,pdf,Books/Books for Text_TR-20260529T163910Z-3-001/Books for Text_TR/Duvar_TR/M-RSanver/Masonluk Tarihimizde 1965 Olaylari-RSanver.pdf,3363829,4e54bf4f2e8b0ee3daba1c8e57b5cdf442bb3a8f3d479462d726cbdd18a23913,2026-08-14 16:52:36
611,Masonluğun Temel Kavramları RSanver,Remzi Sanver,29,pdf,Books/Books for Text_TR-20260529T163910Z-3-001/Books for Text_TR/Duvar_TR/M-RSanver/Masonluğun Temel-Kavramları-RSanver.pdf,573043,cabe05ad104ca4a6bdc4bdb6ce17cce03e6f370264427fb3dffd1d773c87c1a7,2026-08-14 16:52:36
612,isigi arayanlarin hikayesi RSanver,Bilinmiyor,126,pdf,Books/Books for Text_TR-20260529T163910Z-3-001/Books for Text_TR/Duvar_TR/M-RSanver/isigi-arayanlarin-hikayesi-RSanver.pdf,1984815,b9803e929e11fed193d26fc1ca3c63a25115bedcd534442dea213791b5c7c158,2026-08-14 16:52:36
613,Mason Komutanlar (Süleyman Yeşilyurt) (z lib.org),Bilinmiyor,274,pdf,Books/Books for Text_TR-20260529T163910Z-3-001/Books for Text_TR/Duvar_TR/M-SYeşilyurt/Mason Komutanlar (Süleyman Yeşilyurt) (z-lib.org).pdf,7655716,c0e98ceb3fd1250fdce42ae0b95914847cb1231090a6deba6615dcc9d59a24e4,2026-08-14 16:52:36
614,Populer Masonlar Suleyman Yesilyurt,Bilinmiyor,278,pdf,Books/Books for Text_TR-20260529T163910Z-3-001/Books for Text_TR/Duvar_TR/M-SYeşilyurt/Populer-Masonlar-Suleyman-Yesilyurt.pdf,9939615,13a2af958c46cff4f39311831a7267747d4bc0aa15ee5f5a59c1e710b6a4df44,2026-08-14 16:52:36
615,Türkiyenin Büyük Masonları (Süleyman Yeşilyurt) (z lib.org),Bilinmiyor,272,pdf,Books/Books for Text_TR-20260529T163910Z-3-001/Books for Text_TR/Duvar_TR/M-SYeşilyurt/Türkiyenin Büyük Masonları (Süleyman Yeşilyurt) (z-lib.org).pdf,18869038,f0e8a505f97a2554fdf5532ab349439fdd90f94249b6446e8bb38c89eb911aad,2026-08-14 16:52:36
616,Masonlukta Gizli Hayat,Bilinmiyor,267,pdf,Books/Books for Text_TR-20260529T163910Z-3-001/Books for Text_TR/Duvar_TR/Msn-Genel/Masonlukta-Gizli-Hayat-pdf.pdf,2274495,7e3b90d59fae585039585b341f0f579dcbf697d0ee8d2c837498cb75684d52ea,2026-08-14 16:52:36
617,Yahudilik ve Masonluk (Harun Yahya) (z lib.org),Bilinmiyor,83,pdf,Books/Books for Text_TR-20260529T163910Z-3-001/Books for Text_TR/Duvar_TR/Msn-HYahya/Yahudilik ve Masonluk (Harun Yahya) (z-lib.org).pdf,586454,da8300a9b7ea815498e1d130ad067b9a5b16e41022b00cac5a91f49eb5a0fe34,2026-08-14 16:52:36
618,Tanju Koray Emulation Modern d1,Tanjuk,71,pdf,Books/Books for Text_TR-20260529T163910Z-3-001/Books for Text_TR/Duvar_TR/Msn-Lc/Tanju-Koray-Emulation-Modern-d1.pdf,840436,1587b025e307094338b5dd028eafd77750a395bb8c65c37fdf92285914a9ebf1,2026-08-14 16:52:36
619,Tanju Koray Ezoterizm ve Masonluk Geometri,arsiv,15,pdf,Books/Books for Text_TR-20260529T163910Z-3-001/Books for Text_TR/Duvar_TR/Msn-Lc/Tanju-Koray-Ezoterizm-ve-Masonluk-Geometri.pdf,211581,94abf65cc399ad42408d72d9f76f2110e834b801982de392f7c4fb9744681dca,2026-08-14 16:52:36
620,Tanju Koray Masonik Protokol Geometri,arsiv,8,pdf,Books/Books for Text_TR-20260529T163910Z-3-001/Books for Text_TR/Duvar_TR/Msn-Lc/Tanju-Koray-Masonik-Protokol-Geometri.pdf,235315,2542b833a6015aede91b2c241f9825c33a304bb2976aceccff8a6b8d8b0fb3b0,2026-08-14 16:52:36
621,Ms Abd de Msn luk 1978 MS Dergisi,Bilinmiyor,11,pdf,Books/Books for Text_TR-20260529T163910Z-3-001/Books for Text_TR/Duvar_TR/Msn-Muhtelif/Ms-Abd_de Msn luk-1978-MS Dergisi.pdf,643294,1c771711055e90ed0a1ca2f84cc54b9816cbae1ee4ddc9a980c0f3be03168f0f,2026-08-14 16:52:36
622,Ms Abd nin kurulluşunda Msn ların Etkisi 2000 MS Dergisi,Bilinmiyor,18,pdf,Books/Books for Text_TR-20260529T163910Z-3-001/Books for Text_TR/Duvar_TR/Msn-Muhtelif/Ms-Abd_nin kurulluşunda Msn_ların Etkisi-2000-MS Dergisi.pdf,849809,ccfce4d9750f66541f735370eaf7217d13d7ef8d95153ab4e84c8207e58d68d3,2026-08-14 16:52:36
623,Ms Askeri Msn luk 2002 MS Dergisi,Bilinmiyor,16,pdf,Books/Books for Text_TR-20260529T163910Z-3-001/Books for Text_TR/Duvar_TR/Msn-Muhtelif/Ms-Askeri Msn_luk-2002-MS Dergisi.pdf,782933,f324153077834e8795c1f30e4ebfffe3742962277314d1a94244080a8d0588bc,2026-08-14 16:52:36
624,Ms Devamsızllık 1977 MS Dergisi,Bilinmiyor,11,pdf,Books/Books for Text_TR-20260529T163910Z-3-001/Books for Text_TR/Duvar_TR/Msn-Muhtelif/Ms-Devamsızllık-1977-MS Dergisi.pdf,519245,da53c69234ce5951e5260a58b91d53640caf58d5037e01e4aa77d9dedbdcf018,2026-08-14 16:52:36
625,Ms GFord Tören 1977 MS Dergisi,Bilinmiyor,1,pdf,Books/Books for Text_TR-20260529T163910Z-3-001/Books for Text_TR/Duvar_TR/Msn-Muhtelif/Ms-GFord-Tören-1977-MS Dergisi.pdf,36465,89f43f12cae05b58e3aeadcb6707ffc0a133ffb2d46ed41dca76d48612ca210f,2026-08-14 16:52:36
626,Ms Kilsenin Darbesi 1986 MS Dergisii,Bilinmiyor,2,pdf,Books/Books for Text_TR-20260529T163910Z-3-001/Books for Text_TR/Duvar_TR/Msn-Muhtelif/Ms-Kilsenin Darbesi-1986-MS Dergisii.pdf,122596,40983ff323e287daf65e2994711338f3a01e1fabc34f7228f97759bf3fa7a738,2026-08-14 16:52:36
627,Ms Msn Hukuku 2009 MS Dergisi,Bilinmiyor,6,pdf,Books/Books for Text_TR-20260529T163910Z-3-001/Books for Text_TR/Duvar_TR/Msn-Muhtelif/Ms-Msn Hukuku-2009-MS Dergisi.pdf,269840,82b9c21086d3d860161b64e5f409beb0bc79d3a4f693140a8479cb08b0787548,2026-08-14 16:52:36
628,Ms Nur L 1986 MS Dergsi,Bilinmiyor,3,pdf,Books/Books for Text_TR-20260529T163910Z-3-001/Books for Text_TR/Duvar_TR/Msn-Muhtelif/Ms-Nur L-1986-MS Dergsi.pdf,191848,9334579d4e931426d86cba5f1fc3676b93231ca0567b0dc2557fca6e74b63085,2026-08-14 16:52:36
629,Ms Shriners 1983 MS Dergisi,Bilinmiyor,3,pdf,Books/Books for Text_TR-20260529T163910Z-3-001/Books for Text_TR/Duvar_TR/Msn-Muhtelif/Ms-Shriners-1983-MS Dergisi.pdf,143555,0fa637bdfd9ba92571c16260cc85737f9c247ec397928efec677a8a264ee358f,2026-08-14 16:52:36
630,Ms Toplantılara Katılım 1977 MS Dergisi,Bilinmiyor,1,pdf,Books/Books for Text_TR-20260529T163910Z-3-001/Books for Text_TR/Duvar_TR/Msn-Muhtelif/Ms-Toplantılara Katılım-1977-MS Dergisi.pdf,33563,21e5d77f7f710e1e79df30f009be47c25cca798a71c3788d754e0b0371139ead,2026-08-14 16:52:36
631,Ms Truman Tesviye,Bilinmiyor,7,pdf,Books/Books for Text_TR-20260529T163910Z-3-001/Books for Text_TR/Duvar_TR/Msn-Muhtelif/Ms-Truman-Tesviye-2003.pdf,1610681,30cf9f9d4d420ad0f6505e049c57c8175915b0b1e3b007989e7317e32de899c5,2026-08-14 16:52:36
632,Ms Ünite modeli 1980 MS Dergisi,Bilinmiyor,12,pdf,Books/Books for Text_TR-20260529T163910Z-3-001/Books for Text_TR/Duvar_TR/Msn-Muhtelif/Ms-Ünite modeli-1980-MS Dergisi.pdf,694470,1e75deb46662649406148f7905f8bbf7eccda8c32697dcb4f087c53776551173,2026-08-14 16:52:36
633,AMERİKAN SİNEMASINDAKİ MASON SEMBOLLERİ,MESTİNAZ,178,pdf,Books/Books for Text_TR-20260529T163910Z-3-001/Books for Text_TR/Duvar_TR/Msn-web/Abd sinemasında mason sembolleri.pdf,4352680,fc019a44232f59f4a91c7ca8b1b132301227edff6202f5a6a55898bd42e4106b,2026-08-14 16:52:36
634,Ataturk Doneminde Masonluk ve Masonlarla,Bilinmiyor,18,pdf,Books/Books for Text_TR-20260529T163910Z-3-001/Books for Text_TR/Duvar_TR/Msn-web/Ataturk_Doneminde_Masonluk_ve_Masonlarla.pdf,1555230,9521b76f7af2697ecd9fb06a1cf772f26cc8862e253c6d2d7a0b957738a79fd3,2026-08-14 16:52:36
635,Masonluga Benzer Paramasonik Kuruluslar,Bilinmiyor,32,pdf,Books/Books for Text_TR-20260529T163910Z-3-001/Books for Text_TR/Duvar_TR/Msn-web/Masonluga_Benzer_Paramasonik_Kuruluslar (1).pdf,1473217,ff4c84a856799234f4913c69a243c46cfd2a66fece3cf91785e46ecd91d41b24,2026-08-14 16:52:36
636,Postmodern Masonluk Gelecege yonelis mi,Bilinmiyor,19,pdf,Books/Books for Text_TR-20260529T163910Z-3-001/Books for Text_TR/Duvar_TR/Msn-web/Postmodern_Masonluk_Gelecege_yonelis_mi.pdf,1962735,b2e049697dc3e612ed2ac886828d9bbb8404d86bb8e114c0a44bd14af33ad397,2026-08-14 16:52:36
637,Aydinlanmanin Masonluk Vektoru,Bilinmiyor,82,pdf,Books/Books for Text_TR-20260529T163910Z-3-001/Books for Text_TR/Duvar_TR/Msn_TR/Aydinlanmanin-Masonluk-Vektoru.pdf,8752054,c2bb4623832aeedc805d6c92f3fc346a97d6ea5f4633dbf4789b756df7ed15d6,2026-08-14 16:52:36
638,Cumhuriyeti Kuran Mason Kadrolar PDFDrive,Bilinmiyor,210,pdf,Books/Books for Text_TR-20260529T163910Z-3-001/Books for Text_TR/Duvar_TR/Msn_TR/Cumhuriyeti-Kuran-Mason-Kadrolar-PDFDrive.pdf,3757330,332fedec1685b1b3ad8b6deee0b2d8964482d6af63f85fddbc4f3baf4b393756,2026-08-14 16:52:36
639,Eski Türk Masonlarının Uygulamaları Simya Sırlarının Anahtarı (Baron Rudolf von Sebottendorf) (z lib.org),Bilinmiyor,172,pdf,Books/Books for Text_TR-20260529T163910Z-3-001/Books for Text_TR/Duvar_TR/Msn_TR/Eski Türk Masonlarının Uygulamaları Simya Sırlarının Anahtarı (Baron Rudolf von Sebottendorf) (z-lib.org).pdf,4241062,80a2324938fa7a54b6ea22fd9de73c8a52cfc559de4a8707eb2c605c134598a6,2026-08-14 16:52:36
640,Mason bektasiler,Fatih,788,pdf,Books/Books for Text_TR-20260529T163910Z-3-001/Books for Text_TR/Duvar_TR/Msn_TR/Mason bektasiler.pdf,2685426,510729ac4cd3ba094074f034bb61ab69b27401ccaa55cb8b03b7e2f3c437febb,2026-08-14 16:52:36
641,Masonlar Dinleyiniz Mahmut Esat Bozkurt,Bilinmiyor,81,pdf,Books/Books for Text_TR-20260529T163910Z-3-001/Books for Text_TR/Duvar_TR/Msn_TR/Masonlar-Dinleyiniz-Mahmut-Esat-Bozkurt.pdf,1500885,88a65ecdef9b2a03ab72459140ad732efeeff5e1b024d709a3a207e6ba06286c,2026-08-14 16:52:36
642,Masonların Dünyası,Sabahattin Arıç,167,pdf,Books/Books for Text_TR-20260529T163910Z-3-001/Books for Text_TR/Duvar_TR/Msn_TR/Masonlarn-Dünyası-Sabahattn Arıç.pdf,3398958,0ec2fec6fb5c65d5298331af4e3e8d344b57a8fee01955a748a2d55cf3616ed5,2026-08-14 16:52:36
643,Masonların Saklı Tarihi Tuncer Tuğcu,Bilinmiyor,121,pdf,Books/Books for Text_TR-20260529T163910Z-3-001/Books for Text_TR/Duvar_TR/Msn_TR/Masonların-Saklı-Tarihi-Tuncer-Tuğcu.pdf,924462,49214f12adbdddcac70f13fb579923f899d553fa6188fcd1557887deaf0bb17a,2026-08-14 16:52:36
644,Omer Seyfettin ve Masonluk,Bilinmiyor,22,pdf,Books/Books for Text_TR-20260529T163910Z-3-001/Books for Text_TR/Duvar_TR/Msn_TR/Omer_Seyfettin_ve_Masonluk.pdf,446979,ea1716299650d14cf80541f76a4c6e1c966eb534909a89e8eee9e1bc578e074d,2026-08-14 16:52:36
645,Siyonistler Ve Masonlar Mim Kemal Oke,Bilinmiyor,567,pdf,Books/Books for Text_TR-20260529T163910Z-3-001/Books for Text_TR/Duvar_TR/Msn_TR/Siyonistler-Ve-Masonlar-Mim-Kemal-Oke.pdf,16308171,ebc6b33a7352dc85ee5d76a35e32a3be8d45f9530ab7d28052417b6ff1e4b48d,2026-08-14 16:52:36
646,Microsoft Word - 83077315.docx,Bilinmiyor,26,pdf,Books/Books for Text_TR-20260529T163910Z-3-001/Books for Text_TR/Duvar_TR/Msn_TR/Taxil-Ve-Masonlar.pdf,3168017,4a2c6e8f27cc2cc03a8b587f7efb94bf2e2b4409c81065a02cbe45efc0e6231b,2026-08-14 16:52:36
647,HÜR MASONLUĞUN METODOLOJİSİ,Remzi SANVER,126,pdf,Books/Books for Text_TR-20260529T163910Z-3-001/Books for Text_TR/Duvar_TR/Msn_TR/metodoloji-3-_1_.pdf,558342,a653c78a8bdbbd5ca77664604093c60ddcd69f10e4d58fe76619da7d3e8f4017,2026-08-14 16:52:36
648,MUNTAZAM MASONLUK VE İNANÇ,VEEZY MULTIMEDIA PC,32,pdf,Books/Books for Text_TR-20260529T163910Z-3-001/Books for Text_TR/Duvar_TR/Msn_TR/muntazam masonluk ve inanc.pdf,387851,bc483daec9343cce5a55df7792811d4e998de51aa10734a833bea97a7d745c1b,2026-08-14 16:52:36
649,Masonluk ve Masonlar,İlhami Soysal,611,pdf,Books/Books for Text_TR-20260529T163910Z-3-001/Books for Text_TR/Duvar_TR/Msn_TR/İlhami Soysal - Masonluk ve Masonlar.pdf,25832251,d682e29027fb2e3ad6820d194dca9378552f11b0cc0726649e519ee33ffb6a7a,2026-08-14 16:52:36
650,Tapınak Şövalyelerinin Tarihi Yeni Şövalyelik,Malcolm Barber,608,pdf,Books/Books for Text_TR-20260529T163910Z-3-001/Books for Text_TR/Duvar_TR/Tpn Şövy/Tapınak Şövalyelerinin Tarihi - Yeni Şövalyelik (Malcolm Barber) (z-lib.org).pdf,5712589,eb8708a6f56cdeb1ebf6928979a443d62ac16ee1c410122965aa8dffcff072ef,2026-08-14 16:52:36
651,Tapınak Sovalyeleri ve No ro Mesih Ramazan Kurtoglu,Bilinmiyor,496,pdf,Books/Books for Text_TR-20260529T163910Z-3-001/Books for Text_TR/Duvar_TR/Tpn Şövy/Tapınak-Sovalyeleri-ve-No-ro-Mesih-Ramazan-Kurtoglu.pdf,14395362,fff82253ac47cc5ec4e62862221a3be2558c27584c99ebb5728a441427f723bc,2026-08-14 16:52:36
652,Microsoft Word - Cemiyetler,XXXXXXXXXX,124,pdf,Books/Books for Text_TR-20260529T163910Z-3-001/Books for Text_TR/Duvar_TR/illumint/Gizli-Cemiyetler-S-Hutin.pdf,2787248,c6883b037df1dd7dd625740d7b0d3020f8158b1383e58ce71219e179326797f4,2026-08-14 16:52:36
653,Her Taşın Altında Illuminati mi Var Yeni adı ile İnferno Kara Buyuculer,Faruk Arslan,118,pdf,Books/Books for Text_TR-20260529T163910Z-3-001/Books for Text_TR/Duvar_TR/illumint/Her-Taşın-Altında-Illuminati-mi-Var-Yeni-adı-ile-İnferno-Kara-Buyuculer.pdf,1803679,5af62c15a76265f7d890c3da637f59972fd111bad1f4c75bc9f4d71ce115259b,2026-08-14 16:52:36
654,Cuneyt Arcayurek Derin Devlet,Bilinmiyor,336,pdf,Books/Books for Text_TR-20260529T163910Z-3-001/Books for Text_TR/Gld-Tr/Cuneyt-Arcayurek-Derin-Devlet.pdf,6119361,9550bf7f4a1e5dfd5f2bffc06419a9fd3155f36146f80d4b5c3516b8acb00d7d,2026-08-14 16:52:36
655,Microsoft Word - Derin Devlet.doc,tt,175,pdf,Books/Books for Text_TR-20260529T163910Z-3-001/Books for Text_TR/Gld-Tr/Derin-Devlet-Talat Turhan.pdf,1055214,82ffc43ca9d9adf49067bd1ddb9b7e802cf511b75f97efcd36b3fe9b8048aa9b,2026-08-14 16:52:36
656,"DERİNDEVLETLER,GİZLİ PROJELERVE KİRLİ GERÇEKLER",xxx,237,pdf,Books/Books for Text_TR-20260529T163910Z-3-001/Books for Text_TR/Gld-Tr/Derin-Devletler-Gizli-Projeler-Ve-Kirli-Gercekler-Umit-Sayın.pdf,8200132,a52618d2085cb0274f2168ec9938b4cc687e001d0f77ac3c0d6ca43d8c525129,2026-08-14 16:52:36
657,ergenekon_2baski.indd,Bilinmiyor,27,pdf,Books/Books for Text_TR-20260529T163910Z-3-001/Books for Text_TR/Gld-Tr/ERGENEKON-Devlet-İcinde-Devlet-CAN-DUNDAR-CELAL-KAZDAĞLI.pdf,1252166,3b2074b3956376158b0e883677b017b371158a4f49b3d27a6d57a14f7657fee3,2026-08-14 16:52:36
658,Golge Ordu SADAT Ersin Eroglu Caner Taspınar,Bilinmiyor,166,pdf,Books/Books for Text_TR-20260529T163910Z-3-001/Books for Text_TR/Gld-Tr/Golge-Ordu-SADAT-Ersin-Eroglu-Caner-Taspınar.pdf,9432582,c33a05d9a3a03ca61b4c87a2b38084b6fa2ae0b2a58d8dea4a77eb8f89d06f8d,2026-08-14 16:52:36
659,Karşı Devrim 1923 Ten 2023 e Fikret Bila,Bilinmiyor,271,pdf,Books/Books for Text_TR-20260529T163910Z-3-001/Books for Text_TR/Gld-Tr/Karşı-Devrim-1923-Ten-2023-e-Fikret-Bila.pdf,3048669,a4c7afd186daadaa81ae52b3bdb60448084edb9e4758c83170e6bd36fb68f6d7,2026-08-14 16:52:36
660,Kontr gerilla Cihat Akyol,Bilinmiyor,248,pdf,Books/Books for Text_TR-20260529T163910Z-3-001/Books for Text_TR/Gld-Tr/Kontr-gerilla-Cihat Akyol.pdf,3980947,65ec01fe7a8bccec97f4b059bf5ee83d5f298c0257e4070a733cef35a6632a9c,2026-08-14 16:52:36
661,Uğur Mumcu _ Kontrgerilla Öğretileri,Yasar Mutlu,107,pdf,Books/Books for Text_TR-20260529T163910Z-3-001/Books for Text_TR/Gld-Tr/Kontrgerilla Öğretileri (Uğur Mumcu) (z-lib.org).pdf,528748,e5cf2262d79b4c1f348f642ef8116871e88abd244aff9afaa0e881994594fa8c,2026-08-14 16:52:36
662,Osmanlıdan Günümüze Gizli Devlet (Suat Parlar) (z lib.org),Bilinmiyor,192,pdf,Books/Books for Text_TR-20260529T163910Z-3-001/Books for Text_TR/Gld-Tr/Osmanlıdan Günümüze Gizli Devlet (Suat Parlar) (z-lib.org).pdf,10289236,a372fc600109f28a36f0887f19d8cac6a1556f436ed89a54e0bda3c052ad6677,2026-08-14 16:52:36
663,rapor11,Fatma Ulku YILDIZ,8,pdf,Books/Books for Text_TR-20260529T163910Z-3-001/Books for Text_TR/Gld-Tr/Seferberlik-Tetkik-Dairesi-Umit-Ozdağ.pdf,581022,71f916c736db8ca327386c0ab57f9f83b6497f124bb3539425f733ecd16ac2d0,2026-08-14 16:52:36
664,Yaklaşan Kasırga,Levent Gültekin,258,pdf,Books/Books for Text_TR-20260529T163910Z-3-001/Books for Text_TR/Gld-Tr/Yaklaşan Kasırga-Levent Gültekin .pdf,9520670,52239c42e29c50ee9d2bc0fb98d982a59ec2ee8e8310fef1fc8850f17f41beba,2026-08-14 16:52:36
665,Yeni Derin Devlet,Ecevit Kılıç,200,pdf,Books/Books for Text_TR-20260529T163910Z-3-001/Books for Text_TR/Gld-Tr/Yeni-Derin-Devlet-Ecevit-Kılıc.pdf,6940643,8599b53f100bd20ce526e3a7761b0572cba5a2dd46c017541d6c71adee7548d0,2026-08-14 16:52:36
666,İşgal Birlikleri Erol Bilbilik,zeyno,84,pdf,Books/Books for Text_TR-20260529T163910Z-3-001/Books for Text_TR/Gld-Tr/İşgal Birlikleri_Erol Bilbilik.pdf,1400294,aa4295d1fa1319f3653a8dd921012d9d793806020fd285d86863063e92c7eb01,2026-08-14 16:52:36
667,Şeytan Ucgeninde Turkiye Cuneyt Arcayurek,Bilinmiyor,388,pdf,Books/Books for Text_TR-20260529T163910Z-3-001/Books for Text_TR/Gld-Tr/Şeytan-Ucgeninde-Turkiye-Cuneyt-Arcayurek.pdf,5255750,dd0d77d6853040623d941dd614f3f2c03915281bde315b9e92d481ebbdbb9018,2026-08-14 16:52:36
668,Amerikan Evanjelikleri A Rafet Ozkan,Bilinmiyor,306,pdf,Books/Books for Text_TR-20260529T163910Z-3-001/Books for Text_TR/Gld-World/Amerikan-Evanjelikleri-A-Rafet-Ozkan (2).pdf,970240,ab4cc21b5564db4ca4c134e89c746e268b7f12792fe4105dea3c986f85a9c181,2026-08-14 16:52:36
669,Baronlar Ahmet Han,Bilinmiyor,278,pdf,Books/Books for Text_TR-20260529T163910Z-3-001/Books for Text_TR/Gld-World/Baronlar-Ahmet-Han.pdf,3115772,ccc9db1491754528bbe393b67aef91ffa7d4426f36192a1be60a75f4fdd00a84,2026-08-14 16:52:36
670,Dev Şirketler Kuresel Guc Elitleri Dunya Kapitalizminin En Guclu,Bilinmiyor,417,pdf,Books/Books for Text_TR-20260529T163910Z-3-001/Books for Text_TR/Gld-World/Dev-Şirketler-Kuresel-Guc-Elitleri-Dunya-Kapitalizminin-En-Guclu.pdf,2996173,674e7f68ae7b5a84617ccd83969a7094d34c73c09671a28254d7ece025647077,2026-08-14 16:52:36
671,Dünyanın Gizli Tarihi 2,Turgut Gürsan,421,pdf,Books/Books for Text_TR-20260529T163910Z-3-001/Books for Text_TR/Gld-World/Dunyanın-Gizli-Tarihi-2.pdf,9882692,6f74cec455bf596cc442bd5726af0f3a4c0bf10907f2c1fb3d4f9a997088c206,2026-08-14 16:52:36
672,Gizli Dünya Devleti,Gary Allen,378,pdf,Books/Books for Text_TR-20260529T163910Z-3-001/Books for Text_TR/Gld-World/Gizli Dünya Devleti (Gary Allen) (z-lib.org).pdf,14430198,fbe4a5104c2e1232c956363bd638216770d9f5a2de2cead75c11cd220a3e911b,2026-08-14 16:52:36
673,Amerika'nın kurduğu gizli örgüt : Gladio,"Ali Kuzu,ed. Sevda Dursun",257,pdf,Books/Books for Text_TR-20260529T163910Z-3-001/Books for Text_TR/Gld-World/Gladio-Abd`nin kurduğu gizli örgüt-Ali Kuzu.pdf,22693747,2c02c5ad6f7c9aacfbeb6736d76b6d49155ee064008defa6a2549b09555d01ba,2026-08-14 16:52:36
674,Jean Ziegler Sucun Derebeyleri,Bilinmiyor,256,pdf,Books/Books for Text_TR-20260529T163910Z-3-001/Books for Text_TR/Gld-World/Jean-Ziegler-Sucun-Derebeyleri.pdf,5038032,2ecf804a2effdbcb7a53f9a891eea9249e4617751f47fe4a94375f8df6e03598,2026-08-14 16:52:36
675,Nato gizli birliği ve Alman öncüleri ; Gladio - (kontrgerilla) soğuk savaşın mirası,"Leo A. Müller,çev. Emin Karaca",188,pdf,"Books/Books for Text_TR-20260529T163910Z-3-001/Books for Text_TR/Gld-World/Nato gizli birliği ve Alman öncüleri  Gladio-Leo A. Müller,çev. Emin Karaca.pdf",13271907,357117cf7ff8678342d36547ebfcd790e19da137dcb6cfd668cf58ca2f1bfbf4,2026-08-14 16:52:36
676,Puppetmasters,Philip Willan,365,pdf,Books/Books for Text_TR-20260529T163910Z-3-001/Books for Text_TR/Gld-World/Puppetmasters _ the political use of terrorism in Italy.pdf,2121907,fabedbe381b6537d1a220c027e869ea17a17c1dbea3b154df1b483a706af0e79,2026-08-14 16:52:36
677,Rothschild Para İmparatorluğu,George Armstrong,307,pdf,Books/Books for Text_TR-20260529T163910Z-3-001/Books for Text_TR/Gld-World/Rothschild-Para-İmparatorluğu.pdf,859532,bf609ffb18197f09d94c0b036c5c87217db7f6ed96b250f98833875553b50605,2026-08-14 16:52:36
678,GSD_11_Art_1_062010,29584435190,21,pdf,Books/Books for Text_TR-20260529T163910Z-3-001/Books for Text_TR/Gld-World/Truman Doktrini __üzerine Bir Analiz[#99192]-84525.pdf,221828,ba08ada75812eedcebe43d4561fc7c35406e54e8508017dec2f9a66af41c53dc,2026-08-14 16:52:36
679,kukla,Bilinmiyor,-,docx,Books/Books for Text_TR-20260529T163910Z-3-001/Books for Text_TR/Gld-World/kukla.docx,0,e3b0c44298fc1c149afbf4c8996fb92427ae41e4649b934ca495991b7852b855,2026-08-14 16:52:36
680,ÜST AKIL İNGİLİZ DERİN DEVLETİNİN İÇYÜZÜ 2. CİLT,ADNAN HARUN YAHYA,674,pdf,Books/Books for Text_TR-20260529T163910Z-3-001/Books for Text_TR/Gld-World/Üst Akıl İngiliz Derin Devletinin İçyüzü 2 (Adnan Harun Yahya) (z-lib.org).pdf,56753232,c0cbc6c10065cf41307fc1843d3f594ae9867b842d0fdb6b1de242cbc0e360fc,2026-08-14 16:52:36
681,ERGUN POYRAZ AMERİKADAKİ İMAM,USER,387,pdf,Books/Books for Text_TR-20260529T163910Z-3-001/Books for Text_TR/Hzm-Aleyhte/ERGUN-POYRAZ-AMERİKADAKİ-İMAM.pdf,1874182,86cb2963d17ea9dfa88c7af44961e09eba2d83c22ec59ada864c3a2e622ec5d8,2026-08-14 16:52:36
682,F Tipi Yapılanma,Bilinmiyor,341,pdf,Books/Books for Text_TR-20260529T163910Z-3-001/Books for Text_TR/Hzm-Aleyhte/F-Tipi-Yapılanma.pdf,7429778,edd97e1816e5258ef935d108f67969dc1968172f6957b94ecfaa957eb617020a,2026-08-14 16:52:36
683,50 Soruda FT,Bilinmiyor,156,pdf,Books/Books for Text_TR-20260529T163910Z-3-001/Books for Text_TR/Hzm-Aleyhte/FT/50-Soruda-FT-2023.pdf,27642314,04c7165dd660bdc126f99d3b0f17dd6722562f4e2d992ff141e4b1519bc4e42a,2026-08-14 16:52:36
684,FT nun Kalintilarından Arınmak,Bilinmiyor,5,pdf,Books/Books for Text_TR-20260529T163910Z-3-001/Books for Text_TR/Hzm-Aleyhte/FT/FT nun_Kalintilarından Arınmak-2018.pdf,152815,3d6c0598f53a0e76cbe733da25d07b33518bfb0e68d5e19755b7c3dd15c8d65b,2026-08-14 16:52:36
685,FT KADEM,Bilinmiyor,42,pdf,Books/Books for Text_TR-20260529T163910Z-3-001/Books for Text_TR/Hzm-Aleyhte/FT/FT-KADEM.pdf,1850009,b496ee57d7e2ecfc132d0a50d91533e6f6f425185af84048160b777980023e9f,2026-08-14 16:52:36
686,FT nun Aklanma ve Yeniden Meşruiyet Çabaları,Bilinmiyor,3,pdf,Books/Books for Text_TR-20260529T163910Z-3-001/Books for Text_TR/Hzm-Aleyhte/FT/FT_nun_Aklanma_ve_Yeniden Meşruiyet Çabaları-2023.pdf,2480046,6521086ce356f16a8653d5ae0bda384aeaa9454f39489a122618940f1f5a2c0a,2026-08-14 16:52:36
687,Gulen orgütü,Bilinmiyor,160,pdf,Books/Books for Text_TR-20260529T163910Z-3-001/Books for Text_TR/Hzm-Aleyhte/FT/Gulen orgütü.pdf,934270,ae48d7d29fe9124d7d984ba2cf6ca613bcf93a08540313ee146007d2be0d211c,2026-08-14 16:52:36
688,KULT ORGUTLER KAPSAMINDA FETO ILE MUCADE,Bilinmiyor,38,pdf,Books/Books for Text_TR-20260529T163910Z-3-001/Books for Text_TR/Hzm-Aleyhte/FT/KULT_ORGUTLER_KAPSAMINDA_FETO_ILE_MUCADE.pdf,1241548,2b85e495d38d25e56d62250de87135bc9e367d03b006fc9e75685af523c088bb,2026-08-14 16:52:36
689,Kult Trr Orgutlerinde Radikallesme Sur,Bilinmiyor,25,pdf,Books/Books for Text_TR-20260529T163910Z-3-001/Books for Text_TR/Hzm-Aleyhte/FT/Kult_Trr_Orgutlerinde_Radikallesme_Sur.pdf,814855,7f0738ceb1c3a3b71af69188ae40f39a9326da2bb25a53ce6017302ea5ae4579,2026-08-14 16:52:36
690,Kuresel Kusatmaya Direnen Turkiye,Bilinmiyor,72,pdf,Books/Books for Text_TR-20260529T163910Z-3-001/Books for Text_TR/Hzm-Aleyhte/FT/Kuresel_Kusatmaya_Direnen_Turkiye-2017.pdf,3226798,2401e0345ed04e98fc36d63f34aa0101c248b7e01e05bae410bf586aacda750d,2026-08-14 16:52:36
691,YARGITAYDAN FETO,Bilinmiyor,28,pdf,Books/Books for Text_TR-20260529T163910Z-3-001/Books for Text_TR/Hzm-Aleyhte/FT/YARGITAYDAN-FETO.pdf,10895837,6d53e0f3d5e2029c70ba9824da8f5757d9545db434bfbf4ca3ca382060edbf86,2026-08-14 16:52:43
692,Metastaz,Barış Pehlivan & Barış Terkoğlu,216,pdf,Books/Books for Text_TR-20260529T163910Z-3-001/Books for Text_TR/Hzm-Aleyhte/Metastaz-Barış-Pehlivan.pdf,1248516,331967bb2ed5c118a4a1056a86127b994cba410e457d2a7997a1efca9a9193f3,2026-08-14 16:52:43
693,Razi Canikligil ABD Gizli Belgelerinde Fethullah Gulen Doğan Kitap,Bilinmiyor,209,pdf,Books/Books for Text_TR-20260529T163910Z-3-001/Books for Text_TR/Hzm-Aleyhte/Razi-Canikligil-ABD-Gizli-Belgelerinde-Fethullah-Gulen-Doğan-Kitap.pdf,5079343,e01a109c432530f8c2cedc5c8a62ec2cad7921515c5980ebebab0626e060b02e,2026-08-14 16:52:43
694,ifşa Toygun Atilla,Bilinmiyor,284,pdf,Books/Books for Text_TR-20260529T163910Z-3-001/Books for Text_TR/Hzm-Aleyhte/ifşa-Toygun-Atilla.pdf,54851135,bfa9f11756a28be10d12c0ac356251a818229adcaa51312418040cd128c1705c,2026-08-14 16:52:43
695,15 Temmuz un arka planı 1 Marmaris,Bilinmiyor,112,pdf,Books/Books for Text_TR-20260529T163910Z-3-001/Books for Text_TR/Hzm_15Tm/15 Temmuz_un arka planı-1_Marmaris.pdf,6130646,6befe5fa0eadec799660dfbf943cbbe01798bc65eb1cb2f2f3c2dccc8835a7df,2026-08-14 16:52:43
696,15 Temmuz Erdoganın darbesi 05 07,Bilinmiyor,191,pdf,Books/Books for Text_TR-20260529T163910Z-3-001/Books for Text_TR/Hzm_15Tm/15-Temmuz-Erdoganın-darbesi-05-07-2017.pdf,7307414,af27ba4020b3914b4de4c7a0e67c8f4fcc49eb7c45e3cc679c245bfd4aeeede2,2026-08-14 16:52:43
697,15 TEMMUZ SÜRECİNDE DONANMA ÇAPINDA NELER YAŞANDI?,Deniz Mert,62,pdf,Books/Books for Text_TR-20260529T163910Z-3-001/Books for Text_TR/Hzm_15Tm/15-Temmuz-da-Turk-Donanmasında-Ne-Oldu-Donanmayı-kimler-batırdı.pdf,9904709,6b71a3eaf001dbad076f3e0a91f6aedbd21e39c0f1437bbb1c16c3326374aa1d,2026-08-14 16:52:43
698,15 Temmuzun arka planı akar ve unal,Bilinmiyor,59,pdf,Books/Books for Text_TR-20260529T163910Z-3-001/Books for Text_TR/Hzm_15Tm/15-Temmuzun-arka-planı-akar-ve-unal.pdf,2337877,6e07181690dfa305a14ad6bbb488a679992f8ce20a825d1b205d6a6ee45eb281,2026-08-14 16:52:43
699,Adil Yargının Ölümü : Semih Terzi ve Özel Kuvvetler Timi Dosyası,DİLAVER DERVİŞ,89,pdf,Books/Books for Text_TR-20260529T163910Z-3-001/Books for Text_TR/Hzm_15Tm/Adli Yargının Ölümü_Semih Terzi ve Özel Kuvvetler Timi dosyası.pdf,11008889,15964f958f549c758f767ff1c644bc08845f545e53283fc8beeb05b6f9526743,2026-08-14 16:52:43
700,Gercegin Peşinde 17 Haziran,Bilinmiyor,138,pdf,Books/Books for Text_TR-20260529T163910Z-3-001/Books for Text_TR/Hzm_15Tm/Gercegin-Peşinde-17-Haziran-2017.pdf,5375904,c4d3d18be1e6d28b983206d1e352a14069c199ae6089b21448cabbd011d3c512,2026-08-14 16:52:43
701,Hulusinasyon 15 Temmuz Ozel Harp Komutan,Bilinmiyor,214,pdf,Books/Books for Text_TR-20260529T163910Z-3-001/Books for Text_TR/Hzm_15Tm/Hulusinasyon-15-Temmuz-Ozel-Harp-Komutan.pdf,4307250,6265acad59a8ecd523f281859b69ff8ef7183e2d3589edc6d231e6dd046023f6,2026-08-14 16:52:43
702,Marmaris 15Temmuz,Bilinmiyor,100,pdf,Books/Books for Text_TR-20260529T163910Z-3-001/Books for Text_TR/Hzm_15Tm/Marmaris-15Temmuz.pdf,4987493,010ec144c2f156eef6baf65ff608df731d9179f05b675e2df8ed6a8e1c5c497f,2026-08-14 16:52:43
703,SADAT Erdoğan ın Özel Ordusu,Bilinmiyor,76,pdf,Books/Books for Text_TR-20260529T163910Z-3-001/Books for Text_TR/Hzm_15Tm/SADAT-Erdoğan_ın Özel Ordusu.pdf,7181266,199728844eb79311fe14190ee244f2fdd05d8789695d48c3430b1739e5298972,2026-08-14 16:52:43
704,Microsoft Word - Fethullah Gülen Davası İddianamesi.doc,Murat GÜREL,54,pdf,Books/Books for Text_TR-20260529T163910Z-3-001/Books for Text_TR/Hzm_Dava Doc/fethullah-gulen-iddianames_1999_Nuh Mete Yükseli.pdf,720097,0c69502594dff738aaa541257cea2bfcd3c5149ed511b9b40f8876b4d9c776c6,2026-08-14 16:52:43
705,Büyük Medeniyet Savaşı  ⠀伀爀琀愀搀漁ἀ甀✀渀甀渀 䘀攀琀栀椀),Robert Fisk,1153,pdf,Books/Books for Text_TR-20260529T163910Z-3-001/Books for Text_TR/ODogu/Buyuk-Medeniyet-Savasi-Robert-Fisk.pdf,6724656,cda63728a5a5e0ec79daf3d9a39969bb56170d832eac0aeda6a23b9f53514582,2026-08-14 16:52:43
706,Ezber Bozmak Stephen Kinzer,Bilinmiyor,229,pdf,Books/Books for Text_TR-20260529T163910Z-3-001/Books for Text_TR/ODogu/Ezber-Bozmak-Stephen-Kinzer.pdf,7776326,1b7a2887b055c93afbf7284f7125654161724920141fd2920ff1fd56968ea315,2026-08-14 16:52:43
707,Nt nun İslam la Savaşı Murat Akan,Bilinmiyor,354,pdf,Books/Books for Text_TR-20260529T163910Z-3-001/Books for Text_TR/ODogu/Nt-nun-İslam-la-Savaşı-Murat-Akan.pdf,10298468,38da00392d0f69ebec2a5d01b7d19137861dc49926341055d84ce59866615d54,2026-08-14 16:52:43
708,"Ortadoğu’da Devlet Dışı Silahlı Aktörler (Murat Yeşiltaş, Burhanettin Duran) (z lib.org)",Bilinmiyor,497,pdf,"Books/Books for Text_TR-20260529T163910Z-3-001/Books for Text_TR/ODogu/Ortadoğu’da Devlet Dışı Silahlı Aktörler (Murat Yeşiltaş, Burhanettin Duran) (z-lib.org).pdf",10691647,e6ed9f49e5f45cf264caca736f5dda06c3b63a816969ca911720915a678a52c3,2026-08-14 16:52:43
709,israil sorunu siyasi siyonizm,Bilinmiyor,18,pdf,Books/Books for Text_TR-20260529T163910Z-3-001/Books for Text_TR/ODogu/israil-sorunu-siyasi-siyonizm (1).pdf,158632,79d3da58b458c326a53439e5c44f2b8d05e74e15ecad36a8d1804cafe8bec739,2026-08-14 16:52:43
710,Microsoft Word - IRAN.DOC,pisut,78,pdf,Books/Books for Text_TR-20260529T163910Z-3-001/Books for Text_TR/ODogu/İran-da-Devrim-ve-Karşı-Devrim-Peter-Marshall.pdf,802610,4ebc97266e58db732993d4ac1c4cc2158d4be23d0eacd94701475bc43847a85c,2026-08-14 16:52:43
711,Microsoft Word - tez 13 haziran.docx,Bilinmiyor,123,pdf,Books/Books for Text_TR-20260529T163910Z-3-001/Books for Text_TR/ODogu/İran/Tahran Yunus Emre Enstitüsü.pdf,12604407,caaf59ad99a9e57ddf68aaef3317c26a2c3460e4551f9ed48845b3ef6468d2c0,2026-08-14 16:52:43
712,iran devrimnin Türkiye yansımaları,Bilinmiyor,30,pdf,Books/Books for Text_TR-20260529T163910Z-3-001/Books for Text_TR/ODogu/İran/iran devrimnin Türkiye yansımaları.pdf,5694590,2a966308877e78591c29926467bf83d0b74f3521b1d9d07602f52a909eb894c8,2026-08-14 16:52:43
713,İran Devrimi’ni Okumak,Bilinmiyor,24,pdf,Books/Books for Text_TR-20260529T163910Z-3-001/Books for Text_TR/ODogu/İran/İran Devrimi’ni Okumak.pdf,320371,d99c999a124c5fb796f3d1365651d535fa0f49afeca3b21156e146e0fa1539f3,2026-08-14 16:52:43
714,Chicken Game,Siyasal Yayınevi,4,pdf,Books/Books for Text_TR-20260529T163910Z-3-001/Books for Text_TR/Oyun Teorisi/Chicken Game.pdf,61686,0e35efa04780e63f7db65b318b5ebfec27259fd934ecdce0096df7be663ea988,2026-08-14 16:52:43
715,Karar Verme Sürecinde Oyun Teorisi,Hakan Kural,245,pdf,Books/Books for Text_TR-20260529T163910Z-3-001/Books for Text_TR/Oyun Teorisi/Karar Verme Sürecinde Oyun Teorisi.pdf,2328926,1ea9bf66000ea6dddc2d75e9db47b51a759ffc68027eb21064a49b330a4c6c38,2026-08-14 16:52:43
716,Oyun Teorisi ve Nash in Denge Stratejisi[#1045033],ilyas.altuner,22,pdf,Books/Books for Text_TR-20260529T163910Z-3-001/Books for Text_TR/Oyun Teorisi/Oyun Teorisi ve Nash___in Denge Stratejisi[#1045033]-2154272.PDF,499236,538af71d668d295592631c6e7611be604e8e356ebfead86cc309796216505015,2026-08-14 16:52:43
717,OYUN TEORİSİNİN 2008 YEREL SEÇİMLER İÇİN UYARLANMASI:,AKIN,17,pdf,Books/Books for Text_TR-20260529T163910Z-3-001/Books for Text_TR/Oyun Teorisi/Oyun Teorisi-2009 Yerel Seçimleri.pdf,342543,a8c71593b5a2fe3766ce5a9f60779b9e9761ae58893c365df899faa0229f800e,2026-08-14 16:52:43
718,ulus.der1,Siyasal Yayınevi,33,pdf,Books/Books for Text_TR-20260529T163910Z-3-001/Books for Text_TR/Oyun Teorisi/Oyun Teorisi-UA İilşkiiler Kitaplar.pdf,288549,9b87afdd5b66043b1ec90c75afa881da5acad95550ab9d2bf39877c0bd9c4d47,2026-08-14 16:52:43
719,"(Microsoft Word - G\334NER, Serdar _son_.doc)",Administrator,18,pdf,Books/Books for Text_TR-20260529T163910Z-3-001/Books for Text_TR/Oyun Teorisi/Oyun Teorsi ve UA politka.pdf,156952,c34ef63ac692ffe0ec088e0ad6e8ff35dcf46ff95c5d0ba8010219361f69c57c,2026-08-14 16:52:43
720,ulus.der1,Siyasal Yayınevi,12,pdf,Books/Books for Text_TR-20260529T163910Z-3-001/Books for Text_TR/Oyun Teorisi/Oyun Teorsi-Uluslararası llişkilerde kullanımı.pdf,124581,540643f43d87d5cb37edf03854f42e5dfde1c64348ec7fe05894881c6cf312c1,2026-08-14 16:52:43
721,Oyun Terosi Ekonomi,Bilinmiyor,29,pdf,Books/Books for Text_TR-20260529T163910Z-3-001/Books for Text_TR/Oyun Teorisi/Oyun Terosi--Ekonomi.pdf,528521,6d2dc5748c957372b1ffd6f209244dbea3352b35b1f4fcc23a58838b092cf243,2026-08-14 16:52:43
722,Uluslararası Bir Krzde Oyun Teorsi,-BUYUKSARAC-,8,pdf,Books/Books for Text_TR-20260529T163910Z-3-001/Books for Text_TR/Oyun Teorisi/Uluslararası Bir Krzde Oyun Teorsi.pdf,451624,e10ec4f7d74011d44ec1bd68ff3644535c745337812394e260d7e90c25810acf,2026-08-14 16:52:43
723,Microsoft Word - m can bumat.doc,mcan,18,pdf,Books/Books for Text_TR-20260529T163910Z-3-001/Books for Text_TR/Oyun Teorisi/siyaset_ve_iktsatta_oyun_teorisi.pdf,175790,3a5b861f8a1f1089adf235f5a0fe39803fa0d2a4b5c8ce8af879b906e2da6004,2026-08-14 16:52:43
724,Buyuk Yalanlar Joseph Goebbels cs,Bilinmiyor,473,pdf,Books/Books for Text_TR-20260529T163910Z-3-001/Books for Text_TR/Propaganda ve İkna/Buyuk-Yalanlar-Joseph-Goebbels-cs.pdf,20520564,affcb1d408ce279e05bd4ada2995d66406835afad600e911d59ef87cf077cc94,2026-08-14 16:52:43
725,Dijital Yasam Kulturu,Bilinmiyor,31,pdf,Books/Books for Text_TR-20260529T163910Z-3-001/Books for Text_TR/Propaganda ve İkna/Dijital Yasam Kulturu.pdf,30863479,9577b4137b1b3b46f0452fe33222ce1aa30af18f42171c83bbc550d3e48e1195,2026-08-14 16:52:43
726,Dijitalleşmeyi Tartışmak Medya Kultur Kimlik,Bilinmiyor,363,pdf,Books/Books for Text_TR-20260529T163910Z-3-001/Books for Text_TR/Propaganda ve İkna/Dijitalleşmeyi-Tartışmak-Medya-Kultur-Kimlik.pdf,6396539,bcabd1df721caf20b9dc99e4372f53a2e6293a07d7efec2bdeeec327a6746b80,2026-08-14 16:52:43
727,Dolaylı Telkin Dil Paternleri Erıcksonıan,www.psikoaktuel.com,37,pdf,Books/Books for Text_TR-20260529T163910Z-3-001/Books for Text_TR/Propaganda ve İkna/Dolaylı-Telkin-Dil-Paternleri-Erıcksonıan.pdf,348255,19dee3fe2cb87f668ca494910032ffc3fb0cecdd7565e4b277c245fadf8e96ea,2026-08-14 16:52:43
728,Microsoft Word - GPSavasi,XXXXXXXXXX,94,pdf,Books/Books for Text_TR-20260529T163910Z-3-001/Books for Text_TR/Propaganda ve İkna/Gizli-Parapsikoloji-Savaşı.pdf,3046962,18fd61440f6fb2b59687e902c95ef1877690a2e00551b8370f08258d9f2cacb3,2026-08-14 16:52:43
729,Gormenin İktidarı Giovanni Sartori,Bilinmiyor,165,pdf,Books/Books for Text_TR-20260529T163910Z-3-001/Books for Text_TR/Propaganda ve İkna/Gormenin-İktidarı-Giovanni-Sartori.pdf,3873716,b00dd0878d856093afde428edd80d000421b5e0803adde308ed987869f5d968f,2026-08-14 16:52:43
730,Güçlü Soru Sorma Sanatı,Gülyan Kabaş & Yaprak Baran Tecir,260,pdf,Books/Books for Text_TR-20260529T163910Z-3-001/Books for Text_TR/Propaganda ve İkna/Guclu-Soru-Sorma-Sanatı.pdf,4650841,8b882d78e0c25b128a53bf5e7cbffcca32800c0bdb5c6c46656b35d22ba3f26e,2026-08-14 16:52:43
731,"Dark Psychology: 7 in 1: The Art of Persuasion, How to influence people, Hypnosis Techniques, NLP secrets, Analyze Body language, Gaslighting, Manipulation Subliminal, and Emotional Intelligence 2.0","Mind, Jack & Power, Laws & Empath, Caroline & Griffith, Joseph & Griffith, Katerina & Carnegie, Travis Greene & Bradberry 48, Daniel Brandon & Goleman, Robert Dale",682,pdf,Books/Books for Text_TR-20260529T163910Z-3-001/Books for Text_TR/Propaganda ve İkna/Karanlık-Psikoloji.pdf,3597922,64bbc9d4ae93684dc0efea5ea5b639e069f11868e454277d28765be4508fd4d7,2026-08-14 16:52:43
732,Kitle ve İktidar,Elias Canetti,689,pdf,Books/Books for Text_TR-20260529T163910Z-3-001/Books for Text_TR/Propaganda ve İkna/Kitle-Ve-Iktidar-Elias-Canetti.pdf,2539090,b4e732a5b1cd5516746736252cdf89b46108b709df4b84972a7445bdee9a0406,2026-08-14 16:52:43
733,Karanlık Manipulasyon Rehberi,Nikan,39,pdf,Books/Books for Text_TR-20260529T163910Z-3-001/Books for Text_TR/Propaganda ve İkna/Manipulasyon/Karanlık-Manipulasyon-Rehberi.pdf,478357,e17225f07b9aeb6269d1cf1d7653dd0820544104b4bb81d0faac2de44c72fd47,2026-08-14 16:52:43
734,Psikolojik Manipülasyon,Nural,13,docx,Books/Books for Text_TR-20260529T163910Z-3-001/Books for Text_TR/Propaganda ve İkna/Manipulasyon/Psikolojik Manipülasyon.docx,49080,9243a4a780c362f4167b2332e805eb0baaa210d81d938b01cc2953e8a39bd33c,2026-08-14 16:52:43
735,Microsoft Word - medya okur yazar.doc,grafik,146,pdf,Books/Books for Text_TR-20260529T163910Z-3-001/Books for Text_TR/Propaganda ve İkna/Medya/21-Yuzyıl-Medya Okur Yazarlığı.pdf,1822150,317473e8b207e47598cb837fcd5f1fe9c9f122cde3d544deef472fb5dfa05a39,2026-08-14 16:52:43
736,Nefret Soylemi Ve Linc Kulturu,AnkaBiLgisayar,92,pdf,Books/Books for Text_TR-20260529T163910Z-3-001/Books for Text_TR/Propaganda ve İkna/Nefret-Soylemi-Ve-Linc-Kulturu.pdf,1399540,858f639e5854507e1a7ca55a8c91a9f10537f36830f9685f75ef2dbf22edeab6,2026-08-14 16:52:43
737,Slayt 1,Baki TORAMAN,36,pdf,Books/Books for Text_TR-20260529T163910Z-3-001/Books for Text_TR/Propaganda ve İkna/Sorgulama-Teknikleri-Min.pdf,1076773,b7a8cc4468d439732017e59d5e18b52f9a921d85a8f1cc57acd29a2e819625ec,2026-08-14 16:52:43
738,Bilgi-Ekonomisi-Sosyal-Medya-Analizi.pdf,MUHAMMET NEGİZ,40,pdf,Books/Books for Text_TR-20260529T163910Z-3-001/Books for Text_TR/Propaganda ve İkna/Sosyal Medya/Bilgi-Ekonomisi-Sosyal-Medya-Analiz.pdf,2368640,351a204b6eb890e010f3d6861e6b8d6d91834f5ac9d3a24c898de8c576c00af0,2026-08-14 16:52:43
739,Dijital Kultur ve Fragmanları,Bilinmiyor,13,pdf,Books/Books for Text_TR-20260529T163910Z-3-001/Books for Text_TR/Propaganda ve İkna/Sosyal Medya/Dijital-Kultur-ve-Fragmanları.pdf,151832,ab604b891b5c10fdcecfbf310aaaba16a968da708f8e46ed0329ad2d35b042c5,2026-08-14 16:52:43
740,Dijital Yerliler Z Kuşağı ve Sosyal Medya Pazarlaması,Bilinmiyor,84,pdf,Books/Books for Text_TR-20260529T163910Z-3-001/Books for Text_TR/Propaganda ve İkna/Sosyal Medya/Dijital-Yerliler-Z-Kuşağı-ve-Sosyal-Medya-Pazarlaması.pdf,392986,daab7c77f54f1f5cf2f0972b5d983a6fc52df373351e583d145d891458feb5ed,2026-08-14 16:52:43
741,SC - 2023 - STRATEJİ REHBERİ,Simge Çankaya,89,pdf,Books/Books for Text_TR-20260529T163910Z-3-001/Books for Text_TR/Propaganda ve İkna/Sosyal Medya/Instegramda Strateji Olusturma.pdf,1551261,f6a7109d9688ee734d6160c3d9467c766b1ce37bcd2b30011ac07df437aad396,2026-08-14 16:52:43
742,PowerPoint Sunusu,sedat.ates,71,pdf,Books/Books for Text_TR-20260529T163910Z-3-001/Books for Text_TR/Propaganda ve İkna/Sosyal Medya/SOSYAL-MEDYA-UZMANLIK-PROGRAMI-pptx (1).pdf,5078849,069a719fc78f73ad08a70a8c0c5d57a336554a8fc852d3a098f1fe841fd639e7,2026-08-14 16:52:43
743,sosyal_medya,Bilinmiyor,11,pdf,Books/Books for Text_TR-20260529T163910Z-3-001/Books for Text_TR/Propaganda ve İkna/Sosyal Medya/Sosyal-Medya Egitimi.pdf,14139946,8844cd12f77a23ebc3faf82181e3c7f4b4c2112217c87bf634db485a8bcb3440,2026-08-14 16:52:43
744,Sosyal Medya Aracları,Bilinmiyor,26,pdf,Books/Books for Text_TR-20260529T163910Z-3-001/Books for Text_TR/Propaganda ve İkna/Sosyal Medya/Sosyal-Medya-Aracları.pdf,2994229,c2065dc22a5f63bca50dd88e90b3898e1b95790d5e0317a8e781d2b277ec9257,2026-08-14 16:52:43
745,Sosyal Medya Eleştirel Bir Giriş Christian Fuchs,Bilinmiyor,410,pdf,Books/Books for Text_TR-20260529T163910Z-3-001/Books for Text_TR/Propaganda ve İkna/Sosyal Medya/Sosyal-Medya-Eleştirel-Bir-Giriş-Christian-Fuchs.pdf,15103494,2bdee6af0d7e77b8f88ecbc75f98f2ad7ea04526d608aa3527823a4fe1bc51b9,2026-08-14 16:52:43
746,Sosyal Medya ve Gerceklik,Bilinmiyor,89,pdf,Books/Books for Text_TR-20260529T163910Z-3-001/Books for Text_TR/Propaganda ve İkna/Sosyal Medya/Sosyal-Medya-ve-Gerceklik.pdf,3172553,f7e4ba957fd8b75f3f7533e9902edba187ac804015745ac6371db01019fd9b8f,2026-08-14 16:52:43
747,Sozlu Dovuş Sanatı Tongue Fu Sam Horn,Bilinmiyor,276,pdf,Books/Books for Text_TR-20260529T163910Z-3-001/Books for Text_TR/Propaganda ve İkna/Sozlu-Dovuş-Sanatı-Tongue-Fu-Sam-Horn.pdf,4981377,49cc522222aa4707d90cf88b199fde94a42656dd57155525add7af55a5dfeb17,2026-08-14 16:52:43
748,Toksik Zihin Gad Saad,Bilinmiyor,288,pdf,Books/Books for Text_TR-20260529T163910Z-3-001/Books for Text_TR/Propaganda ve İkna/Toksik-Zihin-Gad-Saad.pdf,3596958,c4f49d3347cbb051ddc5169408df8521f9fc1ce72fd6f82f919d079021492aca,2026-08-14 16:52:43
749,Yalanın Siyaseti Yalın Alpay,Bilinmiyor,184,pdf,Books/Books for Text_TR-20260529T163910Z-3-001/Books for Text_TR/Propaganda ve İkna/Yalanın-Siyaseti-Yalın-Alpay.pdf,4288945,cef55a5012a06c09aa01fa2e23a3ade56a1162ce7c7d88a62187de03ef39eb0e,2026-08-14 16:52:43
750,Zihin Kontrol Yontemi Silva,Bilinmiyor,236,pdf,Books/Books for Text_TR-20260529T163910Z-3-001/Books for Text_TR/Propaganda ve İkna/Zihin Kontrolu/Zihin-Kontrol-Yontemi-Silva.pdf,5417977,3323176ad4c4cb8e5eba652fb0051ab4360bf55c146b758627e65666c2e54746,2026-08-14 16:52:43
751,kral kelebek zihin kontrolünün 12 büyük bilimi,MyPC,54,pdf,Books/Books for Text_TR-20260529T163910Z-3-001/Books for Text_TR/Propaganda ve İkna/Zihin Kontrolu/Zihin-Kontrol.pdf,1134580,0d55b6fa1cc64c7897fc21390115d8d05cf159a96292bafc939434f8920f6d36,2026-08-14 16:52:43
752,Zihin Kontrolü (Mind Control: Forbidden Manipulation and Deception Techniques to Persuade and Brainwash Anyone),Leonard Moore,54,pdf,Books/Books for Text_TR-20260529T163910Z-3-001/Books for Text_TR/Propaganda ve İkna/Zihin Kontrolu/Zihin-Kontrolu-Leonard-Moore.pdf,648035,0f69bb7d0097287cfb68ad1d51b19854442a7d5e7f32ba63db2542bf9d42d3ee,2026-08-14 16:52:43
753,Cover,Bilinmiyor,418,pdf,Books/Books for Text_TR-20260529T163910Z-3-001/Books for Text_TR/Propaganda ve İkna/Zihin Kontrolu/Zihin-Kontrolu-Omer Ozkaya.pdf,1425666,f47ddb4b38bac7e110bfa64be173b5e4b1d380d072f88690c10940cb6c59862a,2026-08-14 16:52:43
754,Zihin Kontrolu Silva Metodu Jose Silva,Bilinmiyor,268,pdf,Books/Books for Text_TR-20260529T163910Z-3-001/Books for Text_TR/Propaganda ve İkna/Zihin Kontrolu/Zihin-Kontrolu-Silva-Metodu-Jose-Silva.pdf,7518501,d6e836e6c6841ec0cd6b686430285cc704c7c43d4bdc3682b743b99a17bc91f9,2026-08-14 16:52:43
755,Zihin Kontrolu ve Yonlendirmesi Us,asus,132,docx,Books/Books for Text_TR-20260529T163910Z-3-001/Books for Text_TR/Propaganda ve İkna/Zihin Kontrolu/Zihin-Kontrolu-ve-Yonlendirmesi-Us.docx,383048,11f83b7e727bb1543512aaf49e86692b6cd5d42aee030e4a16ef9617601af7ff,2026-08-14 16:52:43
756,Akıl Okuma Sanatı Henrik Fexeus,Bilinmiyor,301,pdf,Books/Books for Text_TR-20260529T163910Z-3-001/Books for Text_TR/Propaganda ve İkna/Zihin Okuma/Akıl-Okuma-Sanatı-Henrik-Fexeus.pdf,5436345,0496f5ba4edf1e17dc18bcdaf3133aba74c51119d95658d89fec0f9da5a46deb,2026-08-14 16:52:43
757,Zihin Okuma Teknikleri Stan B Walters,Bilinmiyor,214,pdf,Books/Books for Text_TR-20260529T163910Z-3-001/Books for Text_TR/Propaganda ve İkna/Zihin Okuma/Zihin-Okuma-Teknikleri-Stan-B-Walters.pdf,2741849,babec3449f655d34d57fceb584487fb3815746270ff6941dc5c36c26f057f30f,2026-08-14 16:52:43
758,e.xps,Bilinmiyor,14,pdf,Books/Books for Text_TR-20260529T163910Z-3-001/Books for Text_TR/RTE/100 AKP Gerçeği (Anonim) (z-lib.org).pdf,162377,f243d37982367116f6ca1ea8eef386abde4e1ab0655d9c40c5031251b273bd1d,2026-08-14 16:52:43
759,A dan Z ye RECEPLAROUSSE,Bilinmiyor,216,pdf,Books/Books for Text_TR-20260529T163910Z-3-001/Books for Text_TR/RTE/A-dan-Z-ye-RECEPLAROUSSE.pdf,1841271,4d6300b447ca1d708bb44e25e234d730ec099bc0c2cef7914b9ad3dfd86ce0c3,2026-08-14 16:52:43
760,"AKPnin Önlenebilir Karşı Devrimi (Timur, Taner) (z lib.org)",Bilinmiyor,-,epub,"Books/Books for Text_TR-20260529T163910Z-3-001/Books for Text_TR/RTE/AKPnin Önlenebilir Karşı-Devrimi (Timur, Taner) (z-lib.org).epub",626560,a9ec2a0ba7a712a60575fcd14faf5e61327d3b94af152276543cb97367ccb4d2,2026-08-14 16:52:43
761,Big Boss,Mustafa Hoş,267,pdf,Books/Books for Text_TR-20260529T163910Z-3-001/Books for Text_TR/RTE/Big-Boss-Mustafa-Hoş-PDFDrive.pdf,1311882,5d8b6150552a4c6a2516dbdc877ca2d8f36af1fddf04557e0cbf650029d1ec9f,2026-08-14 16:52:43
762,Merdan Yanardağ Bir ABD Projesi Olarak AKP,Bilinmiyor,151,pdf,Books/Books for Text_TR-20260529T163910Z-3-001/Books for Text_TR/RTE/Merdan-Yanardağ-Bir-ABD-Projesi-Olarak-AKP.pdf,1165680,df15308fbc2a8b8dd27ed90ba3ad4efcf1273adcc82360456bb082fdb4e97dda,2026-08-14 16:52:43
763,Darbe Girisiminde FETO izleri,Başbakanlık DİB,157,pdf,Books/Books for Text_TR-20260529T163910Z-3-001/Books for Text_TR/RTE_15 Temmuz/Darbe-Girisiminde-FETO-izleri.pdf,2208072,be01730f7c681e6aed2f0288c80a8a4e28488b9082d9270e6281e43ad306f78a,2026-08-14 16:52:43
764,Diyanet feto kendi dilinden din istismari 2017,Bilinmiyor,140,pdf,Books/Books for Text_TR-20260529T163910Z-3-001/Books for Text_TR/RTE_15 Temmuz/Diyanet_feto_kendi_dilinden_din_istismari_2017.pdf,7278936,fc84af0cca6fd0747a1f60e20e24846e3ff4ba56c4ce51a640aeb59729882b4b,2026-08-14 16:52:43
765,CHP darbe raporu chp 2017,Aykut Erdogdu,402,pdf,Books/Books for Text_TR-20260529T163910Z-3-001/Books for Text_TR/RTE_15 Temmuz/Meclis_15 Temmuz/CHP_darbe_raporu_chp_2017.pdf,3786063,f59959d5a914740a8e105b407d715f4c01c6acef518824262b1c80ae64b9a140,2026-08-14 16:52:43
766,Darbe Komisyonu Raporu Muhalefet Şerhi,deniz gedik,28,pdf,Books/Books for Text_TR-20260529T163910Z-3-001/Books for Text_TR/RTE_15 Temmuz/Meclis_15 Temmuz/HDP - Darbe Komisyonu Raporu Muhalefet Şerhi.pdf,472599,53b15ae59e44482d14aca807b69f12113461e273e3f0a4843defdd20ff7c9b7a,2026-08-14 16:52:43
767,TBMM 15 Temmuz Raporu,Doganay Nafiz ILHAN,653,pdf,Books/Books for Text_TR-20260529T163910Z-3-001/Books for Text_TR/RTE_15 Temmuz/Meclis_15 Temmuz/TBMM 15 Temmuz Raporu.pdf,6311959,f3a3c830b495c9e04b29d948620318dc5d00d207b978200cf2a342ad9985b891,2026-08-14 16:52:43
768,Seta 15 Temmuz iddianameleri,Bilinmiyor,66,pdf,Books/Books for Text_TR-20260529T163910Z-3-001/Books for Text_TR/RTE_15 Temmuz/Seta_15 Temmuz/Seta_15 Temmuz iddianameleri.pdf,1256031,caed438a3e32a37837c128ccb6cbbd8c2a86cd526c2e7771101dad508128243e,2026-08-14 16:52:43
769,Seta 15 temmuz darbe girisiminde medya,Bilinmiyor,24,pdf,Books/Books for Text_TR-20260529T163910Z-3-001/Books for Text_TR/RTE_15 Temmuz/Seta_15 Temmuz/Seta_15-temmuz--darbe-girisiminde-medya-pdf.pdf,1756193,985b32365d39cc5e382df8e96d805afb86038f1c6bf8b3e67d7f4e7722d807d7,2026-08-14 16:52:43
770,Seta 15 temmuz darbe1,Bilinmiyor,82,pdf,Books/Books for Text_TR-20260529T163910Z-3-001/Books for Text_TR/RTE_15 Temmuz/Seta_15 Temmuz/Seta_15-temmuz-darbe1.pdf,5068930,64f805be9ba1ee039274f16abef4fdc9692cadf5b21c2a5f8ed3b46bdc1ee44f,2026-08-14 16:52:43
771,Seta Darbenin Harekat Plani ve Cuntacı Terorle Mucadele,Bilinmiyor,22,pdf,Books/Books for Text_TR-20260529T163910Z-3-001/Books for Text_TR/RTE_15 Temmuz/Seta_15 Temmuz/Seta_Darbenin-Harekat-Plani-ve-Cuntacı-Terorle-Mucadele-PDF.pdf,4147089,74032b44176c72255b713023f4ec102ba980e3c62d86c31dac02c0600b8328ac,2026-08-14 16:52:43
772,Merkez Strateji Enstitüsü,ALİ,28,pdf,Books/Books for Text_TR-20260529T163910Z-3-001/Books for Text_TR/RTE_15 Temmuz/darbeler-dosyasi-feto-darbe-girisiminin-askeri-analizi-f27c9078-1df8-456c-89be-69d8fe8daf74.pdf,1608842,152ab5d3135df0890edf02eb6a945bcc91fc516213658eb829f98c8e3158022a,2026-08-14 16:52:43
773,feto darbe girisimi,Bilinmiyor,102,pdf,Books/Books for Text_TR-20260529T163910Z-3-001/Books for Text_TR/RTE_15 Temmuz/feto_darbe_girisimi.pdf,8337582,718fb5adf61c6d29927a272db6255c728df830f5327865cd36b693e81efa7cf8,2026-08-14 16:52:43
774,˛ˇ,Banu,188,pdf,Books/Books for Text_TR-20260529T163910Z-3-001/Books for Text_TR/Sivil Toplum/Dunya-Avrupa-ve-Turkiye-de-Sivil-Ağlar-Rehberi.pdf,1300179,67e2e4c702ae7665c04b17293f3baf6910013b6ff36df8647a208c3ccd47f532,2026-08-14 16:52:43
775,Kamu Vicdanına Cağrı Sivil itaatsizlik,Bilinmiyor,221,pdf,Books/Books for Text_TR-20260529T163910Z-3-001/Books for Text_TR/Sivil Toplum/Kamu-Vicdanına-Cağrı-Sivil-itaatsizlik.pdf,8693198,9984fa72f9f31661c3c09304de40e1b09e146b86ef6398e9e3a32f6674e19e7e,2026-08-14 16:52:43
776,Sivil Toplum Orgutleri İcin Kampanya Hazırlama Rehberi,Bilinmiyor,204,pdf,Books/Books for Text_TR-20260529T163910Z-3-001/Books for Text_TR/Sivil Toplum/Sivil-Toplum-Orgutleri-İcin-Kampanya-Hazırlama-Rehberi.pdf,5995279,a655797fa0d1475089963fbda769169e12279f946764a9c2c64f2237bd9a159b,2026-08-14 16:52:43
777,İnsan Hakları Jacques Mourgeon,Bilinmiyor,131,pdf,Books/Books for Text_TR-20260529T163910Z-3-001/Books for Text_TR/Sivil Toplum/İnsan-Hakları-Jacques-Mourgeon.pdf,9388029,7daf7aa062f06e0a0c6600722bb4d9e466c516d7b6f829c84fb59b8873802bf2,2026-08-14 16:52:43
778,Farabi İdeal Devlet,Bilinmiyor,124,pdf,Books/Books for Text_TR-20260529T163910Z-3-001/Books for Text_TR/Siyaset/Farabi-İdeal-Devlet-pdf.pdf,493839,c48e144b9b9b8e393e9e89f16fbb2e556f80bca01d8d0fb7441193e8d6aff7ec,2026-08-14 16:52:43
779,Politika Bilimine Giriş,Münci Kapani,248,pdf,Books/Books for Text_TR-20260529T163910Z-3-001/Books for Text_TR/Siyaset/Politika-Bilimine-Giriş.pdf,2140327,b366392072a213c839abfe17b29f9acc06c5d4d5fef20e45299840e356fa4b11,2026-08-14 16:52:43
780,Refah Devletinin Yukselişi ve Duşuşu Asbjorn Wahl,Bilinmiyor,283,pdf,Books/Books for Text_TR-20260529T163910Z-3-001/Books for Text_TR/Siyaset/Refah-Devletinin-Yukselişi-ve-Duşuşu-Asbjorn-Wahl.pdf,2759472,64da87473a996e98dc61a249a4c5ec2b692897f96fdc1e172ecaae4ecef54b25,2026-08-14 16:52:43
781,Siyaset Andrew Heywood,Bilinmiyor,581,pdf,Books/Books for Text_TR-20260529T163910Z-3-001/Books for Text_TR/Siyaset/Siyaset-Andrew-Heywood.pdf,16265086,70d6703f982ada7fe4a6b2c2a5cc510440e9ad39374e93e5d2f335c279111759,2026-08-14 16:52:43
782,Siyaset Bilimi Atilla Yayla,Bilinmiyor,68,pdf,Books/Books for Text_TR-20260529T163910Z-3-001/Books for Text_TR/Siyaset/Siyaset-Bilimi-Atilla-Yayla.pdf,1979653,3720604da17a7b828439caae1f34a801f579e6634059b699328ebc1f85730090,2026-08-14 16:52:43
783,Siyaset_Bilimi_4.basim.indd,gonul,591,pdf,Books/Books for Text_TR-20260529T163910Z-3-001/Books for Text_TR/Siyaset/Siyaset-Bilimi-Gokhan-Atılgan-E-Attila-Aytekin.pdf,12093395,8e7a2105c4b86e288cbd6ca1becc5cfda89ee27a3c950282d7d182ed2623aab3,2026-08-14 16:52:43
784,Siyaset Teorisine Giriş Andrew Heywood,Bilinmiyor,474,pdf,Books/Books for Text_TR-20260529T163910Z-3-001/Books for Text_TR/Siyaset/Siyaset-Teorisine-Giriş-Andrew-Heywood.pdf,8713248,568be2f51a327bdb8e7779b7ea0e6079f4ce8d101e433cf8c48d5eab7056e9b2,2026-08-14 16:52:43
785,Sosyalizm ve İnsan Ruhu,Oscar Wilde,68,pdf,Books/Books for Text_TR-20260529T163910Z-3-001/Books for Text_TR/Siyaset/Sosyalizm-ve-İnsan-Ruhu-Oscar-Wilde.pdf,2114503,77b1dd8e2435d09c00148b5c848c6c7b46eb8c4951a0a52025c226ed58fcd353,2026-08-14 16:52:43
786,Yeni Kapitalizmin Kulturu Richard Sennett,Bilinmiyor,136,pdf,Books/Books for Text_TR-20260529T163910Z-3-001/Books for Text_TR/Siyaset/Yeni-Kapitalizmin-Kulturu-Richard-Sennett.pdf,3779431,57ecf51505195cf924252a6ab8025469fd0e334a2b82c3e959b2ea638bf5e191,2026-08-14 16:52:43
787,33 Stratejide Savas Robert Greene Joost Elffers,Bilinmiyor,770,pdf,Books/Books for Text_TR-20260529T163910Z-3-001/Books for Text_TR/Strateji/33-Stratejide-Savas-Robert-Greene-Joost-Elffers-pdf.pdf,15960261,a805f969a56a38e4803ba62a31883d0bd217df8b1950371c8507ab131a994614,2026-08-14 16:52:43
788,"Aldatma sanatı Güvenliğin insan boyutunun kullanılması (Kevin D. Mitnick, William L. Simon) (z lib.org)",Bilinmiyor,286,pdf,"Books/Books for Text_TR-20260529T163910Z-3-001/Books for Text_TR/Strateji/Aldatma sanatı  Güvenliğin insan boyutunun kullanılması (Kevin D. Mitnick, William L. Simon) (z-lib.org).pdf",7592439,c263167e08a1da53a9775dcd2ee97b12edbdb9680398583e4642672cc27608b6,2026-08-14 16:52:43
789,Asimetrik Savaş,Bilinmiyor,366,pdf,Books/Books for Text_TR-20260529T163910Z-3-001/Books for Text_TR/Strateji/Asimetrik-Savaş.pdf,9562384,fbb728938a92f27ade04737a6c0d0bccb710a342a62f6bac6673dc5782e2fe40,2026-08-14 16:52:43
790,Erol Mutercimler Gelecegi Yonetmek,Bilinmiyor,763,pdf,Books/Books for Text_TR-20260529T163910Z-3-001/Books for Text_TR/Strateji/Erol-Mutercimler-Gelecegi-Yonetmek.pdf,33968035,ef2702c81b6b396643af8a367a0b1046026759741d605c794fa75b57aa8841ed,2026-08-14 16:52:43
791,Hileler Kitabı Rene R. Khawam,Bilinmiyor,405,pdf,Books/Books for Text_TR-20260529T163910Z-3-001/Books for Text_TR/Strateji/Hileler Kitabı-Rene R. Khawam.pdf,2292751,0e2709def3624b5fae097a2524be6b929f71d9390788ad3d569d641c6b686826,2026-08-14 16:52:49
792,Komplo Teorileri,Erol Mütercimler,467,pdf,Books/Books for Text_TR-20260529T163910Z-3-001/Books for Text_TR/Strateji/Komplo-Teorileri-Mutercimler Erol.pdf,1685478,b3c85ebbd749c04914b673ef78c2fda7c351995824e5bc515d1881890172b006,2026-08-14 16:52:49
793,Savaş Ve Askerlik Üzerine,Lev Tolstoy,116,pdf,Books/Books for Text_TR-20260529T163910Z-3-001/Books for Text_TR/Strateji/Lev-Tolstoy-Savas-ve-Askerlik-Uzerine.pdf,1296824,bdd244c9afc484c22f497d7f3816ce1a0116eea6b524d52d4dac6c6bfa1cb851,2026-08-14 16:52:49
794,Prens,Niccolo Machiavelli,143,pdf,Books/Books for Text_TR-20260529T163910Z-3-001/Books for Text_TR/Strateji/Prens-niccolo-machiavelli.pdf,3285800,609aa59d30a18facebc1e279e1fc5ced5da2c2df0b3baa725982380a75bb2981,2026-08-14 16:52:49
795,Savaş Sanatı,Sun Tzu,284,pdf,Books/Books for Text_TR-20260529T163910Z-3-001/Books for Text_TR/Strateji/Savaş Sanatı - Sun Tzu.pdf,1203643,820937896312fe62638a728b7117e424500410db5af7214ac36619a05a65df55,2026-08-14 16:52:49
796,Savaş Hileleri Strategemler 2 Harro Von Senger,Bilinmiyor,546,pdf,Books/Books for Text_TR-20260529T163910Z-3-001/Books for Text_TR/Strateji/Savaş-Hileleri-Strategemler-2-Harro-Von-Senger.pdf,7079589,46d9295b21eb05cee3616afacf9fbb331b7459f6f605f7990f0a0b98ae9c55f2,2026-08-14 16:52:49
797,Savaş Hileleri Strategemler 3,Harro von Senger,362,pdf,Books/Books for Text_TR-20260529T163910Z-3-001/Books for Text_TR/Strateji/Savaş-Hileleri-Strategemler-3-Harro-Von-Senger.pdf,9409505,9ec92e538081005597fd6f6bd9566fd2f6ab3237fb10a9b9245f4e7069e91aef,2026-08-14 16:52:49
798,Savaş Sanatı Sun Tzu Osman Pamukoğlu,Bilinmiyor,208,pdf,Books/Books for Text_TR-20260529T163910Z-3-001/Books for Text_TR/Strateji/Savaş-Sanatı-Sun-Tzu-Osman-Pamukoğlu.pdf,3364909,866277fc19b768df7038a8d9becf38a9e3a08f789796a7901b5321040f381189,2026-08-14 16:52:49
799,Savaş Sanatı Tarihi John Keegan,Bilinmiyor,623,pdf,Books/Books for Text_TR-20260529T163910Z-3-001/Books for Text_TR/Strateji/Savaş-Sanatı-Tarihi-John-Keegan.pdf,11676533,e70b372e418db641bc36c401d0de409878b1b8580f81ab747a7cb80e84102533,2026-08-14 16:52:49
800,Savaş Uzerine Carl Von Clausewitz,btopaloglu,173,pdf,Books/Books for Text_TR-20260529T163910Z-3-001/Books for Text_TR/Strateji/Savaş-Uzerine-Carl-Von-Clausewitz-pdf.pdf,1233760,91ccc5d83fb2371e6cfceed6e5a3dc7ea51f90fc38d6a6949736de017cf78e32,2026-08-14 16:52:49
801,Strateji Lawrence Freedman,Bilinmiyor,1097,pdf,Books/Books for Text_TR-20260529T163910Z-3-001/Books for Text_TR/Strateji/Strateji-Lawrence Freedman.pdf,7242634,ab5db50caf3bfe1a863a0a2afc424b37ecadb5fb194bba5fc85f4b5783d21c7c,2026-08-14 16:52:49
802,Bolşevik Devrimi,zeyno,395,pdf,Books/Books for Text_TR-20260529T163910Z-3-001/Books for Text_TR/Tarih/Bolşevik-Devrimi-1.pdf,2191572,d619dca162230c94cf9a376f4a15aa676f07419a7f0e7b0c3538f13ea4d12738,2026-08-14 16:52:49
803,Fahir Armaoglu 20 Yy siyasi Tarihi,Bilinmiyor,1138,pdf,Books/Books for Text_TR-20260529T163910Z-3-001/Books for Text_TR/Tarih/Fahir-Armaoglu-20-Yy-siyasi-Tarihi.pdf,3639083,15a19a69778a4a19f463cb64dd81e9999d3edd7a04d9c028733fa72e3d215b04,2026-08-14 16:52:49
804,Devleti Aliyye Osmanlı İmparatorluğu Üzerine Araştırmalar 2,Halil İnalcık,367,pdf,Books/Books for Text_TR-20260529T163910Z-3-001/Books for Text_TR/Tarih/Halil İnalcık/Halil-Inalcik-Devlet-i-Aliyye-2.pdf,5249104,feb446dfafe8a3f4c1a513c16d071ed79fc32adabec835fbbc1fd804b83700ea,2026-08-14 16:52:49
805,Halil inalcik Ronesans Avrupasi,Bilinmiyor,420,pdf,Books/Books for Text_TR-20260529T163910Z-3-001/Books for Text_TR/Tarih/Halil İnalcık/Halil-inalcik-Ronesans-Avrupasi.pdf,10277021,2d8de21b2701fc4a596b4353fbe652c746c429a9f9459facc0527994b9389d2e,2026-08-14 16:52:49
806,Halil İnalcık Osmanlı Klasik Cağ 1300,ikc,290,pdf,Books/Books for Text_TR-20260529T163910Z-3-001/Books for Text_TR/Tarih/Halil İnalcık/Halil-İnalcık-Osmanlı-Klasik-Cağ-1300-1600.pdf,19182639,1675feaeb67abc4b409b454c392fe368a9f06e22b08dd4223dd5d38963c5ec76,2026-08-14 16:52:49
807,Halil İnalcık Osmanlı Tarihinde Efsaneler Ve Gercekler,Bilinmiyor,199,pdf,Books/Books for Text_TR-20260529T163910Z-3-001/Books for Text_TR/Tarih/Halil İnalcık/Halil-İnalcık-Osmanlı-Tarihinde-Efsaneler-Ve-Gercekler.pdf,13435423,f2fc54205c913fdd6939893695ba16e849bb9fab9dd6c49abcc4f9cafb81ef10,2026-08-14 16:52:49
808,Halil İnalcık Turkluk Muslumanlık ve Osmanlı Mirası,Bilinmiyor,341,pdf,Books/Books for Text_TR-20260529T163910Z-3-001/Books for Text_TR/Tarih/Halil İnalcık/Halil-İnalcık-Turkluk-Muslumanlık-ve-Osmanlı-Mirası.pdf,2813960,bf06d2881d4b4f4e30507c96e89cead79262a6a1287583c6f16978494e651d1d,2026-08-14 16:52:49
809,Batı'da Devrimler ve Devrimci Gelenek: 1560-1991,David Parker (der.),286,pdf,Books/Books for Text_TR-20260529T163910Z-3-001/Books for Text_TR/Tarih/Karşılaştırmalı-Devrimler-Tarihi.pdf,7261282,aa77de2382d5acc187854cafc9deeceaf952230155d25333647a5eb6a1c90bea,2026-08-14 16:52:49
810,Günlükler,Kazım Karabekir,1417,pdf,Books/Books for Text_TR-20260529T163910Z-3-001/Books for Text_TR/Tarih/Kazım-Karabekir-Gunlukler.pdf,10045116,eaecd22f8f821563fe265d696ebbc7d81ac431646d09877e74b514ff7330fe11,2026-08-14 16:52:49
811,Kazım Karabekir İttihat ve Terakki Cemiyeti,Bilinmiyor,349,pdf,Books/Books for Text_TR-20260529T163910Z-3-001/Books for Text_TR/Tarih/Kazım-Karabekir-İttihat-ve-Terakki-Cemiyeti-pdf.pdf,12601811,6df9cc8c9cd2f3218bd5b86426d74066770341fb77b757bdc3a511eef023f4e4,2026-08-14 16:52:49
812,Modern Dünya Tarihi William Woodruff,Bilinmiyor,530,pdf,Books/Books for Text_TR-20260529T163910Z-3-001/Books for Text_TR/Tarih/Modern Dünya Tarihi-William Woodruff.pdf,7971850,ac6701b4985989d1372774585cf4a0bfa06fe7b87b9bc048887add856c5fa196,2026-08-14 16:52:49
813,Türk Siyasi Tarihi,Kemal H. Karpat,357,pdf,Books/Books for Text_TR-20260529T163910Z-3-001/Books for Text_TR/Tarih/Turk-Siyasi-Tarihi-Kemal-H-Karpat.pdf,2503256,cdfa72844ff95901a1db824bef387e421acb5d3a620c0a5aabca26e257e7aba7,2026-08-14 16:52:49
814,Yavuz Bulent Bakiler Turkistan Turkistan,Bilinmiyor,309,pdf,Books/Books for Text_TR-20260529T163910Z-3-001/Books for Text_TR/Tarih/Yavuz-Bulent-Bakiler-Turkistan-Turkistan.pdf,8653558,40294320106dbfa6343a499b52a1cc2c0941bafa92f3166656cb98fba273a21f,2026-08-14 16:52:49
815,îttihad ve Terakki Cemiyeti ve Jön Türkler,Bilinmiyor,678,pdf,Books/Books for Text_TR-20260529T163910Z-3-001/Books for Text_TR/Tarih/îttihad ve Terakki Cemiyeti ve Jön Türkler.pdf,73219843,9267d63207cbd2d5b7458b27e95715da3cbad37a31d6bdcab62709d66b7cc8d3,2026-08-14 16:52:49
816,Türkiye'nin Yakın Tarihi,İlber Ortaylı,165,pdf,Books/Books for Text_TR-20260529T163910Z-3-001/Books for Text_TR/Tarih/İlber-Ortaylı-Turkiye-nin-Yakın-Tarihi.pdf,730511,14d65a97dca196137fdcfb0d3851635edfcb08cbb82a3bfb4a8a7633954a83a2,2026-08-14 16:52:49
817,Microsoft Word - ABD Anayasasi,YurdakulAX,93,pdf,Books/Books for Text_TR-20260529T163910Z-3-001/Books for Text_TR/Us/Abd-Anayasasi.pdf,2584709,601df5481679c0d0c141463c8f944c2fce3d9074fd6f505bd47962240cf364df,2026-08-14 16:52:49
818,Amerika da Demokrasi Alexis de Tocqueville,Bilinmiyor,785,pdf,Books/Books for Text_TR-20260529T163910Z-3-001/Books for Text_TR/Us/Amerika-da-Demokrasi-Alexis-de-Tocqueville.pdf,6164349,a2834b28882e3071b0f284082f8b61d7f8de0fba4e5326dfceced869a857b29c,2026-08-14 16:52:49
819,Amerikan Anayasası Ne Kadar Demokratik Robert A Dahl,Bilinmiyor,169,pdf,Books/Books for Text_TR-20260529T163910Z-3-001/Books for Text_TR/Us/Amerikan-Anayasası-Ne-Kadar-Demokratik-Robert-A-Dahl.pdf,2402398,3dcddd4d4be28ab15d192c76d26e9b796bfb55a57f049705d918de7001b7fdc7,2026-08-14 16:52:49
820,Amerikan Gizli Hukumeti Antony C Sutton,Bilinmiyor,357,pdf,Books/Books for Text_TR-20260529T163910Z-3-001/Books for Text_TR/Us/Amerikan-Gizli-Hukumeti-Antony-C-Sutton.pdf,11783642,fe9726b979aca5f6e9de1b5619a913f5ec93d920f2aa013a24c032b7b3c67a41,2026-08-14 16:52:49
821,GARAUDY Amerikan Efsanesi,Bilinmiyor,96,pdf,Books/Books for Text_TR-20260529T163910Z-3-001/Books for Text_TR/Us/GARAUDY-Amerikan-Efsanesi.pdf,1577608,a68eea6c3fa02229cf350cac659cad0cafe6b21fe311e41d4d9e26d1973ec9db,2026-08-14 16:52:49
822,Haydut Devlet William Blum,Bilinmiyor,350,pdf,Books/Books for Text_TR-20260529T163910Z-3-001/Books for Text_TR/Us/Haydut-Devlet-William-Blum.pdf,16543524,a1447ea3851cb750fb373ece6bf1d0d215117a8a8cf6b624e1ed55b8f891a8dd,2026-08-14 16:52:49
823,Maxime Lefebvre Amerikan Dış Politikası,Bilinmiyor,133,pdf,Books/Books for Text_TR-20260529T163910Z-3-001/Books for Text_TR/Us/Maxime-Lefebvre-Amerikan-Dış-Politikası.pdf,1687603,a623915f478a9ea9f7e6eaffa5bb765d35322580cbbeae4128671306bda4e699,2026-08-14 16:52:49
824,Yeni Emperyalizm David Harvey,Bilinmiyor,193,pdf,Books/Books for Text_TR-20260529T163910Z-3-001/Books for Text_TR/Us/Yeni-Emperyalizm-David-Harvey.pdf,2249272,2a0486faa211c5afb77d436c4658f796cfce1b33173b36454504da22376aa13b,2026-08-14 16:52:49
825,imparatorluktan Sonra,Bilinmiyor,184,pdf,Books/Books for Text_TR-20260529T163910Z-3-001/Books for Text_TR/Us/imparatorluktan-Sonra.pdf,6437266,16a80a1c58a650ee9ed22f6bfe06278d0d4a5021a50075d94f86b9691c98203d,2026-08-14 16:52:49
826,İdeolojinin Sonu Danıel Bell,Bilinmiyor,533,pdf,Books/Books for Text_TR-20260529T163910Z-3-001/Books for Text_TR/Us/İdeolojinin-Sonu-Danıel-Bell.pdf,3768210,8993612c526f86176ee7d4189497f122c3da0e5f5438673a3e2a1e496cc6913c,2026-08-14 16:52:49
827,21. Yüzyılda Din Sorunu,Georges Corm,248,pdf,Books/Books for Text_TR-20260529T163910Z-3-001/Books for Text_TR/World Politics/21-Yuzyılda-Din-Jeopolitik-Ve-Postmodernitenin-Krizi-İletişim-Yayınları-2008.pdf,4609714,5e359445236da0ccc7606bec82d41877a40869896c168ac6fc6de59848968cd9,2026-08-14 16:52:49
828,Buyuk Cokuş Zbigniew Brzezinski,Bilinmiyor,320,pdf,Books/Books for Text_TR-20260529T163910Z-3-001/Books for Text_TR/World Politics/Buyuk-Cokuş-Zbigniew-Brzezinski.pdf,8209531,782e488198ae0c10a13aefb67d194c78f3cf8a204f463917581a80f66d76d59a,2026-08-14 16:52:49
829,Fatih Oktay Cin Ve Dunyanın Geleceği Yeni Buyuk Guc Ve Ticaret,Bilinmiyor,294,pdf,Books/Books for Text_TR-20260529T163910Z-3-001/Books for Text_TR/World Politics/Fatih-Oktay-Cin-Ve-Dunyanın-Geleceği-Yeni-Buyuk-Guc-Ve-Ticaret.pdf,3405385,35f12cc6bd95c8a7365398e975485dbb70dec3f4d0a6856666c12a056f9a4e8e,2026-08-14 16:52:49
830,Fatih Oktay Cin Yeni Buyuk Guc,Bilinmiyor,715,pdf,Books/Books for Text_TR-20260529T163910Z-3-001/Books for Text_TR/World Politics/Fatih-Oktay-Cin-Yeni-Buyuk-Guc.pdf,10776559,6ba90731c21eda72f84f7dcbe84297fbe12075ec954b276f09640b3de1f8f48c,2026-08-14 16:52:49
831,Henry Kissinger Dunya Duzeni,Bilinmiyor,442,pdf,Books/Books for Text_TR-20260529T163910Z-3-001/Books for Text_TR/World Politics/Henry-Kissinger-Dunya-Duzeni.pdf,3994319,9c16805deda76169fcb70b8c191e232506126f6bb817393b636f20d2494b10da,2026-08-14 16:52:49
832,Henry Kissinger Kriz,Bilinmiyor,504,pdf,Books/Books for Text_TR-20260529T163910Z-3-001/Books for Text_TR/World Politics/Henry-Kissinger-Kriz-.pdf,3276343,160cb26c0a13fddbf617778bb02ca803382b54c5bfdc2281ad4acf811015093e,2026-08-14 16:52:49
833,Siyasal İslamın İflası Olivier Roy,Bilinmiyor,269,pdf,Books/Books for Text_TR-20260529T163910Z-3-001/Books for Text_TR/World Politics/Siyasal-İslamın-İflası-Olivier Roy.pdf,2176902,53a5c282ed38a7d971b3afab55d6cc43e66e0c21dbb2cb13789ee308806b669a,2026-08-14 16:52:49
834,Ulusların Düşüşü,"Daron Acemoğlu, James Robinson",364,pdf,Books/Books for Text_TR-20260529T163910Z-3-001/Books for Text_TR/World Politics/Uluslarin-Dususu-James-A.-Robinson-Daron-Acemoglu.pdf,6840625,5364d845d8f44af65dc16b2e42c82a6d691bd1d6b6224861831537d84a803752,2026-08-14 16:52:49
835,Atilla Akar Suikastlar Cumhuriyeti,Bilinmiyor,365,pdf,Books/Books for Text_TR-20260529T163910Z-3-001/Books for Text_TR/Yazarlar-Tr/Atilla Akar-Suikastlar Cumhuriyeti.pdf,6359697,5f748096a53da7866188f665167a1050fd9b34a7474028e60d59dc3ad9d93765,2026-08-14 16:52:49
836,ARMAGEDON,Moriss,71,pdf,Books/Books for Text_TR-20260529T163910Z-3-001/Books for Text_TR/Yazarlar-Tr/Aydoğan Vatandaş-Türkiye-İsrail Gizli Savaşı-Armagedon.pdf,544216,10e40a99dc1d65b2d10b7216b1025404b1df4303c54d96b1149eb76c9cdc76d7,2026-08-14 16:52:49
837,Zemberek,Banu Avar,167,pdf,Books/Books for Text_TR-20260529T163910Z-3-001/Books for Text_TR/Yazarlar-Tr/Banu-Avar-Zemberek.pdf,8734754,0617028501fb83c60324151d901c10b47b8655c01ec655fb12a9c22c12606b7f,2026-08-14 16:52:49
838,Cevheri Guven Bal Tuzagi,Bilinmiyor,282,pdf,Books/Books for Text_TR-20260529T163910Z-3-001/Books for Text_TR/Yazarlar-Tr/Cevheri-Guven-Bal-Tuzagi-2013.pdf,3253551,d3f2f9bbaac56624081f873674d7c15238fe683cab33867225f4a03b65577a68,2026-08-14 16:52:49
839,Cuneyt Arcayurek Buyuklere Masallar Sessiz Darbe,Bilinmiyor,485,pdf,Books/Books for Text_TR-20260529T163910Z-3-001/Books for Text_TR/Yazarlar-Tr/Cuneyt-Arcayurek-Buyuklere-Masallar-Sessiz-Darbe.pdf,3742273,4225711101b713a354aef439c026f0074d324bbe2034c0a05db9569a58cdcad8,2026-08-14 16:52:49
840,Emre Kongar ABD nin Siyasal İslam`la Dansı,Bilinmiyor,226,pdf,Books/Books for Text_TR-20260529T163910Z-3-001/Books for Text_TR/Yazarlar-Tr/Emre Kongar-ABD-nin-Siyasal-İslam`la-Dansı.pdf,3353322,cc7a818f637aa09382ee0ba22cc55b2ab183765c03150daefc59fdc1fc45d91e,2026-08-14 16:52:49
841,"Cemaatin İflası (Hanefi Avcı [Avcı, Hanefi]) (z lib.org)",Bilinmiyor,-,epub,"Books/Books for Text_TR-20260529T163910Z-3-001/Books for Text_TR/Yazarlar-Tr/Hanefi Avcı/Cemaatin İflası (Hanefi Avcı [Avcı, Hanefi]) (z-lib.org).epub",276917,a428cf099df9cb1c13af8c7ee9337df9143e3d234705ba427feaec4916a07a93,2026-08-14 16:52:49
842,"Haliçte Yaşayan Simonlar (Hanefi Avcı [Avcı, Hanefi]) (z lib.org)",Bilinmiyor,-,epub,"Books/Books for Text_TR-20260529T163910Z-3-001/Books for Text_TR/Yazarlar-Tr/Hanefi Avcı/Haliçte Yaşayan Simonlar (Hanefi Avcı [Avcı, Hanefi]) (z-lib.org).epub",585185,b77f0dc141e794bbf1544d36dcbf56e06d82ff8a64be471f7eca7be9c133f34e,2026-08-14 16:52:49
843,Yaklaşan Kasırga,Levent Gültekin,257,pdf,Books/Books for Text_TR-20260529T163910Z-3-001/Books for Text_TR/Yazarlar-Tr/Levent Gultekin-Yaklaşan-Kasırga.pdf,11122233,fe4350b7736f20460f6120be8e0359a903e23af029188348ff69b22978ddce11,2026-08-14 16:52:49
844,Microsoft Word - 2.BASKI DÜZENLİ -HOCANIN DÜZELTMELERİ GİRİLMİŞ - TEMİZ- 29.09.2020,Bozkurt,143,pdf,Books/Books for Text_TR-20260529T163910Z-3-001/Books for Text_TR/Yazarlar-Tr/Umit Ozdag-Stratejik Goc.pdf,5222657,a1ba825ee56a34bc1db9142e48694030ba945929067765660cc880bced10a256,2026-08-14 16:52:49
845,Sakıncalı Piyade,NASA,65,pdf,Books/Books for Text_TR-20260529T163910Z-3-001/Books for Text_TR/Yazarlar-Tr/Uğur Mumcu/Ugur-Mumcu-Sakincali-Piyade.pdf,1163883,83f978d79391781a676388bc6e5e0eda7210afe6d67e64fc8f83407848d8fa86,2026-08-14 16:52:49
846,"Uğur Mumcu _ Tarikat, Siyaset, Ticaret",Yasar Mutlu,84,pdf,Books/Books for Text_TR-20260529T163910Z-3-001/Books for Text_TR/Yazarlar-Tr/Uğur Mumcu/Ugur-Mumcu-Tarikat-Siyaset-Ticaret-pdf.pdf,644402,790e5f3467e0efcd0de781d0d9555190482b36c89a0e09a57c7b9e8e73377fb6,2026-08-14 16:52:49
847,Microsoft Word - Uğur Mumcu - Dersim.enginel..doc,Administrator,42,pdf,Books/Books for Text_TR-20260529T163910Z-3-001/Books for Text_TR/Yazarlar-Tr/Uğur Mumcu/Uğur-Mumcu-Dersim.pdf,462135,2ce7ec70669ef8dcc31848478b536b7b5c42b4c35d00997794d2ce25d4d1801d,2026-08-14 16:52:49
848,Uğur Mumcu _ Kürt İslâm Ayaklanması,Yasar Mutlu,126,pdf,Books/Books for Text_TR-20260529T163910Z-3-001/Books for Text_TR/Yazarlar-Tr/Uğur Mumcu/Uğur-Mumcu-Kürt-İslam Ayaklanmasi (1919-1925) (Ugur Mumcu).pdf,820884,809e47badcb26663e3313dd0737d73b70d5c70227d21d10f42895feb61df1dd7,2026-08-14 16:52:49
849,Graham E Fuller Yeni Turkiye Cumhuriyeti,Bilinmiyor,339,pdf,Books/Books for Text_TR-20260529T163910Z-3-001/Books for Text_TR/Yazarlar-Ybnc/G.Fuller/Graham-E-Fuller-Yeni-Turkiye-Cumhuriyeti.pdf,8181586,c8b0b9e59598b41f24a8a71ca8c8f5aac0e6956d4e3cd10e2f8095e0d130d8b9,2026-08-14 16:52:49
850,Diplomasi (Henry Kissinger),Peter Han,939,pdf,Books/Books for Text_TR-20260529T163910Z-3-001/Books for Text_TR/Yazarlar-Ybnc/Henry Kissinger/Diplomasi (Henry Kissinger).pdf,7595094,3d8b48991f6bc459040bbeb8c27fdcba66d99bd173f6d8eba561dff8f68f008a,2026-08-14 16:52:49
851,Dünya Düzeni (Henry Kissinger),Bilinmiyor,442,pdf,Books/Books for Text_TR-20260529T163910Z-3-001/Books for Text_TR/Yazarlar-Ybnc/Henry Kissinger/Dünya Düzeni (Henry Kissinger).pdf,3734921,dc7b34669ba6e341204af28a4e1d23294325384a344d30babadb8e395f4adb28,2026-08-14 16:52:49
852,Kriz İki Büyük Dış Politika Krizinin Anatomisi (Henry Kissinger),Bilinmiyor,504,pdf,Books/Books for Text_TR-20260529T163910Z-3-001/Books for Text_TR/Yazarlar-Ybnc/Henry Kissinger/Kriz İki Büyük Dış Politika Krizinin Anatomisi (Henry Kissinger).pdf,3495171,f8a5891858b7c6ca0dd6c22765c397a4d12ccb91795dfffbd5c86f6dbcf71270,2026-08-14 16:52:49
853,Peter F Drucker Yeni Gercekler,Bilinmiyor,277,pdf,Books/Books for Text_TR-20260529T163910Z-3-001/Books for Text_TR/Yazarlar-Ybnc/Peter-F-Drucker-Yeni-Gercekler.pdf,6053452,539f858c97bfa05aa6b6d68eef62ced661998579dabcba1dc3c88dd6b1043364,2026-08-14 16:52:49
854,Amerika ve Dunya Zbigniew Brzezinski,Bilinmiyor,322,pdf,Books/Books for Text_TR-20260529T163910Z-3-001/Books for Text_TR/Yazarlar-Ybnc/Zbigniew-Brzezinski/Amerika-ve-Dunya-Zbigniew-Brzezinski.pdf,7548147,dc538814d47a3fa2775fccbc453dcace4bd5aa41a75ce5b9cfc7ab3840786aec,2026-08-14 16:52:49
855,Buyuk Satranc Tahtası Zbigniew Brzezinski,Bilinmiyor,286,pdf,Books/Books for Text_TR-20260529T163910Z-3-001/Books for Text_TR/Yazarlar-Ybnc/Zbigniew-Brzezinski/Buyuk-Satranc-Tahtası-Zbigniew-Brzezinski.pdf,7099216,6ebd00ad90dd32c5c8a0e4071c2f97adc3ce3e20a6d120bbe6b338bcfb7005ba,2026-08-14 16:52:49
856,Gizli Dunya Devleti ve Siyonizm,Salih,20,pdf,Books/Books for Text_TR-20260529T163910Z-3-001/Books for Text_TR/Yhd/Gizli Dunya Devleti ve Siyonizm.pdf,261417,708892db4ace0a4e46200f6a8650087bd5b1a88b05cacc86bbb17f605159e03c,2026-08-14 16:52:49
857,Kabala Yahudi Kadim Mistik Oğretisi A Ekrem Ulku,Bilinmiyor,-,epub,Books/Books for Text_TR-20260529T163910Z-3-001/Books for Text_TR/Yhd/Kabala-Yahudi-Kadim-Mistik-Oğretisi-A-Ekrem-Ulku.epub,1308729,fa7b29e7d0846bdfca1b40530609ee807dd63307eb8c40ec9e03c5e4364c909a,2026-08-14 16:52:49
858,KRÜPTO YAPUDÜLER.-Q,Bilinmiyor,716,pdf,Books/Books for Text_TR-20260529T163910Z-3-001/Books for Text_TR/Yhd/Kripto-Yahudiler-ahmet-akgul.pdf,6303120,f417f3ea9c36ee7e95b5ffd9ae6254342637f3fb025dd926eaefd6860a375ed7,2026-08-14 16:52:49
859,Kısa Yahudi Tarihi,Michael Brenner & Sevinç Altınçekiç (çev.),352,pdf,Books/Books for Text_TR-20260529T163910Z-3-001/Books for Text_TR/Yhd/Kısa-Yahudi-Tarihi-Michael-Brenner.pdf,15658482,4e51217a8d98d9ffe9e07bee81de2dcbc6ae45843e39850c0dddeae4325a3455,2026-08-14 16:52:49
860,Musa Ve Yahudilik Hayrullah Ors,Bilinmiyor,470,pdf,Books/Books for Text_TR-20260529T163910Z-3-001/Books for Text_TR/Yhd/Musa-Ve-Yahudilik-Hayrullah-Ors.pdf,11963730,099b820032ee00689f2bd3a7bcbfe6f201784d27055282e5681400c4505cd427,2026-08-14 16:52:49
861,Mustafa Güldağı Derin İsrail,Bilinmiyor,292,pdf,Books/Books for Text_TR-20260529T163910Z-3-001/Books for Text_TR/Yhd/Mustafa Güldağı-Derin İsrail.pdf,41231802,6b5ab7d1190f1f3907b03c0c290a7b6e75f77b0ddeb4d6adbbfad0860b7fef90,2026-08-14 16:52:49
862,Rotschild para mparatorluu derin yahudi devleti,Bilinmiyor,163,pdf,Books/Books for Text_TR-20260529T163910Z-3-001/Books for Text_TR/Yhd/Rotschild-para-mparatorluu-derin-yahudi-devleti-pdf.pdf,4403665,c0f3d1a402c31bebddd420dae8906b0c61dc7bb34ad56ae39a8d23c6e960aa32,2026-08-14 16:52:49
863,Microsoft Word - 14x22 Ek Sayfa.docx,DELL,304,pdf,Books/Books for Text_TR-20260529T163910Z-3-001/Books for Text_TR/Yhd/Sbty ve Yhd/Donmeler-pdf.pdf,1648254,986f993e10574428798a753d1569450fc68e12c76eaa97f36c6cc5ddca79057c,2026-08-14 16:52:49
864,Prof. Abraham Galante - Sabetay Sevi ve Sabetaycıların Gelenekleri,Mandos,143,pdf,Books/Books for Text_TR-20260529T163910Z-3-001/Books for Text_TR/Yhd/Sbty ve Yhd/Sabetay-Sevi-Ve-Sabetaycıların-Gelenekleri-Abraham-Galante.pdf,2171165,e65668c475b3bc97d5dc35d60b3fe9749ece6abe10f278244af173dd6a852993,2026-08-14 16:52:49
865,Sahte Mesih Erhan Afyoncu,Bilinmiyor,242,pdf,Books/Books for Text_TR-20260529T163910Z-3-001/Books for Text_TR/Yhd/Sbty ve Yhd/Sahte-Mesih-Erhan-Afyoncu.pdf,6042653,af8c5fb9499ef8b6c342c4bf092aefc55923b8e901866418ab856b8f676bea7f,2026-08-14 16:52:49
866,Türkiye'de Dönme Yahudi Gerçeği,Hüda Derviş & Mustafa Özcan (çev.),175,pdf,Books/Books for Text_TR-20260529T163910Z-3-001/Books for Text_TR/Yhd/Sbty ve Yhd/Turkiyede-Donme-Yahudi-Gercegi-Huda-Dervis-Chev.pdf,1954884,21534ba9d30678680561a5259cedee849d7b70fce8e5c857af0614d4854268f2,2026-08-14 16:52:49
867,Turkler ve Yahudiler a.Galanti int,Bilinmiyor,193,pdf,Books/Books for Text_TR-20260529T163910Z-3-001/Books for Text_TR/Yhd/Sbty ve Yhd/Turkler ve Yahudiler-a.Galanti-int.pdf,8322276,b3800d3307cb50fa8e2d8f00dff476e7d2771617074d4fdf7fc82608d3646cd8,2026-08-14 16:52:49
868,Yahudilik Ve Masonluk Tr,Bilinmiyor,82,pdf,Books/Books for Text_TR-20260529T163910Z-3-001/Books for Text_TR/Yhd/Sbty ve Yhd/Yahudilik-Ve-Masonluk-Tr.pdf,537950,320232790bf807f39ec5f274a8d5484907bb0247cc4af00c1f2a7d4523b7604a,2026-08-14 16:52:49
869,Yakın Tarihimizde Donmelik Ve Donmeler M Ertuǧrul Duzdaǧ,Bilinmiyor,382,pdf,Books/Books for Text_TR-20260529T163910Z-3-001/Books for Text_TR/Yhd/Sbty ve Yhd/Yakın-Tarihimizde-Donmelik-Ve-Donmeler-M-Ertuǧrul-Duzdaǧ.pdf,1463322,42d2749c4e25d584015f455d8a19aa4fb7ac61d86b6a3f8826d07defb70474f2,2026-08-14 16:52:49
870,Yeni Dini Hareketler Kapsaminda Siyonizm,Bilinmiyor,23,pdf,Books/Books for Text_TR-20260529T163910Z-3-001/Books for Text_TR/Yhd/Sbty ve Yhd/Yeni_Dini_Hareketler_Kapsaminda_Siyonizm.pdf,382781,6def837c347bc65a83bae33122d04b94419b93de165272f67aad34f871f4ef6c,2026-08-14 16:52:49
871,Din Devleti İsrail,R. Abdullah Şami & Mehmet Ali Kara (çev.),333,pdf,Books/Books for Text_TR-20260529T163910Z-3-001/Books for Text_TR/Yhd/Sion/Reşad-Abdullah-Din-Devleti-İsr.pdf,3626969,4b426b1ad1f51cd47268b156ef1680413cd043f89f2c0609c898d9a3a67b6c70,2026-08-14 16:52:49
872,Siyonizm Dosyası,Roger Garaudy,204,pdf,Books/Books for Text_TR-20260529T163910Z-3-001/Books for Text_TR/Yhd/Sion/Roger-Garaudy-Siyonizm-Dosyası.pdf,8292628,f6b8bd235aa65350636484c06c46fff94f3ce2f46f249dc08ad97bf7c2d22be0,2026-08-14 16:52:49
873,Siyonizmin Gizli Tarihi (Ralph Schoenman) (z lib.org),Bilinmiyor,137,pdf,Books/Books for Text_TR-20260529T163910Z-3-001/Books for Text_TR/Yhd/Sion/Siyonizmin Gizli Tarihi (Ralph Schoenman) (z-lib.org).pdf,4859938,4a7d6490ede87d9d1226904c6003324d79395e61a9fe1e96c03d0a8330e6669f,2026-08-14 16:52:49
874,Siyonizmin Sekuler Ve Dini Temelleri,Bilinmiyor,8,pdf,Books/Books for Text_TR-20260529T163910Z-3-001/Books for Text_TR/Yhd/Sion/Siyonizmin-Sekuler-Ve-Dini-Temelleri.pdf,371912,d033140da57878f2f7f5ea1d096b9e4a7e6bc9438913cae9d07881e6d77b88a6,2026-08-14 16:52:49
875,Tanrıyı Kıyamete Zorlamak,hll,158,pdf,Books/Books for Text_TR-20260529T163910Z-3-001/Books for Text_TR/Yhd/Tanrıyı-Kıyamete-Zorlamak-Armageddon-Hristiyan-Kıyametciliği-ve-İsrail-Grace-Hallsell-pdf.pdf,5251256,2dad5f4e2aaf7d12c76ad3c8df211c4b5c4d8413968682999626ad571745969f,2026-08-14 16:52:49
876,Yahudi Dönmeler ve Mumsöndü Ayinleri (Süleyman Yeşilyurt) (z lib.org),Bilinmiyor,296,pdf,Books/Books for Text_TR-20260529T163910Z-3-001/Books for Text_TR/Yhd/Yahudi Dönmeler ve Mumsöndü Ayinleri (Süleyman Yeşilyurt) (z-lib.org).pdf,6992059,b0f5fe13c79eaabb7ecbc1234643105a66624df75ad19ba7b63382b7973113e5,2026-08-14 16:52:49
877,Yahudi Tarihi ve Siyonist Liderlerin Protokolleri,Will Durant & Roger Lambelin,188,pdf,"Books/Books for Text_TR-20260529T163910Z-3-001/Books for Text_TR/Yhd/Yahudi Tarihi ve Siyonist Liderlerin Protokolleri (Will Durant, Roger Lambelin) (z-lib.org) (1).pdf",2096936,1e629a51aef2171f92803f61e9f93a4ac726e1d396b93e027f7a4acb0efed024,2026-08-14 16:52:49
878,Yahudi Devleti,Bilinmiyor,88,pdf,Books/Books for Text_TR-20260529T163910Z-3-001/Books for Text_TR/Yhd/Yahudi-Devleti.pdf,758934,ea346cb16cf70d5730afe77f254d6d7b0ae59b4b30250fbe3d1b9f1c33f7acbf,2026-08-14 16:52:49
879,Yahudi Halkı Nasıl İcad Edildi,Şlamo Sand,395,pdf,Books/Books for Text_TR-20260529T163910Z-3-001/Books for Text_TR/Yhd/Yahudi-Halkı-Nasıl-İcat-Edildi-Şlamo-Sand.pdf,5287784,48e739baaa1dbae0d65346e1643a07b11e633f34b3f10490ff9b0ed070285111,2026-08-14 16:52:49
880,Yahudi Halkının Ekonomik Tarihi (Jacgues Attali) (z lib.org),"Yahudiler, Dünya ve Para",-,epub,"Books/Books for Text_TR-20260529T163910Z-3-001/Books for Text_TR/Yhd/Yahudiler, Dünya ve Para - Yahudi Halkının Ekonomik Tarihi (Jacgues Attali) (z-lib.org).epub",960374,460ab6843e1fc89ce918131345b44de72868131ec231c47963a5a9dd2977ed7f,2026-08-14 16:52:49
881,Yahudiler Ve Modern Kapitalizm Werner Sombart,Bilinmiyor,341,pdf,Books/Books for Text_TR-20260529T163910Z-3-001/Books for Text_TR/Yhd/Yahudiler-Ve-Modern-Kapitalizm-Werner-Sombart.pdf,4585673,20ce59ae639b51f5a1e03b08ff03b08b2032b1b063ddd261fadab29222c69d20,2026-08-14 16:52:49
882,Yahudilik Tarihi (Ömer Erdoğan) (z lib.org),Bilinmiyor,268,pdf,Books/Books for Text_TR-20260529T163910Z-3-001/Books for Text_TR/Yhd/Yahudilik Tarihi (Ömer Erdoğan) (z-lib.org).pdf,3535512,81114dbbbdc1a89d8ebc875c6da07ebe47aa94faf83a501b7475cbf7b52b9ab2,2026-08-14 16:52:49
883,Yahudilik Fuat Aydın,Bilinmiyor,202,pdf,Books/Books for Text_TR-20260529T163910Z-3-001/Books for Text_TR/Yhd/Yahudilik-Fuat Aydın.pdf,83583900,fefe26ca7ac96d3441eeb97ce962ac753a9542a9d9caf32d764127d7a5893297,2026-08-14 16:52:49
884,Yahudiliğin Kokenleri ve Kuresel Gucu,Bilinmiyor,345,pdf,Books/Books for Text_TR-20260529T163910Z-3-001/Books for Text_TR/Yhd/Yahudiliğin-Kokenleri-ve-Kuresel-Gucu-pdf.pdf,9039482,d89fa9126ed4373f8340c194fc87a09eb6ba33532198d91b35556c7ec0cf9fdf,2026-08-14 16:52:49
885,islam Dunyasinda Yahudiler Bernard Lewis Bahadir Sina Shener 2005 276s,Bilinmiyor,276,pdf,Books/Books for Text_TR-20260529T163910Z-3-001/Books for Text_TR/Yhd/islam-Dunyasinda-Yahudiler-Bernard-Lewis-Bahadir-Sina-Shener-2005-276s.pdf,8175946,d85555cde4baabb34710609abe6d67d81bfa7074ce1c569d8397b5af5a19f750,2026-08-14 16:52:49
886,Adalet Yapilmasi Gereken Dogru Sey Nedir,Bilinmiyor,371,pdf,Books/Books for Text_TR-20260529T163910Z-3-001/Books for Text_TR/Zulum ve Adalet/Adalet-Yapilmasi-Gereken-Dogru-Sey-Nedir.pdf,7454147,418cd1eac7cb25dcc0fc10234e75e10dc60caf35c88a4520b2fe4159e9eec6b4,2026-08-14 16:52:49
887,Anarşizmin Tarihi,Peter Marshall,489,pdf,Books/Books for Text_TR-20260529T163910Z-3-001/Books for Text_TR/Zulum ve Adalet/Anarsizmin-Tarihi-imkansizi-istemek-peter-marshall.pdf,25637572,8ddc812502a4a2f3fe1621236fc488c4ff2357e5e112e281b9ac64f230b47e05,2026-08-14 16:52:49
888,Başkaldıran İnsan Albert Camus,Bilinmiyor,281,pdf,Books/Books for Text_TR-20260529T163910Z-3-001/Books for Text_TR/Zulum ve Adalet/Başkaldıran-İnsan-Albert-Camus.pdf,5544717,06479b404ac55d698d8918bf7c576bb09c82adb93b975da3673938b2c631607f,2026-08-14 16:52:49
889,Biri Totalitarizm Mi Dedi Slavoj Zizek,Klimanjero,240,pdf,Books/Books for Text_TR-20260529T163910Z-3-001/Books for Text_TR/Zulum ve Adalet/Biri-Totalitarizm-Mi-Dedi-Slavoj-Zizek.pdf,2580499,c357880ca0aa7b217d0efc8f04c49a9dc3f0e7f82bc89ddc8e640503c86f623e,2026-08-14 16:52:49
890,Çürümenin Kitabı,Emil Michel Cioran,236,pdf,Books/Books for Text_TR-20260529T163910Z-3-001/Books for Text_TR/Zulum ve Adalet/Curumenin-Kitabı-Emil-Michel-Cioran2.pdf,1064702,ccad3ff514a4775d2397275c960bf0ea1a115ae08aed90e9c155e6a319a91ab4,2026-08-14 16:52:49
891,Devlete Karsi insan Herbert Spencer,Bilinmiyor,278,pdf,Books/Books for Text_TR-20260529T163910Z-3-001/Books for Text_TR/Zulum ve Adalet/Devlete-Karsi-insan-Herbert-Spencer.pdf,5981312,25a33f31fb13292aead0641ab74f89a39ed98671a6f4b60ca26bcb234954cdbd,2026-08-14 16:52:53
892,Devleti Korumak Guvenlik Paradigmasının gelişimi baski,HAKAN KIYICI,151,pdf,Books/Books for Text_TR-20260529T163910Z-3-001/Books for Text_TR/Zulum ve Adalet/Devleti-Korumak-Guvenlik-Paradigmasının-gelişimi-baski.pdf,3494573,25a89f20569041782bc0b681f269e3e53e1e324ab839a19b7b63d4620f66de20,2026-08-14 16:52:53
893,Diktatorluk Sendromu Ala El Asvani,Bilinmiyor,149,pdf,Books/Books for Text_TR-20260529T163910Z-3-001/Books for Text_TR/Zulum ve Adalet/Diktatorluk-Sendromu-Ala-El-Asvani.pdf,3248522,326c3001c0147d53e02ea24185e40eb432bff454cb3e7a33d8fe317bce53d87c,2026-08-14 16:52:53
894,Eleştiri Toplum Uzerine Adorno,Bilinmiyor,148,pdf,Books/Books for Text_TR-20260529T163910Z-3-001/Books for Text_TR/Zulum ve Adalet/Eleştiri-Toplum-Uzerine-Adorno.pdf,3091868,aa51c48a19a37b2e5e9a64c03fbcdf357192207d62837df70ac147d558642cca,2026-08-14 16:52:53
895,Ezeli Maglup,E.M.Cioran,230,pdf,Books/Books for Text_TR-20260529T163910Z-3-001/Books for Text_TR/Zulum ve Adalet/Ezeli-Maglup-Emil-MichelCioran.pdf,2257593,24d394dbed5e262a7a33a3b2f6208a3fe317ac193817b38a24d532a20fa42f6e,2026-08-14 16:52:53
896,Ezilenlerin Pedagojisi Paulo Freire,Bilinmiyor,203,pdf,Books/Books for Text_TR-20260529T163910Z-3-001/Books for Text_TR/Zulum ve Adalet/Ezilenlerin-Pedagojisi-Paulo-Freire.pdf,3145359,2b7969d7e40f2b6c2d7471ec35b193d51334e541f658dc86f846f347f9eed336,2026-08-14 16:52:53
897,Hannah Arendt Düşüncesinde İnsanlığa Karşı Suçlar,Hüseyin,339,pdf,Books/Books for Text_TR-20260529T163910Z-3-001/Books for Text_TR/Zulum ve Adalet/Hannah Arendt/Hannah Arendt Düşüncesinde İnsanlığa Karşı Suçlar.pdf,2378021,9f56df2d314be9ac0c36c8ce43d95f0f51f792ff492ac44556d3d48125219a8f,2026-08-14 16:52:53
898,Hannah Arendt ve İnsan Haklarının Çıkmazları,Yıldız ÇİRLİ,31,pdf,Books/Books for Text_TR-20260529T163910Z-3-001/Books for Text_TR/Zulum ve Adalet/Hannah Arendt/Hannah Arendt ve İnsan Haklarının Çıkmazları.pdf,467115,1d0336b34a8d9d86e5e6e0c7e73866d37ad17d0f511a372c283c680014e1aaa8,2026-08-14 16:52:53
899,Totalitarizmin Kaynakları 1: Antisemitizm,Hannah Arendt,222,pdf,Books/Books for Text_TR-20260529T163910Z-3-001/Books for Text_TR/Zulum ve Adalet/Hannah Arendt/Hannah Arendt-Antisemitizm.pdf,2196766,e21627a5ac0829915576dc453649cef4bd5533bafa27d4bf49a1f21e4450b47a,2026-08-14 16:52:53
900,Hannah Arendt Gecmisle Gelecek Arasinda,Bilinmiyor,322,pdf,Books/Books for Text_TR-20260529T163910Z-3-001/Books for Text_TR/Zulum ve Adalet/Hannah Arendt/Hannah Arendt-Gecmisle-Gelecek-Arasinda.pdf,2940161,564175e6a75d94f8c443d55cabef5cafb1a0ec7836549f841eb3a8cd699b475c,2026-08-14 16:52:53
901,Kötülüğün Sıradanlığı,Hannah Arendt,392,pdf,Books/Books for Text_TR-20260529T163910Z-3-001/Books for Text_TR/Zulum ve Adalet/Hannah Arendt/Hannah Arendt-Kotuluğun-Sıradanlığı.pdf,1745873,f29a4990e46832668391c5a12575f5fea5c57f8f1cb68f03064fc20ec6fa14df,2026-08-14 16:52:53
902,Hannah Arendt Politikanın Vaadi,Bilinmiyor,184,pdf,Books/Books for Text_TR-20260529T163910Z-3-001/Books for Text_TR/Zulum ve Adalet/Hannah Arendt/Hannah Arendt-Politikanın-Vaadi.pdf,1588226,0179292b9bdcb6f135549d865236536b2ad124e78f13e956247c4491f2f5ccfa,2026-08-14 16:52:53
903,Taranmış Resim,NAPS2,384,pdf,Books/Books for Text_TR-20260529T163910Z-3-001/Books for Text_TR/Zulum ve Adalet/Hannah Arendt/Hannah Arendt-Totalitarizm.pdf,6210907,ba74bd2d02c69ace00e8db03155518b93031f81b17c426bc40153bc0fc1048b0,2026-08-14 16:52:53
904,Hannah Arendt Şiddet Üzerine,Bilinmiyor,107,pdf,Books/Books for Text_TR-20260529T163910Z-3-001/Books for Text_TR/Zulum ve Adalet/Hannah Arendt/Hannah Arendt-Şiddet-Üzerine.pdf,4558414,cfa7060cb643130ea4bca5112a25a55b144f9730d3d55fcef350d1181763b6d3,2026-08-14 16:52:53
905,Hannah Arendt Siyasette Yalan,Bilinmiyor,101,pdf,Books/Books for Text_TR-20260529T163910Z-3-001/Books for Text_TR/Zulum ve Adalet/Hannah Arendt/Hannah-Arendt-Siyasette-Yalan.pdf,862794,07878dc1613759ea2fa36ab55c8a45454fe7b8852309e2262c2687879aaf78d2,2026-08-14 16:52:53
906,Microsoft Word - KARL R.docx,ISIKLAR,217,pdf,Books/Books for Text_TR-20260529T163910Z-3-001/Books for Text_TR/Zulum ve Adalet/Karl Popper-Hayat-Problem Cozmektir.pdf,830023,7ade645c3e38a283e6d288bd37d5f1def0527f232f16fe54340bc0cc0cb4eff6,2026-08-14 16:52:53
907,Konuşulmayan Gercek Zorla Kaybetmeler,Bilinmiyor,98,pdf,Books/Books for Text_TR-20260529T163910Z-3-001/Books for Text_TR/Zulum ve Adalet/Konuşulmayan-Gercek-Zorla-Kaybetmeler.pdf,934038,1b0952fe1d43e59cf9eb058900bcc9a5d391bd071e0a9a9664a0d28abd715146,2026-08-14 16:52:53
908,Korku Siyaseti ve Siyaset Korkusu Halis Çetin,Bilinmiyor,403,pdf,Books/Books for Text_TR-20260529T163910Z-3-001/Books for Text_TR/Zulum ve Adalet/Korku Siyaseti ve Siyaset Korkusu-Halis Çetin.pdf,3015647,0c49f962d1bb38e6fb67c57eeaa1d76b0a29e099fdec46f908417d595ba6efc0,2026-08-14 16:52:53
909,Kotuluğun Egemenliği Jean Baudrillard,Bilinmiyor,207,pdf,Books/Books for Text_TR-20260529T163910Z-3-001/Books for Text_TR/Zulum ve Adalet/Kotuluğun-Egemenliği-Jean Baudrillard.pdf,1561373,fb0a47c2f4c32a29c9c49ac15ae2c6426f8f4639a2f8158f7a6cec2c30257357,2026-08-14 16:52:53
910,Militan Demokrasi Alexander S Kirshner,Bilinmiyor,245,pdf,Books/Books for Text_TR-20260529T163910Z-3-001/Books for Text_TR/Zulum ve Adalet/Militan-Demokrasi-Alexander-S-Kirshner.pdf,3855874,c87e05709656f2b56e59f14b920d605407193606a70a288deeb9d75afae7607f,2026-08-14 16:52:53
911,Nazizmin Gizli Kokenleri Gizli Aryan Kultleri Nicholas Goodrick Clarke,Bilinmiyor,377,pdf,Books/Books for Text_TR-20260529T163910Z-3-001/Books for Text_TR/Zulum ve Adalet/Nazizmin-Gizli-Kokenleri-Gizli-Aryan-Kultleri-Nicholas-Goodrick-Clarke.pdf,5895735,5119c42ef01ec7056b0fa55765614c0f6bf3c05541276d5fd6c069f33bd6afd2,2026-08-14 16:52:53
912,Ortadoğu da Devlet ve İktidar Otoriter Rejimler Erdem Demirtaş,Bilinmiyor,192,pdf,Books/Books for Text_TR-20260529T163910Z-3-001/Books for Text_TR/Zulum ve Adalet/Ortadoğu-da-Devlet-ve-İktidar-Otoriter-Rejimler-Erdem-Demirtaş.pdf,2774686,6ebc7906c1fbe06f017853b4f672a7822434aaf1ecc517b0fa8666808835e338,2026-08-14 16:52:53
913,Otoritaryen Kişilik Ustune Theodor W Adorno,Bilinmiyor,337,pdf,Books/Books for Text_TR-20260529T163910Z-3-001/Books for Text_TR/Zulum ve Adalet/Otoritaryen-Kişilik-Ustune-Theodor-W-Adorno.pdf,11695704,5bc3fd27c9e26ea1192308f8ad66767765b68cf1b9737f74e0bc28d2f0cbb895,2026-08-14 16:52:53
914,Siddetsiz Direnis Todd May,Bilinmiyor,228,pdf,Books/Books for Text_TR-20260529T163910Z-3-001/Books for Text_TR/Zulum ve Adalet/Siddetsiz-Direnis-Todd-May.pdf,2027135,bf20e918513324d433191f9ca09cfad458a16818908970f7b98571b2634bbddf,2026-08-14 16:52:53
915,(Microsoft Word - 4-Tuba G\374lmez Stewart),ckaraoglu,17,pdf,Books/Books for Text_TR-20260529T163910Z-3-001/Books for Text_TR/Zulum ve Adalet/Totalitarizm-Arendt ile Popper’ın Totalitarizm Anlayı ları.pdf,240817,609c8b9063d66fdcaf56129e841d4f437297a089d3830b7635c993f570101fbc,2026-08-14 16:52:53
916,Umberto Eco Düşman Yaratmak,Umberto Eco,295,pdf,Books/Books for Text_TR-20260529T163910Z-3-001/Books for Text_TR/Zulum ve Adalet/Umberto Eco-Düşman Yaratmak.pdf,3301321,fb785cc4e0c5eb38b5f8d8018ba0133d19b42ac1988f44d2b2aaaed2797885d3,2026-08-14 16:52:53
917,Umut Bir Yöntem Olamaz Gordon R. Sullivan ve Michael V. Harper,Bilinmiyor,288,pdf,Books/Books for Text_TR-20260529T163910Z-3-001/Books for Text_TR/Zulum ve Adalet/Umut Bir Yöntem Olamaz-Gordon R. Sullivan ve Michael V. Harper.pdf,14427993,899e71c5b5fe86d2eeae2185629401473c2af49ebbf8cdd979596ddd093db9e4,2026-08-14 16:52:53
918,Vasatlığın İktidarı Alain Deneault,Bilinmiyor,177,pdf,Books/Books for Text_TR-20260529T163910Z-3-001/Books for Text_TR/Zulum ve Adalet/Vasatlığın-İktidarı-Alain-Deneault.pdf,6017318,e1d55e8d79ca970a2bdc7052418c2bd835b764a290407f9c6aa6887165aed713,2026-08-14 16:52:53
919,Yeni Despotizm Bulent Diken,Bilinmiyor,201,pdf,Books/Books for Text_TR-20260529T163910Z-3-001/Books for Text_TR/Zulum ve Adalet/Yeni-Despotizm-Bulent-Diken.pdf,3140436,f97401db3a3bcd9619f642af7406c2135b392251bd216bb94d75b502edb811be,2026-08-14 16:52:53
920,"İnsan Doğası İktidara Karşı Adalet (Michel Foucault, Noam Chomsky",Bilinmiyor,74,pdf,"Books/Books for Text_TR-20260529T163910Z-3-001/Books for Text_TR/Zulum ve Adalet/İnsan Doğası-İktidara Karşı Adalet (Michel Foucault, Noam Chomsky.pdf",1730369,0c33823b8085369a6147f810cab24f905a50afb4703064418303193c5d17c5a7,2026-08-14 16:52:53
921,İsyanlar Kurucu İktidar Ve Modern Devlet Antonio Negri,Bilinmiyor,465,pdf,Books/Books for Text_TR-20260529T163910Z-3-001/Books for Text_TR/Zulum ve Adalet/İsyanlar-Kurucu-İktidar-Ve-Modern-Devlet-Antonio-Negri.pdf,3135861,459162beb12d6907c845caaad97c6c7210ea473b371a49434e5e9c50837ea30e,2026-08-14 16:52:53
922,Şiddetin Eleştirisi Uzerine Walter Benjamin,Bilinmiyor,323,pdf,Books/Books for Text_TR-20260529T163910Z-3-001/Books for Text_TR/Zulum ve Adalet/Şiddetin-Eleştirisi-Uzerine-Walter-Benjamin.pdf,6668649,d4d766829dd60707288c1caeed0fb31339596181f77eba6fc901fe43afff7232,2026-08-14 16:52:53
923,Ajan-casus : muhbir ve muhabir,Nurullah Aydın,393,pdf,Books/Books for Text_TR-20260529T163910Z-3-001/Books for Text_TR/İstihbarat/Ajan-Casus-Muhbir-Muhabir-Nurullah-Aydin.pdf,1765187,33275242e9bde039c88352856a5c4dd84e9f792a973dd98c5bbb9d03d8dead33,2026-08-14 16:52:53
924,Tarihi Değiştiren Gizli Servisler,Ali Çimen,177,pdf,Books/Books for Text_TR-20260529T163910Z-3-001/Books for Text_TR/İstihbarat/Ali-Cimen-Tarihi-Değiştiren-Gizli-Servisler.pdf,5860787,cb15319ff90e3e7eefd12e0d7165cf59ab7af1cb8b937eb2a73f21bba0da240f,2026-08-14 16:52:53
925,Dunyayı Yoneten Guc İstihbarat Bilimi,Bilinmiyor,250,pdf,Books/Books for Text_TR-20260529T163910Z-3-001/Books for Text_TR/İstihbarat/Dunyayı-Yoneten-Guc-İstihbarat-Bilimi.pdf,8298420,02783a3fb89a816d3a11cd7625a40a7a768bcb6b849b54a0256abf2dee5f9c90,2026-08-14 16:52:53
926,www.eskikitaplarim.com,Kaptan,379,pdf,Books/Books for Text_TR-20260529T163910Z-3-001/Books for Text_TR/İstihbarat/Ernest-Volkman-Casusluk.pdf,1548125,f271238e00854cfd9e6cb18371cf5a229bd847be030acde19e81054218e87c24,2026-08-14 16:52:53
927,Gültekin Avcý - Ýstihbarat Teknikleri,Bilinmiyor,257,pdf,Books/Books for Text_TR-20260529T163910Z-3-001/Books for Text_TR/İstihbarat/Gultekin-Avcı-Istihbarat-Teknikleri-pdf.pdf,541931,b3022c7dd5efb576443dcf52350140937ee7dec8fc63e901942ebdc27a14c1ec,2026-08-14 16:52:53
928,Heyet 2 Devletin Gizli Sırları Halil Yaşar Kollu,Bilinmiyor,320,pdf,Books/Books for Text_TR-20260529T163910Z-3-001/Books for Text_TR/İstihbarat/Heyet-2-Devletin-Gizli-Sırları-Halil-Yaşar-Kollu.pdf,8852702,e4bb4e2fde34f5b3d46c109be5d909fb5fa1031ed71804100564f4e4e574eed3,2026-08-14 16:52:53
929,İstihbarat ve İstihbaratçı,Nurullah Aydın,574,pdf,Books/Books for Text_TR-20260529T163910Z-3-001/Books for Text_TR/İstihbarat/Istihbarat-Ve-Istihbaratci-Nurullah-Aydin.pdf,1773404,fea02d1a053dafd6220594b936d977c053aadcc37b46f6268b1e775bea003f62,2026-08-14 16:52:53
930,Mahir Kaynak İstihbarat Ve Teror Oyunları,Bilinmiyor,145,pdf,Books/Books for Text_TR-20260529T163910Z-3-001/Books for Text_TR/İstihbarat/Mahir-Kaynak-İstihbarat-Ve-Teror-Oyunları.pdf,4782320,b12cf912280ea05ea1c35c69f5cb40301d7e44f8c63bc964e41a9daee6d7f42c,2026-08-14 16:52:53
931,Murat Yetkin Meraklısı İçin Casuslar Kitabı,Bilinmiyor,429,pdf,Books/Books for Text_TR-20260529T163910Z-3-001/Books for Text_TR/İstihbarat/Murat Yetkin-Meraklısı İçin Casuslar Kitabı.pdf,18488268,ebd9e38fac3488e8ecce89e537ba7afbcfeed7820e3bb5b5662872501959582e,2026-08-14 16:52:53
932,Murat Yetkin Meraklısı İcin Entrikalar Kitabı,Bilinmiyor,308,pdf,Books/Books for Text_TR-20260529T163910Z-3-001/Books for Text_TR/İstihbarat/Murat-Yetkin-Meraklısı-İcin-Entrikalar-Kitabı.pdf,8339434,e1bd7003b16493f90e8987725b14d51e781a123e8dadd8f72ff89b5a03ed0ea4,2026-08-14 16:52:53
933,CamScanner 08-27-2020 12.00.38,CamScanner,196,pdf,Books/Books for Text_TR-20260529T163910Z-3-001/Books for Text_TR/İstihbarat/Orhan Koloğlu - Curnalcilikten Teşkilatı Mahsusa_ya.pdf,35500714,1afec73108fb0f9d31361b6dd3df6c63759834121b30b813bcaee4c787605eb8,2026-08-14 16:52:53
934,Sosyal Medya Verileri Uzerinden İstihbarat Faaliyetleri,KatemBilişim,7,pdf,Books/Books for Text_TR-20260529T163910Z-3-001/Books for Text_TR/İstihbarat/Sosyal-Medya-Verileri-Uzerinden-İstihbarat-Faaliyetleri.pdf,924464,bb9b0d4362d25f770623cf08397b78b6a31e45eb925b32525323cf9198165e7f,2026-08-14 16:52:53
935,İKİ DEVRİN PERDE ARKASI,SAMİH NAFİZ TANSU,378,pdf,Books/Books for Text_TR-20260529T163910Z-3-001/Books for Text_TR/İstihbarat/Teşkilat-i-Mahsusa.pdf,2087776,555d8067f68b96c57b7bc8fdcecfd269963d8b844ade5a66dc6678a91105fe9a,2026-08-14 16:52:53
936,Teşkilat ı Mahsusa Philip Hendrick Stoddard,Bilinmiyor,298,pdf,Books/Books for Text_TR-20260529T163910Z-3-001/Books for Text_TR/İstihbarat/Teşkilat-ı-Mahsusa-Philip-Hendrick-Stoddard.pdf,12731875,a790fcbc951b6947b4d75f74b33609d98a322580a31405e719a4168e94a0ee9a,2026-08-14 16:52:53
937,istihbarat Sirlari Ali Burak Daricili,Bilinmiyor,32,pdf,Books/Books for Text_TR-20260529T163910Z-3-001/Books for Text_TR/İstihbarat/istihbarat-Sirlari-Ali Burak Daricili.pdf,512330,56a6188188928c6246ba0b152f7fcd435ee0edfc1da2acbdb19d8607525ee709,2026-08-14 16:52:53
938,İstihbarat Teorisi,Bilinmiyor,464,pdf,Books/Books for Text_TR-20260529T163910Z-3-001/Books for Text_TR/İstihbarat/İstihbarat Teorisi.pdf,13864489,b54b19f7c45fb7f3260f4f41316f4af3282b5eaf57de0132f3468f08fa4baf55,2026-08-14 16:52:53
939,İstihbarat Ahmet Enes Sarıcicek,Bilinmiyor,213,pdf,Books/Books for Text_TR-20260529T163910Z-3-001/Books for Text_TR/İstihbarat/İstihbarat-Ahmet-Enes-Sarıcicek.pdf,4306295,10f3917770dab8c35cd0bab1315ea1d490dd47b772a6cd85c641a746fdb3ffb1,2026-08-14 16:52:53
940,İstihbarat Orgutleri Kenan Karataş,Bilinmiyor,385,pdf,Books/Books for Text_TR-20260529T163910Z-3-001/Books for Text_TR/İstihbarat/İstihbarat-Orgutleri-Kenan-Karataş.pdf,12648487,f74d3fbb961ec2597451ca758f32909d349f96afcf82cbc3b97dbea3b0392e10,2026-08-14 16:52:53
941,İstihbaratın İcinden Anthony Cavendish,Bilinmiyor,65,pdf,Books/Books for Text_TR-20260529T163910Z-3-001/Books for Text_TR/İstihbarat/İstihbaratın-İcinden-Anthony-Cavendish.pdf,2768085,e6eea5276b22b6aa1bdae4aab64bf7f882899ad0621bec07385309f1b613a609,2026-08-14 16:52:53
942,Mimar Sinan dergisi,Bilinmiyor,103,pdf,Books/Books for Text_TR-20260529T163910Z-3-002/Books for Text_TR/Duvar_TR/Dergi-MSinan/Mimar-Sinan-dergisi-1.pdf,62141429,5bd5bdc2045290cb356440895c9682782db49186e97b93f55fdb3902bb46a470,2026-08-14 16:52:53
943,Mimar Sinan dergisi,Bilinmiyor,160,pdf,Books/Books for Text_TR-20260529T163910Z-3-002/Books for Text_TR/Duvar_TR/Dergi-MSinan/Mimar-Sinan-dergisi-100.pdf,8145113,7b14f607b445f6f3f9b8a61eb6f9fcf440259a5e39ba5283cb3455dcbd1abd2f,2026-08-14 16:52:53
944,Mimar Sinan dergisi,Bilinmiyor,122,pdf,Books/Books for Text_TR-20260529T163910Z-3-002/Books for Text_TR/Duvar_TR/Dergi-MSinan/Mimar-Sinan-dergisi-101.pdf,6069201,a48ce6dc5e4c75c2cc9d08627a8a42eb1909480978a632de2561f5cd00dafcca,2026-08-14 16:52:53
945,Mimar Sinan dergisi,Bilinmiyor,128,pdf,Books/Books for Text_TR-20260529T163910Z-3-002/Books for Text_TR/Duvar_TR/Dergi-MSinan/Mimar-Sinan-dergisi-137.pdf,4604972,8e75b5826c6a11c2ecec06ff1ec0bff3e62a1a55e857e56aaf214a27dd753247,2026-08-14 16:52:53
946,Mimar Sinan dergisi,Bilinmiyor,68,pdf,Books/Books for Text_TR-20260529T163910Z-3-002/Books for Text_TR/Duvar_TR/Dergi-MSinan/Mimar-Sinan-dergisi-14.pdf,3176176,949006c847d33b2a6c11c1473916608edb4bb281e3f2746d115b7bf54008502e,2026-08-14 16:52:53
947,Mimar Sinan dergisi,Bilinmiyor,90,pdf,Books/Books for Text_TR-20260529T163910Z-3-002/Books for Text_TR/Duvar_TR/Dergi-MSinan/Mimar-Sinan-dergisi-146.pdf,3316388,4b025f848e3083eede985f373ec9ff62d41533312284923d3d6fd401369c0dc5,2026-08-14 16:52:53
948,Mimar Sinan dergisi,Bilinmiyor,74,pdf,Books/Books for Text_TR-20260529T163910Z-3-002/Books for Text_TR/Duvar_TR/Dergi-MSinan/Mimar-Sinan-dergisi-16.pdf,3883529,09e593b14a343697192d8ed5cc6048c213ae1848f9a49bb14c7197a9bf949ddc,2026-08-14 16:52:53
949,Mimar Sinan dergisi,Bilinmiyor,81,pdf,Books/Books for Text_TR-20260529T163910Z-3-002/Books for Text_TR/Duvar_TR/Dergi-MSinan/Mimar-Sinan-dergisi-17.pdf,3512371,6d8bdcdbacde23bdcc87051a9f1334bb8ca52acedd7ba599050d1ef253a27977,2026-08-14 16:52:53
950,Mimar Sinan dergisi,Bilinmiyor,86,pdf,Books/Books for Text_TR-20260529T163910Z-3-002/Books for Text_TR/Duvar_TR/Dergi-MSinan/Mimar-Sinan-dergisi-26.pdf,4160849,969775387a95d699917bdbf4b7234058ac4651e803e3c0689e5b063811f6b5e3,2026-08-14 16:52:53
951,Mimar Sinan dergisi,Bilinmiyor,82,pdf,Books/Books for Text_TR-20260529T163910Z-3-002/Books for Text_TR/Duvar_TR/Dergi-MSinan/Mimar-Sinan-dergisi-31.pdf,3645711,dc866fd4657a297e32c06c13fea2153e11dde82fd0f1abb3b3ec2449ac9d4f25,2026-08-14 16:52:53
952,Mimar Sinan dergisi,Bilinmiyor,102,pdf,Books/Books for Text_TR-20260529T163910Z-3-002/Books for Text_TR/Duvar_TR/Dergi-MSinan/Mimar-Sinan-dergisi-64.pdf,4756436,9fea35466a25957f530549b3d44f6d7fbbdb106f68ab16a8e755c637a6fd4f70,2026-08-14 16:52:53
953,Mimar Sinan dergisi,Bilinmiyor,82,pdf,Books/Books for Text_TR-20260529T163910Z-3-002/Books for Text_TR/Duvar_TR/Dergi-MSinan/Mimar-Sinan-dergisi-76.pdf,3722658,7f07bd46a5b81489004596f8811eeae6f41d6faa506c5b7be4e966853ba91fce,2026-08-14 16:52:53
954,Mimar Sinan dergisi,Bilinmiyor,105,pdf,Books/Books for Text_TR-20260529T163910Z-3-002/Books for Text_TR/Duvar_TR/Dergi-MSinan/Mimar-Sinan-dergisi-92.pdf,4680473,58ef06f4f4a8b3353b129bcd72ebd0f0a2ea05e021ed9fb0bb16371dc12b1b21,2026-08-14 16:52:53
955,Mimar Sinan dergisi,Bilinmiyor,89,pdf,Books/Books for Text_TR-20260529T163910Z-3-002/Books for Text_TR/Duvar_TR/Dergi-MSinan/Mimar-Sinan-dergisi-93.pdf,4061205,38147915f31f8d4bbb59feec85f7f040716357a97ac53ddc0c38705d8be148e5,2026-08-14 16:52:53
956,Mimar Sinan dergisi,Bilinmiyor,97,pdf,Books/Books for Text_TR-20260529T163910Z-3-002/Books for Text_TR/Duvar_TR/Dergi-MSinan/Mimar-Sinan-dergisi-94.pdf,4274989,49578bd09ed9f6b745501d8768ed1cc3888d1fe4ab7e55baba2e2540b97b29e2,2026-08-14 16:52:53
957,Mimar Sinan dergisi,Bilinmiyor,90,pdf,Books/Books for Text_TR-20260529T163910Z-3-002/Books for Text_TR/Duvar_TR/Dergi-MSinan/Mimar-Sinan-dergisi-95.pdf,3791094,f2d27124648fafb154b05921397fc00349823ccfbd2fbd12420a92ffe62412b6,2026-08-14 16:52:53
958,Mimar Sinan dergisi,Bilinmiyor,90,pdf,Books/Books for Text_TR-20260529T163910Z-3-002/Books for Text_TR/Duvar_TR/Dergi-MSinan/Mimar-Sinan-dergisi-96.pdf,4075755,523b5cfa92c544d8a19f4f5ee466968d467e18f300e02d30b280814176e069af,2026-08-14 16:52:53
959,zKonulara Gore Fihrist,Bilinmiyor,24,pdf,Books/Books for Text_TR-20260529T163910Z-3-002/Books for Text_TR/Duvar_TR/Dergi-MSinan/zKonulara_Gore_Fihrist.pdf,321343,54cf7611d13501acc312388205c3fcc868c41437c45e6e782fa22ab6dd643abe,2026-08-14 16:52:53
960,T01,Bilinmiyor,34,pdf,Books/Books for Text_TR-20260529T163910Z-3-002/Books for Text_TR/Duvar_TR/Dergi-Tesviye/T01.pdf,10462811,55951a9d97520be047402e93c3a6c44fc73cdfcbf269817c74fdfc4094ccda58,2026-08-14 16:52:53
961,T02,Bilinmiyor,36,pdf,Books/Books for Text_TR-20260529T163910Z-3-002/Books for Text_TR/Duvar_TR/Dergi-Tesviye/T02.pdf,11094336,b5e136d4f78c629ff2ea1e5b15a07af54e2cac4ef1974e7c642f1c594b0bc431,2026-08-14 16:52:53
962,T03,Bilinmiyor,36,pdf,Books/Books for Text_TR-20260529T163910Z-3-002/Books for Text_TR/Duvar_TR/Dergi-Tesviye/T03.pdf,7967758,58df5b89747c3ca748f6b3d019717632a933d68255c468251fa98b9ee1ce66a4,2026-08-14 16:52:53
963,T04,Bilinmiyor,36,pdf,Books/Books for Text_TR-20260529T163910Z-3-002/Books for Text_TR/Duvar_TR/Dergi-Tesviye/T04.pdf,12146799,0e95f9faecc67cdf557276fd86d35d4615aed26143751260eb91e29a2dd83629,2026-08-14 16:52:53
964,T05,Bilinmiyor,36,pdf,Books/Books for Text_TR-20260529T163910Z-3-002/Books for Text_TR/Duvar_TR/Dergi-Tesviye/T05.pdf,7724814,a27de92c7f4f0b82b00a06cef332f10bb1e4078746a308029d1ed72a90bb0de7,2026-08-14 16:52:53
965,T06,Bilinmiyor,36,pdf,Books/Books for Text_TR-20260529T163910Z-3-002/Books for Text_TR/Duvar_TR/Dergi-Tesviye/T06.pdf,9464627,4da1835835c6e1cc4dfd44877a4bc015f783c075782e55330d3fba3bd29ff7ac,2026-08-14 16:52:53
966,T07,Bilinmiyor,36,pdf,Books/Books for Text_TR-20260529T163910Z-3-002/Books for Text_TR/Duvar_TR/Dergi-Tesviye/T07.pdf,12410026,2f655f50cd6ca273a00b045749598df663db23ab08c17c7a56ca068ca29eca87,2026-08-14 16:52:53
967,T08,Bilinmiyor,44,pdf,Books/Books for Text_TR-20260529T163910Z-3-002/Books for Text_TR/Duvar_TR/Dergi-Tesviye/T08.pdf,10908843,455d8eacb6e612e840af77d5768f51efb8557fc2225191adf0af175a2711f00d,2026-08-14 16:52:53
968,T09,Bilinmiyor,44,pdf,Books/Books for Text_TR-20260529T163910Z-3-002/Books for Text_TR/Duvar_TR/Dergi-Tesviye/T09.pdf,10431439,e216462df0cdec900bd498a6f7c1c15b8f56c518323975531b8b18d5d65ab3f4,2026-08-14 16:52:53
969,T10,Bilinmiyor,44,pdf,Books/Books for Text_TR-20260529T163910Z-3-002/Books for Text_TR/Duvar_TR/Dergi-Tesviye/T10.pdf,10488307,559350ffd62bfd016d7bd3ec8d6f2c954a36fda894e563d827442f3736fef778,2026-08-14 16:52:53
970,T11,Bilinmiyor,44,pdf,Books/Books for Text_TR-20260529T163910Z-3-002/Books for Text_TR/Duvar_TR/Dergi-Tesviye/T11.pdf,10951208,6b5cdccb5eb413b5f12c6dbc2db973acc9c56c5efe069d2cf3ed9dd14782444d,2026-08-14 16:52:53
971,T12,Bilinmiyor,44,pdf,Books/Books for Text_TR-20260529T163910Z-3-002/Books for Text_TR/Duvar_TR/Dergi-Tesviye/T12.pdf,12003660,4488c7263ef6b9a7011e1ab0c3db72e8e505cf6df6fc17fdd11fa0368562de60,2026-08-14 16:52:53
972,T13,Bilinmiyor,44,pdf,Books/Books for Text_TR-20260529T163910Z-3-002/Books for Text_TR/Duvar_TR/Dergi-Tesviye/T13.pdf,11167505,8dc220119b3813a493409c2dedad76f8ac6610dde48ffe6d0384a6bdd02e85bd,2026-08-14 16:52:53
973,T14,Bilinmiyor,44,pdf,Books/Books for Text_TR-20260529T163910Z-3-002/Books for Text_TR/Duvar_TR/Dergi-Tesviye/T14.pdf,12368965,1e9fb8c2c9e9433dfeb421e6cacfe6a2e49b47525bf5160eb916fdfca2916ca3,2026-08-14 16:52:53
974,T15,Bilinmiyor,44,pdf,Books/Books for Text_TR-20260529T163910Z-3-002/Books for Text_TR/Duvar_TR/Dergi-Tesviye/T15.pdf,14155263,996d0e7d3080cbc031e530aa0091b2be89ac7fb8cc4b7619602e33b37fcf857a,2026-08-14 16:52:53
975,T17,Bilinmiyor,44,pdf,Books/Books for Text_TR-20260529T163910Z-3-002/Books for Text_TR/Duvar_TR/Dergi-Tesviye/T17.pdf,13702555,28c54e094d6da2c23353df500f4fb0ec38e843b66edd674181382fca741812b4,2026-08-14 16:52:53
976,T18,Bilinmiyor,44,pdf,Books/Books for Text_TR-20260529T163910Z-3-002/Books for Text_TR/Duvar_TR/Dergi-Tesviye/T18.pdf,12112785,632ab6b85a1feb8b04df76d6383c8557ae67f1809ad1d6963d0355736c2c39d8,2026-08-14 16:52:53
977,T19,Bilinmiyor,44,pdf,Books/Books for Text_TR-20260529T163910Z-3-002/Books for Text_TR/Duvar_TR/Dergi-Tesviye/T19.pdf,12515994,0e068a6a3b897e47e2880c2668c6f65d1b1a43184e47c5faba3f01ea87618962,2026-08-14 16:52:53
978,T20,Bilinmiyor,44,pdf,Books/Books for Text_TR-20260529T163910Z-3-002/Books for Text_TR/Duvar_TR/Dergi-Tesviye/T20.pdf,11204722,f78bd0abf9495e0dae8684e654907ae109eb8e946dee001b6b35c4f197ca7066,2026-08-14 16:52:53
979,T21,Bilinmiyor,44,pdf,Books/Books for Text_TR-20260529T163910Z-3-002/Books for Text_TR/Duvar_TR/Dergi-Tesviye/T21.pdf,10197688,6dd14fdd7791dd1df7f1af88fc9317c1212e53c0d7a101b836d2f233ccff15a8,2026-08-14 16:52:53
980,T22,Bilinmiyor,44,pdf,Books/Books for Text_TR-20260529T163910Z-3-002/Books for Text_TR/Duvar_TR/Dergi-Tesviye/T22.pdf,9121777,502b16bf7d22f150d37844d3568b026f0c1346803965cb49ec34ad9b40a3b466,2026-08-14 16:52:53
981,T25,Bilinmiyor,52,pdf,Books/Books for Text_TR-20260529T163910Z-3-002/Books for Text_TR/Duvar_TR/Dergi-Tesviye/T25.pdf,21465871,4d8cbcee27b4766659306c3c33daad30173b284e687ff7a1a0fa5d6f1c3cf46d,2026-08-14 16:52:53
982,T26,Bilinmiyor,44,pdf,Books/Books for Text_TR-20260529T163910Z-3-002/Books for Text_TR/Duvar_TR/Dergi-Tesviye/T26.pdf,8254591,935b2e430eeb5e7b981ce5edec936238d6c81ca324cce147e9a90453ef87d3a4,2026-08-14 16:52:53
983,T27,Bilinmiyor,52,pdf,Books/Books for Text_TR-20260529T163910Z-3-002/Books for Text_TR/Duvar_TR/Dergi-Tesviye/T27.pdf,14889498,46f222a70c524236143c7e28ba7c969200c06c4039170125e1fecd05ca68fcae,2026-08-14 16:52:53
984,T28,Bilinmiyor,52,pdf,Books/Books for Text_TR-20260529T163910Z-3-002/Books for Text_TR/Duvar_TR/Dergi-Tesviye/T28.pdf,17857880,d63881a955a54fec1c592246eafd7a072bc070218ce4e1d9a93673b109ea48a7,2026-08-14 16:52:53
985,T29,Bilinmiyor,52,pdf,Books/Books for Text_TR-20260529T163910Z-3-002/Books for Text_TR/Duvar_TR/Dergi-Tesviye/T29.pdf,17934648,6e35ff34186e4a68242efdddb94005da5d8a16511b6935f24c27ff20c6f6b92d,2026-08-14 16:52:53
986,T30,Bilinmiyor,52,pdf,Books/Books for Text_TR-20260529T163910Z-3-002/Books for Text_TR/Duvar_TR/Dergi-Tesviye/T30.pdf,15172621,8ebebc0fbc4a0b5553983a97c21d9b30b59ca44adcf7a3912a4b2c1a767d4ef1,2026-08-14 16:52:53
987,T32,Bilinmiyor,56,pdf,Books/Books for Text_TR-20260529T163910Z-3-002/Books for Text_TR/Duvar_TR/Dergi-Tesviye/T32.pdf,16791852,53375cc59a5107a4696281a44aa4207b456c4e86dccd4a952e2534426b120c9c,2026-08-14 16:52:53
988,T33,Bilinmiyor,52,pdf,Books/Books for Text_TR-20260529T163910Z-3-002/Books for Text_TR/Duvar_TR/Dergi-Tesviye/T33.pdf,16844386,0b78f9bdfe20cab642883168a71f50d8db50017011042b51c2395dd6f808f232,2026-08-14 16:52:53
989,T34,Bilinmiyor,56,pdf,Books/Books for Text_TR-20260529T163910Z-3-002/Books for Text_TR/Duvar_TR/Dergi-Tesviye/T34.pdf,19601891,1c61f91d50752f0fe5d3376b29f144c813aeca47dbec08a098cb93fa865311fa,2026-08-14 16:52:53
990,T35,Bilinmiyor,52,pdf,Books/Books for Text_TR-20260529T163910Z-3-002/Books for Text_TR/Duvar_TR/Dergi-Tesviye/T35.pdf,12325781,fbc16026cfee5c6241de85cdbf28939416dd9fa76b0a119a2fff202eba4ed5b6,2026-08-14 16:52:53
991,T36,Bilinmiyor,56,pdf,Books/Books for Text_TR-20260529T163910Z-3-002/Books for Text_TR/Duvar_TR/Dergi-Tesviye/T36.pdf,18973349,1ea0bf5d9c648e221fcddc6610d0bd15f19977d23249a537cfb3039164b5ee9e,2026-08-14 16:53:04
992,T37,Bilinmiyor,28,pdf,Books/Books for Text_TR-20260529T163910Z-3-002/Books for Text_TR/Duvar_TR/Dergi-Tesviye/T37.pdf,7750018,4ad2a08380d3cb48200dcc0bf0b6a95c19ff906ce99e22b934ed008ddff25a1c,2026-08-14 16:53:04
993,T38,Bilinmiyor,52,pdf,Books/Books for Text_TR-20260529T163910Z-3-002/Books for Text_TR/Duvar_TR/Dergi-Tesviye/T38.pdf,12313571,7f7aa9a2d4a35864d6d5f6c270bcab6f9818cf636fc7dfe61fa91f42de0780ca,2026-08-14 16:53:04
994,T39,Bilinmiyor,52,pdf,Books/Books for Text_TR-20260529T163910Z-3-002/Books for Text_TR/Duvar_TR/Dergi-Tesviye/T39.pdf,13909706,a97ddcbb8fd7732dc55b3ac0194a3ac54daaecdc84b5ca13fdb23661731b5f04,2026-08-14 16:53:04
995,T40,Bilinmiyor,52,pdf,Books/Books for Text_TR-20260529T163910Z-3-002/Books for Text_TR/Duvar_TR/Dergi-Tesviye/T40.pdf,10581984,21455a7664fa332a9d780c450c2f702040f4d8d7fe966dd761a4c28ef9d04cb1,2026-08-14 16:53:04
996,T41,Bilinmiyor,52,pdf,Books/Books for Text_TR-20260529T163910Z-3-002/Books for Text_TR/Duvar_TR/Dergi-Tesviye/T41.pdf,15510363,d249e7d3317173eb519ede60abfc5f2ee538d1cfc8ca1246875e79da08f8aa76,2026-08-14 16:53:04
997,T42,Bilinmiyor,52,pdf,Books/Books for Text_TR-20260529T163910Z-3-002/Books for Text_TR/Duvar_TR/Dergi-Tesviye/T42.pdf,13633890,4acfb3c30edea11996ea00d385501b92b2b7801ff74ecde8fd04705abc0320e8,2026-08-14 16:53:04
998,T43,Bilinmiyor,50,pdf,Books/Books for Text_TR-20260529T163910Z-3-002/Books for Text_TR/Duvar_TR/Dergi-Tesviye/T43.pdf,10565064,c991304b19f8ea51992e27b739da403d95d2d61064fd41bcd3fc408c8092ab3b,2026-08-14 16:53:04
999,T44,Bilinmiyor,56,pdf,Books/Books for Text_TR-20260529T163910Z-3-002/Books for Text_TR/Duvar_TR/Dergi-Tesviye/T44.pdf,11393458,68f07605da3a7b90abd5e94b9840debf6aee0c74aa43a7e81e190a6d2749456e,2026-08-14 16:53:04
1000,T45,Bilinmiyor,56,pdf,Books/Books for Text_TR-20260529T163910Z-3-002/Books for Text_TR/Duvar_TR/Dergi-Tesviye/T45.pdf,16007562,b96f9084bf91f677835ec96f34ddb043046a70d9f6fe9cf984509add60a2e8e8,2026-08-14 16:53:04
1001,T46,Bilinmiyor,56,pdf,Books/Books for Text_TR-20260529T163910Z-3-002/Books for Text_TR/Duvar_TR/Dergi-Tesviye/T46.pdf,25372606,5b0e05d21f3517cacc4f093cd7a61769bd9439be22f64f517a034fd73b43abd8,2026-08-14 16:53:04
1002,T47,Bilinmiyor,56,pdf,Books/Books for Text_TR-20260529T163910Z-3-002/Books for Text_TR/Duvar_TR/Dergi-Tesviye/T47.pdf,19128623,69b50eeac83aebd8c701055d2297bafa95929058b3351b8d2087397080659ba5,2026-08-14 16:53:04
1003,T48,Bilinmiyor,56,pdf,Books/Books for Text_TR-20260529T163910Z-3-002/Books for Text_TR/Duvar_TR/Dergi-Tesviye/T48.pdf,18676007,f580d1c543a1df0d34fccf40bb0cf4e35a20bb95ba8f23ae8722177026d869d2,2026-08-14 16:53:04
1004,T49,Bilinmiyor,52,pdf,Books/Books for Text_TR-20260529T163910Z-3-002/Books for Text_TR/Duvar_TR/Dergi-Tesviye/T49.pdf,14314431,9087b4d7026e1925b8a5cb81c717ec86a26c8e164342a8b0dd225f3357c78919,2026-08-14 16:53:04
1005,T50,Bilinmiyor,56,pdf,Books/Books for Text_TR-20260529T163910Z-3-002/Books for Text_TR/Duvar_TR/Dergi-Tesviye/T50.pdf,18228694,8053c08b9d1faefa4661ca4c4fe0a1cdf0a01351f4d4f79bd9ee658787131dd4,2026-08-14 16:53:04
1006,T51,Bilinmiyor,56,pdf,Books/Books for Text_TR-20260529T163910Z-3-002/Books for Text_TR/Duvar_TR/Dergi-Tesviye/T51.pdf,21929522,a82464367dedbd53cdfb05e1d0a30e4a43885f06b5e4250746b1b4e160b615f7,2026-08-14 16:53:04
1007,T52,Bilinmiyor,56,pdf,Books/Books for Text_TR-20260529T163910Z-3-002/Books for Text_TR/Duvar_TR/Dergi-Tesviye/T52.pdf,22580647,3806f29b804e7bfb965e6949482ef8e84f2eeb928d6020e57485097271d885bb,2026-08-14 16:53:04
1008,T53,Bilinmiyor,56,pdf,Books/Books for Text_TR-20260529T163910Z-3-002/Books for Text_TR/Duvar_TR/Dergi-Tesviye/T53.pdf,22009095,de8af518b662c5267ef9be587ed5ddd8e5f6ca4a786c2975c29eb2ef0d951910,2026-08-14 16:53:04
1009,T54,Bilinmiyor,56,pdf,Books/Books for Text_TR-20260529T163910Z-3-002/Books for Text_TR/Duvar_TR/Dergi-Tesviye/T54.pdf,22955918,c2db39e2e8b5d3eae130e16e3b7a220c219327b021b5b55d5a4b33874ad340e0,2026-08-14 16:53:04
1010,T55,Bilinmiyor,55,pdf,Books/Books for Text_TR-20260529T163910Z-3-002/Books for Text_TR/Duvar_TR/Dergi-Tesviye/T55.pdf,30088781,6bc486f6029e80fec37df38db281b7dcfcfc7d8fcd4d4dc9dc52a4ca0012f774,2026-08-14 16:53:04
1011,T56,Bilinmiyor,84,pdf,Books/Books for Text_TR-20260529T163910Z-3-002/Books for Text_TR/Duvar_TR/Dergi-Tesviye/T56.pdf,15150987,6ece50981d1f2a9bca0c9ff20e9f76b3e2d9bca93c505f27b78d4a219091dfaf,2026-08-14 16:53:04
1012,T57,Bilinmiyor,76,pdf,Books/Books for Text_TR-20260529T163910Z-3-002/Books for Text_TR/Duvar_TR/Dergi-Tesviye/T57.pdf,13103254,a62beca8fbffce849b2f3645f0714a7aafd2deccdb74523738714a3859c2b3a0,2026-08-14 16:53:04
1013,T58,Bilinmiyor,76,pdf,Books/Books for Text_TR-20260529T163910Z-3-002/Books for Text_TR/Duvar_TR/Dergi-Tesviye/T58.pdf,12385235,40f503bca489b7278aca6ceb73647bb0357943ffe25cbb6f45a54cfb9386f764,2026-08-14 16:53:04
1014,T59,Bilinmiyor,68,pdf,Books/Books for Text_TR-20260529T163910Z-3-002/Books for Text_TR/Duvar_TR/Dergi-Tesviye/T59.pdf,12715909,6fb2594858d49813b5c57be1b40cdb3ec0b4eb56ef18b9fc6f5e7bbc2f5b0256,2026-08-14 16:53:04
1015,T67,Bilinmiyor,68,pdf,Books/Books for Text_TR-20260529T163910Z-3-002/Books for Text_TR/Duvar_TR/Dergi-Tesviye/T67.pdf,17133405,7d5987dc7309977ee4a3e54c6a3f270710edc5d3b8af32c08a3e95b535998473,2026-08-14 16:53:04
1016,T72,Bilinmiyor,6,pdf,Books/Books for Text_TR-20260529T163910Z-3-002/Books for Text_TR/Duvar_TR/Dergi-Tesviye/T72.pdf,2086603,d1bb14d1b760076476dc5689c48417c62e14ea45ad2c2e97f31b484a6a44ad95,2026-08-14 16:53:04
1017,T74,Bilinmiyor,5,pdf,Books/Books for Text_TR-20260529T163910Z-3-002/Books for Text_TR/Duvar_TR/Dergi-Tesviye/T74.pdf,8220955,6d3a6f7e23f68e1f3fa23cbe4152ef5cad5133f029aa7a6b87e4bbce9d45e1ac,2026-08-14 16:53:04
1018,T75,Bilinmiyor,68,pdf,Books/Books for Text_TR-20260529T163910Z-3-002/Books for Text_TR/Duvar_TR/Dergi-Tesviye/T75.pdf,18306768,f6fa7507d3178f9a55db74229b7f202792b2b3468f10c16ec95d00cd74dc9143,2026-08-14 16:53:04
1019,Mason Profili,Bilinmiyor,105,pdf,Books/Books for Text_TR-20260529T163910Z-3-002/Books for Text_TR/Duvar_TR/M-CLayktez/Mason-Profili.pdf,12222536,87c3f0a1d566eba1c735506633d5793290649590553a341509f9154c89e728d3,2026-08-14 16:53:04
1020,TR de Msn Tarhi 2 1957 1970a,Bilinmiyor,464,pdf,Books/Books for Text_TR-20260529T163910Z-3-002/Books for Text_TR/Duvar_TR/M-CLayktez/TR_de Msn Tarhi-2_1957-1970a.pdf,8306832,55bc54828f940d6e4d73bd251cc0f4b883a190fbf8d952b1f49442169f592346,2026-08-14 16:53:04
1021,TR de Msn Tarhi 3 1971 1990a,Bilinmiyor,626,pdf,Books/Books for Text_TR-20260529T163910Z-3-002/Books for Text_TR/Duvar_TR/M-CLayktez/TR_de Msn Tarhi-3_1971-1990a.pdf,8969252,cfe2db8eefa005c32a3060b9fe96cfb3c306d91730043e8955794bd437b42ceb,2026-08-14 16:53:04
1022,Andersonun Kitabı 3 Yükümlülükler,Bilinmiyor,15,pdf,Books/Books for Text_TR-20260529T163910Z-3-002/Books for Text_TR/Duvar_TR/M-Murat Özgen Ayfer/Anderson_un Kitabı/Andersonun_Kitabı-3-Yükümlülükler.pdf,354052,f29073edf5b834d62b4456cbb3db23f912d91ca57e08520ac87e7d9a636c5ed0,2026-08-14 16:53:04
1023,Andersonun Kitabı 4 Genel Tüzük,Bilinmiyor,20,pdf,Books/Books for Text_TR-20260529T163910Z-3-002/Books for Text_TR/Duvar_TR/M-Murat Özgen Ayfer/Anderson_un Kitabı/Andersonun_Kitabı-4-Genel Tüzük.pdf,304654,141afe9c997ae484fba90ab26a034d8644cb9a123b9daff867184846ead22bb0,2026-08-14 16:53:04
1024,Ms Sozlugu 10 Sistemle,Bilinmiyor,116,pdf,Books/Books for Text_TR-20260529T163910Z-3-002/Books for Text_TR/Duvar_TR/M-Murat Özgen Ayfer/Ms-Sözlüğü/Ms_Sozlugu_10_Sistemle.pdf,1500557,cf5f9605d5705487c4256c1147f6e8bfaa116bc9cdc72c5f320cfd3be2507f10,2026-08-14 16:53:04
1025,Ms Sozlugu 11 Gorevler,Bilinmiyor,86,pdf,Books/Books for Text_TR-20260529T163910Z-3-002/Books for Text_TR/Duvar_TR/M-Murat Özgen Ayfer/Ms-Sözlüğü/Ms_Sozlugu_11_Gorevler.pdf,965884,db15b87d9fcb469b4965f9ccaca72158a4ed5d2c93c503a986c20d8f748bd092,2026-08-14 16:53:04
1026,Ms Sozlugu 12 Yontemler,Bilinmiyor,137,pdf,Books/Books for Text_TR-20260529T163910Z-3-002/Books for Text_TR/Duvar_TR/M-Murat Özgen Ayfer/Ms-Sözlüğü/Ms_Sozlugu_12_Yontemler.pdf,1473814,e9359e5da5947f379fda202f6860ce1bd7771bbb1906916e3c873365d173dfbc,2026-08-14 16:53:04
1027,Ms Sozlugu 1 Kisaltmala,Bilinmiyor,58,pdf,Books/Books for Text_TR-20260529T163910Z-3-002/Books for Text_TR/Duvar_TR/M-Murat Özgen Ayfer/Ms-Sözlüğü/Ms_Sozlugu_1_Kisaltmala.pdf,843257,6c30fb37c0df5d82daadbdc8a483573f0ed89cb9db42ff8fe9e8624d18d691e9,2026-08-14 16:53:04
1028,Ms Sozlugu 2 Simgeler v,Bilinmiyor,75,pdf,Books/Books for Text_TR-20260529T163910Z-3-002/Books for Text_TR/Duvar_TR/M-Murat Özgen Ayfer/Ms-Sözlüğü/Ms_Sozlugu_2_Simgeler_v.pdf,1259113,211000b9e66f607d7a719c7d6f86705c83d9c3fa20dff8c9f547eded6ea1ea90,2026-08-14 16:53:04
1029,Ms Sozlugu 4 Binalar ve,Bilinmiyor,42,pdf,Books/Books for Text_TR-20260529T163910Z-3-002/Books for Text_TR/Duvar_TR/M-Murat Özgen Ayfer/Ms-Sözlüğü/Ms_Sozlugu_4_Binalar_ve.pdf,723108,72dbe7a2d23fcd111240f59fb7a884f2f32942c7b015bc30f166224a703707fa,2026-08-14 16:53:04
1030,mason diktatörlüğü.pdf,fako,245,pdf,Books/Books for Text_TR-20260529T163910Z-3-002/Books for Text_TR/Duvar_TR/Msn-Genel/A-G-Michel-Mason-Diktatorluğu.pdf,9437669,69ea2b12a7dbe9707bd5c91c13ce5d226c09e083a2a33d9d5e8784f4c7263440,2026-08-14 16:53:04
1031,Microsoft Word - MASSSON.pdf,TAXTABAS,1123,pdf,Books/Books for Text_TR-20260529T163910Z-3-002/Books for Text_TR/Duvar_TR/Msn-Genel/Ahlak ve inanc-Albert Pike-Morals and Dogma.pdf,5649096,e24de1c2b8946c846b8567b7cf2efe61ad32c4a50c776ac4ca84cfbdb641c9f3,2026-08-14 16:53:04
1032,Masones Todos sus secretos al descubierto Gioele Magaldi Kailas,Bilinmiyor,70,pdf,Books/Books for Text_TR-20260529T163910Z-3-002/Books for Text_TR/Duvar_TR/Msn-Genel/Masones-Todos-sus-secretos-al-descubierto-Gioele-Magaldi-Kailas.pdf,1966147,bf1433f626d791cae0958c4f028d0def836178bd4dfb097c5736a9498452dee9,2026-08-14 16:53:04
1033,Masonluk,Paul Naudon,208,pdf,Books/Books for Text_TR-20260529T163910Z-3-002/Books for Text_TR/Duvar_TR/Msn-Genel/Masonluk-Paul-Naudon.pdf,4006541,79915e285769f7f19a5f8577c187eb966a29811b1babc5e382e2083e20c8a648,2026-08-14 16:53:04
1034,"Massoni. Società a responsabilità illimitata, vol. 1: La scoperta delle Ur-Lodges (Italian Edition)",Gioele Magaldi,395,pdf,Books/Books for Text_TR-20260529T163910Z-3-002/Books for Text_TR/Duvar_TR/Msn-Genel/Massoni. Società a responsabilità illimitata. La scoperta delle Ur-Lodges ( PDFDrive ).pdf,2958422,044aba785a482172207ab95c5ec755331cd75888e0e496b996d97198760c97ab,2026-08-14 16:53:04
1035,Global Masonluk,Adnan Oktar - Harun Yahya,222,pdf,Books/Books for Text_TR-20260529T163910Z-3-002/Books for Text_TR/Duvar_TR/Msn-HYahya/Global Masonluk (Adnan Oktar - Harun Yahya) (z-lib.org) (1).pdf,10932381,d74c979af178c0327c3a438eba6d1ae684a97b602bc9d0e2039379202c58be54,2026-08-14 16:53:04
1036,2012,Bilinmiyor,690,pdf,Books/Books for Text_TR-20260529T163910Z-3-002/Books for Text_TR/Duvar_TR/Msn-HYahya/HYahya-ingiliz Derin Devleti-1.pdf,19092774,8792e227e57da15c782e05ab8cf025d46e906e9b39e28c4b033a7275099c27e1,2026-08-14 16:53:04
1037,Üst Akıl İngiliz Derin Devletinin İçyüzü 2. Cilt,Adnan Harun Yahya,325,pdf,Books/Books for Text_TR-20260529T163910Z-3-002/Books for Text_TR/Duvar_TR/Msn-HYahya/HYahya-ingiliz Derin Devleti-2.pdf,4127222,af43e152774802f607b8cb079aa907245e2d84fd096c8fde8de76508bf7f1cf7,2026-08-14 16:53:04
1038,ÜST AKILİNGİLİZ DERİN DEVLETİNİN İÇYÜZÜ CİLT 1,Harun Yahya,302,pdf,Books/Books for Text_TR-20260529T163910Z-3-002/Books for Text_TR/Duvar_TR/Msn-HYahya/HYahya-ingiliz Derin Devleti-3.pdf,4877425,c93f485f4a89e36951caa8b4e8daa728e35a0634ae4b3e947e798b462d3d2a5c,2026-08-14 16:53:04
1039,Kabala ve Masonluk (Harun Yahya AdnanOktar) (z lib.org),Bilinmiyor,718,pdf,Books/Books for Text_TR-20260529T163910Z-3-002/Books for Text_TR/Duvar_TR/Msn-HYahya/Kabala ve Masonluk (Harun Yahya -AdnanOktar) (z-lib.org).pdf,15465098,f37bbbdcd043be22edd792f56cd779bdef7528d5cd4e18722772f398f56870de,2026-08-14 16:53:04
1040,Layout 1,Bilinmiyor,218,pdf,Books/Books for Text_TR-20260529T163910Z-3-002/Books for Text_TR/Duvar_TR/Msn-HYahya/Tapınak Şövalyeleri (Adnan Oktar [HARUN YAHYA]) (z-lib.org).pdf,8045225,4d0159f0b56debc4d0acae1e11c4cc624a5239c33123d095891a99828e5e7597,2026-08-14 16:53:04
1041,Tapınakçılar Ve Masonlar (Adnan Oktar) (z lib.org),Bilinmiyor,174,pdf,Books/Books for Text_TR-20260529T163910Z-3-002/Books for Text_TR/Duvar_TR/Msn-HYahya/Tapınakçılar Ve Masonlar (Adnan Oktar) (z-lib.org).pdf,8516134,6e2150faf96884ee15842b230942c8a3b9537242b2485bd08a8f4c37a6053cab,2026-08-14 16:53:04
1042,Yeni Masonik Düzen,Harun Yahya,769,pdf,Books/Books for Text_TR-20260529T163910Z-3-002/Books for Text_TR/Duvar_TR/Msn-HYahya/Yeni-Masonik-Duzen-Tr-b7.pdf,3912569,580fb1be46748e5193742314fb0fbc30be7752e5f9dbfc3b1347d51674d3138c,2026-08-14 16:53:04
1043,EKSR HD 33 Derece 209 2015 Döneminde Adalet,Bilinmiyor,182,pdf,Books/Books for Text_TR-20260529T163910Z-3-002/Books for Text_TR/Duvar_TR/Msn-Lc/EKSR_HD_33_Derece_209-2015 Döneminde Adalet.pdf,14192708,94aeecd398015ef4e4d9c7040e6390771756493ca716459ad8407b33dff8cfa5,2026-08-14 16:53:04
1044,Masonluktaki Iskoc Riti Konusunda Anlati,Bilinmiyor,21,pdf,Books/Books for Text_TR-20260529T163910Z-3-002/Books for Text_TR/Duvar_TR/Msn-Lc/Masonluktaki_Iskoc_Riti_Konusunda_Anlati (1).pdf,865469,e6d2227f35c482fc9805f0469ae5f1705cde2f731c19c6908fa6aa48a9bb6f55,2026-08-14 16:53:04
1045,Masonluktaki Iskoc Riti Konusunda Anlati,Bilinmiyor,24,pdf,Books/Books for Text_TR-20260529T163910Z-3-002/Books for Text_TR/Duvar_TR/Msn-Lc/Masonluktaki_Iskoc_Riti_Konusunda_Anlati (2).pdf,977528,4fd0377f8c11f31c2e2a2b50810d58de9bb8c1ba416cc0cc10d2b3ee6ce86ece,2026-08-14 16:53:04
1046,Masonluktaki Iskoc Riti Konusunda Anlati,Bilinmiyor,27,pdf,Books/Books for Text_TR-20260529T163910Z-3-002/Books for Text_TR/Duvar_TR/Msn-Lc/Masonluktaki_Iskoc_Riti_Konusunda_Anlati.pdf,910911,2bada94fa155c875a96e0965ddce4bdf72f3f9f2a242f43da381ac3c27fc4dc3,2026-08-14 16:53:04
1047,Masonluktaki Ritler Konusunda Bir Derlem,Bilinmiyor,77,pdf,Books/Books for Text_TR-20260529T163910Z-3-002/Books for Text_TR/Duvar_TR/Msn-Lc/Masonluktaki_Ritler_Konusunda_Bir_Derlem.pdf,1657419,ca925049e3051cc8786dd6e0f3db67b086b56a9deecb82848d2aeffa44b257c3,2026-08-14 16:53:04
1048,Tanju Koray EKSR d1,Tanjuk,65,pdf,Books/Books for Text_TR-20260529T163910Z-3-002/Books for Text_TR/Duvar_TR/Msn-Lc/Tanju-Koray-EKSR-d1.pdf,665339,597f2cd924b5a2d607656d95795de7e21adeffca320e910088ed4decbdbbfd12,2026-08-14 16:53:04
1049,Tanju Koray EKSR d2,Tanjuk,43,pdf,Books/Books for Text_TR-20260529T163910Z-3-002/Books for Text_TR/Duvar_TR/Msn-Lc/Tanju-Koray-EKSR-d2.pdf,529767,1cd3dc91371683b717a7a4be470f2d8db65391bb91e10b3e01d14e2fa8755919,2026-08-14 16:53:04
1050,Tanju Koray Merak Ettiklerimiz Geometri,Bilinmiyor,16,pdf,Books/Books for Text_TR-20260529T163910Z-3-002/Books for Text_TR/Duvar_TR/Msn-Lc/Tanju-Koray-Merak-Ettiklerimiz-Geometri.pdf,9182710,28ac3c1c3baaa64fc1161c869ba0c5f789d71a42373c3904df2f67fabbe4afcf,2026-08-14 16:53:04
1051,Tanju Koray ozveri CIRAK KALFA,Tanjuk,220,pdf,Books/Books for Text_TR-20260529T163910Z-3-002/Books for Text_TR/Duvar_TR/Msn-Lc/Tanju-Koray-ozveri-CIRAK-KALFA (1).pdf,4756546,52cd2ead403fa453cdfbd9bb2e3b02017a8cf2c14f35b6047d246015d7fff3f2,2026-08-14 16:53:04
1052,TanjuKoray Tablolar 04 Ustat,Bilinmiyor,20,pdf,Books/Books for Text_TR-20260529T163910Z-3-002/Books for Text_TR/Duvar_TR/Msn-Lc/TanjuKoray-Tablolar-04-Ustat.pdf,1674015,d2dd667082b19640f684a9510e1785ac02ddc93b4a5178560d6368316c9dc47d,2026-08-14 16:53:04
1053,Geçmişten Günümüz Masonluk Tarihi,Bilinmiyor,210,pdf,Books/Books for Text_TR-20260529T163910Z-3-002/Books for Text_TR/Duvar_TR/Msn_TR/Geçmişten Günümüz Masonluk Tarihi.pdf,7534133,b8ff243b89244565a768ef6445020bb12e7e6497f4507eb110607162b1327ac7,2026-08-14 16:53:04
1054,Yahudilik ve masonluğa karşı Cevat Rıfat Atilhan,Celil Bozkurt,414,pdf,Books/Books for Text_TR-20260529T163910Z-3-002/Books for Text_TR/Duvar_TR/Msn_TR/Yahudilik ve Masonluğa Karşı Cevat Rıfat Atilhan.pdf,46578385,a5ea07a683cf86bf48950681354f989a6c9596b497ef1b6800a28d3cfbdd623a,2026-08-14 16:53:04
1055,Yön Dergisi 183 Masonluk,Bilinmiyor,16,pdf,Books/Books for Text_TR-20260529T163910Z-3-002/Books for Text_TR/Duvar_TR/Msn_TR/Yön Dergisi-183-Masonluk.pdf,17012642,14bc3ab3fbeb965d698752e8dc97b947f572ec2c10c6005ea505914c46763a14,2026-08-14 16:53:04
1056,"The World's Most Dangerous Secret Societies: The Illuminati, Freemasons, Bilderberg Group, Knights Templar, The Jesuits, Skull And Bones And Others",James Jackson,126,pdf,"Books/Books for Text_TR-20260529T163910Z-3-002/Books for Text_TR/Duvar_TR/illumint/Dünyanın En Tehlikeli Gizli Örgütleri- İlluminati, Masonlar, Bilderberg Grubu, Tapmak Şövalyeleri, Cizvitler, Kafatası ve... (James Jackson) (z-lib.org).pdf",2601556,f518289772e66d75bc97c8e5a204acaa9e1461eaf301bc64c5e3a43b2c67eaa8,2026-08-14 16:53:04
1057,Gizli Orgutler Eski Buyuculerden Cağdaş Darbecilere Attila Tokatlı,Bilinmiyor,235,pdf,Books/Books for Text_TR-20260529T163910Z-3-002/Books for Text_TR/Duvar_TR/illumint/Gizli-Orgutler-Eski-Buyuculerden-Cağdaş-Darbecilere-Attila-Tokatlı.pdf,1696780,0bf4214b89abd66e6466e2cfe761f37a4b5af22054a001d2fc23c99e6b4edb17,2026-08-14 16:53:04
1058,Gizli Toplumlar Ve 20 Yuzyıldaki Gucleri,Bilinmiyor,215,pdf,Books/Books for Text_TR-20260529T163910Z-3-002/Books for Text_TR/Duvar_TR/illumint/Gizli-Toplumlar-Ve-20-Yuzyıldaki-Gucleri.pdf,1800371,958b8e9b57f693442a9240d7f0ad6d50709690b4c6e42eb0bbf0c105f62ff4c7,2026-08-14 16:53:04
1059,Küresel Düzenin Şifreleri Ramazan Kurtoğlu,Bilinmiyor,241,pdf,Books/Books for Text_TR-20260529T163910Z-3-002/Books for Text_TR/Duvar_TR/illumint/Küresel Düzenin Şifreleri-Ramazan Kurtoğlu.pdf,14383214,5a8a7d2d78052dcc1307b6fa634976f3e334adfdaa7a39cfca677e3d6aed6cfa,2026-08-14 16:53:04
1060,Le Forestier Tarihte Ve Gunumuzde Gizli Orgutler,Bilinmiyor,605,pdf,Books/Books for Text_TR-20260529T163910Z-3-002/Books for Text_TR/Duvar_TR/illumint/Le-Forestier-Tarihte-Ve-Gunumuzde-Gizli-Orgutler.pdf,11761518,f16f31dcf71df00327a1a490a5fc63f2d3a16f988083d5350337100b4f7b8ec6,2026-08-14 16:53:04
1061,lluminati'nin yeni dnya dzeni,"orbac, smail;",320,pdf,Books/Books for Text_TR-20260529T163910Z-3-002/Books for Text_TR/Duvar_TR/illumint/İlluminatinin-Tarihcesi.pdf,11167648,5a5cc95098cd27eca5b3c1c1cdf17e65dc185977fe96ca8ec3f6d5019453ca0d,2026-08-14 16:53:04
1062,Kopya,Natonun-gizli-ordular-daniele-ganser,498,pdf,Books/Books for Text_TR-20260529T163910Z-3-002/Books for Text_TR/Gld-Tr/Natonun-gizli-ordular-daniele-ganser - Kopya.pdf,14403763,50926b152eca80f86e9d35822537ac43e6531d6692fc0bf4ba78f055ddaa31a7,2026-08-14 16:53:04
1063,184-1363268069.pdf,user,1,pdf,Books/Books for Text_TR-20260529T163910Z-3-002/Books for Text_TR/Gld-World/Philip Willan Soylesi/3.pdf,64191,51428ff7ea24292ea8d02996f6d69baba09a4f59653536b4018342f2228231b6,2026-08-14 16:53:04
1064,Philip Willan Soylesi-Umran Dergisi-2009-Aralik.pdf,user,6,pdf,Books/Books for Text_TR-20260529T163910Z-3-002/Books for Text_TR/Gld-World/Philip Willan Soylesi/Philip Willan Soylesi-Umran Dergisi-2009-Aralik.pdf,674665,75bd550f6512d74c9034a1971e937fb9091f1fe683656095c3d07ce4b2219907,2026-08-14 16:53:04
1065,Manipüle Edilen Büyükelçi,Ali Dincer,31,pdf,Books/Books for Text_TR-20260529T163910Z-3-002/Books for Text_TR/Karlov/Manipüle Edilen Büyükelçi.pdf,1077680,dd334bb82b9d59c0dc2597afba54abbb28d1418d1a25ad391894d9cb2f3ba493,2026-08-14 16:53:04
1066,karlov case ENG,Ali Dincer,33,pdf,Books/Books for Text_TR-20260529T163910Z-3-002/Books for Text_TR/Karlov/karlov_case_ENG.pdf,421933,602b461aa53b9ea30ff50da5dac752fe5eb9dcd47894ad841dc82e2e6b68c036,2026-08-14 16:53:04
1067,letiim anda kltr,"Lull, James;",386,pdf,Books/Books for Text_TR-20260529T163910Z-3-002/Books for Text_TR/Propaganda ve İkna/Kitle iletisimi/İletişim-Cağında-Kultur.pdf,1707631,7d7a7798df0b2342a7a1926d11b68d94a4e6e3b142e679729bfb5badfeb7bab6,2026-08-14 16:53:04
1068,İletişimin ABC si Unsal Oskay,Bilinmiyor,160,pdf,Books/Books for Text_TR-20260529T163910Z-3-002/Books for Text_TR/Propaganda ve İkna/Kitle iletisimi/İletişimin-ABC-si-Unsal-Oskay.pdf,1166665,d00430dbbec1cecca8fc4b48ce71cf51e319a2d186a2a9d36e23efef25125881,2026-08-14 16:53:04
1069,MANİPÜLASYON TEKNİKLERİ İLE ZİHİN YÖNLENDİRME NASIL YAPILIR?,ÇAĞLAR DOĞAN,128,pdf,Books/Books for Text_TR-20260529T163910Z-3-002/Books for Text_TR/Propaganda ve İkna/Manipulasyon/Manipulasyon-Teknikleri-ile-Zihin-Yonlendirme-Nasil-Yapilir-docx.pdf,410830,d65b8f7b6d3605d8bec98770168483db9c83a6e4804388c506b92e0a069b1fd0,2026-08-14 16:53:04
1070,Manipulasyon Teknikleri,Bilinmiyor,112,pdf,Books/Books for Text_TR-20260529T163910Z-3-002/Books for Text_TR/Propaganda ve İkna/Manipulasyon/Manipulasyon-Teknikleri.pdf,16630121,a1e05a53b38edf72e118f02ae2f2864357c36da502f551364e7648535a7a367e,2026-08-14 16:53:04
1071,Manipülasyon Tuzakları,Bilinmiyor,47,pdf,Books/Books for Text_TR-20260529T163910Z-3-002/Books for Text_TR/Propaganda ve İkna/Manipulasyon/Manipulasyon-Tuzakları-1-1-1.pdf,363979,3e0fcc905814bde9aca9b4dfa7a1e9b9e13a96942ea58fc30539f967bf762f01,2026-08-14 16:53:04
1072,Manipulasyondan Korunmanın Yolları Josef Kirschner,Bilinmiyor,151,pdf,Books/Books for Text_TR-20260529T163910Z-3-002/Books for Text_TR/Propaganda ve İkna/Manipulasyon/Manipulasyondan-Korunmanın-Yolları-Josef-Kirschner.pdf,3754901,1b2d71f912c5a2b9018a1f775bc57eb7d82a95eabb5cab244a11dd265203a641,2026-08-14 16:53:04
1073,Medya Demokrasisi Thomas Meyer,Bilinmiyor,223,pdf,Books/Books for Text_TR-20260529T163910Z-3-002/Books for Text_TR/Propaganda ve İkna/Medya/Medya-Demokrasisi-Thomas-Meyer.pdf,8843768,e1c6900ec4bad03f7444f8bf4e092a40a1e50634c6123ca2050870b38ca02a83,2026-08-14 16:53:04
1074,Medya dezenformasyonu sözlüğü,Onur Aslan,11,pdf,Books/Books for Text_TR-20260529T163910Z-3-002/Books for Text_TR/Propaganda ve İkna/Medya/Medya-Dezenformasyonu-Sozluğu.pdf,4451610,844de0cc14a540aed88244e711fbc166413e5ead3b17b514de79f842083a048e,2026-08-14 16:53:04
1075,Medya Populer Kultur ve Ideoloji,Bilinmiyor,271,pdf,Books/Books for Text_TR-20260529T163910Z-3-002/Books for Text_TR/Propaganda ve İkna/Medya/Medya-Populer-Kultur-ve-Ideoloji.pdf,9915260,15ff9cd26a5f229c96642346e8c818064abb8b9c31996a6b907c2a734d8c4d47,2026-08-14 16:53:04
1076,Medya Ve Demokrasi John Keane,Bilinmiyor,175,pdf,Books/Books for Text_TR-20260529T163910Z-3-002/Books for Text_TR/Propaganda ve İkna/Medya/Medya-Ve-Demokrasi-John-Keane.pdf,9910822,da83ddc4044fbf07fc910889da15adf24d9d9536c2b6c1e8418b2f926759b38a,2026-08-14 16:53:04
1077,Medya Ve Gazetecilikte Etik Sorunlar,Bilinmiyor,222,pdf,Books/Books for Text_TR-20260529T163910Z-3-002/Books for Text_TR/Propaganda ve İkna/Medya/Medya-Ve-Gazetecilikte-Etik-Sorunlar.pdf,2890252,67b1178bbeacb9a5e604bb313491d06883b46688588b25953c69819819e1759a,2026-08-14 16:53:04
1078,Medya ve iletisim Sosyolojisi Eric Maıgret,Bilinmiyor,370,pdf,Books/Books for Text_TR-20260529T163910Z-3-002/Books for Text_TR/Propaganda ve İkna/Medya/Medya-ve-iletisim-Sosyolojisi-Eric-Maıgret.pdf,6831959,d44d48bd2130eac925a5802a4a9f1da16e8932982a63f2bf9283182fb5be795c,2026-08-14 16:53:04
1079,Yeni Medyalar Francis Balle Gerard Eymery,Bilinmiyor,137,pdf,Books/Books for Text_TR-20260529T163910Z-3-002/Books for Text_TR/Propaganda ve İkna/Medya/Yeni-Medyalar-Francis-Balle-Gerard-Eymery.pdf,5958378,b2407518d6ed9fa81fde353648fe1b518de914f3c5befa701ad95462a71a1f84,2026-08-14 16:53:04
1080,İletişim ve Televizyon Teorileri Rıdvan Şenturk,Bilinmiyor,288,pdf,Books/Books for Text_TR-20260529T163910Z-3-002/Books for Text_TR/Propaganda ve İkna/Medya/İletişim-ve-Televizyon-Teorileri-Rıdvan-Şenturk.pdf,2763339,f02231c0d6a62358ce535be33edbe52ca5f306b08e1a64f2ff820a198c7e1258,2026-08-14 16:53:04
1081,AKP Devrinde Medya Alemi (Vahdet Mesut Ayan) (z lib.org),Bilinmiyor,320,pdf,Books/Books for Text_TR-20260529T163910Z-3-002/Books for Text_TR/RTE/AKP Devrinde Medya Alemi (Vahdet Mesut Ayan) (z-lib.org).pdf,7493872,5fa9cbfe409694d0c32ec30ea08a6406f4069a6f13a36b7336b723ba57141479,2026-08-14 16:53:04
1082,Akıncılar Hareketi 1970 lerde İslamcı Gencliğin Oluşumu Ertuğrul Zengin,Bilinmiyor,351,pdf,Books/Books for Text_TR-20260529T163910Z-3-002/Books for Text_TR/RTE/Akıncılar-Hareketi-1970-lerde-İslamcı-Gencliğin-Oluşumu-Ertuğrul-Zengin.pdf,2714017,ac8e64ebcbe7859d04125618144eff32e1e06d07e0eb758825d1a541d7bbf5df,2026-08-14 16:53:04
1083,BİR AKP BELGESELİ MASKESİZ SOYGUN (İLHAN TAŞCI) (z lib.org),Bilinmiyor,-,epub,Books/Books for Text_TR-20260529T163910Z-3-002/Books for Text_TR/RTE/BİR AKP BELGESELİ-MASKESİZ SOYGUN (İLHAN TAŞCI) (z-lib.org).epub,10343940,fc5e52535a8c508f6aae0b88b585238edbe767c27324c27841e888eb6ba8d970,2026-08-14 16:53:04
1084,Musa'nın Çocukları Tayyip ve Emine,Ergün Poyraz,173,pdf,Books/Books for Text_TR-20260529T163910Z-3-002/Books for Text_TR/RTE/Ergun-Poyraz-Musa`nın-Cocukları-Tayyip-Ve-Emine.pdf,1094662,b40400897498d699b86ffc773825b275f2b4581689e49624b4fc27fe799d03de,2026-08-14 16:53:04
1085,Murat Agirel parsel parsel,Bilinmiyor,270,pdf,Books/Books for Text_TR-20260529T163910Z-3-002/Books for Text_TR/RTE/Murat-Agirel-parsel-parsel.pdf,4582186,f4bff35f617df1fc36d7c75a4dd7d1284720966adeb9ef8f3affb523b3dc28c1,2026-08-14 16:53:04
1086,Veysel Batmaz,Serkan Çakmak,331,pdf,Books/Books for Text_TR-20260529T163910Z-3-002/Books for Text_TR/RTE/PKK-Cumhuriyeti-Sufyan-Erdoğan-ve-AKP-acmazı.pdf,1918364,d368b4445fa9d9979a6a936664066d571658a5c87363dffc24ae1f1e6e3a97b1,2026-08-14 16:53:04
1087,SS 1 Baris Pehlivan Baris Terkoglu,Bilinmiyor,228,pdf,Books/Books for Text_TR-20260529T163910Z-3-002/Books for Text_TR/RTE/SS-1-Baris-Pehlivan-Baris-Terkoglu.pdf,22662019,9c4d0422d20167baebee65e4eee545a0da66fc4182f8ae85a4dcf7ec2446a208,2026-08-14 16:53:04
1088,TAKKELİ FİRAVUNLAR VE BUYUK SİYASİ SIRLAR,Bilinmiyor,194,pdf,Books/Books for Text_TR-20260529T163910Z-3-002/Books for Text_TR/RTE/TAKKELİ-FİRAVUNLAR-VE-BUYUK-SİYASİ-SIRLAR.pdf,4143678,f2ed15bc810c900578acb072f714efbcf372755c011f91b55749ac2756c1adb3,2026-08-14 16:53:04
1089,Yeni Muhafazakarlık Neo-Conlar,Merdan Yanardağ,93,pdf,Books/Books for Text_TR-20260529T163910Z-3-002/Books for Text_TR/RTE/Yeni-Muhafazakarlık-Neo-Conlar-Merdan-Yanardağ-2013.pdf,744563,7ee028eee8ebad37317a8bf5d4b2f3cdb0739e87a55436e145fc7e18d22cfc76,2026-08-14 16:53:04
1090,Halil Inalcik Devlet i Aliyye,Bilinmiyor,389,pdf,Books/Books for Text_TR-20260529T163910Z-3-002/Books for Text_TR/Tarih/Halil İnalcık/Halil-Inalcik-Devlet-i-Aliyye-1-pdf.pdf,16702066,e9d73b765cc7457c528383490193dee5f4d6cc5d4f1d712b730431eacd447b13,2026-08-14 16:53:04
1091,Halil Inalcik Devlet i Aliyye,Bilinmiyor,481,pdf,Books/Books for Text_TR-20260529T163910Z-3-002/Books for Text_TR/Tarih/Halil İnalcık/Halil-Inalcik-Devlet-i-Aliyye-3.pdf,25093847,2dce0369730aa1551d5619a026fbcc411ee8e532a40419b3cfb60dbba9e7f7d4,2026-08-14 16:53:07
1092,Halil Inalcik Kurulus Donemi Osmanli Sultanlari,Bilinmiyor,265,pdf,Books/Books for Text_TR-20260529T163910Z-3-002/Books for Text_TR/Tarih/Halil İnalcık/Halil-Inalcik-Kurulus-Donemi-Osmanli-Sultanlari.pdf,8974279,5f177daa01feea064e51e26e59c2ccf10cd0977bba9c9c47b4e4111cd84b7940,2026-08-14 16:53:07
1093,Dünün Belgeleri Yarının Tarihi,Aytunç Altındal,213,pdf,Books/Books for Text_TR-20260529T163910Z-3-002/Books for Text_TR/Yazarlar-Tr/Aytunç Altındal/Aytunc Altındal-Dunun-Belgeleri-Yarının-Tarihi.pdf,3050488,3d212551c699aae20a3c1d476f732e4f11d8014d960fe2367d4114439f625d0d,2026-08-14 16:53:07
1094,Hangi İsa,Aytunç Altındal,196,pdf,Books/Books for Text_TR-20260529T163910Z-3-002/Books for Text_TR/Yazarlar-Tr/Aytunç Altındal/Aytunç Altındal - Hangi İsa.pdf,901459,a362cfcfd22742a1ee3d784d2fa4da2a07346d25f833f2229ead0932b582e4ab,2026-08-14 16:53:07
1095,VATIKAN,Moriss,128,pdf,Books/Books for Text_TR-20260529T163910Z-3-002/Books for Text_TR/Yazarlar-Tr/Aytunç Altındal/Aytunç Altındal - Vatikan Ve Tapınak Şovalyeleri.pdf,654528,053171560ccdcf67e86ea6214959342fe53b42cf93e3286a3c9f8c0aaf183011,2026-08-14 16:53:07
1096,Mafyokrasi,Doğu Perinçek,103,pdf,Books/Books for Text_TR-20260529T163910Z-3-002/Books for Text_TR/Yazarlar-Tr/Dogu-Perincek/Dogu-Perincek-Mafyokrasi.pdf,1034218,ac4a4347491b8e061450a052713814f08b2fad60d09949615f8d82d544441c9f,2026-08-14 16:53:07
1097,Mahir Kaynak Derin Pkk Büyük Oyun un Gizli Kodları,Bilinmiyor,174,pdf,Books/Books for Text_TR-20260529T163910Z-3-002/Books for Text_TR/Yazarlar-Tr/Mahir Kaynak/Mahir Kaynak-Derin Pkk-Büyük Oyun_un Gizli Kodları.pdf,4309517,68bb9cf48e6d710f003400124e0d099ff685e6db653927c94eb599a1b23b1f99,2026-08-14 16:53:07
1098,Binbaşı Ersever'in İtirafları,Soner Yalçın,168,pdf,Books/Books for Text_TR-20260529T163910Z-3-002/Books for Text_TR/Yazarlar-Tr/Soner Yalçın/Soner-Yalcin-Binbasi-Ersever-in-Itiraflari.pdf,982192,794502218e643f985375b854e61250a021658763a5cc29405315c94996316048,2026-08-14 16:53:07
1099,Kara Kutu,Soner Yalçın,576,pdf,Books/Books for Text_TR-20260529T163910Z-3-002/Books for Text_TR/Yazarlar-Tr/Soner Yalçın/Soner-Yalcın-Kara-Kutu-1-pdf.pdf,280793177,67b1c68fd66eb78ef8c8cc49413c492b93bdc22b9292e87f97d37a530d1cb6b8,2026-08-14 16:53:07
1100,Teşkilatın İki Silahşörü,Soner Yalçın,291,pdf,Books/Books for Text_TR-20260529T163910Z-3-002/Books for Text_TR/Yazarlar-Tr/Soner Yalçın/Soner-Yalcın-Teşkilatın-İki-Silahşoru-pdf (1).pdf,1298933,c6527db701e497f62e77d5912cb2f5247cd40b20da41237133afe49f17ea5d9b,2026-08-14 16:53:07
1101,Bilinmeyen Yönleriyle Soner Yalçın,www.bilginist.com,8,pdf,Books/Books for Text_TR-20260529T163910Z-3-002/Books for Text_TR/Yazarlar-Tr/Soner Yalçın/zBilinmeyen-Yonleriyle-Soner-Yalcın.pdf,138463,8178abba6ade7bf227bd71a2c6c3d78878e5b54b4d8cf74ff42a58ca5c80cd4d,2026-08-14 16:53:07
1102,Uğur Mumcu _ Rabıta,Yasar Mutlu,288,pdf,Books/Books for Text_TR-20260529T163910Z-3-002/Books for Text_TR/Yazarlar-Tr/Uğur Mumcu/Ugur-Mumcu-Rabita.pdf,1376474,8bd0b759a1b12fdc460b32214a7855cad5e89ad0cc659ebfb2be76740ac30e40,2026-08-14 16:53:07
1103,Uğur Mumcu Kürt Dosyası,Bilinmiyor,165,pdf,Books/Books for Text_TR-20260529T163910Z-3-002/Books for Text_TR/Yazarlar-Tr/Uğur Mumcu/Uğur-Mumcu-Kürt Dosyası.pdf,12086201,53c8bf4bddf7af1bced8c66b671b1626e0d9d2f95e5b1373032880d7d982650c,2026-08-14 16:53:07
1104,"Evet, Ben Selanikliyim",Ilgaz Zorlu,233,pdf,Books/Books for Text_TR-20260529T163910Z-3-002/Books for Text_TR/Yhd/Sbty ve Yhd/Evet-Ben-Selanikliyim-Turkiye-Sabetaycilighi-Ilqaz-Zorlu-1998-233s-pdf.pdf,4261641,26a01065f590d2e19143c4eef8182e7d7ea7575e84d96c2c3920240223c291eb,2026-08-14 16:53:07
1105,Musa ve Yahudilik,Hayrullah Örs,385,pdf,Books/Books for Text_TR-20260529T163910Z-3-002/Books for Text_TR/Yhd/Sbty ve Yhd/Musa-ve-Yahudilik-Hayrullah Ors.pdf,3236550,ac6faecbf6b1a2f318b227074a32163d07668879560b10d728748c0896b27740,2026-08-14 16:53:07
1106,Sabetay Sevi İzmirli Mesih,Joseph Kastein & Orhan Düz (çev.),305,pdf,Books/Books for Text_TR-20260529T163910Z-3-002/Books for Text_TR/Yhd/Sbty ve Yhd/Sabetay-Sevi-Joseph-Kastein-Izmirli-Mesih.pdf,3422554,8355b4aa971bc0f8c9b7bc031348bc621c5cbb13cb94645df1dbc0b5a8a0432f,2026-08-14 16:53:07
1107,Selanik Yahudileri 1856 1919 Rena Molho,Bilinmiyor,321,pdf,Books/Books for Text_TR-20260529T163910Z-3-002/Books for Text_TR/Yhd/Sbty ve Yhd/Selanik-Yahudileri-1856-1919-Rena-Molho.pdf,3684394,a8b604a96109be890aa233a4af1137f4cc2b53c6947444a8e3816df766239618,2026-08-14 16:53:07
1108,"Selanikli Dönmeler Yahudilikten Dönenler, Müslüman Devrimciler ve Seküler Türkler",Marc David Baer & Sevinç Kayır (çev.),368,pdf,Books/Books for Text_TR-20260529T163910Z-3-002/Books for Text_TR/Yhd/Sbty ve Yhd/Selanikli-Donmeler-Marc-David-Baer.pdf,6058774,ddfcedc8fe41c137c572e4c7299b4b98a4b2884d9dc2126d3af700032d8b537c,2026-08-14 16:53:07
1109,İstanbul Yahudi Cemaati’nin Tarihi Oluşum Yılları (1453 1566) (Minna Rozen) (z lib.org),Bilinmiyor,-,epub,Books/Books for Text_TR-20260529T163910Z-3-002/Books for Text_TR/Yhd/Sbty ve Yhd/İstanbul Yahudi Cemaati’nin Tarihi Oluşum Yılları (1453-1566) (Minna Rozen) (z-lib.org).epub,9324555,62559a2c5af8343f9c10085800b09047e06f82d8db27286ee03ac2ce84a2bc12,2026-08-14 16:53:07
1110,Siyonizm Dosyası,Roger Garaudy,203,pdf,Books/Books for Text_TR-20260529T163910Z-3-002/Books for Text_TR/Yhd/Sion/Roger-Garaudy-Siyonizm Dosyası.pdf,9036807,6d9edbdb1f3560c7407af37018831f054ea8c4ec33f0e9dd96166f7a1843e1a2,2026-08-14 16:53:07
1111,Siyonizmson,Bilinmiyor,596,pdf,Books/Books for Text_TR-20260529T163910Z-3-002/Books for Text_TR/Yhd/Sion/Siyonizmson.pdf,119401197,63214006cd090ad8af1ff041c137f9d4addc186d5c7eec90eedbd9a5b1a86709,2026-08-14 16:53:07
1112,iKalin Knowledge in Later Islamic Philosophy Mulla Sadra on Existence Intellect and Intuition,Bilinmiyor,338,pdf,Books/Books for Text_TR-20260529T163910Z-3-002/Books for Text_TR/İstihbarat/Kalin/iKalin Englısh/iKalin-Knowledge-in-Later-Islamic-Philosophy-Mulla-Sadra-on-Existence-Intellect-and-Intuition-2010-pdf.pdf,1757375,320d36ab37e129e3a790c875dc9bda235e36597e1a57a0e91b921da1a8472823,2026-08-14 16:53:07
1113,Analiz Mehmet Eymur,Bilinmiyor,141,pdf,Books/Books for Text_TR-20260529T163910Z-3-002/Books for Text_TR/İstihbarat/Mit/Analiz-Mehmet-Eymur.pdf,1413835,a0cbf1e99790eaa4db3afdd22f40da5c585442e9bef33574920c9614a548f70c,2026-08-14 16:53:07
1114,CIA nin Buyuk Operasyonları,Maximum Bilgi (www.maximumbilgi.com),90,pdf,Books/Books for Text_TR-20260529T163910Z-3-002/Books for Text_TR/İstihbarat/ca/CIA-nin-Buyuk-Operasyonları.pdf,1000704,7413b1c467413ee53821644f3c57a0f18d8505d6ded4985f5a3525000d7139af,2026-08-14 16:53:07
1115,Mimar Sinan dergisi,Bilinmiyor,94,pdf,Books/Books for Text_TR-20260529T163910Z-3-003/Books for Text_TR/Duvar_TR/Dergi-MSinan/Mimar-Sinan-dergisi-10.pdf,52253795,4ff98d817e9dc83cf0316cf6f60747edc896264e35b1ea64779b3b82e52e9adb,2026-08-14 16:53:07
1116,Mimar Sinan dergisi,Bilinmiyor,106,pdf,Books/Books for Text_TR-20260529T163910Z-3-003/Books for Text_TR/Duvar_TR/Dergi-MSinan/Mimar-Sinan-dergisi-103.pdf,4805289,dfa5965fed798016c22c33209623e1953557f5663695ab435ada7e84795aa863,2026-08-14 16:53:07
1117,Mimar Sinan dergisi,Bilinmiyor,106,pdf,Books/Books for Text_TR-20260529T163910Z-3-003/Books for Text_TR/Duvar_TR/Dergi-MSinan/Mimar-Sinan-dergisi-104.pdf,5760313,dd62d7a54704de0ef2486bb07daf9f912169eaed98ca55c66fcaa50cf02eb25f,2026-08-14 16:53:07
1118,Mimar Sinan dergisi,Bilinmiyor,106,pdf,Books/Books for Text_TR-20260529T163910Z-3-003/Books for Text_TR/Duvar_TR/Dergi-MSinan/Mimar-Sinan-dergisi-105.pdf,5137719,d7244da6b60602bee19a991c28b4f7dc0b3bef97214d1d5dda2da33607b22510,2026-08-14 16:53:07
1119,Mimar Sinan dergisi,Bilinmiyor,113,pdf,Books/Books for Text_TR-20260529T163910Z-3-003/Books for Text_TR/Duvar_TR/Dergi-MSinan/Mimar-Sinan-dergisi-106.pdf,4605394,5f62efc7796cd7cbf303144d85755ffa90a0ddb4b1389014d877c14f014afd33,2026-08-14 16:53:07
1120,Mimar Sinan dergisi,Bilinmiyor,114,pdf,Books/Books for Text_TR-20260529T163910Z-3-003/Books for Text_TR/Duvar_TR/Dergi-MSinan/Mimar-Sinan-dergisi-107.pdf,5182081,3a399b00c74caed52694f97286dd9c555e8202b3b22bf424dae0ca635e5813d3,2026-08-14 16:53:07
1121,Mimar Sinan dergisi,Bilinmiyor,114,pdf,Books/Books for Text_TR-20260529T163910Z-3-003/Books for Text_TR/Duvar_TR/Dergi-MSinan/Mimar-Sinan-dergisi-108.pdf,5328874,d97609558b8f0205f8f2d7c2734691577b8418e5c5a0a5cd7a5859e66d975619,2026-08-14 16:53:07
1122,Mimar Sinan dergisi,Bilinmiyor,114,pdf,Books/Books for Text_TR-20260529T163910Z-3-003/Books for Text_TR/Duvar_TR/Dergi-MSinan/Mimar-Sinan-dergisi-109.pdf,5402678,1fbc8a32bb8be15bc550850f3ae2db3da33bec56ab73248ae78fbe186f69cb97,2026-08-14 16:53:07
1123,Mimar Sinan dergisi 11,Bilinmiyor,110,pdf,Books/Books for Text_TR-20260529T163910Z-3-003/Books for Text_TR/Duvar_TR/Dergi-MSinan/Mimar-Sinan-dergisi-11-12.pdf,18101656,909f7a46222cba3510c1da4a34d487766623edc8b652b0b5fa5dad3a1a0e53b2,2026-08-14 16:53:07
1124,Mimar Sinan dergisi,Bilinmiyor,114,pdf,Books/Books for Text_TR-20260529T163910Z-3-003/Books for Text_TR/Duvar_TR/Dergi-MSinan/Mimar-Sinan-dergisi-110.pdf,5429289,5b79aaa2aa3b19a404f60068669a8f19a7cbcb22ed9228b2e459e8be04ae09a7,2026-08-14 16:53:07
1125,Mimar Sinan dergisi,Bilinmiyor,106,pdf,Books/Books for Text_TR-20260529T163910Z-3-003/Books for Text_TR/Duvar_TR/Dergi-MSinan/Mimar-Sinan-dergisi-111.pdf,4381596,a995064af6d51a31e1eabab6c3b429473009b0d8b07b3345c528431a853415fa,2026-08-14 16:53:07
1126,Mimar Sinan dergisi,Bilinmiyor,106,pdf,Books/Books for Text_TR-20260529T163910Z-3-003/Books for Text_TR/Duvar_TR/Dergi-MSinan/Mimar-Sinan-dergisi-112.pdf,4381048,8822c0763cf40729f48cb81e7e1db6b2dfafac09ddb040ba15865e448c6966cc,2026-08-14 16:53:07
1127,Mimar Sinan dergisi,Bilinmiyor,114,pdf,Books/Books for Text_TR-20260529T163910Z-3-003/Books for Text_TR/Duvar_TR/Dergi-MSinan/Mimar-Sinan-dergisi-113.pdf,5023182,193bb962d892d19ba9c0cb151c412f29deba7aadb3ba6ab2877b7b74472a38f9,2026-08-14 16:53:07
1128,Mimar Sinan dergisi,Bilinmiyor,121,pdf,Books/Books for Text_TR-20260529T163910Z-3-003/Books for Text_TR/Duvar_TR/Dergi-MSinan/Mimar-Sinan-dergisi-114.pdf,5031827,cea44fb312740b22c977329aff409185c2729de47e26341664aac6554db3ba53,2026-08-14 16:53:07
1129,Mimar Sinan dergisi,Bilinmiyor,114,pdf,Books/Books for Text_TR-20260529T163910Z-3-003/Books for Text_TR/Duvar_TR/Dergi-MSinan/Mimar-Sinan-dergisi-115.pdf,4420473,b2a55be85ab10e84660391f1163e8110a3bcda7de5a226994e81ed707eb30462,2026-08-14 16:53:07
1130,Mimar Sinan dergisi,Bilinmiyor,114,pdf,Books/Books for Text_TR-20260529T163910Z-3-003/Books for Text_TR/Duvar_TR/Dergi-MSinan/Mimar-Sinan-dergisi-116.pdf,4746102,b67e8eaab6f4a75ffca6daacbd198eb5e6ad043334175898cc542a1000105776,2026-08-14 16:53:07
1131,Mimar Sinan dergisi,Bilinmiyor,113,pdf,Books/Books for Text_TR-20260529T163910Z-3-003/Books for Text_TR/Duvar_TR/Dergi-MSinan/Mimar-Sinan-dergisi-117.pdf,4523881,ed0b16436a30aa94487928e98d9b9fc31591a6fee47440e034e7f016e66a8697,2026-08-14 16:53:07
1132,Mimar Sinan dergisi,Bilinmiyor,114,pdf,Books/Books for Text_TR-20260529T163910Z-3-003/Books for Text_TR/Duvar_TR/Dergi-MSinan/Mimar-Sinan-dergisi-118.pdf,4646728,4458da77556dbba4dc90bb25496571964cc2cdec26a5434776636a4e50f2659c,2026-08-14 16:53:07
1133,Mimar Sinan dergisi,Bilinmiyor,122,pdf,Books/Books for Text_TR-20260529T163910Z-3-003/Books for Text_TR/Duvar_TR/Dergi-MSinan/Mimar-Sinan-dergisi-119.pdf,5131472,796351cb06f9ba91a911a6d3bb817912be621c3f7b203063efc9bfbd509466e3,2026-08-14 16:53:07
1134,Mimar Sinan dergisi,Bilinmiyor,130,pdf,Books/Books for Text_TR-20260529T163910Z-3-003/Books for Text_TR/Duvar_TR/Dergi-MSinan/Mimar-Sinan-dergisi-120.pdf,5339170,cdac1599755388346c8b4537bdfffe381e8cb3a184d2ce86d032ecf616f1d98a,2026-08-14 16:53:07
1135,Mimar Sinan dergisi,Bilinmiyor,130,pdf,Books/Books for Text_TR-20260529T163910Z-3-003/Books for Text_TR/Duvar_TR/Dergi-MSinan/Mimar-Sinan-dergisi-121.pdf,5327158,bb27a766f61d0a6b35b144bba5c6633eaf0d3ee58d7a7f7d93563a322a8f89f6,2026-08-14 16:53:07
1136,Mimar Sinan dergisi,Bilinmiyor,122,pdf,Books/Books for Text_TR-20260529T163910Z-3-003/Books for Text_TR/Duvar_TR/Dergi-MSinan/Mimar-Sinan-dergisi-122.pdf,4731552,a26e1978631c63589897e3685a752251c53341f62889f5219d04c58d091c740a,2026-08-14 16:53:07
1137,Mimar Sinan dergisi,Bilinmiyor,130,pdf,Books/Books for Text_TR-20260529T163910Z-3-003/Books for Text_TR/Duvar_TR/Dergi-MSinan/Mimar-Sinan-dergisi-123.pdf,5277458,7bb6affa3c09293d22c99d007b468f71242e130d31a5ef7d6602b7a4f555020e,2026-08-14 16:53:07
1138,Mimar Sinan dergisi,Bilinmiyor,130,pdf,Books/Books for Text_TR-20260529T163910Z-3-003/Books for Text_TR/Duvar_TR/Dergi-MSinan/Mimar-Sinan-dergisi-124.pdf,4834253,b08b3ff9a00b005e41c0f90096df9809ee1faa8c878bfaa4d9f847066e83f716,2026-08-14 16:53:07
1139,Mimar Sinan dergisi,Bilinmiyor,122,pdf,Books/Books for Text_TR-20260529T163910Z-3-003/Books for Text_TR/Duvar_TR/Dergi-MSinan/Mimar-Sinan-dergisi-125.pdf,5079719,51166425cb5162d5492ec5f01278ee6bd54499398a8cd0296cfc795f24e6937a,2026-08-14 16:53:07
1140,Mimar Sinan dergisi,Bilinmiyor,130,pdf,Books/Books for Text_TR-20260529T163910Z-3-003/Books for Text_TR/Duvar_TR/Dergi-MSinan/Mimar-Sinan-dergisi-126.pdf,5195675,11fe6034dd78a172004278f2d654ea6917383a97c7230049f6aa2875c3de65d4,2026-08-14 16:53:07
1141,Mimar Sinan dergisi,Bilinmiyor,114,pdf,Books/Books for Text_TR-20260529T163910Z-3-003/Books for Text_TR/Duvar_TR/Dergi-MSinan/Mimar-Sinan-dergisi-127.pdf,4650142,1499cd046885d427488166026f2260447436a3ffb08402afcfaab81ae8875d26,2026-08-14 16:53:07
1142,Mimar Sinan dergisi,Bilinmiyor,106,pdf,Books/Books for Text_TR-20260529T163910Z-3-003/Books for Text_TR/Duvar_TR/Dergi-MSinan/Mimar-Sinan-dergisi-128.pdf,4076238,4e66989825484c8e4d3ca128a0e888d36b1996dc6b3c850e4eb8c318864a63a6,2026-08-14 16:53:07
1143,Mimar Sinan dergisi,Bilinmiyor,114,pdf,Books/Books for Text_TR-20260529T163910Z-3-003/Books for Text_TR/Duvar_TR/Dergi-MSinan/Mimar-Sinan-dergisi-129.pdf,4282977,3f17b89f1e965391c74d1479120645b9808adee34ecab8c0d4ed524a0e416720,2026-08-14 16:53:07
1144,Mimar Sinan dergisi,Bilinmiyor,123,pdf,Books/Books for Text_TR-20260529T163910Z-3-003/Books for Text_TR/Duvar_TR/Dergi-MSinan/Mimar-Sinan-dergisi-13.pdf,5980896,0bd3aa65f6207089e4b522106176bb8c228bc14e643804a8e662f0fdf3bd4d87,2026-08-14 16:53:07
1145,Mimar Sinan dergisi,Bilinmiyor,162,pdf,Books/Books for Text_TR-20260529T163910Z-3-003/Books for Text_TR/Duvar_TR/Dergi-MSinan/Mimar-Sinan-dergisi-130.pdf,6692233,11c73fb2e50bdd494329f14d5bb99c51c96fc7561163f4f2d52cbc2b52367fba,2026-08-14 16:53:07
1146,Mimar Sinan dergisi,Bilinmiyor,110,pdf,Books/Books for Text_TR-20260529T163910Z-3-003/Books for Text_TR/Duvar_TR/Dergi-MSinan/Mimar-Sinan-dergisi-131.pdf,4038333,d10a4abee1054cc7f2d4f81c88c5b603953ed8ceec852b64e147358ffb50ace0,2026-08-14 16:53:07
1147,Mimar Sinan dergisi,Bilinmiyor,130,pdf,Books/Books for Text_TR-20260529T163910Z-3-003/Books for Text_TR/Duvar_TR/Dergi-MSinan/Mimar-Sinan-dergisi-132.pdf,4900823,bccaa79a763e4c04ad6567110f32f99bc6d324d393659f4ac38dccee6e304e1d,2026-08-14 16:53:07
1148,Mimar Sinan dergisi,Bilinmiyor,130,pdf,Books/Books for Text_TR-20260529T163910Z-3-003/Books for Text_TR/Duvar_TR/Dergi-MSinan/Mimar-Sinan-dergisi-133.pdf,4714607,4d572d0eca871cd24c7017ffeb25d529b907afde3cb85f87acccd7339996751f,2026-08-14 16:53:07
1149,Mimar Sinan dergisi,Bilinmiyor,114,pdf,Books/Books for Text_TR-20260529T163910Z-3-003/Books for Text_TR/Duvar_TR/Dergi-MSinan/Mimar-Sinan-dergisi-134.pdf,3850578,8cbaaf4fd526cf7eb928af204b4bf73887a3ebea26fbc2895f0b330760bbac06,2026-08-14 16:53:07
1150,Mimar Sinan dergisi,Bilinmiyor,242,pdf,Books/Books for Text_TR-20260529T163910Z-3-003/Books for Text_TR/Duvar_TR/Dergi-MSinan/Mimar-Sinan-dergisi-135.pdf,9102862,2968164bfaa2c551c3642aae2b8155479e646bdcbd05e91eee1d9f62410aee5a,2026-08-14 16:53:07
1151,Mimar Sinan dergisi,Bilinmiyor,114,pdf,Books/Books for Text_TR-20260529T163910Z-3-003/Books for Text_TR/Duvar_TR/Dergi-MSinan/Mimar-Sinan-dergisi-136.pdf,4221679,157c9fbe01b1d153c7d490d9c407491931e7080257d4960cf7442e9fc3dbc69c,2026-08-14 16:53:07
1152,Mimar Sinan dergisi,Bilinmiyor,114,pdf,Books/Books for Text_TR-20260529T163910Z-3-003/Books for Text_TR/Duvar_TR/Dergi-MSinan/Mimar-Sinan-dergisi-138.pdf,3894264,c856d16ddd5aa8abdc07c229dac2ec4ee39bb5996c3785796d6daca3cd69e8bf,2026-08-14 16:53:07
1153,Mimar Sinan dergisi,Bilinmiyor,134,pdf,Books/Books for Text_TR-20260529T163910Z-3-003/Books for Text_TR/Duvar_TR/Dergi-MSinan/Mimar-Sinan-dergisi-139.pdf,4845821,41e94af6e63497de08d2fe4ea268da321b33a4f7665fdf5022d0a3bca9ff1377,2026-08-14 16:53:07
1154,Mimar Sinan dergisi,Bilinmiyor,122,pdf,Books/Books for Text_TR-20260529T163910Z-3-003/Books for Text_TR/Duvar_TR/Dergi-MSinan/Mimar-Sinan-dergisi-140.pdf,4529283,198954fc910a82c8ab32dfc1889eea201b3263ab1de13ed9e3affd5aed757b7c,2026-08-14 16:53:07
1155,Mimar Sinan dergisi,Bilinmiyor,114,pdf,Books/Books for Text_TR-20260529T163910Z-3-003/Books for Text_TR/Duvar_TR/Dergi-MSinan/Mimar-Sinan-dergisi-141.pdf,4204225,1a53317a1e2e733a552a1a4eef7c3c38b89a859e69f6ac73645ba0f63e1552b2,2026-08-14 16:53:07
1156,Mimar Sinan dergisi,Bilinmiyor,98,pdf,Books/Books for Text_TR-20260529T163910Z-3-003/Books for Text_TR/Duvar_TR/Dergi-MSinan/Mimar-Sinan-dergisi-142.pdf,3215063,f37cb831144e9e819538c2a14aed76f32d43da7b165a04949ba8a66bd258a4ef,2026-08-14 16:53:07
1157,Mimar Sinan dergisi,Bilinmiyor,146,pdf,Books/Books for Text_TR-20260529T163910Z-3-003/Books for Text_TR/Duvar_TR/Dergi-MSinan/Mimar-Sinan-dergisi-143.pdf,5307496,d68d4cb1943eee003fd8d2e6b32cbdb8e4bcba01b6931d9921cda8f9f174ba52,2026-08-14 16:53:07
1158,Mimar Sinan dergisi,Bilinmiyor,106,pdf,Books/Books for Text_TR-20260529T163910Z-3-003/Books for Text_TR/Duvar_TR/Dergi-MSinan/Mimar-Sinan-dergisi-144.pdf,3717418,0f0defd3f086069f34cfde18ad6dec327d10bea1e7b7060f1c2edf48b53ec53b,2026-08-14 16:53:07
1159,Mimar Sinan dergisi,Bilinmiyor,106,pdf,Books/Books for Text_TR-20260529T163910Z-3-003/Books for Text_TR/Duvar_TR/Dergi-MSinan/Mimar-Sinan-dergisi-145.pdf,3698554,2ca0efd4c92c02eb3619accc194e2d199360e0df372c919b958dce3b3adf5741,2026-08-14 16:53:07
1160,Mimar Sinan dergisi,Bilinmiyor,82,pdf,Books/Books for Text_TR-20260529T163910Z-3-003/Books for Text_TR/Duvar_TR/Dergi-MSinan/Mimar-Sinan-dergisi-147.pdf,3043412,d0d456c295dc69d7e77f6834754ed731d8849a4f4f8cd0dd8c14f3d5cde665b3,2026-08-14 16:53:07
1161,Mimar Sinan dergisi,Bilinmiyor,106,pdf,Books/Books for Text_TR-20260529T163910Z-3-003/Books for Text_TR/Duvar_TR/Dergi-MSinan/Mimar-Sinan-dergisi-148.pdf,3759797,11425ada868091342c660ffc87fbb7a58ba813350266521c3d477eba9bce6ba8,2026-08-14 16:53:07
1162,Mimar Sinan dergisi,Bilinmiyor,114,pdf,Books/Books for Text_TR-20260529T163910Z-3-003/Books for Text_TR/Duvar_TR/Dergi-MSinan/Mimar-Sinan-dergisi-149.pdf,3898956,77bedb213841c8202a77e88e0af46c4ad2752476e7dbcda1ba7bb1f7b6aa3588,2026-08-14 16:53:07
1163,Mimar Sinan dergisi,Bilinmiyor,114,pdf,Books/Books for Text_TR-20260529T163910Z-3-003/Books for Text_TR/Duvar_TR/Dergi-MSinan/Mimar-Sinan-dergisi-15.pdf,5748543,cffa6c828a50b9087f09b8649d6f6b410a503fb06ae137d8a35d2b00786c346d,2026-08-14 16:53:07
1164,Mimar Sinan dergisi,Bilinmiyor,114,pdf,Books/Books for Text_TR-20260529T163910Z-3-003/Books for Text_TR/Duvar_TR/Dergi-MSinan/Mimar-Sinan-dergisi-150.pdf,3851212,68b67930caaaaaad4b4bbd5545aabb2461b995dc5d7e4ec1bf25e4ecbdd2ac74,2026-08-14 16:53:07
1165,Mimar Sinan dergisi,Bilinmiyor,130,pdf,Books/Books for Text_TR-20260529T163910Z-3-003/Books for Text_TR/Duvar_TR/Dergi-MSinan/Mimar-Sinan-dergisi-151.pdf,4789361,d67530b08a8f1eb901ccffe03f1cb9bea20b620b80b0a421ac02b277ab4a90e6,2026-08-14 16:53:07
1166,Mimar Sinan dergisi,Bilinmiyor,130,pdf,Books/Books for Text_TR-20260529T163910Z-3-003/Books for Text_TR/Duvar_TR/Dergi-MSinan/Mimar-Sinan-dergisi-152.pdf,5054185,ab91baa8e3548525e99e9a5dec672352ba0da6b654c1a1f1b1caf38fe3800042,2026-08-14 16:53:07
1167,Mimar Sinan dergisi,Bilinmiyor,135,pdf,Books/Books for Text_TR-20260529T163910Z-3-003/Books for Text_TR/Duvar_TR/Dergi-MSinan/Mimar-Sinan-dergisi-153.pdf,5116824,bc76cc14e16c3e2c83ba1b5af2d8c56ebb8e223bd91ee980e562941101989baa,2026-08-14 16:53:07
1168,Mimar Sinan dergisi,Bilinmiyor,98,pdf,Books/Books for Text_TR-20260529T163910Z-3-003/Books for Text_TR/Duvar_TR/Dergi-MSinan/Mimar-Sinan-dergisi-154.pdf,3678503,69d540f03af1cda421dfa8be8620200f97ff6beff11e25ce83583fac030f0b33,2026-08-14 16:53:07
1169,Mimar Sinan dergisi,Bilinmiyor,114,pdf,Books/Books for Text_TR-20260529T163910Z-3-003/Books for Text_TR/Duvar_TR/Dergi-MSinan/Mimar-Sinan-dergisi-155.pdf,5406647,062745cb12e5d15be61a3da2f9ecb4e88d3b5d254b4b17d4ebc66a319744a283,2026-08-14 16:53:07
1170,Mimar Sinan dergisi,Bilinmiyor,97,pdf,Books/Books for Text_TR-20260529T163910Z-3-003/Books for Text_TR/Duvar_TR/Dergi-MSinan/Mimar-Sinan-dergisi-156.pdf,3617656,59819c38dd29e61ec2d4a762c28cdd9d12584eec5a305d55f36f983ed3ade0a2,2026-08-14 16:53:07
1171,Mimar Sinan dergisi,Bilinmiyor,106,pdf,Books/Books for Text_TR-20260529T163910Z-3-003/Books for Text_TR/Duvar_TR/Dergi-MSinan/Mimar-Sinan-dergisi-157.pdf,4439584,5a99e960b196163cb4cb20820dca9ff289310e3e4d69a48aad5717a64b59fbb1,2026-08-14 16:53:07
1172,Mimar Sinan dergisi,Bilinmiyor,145,pdf,Books/Books for Text_TR-20260529T163910Z-3-003/Books for Text_TR/Duvar_TR/Dergi-MSinan/Mimar-Sinan-dergisi-158.pdf,4745472,1199c2d4f5ea092fdf3dcf4d37d48095abfcc8c4652449595b202935456d04b9,2026-08-14 16:53:07
1173,Mimar Sinan dergisi,Bilinmiyor,153,pdf,Books/Books for Text_TR-20260529T163910Z-3-003/Books for Text_TR/Duvar_TR/Dergi-MSinan/Mimar-Sinan-dergisi-159.pdf,5414369,3431ef269cf092de2de15766e45609223347f700be273b205d2e169e60a66821,2026-08-14 16:53:07
1174,Mimar Sinan dergisi,Bilinmiyor,121,pdf,Books/Books for Text_TR-20260529T163910Z-3-003/Books for Text_TR/Duvar_TR/Dergi-MSinan/Mimar-Sinan-dergisi-160.pdf,2002677,d918e776b74b2d9a1e5471760e9e59b1a720e46ad6569ddcfdc207b6864f1fe8,2026-08-14 16:53:07
1175,Mimar Sinan dergisi,Bilinmiyor,102,pdf,Books/Books for Text_TR-20260529T163910Z-3-003/Books for Text_TR/Duvar_TR/Dergi-MSinan/Mimar-Sinan-dergisi-18.pdf,5097955,83bc5498dccac50393c43434ec70592728edf9093af3f463d872468cf8161dc8,2026-08-14 16:53:07
1176,Mimar Sinan dergisi,Bilinmiyor,106,pdf,Books/Books for Text_TR-20260529T163910Z-3-003/Books for Text_TR/Duvar_TR/Dergi-MSinan/Mimar-Sinan-dergisi-19.pdf,4922374,0d528fccd54613fe87de6b0a6bd30fc533d4186207317336075b209dd263edae,2026-08-14 16:53:07
1177,Mimar Sinan dergisi,Bilinmiyor,118,pdf,Books/Books for Text_TR-20260529T163910Z-3-003/Books for Text_TR/Duvar_TR/Dergi-MSinan/Mimar-Sinan-dergisi-2.pdf,66877414,4d9096e3e1f4e0e6d5143912bbcce638bc68bc990fd7109b75f9efa95b8072dd,2026-08-14 16:53:07
1178,Mimar Sinan dergisi,Bilinmiyor,102,pdf,Books/Books for Text_TR-20260529T163910Z-3-003/Books for Text_TR/Duvar_TR/Dergi-MSinan/Mimar-Sinan-dergisi-20.pdf,3970485,78fb07a277ea7661ce7ffe753b8bfb637aa1f811c693da016e71123ef609e378,2026-08-14 16:53:07
1179,Mimar Sinan dergisi,Bilinmiyor,82,pdf,Books/Books for Text_TR-20260529T163910Z-3-003/Books for Text_TR/Duvar_TR/Dergi-MSinan/Mimar-Sinan-dergisi-21.pdf,3214374,6556ef8a631736aeb6ab5db704e5d341fc21bc314d0e979dd8063eb165c74bf0,2026-08-14 16:53:07
1180,Mimar Sinan dergisi,Bilinmiyor,86,pdf,Books/Books for Text_TR-20260529T163910Z-3-003/Books for Text_TR/Duvar_TR/Dergi-MSinan/Mimar-Sinan-dergisi-22.pdf,3666471,613e6a6c3b80a2077e76f8fbde83f7a2335b05cc71a9521c57ee395bce9eb947,2026-08-14 16:53:07
1181,Mimar Sinan dergisi,Bilinmiyor,97,pdf,Books/Books for Text_TR-20260529T163910Z-3-003/Books for Text_TR/Duvar_TR/Dergi-MSinan/Mimar-Sinan-dergisi-23.pdf,4172236,117b1b23dc9b511270a25da2e9084aa855b3f533875cc8908c59536f9697d300,2026-08-14 16:53:07
1182,Mimar Sinan dergisi,Bilinmiyor,82,pdf,Books/Books for Text_TR-20260529T163910Z-3-003/Books for Text_TR/Duvar_TR/Dergi-MSinan/Mimar-Sinan-dergisi-25.pdf,3272357,4fc47960779ebc02c8d1296fbcdbb45dc7a1416e9bc4ed903dda5380d3221d0c,2026-08-14 16:53:07
1183,Mimar Sinan dergisi,Bilinmiyor,74,pdf,Books/Books for Text_TR-20260529T163910Z-3-003/Books for Text_TR/Duvar_TR/Dergi-MSinan/Mimar-Sinan-dergisi-27.pdf,3210713,8a2fc23ed72cff1eb87a4317505de8de7da0fb06620b4de36c17d736191a7d50,2026-08-14 16:53:07
1184,Mimar Sinan dergisi,Bilinmiyor,98,pdf,Books/Books for Text_TR-20260529T163910Z-3-003/Books for Text_TR/Duvar_TR/Dergi-MSinan/Mimar-Sinan-dergisi-28.pdf,4751085,fed637e85224a4f1a62c4852f3c609a3a5e6439927a0e8fb52b98dc90798b41d,2026-08-14 16:53:07
1185,Mimar Sinan dergisi,Bilinmiyor,82,pdf,Books/Books for Text_TR-20260529T163910Z-3-003/Books for Text_TR/Duvar_TR/Dergi-MSinan/Mimar-Sinan-dergisi-29.pdf,3746034,33aa856ce810d3f388e9c9e288d176ba966a62c0ea4c47bd1793e8c23e8d0c62,2026-08-14 16:53:07
1186,Mimar Sinan dergisi,Bilinmiyor,115,pdf,Books/Books for Text_TR-20260529T163910Z-3-003/Books for Text_TR/Duvar_TR/Dergi-MSinan/Mimar-Sinan-dergisi-3.pdf,17145001,9ecb8cd633a077f85b144868deed15085c22487349c580c4ce19ad42193e5fc0,2026-08-14 16:53:07
1187,Mimar Sinan dergisi,Bilinmiyor,82,pdf,Books/Books for Text_TR-20260529T163910Z-3-003/Books for Text_TR/Duvar_TR/Dergi-MSinan/Mimar-Sinan-dergisi-30.pdf,3593549,3a73601b2ad117f9c30d1fb620f965e26d19ffd4bf39f4353eb426974d78df82,2026-08-14 16:53:07
1188,Mimar Sinan dergisi,Bilinmiyor,82,pdf,Books/Books for Text_TR-20260529T163910Z-3-003/Books for Text_TR/Duvar_TR/Dergi-MSinan/Mimar-Sinan-dergisi-32.pdf,3545985,f5b24dee318e78196f2cfcd69ef464213abcb004036116a03a9aedab9ac9a020,2026-08-14 16:53:07
1189,Mimar Sinan dergisi,Bilinmiyor,82,pdf,Books/Books for Text_TR-20260529T163910Z-3-003/Books for Text_TR/Duvar_TR/Dergi-MSinan/Mimar-Sinan-dergisi-33.pdf,3584958,c079bbe24c4cdc580e72990dfde750a9485ab6fae0793e395632a227b8078995,2026-08-14 16:53:07
1190,Mimar Sinan dergisi,Bilinmiyor,82,pdf,Books/Books for Text_TR-20260529T163910Z-3-003/Books for Text_TR/Duvar_TR/Dergi-MSinan/Mimar-Sinan-dergisi-34.pdf,3648677,5f5b4441467fff432e1956e1e9af7385b13b2dec87bde26aae3017cefb73a28b,2026-08-14 16:53:07
1191,Mimar Sinan dergisi,Bilinmiyor,74,pdf,Books/Books for Text_TR-20260529T163910Z-3-003/Books for Text_TR/Duvar_TR/Dergi-MSinan/Mimar-Sinan-dergisi-35.pdf,3377839,bc87649159c662b4ba57b6d82548b046111e2673bae1d286e491dad1778116fc,2026-08-14 16:53:11
1192,Mimar Sinan dergisi,Bilinmiyor,82,pdf,Books/Books for Text_TR-20260529T163910Z-3-003/Books for Text_TR/Duvar_TR/Dergi-MSinan/Mimar-Sinan-dergisi-36.pdf,3684626,7b844866d709f9f078eb544896d84a4e4d40203063185fbf1049c733d8779133,2026-08-14 16:53:11
1193,Mimar Sinan dergisi,Bilinmiyor,74,pdf,Books/Books for Text_TR-20260529T163910Z-3-003/Books for Text_TR/Duvar_TR/Dergi-MSinan/Mimar-Sinan-dergisi-37.pdf,3836216,cad634d0001ffa42f2693b3509571f5422a196e5a11e46a66d7a23f6b0f5307c,2026-08-14 16:53:11
1194,Mimar Sinan dergisi,Bilinmiyor,74,pdf,Books/Books for Text_TR-20260529T163910Z-3-003/Books for Text_TR/Duvar_TR/Dergi-MSinan/Mimar-Sinan-dergisi-38.pdf,3154806,9667746a63e7ad6310df7dc91199ab6bcf0668ffde01b7fb9418a9c2bd6798a3,2026-08-14 16:53:11
1195,Mimar Sinan dergisi,Bilinmiyor,74,pdf,Books/Books for Text_TR-20260529T163910Z-3-003/Books for Text_TR/Duvar_TR/Dergi-MSinan/Mimar-Sinan-dergisi-39.pdf,3293245,7892f9b6c3de8e8af0b0900c78e04a1dcd77a64ce27760330a31cf826d64b79d,2026-08-14 16:53:11
1196,Mimar Sinan dergisi,Bilinmiyor,127,pdf,Books/Books for Text_TR-20260529T163910Z-3-003/Books for Text_TR/Duvar_TR/Dergi-MSinan/Mimar-Sinan-dergisi-4.pdf,19314012,9adfa2d2dae44632fd6f7fe498717d7f6bb6483794f60a3461d917cc6fc2bbd1,2026-08-14 16:53:11
1197,Mimar Sinan dergisi,Bilinmiyor,74,pdf,Books/Books for Text_TR-20260529T163910Z-3-003/Books for Text_TR/Duvar_TR/Dergi-MSinan/Mimar-Sinan-dergisi-40.pdf,3243996,268a6b335c34fa66d64cc16fbfbc00f21995d5011c20a33ba467c07e14c31b15,2026-08-14 16:53:11
1198,Mimar Sinan dergisi,Bilinmiyor,154,pdf,Books/Books for Text_TR-20260529T163910Z-3-003/Books for Text_TR/Duvar_TR/Dergi-MSinan/Mimar-Sinan-dergisi-41.pdf,8102932,7cc9c3e7d7fc3b3001867a815a9a3ee396e3ff7c6efbdc025be9522b6eb4f1b7,2026-08-14 16:53:11
1199,Mimar Sinan dergisi,Bilinmiyor,82,pdf,Books/Books for Text_TR-20260529T163910Z-3-003/Books for Text_TR/Duvar_TR/Dergi-MSinan/Mimar-Sinan-dergisi-42.pdf,4841950,f737c849d26bbafa1367c4465bc7791518b53ece2e816a0a4196078fac6b11eb,2026-08-14 16:53:11
1200,Mimar Sinan dergisi,Bilinmiyor,82,pdf,Books/Books for Text_TR-20260529T163910Z-3-003/Books for Text_TR/Duvar_TR/Dergi-MSinan/Mimar-Sinan-dergisi-43.pdf,4438169,6f8e2efc05e8d1cebacab08717c7b7690e893deb1309058731eb709eea58e25a,2026-08-14 16:53:11
1201,Mimar Sinan dergisi,Bilinmiyor,81,pdf,Books/Books for Text_TR-20260529T163910Z-3-003/Books for Text_TR/Duvar_TR/Dergi-MSinan/Mimar-Sinan-dergisi-44.pdf,3628494,b80a7659474ab89053cc23b8fb66c68d582ca068b94a4110b7faf2c8e2e200de,2026-08-14 16:53:11
1202,Mimar Sinan dergisi,Bilinmiyor,82,pdf,Books/Books for Text_TR-20260529T163910Z-3-003/Books for Text_TR/Duvar_TR/Dergi-MSinan/Mimar-Sinan-dergisi-45.pdf,4377975,c32f4429aab1bdd034f92f5805bdd7a0ee5facb02a153669b5c6d15b19d9bdda,2026-08-14 16:53:11
1203,Mimar Sinan dergisi,Bilinmiyor,79,pdf,Books/Books for Text_TR-20260529T163910Z-3-003/Books for Text_TR/Duvar_TR/Dergi-MSinan/Mimar-Sinan-dergisi-46.pdf,4015152,138a47739443b639729068e3194aacde1035874209d194e063ba3fa3139f13df,2026-08-14 16:53:11
1204,Mimar Sinan dergisi,Bilinmiyor,82,pdf,Books/Books for Text_TR-20260529T163910Z-3-003/Books for Text_TR/Duvar_TR/Dergi-MSinan/Mimar-Sinan-dergisi-47.pdf,4259316,278136455b893e1e9651e6c837ff53bbea46872b6158f949f2f68d30a6c32ec7,2026-08-14 16:53:11
1205,Mimar Sinan dergisi,Bilinmiyor,98,pdf,Books/Books for Text_TR-20260529T163910Z-3-003/Books for Text_TR/Duvar_TR/Dergi-MSinan/Mimar-Sinan-dergisi-48.pdf,4279915,8759b66043f57b344cedcafc73c2dc9d42524ab38e8e069798b9b6060198e7dc,2026-08-14 16:53:11
1206,Mimar Sinan dergisi,Bilinmiyor,86,pdf,Books/Books for Text_TR-20260529T163910Z-3-003/Books for Text_TR/Duvar_TR/Dergi-MSinan/Mimar-Sinan-dergisi-49.pdf,4205520,5b2af145787f03e4d2f08e1c5c4e4b0784de2fa7d11f1eee926d94b9048ce10a,2026-08-14 16:53:11
1207,Mimar Sinan dergisi,Bilinmiyor,123,pdf,Books/Books for Text_TR-20260529T163910Z-3-003/Books for Text_TR/Duvar_TR/Dergi-MSinan/Mimar-Sinan-dergisi-5.pdf,17787187,fbca862f0c09b9e984780df7b27f8355f0550358d5b47084a043b30ad8b8a240,2026-08-14 16:53:11
1208,Mimar Sinan dergisi,Bilinmiyor,98,pdf,Books/Books for Text_TR-20260529T163910Z-3-003/Books for Text_TR/Duvar_TR/Dergi-MSinan/Mimar-Sinan-dergisi-50.pdf,4425680,e7b3a028950af66ae2adbe051f6136931eed93670d4745e392298f9f7cf3c324,2026-08-14 16:53:11
1209,Mimar Sinan dergisi,Bilinmiyor,106,pdf,Books/Books for Text_TR-20260529T163910Z-3-003/Books for Text_TR/Duvar_TR/Dergi-MSinan/Mimar-Sinan-dergisi-51.pdf,4674844,4221e2dd52769f1c1b1fd41478b97059ed509afce957fd254515838e5d58cea5,2026-08-14 16:53:11
1210,Mimar Sinan dergisi,Bilinmiyor,102,pdf,Books/Books for Text_TR-20260529T163910Z-3-003/Books for Text_TR/Duvar_TR/Dergi-MSinan/Mimar-Sinan-dergisi-52.pdf,4916281,90c21b29bde968805af11fa29ebbef655593b7166838b449c72e53a79d029cdf,2026-08-14 16:53:11
1211,Mimar Sinan dergisi,Bilinmiyor,90,pdf,Books/Books for Text_TR-20260529T163910Z-3-003/Books for Text_TR/Duvar_TR/Dergi-MSinan/Mimar-Sinan-dergisi-53.pdf,4152445,e37fd240ad67092ed646269f825ccf3669cf9b533b0de019fc5115fe3fcf5092,2026-08-14 16:53:11
1212,Mimar Sinan dergisi,Bilinmiyor,97,pdf,Books/Books for Text_TR-20260529T163910Z-3-003/Books for Text_TR/Duvar_TR/Dergi-MSinan/Mimar-Sinan-dergisi-54.pdf,6298843,fd423e8e8ab010fdd81cb599c07e49973271a02838dba97e8b839c22d6aad764,2026-08-14 16:53:11
1213,Mimar Sinan dergisi,Bilinmiyor,100,pdf,Books/Books for Text_TR-20260529T163910Z-3-003/Books for Text_TR/Duvar_TR/Dergi-MSinan/Mimar-Sinan-dergisi-55.pdf,4946094,b423ad9d4a14593d4df98769a3adb7f08bd4c587d4b2cff9953d57f4fdc9c882,2026-08-14 16:53:11
1214,Mimar Sinan dergisi,Bilinmiyor,82,pdf,Books/Books for Text_TR-20260529T163910Z-3-003/Books for Text_TR/Duvar_TR/Dergi-MSinan/Mimar-Sinan-dergisi-56.pdf,4448852,eec4e7458ba96a005634de79c3589fc3c8b69a7897d8724320ea84c9fd50eb71,2026-08-14 16:53:11
1215,Mimar Sinan dergisi,Bilinmiyor,74,pdf,Books/Books for Text_TR-20260529T163910Z-3-003/Books for Text_TR/Duvar_TR/Dergi-MSinan/Mimar-Sinan-dergisi-57.pdf,4369908,dfd023585878e39b8cbe45fe823b11dd78bca33ae4ea60621baf1f57ae08fe7e,2026-08-14 16:53:11
1216,Mimar Sinan dergisi,Bilinmiyor,82,pdf,Books/Books for Text_TR-20260529T163910Z-3-003/Books for Text_TR/Duvar_TR/Dergi-MSinan/Mimar-Sinan-dergisi-58.pdf,3391385,3f9c9b893d7cc5fc52accdceee17a9f2311807b503d10a5cf6dcf002530c5c05,2026-08-14 16:53:11
1217,Mimar Sinan dergisi,Bilinmiyor,98,pdf,Books/Books for Text_TR-20260529T163910Z-3-003/Books for Text_TR/Duvar_TR/Dergi-MSinan/Mimar-Sinan-dergisi-59.pdf,5328095,ef08bedd36315012993665df2152c4752ccdff7ef1c2b66d9cc3e61359beecf7,2026-08-14 16:53:11
1218,Mimar Sinan dergisi,Bilinmiyor,105,pdf,Books/Books for Text_TR-20260529T163910Z-3-003/Books for Text_TR/Duvar_TR/Dergi-MSinan/Mimar-Sinan-dergisi-6.pdf,51141122,5eb72dc67b5f25a430cb79c291ad285cc25bc53a2885fc2909d15250d87511c6,2026-08-14 16:53:11
1219,Mimar Sinan dergisi,Bilinmiyor,107,pdf,Books/Books for Text_TR-20260529T163910Z-3-003/Books for Text_TR/Duvar_TR/Dergi-MSinan/Mimar-Sinan-dergisi-60.pdf,5465827,0df80223537795d1118dcf3b155f9897fc47e758347168e6598556c4318380a4,2026-08-14 16:53:11
1220,Mimar Sinan dergisi,Bilinmiyor,98,pdf,Books/Books for Text_TR-20260529T163910Z-3-003/Books for Text_TR/Duvar_TR/Dergi-MSinan/Mimar-Sinan-dergisi-61.pdf,4380187,5b435a9f75788deb3c2204a66a16b1c5c24bf276e2f597ff6b8ca8b18aa7257f,2026-08-14 16:53:11
1221,Mimar Sinan dergisi,Bilinmiyor,102,pdf,Books/Books for Text_TR-20260529T163910Z-3-003/Books for Text_TR/Duvar_TR/Dergi-MSinan/Mimar-Sinan-dergisi-62.pdf,5006966,fa21f53f7b90cee171dcbf0c34f44000b2a06b275fe590ef15639a4da5a5c8d3,2026-08-14 16:53:11
1222,Mimar Sinan dergisi,Bilinmiyor,90,pdf,Books/Books for Text_TR-20260529T163910Z-3-003/Books for Text_TR/Duvar_TR/Dergi-MSinan/Mimar-Sinan-dergisi-63.pdf,4290115,aaaac122781f2574849cebac3201ba77c57b2b10a65d7dbc4ffc31022d432c47,2026-08-14 16:53:11
1223,Mimar Sinan dergisi,Bilinmiyor,92,pdf,Books/Books for Text_TR-20260529T163910Z-3-003/Books for Text_TR/Duvar_TR/Dergi-MSinan/Mimar-Sinan-dergisi-65.pdf,4222382,fb924ff5cdb337cb8392c144a0d66b0eb742b5dc0b8138c4d1b93c7e1c7a166d,2026-08-14 16:53:11
1224,Mimar Sinan dergisi,Bilinmiyor,106,pdf,Books/Books for Text_TR-20260529T163910Z-3-003/Books for Text_TR/Duvar_TR/Dergi-MSinan/Mimar-Sinan-dergisi-66.pdf,4963074,670432b5d34b741c99aa17a50caf11ba327c18cb9b913f52aeda23e83e04c779,2026-08-14 16:53:11
1225,Mimar Sinan dergisi,Bilinmiyor,108,pdf,Books/Books for Text_TR-20260529T163910Z-3-003/Books for Text_TR/Duvar_TR/Dergi-MSinan/Mimar-Sinan-dergisi-67.pdf,4353414,778b4327ecbf41a56817370556b81ca094dcafa2592e999d6cdfce835cc07ed5,2026-08-14 16:53:11
1226,Mimar Sinan dergisi,Bilinmiyor,98,pdf,Books/Books for Text_TR-20260529T163910Z-3-003/Books for Text_TR/Duvar_TR/Dergi-MSinan/Mimar-Sinan-dergisi-68.pdf,4528828,7125ba15192aa54ddaa037bc3357a7ecb8d85ab6a953883e1f405ab25d578a50,2026-08-14 16:53:11
1227,Mimar Sinan dergisi,Bilinmiyor,90,pdf,Books/Books for Text_TR-20260529T163910Z-3-003/Books for Text_TR/Duvar_TR/Dergi-MSinan/Mimar-Sinan-dergisi-69.pdf,3618372,603940bb0d42860a36c1b2d1bee616350a9044e704300edcb9467c7852108b5c,2026-08-14 16:53:11
1228,Mimar Sinan dergisi,Bilinmiyor,102,pdf,Books/Books for Text_TR-20260529T163910Z-3-003/Books for Text_TR/Duvar_TR/Dergi-MSinan/Mimar-Sinan-dergisi-70.pdf,4622492,5b7c8a381571a413dbf23460767a1f8c9a2880f6e0f587f4b7c1cba08d2f46b7,2026-08-14 16:53:11
1229,Mimar Sinan dergisi,Bilinmiyor,90,pdf,Books/Books for Text_TR-20260529T163910Z-3-003/Books for Text_TR/Duvar_TR/Dergi-MSinan/Mimar-Sinan-dergisi-71.pdf,3752368,6ddab1f4bbd79d3a2bae374a45761a69ff7c60fa8dc207dec1fc8cabdc6a3e2e,2026-08-14 16:53:11
1230,Mimar Sinan dergisi,Bilinmiyor,90,pdf,Books/Books for Text_TR-20260529T163910Z-3-003/Books for Text_TR/Duvar_TR/Dergi-MSinan/Mimar-Sinan-dergisi-72.pdf,3673782,52e02d13b8baa8982eef80a0b9218e76bc9ae3fa56fcad7fa1f9445d39dcc63e,2026-08-14 16:53:11
1231,Mimar Sinan dergisi,Bilinmiyor,83,pdf,Books/Books for Text_TR-20260529T163910Z-3-003/Books for Text_TR/Duvar_TR/Dergi-MSinan/Mimar-Sinan-dergisi-73.pdf,3451030,f7e23d9920237916008304a6ddc9ada7db028cc2836b92d1523b9db13a619c02,2026-08-14 16:53:11
1232,Mimar Sinan dergisi,Bilinmiyor,86,pdf,Books/Books for Text_TR-20260529T163910Z-3-003/Books for Text_TR/Duvar_TR/Dergi-MSinan/Mimar-Sinan-dergisi-74.pdf,3917443,4ea987e2180e367d073a91c64ca8c801db670e6749dea4b57c05d62a5be784d3,2026-08-14 16:53:11
1233,Mimar Sinan dergisi,Bilinmiyor,106,pdf,Books/Books for Text_TR-20260529T163910Z-3-003/Books for Text_TR/Duvar_TR/Dergi-MSinan/Mimar-Sinan-dergisi-75.pdf,4307679,2ce0abd925c81a1713a3ecf3eda229d764da51be5f0cdfd2eae076e48973d855,2026-08-14 16:53:11
1234,Mimar Sinan dergisi,Bilinmiyor,80,pdf,Books/Books for Text_TR-20260529T163910Z-3-003/Books for Text_TR/Duvar_TR/Dergi-MSinan/Mimar-Sinan-dergisi-77.pdf,3347632,4befac9176f38e57421bc6f64023ebdf4068928c2906a5d40aa274c3545ed0a1,2026-08-14 16:53:11
1235,Mimar Sinan dergisi,Bilinmiyor,80,pdf,Books/Books for Text_TR-20260529T163910Z-3-003/Books for Text_TR/Duvar_TR/Dergi-MSinan/Mimar-Sinan-dergisi-78.pdf,4236269,dfaaa115dbb765d124fcdf69910fce5492d754c4c4d35f9f38f6f5c6de6f43d1,2026-08-14 16:53:11
1236,Mimar Sinan dergisi,Bilinmiyor,84,pdf,Books/Books for Text_TR-20260529T163910Z-3-003/Books for Text_TR/Duvar_TR/Dergi-MSinan/Mimar-Sinan-dergisi-79.pdf,3568389,f5b6c96138089664f8e3ca70efe3ad93bdf0c4ba28936fbbed20ae769fc3267c,2026-08-14 16:53:11
1237,Mimar Sinan dergisi,Bilinmiyor,103,pdf,Books/Books for Text_TR-20260529T163910Z-3-003/Books for Text_TR/Duvar_TR/Dergi-MSinan/Mimar-Sinan-dergisi-8.pdf,43848206,6eaa5f6399b480767ef46860a60016843834a0047d03cc3bc1a3044cb00f33b6,2026-08-14 16:53:11
1238,Mimar Sinan dergisi,Bilinmiyor,80,pdf,Books/Books for Text_TR-20260529T163910Z-3-003/Books for Text_TR/Duvar_TR/Dergi-MSinan/Mimar-Sinan-dergisi-80.pdf,3965800,b56f03a6197513847ef7cbada4f514acaf3551e77df359186f7fc4a37d755a36,2026-08-14 16:53:11
1239,Mimar Sinan dergisi,Bilinmiyor,91,pdf,Books/Books for Text_TR-20260529T163910Z-3-003/Books for Text_TR/Duvar_TR/Dergi-MSinan/Mimar-Sinan-dergisi-81.pdf,4271126,028ce45eabfaffd7eaf77091e16cf4719a8ecea603bcb29e0b52b77d0cd655ef,2026-08-14 16:53:11
1240,Mimar Sinan dergisi,Bilinmiyor,82,pdf,Books/Books for Text_TR-20260529T163910Z-3-003/Books for Text_TR/Duvar_TR/Dergi-MSinan/Mimar-Sinan-dergisi-82.pdf,3809994,057005290ad96dc8264cee9f2131a7d3027964c29f24ea4c1d6f9651508838aa,2026-08-14 16:53:11
1241,Mimar Sinan dergisi,Bilinmiyor,101,pdf,Books/Books for Text_TR-20260529T163910Z-3-003/Books for Text_TR/Duvar_TR/Dergi-MSinan/Mimar-Sinan-dergisi-83.pdf,4112886,d793172689527ca6de7c710c03ce7a67cfb7ac2b3b43a89af607b95ce502e110,2026-08-14 16:53:11
1242,Mimar Sinan dergisi,Bilinmiyor,101,pdf,Books/Books for Text_TR-20260529T163910Z-3-003/Books for Text_TR/Duvar_TR/Dergi-MSinan/Mimar-Sinan-dergisi-84.pdf,4705971,54e661f627fe80544fc264d7423b815fa29ef229244b46199d46be700eebb502,2026-08-14 16:53:11
1243,Mimar Sinan dergisi,Bilinmiyor,97,pdf,Books/Books for Text_TR-20260529T163910Z-3-003/Books for Text_TR/Duvar_TR/Dergi-MSinan/Mimar-Sinan-dergisi-85.pdf,3692896,556b7f5eb164269705bdaec0942e0cf3aac482f09f09a903bc9fdcc1228d0e22,2026-08-14 16:53:11
1244,Mimar Sinan dergisi,Bilinmiyor,97,pdf,Books/Books for Text_TR-20260529T163910Z-3-003/Books for Text_TR/Duvar_TR/Dergi-MSinan/Mimar-Sinan-dergisi-86.pdf,3843774,c2ba7d058e7501fc59083af19a0bae8a66981a092117805d5e90d35ed713c4aa,2026-08-14 16:53:11
1245,Mimar Sinan dergisi,Bilinmiyor,106,pdf,Books/Books for Text_TR-20260529T163910Z-3-003/Books for Text_TR/Duvar_TR/Dergi-MSinan/Mimar-Sinan-dergisi-87.pdf,4172657,fd99294c3c169901b50f83e63fb9a099a283bd98deb35958361c513b01e2ef7d,2026-08-14 16:53:11
1246,Mimar Sinan dergisi,Bilinmiyor,90,pdf,Books/Books for Text_TR-20260529T163910Z-3-003/Books for Text_TR/Duvar_TR/Dergi-MSinan/Mimar-Sinan-dergisi-89.pdf,4162611,8385ff9310add60f66ee3fdb68864c46ac67695088c9aaceffce22374293d295,2026-08-14 16:53:11
1247,Mimar Sinan dergisi,Bilinmiyor,110,pdf,Books/Books for Text_TR-20260529T163910Z-3-003/Books for Text_TR/Duvar_TR/Dergi-MSinan/Mimar-Sinan-dergisi-9.pdf,49158956,30bee0e23f063ec6f97a3923c81c0317d85d929681f164a4ee57dbe65434676d,2026-08-14 16:53:11
1248,Mimar Sinan dergisi,Bilinmiyor,97,pdf,Books/Books for Text_TR-20260529T163910Z-3-003/Books for Text_TR/Duvar_TR/Dergi-MSinan/Mimar-Sinan-dergisi-90.pdf,4196716,0c9f429ae4707d256ad6d403ada3d8374488e6e0abe26d136bca859236b25627,2026-08-14 16:53:11
1249,Mimar Sinan dergisi,Bilinmiyor,98,pdf,Books/Books for Text_TR-20260529T163910Z-3-003/Books for Text_TR/Duvar_TR/Dergi-MSinan/Mimar-Sinan-dergisi-91.pdf,4534717,47dbd3eb2da764a05972bb34a5ab9fa3fd9690d513679d3feae0f9350b06dc22,2026-08-14 16:53:11
1250,Mimar Sinan dergisi,Bilinmiyor,98,pdf,Books/Books for Text_TR-20260529T163910Z-3-003/Books for Text_TR/Duvar_TR/Dergi-MSinan/Mimar-Sinan-dergisi-97.pdf,4712595,ea80b642a7ee84b8b4d9c9cc5fbe06583e3635a385bbfbed1f69a9698987aefe,2026-08-14 16:53:11
1251,Mimar Sinan dergisi,Bilinmiyor,102,pdf,Books/Books for Text_TR-20260529T163910Z-3-003/Books for Text_TR/Duvar_TR/Dergi-MSinan/Mimar-Sinan-dergisi-98.pdf,4755718,e749f0012dcd592dbd1c60869fee82cb5cb976ad06d2f4eb5d80ff3eb26298e3,2026-08-14 16:53:11
1252,Mimar Sinan dergisi,Bilinmiyor,114,pdf,Books/Books for Text_TR-20260529T163910Z-3-003/Books for Text_TR/Duvar_TR/Dergi-MSinan/Mimar-Sinan-dergisi-99.pdf,5101207,2b34c3b7c1e565097b8d02f489f7318de5234744f10380afab869db6a7b17f96,2026-08-14 16:53:11
1253,zYazara Gore Fihrist,Bilinmiyor,24,pdf,Books/Books for Text_TR-20260529T163910Z-3-003/Books for Text_TR/Duvar_TR/Dergi-MSinan/zYazara_Gore_Fihrist.pdf,316680,5e4a01994a09e146711a8f7e485604f63400aa8e4e6c33440f7a7650d4c7dc48,2026-08-14 16:53:11
1254,T24,Bilinmiyor,48,pdf,Books/Books for Text_TR-20260529T163910Z-3-003/Books for Text_TR/Duvar_TR/Dergi-Tesviye/T24.pdf,19182323,1f413dd3049a62182c9d643db3967d7ce30172b1759e5dc05689e33e05fd537d,2026-08-14 16:53:11
1255,T83,Bilinmiyor,68,pdf,Books/Books for Text_TR-20260529T163910Z-3-003/Books for Text_TR/Duvar_TR/Dergi-Tesviye/T83.pdf,122110707,106d66e2f586b8fc028e1182bd4073c34a540ad6229f3ac9aa4909108393f497,2026-08-14 16:53:11
1256,T85,Bilinmiyor,68,pdf,Books/Books for Text_TR-20260529T163910Z-3-003/Books for Text_TR/Duvar_TR/Dergi-Tesviye/T85.pdf,127395732,f78d8f3a39c4d2f527b2b40728afb20f0aee1d289f12d1d07bbd95dd2516fc07,2026-08-14 16:53:11
1257,T87,Bilinmiyor,68,pdf,Books/Books for Text_TR-20260529T163910Z-3-003/Books for Text_TR/Duvar_TR/Dergi-Tesviye/T87.pdf,114465333,f9b46e80c5ac820810208b9ff60a8649ff1c978ade435759f4743be4c13ca3bc,2026-08-14 16:53:11
1258,Andersonun Kitabı 1 Giriş,Bilinmiyor,22,pdf,Books/Books for Text_TR-20260529T163910Z-3-003/Books for Text_TR/Duvar_TR/M-Murat Özgen Ayfer/Anderson_un Kitabı/Andersonun_Kitabı-1-Giriş.pdf,480388,4acc682b26c863db195974464999a6f4de5984d74fcbd5192d6d3b151d1887bc,2026-08-14 16:53:11
1259,Andersonun Kitabı 2 Tarih,Bilinmiyor,57,pdf,Books/Books for Text_TR-20260529T163910Z-3-003/Books for Text_TR/Duvar_TR/M-Murat Özgen Ayfer/Anderson_un Kitabı/Andersonun_Kitabı-2-Tarih.pdf,738876,12218c30661be8cf69a9f5195191570f0e5c57318109811f9223932e6a96c5f2,2026-08-14 16:53:11
1260,Andersonun Kitabı 5 Onama,Bilinmiyor,33,pdf,Books/Books for Text_TR-20260529T163910Z-3-003/Books for Text_TR/Duvar_TR/M-Murat Özgen Ayfer/Anderson_un Kitabı/Andersonun_Kitabı-5-Onama.pdf,572601,e29bcc8ef5d76371d148614f11dd56c76e1e69ead29361962c39c36b909663c7,2026-08-14 16:53:11
1261,Andersonun Kitabı 6 Değişiklikler,Bilinmiyor,13,pdf,Books/Books for Text_TR-20260529T163910Z-3-003/Books for Text_TR/Duvar_TR/M-Murat Özgen Ayfer/Anderson_un Kitabı/Andersonun_Kitabı-6-Değişiklikler.pdf,254216,7ed4392ec0284219963c904c841525c25e44cea917d4abe14ad57e262c434abc,2026-08-14 16:53:11
1262,Ms Sozlugu 13 Yontemle,Bilinmiyor,123,pdf,Books/Books for Text_TR-20260529T163910Z-3-003/Books for Text_TR/Duvar_TR/M-Murat Özgen Ayfer/Ms-Sözlüğü/Ms_Sozlugu_13_Yontemle.pdf,1127476,6c1a05b436adfda9f2aeb9f69b57abd874f9753368e3144a8af66b7bc0408d92,2026-08-14 16:53:11
1263,Ms Sozlugu 14 Sofra ve,Bilinmiyor,11,pdf,Books/Books for Text_TR-20260529T163910Z-3-003/Books for Text_TR/Duvar_TR/M-Murat Özgen Ayfer/Ms-Sözlüğü/Ms_Sozlugu_14_Sofra_ve.pdf,285123,9abb837aa824c0034ac0415f0c1dbecdd5a65cd5fbc0742292b5b368ee9db4a4,2026-08-14 16:53:11
1264,Ms Sozlugu 15 Dinler v,Bilinmiyor,45,pdf,Books/Books for Text_TR-20260529T163910Z-3-003/Books for Text_TR/Duvar_TR/M-Murat Özgen Ayfer/Ms-Sözlüğü/Ms_Sozlugu_15_Dinler_v.pdf,750407,d2a73af57bcf320d50455c902029bfb10d2626597a8c9d553029af0a704268bc,2026-08-14 16:53:11
1265,Ms Sozlugu 16 Tarihsel,Bilinmiyor,110,pdf,Books/Books for Text_TR-20260529T163910Z-3-003/Books for Text_TR/Duvar_TR/M-Murat Özgen Ayfer/Ms-Sözlüğü/Ms_Sozlugu_16_Tarihsel.pdf,1524953,ba7e7471803957ba7da5aa498bca0b52eb9f5858ecaad847bd70541423685e4c,2026-08-14 16:53:11
1266,Ms Sozlugu 17 Tarihsel,Bilinmiyor,73,pdf,Books/Books for Text_TR-20260529T163910Z-3-003/Books for Text_TR/Duvar_TR/M-Murat Özgen Ayfer/Ms-Sözlüğü/Ms_Sozlugu_17_Tarihsel.pdf,1064656,fa3ba210e91af692b778a94a62dfc903c7cf0877bcb0375f7ee4e83be84e3414,2026-08-14 16:53:11
1267,Ms Sozlugu 3 Aletler v,Bilinmiyor,33,pdf,Books/Books for Text_TR-20260529T163910Z-3-003/Books for Text_TR/Duvar_TR/M-Murat Özgen Ayfer/Ms-Sözlüğü/Ms_Sozlugu_3_Aletler_v.pdf,610773,6970239480fabd6372d6bd9bf0a6698fddbe8d950218e905076bc2fa750f6b1f,2026-08-14 16:53:11
1268,Ms Sozlugu 5 Sutunlar,Bilinmiyor,12,pdf,Books/Books for Text_TR-20260529T163910Z-3-003/Books for Text_TR/Duvar_TR/M-Murat Özgen Ayfer/Ms-Sözlüğü/Ms_Sozlugu_5_Sutunlar.pdf,343900,5e9bf3c5d5de1be71e0ef0b9c19361570ec285862e5d24ee6fb9690f00846268,2026-08-14 16:53:11
1269,Ms Sozlugu 6 Sozcukler,Bilinmiyor,55,pdf,Books/Books for Text_TR-20260529T163910Z-3-003/Books for Text_TR/Duvar_TR/M-Murat Özgen Ayfer/Ms-Sözlüğü/Ms_Sozlugu_6_Sozcukler.pdf,659341,9b4017d4ee37166c58d15f2bafa0f640bcd918f1fde1ff7c193855c0620143fa,2026-08-14 16:53:11
1270,Ms Sozlugu 7 Terimler,Bilinmiyor,115,pdf,Books/Books for Text_TR-20260529T163910Z-3-003/Books for Text_TR/Duvar_TR/M-Murat Özgen Ayfer/Ms-Sözlüğü/Ms_Sozlugu_7_Terimler.pdf,1445909,17c1f0895b3e25e11cb504e0e75c6cf85d2f4a755c8afc36c821c43e01fc0953,2026-08-14 16:53:11
1271,Ms Sozlugu 8 Terimler,Bilinmiyor,98,pdf,Books/Books for Text_TR-20260529T163910Z-3-003/Books for Text_TR/Duvar_TR/M-Murat Özgen Ayfer/Ms-Sözlüğü/Ms_Sozlugu_8_Terimler.pdf,1141803,0b492a2754d7cb9170e7b59cacb0f9d18ecf1981bdc822e5d6259e455568e6ed,2026-08-14 16:53:11
1272,Ms Sozlugu 9 Orgutlenme,Bilinmiyor,85,pdf,Books/Books for Text_TR-20260529T163910Z-3-003/Books for Text_TR/Duvar_TR/M-Murat Özgen Ayfer/Ms-Sözlüğü/Ms_Sozlugu_9_Orgutlenme.pdf,1197716,d2c1ae5bd56dbd4a15f70001660899f9759feb0eaa695509f0ac9b690dd2a222,2026-08-14 16:53:11
1273,Tapinakcilar Siyonistler ve Ms,Bilinmiyor,280,pdf,"Books/Books for Text_TR-20260529T163910Z-3-003/Books for Text_TR/Duvar_TR/M-Murat Özgen Ayfer/Tapınakçılar, Syonistler, Masonlar/Tapinakcilar Siyonistler ve_Ms-1.pdf",8496365,8bac321487c98bc8a0a926c42b75ed6011e68073417edf2b413d72bc9df2ccf6,2026-08-14 16:53:11
1274,Tapinakcilar Siyonistler ve Ms,Bilinmiyor,222,pdf,"Books/Books for Text_TR-20260529T163910Z-3-003/Books for Text_TR/Duvar_TR/M-Murat Özgen Ayfer/Tapınakçılar, Syonistler, Masonlar/Tapinakcilar Siyonistler ve_Ms-2.pdf",5325160,cfbc9703bbc140e8ee1abf1b7c15b3240bf5898e2fbd3f959f13b6c18958741a,2026-08-14 16:53:11
1275,Tapinakcilar Siyonistler ve Ms,Bilinmiyor,194,pdf,"Books/Books for Text_TR-20260529T163910Z-3-003/Books for Text_TR/Duvar_TR/M-Murat Özgen Ayfer/Tapınakçılar, Syonistler, Masonlar/Tapinakcilar Siyonistler ve_Ms-3.pdf",7067826,b797fbe5053fc0ba5e090d00b5b3f4e942e680be8d16f17a1b801b9f6856154e,2026-08-14 16:53:11
1276,Kuklacılar İtalya da Gladyo Terörü Philip Willan,Bilinmiyor,448,pdf,Books/Books for Text_TR-20260529T163910Z-3-003/Books for Text_TR/Gld-World/Kuklacılar_İtalya_da_Gladyo_Terörü-Philip_Willan.pdf,6067993,a028ee643bfdc10d6407162be34195abda4d3e496e5042705b7ae853336ac152,2026-08-14 16:53:11
1277,184-1363268069.pdf,user,1,pdf,Books/Books for Text_TR-20260529T163910Z-3-003/Books for Text_TR/Gld-World/Philip Willan Soylesi/1.pdf,264723,4ff76b8456e3c0ef8f62c01cc5f83d4cb3295522118e65a2dff7f182256bc34b,2026-08-14 16:53:11
1278,184-1363268069.pdf,user,1,pdf,Books/Books for Text_TR-20260529T163910Z-3-003/Books for Text_TR/Gld-World/Philip Willan Soylesi/2.pdf,55271,d6e810163451b83ffe9397ae3da553f5dfd790db8ab53cafd2f5047680fcf6a0,2026-08-14 16:53:11
1279,184-1363268069.pdf,user,1,pdf,Books/Books for Text_TR-20260529T163910Z-3-003/Books for Text_TR/Gld-World/Philip Willan Soylesi/4.pdf,97788,6415087aa9edec5eb5f02de434f78263b8897bef860c4c1e82b635e3f1896af0,2026-08-14 16:53:11
1280,184-1363268069.pdf,user,1,pdf,Books/Books for Text_TR-20260529T163910Z-3-003/Books for Text_TR/Gld-World/Philip Willan Soylesi/5.pdf,50044,d973aa875a8fdfcd309a880343d44be5562598c2437f737951967a3241d006c6,2026-08-14 16:53:11
1281,184-1363268069.pdf,user,1,pdf,Books/Books for Text_TR-20260529T163910Z-3-003/Books for Text_TR/Gld-World/Philip Willan Soylesi/6.pdf,49661,8d71eeb91e714988435b0536aab30c0baace76806793abef1f34e2e18ab39a4d,2026-08-14 16:53:11
1282,Philip Willan Kuklacılar Higligt,Bilinmiyor,448,pdf,Books/Books for Text_TR-20260529T163910Z-3-003/Books for Text_TR/Gld-World/Philip_Willan_Kuklacılar_Higligt.pdf,6946186,bf981cdc3f0b3cd7ec82668b482b805be105b1e1bd72f9cca335309300f59aa8,2026-08-14 16:53:11
1283,Kitle Psikolojisi (Sigmund Freud) (z lib.org),Bilinmiyor,134,pdf,Books/Books for Text_TR-20260529T163910Z-3-003/Books for Text_TR/Propaganda ve İkna/Kitle Psikolojisi/Kitle Psikolojisi (Sigmund Freud) (z-lib.org).pdf,5897667,f3eda4941ad8ad38a7e1feb85a026de1a2723194f2eb3b85fc10a9caa2ac9dcd,2026-08-14 16:53:11
1284,Kitleler Psikolojisi (Gustave Le Bon) (z lib.org),Bilinmiyor,188,pdf,Books/Books for Text_TR-20260529T163910Z-3-003/Books for Text_TR/Propaganda ve İkna/Kitle Psikolojisi/Kitleler Psikolojisi (Gustave Le Bon) (z-lib.org).pdf,7107713,dc00da36e983da4206cd6beb52efafc20acf09606e9a09bcd9fba73404bacf99,2026-08-14 16:53:11
1285,Algoritmaların Gölgesinde Toplum ve İletişim,Faruk Çayır,129,pdf,Books/Books for Text_TR-20260529T163910Z-3-003/Books for Text_TR/Propaganda ve İkna/Kitle iletisimi/Algoritmalarin-Golgesinde-Toplum-Ve-Iletisim.pdf,4322780,ad653ceff4794ebf53e886a5af82f685a8935f60c9d60cc7224c2c5605cce4d2,2026-08-14 16:53:11
1286,Anadolu Üniversitesi,Anadolu Üniversitesi,213,pdf,Books/Books for Text_TR-20260529T163910Z-3-003/Books for Text_TR/Propaganda ve İkna/Kitle iletisimi/Dijital-Iletisim-Ve-Yeni-Medya.pdf,9990631,26262e31816427d80834ea359a8161b66fc36f9be4b46bee98e711c8de54a7b7,2026-08-14 16:53:11
1287,Microsoft Word - Dijitalleşen Dünyada Siyasal İletişim.doc,Mehmet,664,pdf,Books/Books for Text_TR-20260529T163910Z-3-003/Books for Text_TR/Propaganda ve İkna/Kitle iletisimi/Dijitalleşen-Dunyada-Siyasal-İletişim-compressed.pdf,6832036,451681e3686d3bda7dda92a1445715a0780d5253a84a1c79686a93053c01e039,2026-08-14 16:53:11
1288,Kamuoyu Iletisim ve Demokrasi Arsev Bektas,Bilinmiyor,274,pdf,Books/Books for Text_TR-20260529T163910Z-3-003/Books for Text_TR/Propaganda ve İkna/Kitle iletisimi/Kamuoyu-Iletisim-ve-Demokrasi-Arsev-Bektas.pdf,3733362,aa1685c8428d02b88ad020ed5bb74f118c68590fd574efe340ce3d5247f2e43a,2026-08-14 16:53:11
1289,Kitle İletişim Kuramları,Levent Yaylagül,197,pdf,Books/Books for Text_TR-20260529T163910Z-3-003/Books for Text_TR/Propaganda ve İkna/Kitle iletisimi/Kitle-Iletisim-Kuramlari-Levent-Yaylagul.pdf,2269524,e2eb715e29190620b0ab79c8130133c0f0dbd4cce9e7117df046292c14ec15be,2026-08-14 16:53:11
1290,Kitle kültürü kitlelerin afyonu,"Kahraman, Hasan Bülent, 1957-",324,pdf,Books/Books for Text_TR-20260529T163910Z-3-003/Books for Text_TR/Propaganda ve İkna/Kitle iletisimi/Kitle-Kulturu-Kitlelerin-Afyonu-Hasan-Bulent-Kahraman.pdf,11582755,1061dfa27b69f65d980b1b97b1acb42de279a59fc8e10bf612b3f9638e8e0d36,2026-08-14 16:53:11
1291,önkpk,Bilinmiyor,288,pdf,Books/Books for Text_TR-20260529T163910Z-3-003/Books for Text_TR/Propaganda ve İkna/Kitle iletisimi/Sosyolojik Açıdan Siyaset-İletişim İlişkisi.pdf,3890900,c520765028da01808c006cd6b9e6c51edafcca5247a9d8411e9c29871a532afe,2026-08-14 16:53:29
1292,STRATEJİK İLETİŞİM,Ayşegül Aksu,18,pdf,Books/Books for Text_TR-20260529T163910Z-3-003/Books for Text_TR/Propaganda ve İkna/Kitle iletisimi/Stratejik-İletişim-Planı-Aysegul-Aksu-3.pdf,905387,747b3a5e5338382e2eb987588a050a1c1da3698919306b915aef2b714c02d775,2026-08-14 16:53:29
1293,dby_sbir.pdf,Bilinmiyor,747,pdf,Books/Books for Text_TR-20260529T163910Z-3-003/Books for Text_TR/Propaganda ve İkna/Kitle iletisimi/Turkiye`de-Kitle-İletişimi.pdf,15263395,3741c1d10fb857bb29486a8dbd5e7571fbdc572aa7bf3d316263bf1c55dfb2b7,2026-08-14 16:53:29
1294,iletisim Modelleri Denis McQuail Sven Windahl,Bilinmiyor,276,pdf,Books/Books for Text_TR-20260529T163910Z-3-003/Books for Text_TR/Propaganda ve İkna/Kitle iletisimi/iletisim Modelleri-Denis-McQuail-Sven-Windahl.pdf,6294804,f59fd20a64114761d97371292b8bab397c21ffe736687de205d8d34d1a4d6939,2026-08-14 16:53:29
1295,İletişim Ayseli Usluata,Bilinmiyor,112,pdf,Books/Books for Text_TR-20260529T163910Z-3-003/Books for Text_TR/Propaganda ve İkna/Kitle iletisimi/İletişim-Ayseli Usluata-1994.pdf,3575814,d15b0fcdec3e0e20e5d4fad3d6da92c8d1d834107357960c83833c6558bfb16a,2026-08-14 16:53:29
1296,İsyan ve Umut Ağlan İnternet Çağında Toplumsal Hareketler,Bilinmiyor,315,pdf,Books/Books for Text_TR-20260529T163910Z-3-003/Books for Text_TR/Propaganda ve İkna/Kitle iletisimi/İsyan ve Umut Ağlan-İnternet Çağında Toplumsal Hareketler.pdf,3687692,3e7c48b3968f74174aab8634f1b196734989fed5d10bbf4f445633646f98b65c,2026-08-14 16:53:29
1297,Manipulasyon Ama Nasıl Josef Kirschner,Bilinmiyor,297,pdf,Books/Books for Text_TR-20260529T163910Z-3-003/Books for Text_TR/Propaganda ve İkna/Manipulasyon/Manipulasyon-Ama-Nasıl-Josef-Kirschner.pdf,9319912,c43002d64b15d3e209c3dece95379d7bbe32ae3fcef0919548850745a077d0e8,2026-08-14 16:53:29
1298,Caktirmadan Ikna Vance Packard,Bilinmiyor,288,pdf,Books/Books for Text_TR-20260529T163910Z-3-003/Books for Text_TR/Propaganda ve İkna/ikna/Caktirmadan-Ikna-Vance-Packard.pdf,13664684,ea7d73a5830610bf153b2851c7282107b5ce42a1c50d82c8af441ea0020cd60b,2026-08-14 16:53:29
1299,Gizli İkna Taktikleri,Kevin Hogan,139,pdf,Books/Books for Text_TR-20260529T163910Z-3-003/Books for Text_TR/Propaganda ve İkna/ikna/Gizli-Ikna-Taktikleri-Kevin-Hogan.pdf,3218554,fbb9f5524cc4e07a967b2bdcb44e61d7161967584aa11c7c00ce5b28832a47b6,2026-08-14 16:53:29
1300,Kevin Hogan - 8 Dakikada Nasıl Evet Dedirtirsiniz,Yasar Mutlu,229,pdf,Books/Books for Text_TR-20260529T163910Z-3-003/Books for Text_TR/Propaganda ve İkna/ikna/Istediginiz-Kisiye-8-Dakikada-Nasil-Evet-Dedirtirsiniz-Hogan.pdf,912578,5d9b10a7e067ab7d4b40c0539606ee23cec1b52d0ee38f59c2bb8f9f98bc0afb,2026-08-14 16:53:29
1301,İknanın Psikolojisi Robert B. Cialdini,Bilinmiyor,358,pdf,Books/Books for Text_TR-20260529T163910Z-3-003/Books for Text_TR/Propaganda ve İkna/ikna/İknanın Psikolojisi-Robert B. Cialdini.pdf,5941584,e97a011657bc8b258f8c3a9e3b216ccca92a5820984e93fac48cec09610f4d7f,2026-08-14 16:53:29
1302,Akp'nin Müteahhitleri,Harun Gürek,319,pdf,Books/Books for Text_TR-20260529T163910Z-3-003/Books for Text_TR/RTE/AKPnin Müteahhitleri (Harun Gürek) (z-lib.org).pdf,5097665,137d9770b5c600e10efb35f9f07fa6a5cb1f793b8b03a458d255a76d84e47777,2026-08-14 16:53:29
1303,15 Tm iddianame,Bilinmiyor,4658,pdf,Books/Books for Text_TR-20260529T163910Z-3-003/Books for Text_TR/RTE_15 Temmuz/iddianame_15 Tm/15 Tm_iddianame.pdf,41348755,32ab03f14a8c5dee07b8623f94d480e56b3e73014454e53fc0217d4f48a17ba3,2026-08-14 16:53:29
1304,Dünya Tarihi Kronolojik Zaman Çizelgeli (Kolektif) (z lib.org),Bilinmiyor,513,pdf,Books/Books for Text_TR-20260529T163910Z-3-003/Books for Text_TR/Tarih/Dünya Tarihi Kronolojik Zaman Çizelgeli (Kolektif) (z-lib.org).pdf,110424785,45a7dbd44c12f1692c384cce1a283d1a5f8bc52eb4a9f55cecdf5957fac3c1cb,2026-08-14 16:53:29
1305,İmamın Ordusu Ahmet Şık,irfan hosoglu,301,pdf,Books/Books for Text_TR-20260529T163910Z-3-003/Books for Text_TR/Yazarlar-Tr/Ahmet şık/İmamın-Ordusu-Ahmet-Şık.pdf,30176249,380acf809d92ff02c535961835e9b9d99a94e7bc0bbc83823b6a24e9ae07f323,2026-08-14 16:53:29
1306,Bilinmeyen Hitler,Aytunç Altındal,301,pdf,Books/Books for Text_TR-20260529T163910Z-3-003/Books for Text_TR/Yazarlar-Tr/Aytunç Altındal/Aytunç Altındal - Bilinmeyen Hitler.pdf,5852565,8bd5fbf35fb90d669e515a540b00482830c417d3b36b7ee90f338ba7ec7e7977,2026-08-14 16:53:29
1307,Bilinmeyen Vatikan,Aytunç Altındal,147,pdf,Books/Books for Text_TR-20260529T163910Z-3-003/Books for Text_TR/Yazarlar-Tr/Aytunç Altındal/Aytunç Altındal - Bilinmeyen-Vatikan.pdf,463883,e12c214a92d3ed77c4ebbf2714fe3c831c6beeddb103e04b15b506defb01ba8d,2026-08-14 16:53:29
1308,Bir Türk Casusunun Mektupları Batıda Seküler Düşüncenin Gelişimine Katkı,Aytunç Altındal,158,pdf,Books/Books for Text_TR-20260529T163910Z-3-003/Books for Text_TR/Yazarlar-Tr/Aytunç Altındal/Aytunç Altındal - Bir Türk Casusunun Mektupları Batıda Seküler Düşüncenin Gelişimine Katkı.pdf,2511549,25417d4c2bf47a97af6f43854002e7c99dc93fe254d3f1e7a7208ca6ac5fd0f6,2026-08-14 16:53:29
1309,Casuslar,Aytunç Altındal,70,pdf,Books/Books for Text_TR-20260529T163910Z-3-003/Books for Text_TR/Yazarlar-Tr/Aytunç Altındal/Aytunç Altındal - Casuslar.pdf,1457250,e59254d668fcc81e08372752ad953595e06fd6fcfc627ae23537e2c707ab1c31,2026-08-14 16:53:29
1310,Gül ve Haç Kardeşliği,Aytunç Altındal,288,pdf,Books/Books for Text_TR-20260529T163910Z-3-003/Books for Text_TR/Yazarlar-Tr/Aytunç Altındal/Aytunç Altındal - Gül ve Haç Kardeşliği.pdf,14074398,c5b405e00c2c45a3eda9911b6d1e198cb6468b59f6993c91355a6b86f96ef371,2026-08-14 16:53:29
1311,Kehanetler Kitabı,Aytunç Altındal,177,pdf,Books/Books for Text_TR-20260529T163910Z-3-003/Books for Text_TR/Yazarlar-Tr/Aytunç Altındal/Aytunç Altındal - Kehanetler Kitabı.pdf,72195971,a61ff4e8d7b5e387147412c3e64e8f66bdfca7eeb7ba6016a9d759bd41d57182,2026-08-14 16:53:29
1312,Kutsal Kitabın Yorumu,Sir Isaac Newton & Aytunç Altındal (çev.),241,pdf,Books/Books for Text_TR-20260529T163910Z-3-003/Books for Text_TR/Yazarlar-Tr/Aytunç Altındal/Aytunç Altındal - Kutsal Kitabın Yorumu-Sir İsaac Newton.pdf,5371416,83e5a2ef62488ee05b4ffc78b8d5908417883cf1881f39d5e69ba3cdea087a70,2026-08-14 16:53:29
1313,Laiklik Enigma ya Dönüşen Paradigma,Aytunç Altındal,257,pdf,Books/Books for Text_TR-20260529T163910Z-3-003/Books for Text_TR/Yazarlar-Tr/Aytunç Altındal/Aytunç Altındal - Laiklik_ Enigma_ya Dönüşen Paradigma.pdf,11700467,1ff86bf0954c08acf555500e14cfbb83df33c4166c5790c0116d0f560dc3caa0,2026-08-14 16:53:29
1314,Papa 16. Benedikt Avrupa Birliği ve Türkiye,Aytunç Altındal,146,pdf,Books/Books for Text_TR-20260529T163910Z-3-003/Books for Text_TR/Yazarlar-Tr/Aytunç Altındal/Aytunç Altındal - Papa 16. Benedikt Avrupa Birliği ve Türkiye.pdf,2427276,bf7132386638184e5df04fae19491f0562c7b7562e0d2d562cbe246eac27ff5d,2026-08-14 16:53:29
1315,Vatikan ın Gizli Yüzü,Aytunç Altındal,17,pdf,Books/Books for Text_TR-20260529T163910Z-3-003/Books for Text_TR/Yazarlar-Tr/Aytunç Altındal/Aytunç Altındal - Vatikan_ın Gizli Yüzü.pdf,129121,458ba2dda5169e69cefe1aa0a2581526184bbed9f25224009b81721c65133ac4,2026-08-14 16:53:29
1316,www.eskikitaplarim.com,Kaptan,148,pdf,Books/Books for Text_TR-20260529T163910Z-3-003/Books for Text_TR/Yazarlar-Tr/Aytunç Altındal/Aytunç Altındal - Yoksul Tanrı_ Tyanalı Apollonius.pdf,1481617,ca1a794fa9d1995235c0909d08c314851870d35b592c642c446a293c9130bb6e,2026-08-14 16:53:29
1317,Üç İsa,Aytunç Altındal,78,pdf,Books/Books for Text_TR-20260529T163910Z-3-003/Books for Text_TR/Yazarlar-Tr/Aytunç Altındal/Aytunç Altındal - Üç İsa.pdf,12923791,de4ca84c3f42e32ba9545b2ef7388fa064db059ab5dda9804b2dfe4f2a2733b0,2026-08-14 16:53:29
1318,Aydınlık 2009 08,Bilinmiyor,65,pdf,Books/Books for Text_TR-20260529T163910Z-3-003/Books for Text_TR/Yazarlar-Tr/Dogu-Perincek/Aydınlık-2009-08-23.pdf,2643555,2edcabb95f817f4ba4fe1541bcdef3f979e0cf035fef6ebd92bfd5c39dcd6bd2,2026-08-14 16:53:29
1319,Aydınlık 2009 11,Bilinmiyor,65,pdf,Books/Books for Text_TR-20260529T163910Z-3-003/Books for Text_TR/Yazarlar-Tr/Dogu-Perincek/Aydınlık-2009-11-22.pdf,2794869,a7cf624b281a6452c96ec92db06a24815503b71c0387014519be538d6006a7c1,2026-08-14 16:53:29
1320,Aydınlık 2009 12,Bilinmiyor,65,pdf,Books/Books for Text_TR-20260529T163910Z-3-003/Books for Text_TR/Yazarlar-Tr/Dogu-Perincek/Aydınlık-2009-12-27.pdf,4256645,5eb1abb83eaf8d6088c9699b80639defb68c95b95c766be0399ff32d919a99fa,2026-08-14 16:53:29
1321,01-16:Layout 1,meb,65,pdf,Books/Books for Text_TR-20260529T163910Z-3-003/Books for Text_TR/Yazarlar-Tr/Dogu-Perincek/Aydınlık-2010-01-03.pdf,3671964,23e607e27dd0dfe15b423277a7a2cac553feda09ab483e6a6f30855655d44142,2026-08-14 16:53:29
1322,Tayyip Erdoğan'ın Yüce Divan Dosyası,Doğu Perinçek,273,pdf,Books/Books for Text_TR-20260529T163910Z-3-003/Books for Text_TR/Yazarlar-Tr/Dogu-Perincek/Dogu-Perincek-Tayyip-Erdoganin-Yuce-Divan-Dosyasi.pdf,7937641,969c036b24fcb3cee85a10d3492c5ed767adf8570d5a0a567b35708b47b53082,2026-08-14 16:53:29
1323,Mahir Kaynak Bugünü Dünden Okumak,Bilinmiyor,207,pdf,Books/Books for Text_TR-20260529T163910Z-3-003/Books for Text_TR/Yazarlar-Tr/Mahir Kaynak/Mahir Kaynak-Bugünü Dünden Okumak.pdf,4479239,39012961584b6905832a742854c502aada8775ab7d47f908207544114f947074,2026-08-14 16:53:29
1324,Başımıza çuval geçirenler,Mahir Kaynak,249,pdf,Books/Books for Text_TR-20260529T163910Z-3-003/Books for Text_TR/Yazarlar-Tr/Mahir Kaynak/Mahir-Kaynak-Başımıza Çuval Geçirenler.pdf,4151654,137665313fc2ea0af9dafcccb635216aa479ab8e66314d5cf2a0db8fb9f25029,2026-08-14 16:53:29
1325,Mahir Kaynak Buyuk Ortadoğu Projesi,Bilinmiyor,115,pdf,Books/Books for Text_TR-20260529T163910Z-3-003/Books for Text_TR/Yazarlar-Tr/Mahir Kaynak/Mahir-Kaynak-Buyuk-Ortadoğu-Projesi.pdf,2417444,bec312125b7adb536ec83164cdaca6a6bd35537580f3a42f6f512b9a25dbb32e,2026-08-14 16:53:29
1326,Devriye : Orta Doğu'da siren sesleri,Mahir Kaynak,261,pdf,Books/Books for Text_TR-20260529T163910Z-3-003/Books for Text_TR/Yazarlar-Tr/Mahir Kaynak/Mahir-Kaynak-Devriye-Orta-doğuda-Siren-Sesleri.pdf,6490180,b4dd99e1b30bff33c492d2955e5372d02cb2a65b30c07a508541e0bfa23c950d,2026-08-14 16:53:29
1327,Ergenekon : darbecilerin son çırpınışları,"Kaynak, Mahir, 1934-",184,pdf,Books/Books for Text_TR-20260529T163910Z-3-003/Books for Text_TR/Yazarlar-Tr/Mahir Kaynak/Mahir-Kaynak-Ergenekon.pdf,6350669,9414918f219687d4f347e2652ed6b87900ee42b3f265b6f6e4dcd6dc4f8858d7,2026-08-14 16:53:29
1328,Mahir Kaynak Kurt Meselesi Turkiye`nin Cozumu,Bilinmiyor,154,pdf,Books/Books for Text_TR-20260529T163910Z-3-003/Books for Text_TR/Yazarlar-Tr/Mahir Kaynak/Mahir-Kaynak-Kurt-Meselesi-Turkiye`nin-Cozumu.pdf,3201867,a311e2cf6b6900f718be95006a0e8c36864aff6b54a56271ce551e4b2785a52d,2026-08-14 16:53:29
1329,Mahir Kaynak Stratejik Analizler,Bilinmiyor,229,pdf,Books/Books for Text_TR-20260529T163910Z-3-003/Books for Text_TR/Yazarlar-Tr/Mahir Kaynak/Mahir-Kaynak-Stratejik-Analizler.pdf,1945083,83d73c9348ce8dee8e17b928ec7362a72d0b7e4ff9f2e18724b63e9cf2d6ea01,2026-08-14 16:53:29
1330,Nedim Şener Mahrem İçinde Mahrem,Bilinmiyor,507,pdf,Books/Books for Text_TR-20260529T163910Z-3-003/Books for Text_TR/Yazarlar-Tr/Nedim Sener/Nedim_Şener_-Mahrem_İçinde_Mahrem.pdf,7148505,036cc2ba8a29f49763497a8c402183248ac3dca25a1b4302807ae7cdfe06b1e4,2026-08-14 16:53:29
1331,Soner Yalçın Bay Pipo,Unknown,281,pdf,Books/Books for Text_TR-20260529T163910Z-3-003/Books for Text_TR/Yazarlar-Tr/Soner Yalçın/Soner Yalçın_Bay_Pipo.pdf,1966897,dc9e16da9039fa690e17c80b09283d2e7bf96c26e843b256b95e662df7fb16cb,2026-08-14 16:53:29
1332,Reis - Gladio'nun Türk Tetikçisi,Soner Yalçın & Doğan Yurdakul,302,pdf,Books/Books for Text_TR-20260529T163910Z-3-003/Books for Text_TR/Yazarlar-Tr/Soner Yalçın/Soner-Yalcin-Reis-Gladio-nun-Turk-Tetikcisi.pdf,1495721,9d52938be9b53bc0f2bbcab4136e6c31abe930aa465ddeebb560b0aacfbaa366,2026-08-14 16:53:29
1333,Saklı Seçilmişler,Soner Yalçın & Bilinmeyen yazar,564,pdf,Books/Books for Text_TR-20260529T163910Z-3-003/Books for Text_TR/Yazarlar-Tr/Soner Yalçın/Soner-Yalcin-Sakli-Secilmisler.pdf,2035089,b86786e9d8a32fa827c29ff5a1557ac3881218f4f2f2d5834da8d66774a6f93e,2026-08-14 16:53:29
1334,Bay Pipo. Hiram Abbas,Doğan Yurdakul; Soner Yalçın,443,pdf,Books/Books for Text_TR-20260529T163910Z-3-003/Books for Text_TR/Yazarlar-Tr/Soner Yalçın/Soner-Yalcın-Bay-Pipo.pdf,1767243,f9b3ad692536b4c88a4a6b91d832cbf054a59a671a209af3b75058dc73875575,2026-08-14 16:53:29
1335,Soner Yalcın Erbakan,Bilinmiyor,369,pdf,Books/Books for Text_TR-20260529T163910Z-3-003/Books for Text_TR/Yazarlar-Tr/Soner Yalçın/Soner-Yalcın-Erbakan.pdf,8513159,6045105afca0ea426d94344fd08764077811c46a532efd5126d9dc2bb246025d,2026-08-14 16:53:29
1336,Soner Yalcın Galat ı Meşhur,Bilinmiyor,472,pdf,Books/Books for Text_TR-20260529T163910Z-3-003/Books for Text_TR/Yazarlar-Tr/Soner Yalçın/Soner-Yalcın-Galat-ı-Meşhur-pdf.pdf,16142439,63332c1efb21a1d2b7602d91f3d5c99e666a4912aa27ac4fdb1dd933bef39f3c,2026-08-14 16:53:29
1337,Soner Yalcın Kayıp Sicil,Bilinmiyor,411,pdf,Books/Books for Text_TR-20260529T163910Z-3-003/Books for Text_TR/Yazarlar-Tr/Soner Yalçın/Soner-Yalcın-Kayıp-Sicil.pdf,23801191,93b1ce8612db9bd748bc66482916091b14a3ec12474e37168bcd2a0bb5f1c2ba,2026-08-14 16:53:29
1338,Avrupa ve Biz (İlber Ortaylı) (z lib.org),Bilinmiyor,-,epub,Books/Books for Text_TR-20260529T163910Z-3-003/Books for Text_TR/Yazarlar-Tr/İlber Ortaylı/Avrupa ve Biz (İlber Ortaylı) (z-lib.org).epub,11747316,f1a1b36d6b9bbe393c660a1d9ae9687d2d5cf4c0cd26efc34bad9f91581d3242,2026-08-14 16:53:29
1339,Türkiyenin Yakın Tarihi (İlber Ortaylı) (z lib.org),Bilinmiyor,-,epub,Books/Books for Text_TR-20260529T163910Z-3-003/Books for Text_TR/Yazarlar-Tr/İlber Ortaylı/Türkiyenin Yakın Tarihi (İlber Ortaylı) (z-lib.org).epub,661513,47a8a6dbe31846b5a199020ffb2432b5ecd5702316b128e92680dae21faa32ca,2026-08-14 16:53:29
1340,"İmparatorluğun En Uzun Yüzyılı (İlber Ortaylı [Ortaylı, İlber]) (z lib.org)",Bilinmiyor,-,epub,"Books/Books for Text_TR-20260529T163910Z-3-003/Books for Text_TR/Yazarlar-Tr/İlber Ortaylı/İmparatorluğun En Uzun Yüzyılı (İlber Ortaylı [Ortaylı, İlber]) (z-lib.org).epub",654172,1c055ba6873d5edacb8f516e39fd89a99ceb51733334f5e8562d937e70720d44,2026-08-14 16:53:29
1341,Kolektif Siyonizm Ve Irkcılık Cev Turkkaya Ataov Birey Toplum 1985 2 Basım,Bilinmiyor,304,pdf,Books/Books for Text_TR-20260529T163910Z-3-003/Books for Text_TR/Yhd/Sion/Kolektif-Siyonizm-Ve-Irkcılık-Cev-Turkkaya-Ataov-Birey-Toplum-1985-2-Basım.pdf,44688376,09bb785348bd54e522d22bb4da308d69251151880418c3dcebca41d6c10aaa2d,2026-08-14 16:53:29
1342,Yahudilik Ansiklopedisi (3 Cilt Takım),Yusuf Besalel,930,pdf,Books/Books for Text_TR-20260529T163910Z-3-003/Books for Text_TR/Yhd/Yahudilik Ansiklopedisi (3 cilt bir arada) (Yusuf Besalel) (z-lib.org).pdf,37036215,35649d284b1bd49dede55bcc4a9d722aa6966eb9b72a20a2479d9830fa13cd0c,2026-08-14 16:53:29
1343,is_ahlaki_3.indb,furkan,7,pdf,Books/Books for Text_TR-20260529T163910Z-3-003/Books for Text_TR/İstihbarat/Kalin/Kalın_Seyyid Hüseyin Nasr.pdf,93066,e4da503390b486972f1b84849c0c7b1f7af1ebcba8a918249a784d7edc409471,2026-08-14 16:53:29
1344,Reason and Rationality in the Quran Ibrahim Kalin,Bilinmiyor,238,pdf,Books/Books for Text_TR-20260529T163910Z-3-003/Books for Text_TR/İstihbarat/Kalin/iKalin Englısh/Reason and Rationality in the Quran-Ibrahim Kalin.pdf,4720653,84e50f2eae2d069fcf4f5c996dcd63c22b8228dd82352ae7c0d3302115699993,2026-08-14 16:53:29
1345,Soft Power and Public Diplomacy i,Bilinmiyor,19,pdf,Books/Books for Text_TR-20260529T163910Z-3-003/Books for Text_TR/İstihbarat/Kalin/iKalin Englısh/Soft Power and Public Diplomacy i.pdf,107370,1b61b2056ec250de4adf2a35c5f293ecb50d663cf68376d641ae0b8d82cdd339,2026-08-14 16:53:29
1346,iKalin War Peace Islam,Bilinmiyor,552,pdf,Books/Books for Text_TR-20260529T163910Z-3-003/Books for Text_TR/İstihbarat/Kalin/iKalin Englısh/iKalin-War-Peace-Islam.pdf,8868225,fb040c2e02474f1b075f984bc607b5b6d4f40147a51acee724ba6a466bbba8a4,2026-08-14 16:53:29
1347,iKalin islam and peace Ibrahim,Bilinmiyor,85,pdf,Books/Books for Text_TR-20260529T163910Z-3-003/Books for Text_TR/İstihbarat/Kalin/iKalin Englısh/iKalin-islam and peace-Ibrahim.pdf,1593418,074416568cab4bf9b02d565f381773727078a79f7048715c125d6a76f43a8880,2026-08-14 16:53:29
1348,iKalin Barbar Modern Medeni,Bilinmiyor,298,pdf,Books/Books for Text_TR-20260529T163910Z-3-003/Books for Text_TR/İstihbarat/Kalin/iKalin-Barbar-Modern-Medeni-2018.pdf,13643102,a1e246640d0a072250984990c9836b3499a7778d40b4bc46885ee6e0f46b6e39,2026-08-14 16:53:29
1349,iKalin Ben Oteki Ve Otesi,Bilinmiyor,562,pdf,Books/Books for Text_TR-20260529T163910Z-3-003/Books for Text_TR/İstihbarat/Kalin/iKalin-Ben-Oteki-Ve-Otesi-2016.pdf,9123111,bccc9c80e7e6f129c3474040c64c8c2ae07c1b7fe86f5e8027992f14dc4de480,2026-08-14 16:53:29
1350,perde ve mana İbrahim kalın,CamScanner,60,pdf,Books/Books for Text_TR-20260529T163910Z-3-003/Books for Text_TR/İstihbarat/Kalin/iKalin-Perde-ve-Mana.pdf,15301741,17a75524bc161bf25be93f6496c8288ee0d017e62b641f3f40a1e43f93953fa9,2026-08-14 16:53:29
1351,iKalin Varlık Ve İdrak,Bilinmiyor,275,pdf,Books/Books for Text_TR-20260529T163910Z-3-003/Books for Text_TR/İstihbarat/Kalin/iKalin-Varlık-Ve-İdrak.pdf,10401160,de69f64aeda4b39a3f9d98f4a0f9afa017320ab8e6fe5ad20296dd8e6c0c0fd6,2026-08-14 16:53:29
1352,İslâm ve Batı,İbrahim Kalın,186,pdf,Books/Books for Text_TR-20260529T163910Z-3-003/Books for Text_TR/İstihbarat/Kalin/iKalin-İslam-Ve-Batı.pdf,1416082,211911ffe148e172a6f1a5a20ed9ae8c128bc5dcfc0760ce1a3d58b31664217b,2026-08-14 16:53:29
1353,3. Adam Anlatıyor,Bilinmiyor,92,pdf,Books/Books for Text_TR-20260529T163910Z-3-003/Books for Text_TR/İstihbarat/Mit/3. Adam Anlatıyor.pdf,1083793,a62d07f8e5de886516061d2025a78ec9df8a82436ceeabff9a12c632ea5ceb96,2026-08-14 16:53:29
1354,Milli İstihbarat Teşkilatı,Tuncay Özkan,349,pdf,Books/Books for Text_TR-20260529T163910Z-3-003/Books for Text_TR/İstihbarat/Mit/Tuncay-Ozkan-Mit.pdf,1496799,1e92a0068230c7f981d6e82450ef115c85fb029b2ccd54b243c9538248bdca8c,2026-08-14 16:53:29
1355,Enver Altayli Cianin Turk Casusu Ruzi Nezer,Bilinmiyor,543,pdf,Books/Books for Text_TR-20260529T163910Z-3-003/Books for Text_TR/İstihbarat/ca/Enver-Altayli-Cianin-Turk-Casusu-Ruzi-Nezer-2013.pdf,6133816,e870b0b2a1d8ffbdde4524081b3d00411363c852f1af8903b97a04df234b58d9,2026-08-14 16:53:29
1356,Gorunmeyen Hukumet CIA David Wise Thomas Bross,Bilinmiyor,155,pdf,Books/Books for Text_TR-20260529T163910Z-3-003/Books for Text_TR/İstihbarat/ca/Gorunmeyen-Hukumet-CIA-David-Wise-Thomas-Bross.pdf,3946696,5e7bc77fb80b9f98a6f849ef09e69a67a39f473a5288b2be8c61536b67b60a1e,2026-08-14 16:53:29
1357,Ms Hile Yolu,Bilinmiyor,398,pdf,Books/Books for Text_TR-20260529T163910Z-3-003/Books for Text_TR/İstihbarat/ms/Ms-Hile-Yolu.pdf,2417211,f9d5d5c3b48d565e8b5579ce1ad845c68f8f2b4158aa1254510a213cf9d0928c,2026-08-14 16:53:29
1358,Ali Unal - Din Etrafinda - IsikAkademiY,Ali Unal,289,pdf,Books/b-Library_Hzm-20260601T230631Z-3-002/b-Library_Hzm/Ali Ünal/Ali Unal-Din Etrafinda-IsikAkademiY.pdf,1218760,92b58368528bee4767d7bc3d6778104c02afc198e09d5323748f8a6c66e7c2b2,2026-08-14 16:53:29
1359,Hizmet Rehberi,Ali Ünal,306,pdf,Books/b-Library_Hzm-20260601T230631Z-3-002/b-Library_Hzm/Ali Ünal/Ali Unal-Hizmet-Rehberi.pdf,1998948,acaed144d17564c499d7fb2e3c1fc71dbc280378f928d12c46fa2b9dfd2075c9,2026-08-14 16:53:29
1360,Ali Unal - Islam Bilim Insan ve Tarih - YitikHazineYayinlari,Ali Unal,285,pdf,Books/b-Library_Hzm-20260601T230631Z-3-002/b-Library_Hzm/Ali Ünal/Ali Unal-Islam-Bilim-Insan-Ve-Tarih.pdf,1344347,09d6108017ca97f0f00b6692cbe2cc2a948ab09b2596998f5c2fec3b6c7c3cb8,2026-08-14 16:53:29
1361,Kurani Kerim ve Aciklamali Meali Ali Unal,Ali Unal,1490,pdf,Books/b-Library_Hzm-20260601T230631Z-3-002/b-Library_Hzm/Ali Ünal/Ali Unal-Kurani-Kerim-Meali.pdf,24790273,3f1fb04242db5b77a1e07eca653fedcca5acdaf13ff0c83c2eb22af8839b779c,2026-08-14 16:53:29
1362,Unknown,Unknown,710,pdf,Books/b-Library_Hzm-20260601T230631Z-3-002/b-Library_Hzm/Ali Ünal/Ali Unal-Risale-i-nur_da-kulli-kaideler-1.pdf,4269507,825223195c7b31ed77c8ec7331bc0fc50091e05da5ffc533c006b23bc920fa5e,2026-08-14 16:53:29
1363,Allah Dostları Cilt 01,Bilinmiyor,463,pdf,Books/b-Library_Hzm-20260601T230631Z-3-002/b-Library_Hzm/Allah Dostları-ZAMAN/Allah Dostları Cilt 01.pdf,32209815,5aebbad4b2e409af4b249ee2d6573e3f1d91c4ed1e5d6cbe5c70cb18aff034ed,2026-08-14 16:53:29
1364,Allah Dostları Cilt 02,Bilinmiyor,462,pdf,Books/b-Library_Hzm-20260601T230631Z-3-002/b-Library_Hzm/Allah Dostları-ZAMAN/Allah Dostları Cilt 02.pdf,29936023,882719fcd95951bd2c02dd36ffd9d8a1f48ccb7f1298bdd069bfc2a69de097dd,2026-08-14 16:53:29
1365,Allah Dostları Cilt 03,Bilinmiyor,464,pdf,Books/b-Library_Hzm-20260601T230631Z-3-002/b-Library_Hzm/Allah Dostları-ZAMAN/Allah Dostları Cilt 03.pdf,32163534,37111cdd42290f550d41e83da6c0f8122d226f21826dfe4da46da5b79b3b5422,2026-08-14 16:53:29
1366,Allah Dostları Cilt 04,Bilinmiyor,463,pdf,Books/b-Library_Hzm-20260601T230631Z-3-002/b-Library_Hzm/Allah Dostları-ZAMAN/Allah Dostları Cilt 04.pdf,32123925,3ae704b2270d38f8280262ae7eff5eb0c270b24ea781a9273e1b83da4c713c5f,2026-08-14 16:53:29
1367,Allah Dostları Cilt 05,Bilinmiyor,465,pdf,Books/b-Library_Hzm-20260601T230631Z-3-002/b-Library_Hzm/Allah Dostları-ZAMAN/Allah Dostları Cilt 05.pdf,31670965,33a77e20850870a42d72ff8cfc64daacb9ed62215d424598a41b2e2fa3c18f2f,2026-08-14 16:53:29
1368,Allah Dostları Cilt 06,Bilinmiyor,464,pdf,Books/b-Library_Hzm-20260601T230631Z-3-002/b-Library_Hzm/Allah Dostları-ZAMAN/Allah Dostları Cilt 06.pdf,35894663,9e3ab32e902952b96a9bd1afd41aa7c2f4b21dfc1888ea242e247ce2cf205159,2026-08-14 16:53:29
1369,Allah Dostları Cilt 07,Bilinmiyor,479,pdf,Books/b-Library_Hzm-20260601T230631Z-3-002/b-Library_Hzm/Allah Dostları-ZAMAN/Allah Dostları Cilt 07.pdf,39260429,1062f016f6d853c74a0716cbce8187b406193d9070db0a9f6b99553aa73eaca6,2026-08-14 16:53:29
1370,Allah Dostları Cilt 08,Bilinmiyor,464,pdf,Books/b-Library_Hzm-20260601T230631Z-3-002/b-Library_Hzm/Allah Dostları-ZAMAN/Allah Dostları Cilt 08.pdf,35954477,369f23c399d084d51546891dc7aa7f49a44edbfa81c45aeb68a616a6876a5d9c,2026-08-14 16:53:29
1371,Allah Dostları Cilt 09,Bilinmiyor,479,pdf,Books/b-Library_Hzm-20260601T230631Z-3-002/b-Library_Hzm/Allah Dostları-ZAMAN/Allah Dostları Cilt 09.pdf,40560241,af567be7bdcb29036ea614160c57af2c08e47998143cc3af2a644bcbc9c95463,2026-08-14 16:53:29
1372,Allah Dostları Cilt 10,Bilinmiyor,431,pdf,Books/b-Library_Hzm-20260601T230631Z-3-002/b-Library_Hzm/Allah Dostları-ZAMAN/Allah Dostları Cilt 10.pdf,34296491,5244ee3ca78000f1d7bfa13b0f77fefe8dda4958ca1dd34a16733c67b8cea19a,2026-08-14 16:53:29
1373,Yeni Umit Dergisi 001 1988,Bilinmiyor,52,pdf,Books/b-Library_Hzm-20260601T230631Z-3-002/b-Library_Hzm/Dergi-Yeni Ümit/Yeni-Umit-Dergisi-001-1988-7.pdf,3286340,886729ca69332bb412aaa8eb5b0275c9a8576c0999b996946109361d3d381349,2026-08-14 16:53:29
1374,Yeni Umit Dergisi 002 1988,Bilinmiyor,50,pdf,Books/b-Library_Hzm-20260601T230631Z-3-002/b-Library_Hzm/Dergi-Yeni Ümit/Yeni-Umit-Dergisi-002-1988-10.pdf,3839179,f1ad9afb267c765cf175998ffabf8b459e7611e6087faddc01faf90fe5bcc2b6,2026-08-14 16:53:29
1375,100_Yeni_Umit.indd,Bilinmiyor,68,pdf,Books/b-Library_Hzm-20260601T230631Z-3-002/b-Library_Hzm/Dergi-Yeni Ümit/Yeni-Umit-Dergisi-100-2013-4.pdf,4326873,de86ba0bab0876db8277da1ab1f103e736c70bb8dce76bd3e12fe5300655cf01,2026-08-14 16:53:29
1376,101_Yeni_Umit-yeni.indd,Bilinmiyor,68,pdf,Books/b-Library_Hzm-20260601T230631Z-3-002/b-Library_Hzm/Dergi-Yeni Ümit/Yeni-Umit-Dergisi-101-2013-7.pdf,4320804,4207c14af557881f1cce04c1f6d7d88fa96220600c67a86e9e4e96b52f6c651b,2026-08-14 16:53:29
1377,Yeni Umit Dergisi 103 2014,Bilinmiyor,68,pdf,Books/b-Library_Hzm-20260601T230631Z-3-002/b-Library_Hzm/Dergi-Yeni Ümit/Yeni-Umit-Dergisi-103-2014-1.pdf,3983434,680bf7116bab40acc1e337870054f7f2e3df38473c1018a620f2fa3983162696,2026-08-14 16:53:29
1378,Yeni Umit Dergisi 104 2014,Bilinmiyor,136,pdf,Books/b-Library_Hzm-20260601T230631Z-3-002/b-Library_Hzm/Dergi-Yeni Ümit/Yeni-Umit-Dergisi-104-2014-3.pdf,7189241,aff65d33a1133dac0a82cf8266c3126389a9dbbe55b19048d3c0fcea3422b984,2026-08-14 16:53:29
1379,Yeni Umit Dergisi 105 2014,Bilinmiyor,68,pdf,Books/b-Library_Hzm-20260601T230631Z-3-002/b-Library_Hzm/Dergi-Yeni Ümit/Yeni-Umit-Dergisi-105-2014-7.pdf,12231915,cfb53d5b2c3a1dd065e1a49b850089b1d704145a71fd165f0448fb28fc567ab8,2026-08-14 16:53:29
1380,yeni_umit_71.indd,Designer,68,pdf,Books/b-Library_Hzm-20260601T230631Z-3-002/b-Library_Hzm/Dergi-Yeni Ümit/Yeni-Umit-Dergisi-71-2006-1.pdf,5946058,7911e541d7ff771200eacbaeb1e697803d83580c1a8425a0197a46b663c5217d,2026-08-14 16:53:29
1381,yeni_umit1.indd,Designer,68,pdf,Books/b-Library_Hzm-20260601T230631Z-3-002/b-Library_Hzm/Dergi-Yeni Ümit/Yeni-Umit-Dergisi-72-2006-4.pdf,6825527,8b02ff5bed6859d9dbff8f72a27615654981a7b1fa021f1b83bff70992690f94,2026-08-14 16:53:29
1382,yeni_umit2.indd,Designer,68,pdf,Books/b-Library_Hzm-20260601T230631Z-3-002/b-Library_Hzm/Dergi-Yeni Ümit/Yeni-Umit-Dergisi-73-2006-7.pdf,7503781,9ce50d6ca782cd33921375562d50fb750f3d7ed092edc84d304a1dbc7e184339,2026-08-14 16:53:29
1383,yeni_umit copy.indd,Designer,68,pdf,Books/b-Library_Hzm-20260601T230631Z-3-002/b-Library_Hzm/Dergi-Yeni Ümit/Yeni-Umit-Dergisi-74-2006-10.pdf,6415284,c342c81f097dee6111bcadc67d10f2689526dd9c6117328491f8299dad987f83,2026-08-14 16:53:29
1384,index1.indd,Designer,68,pdf,Books/b-Library_Hzm-20260601T230631Z-3-002/b-Library_Hzm/Dergi-Yeni Ümit/Yeni-Umit-Dergisi-75-2007-1.pdf,4328589,a13644f66cfac657963bc26f915696f398a65f8ac519b3f8f543ac09152ec616,2026-08-14 16:53:29
1385,yeni_umit_77.indd,Designer,68,pdf,Books/b-Library_Hzm-20260601T230631Z-3-002/b-Library_Hzm/Dergi-Yeni Ümit/Yeni-Umit-Dergisi-77-2007-7.pdf,4359604,6696fb5cda235dfb46fe543a71b0d9bec6fc688ff39a90b8faf9572631845779,2026-08-14 16:53:29
1386,yeni_umit_79.indd,Designer,68,pdf,Books/b-Library_Hzm-20260601T230631Z-3-002/b-Library_Hzm/Dergi-Yeni Ümit/Yeni-Umit-Dergisi-79-2008-1.pdf,4630381,2e7836798fad438c6fcd325203b6c95156895035c6a251c059af29f570cfecd7,2026-08-14 16:53:29
1387,yeni_umit_80.indd,Bilinmiyor,68,pdf,Books/b-Library_Hzm-20260601T230631Z-3-002/b-Library_Hzm/Dergi-Yeni Ümit/Yeni-Umit-Dergisi-80-2008-4.pdf,9059017,85940ae68997ee71662c96eecf16ef16a25b847f8107c820c0e693f99c340f52,2026-08-14 16:53:29
1388,Yeni Umit Dergisi 82 2008,Bilinmiyor,68,pdf,Books/b-Library_Hzm-20260601T230631Z-3-002/b-Library_Hzm/Dergi-Yeni Ümit/Yeni-Umit-Dergisi-82-2008-10.pdf,7130552,74ffc6825442bb68240b347c57396799b3b3a1b674e95bb6c73b186301c50250,2026-08-14 16:53:29
1389,Yeni Umit Dergisi 83 2009,Bilinmiyor,68,pdf,Books/b-Library_Hzm-20260601T230631Z-3-002/b-Library_Hzm/Dergi-Yeni Ümit/Yeni-Umit-Dergisi-83-2009-1.pdf,19266797,8be4d794e9fa89090247040b396e3c9970073bbeb49bc99b0894a39bd099f6f9,2026-08-14 16:53:29
1390,Yeni Umit Dergisi 84 2009,Bilinmiyor,68,pdf,Books/b-Library_Hzm-20260601T230631Z-3-002/b-Library_Hzm/Dergi-Yeni Ümit/Yeni-Umit-Dergisi-84-2009-4.pdf,6213456,a9f5e4bbd53f1fbac26c180b6271b75c2ba3208ae44014541c000b76a51bfb66,2026-08-14 16:53:29
1391,Yeni Umit Dergisi 86 2009,Bilinmiyor,68,pdf,Books/b-Library_Hzm-20260601T230631Z-3-002/b-Library_Hzm/Dergi-Yeni Ümit/Yeni-Umit-Dergisi-86-2009-10.pdf,6515831,4f318588e6a51096a4c91d929998361032810d4ccd6b5cb3974db972be36242e,2026-08-14 16:53:36
1392,Yeni Umit Dergisi 87 2010,Bilinmiyor,68,pdf,Books/b-Library_Hzm-20260601T230631Z-3-002/b-Library_Hzm/Dergi-Yeni Ümit/Yeni-Umit-Dergisi-87-2010-1.pdf,7372257,709e2b51cd295bcc371fbe0898da18a10df80466e90b68f7177baaef9d8e2e5a,2026-08-14 16:53:36
1393,Yeni Umit Dergisi 88 2010,Bilinmiyor,68,pdf,Books/b-Library_Hzm-20260601T230631Z-3-002/b-Library_Hzm/Dergi-Yeni Ümit/Yeni-Umit-Dergisi-88-2010-4.pdf,2788947,03937bc51f5828e51aec2520af0717687c8f773cc1ead138910ae17772d27f8d,2026-08-14 16:53:36
1394,Yeni Umit Dergisi 89 2010,Bilinmiyor,68,pdf,Books/b-Library_Hzm-20260601T230631Z-3-002/b-Library_Hzm/Dergi-Yeni Ümit/Yeni-Umit-Dergisi-89-2010-7.pdf,9453013,c9ed1ccb5b8387b01fbddd2eff79abb136be11527c70fabc90601d638702e65a,2026-08-14 16:53:36
1395,Yeni Ümit Say 91.indd,m.arabaci,68,pdf,Books/b-Library_Hzm-20260601T230631Z-3-002/b-Library_Hzm/Dergi-Yeni Ümit/Yeni-Umit-Dergisi-91-2011-1.pdf,4923947,ec3fbf17894d921fa1a79b50e76fb06f95fb237954f56a897a9c3704287adfa4,2026-08-14 16:53:36
1396,Yeni Ümit Say 93.indd,m.arabaci,68,pdf,Books/b-Library_Hzm-20260601T230631Z-3-002/b-Library_Hzm/Dergi-Yeni Ümit/Yeni-Umit-Dergisi-93-2011-7.pdf,6494083,83b4562febd7499528e59a51befc93c147e82ba3ce909f5913998c40ff4944e0,2026-08-14 16:53:36
1397,Yeni Ümit Say 94.indd,m.arabaci,68,pdf,Books/b-Library_Hzm-20260601T230631Z-3-002/b-Library_Hzm/Dergi-Yeni Ümit/Yeni-Umit-Dergisi-94-2011-10.pdf,5224728,19961df287066bcaa35be074ba62bdf55f8e4ce3b5e1b39300807565d763dbab,2026-08-14 16:53:36
1398,Yeni Ümit Sayı 95 - yeni_calisma.indd,m.arabaci,68,pdf,Books/b-Library_Hzm-20260601T230631Z-3-002/b-Library_Hzm/Dergi-Yeni Ümit/Yeni-Umit-Dergisi-95-2012-01.pdf,11844032,ceb854486b56a51526869520081a419b3bc1e0856f0b91fadd2de90eda3943a7,2026-08-14 16:53:36
1399,yeni_umit_96.indd,m.arabaci,68,pdf,Books/b-Library_Hzm-20260601T230631Z-3-002/b-Library_Hzm/Dergi-Yeni Ümit/Yeni-Umit-Dergisi-96-2012-4.pdf,6083109,eec91e3bd98c4dc2725235fa0dafaa0c72ae1ba2d0990839beb4b87c7e13eda3,2026-08-14 16:53:36
1400,Yeni Umit 98 ic,ahmetg5,68,pdf,Books/b-Library_Hzm-20260601T230631Z-3-002/b-Library_Hzm/Dergi-Yeni Ümit/Yeni-Umit-Dergisi-98-2012-10.pdf,7768577,713d81d962d4862bda33f9f2976942a4e35be39912e2ba473197b9809ab5c52e,2026-08-14 16:53:36
1401,Rahmet Hazinesinin Anahtarı Efendiler Efendisine Salat ve Selam - IsikYayinlari,Bilinmiyor,161,pdf,Books/b-Library_Hzm-20260601T230631Z-3-002/b-Library_Hzm/Dua-Hzm/Efendiler-Efendisine-salat-ve-selam-mehmet-y-seker-isikyayinlari.pdf,759074,371eee5d55579ccdcb5934f0698437cd3313a5157fc0ed3545936c105507bb2c,2026-08-14 16:53:36
1402,Eninu l Kalb,Bilinmiyor,37,pdf,Books/b-Library_Hzm-20260601T230631Z-3-002/b-Library_Hzm/Dua-Hzm/Eninu_l Kalb.pdf,991208,f7a248efd8e975110f659d5455bf5d3f301ed24bf3a58b4b98b55a7020156dba,2026-08-14 16:53:36
1403,HE Evradı Son Hali 1,Bilinmiyor,54,pdf,Books/b-Library_Hzm-20260601T230631Z-3-002/b-Library_Hzm/Dua-Hzm/HE_Evradı_Son_Hali 1.pdf,17903152,3981c7c9998e5f45e196207b61ad5483f4db5d941d0f9ee2d38e18431a6907a1,2026-08-14 16:53:36
1404,Tevhidname Eninül Kalb,Bilinmiyor,9,pdf,Books/b-Library_Hzm-20260601T230631Z-3-002/b-Library_Hzm/Dua-Hzm/Tevhidname-Eninül Kalb.pdf,3077466,e431e8b353cb0195f148c23f8be7f3ff5d87a6b55869e5c133a49da46f5f1891,2026-08-14 16:53:36
1405,Yakaran Gönüller - el Kulûb'd Dâria Tercümesi,Mustafa Yılmaz,1096,pdf,Books/b-Library_Hzm-20260601T230631Z-3-002/b-Library_Hzm/Dua-Hzm/Yakaran Gönüller - el Kulûbd Dâria Tercümesi.pdf,5591794,b8f82ca9dda82807157b8735236c02be49e2b3c4573b9dc3d5711738a6f2849b,2026-08-14 16:53:36
1406,Selman Unlu - Bir Kutsi Dilekce Dua - RehberYayinlari,Selman Unlu,181,pdf,Books/b-Library_Hzm-20260601T230631Z-3-002/b-Library_Hzm/Dua-Hzm/bir-kutsi-dilekce-dua-selman-unlu-rehberyayinlari.pdf,855086,7b65e0eaf8ba03cbbffe5becc5e1bf22e11d8e4f3b6971fa76b665101ff1f993,2026-08-14 16:53:36
1407,hadislerde dua,Bilinmiyor,37,pdf,Books/b-Library_Hzm-20260601T230631Z-3-002/b-Library_Hzm/Dua-Hzm/hadislerde_dua.pdf,251907,321021975d31b7eb3ac950fc853c14af237a73f30bcc67e5b65fb12aae163ffc,2026-08-14 16:53:36
1408,Kur'ân'da Dua klimi.indd,ByRON,166,pdf,Books/b-Library_Hzm-20260601T230631Z-3-002/b-Library_Hzm/Dua-Hzm/kuranda-dua-iklimi.pdf,949265,f2ed6735f859bb22ff391aecb9d5c54d6f629d06d32f0981ff478069a50c5964,2026-08-14 16:53:36
1409,Ashab ı Bedir Duası,Bilinmiyor,31,pdf,Books/b-Library_Hzm-20260601T230631Z-3-002/b-Library_Hzm/Dua-Oku/Ashab-ı Bedir Duası.pdf,382830,daf7ec7346ca581c5d271914f96fa26c38843527d2a8819369f45e78b852a9d0,2026-08-14 16:53:36
1410,Turkce..indd,skalyoncu,192,pdf,Books/b-Library_Hzm-20260601T230631Z-3-002/b-Library_Hzm/Dua-Oku/Bir-Kırık-Dilekce-pdf.pdf,6325666,d7809d7fd72c7f04aa9859189d16d4ab281141536db086513b8c4c83208a82e5,2026-08-14 16:53:36
1411,Büyük Cevşen Define,Bilinmiyor,463,pdf,Books/b-Library_Hzm-20260601T230631Z-3-002/b-Library_Hzm/Dua-Oku/Büyük Cevşen-Define.pdf,6784680,c7cb11115b19748d39b441dd46d0afb57f5084b2b48157b2cf80ba65c3963921,2026-08-14 16:53:36
1412,cevsen-i Kebir ve meali.indd,Prof Dr Davut Ayduz,96,pdf,Books/b-Library_Hzm-20260601T230631Z-3-002/b-Library_Hzm/Dua-Oku/Cevşen ve Meali-Define.pdf,4356010,1ee36d6108b4409298408c8daa8f7e299eaa6e579eb45e9c9aea7dc6372657db,2026-08-14 16:53:36
1413,Hayati Kusatan Dualar - Dua Kartlari - DefineYayinlari,Bilinmiyor,81,pdf,Books/b-Library_Hzm-20260601T230631Z-3-002/b-Library_Hzm/Dua-Oku/Dua Kartlari-defineyayinlari.pdf,51073138,5fcd8d5080139ef877ae57569e54221fe8dab744c1e370f53e12a17909f7b394,2026-08-14 16:53:36
1414,Dua Mecmuasi Mealli MFG,M. Fethullah Gülen,376,pdf,Books/b-Library_Hzm-20260601T230631Z-3-002/b-Library_Hzm/Dua-Oku/Dua Mecmuasi Mealli_MFG.pdf,3765861,1db8e7868dcc8505c4586988e26bb1672ef423e3d68ee5a6177875f8a69f2626,2026-08-14 16:53:36
1415,EL-KULUBU'D-DARIA,M. Fethullah Gülen,747,pdf,Books/b-Library_Hzm-20260601T230631Z-3-002/b-Library_Hzm/Dua-Oku/Kulubud-Daria.pdf,11212183,9c56d47fd9dfaa0c24192d9b48dd51338597646b513f977f91b5aefc353e935f,2026-08-14 16:53:36
1416,Namaz Tesbihatı,Bilinmiyor,64,pdf,Books/b-Library_Hzm-20260601T230631Z-3-002/b-Library_Hzm/Dua-Oku/Namaz-Tesbihatı.pdf,13014899,17fd72fb79e91fbee6a95171093f29eb951b766f13ec71fe898bffc274850f97,2026-08-14 16:53:36
1417,Peygamber Efendimizin Dilinden Faziletli Dualar (Aydüz Davut) (z lib.org),Bilinmiyor,-,epub,Books/b-Library_Hzm-20260601T230631Z-3-002/b-Library_Hzm/Dua-Oku/Peygamber Efendimizin Dilinden Faziletli Dualar (Aydüz Davut) (z-lib.org).epub,432249,9bb38600c6867333d27e825c08c8282e941fe8f4d1fb87765d56760d8f0b6666,2026-08-14 16:53:36
1418,Tevhidname mealli,Microsoft Office Kullanıcısı,73,pdf,Books/b-Library_Hzm-20260601T230631Z-3-002/b-Library_Hzm/Dua-Oku/Tevhidname-mealli.pdf,1458564,53b48b79b1c21ae759050287a64bdf90891ee79047f020099ff8fdcbf0451ad0,2026-08-14 16:53:36
1419,TEVHİDNAME(07 aralık 2),Bilinmiyor,136,pdf,Books/b-Library_Hzm-20260601T230631Z-3-002/b-Library_Hzm/Dua-Oku/Tevhidname.pdf,86268210,97645d22c3106c56178562f07fac311fc2f3de5a45e1099e9b7bfd152c34192f,2026-08-14 16:53:36
1420,Yakaran Gönüller - el Kulûb'd Dâria Tercümesi,Mustafa Yılmaz,718,pdf,Books/b-Library_Hzm-20260601T230631Z-3-002/b-Library_Hzm/Dua-Oku/Yakaran_Gonuller-el_Kulubud_Daria_Tercumesi.pdf,3324103,8b1a5d092d04c298b62e3cd295473ed637a9872b71a1f55fc64eed1e79bd3257,2026-08-14 16:53:36
1421,Esma-i Ashab-ı Bedir,PRIBADI,11,pdf,Books/b-Library_Hzm-20260601T230631Z-3-002/b-Library_Hzm/Dua-Oku/dua-kartlari.pdf,239519,1522c3e3dd2e625de149c81c4695c5b06348a7393b11933206e8b75000819672,2026-08-14 16:53:36
1422,dua kitapcik calismasi yeni,Nutzer,44,pdf,Books/b-Library_Hzm-20260601T230631Z-3-002/b-Library_Hzm/Dua-Oku/dua-kitapcik-calismasi-yeni.pdf,1833211,cd134edff599bb4ed5683f56605aa0621242c2a4af770a16d16d8da2ea27f6af,2026-08-14 16:53:36
1423,hanefi 1,FaKiR,599,pdf,Books/b-Library_Hzm-20260601T230631Z-3-002/b-Library_Hzm/Fikİh-Vehbe-Zuhayli-ZAMAN/Hanefi-Fıkhı-1-Vehbe-Zuhayli.pdf,4056974,484783946b6f472874cd1e6d1d4f27f4a5a80b777d2f2c104fceca32d7648181,2026-08-14 16:53:36
1424,İslâm Fıkhı Ansiklopedisi Cilt 01,Vehbe Zuhayli,561,pdf,Books/b-Library_Hzm-20260601T230631Z-3-002/b-Library_Hzm/Fikİh-Vehbe-Zuhayli-ZAMAN/Vehbe Zuhayli - İslâm Fıkhı Ansiklopedisi Cilt-01.pdf,20981755,b427d2fe157c8639773b15b58c81c3b0ea228a3a332f0664c8f26dbf0af5364c,2026-08-14 16:53:36
1425,İslâm Fıkhı Ansiklopedisi Cilt 02,Vehbe Zuhayli,563,pdf,Books/b-Library_Hzm-20260601T230631Z-3-002/b-Library_Hzm/Fikİh-Vehbe-Zuhayli-ZAMAN/Vehbe Zuhayli - İslâm Fıkhı Ansiklopedisi Cilt-02.pdf,26255498,f0458c68e8fe0de5170ef18378746d4ebe00a21331de0a5500ef5b6dc1af7af6,2026-08-14 16:53:36
1426,İslâm Fıkhı Ansiklopedisi Cilt 03,Vehbe Zuhayli,513,pdf,Books/b-Library_Hzm-20260601T230631Z-3-002/b-Library_Hzm/Fikİh-Vehbe-Zuhayli-ZAMAN/Vehbe Zuhayli - İslâm Fıkhı Ansiklopedisi Cilt-03.pdf,24405149,c023db74a13c1d75e9821db2c77818fe035f35d2549a294ddd0991cfbe4bb61c,2026-08-14 16:53:36
1427,İslâm Fıkhı Ansiklopedisi Cilt 04,Vehbe Zuhayli,504,pdf,Books/b-Library_Hzm-20260601T230631Z-3-002/b-Library_Hzm/Fikİh-Vehbe-Zuhayli-ZAMAN/Vehbe Zuhayli - İslâm Fıkhı Ansiklopedisi Cilt-04.pdf,25423787,6e7c99b813a1e9f37f6129819f78f621c5846c4a2bf103a6c217969dfdb14b0c,2026-08-14 16:53:36
1428,İslâm Fıkhı Ansiklopedisi Cilt 05,Vehbe Zuhayli,553,pdf,Books/b-Library_Hzm-20260601T230631Z-3-002/b-Library_Hzm/Fikİh-Vehbe-Zuhayli-ZAMAN/Vehbe Zuhayli - İslâm Fıkhı Ansiklopedisi Cilt-05.pdf,22566539,9d3c8ffa973c0a36d2ec92b06d2cd2b5061292c47c1bb5f9c166d93364311f6c,2026-08-14 16:53:36
1429,İslâm Fıkhı Ansiklopedisi Cilt 06,Vehbe Zuhayli,579,pdf,Books/b-Library_Hzm-20260601T230631Z-3-002/b-Library_Hzm/Fikİh-Vehbe-Zuhayli-ZAMAN/Vehbe Zuhayli - İslâm Fıkhı Ansiklopedisi Cilt-06.pdf,24642249,8efa7535af76eaeecabf0ec75e5cf0e34a532132dae45ca754318b81fddfc5f3,2026-08-14 16:53:36
1430,İslâm Fıkhı Ansiklopedisi Cilt 07,Vehbe Zuhayli,499,pdf,Books/b-Library_Hzm-20260601T230631Z-3-002/b-Library_Hzm/Fikİh-Vehbe-Zuhayli-ZAMAN/Vehbe Zuhayli - İslâm Fıkhı Ansiklopedisi Cilt-07.pdf,24329129,3af64e7d53fe4b9bc7fa2a6a3222f324e381d8d10da19c396e00527aa3516dd7,2026-08-14 16:53:36
1431,İslâm Fıkhı Ansiklopedisi Cilt 08,Vehbe Zuhayli,514,pdf,Books/b-Library_Hzm-20260601T230631Z-3-002/b-Library_Hzm/Fikİh-Vehbe-Zuhayli-ZAMAN/Vehbe Zuhayli - İslâm Fıkhı Ansiklopedisi Cilt-08.pdf,24816499,65991aed3b2d6d33ef5c0873ba1ef85fa24a72b7fb97e870d64c95bf5f647375,2026-08-14 16:53:36
1432,İslâm Fıkhı Ansiklopedisi Cilt 09,Vehbe Zuhayli,539,pdf,Books/b-Library_Hzm-20260601T230631Z-3-002/b-Library_Hzm/Fikİh-Vehbe-Zuhayli-ZAMAN/Vehbe Zuhayli - İslâm Fıkhı Ansiklopedisi Cilt-09.pdf,23045410,128679ebce6d8da5abe0bf76ffa2451b938bdca0276a27b5d52ce97c60a442a3,2026-08-14 16:53:36
1433,İslâm Fıkhı Ansiklopedisi Cilt 10,Vehbe Zuhayli,515,pdf,Books/b-Library_Hzm-20260601T230631Z-3-002/b-Library_Hzm/Fikİh-Vehbe-Zuhayli-ZAMAN/Vehbe Zuhayli - İslâm Fıkhı Ansiklopedisi Cilt-10.pdf,22536275,60dc6e3c5d82d664a93531e7fd3e7446eca1fe64d495e3c8dd69087a618751ef,2026-08-14 16:53:36
1434,A Basak Sezgin - Gencin Yol Rehberi-2 - MustuY,A Basak Sezgin,371,pdf,Books/b-Library_Hzm-20260601T230631Z-3-002/b-Library_Hzm/Gençler için-Hzm/gencin-yol-rehberi-2-mustuy.pdf,139498478,ff587cbe2290a914d07e06a404c3893cb7b6697d1a98d0ec290153d8cef27ad2,2026-08-14 16:53:36
1435,flashes,Bilinmiyor,455,pdf,Books/b-Library_Hzm-20260601T230631Z-3-002/b-Library_Hzm/RN-Külliyat-Hzm/RN-Hzm-Eng/flashes.pdf,2567016,6f82dd92c33c08cd3dc328ec4a27cbc3aa56863b38f0571e5ea3c28094d2a270,2026-08-14 16:53:36
1436,letters,Bilinmiyor,528,pdf,Books/b-Library_Hzm-20260601T230631Z-3-002/b-Library_Hzm/RN-Külliyat-Hzm/RN-Hzm-Eng/letters.pdf,3019834,a351f54c22ebdafbbe38f9d72aa743508901064a968514ec5f257ab4b85b1da5,2026-08-14 16:53:36
1437,rays,Bilinmiyor,645,pdf,Books/b-Library_Hzm-20260601T230631Z-3-002/b-Library_Hzm/RN-Külliyat-Hzm/RN-Hzm-Eng/rays.pdf,2924762,7d371bd4336fc5b9db0dfeb2c3f312ca6f600737f795ae8c52546aa2cb926a3d,2026-08-14 16:53:36
1438,Microsoft Word - Signs of Miraculousness .docx,Bilinmiyor,277,pdf,Books/b-Library_Hzm-20260601T230631Z-3-002/b-Library_Hzm/RN-Külliyat-Hzm/RN-Hzm-Eng/signsofmiraculousness-vahide.pdf,8850648,16be97e375040bfac28ff1a0a8fdb5fcfc16ddde08d22b710f35346c8f4e8af8,2026-08-14 16:53:36
1439,the words,Bilinmiyor,784,pdf,Books/b-Library_Hzm-20260601T230631Z-3-002/b-Library_Hzm/RN-Külliyat-Hzm/RN-Hzm-Eng/the-words.pdf,3776283,9901ef613ea165d8e5d5c62f821a0e609c83bee3bd010a205e00eb1a9a2e0bc4,2026-08-14 16:53:36
1440,22_05_2009_AYETÜL KÜBRA RSALES_.indd,byildiz,320,pdf,Books/b-Library_Hzm-20260601T230631Z-3-002/b-Library_Hzm/RN-Külliyat-Hzm/RN-Hzm-cep/Ayetu_l-Kubra.pdf,1321244,f139bf541f7222ad22fc1542e123dcd42538f1ea486f6218968b442e21e4b3a0,2026-08-14 16:53:36
1441,EN_SON HAL_30_12_2008_GENÇLK REHBER_.indd,byildiz,376,pdf,Books/b-Library_Hzm-20260601T230631Z-3-002/b-Library_Hzm/RN-Külliyat-Hzm/RN-Hzm-cep/Genclik Rehberi.pdf,1464113,001b981d1a6e052af651c3906c8f92505d4ac0a67cbc70248b82b4c7a48c996f,2026-08-14 16:53:36
1442,17_07_2009_HANiMLAR REHBERi.indd,byildiz,223,pdf,Books/b-Library_Hzm-20260601T230631Z-3-002/b-Library_Hzm/RN-Külliyat-Hzm/RN-Hzm-cep/Hanimlar Rehberi.pdf,957426,dbc4f69cd6d315d2800c44658cf2a52b3c6e7c75a344396770bc4c81c029bbb9,2026-08-14 16:53:36
1443,03_12_2007_Hastalar_Risalesi_8x12.indd,byildiz,158,pdf,Books/b-Library_Hzm-20260601T230631Z-3-002/b-Library_Hzm/RN-Külliyat-Hzm/RN-Hzm-cep/Hastalar Risalesi.pdf,632426,4daf7c3cca087e100026d0f8b8d62ca26b95397a3d1553c0b62363e168b0c3b6,2026-08-14 16:53:36
1444,21_05_2009_HiZMET REHBERi_.indd,byildiz,367,pdf,Books/b-Library_Hzm-20260601T230631Z-3-002/b-Library_Hzm/RN-Külliyat-Hzm/RN-Hzm-cep/Hizmet Rehberi.pdf,1327584,ed48932932031254a9ab7331c70063f98be379242d38062aa1b42e985dc87e6a,2026-08-14 16:53:36
1445,14_10_2009_HUCUMATI STTE.indd,byildiz,71,pdf,Books/b-Library_Hzm-20260601T230631Z-3-002/b-Library_Hzm/RN-Külliyat-Hzm/RN-Hzm-cep/Hucumat-i Sitte Risalesi.pdf,480635,7a5cb919df8fc7c9fda6dba1e0e94f1d705955a328d16fb2c8a0fbbf9b231245,2026-08-14 16:53:36
1446,21_08_2008_Hutuvat- Sitte Risalesi_.indd,byildiz,48,pdf,Books/b-Library_Hzm-20260601T230631Z-3-002/b-Library_Hzm/RN-Külliyat-Hzm/RN-Hzm-cep/Hutuvat-i Sitte Risalesi.pdf,301767,af1e895164efd339cc0ddefbc73471f48ae6958d15e5c6c1245e0a3569dbc8cd,2026-08-14 16:53:36
1447,"DÜZGÜN OLAN 26_11_2008_ÇTHAD RSALES_10,5x16.indd",byildiz,160,pdf,Books/b-Library_Hzm-20260601T230631Z-3-002/b-Library_Hzm/RN-Külliyat-Hzm/RN-Hzm-cep/Ictihad Risalesi.pdf,806451,4edd758ace18d8313ae24162253db78f213aabf5cb9a14596fdb93695a1cad1f,2026-08-14 16:53:36
1448,04_12_2007_htiyarlar_Risalesi_8x12.indd,byildiz,292,pdf,Books/b-Library_Hzm-20260601T230631Z-3-002/b-Library_Hzm/RN-Külliyat-Hzm/RN-Hzm-cep/Ihtiyarlar Risalesi.pdf,932994,a62f5862e1a86fc39a19f0419882ae1c9c7912b27968bcf5c08f5f29cb6c30cc,2026-08-14 16:53:36
1449,31_03_2008_Kader Risalesi.indd,byildiz,93,pdf,Books/b-Library_Hzm-20260601T230631Z-3-002/b-Library_Hzm/RN-Külliyat-Hzm/RN-Hzm-cep/Kader Risalesi.pdf,467766,772ae37f6eadb0b1c94e4364fe9f4501d37a5608ea46413320004b27dfcbb84c,2026-08-14 16:53:36
1450,31_03_2008_Küçük_Sözler_.indd,byildiz,216,pdf,Books/b-Library_Hzm-20260601T230631Z-3-002/b-Library_Hzm/RN-Külliyat-Hzm/RN-Hzm-cep/Kucuk Sozler.pdf,797024,baff37d54b7cb57d59d11813689873c5503c731d0d88f025ba21c71624fb0818,2026-08-14 16:53:36
1451,01_02_2008_Mucizat_Ahmediye_2.cilt_.indd,byildiz,318,pdf,Books/b-Library_Hzm-20260601T230631Z-3-002/b-Library_Hzm/RN-Külliyat-Hzm/RN-Hzm-cep/Mu_cizat-ı Ahmediye.pdf,3903549,2d3874efa7403410d689bba2371941236a85c1d7481168bfd4710d4abd97c14f,2026-08-14 16:53:36
1452,BEKiR ABiYE GiDEN_ MuNACAT_KARAR VERiLEN_en_en_Son.indd,byildiz,115,pdf,Books/b-Library_Hzm-20260601T230631Z-3-002/b-Library_Hzm/RN-Külliyat-Hzm/RN-Hzm-cep/Munacat.pdf,538575,7dfd8f8f71c28546f0c6ab0750e8948f18b106d838885827fde1555a1cda94d9,2026-08-14 16:53:36
1453,02_07_2010_NURUN ILK KAPISI.indd,byildiz,320,pdf,Books/b-Library_Hzm-20260601T230631Z-3-002/b-Library_Hzm/RN-Külliyat-Hzm/RN-Hzm-cep/Nurun Ilk Kapisi.pdf,1258218,bdc00f65d6a6ff5d87fa545f065ec4277b978cc31ff30ace77ba41632ceef8f6,2026-08-14 16:53:36
1454,ramazan iktisat sukur_07-08-08.indd,ekremtez,146,pdf,Books/b-Library_Hzm-20260601T230631Z-3-002/b-Library_Hzm/RN-Külliyat-Hzm/RN-Hzm-cep/Ramazan Iktisat ve Sukur.pdf,696169,7f2841cf54ce02385e1b327398ca6b661b2365856df359c97ff550913c0aa7a2,2026-08-14 16:53:36
1455,"16_08_2008_AKKI KAMER_10,5x16.indd",byildiz,175,pdf,Books/b-Library_Hzm-20260601T230631Z-3-002/b-Library_Hzm/RN-Külliyat-Hzm/RN-Hzm-cep/Sakk-i Kamer.pdf,903167,9d61b54f29e8177c4222fa4262a99d09fc1f093bbb35eb8786b4ff882b3ea9cc,2026-08-14 16:53:36
1456,26_05_2008_14x21_En Son_Sünneti Seniyye_.indd,byildiz,264,pdf,Books/b-Library_Hzm-20260601T230631Z-3-002/b-Library_Hzm/RN-Külliyat-Hzm/RN-Hzm-cep/Sunnet-i Seniyye.pdf,1538997,958d7999e765ec0a99d106fdc3667148d40dfee79c5d119cc238835daf7f17c8,2026-08-14 16:53:36
1457,03_12_2007_Tabiat_Risalesi_8x12.indd,byildiz,104,pdf,Books/b-Library_Hzm-20260601T230631Z-3-002/b-Library_Hzm/RN-Külliyat-Hzm/RN-Hzm-cep/Tabiat Risalesi.pdf,483053,7438f761d2615cd6c23bf8a34c2142f3a870a6217201422d361f57a4794dd7f4,2026-08-14 16:53:36
1458,Telvihat Risalesi_24_12_2009.indd,byildiz,119,pdf,Books/b-Library_Hzm-20260601T230631Z-3-002/b-Library_Hzm/RN-Külliyat-Hzm/RN-Hzm-cep/Telvihat Risalesi.pdf,552515,effaa48e6f19291451465232730be84bf7d9c574f9143ee18ac6174aa5e161c9,2026-08-14 16:53:36
1459,31_03_2008_Uhuvvet_Risalesi_.indd,byildiz,120,pdf,Books/b-Library_Hzm-20260601T230631Z-3-002/b-Library_Hzm/RN-Külliyat-Hzm/RN-Hzm-cep/Uhuvvet Risalesi.pdf,854974,10afca2d126466c0d2b319e88a1ed8e2446e22d10e89c99b49e040e1acb43707,2026-08-14 16:53:36
1460,17_11_2009_Vesvese Risalesi.indd,byildiz,103,pdf,Books/b-Library_Hzm-20260601T230631Z-3-002/b-Library_Hzm/RN-Külliyat-Hzm/RN-Hzm-cep/Vesvese Risalesi.pdf,607165,3c09c6142c68a702f0b81e772e741d530f5d4107d44c54c16200e8cedff5cba1,2026-08-14 16:53:36
1461,22_05_2009_YRM ÜÇÜNCÜ SÖZ_.indd,byildiz,112,pdf,Books/b-Library_Hzm-20260601T230631Z-3-002/b-Library_Hzm/RN-Külliyat-Hzm/RN-Hzm-cep/Yirmi Ucuncu Soz.pdf,595793,236352b1144cbbd0823d7cdb682272b08b06246f661ea6ce69fec201b2eb4609,2026-08-14 16:53:36
1462,Asa-yi_Musa__28.05.2014__+.indd,byildiz,270,pdf,Books/b-Library_Hzm-20260601T230631Z-3-002/b-Library_Hzm/RN-Külliyat-Hzm/RN-Hzm/Asa-yi Musa.pdf,1637887,cbf7deba731b1c1ad3441dc8ef01c6d48865ddd1318b5408e272cc424bd82e2e,2026-08-14 16:53:36
1463,Barla_Lahikasi__28.05.2014__+.indd,byildiz,380,pdf,Books/b-Library_Hzm-20260601T230631Z-3-002/b-Library_Hzm/RN-Külliyat-Hzm/RN-Hzm/Barla Lahikasi.pdf,2272364,e94c3ab8ef887f5f680b21202a26efe31683b9639c0a12b2f1a7dcbfdce79ce9,2026-08-14 16:53:36
1464,Emirdag_Lahikasi__28.05.2014__+.indd,byildiz,508,pdf,Books/b-Library_Hzm-20260601T230631Z-3-002/b-Library_Hzm/RN-Külliyat-Hzm/RN-Hzm/Emirdag Lahikasi.pdf,2634367,ec7d40f33ee2407f761846cb07e6797769f00eff3466a427d6eb09b7cb371a6d,2026-08-14 16:53:36
1465,İman_ve _Kufur_muvazenesi__28.05.2014__+.indd,byildiz,215,pdf,Books/b-Library_Hzm-20260601T230631Z-3-002/b-Library_Hzm/RN-Külliyat-Hzm/RN-Hzm/Iman ve Kufur Muvazeneleri.pdf,1475682,16ef0e300e84c8f87d8615755e7a3924336c7628feb11f30e6525ba460b61166,2026-08-14 16:53:36
1466,İsaratul_İcaz__28.05.2014__+.indd,byildiz,239,pdf,Books/b-Library_Hzm-20260601T230631Z-3-002/b-Library_Hzm/RN-Külliyat-Hzm/RN-Hzm/Isaratu_l-I_caz.pdf,1782788,60d1e3a40cc29fcbde2436445ebd1818c912cb932d36a7349ff37df962f539a0,2026-08-14 16:53:36
1467,Kastamonu_Lahikasi__28.05.2014__+.indd,byildiz,237,pdf,Books/b-Library_Hzm-20260601T230631Z-3-002/b-Library_Hzm/RN-Külliyat-Hzm/RN-Hzm/Kastamonu Lahikasi.pdf,1701583,7a124fda045a904389798017ee68897dbc679976457d9403d0a2ca204d9bd54d,2026-08-14 16:53:36
1468,Lemalar__28.05.2014__+.indd,byildiz,548,pdf,Books/b-Library_Hzm-20260601T230631Z-3-002/b-Library_Hzm/RN-Külliyat-Hzm/RN-Hzm/Lemalar.pdf,2858173,e6f4731dda2762737649570d9c49d25e2109e88d0b3045ae06b4c44143da25b3,2026-08-14 16:53:36
1469,Mektubat__28.05.2014__+.indd,byildiz,594,pdf,Books/b-Library_Hzm-20260601T230631Z-3-002/b-Library_Hzm/RN-Külliyat-Hzm/RN-Hzm/Mektubat.pdf,4363946,81e1da4417f5440ffaa87e7510ba2d7555d37c0ccbf8c18c9848f99d1714dccb,2026-08-14 16:53:36
1470,Mesnevi-i_Nuriye__28.05.2014__+.indd,byildiz,262,pdf,Books/b-Library_Hzm-20260601T230631Z-3-002/b-Library_Hzm/RN-Külliyat-Hzm/RN-Hzm/Mesnevi-i Nuriye.pdf,1667799,3d3dc0c6257913f7ef5bee23696260ab8c2f8f574efb3a97570009a36e4ce39a,2026-08-14 16:53:36
1471,Muhakemat__28.05.2014__+.indd,byildiz,141,pdf,Books/b-Library_Hzm-20260601T230631Z-3-002/b-Library_Hzm/RN-Külliyat-Hzm/RN-Hzm/Muhakemat.pdf,1095199,6ed1bbce42a7eb2ee1de97781e8656e1633e65e50f66d94ddf5c796cc8927352,2026-08-14 16:53:36
1472,Sikke-i_Tasdik__28.05.2014__+.indd,byildiz,261,pdf,Books/b-Library_Hzm-20260601T230631Z-3-002/b-Library_Hzm/RN-Külliyat-Hzm/RN-Hzm/Sikke-i Tasdik-i Gaybi.pdf,1632478,23b0ff2cc6d140510fbabb24df6d65f9daa056a4b91e871e4a39406f9639c302,2026-08-14 16:53:36
1473,Sözler__28_05_2014__+.indd,byildiz,877,pdf,Books/b-Library_Hzm-20260601T230631Z-3-002/b-Library_Hzm/RN-Külliyat-Hzm/RN-Hzm/Sozler.pdf,4158165,367fab8a59f76e94f21663293e7b85cae6487b2cb8e41fec3c0953b4f140feb4,2026-08-14 16:53:36
1474,Sualar__28.05.2014__+.indd,byildiz,755,pdf,Books/b-Library_Hzm-20260601T230631Z-3-002/b-Library_Hzm/RN-Külliyat-Hzm/RN-Hzm/Sualar.pdf,3478733,e8088ff3aebbbf6a3bb62bacc62630a526bc8edd5f33a182d890fa337ca6e47b,2026-08-14 16:53:36
1475,Tarihce-i Hayat__28.05.2014.indd,byildiz,728,pdf,Books/b-Library_Hzm-20260601T230631Z-3-002/b-Library_Hzm/RN-Külliyat-Hzm/RN-Hzm/Tarihce-i Hayat.pdf,26691460,c2e493f39e3b0eae57f87d9736af65b24b193f855ec7575103dbd732d83e0fe6,2026-08-14 16:53:36
1476,Lemalar (Sadeleştirilmiş),Bediüzzaman Said Nursi,589,pdf,Books/b-Library_Hzm-20260601T230631Z-3-002/b-Library_Hzm/RN-Külliyat-Hzm/RN-Sade/RN Lemalar_Sadeleştirilmiş.pdf,9185349,244e336c59b1d284cbbb74391c4af7207efad13a8f27296d81a829b982862e3d,2026-08-14 16:53:36
1477,Sözler (Sadeleştirilmiş),Bediüzzaman Said Nursi,953,pdf,Books/b-Library_Hzm-20260601T230631Z-3-002/b-Library_Hzm/RN-Külliyat-Hzm/RN-Sade/RN_Sozler_Sadeleştirilmiş.pdf,21722932,5c6c5a84ec78eac385ab4ce71fbc0a966a01b4f464d499d5bc2f62ac78210851,2026-08-14 16:53:36
1478,Asayı Musa,Bediüzzaman Said Nursi & Bilinmeyen,269,pdf,Books/b-Library_Hzm-20260601T230631Z-3-002/b-Library_Hzm/RN-Külliyat-Hzm/RN-Sade/asayi-musa-bediuzzaman-said-nursi.pdf,2378093,05d00749c15163be95ba47ef74f669b229929355c039f144e8ee1870ec79d1b0,2026-08-14 16:53:36
1479,Ene ve Zerre Risalesi,Bediüzzaman Said Nursi,30,pdf,Books/b-Library_Hzm-20260601T230631Z-3-002/b-Library_Hzm/RN-Külliyat-Hzm/RN-Sade/sadelestirilmis-enne-ve-zerre-risalesi.pdf,655787,f96ffcd41e1d9f69f333babb1fa228e9537d23626d1c74e9fc38068e1aca1e93,2026-08-14 16:53:36
1480,Haşir Risalesi,Bediüzzaman Said Nursi & Bilinmeyen,68,pdf,Books/b-Library_Hzm-20260601T230631Z-3-002/b-Library_Hzm/RN-Külliyat-Hzm/RN-Sade/sadelestirilmis-hasir-risalesi.pdf,852724,6ef52547d4523bad819de3bdd2fd7c668168c5a2d37238302d790f2b833e81b0,2026-08-14 16:53:36
1481,İhlas Risalesi,Bediüzzaman Said Nursi & Bilinmeyen,33,pdf,Books/b-Library_Hzm-20260601T230631Z-3-002/b-Library_Hzm/RN-Külliyat-Hzm/RN-Sade/sadelestirilmis-ihlas-risalesi.pdf,680015,4b1c533c06079dce79bedd83009c523fd5ea2e5366cc42f9a4f46ce834e74828,2026-08-14 16:53:36
1482,Bilinmeyen,Bediüzzaman Said Nursi & Bilinmeyen,434,pdf,Books/b-Library_Hzm-20260601T230631Z-3-002/b-Library_Hzm/RN-Külliyat-Hzm/RN-Sade/sadelestirilmis-lemalar.pdf,3030071,400599d1a41cf1e962df8b3fe7212e0657a6f1cd7421fdcf45488acc6498fd34,2026-08-14 16:53:36
1483,Mektubat,Bediüzzaman Said NURSİ & Bilinmeyen,461,pdf,Books/b-Library_Hzm-20260601T230631Z-3-002/b-Library_Hzm/RN-Külliyat-Hzm/RN-Sade/sadelestirilmis-mektubat.pdf,3790366,2fd2bd67bb92fd04d24f1da47e55b2aabe01ddac3c1d0ac5adec3a1e6052c0ee,2026-08-14 16:53:36
1484,Otuz Üç Pencere,Bediüzzaman Said Nursi & Bilinmeyen,58,pdf,Books/b-Library_Hzm-20260601T230631Z-3-002/b-Library_Hzm/RN-Külliyat-Hzm/RN-Sade/sadelestirilmis-otuz-uc-pencere.pdf,980910,5e51b2b50dcf7588351f076e4f18a0d0e0f3ffb9b080b329167617a459d861a6,2026-08-14 16:53:36
1485,Sözler,Bediüzzaman Said Nursi & Bilinmeyen,721,pdf,Books/b-Library_Hzm-20260601T230631Z-3-002/b-Library_Hzm/RN-Külliyat-Hzm/RN-Sade/sadelestirilmis-sozler.pdf,5136419,172a6ce08c34b08096528aea543311c530bd8a4eaaa8dcb807c21c795711e998,2026-08-14 16:53:36
1486,Tabiat Risalesi,Bediüzzaman Said Nursi & Bilinmeyen,22,pdf,Books/b-Library_Hzm-20260601T230631Z-3-002/b-Library_Hzm/RN-Külliyat-Hzm/RN-Sade/sadelestirilmis-tabiat-risalesi.pdf,364896,d98759243d98d09f7b8a319ec65db9bfc4e9403235f6f4fe5fb2394918a8ccfb,2026-08-14 16:53:36
1487,B Said Nursi - Nurlardan Secmeler-3 - MustuY,B Said Nursi,215,pdf,Books/b-Library_Hzm-20260601T230631Z-3-002/b-Library_Hzm/RN-Külliyat-Hzm/RN-Seçmeler/Nurlardan-secmeler-3-Lemalar_dan.pdf,1160115,a23f49f24ca6d7949e06e4fdc75a50ac18c84f5058c57f7b275a1e095f83d34e,2026-08-14 16:53:36
1488,B Said Nursi - Nurlardan Secmeler-4 - MustuY,B Said Nursi,174,pdf,Books/b-Library_Hzm-20260601T230631Z-3-002/b-Library_Hzm/RN-Külliyat-Hzm/RN-Seçmeler/Nurlardan-secmeler-4-Lemalar_dan.pdf,978517,07c1b15af03ae22cb86b0639ca2aa199824a603eaea10fb6dc330dcc6ea0acb8,2026-08-14 16:53:36
1489,B Said Nursi - Nurlardan Secmeler-5 - MustuY,B Said Nursi,193,pdf,Books/b-Library_Hzm-20260601T230631Z-3-002/b-Library_Hzm/RN-Külliyat-Hzm/RN-Seçmeler/Nurlardan-secmeler-5-Mektubat_tan.pdf,1187603,de90a66b6f9901591185cd415a2cc7543e556d2695cd66c92a06ab5cc073e609,2026-08-14 16:53:36
1490,B Said Nursi - Nurlardan Secmeler-6 - MustuY,B Said Nursi,209,pdf,Books/b-Library_Hzm-20260601T230631Z-3-002/b-Library_Hzm/RN-Külliyat-Hzm/RN-Seçmeler/Nurlardan-secmeler-6-Mektubat_tan.pdf,1762530,f4ee6889f2db949aebddab457a68013c03cfafb29f527ec48c4f8abd917a8cec,2026-08-14 16:53:36
1491,Hak Dini Kur'an Dili 2,Construction.design,572,pdf,Books/b-Library_Hzm-20260601T230631Z-3-002/b-Library_Hzm/Tefsir-Elmalılı Tefsiri-ZAMAN.pdf/Elmalili - Hak Dini Kuran Dili-02.pdf,37460679,c25b6492668608df74218b5602e1c8b1619fa02c9b37d98eee5c28dc5b63b51e,2026-08-14 16:54:20
1492,Hak Dini Kur'an Dili 3,Construction.design,564,pdf,Books/b-Library_Hzm-20260601T230631Z-3-002/b-Library_Hzm/Tefsir-Elmalılı Tefsiri-ZAMAN.pdf/Elmalili - Hak Dini Kuran Dili-03.pdf,36626588,0479f843456e496426538933d1657b054e44df11bf4726287a612cbc1de7ea49,2026-08-14 16:54:20
1493,Hak Dini Kur'an Dili 4,Construction.design,573,pdf,Books/b-Library_Hzm-20260601T230631Z-3-002/b-Library_Hzm/Tefsir-Elmalılı Tefsiri-ZAMAN.pdf/Elmalili - Hak Dini Kuran Dili-04.pdf,35922515,7074588c9df18bdb3fbe7fed6ac16afb3709b16248909d9dac00ba7a0f729736,2026-08-14 16:54:20
1494,Hak Dini Kur'an Dili 7,Construction.design,566,pdf,Books/b-Library_Hzm-20260601T230631Z-3-002/b-Library_Hzm/Tefsir-Elmalılı Tefsiri-ZAMAN.pdf/Elmalili - Hak Dini Kuran Dili-07.pdf,36012550,2192e48219ae096f622bfa8ac312c4656304a64fde224ce8be242e6807f7bc3c,2026-08-14 16:54:20
1495,Hak Dini Kur'an Dili 8,Construction.design,546,pdf,Books/b-Library_Hzm-20260601T230631Z-3-002/b-Library_Hzm/Tefsir-Elmalılı Tefsiri-ZAMAN.pdf/Elmalili - Hak Dini Kuran Dili-08.pdf,35070679,e31101fc8bb865eb5d9cbe8718e13115fe653db8d7342562c4bedd373f664cab,2026-08-14 16:54:20
1496,Hak Dini Kur'an Dili 9,Construction.design,542,pdf,Books/b-Library_Hzm-20260601T230631Z-3-002/b-Library_Hzm/Tefsir-Elmalılı Tefsiri-ZAMAN.pdf/Elmalili - Hak Dini Kuran Dili-09.pdf,34237208,f1c6921871bc5ec9e827dc14e8592c14e16e2f20f2f03949cce0abae0d821e5b,2026-08-14 16:54:20
1497,Hak Dini Kuran Dili Tefsiri 1,Bilinmiyor,6138,pdf,Books/b-Library_Hzm-20260601T230631Z-3-002/b-Library_Hzm/Tefsir-Elmalılı Tefsiri-ZAMAN.pdf/Hak Dini Kuran Dili Tefsiri 1-10.pdf,142149388,1488e930af5815dd7f38a9b15d92cc9c6b1aec75cd83e429658000e7e424d9d6,2026-08-14 16:54:20
1498,Dort Arkadas Serisi-1 - Fidan Yiyen Bozoglak - MustuY (6-y),MustuY (6-y),17,pdf,Books/b-Library_Hzm-20260601T230631Z-3-002/b-Library_Hzm/Çocuklar için-Hzm/Dört Arkadaş Serisi/dort-arkadas-serisi-1-fidan-yiyen-bozoglak-mustuy-6-y.pdf,2055493,918a38c41cac9052dd14b9d1ba46b1e051117fb69a8ee42e203352c0292b4e60,2026-08-14 16:54:20
1499,Dort Arkadas Serisi-2 - Yaramaz Tay - MustuY (6-y),MustuY (6-y),17,pdf,Books/b-Library_Hzm-20260601T230631Z-3-002/b-Library_Hzm/Çocuklar için-Hzm/Dört Arkadaş Serisi/dort-arkadas-serisi-2-yaramaz-tay-mustuy-6-y.pdf,2226393,139e0435a776bbb44199bb9cabc5cf6234eaa831b11b6ac3eadbd0714f335450,2026-08-14 16:54:20
1500,Dort Arkadas Serisi-3 - Dikenli Yol - MustuY (6-y),MustuY (6-y),17,pdf,Books/b-Library_Hzm-20260601T230631Z-3-002/b-Library_Hzm/Çocuklar için-Hzm/Dört Arkadaş Serisi/dort-arkadas-serisi-3-dikenli-yol-mustuy-6-y.pdf,2217928,6fb95c951ec24ec1aa231c970d1e889d93a6e3071d8a708d6602485bd6f80e21,2026-08-14 16:54:20
1501,Dort Arkadas Serisi-4 - Yuruyen Tas - MustuY (6-y),MustuY (6-y),17,pdf,Books/b-Library_Hzm-20260601T230631Z-3-002/b-Library_Hzm/Çocuklar için-Hzm/Dört Arkadaş Serisi/dort-arkadas-serisi-4-yuruyen-tas-mustuy-6-y.pdf,1874323,150395789cecfdbf047ef53fcd8374ca8d13563830895defa44a87bbff982a2a,2026-08-14 16:54:20
1502,Dort Arkadas Serisi-5 - Hasta Ziyareti - MustuY (6-y),MustuY (6-y),17,pdf,Books/b-Library_Hzm-20260601T230631Z-3-002/b-Library_Hzm/Çocuklar için-Hzm/Dört Arkadaş Serisi/dort-arkadas-serisi-5-hasta-ziyareti-mustuy-6-y.pdf,2105334,b46eba9a4f68408d091dd6ae6c38cde3dcd340af8f8a257dbe2a90dd49e8d94c,2026-08-14 16:54:20
1503,Dort Arkadas Serisi-6 - Tehlikeli Oyun - MustuY (6-y),MustuY (6-y),17,pdf,Books/b-Library_Hzm-20260601T230631Z-3-002/b-Library_Hzm/Çocuklar için-Hzm/Dört Arkadaş Serisi/dort-arkadas-serisi-6-tehlikeli-oyun-mustuy-6-y.pdf,1694466,3a636fb45f24bc5d4d5042d9ae30f210a32c0f82d02c05cb1786f1122f66f0bf,2026-08-14 16:54:20
1504,Kartanesi-2008 - Cocuklarda Kuran Egitimi - IsikYayinlari,Bilinmiyor,14,pdf,Books/b-Library_Hzm-20260601T230631Z-3-002/b-Library_Hzm/Çocuklar için-Hzm/ElifBa-çocuklar için/cocuklarda-kuran-egitimi-kartanesi-2008-isikyayinlari (1).pdf,1724543,20cbdd0370831e19c07b5170e4346c66d5acc71c8f2f0cc6f5a1feb73704ec54,2026-08-14 16:54:20
1505,EtkinlikliveTestli_ELİFBA,Administrator,63,pdf,Books/b-Library_Hzm-20260601T230631Z-3-002/b-Library_Hzm/Çocuklar için-Hzm/ElifBa-çocuklar için/etkinlikli-ve-testli-elif-ba.pdf,11974785,bd9685c647ba6a1ef42deb075fbf4ac642a6b37d66d25497ef0a34957c6385e5,2026-08-14 16:54:20
1506,Kuran Ogreniyorum Seti-1 - Kuran Harflerini Ogreniyorum - MustuY,MustuY,65,pdf,Books/b-Library_Hzm-20260601T230631Z-3-002/b-Library_Hzm/Çocuklar için-Hzm/ElifBa-çocuklar için/kuran-ogreniyorum-seti-1-kuran-harflerini-ogreniyorum-mustuy.pdf,7009310,a77a0448b01447dccc50d90469e3937dc8bcd73a731761ee114624f6c9b84bf9,2026-08-14 16:54:20
1507,Kuran Ogreniyorum Seti-2 - Harekeleri Ogreniyorum - MustuY,MustuY,57,pdf,Books/b-Library_Hzm-20260601T230631Z-3-002/b-Library_Hzm/Çocuklar için-Hzm/ElifBa-çocuklar için/kuran-ogreniyorum-seti-2-harekeleri-ogreniyorum-mustuy.pdf,4638323,b312bb4e351e21264e6a5a7635fa223fe3b5f46f36af1062c84824e4f51f7af8,2026-08-14 16:54:20
1508,Gul Devri-1 - Mustafa Erdogan - Hz Muhammed - MustuY,Mustafa Erdogan,145,pdf,Books/b-Library_Hzm-20260601T230631Z-3-002/b-Library_Hzm/Çocuklar için-Hzm/Peygamberimiz ve Halifeleri-Çocuk/gul-devri-1-Hz-Muhammed Sav-mustuy.pdf,2213787,2de5ef989ca0c7552fc3f765b0d14a1d9e2174c621e0a322aea1cc936cb868e3,2026-08-14 16:54:20
1509,Gul Devri-2 - Ruhi Demirel - Hz. Ebubekir - MustuY,Ruhi Demirel,97,pdf,Books/b-Library_Hzm-20260601T230631Z-3-002/b-Library_Hzm/Çocuklar için-Hzm/Peygamberimiz ve Halifeleri-Çocuk/gul-devri-2-Hz.-Ebubekir-mustuy.pdf,1915515,7b35375acd24f59d5d9782ef0f7a102d473a3d0f4a8e4c3026190f84796bc999,2026-08-14 16:54:20
1510,Gul Devri-3 - Zekeriya Ulasli - Hz Omer - MustuY,Zekeriya Ulasli,97,pdf,Books/b-Library_Hzm-20260601T230631Z-3-002/b-Library_Hzm/Çocuklar için-Hzm/Peygamberimiz ve Halifeleri-Çocuk/gul-devri-3-Hz-Ömer-mustuy.pdf,1712608,935d44fb023956d75f46cda4a3e3ee795e935dfce0680336b2eb77698be38d8f,2026-08-14 16:54:20
1511,Gul Devri-4 - Ruhi Demirel - Hz Osman - MustuY,Ruhi Demirel,97,pdf,Books/b-Library_Hzm-20260601T230631Z-3-002/b-Library_Hzm/Çocuklar için-Hzm/Peygamberimiz ve Halifeleri-Çocuk/gul-devri-4-Hz-Osman-mustuy.pdf,2513060,75281c8052a729c0a5641b60019d9484be5818c2011f12e0d298fad79bdc4b37,2026-08-14 16:54:20
1512,Gul Devri-5 - Zekeriya Ulasli - Hz Ali - MustuY,Zekeriya Ulasli,89,pdf,Books/b-Library_Hzm-20260601T230631Z-3-002/b-Library_Hzm/Çocuklar için-Hzm/Peygamberimiz ve Halifeleri-Çocuk/gul-devri-5-Hz-Ali-mustuy.pdf,1409836,9ef204073f81a1b28ef86149620b591e9df99579ad4ce0c52e49670e13f160f2,2026-08-14 16:54:20
1513,Gul Devri-6 - Mehmet Buyuksahin - Hz Hatice - MustuY,Mehmet Buyuksahin,97,pdf,Books/b-Library_Hzm-20260601T230631Z-3-002/b-Library_Hzm/Çocuklar için-Hzm/Peygamberimiz ve Halifeleri-Çocuk/gul-devri-6-Hz-Hatice-mustuy.pdf,1721950,44074ee44e9754ea524cb71a62e64d871ac21085c6ef194c4f4de3a995cbb3ef,2026-08-14 16:54:20
1514,Peygamberimizden Hatiralar-01 - Ahmet Turkmenoglu - Yavru Deve - MustuY,Ahmet Turkmenoglu,49,pdf,Books/b-Library_Hzm-20260601T230631Z-3-002/b-Library_Hzm/Çocuklar için-Hzm/Peygamberimizden Hatıralar/01-Yavru Deve - Peygamberimizden Hatiralar.PDF,1222297,55afd69309fedec1988aa83fc3f7c4389106ec16501f4854928399d34caa8895,2026-08-14 16:54:20
1515,Cocuklar Icin Peygamberimizin Hayati-1 - Kutlu Dogum - MustuY,MustuY,64,pdf,Books/b-Library_Hzm-20260601T230631Z-3-002/b-Library_Hzm/Çocuklar için-Hzm/Peygamberimizin Hayatı-Çocuk/1-Kutlu Dogum-Peygamberimizin Hayati.PDF,6057588,962e9ccd9b47ab976ade163796066b30e3fb5b0223ae7ad013bb01bb6ad8ce46,2026-08-14 16:54:20
1516,Cocuklar Icin Peygamberimizin Hayati-2 - Islamiyetin Dogusu - MustuY,MustuY,64,pdf,Books/b-Library_Hzm-20260601T230631Z-3-002/b-Library_Hzm/Çocuklar için-Hzm/Peygamberimizin Hayatı-Çocuk/2-Islamiyetin Dogusu-Peygamberimizin Hayati.PDF,6638303,25d5f5567ea7d80a69cddde2d803b46a6c96f27ab7167d1b769458c08c56fc43,2026-08-14 16:54:20
1517,Cocuklar Icin Peygamberimizin Hayati-3 - Zor Yillar - MustuY,MustuY,64,pdf,Books/b-Library_Hzm-20260601T230631Z-3-002/b-Library_Hzm/Çocuklar için-Hzm/Peygamberimizin Hayatı-Çocuk/3-Zor Yillar-Peygamberimizin Hayati.pdf,6077534,fd6df44e7c3c58e97dbf11c3f297c175d7544534da871d35a528ad019cb1f145,2026-08-14 16:54:20
1518,Cocuklar Icin Peygamberimizin Hayati-4 - Mirac ve Hicret - MustuY,MustuY,64,pdf,Books/b-Library_Hzm-20260601T230631Z-3-002/b-Library_Hzm/Çocuklar için-Hzm/Peygamberimizin Hayatı-Çocuk/4-Mirac ve Hicret-Peygamberimizin Hayati-.PDF,6561450,fa231019abe2c7ff04c1a956a3e8bb39d5762007687c9635a2100d2e19720e2c,2026-08-14 16:54:20
1519,Cocuklar Icin Peygamberimizin Hayati-5 - Peygamberimizin Son Yillari - MustuY,MustuY,64,pdf,Books/b-Library_Hzm-20260601T230631Z-3-002/b-Library_Hzm/Çocuklar için-Hzm/Peygamberimizin Hayatı-Çocuk/5-Peygamberimizin Son Yillari-Peygamberimizin Hayati.PDF,6650273,958501e5f98b4da7afd8326b3d132feb99a42cef6acd92db40377fd18bf49f0a,2026-08-14 16:54:20
1520,Yusuf Ozarslan - Rehberim Sevgili Peygamberim (SAV) - MustuY,Yusuf Ozarslan,265,pdf,Books/b-Library_Hzm-20260601T230631Z-3-002/b-Library_Hzm/Çocuklar için-Hzm/Peygamberimizin Hayatı-Çocuk/Rehberim-Sevgili-peygamberim-sav-mustuy.pdf,12302666,54a1364505df11352bddf1fb0c178a249658cd4269f22d726b637a196fbaaf8f,2026-08-14 16:54:20
1521,Risale Hikayeleri Serisi - Orhan Sezgin - Hayat Meydani - MustuY,Orhan Sezgin,78,pdf,Books/b-Library_Hzm-20260601T230631Z-3-002/b-Library_Hzm/Çocuklar için-Hzm/Risale Hikayeleri/hayat-meydani-risale-hikayeleri-mustuy.pdf,253890,5239f3bafc0d267a093b2d8f5526c98bd67b5aa54f984503e77c6e46008e1567,2026-08-14 16:54:20
1522,Risale Hikayeleri Serisi - Nur Pakdemirli - Yol Ayrimi - MustuY,Nur Pakdemirli,89,pdf,Books/b-Library_Hzm-20260601T230631Z-3-002/b-Library_Hzm/Çocuklar için-Hzm/Risale Hikayeleri/yol-ayrimi-risale-hikayeleri-mustuy.pdf,1700844,035132da05dcf8867ab416b0668e2f3890d856d3bff383ae581d3f8e376870fc,2026-08-14 16:54:20
1523,Sahabe Hayatindan-3 - Saadet Asrinda Peygamberimizin Elcileri - MustuY,MustuY,73,pdf,Books/b-Library_Hzm-20260601T230631Z-3-002/b-Library_Hzm/Çocuklar için-Hzm/Saadet Asrı-Çocuk/3-saadet-asrinda-Peygamberimizin-elcileri-mustuy.pdf,238617,0f4c88bc39a7e757706e080872961c72d0f71d864c6269714c7cb2f85beb5bd3,2026-08-14 16:54:20
1524,Fotografİk Hafiza Teknİklerİ EĞİtİmİ,oz,2,pdf,Books/b-Lİbrary_Tr-Gen-20260601T232943Z-3-001/b-Lİbrary_Tr-Gen/Beyin ve Hafıza/Hafiza/Fotografİk-Hafiza-Teknİklerİ-EĞİtİmİ.pdf,143426,d7a4965257e1816736045e4cea7de1b417e3bdfcadba9eb6cd726ec43c126c66,2026-08-14 16:54:20
1525,Zihni Gelistirmenin 101 Yolu (Rachel Walker) (z lib.org),Bilinmiyor,-,epub,Books/b-Lİbrary_Tr-Gen-20260601T232943Z-3-001/b-Lİbrary_Tr-Gen/Beyin ve Hafıza/Zihni Gelistirmenin 101 Yolu (Rachel Walker) (z-lib.org).epub,133545,1c7dd969426bfa672ef4210a2a8533796452455327f43ad8dff05ee4608bb46e,2026-08-14 16:54:20
1526,Bilim Teknik 1993.11,Bilinmiyor,80,pdf,Books/b-Lİbrary_Tr-Gen-20260601T232943Z-3-001/b-Lİbrary_Tr-Gen/Bilim Teknik Dergisi/Bilim_Teknik-1993.11.pdf,9968476,feb097ce69f047745c705570d1f0332a10b3ff22e1c369da61263dc2056ba2e8,2026-08-14 16:54:20
1527,Bilim Teknik 1967,Bilinmiyor,71,pdf,Books/b-Lİbrary_Tr-Gen-20260601T232943Z-3-001/b-Lİbrary_Tr-Gen/Bilim Teknik Dergisi/Bilim_Teknik_1967.pdf,8434036,cf1a9551ac01eb9c22046f87678ab2a52f48aa00f1668e9bc4ea4a10f18fa3da,2026-08-14 16:54:20
1528,Bilim Teknik 1968,Bilinmiyor,403,pdf,Books/b-Lİbrary_Tr-Gen-20260601T232943Z-3-001/b-Lİbrary_Tr-Gen/Bilim Teknik Dergisi/Bilim_Teknik_1968.pdf,48368047,b886928608776a849dd2d1173b8ac06b9df97ec8a07f9b08ded8cb8d070177da,2026-08-14 16:54:20
1529,Bilim Teknik 1969,Bilinmiyor,464,pdf,Books/b-Lİbrary_Tr-Gen-20260601T232943Z-3-001/b-Lİbrary_Tr-Gen/Bilim Teknik Dergisi/Bilim_Teknik_1969.pdf,55027162,cccce7c456ff375f22b57ca7490cbdc69c439dcc80cb4d4abe6bde700a9724ed,2026-08-14 16:54:20
1530,Bilim Teknik 1970,Bilinmiyor,551,pdf,Books/b-Lİbrary_Tr-Gen-20260601T232943Z-3-001/b-Lİbrary_Tr-Gen/Bilim Teknik Dergisi/Bilim_Teknik_1970.pdf,64953653,e3e83a46cacc1e75d2b886ee92607da6a7a5592c4c1eaa46ec56a5aadcfc473a,2026-08-14 16:54:20
1531,Bilim Teknik 1971,Bilinmiyor,587,pdf,Books/b-Lİbrary_Tr-Gen-20260601T232943Z-3-001/b-Lİbrary_Tr-Gen/Bilim Teknik Dergisi/Bilim_Teknik_1971.pdf,73837413,f121518e1d13aacd32b95bbfe34a4cbf6aa54d40abbd85e709e22f90f71791d9,2026-08-14 16:54:20
1532,Bilim Teknik 1972,Bilinmiyor,616,pdf,Books/b-Lİbrary_Tr-Gen-20260601T232943Z-3-001/b-Lİbrary_Tr-Gen/Bilim Teknik Dergisi/Bilim_Teknik_1972.pdf,77985296,5e39da0aadbd670afd11b847769541575450fb129f8c0e95e468c70307266faf,2026-08-14 16:54:20
1533,Bilim Teknik 1974,Bilinmiyor,619,pdf,Books/b-Lİbrary_Tr-Gen-20260601T232943Z-3-001/b-Lİbrary_Tr-Gen/Bilim Teknik Dergisi/Bilim_Teknik_1974.pdf,75402322,291fc38a22877a9fea4cd22334ba208432bc2ed90af3a918ebb12bea803f6b2c,2026-08-14 16:54:20
1534,Bilim Teknik 1975,Bilinmiyor,625,pdf,Books/b-Lİbrary_Tr-Gen-20260601T232943Z-3-001/b-Lİbrary_Tr-Gen/Bilim Teknik Dergisi/Bilim_Teknik_1975.pdf,78215879,6b61d03f2bdf506d82332c4584fc6d015cccf759b34f74c54df863ce8b874d8f,2026-08-14 16:54:20
1535,Bilim Teknik 1976,Bilinmiyor,592,pdf,Books/b-Lİbrary_Tr-Gen-20260601T232943Z-3-001/b-Lİbrary_Tr-Gen/Bilim Teknik Dergisi/Bilim_Teknik_1976.pdf,76373106,1ead5d4d93cb94a795c2443e218df4011ad5ef92e72838e1601cbe38b9d2cdd9,2026-08-14 16:54:20
1536,Bilim Teknik 1977,Bilinmiyor,598,pdf,Books/b-Lİbrary_Tr-Gen-20260601T232943Z-3-001/b-Lİbrary_Tr-Gen/Bilim Teknik Dergisi/Bilim_Teknik_1977.pdf,84786679,79d8d1807a965be91e9355fa356ecb516fece44021c0e2a75ea9670a549a5a76,2026-08-14 16:54:20
1537,Bilim Teknik 1979,Bilinmiyor,559,pdf,Books/b-Lİbrary_Tr-Gen-20260601T232943Z-3-001/b-Lİbrary_Tr-Gen/Bilim Teknik Dergisi/Bilim_Teknik_1979.pdf,79354298,074236087806a1c8d4596a870e38bd971c485597fcb5d9ee4319ab0946cd895b,2026-08-14 16:54:20
1538,Bilim Teknik 1981,Bilinmiyor,576,pdf,Books/b-Lİbrary_Tr-Gen-20260601T232943Z-3-001/b-Lİbrary_Tr-Gen/Bilim Teknik Dergisi/Bilim_Teknik_1981.pdf,75655010,cce2ba50a9bf80b820dc4a3c4e6526cba6358f578facf325d04d9bb7293b7734,2026-08-14 16:54:20
1539,Bilim Teknik 1982,Bilinmiyor,592,pdf,Books/b-Lİbrary_Tr-Gen-20260601T232943Z-3-001/b-Lİbrary_Tr-Gen/Bilim Teknik Dergisi/Bilim_Teknik_1982.pdf,87140745,1c015d86fdd0c3a98d2ec830def22e9d3bd37e9afaf2799aacf965f7715a3e80,2026-08-14 16:54:20
1540,Bilim Teknik 1983,Bilinmiyor,618,pdf,Books/b-Lİbrary_Tr-Gen-20260601T232943Z-3-001/b-Lİbrary_Tr-Gen/Bilim Teknik Dergisi/Bilim_Teknik_1983.pdf,88768512,9579b227e0e38ff91a0178a391491c6696de29a273ddab65045b39fd735373b0,2026-08-14 16:54:20
1541,Bilim Teknik 1984,Bilinmiyor,540,pdf,Books/b-Lİbrary_Tr-Gen-20260601T232943Z-3-001/b-Lİbrary_Tr-Gen/Bilim Teknik Dergisi/Bilim_Teknik_1984.pdf,71028979,8661881503fd4d5f9f7da490eb89ee75e9c526a06f843710da578b2b889b9d93,2026-08-14 16:54:20
1542,Bilim Teknik 1985,Bilinmiyor,575,pdf,Books/b-Lİbrary_Tr-Gen-20260601T232943Z-3-001/b-Lİbrary_Tr-Gen/Bilim Teknik Dergisi/Bilim_Teknik_1985.pdf,94056256,22d963dd6db98c6ec025d0a8190bc1f5d73bee46e2a78c3bf059e0efd5d2cfce,2026-08-14 16:54:20
1543,Bilim Teknik 1986,Bilinmiyor,578,pdf,Books/b-Lİbrary_Tr-Gen-20260601T232943Z-3-001/b-Lİbrary_Tr-Gen/Bilim Teknik Dergisi/Bilim_Teknik_1986.pdf,89451442,48c8bc0b4477553b19169c8e15b757e13e599b79669f3ed2ab2ef1672e79ee52,2026-08-14 16:54:20
1544,Bilim Teknik 1987,Bilinmiyor,550,pdf,Books/b-Lİbrary_Tr-Gen-20260601T232943Z-3-001/b-Lİbrary_Tr-Gen/Bilim Teknik Dergisi/Bilim_Teknik_1987.pdf,87810832,ee5d9f99029d6c7dd38aacce44dd06b5f6d8a0c799a476e018b342dfd82e1dce,2026-08-14 16:54:20
1545,Bilim Teknik 1988,Bilinmiyor,744,pdf,Books/b-Lİbrary_Tr-Gen-20260601T232943Z-3-001/b-Lİbrary_Tr-Gen/Bilim Teknik Dergisi/Bilim_Teknik_1988.pdf,111122475,972e4c6bac76a4cd5e228f41d7dd1f43dca308f6ab1d90959aa1d4ffcff66599,2026-08-14 16:54:20
1546,Bilim Teknik 1990,Bilinmiyor,725,pdf,Books/b-Lİbrary_Tr-Gen-20260601T232943Z-3-001/b-Lİbrary_Tr-Gen/Bilim Teknik Dergisi/Bilim_Teknik_1990.pdf,118450998,7e4abb1cf9c97f550150fba4aad2c3163de1836fcbd5b7a39752c1db881bfc0d,2026-08-14 16:54:20
1547,Bilim Teknik 1991,Bilinmiyor,685,pdf,Books/b-Lİbrary_Tr-Gen-20260601T232943Z-3-001/b-Lİbrary_Tr-Gen/Bilim Teknik Dergisi/Bilim_Teknik_1991.pdf,101391842,b53eedc235fc9ffad34444c404c50565355bbca314f26e47abb157e3205b3f74,2026-08-14 16:54:20
1548,Bilim Teknik 1992,Bilinmiyor,732,pdf,Books/b-Lİbrary_Tr-Gen-20260601T232943Z-3-001/b-Lİbrary_Tr-Gen/Bilim Teknik Dergisi/Bilim_Teknik_1992.pdf,107533405,4754290b7f06e33657d1e3b94dbdb15116167bfdbc5ff8d4a246f2e2e25073be,2026-08-14 16:54:20
1549,Bilim Teknik 1995,Bilinmiyor,349,pdf,Books/b-Lİbrary_Tr-Gen-20260601T232943Z-3-001/b-Lİbrary_Tr-Gen/Bilim Teknik Dergisi/Bilim_Teknik_1995.pdf,71794693,1872c303f32005e28ce40ed9bb1137ee1883304ac20add072c05a5c736b8bc86,2026-08-14 16:54:20
1550,Bilim Teknik 2005,Bilinmiyor,107,pdf,Books/b-Lİbrary_Tr-Gen-20260601T232943Z-3-001/b-Lİbrary_Tr-Gen/Bilim Teknik Dergisi/Bilim_Teknik_2005.pdf,5684075,4ab4b623021ab3b9e434d86451345687af3e2992140a558f36c6e2e3d9cd6840,2026-08-14 16:54:20
1551,Bilim Teknik 2007a,Bilinmiyor,324,pdf,Books/b-Lİbrary_Tr-Gen-20260601T232943Z-3-001/b-Lİbrary_Tr-Gen/Bilim Teknik Dergisi/Bilim_Teknik_2007a.pdf,27529209,68ee7f2a2f6d96427f911f9eebb5cc6585a5d02e7218149a8fd8fee3a9b58274,2026-08-14 16:54:20
1552,Bilim Teknik 2007b,Bilinmiyor,323,pdf,Books/b-Lİbrary_Tr-Gen-20260601T232943Z-3-001/b-Lİbrary_Tr-Gen/Bilim Teknik Dergisi/Bilim_Teknik_2007b.pdf,26280727,b9c79c54b7180dbbb1df9dac766b5028f9001046d39f8e925fb33286fa662282,2026-08-14 16:54:20
1553,Bilim Teknik 2007c,Bilinmiyor,352,pdf,Books/b-Lİbrary_Tr-Gen-20260601T232943Z-3-001/b-Lİbrary_Tr-Gen/Bilim Teknik Dergisi/Bilim_Teknik_2007c.pdf,30188251,28330678071db957efa6c416dfff971ff6c17cb85055842d7158ff94d5348b48,2026-08-14 16:54:20
1554,Bilim Teknik 2007d,Bilinmiyor,323,pdf,Books/b-Lİbrary_Tr-Gen-20260601T232943Z-3-001/b-Lİbrary_Tr-Gen/Bilim Teknik Dergisi/Bilim_Teknik_2007d.pdf,26941884,08eab77e204125ab80efed7fc07a6133575f22e1e045f5d555fe3c1195a5e670,2026-08-14 16:54:20
1555,Bilim Teknik 2020.02,Bilinmiyor,97,pdf,Books/b-Lİbrary_Tr-Gen-20260601T232943Z-3-001/b-Lİbrary_Tr-Gen/Bilim Teknik Dergisi/Bilim_Teknik_2020.02.pdf,31634038,a61954982f48d544e360c1b79baa718ce77cbcee852912291395b16406c1c976,2026-08-14 16:54:20
1556,Bilim Teknik 2020.03,Bilinmiyor,97,pdf,Books/b-Lİbrary_Tr-Gen-20260601T232943Z-3-001/b-Lİbrary_Tr-Gen/Bilim Teknik Dergisi/Bilim_Teknik_2020.03.pdf,21792714,4dc9f49d513ef21ddf25835b3059e08e22630230f45a1bfff5e1249a15b747ce,2026-08-14 16:54:20
1557,Altı Kolay Parca Richard P Feynman,Bilinmiyor,184,pdf,Books/b-Lİbrary_Tr-Gen-20260601T232943Z-3-001/b-Lİbrary_Tr-Gen/Bilim/Altı-Kolay-Parca-Richard-P-Feynman.pdf,2514011,9ef9b3a00de1e4c13404510bdc046f0e27130a64e2452e2f4aacdc9e63dea7bd,2026-08-14 16:54:20
1558,Büyük Tasarım,Stephen Hawking,154,pdf,Books/b-Lİbrary_Tr-Gen-20260601T232943Z-3-001/b-Lİbrary_Tr-Gen/Bilim/Stephen-Hawking-Buyuk-Tasarim.pdf,1608420,fd6d338a97ac8fea458bc6714bd6f5e2d40e4a08a14d706d20092d0a0294eb2c,2026-08-14 16:54:20
1559,Ergenlerle İletişim Sanatı Janey Downshire Naella Grew,Bilinmiyor,212,pdf,Books/b-Lİbrary_Tr-Gen-20260601T232943Z-3-001/b-Lİbrary_Tr-Gen/Cocuk Gelisimi/Ergenlerle-İletişim-Sanatı-Janey-Downshire-Naella-Grew.pdf,4767990,e0fa3f0c65a8210c0009d1d3ada5f7efc811c3756385dae1a53350334d155042,2026-08-14 16:54:20
1560,Duygusal Zeka (Daniel Goleman) (z lib.org),Bilinmiyor,-,epub,Books/b-Lİbrary_Tr-Gen-20260601T232943Z-3-001/b-Lİbrary_Tr-Gen/Duygusal Zeka-Empati/Duygusal Zeka (Daniel Goleman) (z-lib.org).epub,669175,a0955c48257fea388219f30cbd0cf4ffc26a701e2b25a1c93f8178cc996e6280,2026-08-14 16:54:20
1561,Duygusal Zeka Daniel Goleman,Bilinmiyor,442,pdf,Books/b-Lİbrary_Tr-Gen-20260601T232943Z-3-001/b-Lİbrary_Tr-Gen/Duygusal Zeka-Empati/Duygusal-Zeka-Daniel-Goleman.pdf,9647721,9e5f91aa247d7f184e810b5b3f3efe7b24c662b9f9742b9c100472e1d078797e,2026-08-14 16:54:20
1562,Empati Cağı Frans de Waal,Bilinmiyor,383,pdf,Books/b-Lİbrary_Tr-Gen-20260601T232943Z-3-001/b-Lİbrary_Tr-Gen/Duygusal Zeka-Empati/Empati-Cağı-Frans-de-Waal.pdf,6219202,34f57fb3ab29ba536769dc075a05deea7d4bb661ce1de0871b40972fc2c1a584,2026-08-14 16:54:20
1563,Örneklerle Kolay Ekonomi,Bilinmeyen yazar,91,pdf,Books/b-Lİbrary_Tr-Gen-20260601T232943Z-3-001/b-Lİbrary_Tr-Gen/Ekonomi/Mahfi-Eğilmez-Orneklerle-Kolay-Ekonomi.pdf,542747,6cb3a212dfe29e6453e2192fc3038abae7eb51ef9f145690e389ac50e065376b,2026-08-14 16:54:20
1564,Enneagram ile Kisilik Analizi,Bilinmiyor,392,pdf,Books/b-Lİbrary_Tr-Gen-20260601T232943Z-3-001/b-Lİbrary_Tr-Gen/Enneagram_PDF/Enneagram ile Kisilik Analizi.pdf,7191507,f67036db6362c527403ba44d7e7d594e12c62f2e59e71962653f8a9ded0aa4e5,2026-08-14 16:54:20
1565,Enneagram Kendini Bilme Sanat David N Daniels Virginia a Price,Bilinmiyor,140,pdf,Books/b-Lİbrary_Tr-Gen-20260601T232943Z-3-001/b-Lİbrary_Tr-Gen/Enneagram_PDF/Enneagram-Kendini-Bilme-Sanat-David-N-Daniels-Virginia-a-Price (1).pdf,8943746,68f24dd7ad5d4acedc2eb0cb9cd615fdbcf8f17a53c18dcdc45febb4a5f3d06f,2026-08-14 16:54:20
1566,Enneagram Ruhun Aynası Helen Palmer,Bilinmiyor,438,pdf,Books/b-Lİbrary_Tr-Gen-20260601T232943Z-3-001/b-Lİbrary_Tr-Gen/Enneagram_PDF/Enneagram-Ruhun-Aynası-Helen-Palmer.pdf,5658032,fdd562298bd6712e4abe776437b840993cff7bbea2e4fa6e4c09dd1b63adba4b,2026-08-14 16:54:20
1567,Enneagram ile Kendini Keşfet,Bilinmiyor,226,pdf,Books/b-Lİbrary_Tr-Gen-20260601T232943Z-3-001/b-Lİbrary_Tr-Gen/Enneagram_PDF/Enneagram-ile-Kendini-Keşfet.pdf,1764326,f5ec5ecea9acba840365d74df8d617e6272ff5073bf938a702394d60a304515a,2026-08-14 16:54:20
1568,(Microsoft Word - 77-Gurdjieff \326\360retisi),Admin,3,pdf,Books/b-Lİbrary_Tr-Gen-20260601T232943Z-3-001/b-Lİbrary_Tr-Gen/Enneagram_PDF/Gurdjieff-Ogretisi.pdf,117560,20a2cd7bee93a9de1ae18350e91ad61ff33efbe069940da829ef97148ec13e7e,2026-08-14 16:54:20
1569,Avrupa'nın Zihin Tarihi,Hilmi Yavuz,197,pdf,Books/b-Lİbrary_Tr-Gen-20260601T232943Z-3-001/b-Lİbrary_Tr-Gen/Felsefe-Fikriyat/Avrupa`nın-Zihin-Tarihi.pdf,1710090,87cad9ccbb477552e803136f0a74ab50baa145bdf40b6c96961a2a56548d9be7,2026-08-14 16:54:20
1570,Noam Chomsky _ Korsanlar ve İmparatorlar,Yasar MUTLU,87,pdf,Books/b-Lİbrary_Tr-Gen-20260601T232943Z-3-001/b-Lİbrary_Tr-Gen/Felsefe-Fikriyat/Noam Chomsky/Korsanlar-ve-İmparatorlar-Noam-Chomsky.pdf,391627,5aa859f2267be97bc4e9c1c4d1de4b48662f93118ebe17e2349512207b1b03a9,2026-08-14 16:54:20
1571,Simdinin Gucu Tolle Eckhart,Bilinmiyor,-,epub,Books/b-Lİbrary_Tr-Gen-20260601T232943Z-3-001/b-Lİbrary_Tr-Gen/Kişisel Gelişim/Erteleme/Simdinin-Gucu-Tolle-Eckhart.epub,228004,9c32c5d0dd8e61560466c1deac2df3ab2dd93999fd4ec9496e740e641d63be14,2026-08-14 16:54:20
1572,Telefonunuzun Sizi Degistirdigi 12 Sey,Bilinmiyor,283,pdf,Books/b-Lİbrary_Tr-Gen-20260601T232943Z-3-001/b-Lİbrary_Tr-Gen/Kişisel Gelişim/Telefonunuzun Sizi Degistirdigi 12 Sey.pdf,2842910,96fbfc0114f1fae89c2aab435a1e663642782b6e76d52f48ad63ed6dfca78dfe,2026-08-14 16:54:20
1573,iyilestiren aliskanliklar gretchen rubin,Bilinmiyor,25,pdf,Books/b-Lİbrary_Tr-Gen-20260601T232943Z-3-001/b-Lİbrary_Tr-Gen/Kişisel Gelişim/iyilestiren-aliskanliklar-gretchen-rubin.pdf,1796490,ec484e8df707c576f577644f913a1ffa6dd3b42b7f9e329e9684cc64ac6d0597,2026-08-14 16:54:20
1574,Borsa Psikiloji Yonetimi,sezer fidanverdi,64,pdf,Books/b-Lİbrary_Tr-Gen-20260601T232943Z-3-001/b-Lİbrary_Tr-Gen/Para-Finans/Borsa/Borsa-Psikiloji-Yonetimi.pdf,1633358,482297b576e8a58754ddce107120f217234d7fe2108c1d9086d261612256493a,2026-08-14 16:54:20
1575,Buyology Satın almaya dair bildiğimiz her şey neden yanlış？ (Martin Lindstrom) (z lib.org),Bilinmiyor,-,epub,Books/b-Lİbrary_Tr-Gen-20260601T232943Z-3-001/b-Lİbrary_Tr-Gen/Para-Finans/Buyology Satın almaya dair bildiğimiz her şey neden yanlış？ (Martin Lindstrom) (z-lib.org).epub,734551,c7fcfab5d7283c484d0947696ee3bbdabd03417bef866963da598adc0953dad2,2026-08-14 16:54:20
1576,Dusun ve Zengin Ol Napoleon Hill,Bilinmiyor,224,pdf,Books/b-Lİbrary_Tr-Gen-20260601T232943Z-3-001/b-Lİbrary_Tr-Gen/Para-Finans/Dusun-ve-Zengin-Ol-Napoleon-Hill.pdf,4872546,4c1d06614c598b7134e098e17750f385369c51b51896c49d421a4e60973d55ec,2026-08-14 16:54:20
1577,Ekonomi 101 Bir Çırpıda Para ve Finans (Alfred Mill) (z lib.org),Bilinmiyor,-,epub,Books/b-Lİbrary_Tr-Gen-20260601T232943Z-3-001/b-Lİbrary_Tr-Gen/Para-Finans/Ekonomi 101 Bir Çırpıda Para ve Finans (Alfred Mill) (z-lib.org).epub,7108101,631857f6c69b1481d4833706163ebfe86eb237c6675d15555be7ea2431e84d62,2026-08-14 16:54:20
1578,Gelecege yatirim,Bilinmiyor,146,pdf,Books/b-Lİbrary_Tr-Gen-20260601T232943Z-3-001/b-Lİbrary_Tr-Gen/Para-Finans/Gelecege-yatirim.pdf,874166,84a0bd74e778e036f87cc3c518ae289eac5c0782ee70bdfc965bafde9a9ad4fa,2026-08-14 16:54:20
1579,Görünmeyeni Satmak (Harry Beckwith) (z lib.org),Bilinmiyor,-,epub,Books/b-Lİbrary_Tr-Gen-20260601T232943Z-3-001/b-Lİbrary_Tr-Gen/Para-Finans/Görünmeyeni Satmak (Harry Beckwith) (z-lib.org).epub,219697,a54546f16d01d664a698bf5997d8bbba21ecef05b80911482697f7ace3ae5410,2026-08-14 16:54:20
1580,KM_C224e-20170419114857,Bilinmiyor,183,pdf,Books/b-Lİbrary_Tr-Gen-20260601T232943Z-3-001/b-Lİbrary_Tr-Gen/Para-Finans/Milyoner-Aklın-Sırları-T-harv-Eker (1).pdf,17987980,878e0b6d3c8da92fd99d99d594a435737e94b3aafb9e3b02a90cb680c577d966,2026-08-14 16:54:20
1581,On Derste Kapitalizm Michel Husson,Bilinmiyor,258,pdf,Books/b-Lİbrary_Tr-Gen-20260601T232943Z-3-001/b-Lİbrary_Tr-Gen/Para-Finans/On-Derste-Kapitalizm-Michel-Husson.pdf,8068502,9c9b618d8cbbae16025eb211d6497bd3c4702cdf94388b3ab4c49431049a8c71,2026-08-14 16:54:20
1582,Servet Oluşturma Donald Trump,Bilinmiyor,231,pdf,Books/b-Lİbrary_Tr-Gen-20260601T232943Z-3-001/b-Lİbrary_Tr-Gen/Para-Finans/Servet-Oluşturma-Donald-Trump.pdf,1355640,89929249034afcb70447fe69b647fcd0520d31e8c506623bd56cf86d67f241e6,2026-08-14 16:54:20
1583,Yatırımcının El Kitabı,Bilinmiyor,199,pdf,Books/b-Lİbrary_Tr-Gen-20260601T232943Z-3-001/b-Lİbrary_Tr-Gen/Para-Finans/Yatırımcının-El-Kitabı.pdf,9808560,a9cadf5decc122e8d9a61e70b82cce0fb9349062cb2e605a0e920014f35f74b6,2026-08-14 16:54:20
1584,Zengin Baba Yoksul Baba Robert Kiyosaki,kitabyurdu,314,pdf,Books/b-Lİbrary_Tr-Gen-20260601T232943Z-3-001/b-Lİbrary_Tr-Gen/Para-Finans/Zengin-Baba-Yoksul-Baba-Robert-Kiyosaki.pdf,1811396,13ec3276e93f04cc16e176366f57daf5b8956bacb9ce452c8117a21b3fb16fea,2026-08-14 16:54:20
1585,Zengin Cocuk Akıllı Cocuk Robert Kiyosaki,Bilinmiyor,403,pdf,Books/b-Lİbrary_Tr-Gen-20260601T232943Z-3-001/b-Lİbrary_Tr-Gen/Para-Finans/Zengin-Cocuk-Akıllı-Cocuk-Robert-Kiyosaki.pdf,9195707,72c513b288479bdb5c50e010e8cfcdf4c2b56bac4df3dc0ec0a632e74563532c,2026-08-14 16:54:20
1586,Zengin olma bilimi,unknown,88,pdf,Books/b-Lİbrary_Tr-Gen-20260601T232943Z-3-001/b-Lİbrary_Tr-Gen/Para-Finans/Zengin-olma-bilimi.pdf,696629,45c34dc9df77d4dea0422a60a3da5dba3a1ec9bf7dab0ecc7d92b4f616ef29ec,2026-08-14 16:54:20
1587,Zenginleşmekten Cekinmeyin Marilyn Jenett,Bilinmiyor,291,pdf,Books/b-Lİbrary_Tr-Gen-20260601T232943Z-3-001/b-Lİbrary_Tr-Gen/Para-Finans/Zenginleşmekten-Cekinmeyin-Marilyn-Jenett.pdf,1815002,9ca7435824e5eabcf47b18c881eda1685bbad1ebb424c39ef37784e5ff71c137,2026-08-14 16:54:20
1588,Sosyal Kaygı Ve Utangaclık James Kimberly,Bilinmiyor,138,pdf,Books/b-Lİbrary_Tr-Gen-20260601T232943Z-3-001/b-Lİbrary_Tr-Gen/Psikoloji/Anksiyete-Kaygi/Sosyal-Kaygı-Ve-Utangaclık-James-Kimberly.pdf,2905095,6528a11e2bd09488f07ea0570a5fcaed64e7ff2a41214023f510ba1aadf030d6,2026-08-14 16:54:20
1589,STRES ve Başaçıkma Yolları,"Zuhal Baltaş, Acar Baltaş",923,pdf,Books/b-Lİbrary_Tr-Gen-20260601T232943Z-3-001/b-Lİbrary_Tr-Gen/Psikoloji/Stres/Stres-ve-Başacıkma-Yolları-Zuhal-Baltaş-Acar-Baltaş-PDFDrive-com-pdf.pdf,3789464,985559dfd0b48d27213d52aabecfe82acde2341139bc5342b1e056517d88ed10,2026-08-14 16:54:20
1590,Network`un Kitabi Turkiye`de,kukurik,80,pdf,Books/b-Lİbrary_Tr-Gen-20260601T232943Z-3-001/b-Lİbrary_Tr-Gen/Reklam-Pazarlama-Satis/Dijital-Pazarlama/Network`un-Kitabi-Turkiye`de.pdf,530621,f64fa21b454b535ff1fe4614b6ce04d834440cad9134492c6808c2bfbdb24d5b,2026-08-14 16:54:20
1591,ÖNKP,Bilinmiyor,326,pdf,Books/b-Lİbrary_Tr-Gen-20260601T232943Z-3-001/b-Lİbrary_Tr-Gen/Reklam-Pazarlama-Satis/REKLAMLARDA-KORKU-CEKICILIGI.pdf,3415957,1ecddd1a6d7a09c05eeff73db2eb4f0a221b7554656413f7f72e5bd570c12b6d,2026-08-14 16:54:29
1592,Tuketim Toplumunda Reklam ve Psikoloji C,Bilinmiyor,39,pdf,Books/b-Lİbrary_Tr-Gen-20260601T232943Z-3-001/b-Lİbrary_Tr-Gen/Reklam-Pazarlama-Satis/Tuketim-Toplumunda-Reklam-ve-Psikoloji-C (1).pdf,700103,fa423ec79b850d34115c4e3f17e682be200b93454b633d942a9d8a5a45433900,2026-08-14 16:54:29
1593,Attila,Peyami Safa,275,pdf,Books/b-Lİbrary_Tr-Gen-20260601T232943Z-3-001/b-Lİbrary_Tr-Gen/Roman_Tr/Peyami-Safa-Attila.pdf,1220928,db84a3eca621081d8455bceb26011166b542e9a87173e774704d2d0eacada6d8,2026-08-14 16:54:29
1594,Tehlikeli Oyunlar (Oğuz Atay),Bilinmiyor,-,epub,Books/b-Lİbrary_Tr-Gen-20260601T232943Z-3-001/b-Lİbrary_Tr-Gen/Roman_Tr/Tehlikeli Oyunlar (Oğuz Atay).epub,394903,79f4a7a5f984353400a6bd40fce9c4dff5a14e6172502285d592270427ccc6cd,2026-08-14 16:54:29
1595,Albert Camus Yabancı,Bilinmiyor,-,epub,Books/b-Lİbrary_Tr-Gen-20260601T232943Z-3-001/b-Lİbrary_Tr-Gen/Roman_Ybn/Albert Camus-Yabancı.epub,197535,0e682b48dc8495cd5ce0e2f9ce99fb4f13401397fd66bb0ade986f657a739720,2026-08-14 16:54:29
1596,George Orwell Hayvan Ciftliği isbankasi,Bilinmiyor,105,pdf,Books/b-Lİbrary_Tr-Gen-20260601T232943Z-3-001/b-Lİbrary_Tr-Gen/Roman_Ybn/George-Orwell-Hayvan-Ciftliği-isbankasi.pdf,1399974,fde00f2254538d5e8adbc9089d20ca0c1e57ab2bc5062c6d7073578b16b6d40f,2026-08-14 16:54:29
1597,John Steinbeck Fareler ve İnsanlar,Bilinmiyor,-,epub,Books/b-Lİbrary_Tr-Gen-20260601T232943Z-3-001/b-Lİbrary_Tr-Gen/Roman_Ybn/John-Steinbeck-Fareler ve İnsanlar.epub,203265,f49a3eaab0690eeb08c748912d73d454708c9cff219d1b552d1b9e3f6ae77bbe,2026-08-14 16:54:29
1598,John Steinbeck Gazap Üzümleri,Bilinmiyor,-,epub,Books/b-Lİbrary_Tr-Gen-20260601T232943Z-3-001/b-Lİbrary_Tr-Gen/Roman_Ybn/John-Steinbeck-Gazap Üzümleri.epub,544330,7c98bbb8ce124c09702dbbe3d39f6d612674ab34c28cc68571bad75bf5c2e884,2026-08-14 16:54:29
1599,Suç ve Ceza Hasan Ali Yücel Klasikler (Fyodor Mihayloviç Dostoyevski) (z lib.org),Bilinmiyor,-,epub,Books/b-Lİbrary_Tr-Gen-20260601T232943Z-3-001/b-Lİbrary_Tr-Gen/Roman_Ybn/Suç ve Ceza Hasan Ali Yücel Klasikler (Fyodor Mihayloviç Dostoyevski) (z-lib.org).epub,613795,a197a4d800accb1bca55e38e454beaf8961fc34e0decf23402490e706805a90e,2026-08-14 16:54:29
1600,Dr Aidin Salihin Sohbetlerinden,Faruk Günindi,5,pdf,Books/b-Lİbrary_Tr-Gen-20260601T232943Z-3-001/b-Lİbrary_Tr-Gen/Tıp/Dr Aidin-Salihin-Sohbetlerinden-01.pdf,76179,0a9cc66d9f7089028515b780e89f194b13cabed5cf70c179a4cef1e12439a002,2026-08-14 16:54:29
1601,TUM HASTALIKLARIN ZiHiNSEL NEDENLERi,Louis L.Hay,93,pdf,Books/b-Lİbrary_Tr-Gen-20260601T232943Z-3-001/b-Lİbrary_Tr-Gen/Tıp/Hastalıkların-Zihinsel-Nedeni.pdf,686950,aa10804057cfa20aac6dd86863ce06d6d807771b53c1b6d1d5def98cbba7bed7,2026-08-14 16:54:29
1602,ibrahim Adnan Saraçoğlu _ Bitkisel Kürler Rehberi,Yasar Mutlu,96,pdf,Books/b-Lİbrary_Tr-Gen-20260601T232943Z-3-001/b-Lİbrary_Tr-Gen/Tıp/Ibrahim-Adnan-Saracoğlu-Bitkisel-Kurler-Rehberi.pdf,313755,15ee5054462fc6b21c72cb0134954a0355d25858de8870763d6e9a59445feec5,2026-08-14 16:54:29
1603,Normal Efsanesi Gabor Mate,Bilinmiyor,546,pdf,Books/b-Lİbrary_Tr-Gen-20260601T232943Z-3-001/b-Lİbrary_Tr-Gen/Tıp/Normal-Efsanesi-Gabor-Mate.pdf,8715332,456aa89b3fac5178e519bef7b19392c1fc76f36fb66f0078b0e2656c7cb001de,2026-08-14 16:54:29
1604,Mustafa ÖSELMİŞ,HAO,122,pdf,Books/b-Lİbrary_Tr-Gen-20260601T232943Z-3-001/b-Lİbrary_Tr-Gen/Tıp/Tıbb-ı-Nebevi.pdf,1129872,cd09c086f71c7f9cc06645778b4de2e27d64d43c952106d5491cced5ae296ced,2026-08-14 16:54:29
1605,"Beden Dili Eski FBI Ajanından İnsanların Bedenini Okuma Rehberi (Joe Navarro, Marvin Karlins) (z lib.org)",Bilinmiyor,294,pdf,"Books/b-Lİbrary_Tr-Gen-20260601T232943Z-3-002/b-Lİbrary_Tr-Gen/Beden Dili/Beden Dili Eski FBI Ajanından İnsanların Bedenini Okuma Rehberi (Joe Navarro, Marvin Karlins) (z-lib.org).pdf",5296307,9491d79a61b34860134f37aa85858373f63d3d4b580ab723627e94abb52c43d9,2026-08-14 16:54:29
1606,"Beden Dili: İnsanları Bir Kitap Gibi Okumak için İkna Becerileri, NLP, Aktif Dinleme, Manipülasyon ve Zihin Kontrol Teknikleri ile İnsan Davranışlarını Çözün ve İnsanları Nasıl Analiz Edersiniz.",Vincent McDaniel,46,pdf,Books/b-Lİbrary_Tr-Gen-20260601T232943Z-3-002/b-Lİbrary_Tr-Gen/Beden Dili/Beden Dili Sirlari.pdf,670535,50760c97b1b91ec2b5556b442f3715bba55db114088cd9f32b99fa73460a378e,2026-08-14 16:54:29
1607,Beden Asla Yalan Soylemez Alice Miller,Bilinmiyor,215,pdf,Books/b-Lİbrary_Tr-Gen-20260601T232943Z-3-002/b-Lİbrary_Tr-Gen/Beden Dili/Beden-Asla-Yalan-Soylemez-Alice-Miller.pdf,1709721,9e20d39a6adcec2208fa94c6f8f59539fc92c912e74956aa0cefdaa0c0ef065d,2026-08-14 16:54:29
1608,Beden Dili Ve Yalan Yakalama Teknikleri,Monster,18,pdf,Books/b-Lİbrary_Tr-Gen-20260601T232943Z-3-002/b-Lİbrary_Tr-Gen/Beden Dili/Beden-Dili-Ve-Yalan-Yakalama-Teknikleri.pdf,696936,de1a50ea9de27dd9d7df4fbb7c2a7c7a5499def29863baa907fbb1b6f8caa507,2026-08-14 16:54:29
1609,beden dili jen.qxd,Administrator,145,pdf,Books/b-Lİbrary_Tr-Gen-20260601T232943Z-3-002/b-Lİbrary_Tr-Gen/Beden Dili/Butun-Yonleriyle-Beden-Dili.pdf,1130758,f6589e663bc8bb3cd7eab9a68837099adb7e7c5a8b1a7109c2487f71d051a916,2026-08-14 16:54:29
1610,Microsoft Word - Yüz Okuma Sanatý.doc,maximum,60,pdf,Books/b-Lİbrary_Tr-Gen-20260601T232943Z-3-002/b-Lİbrary_Tr-Gen/Beden Dili/Yuz-Okuma-Sanatı.pdf,909303,e1180e258571ecf6c98ec8cc18466d46d7010ed68ee909db67e1885cd90a78e8,2026-08-14 16:54:29
1611,Hafıza Teknkleri,Bilinmiyor,125,pdf,Books/b-Lİbrary_Tr-Gen-20260601T232943Z-3-002/b-Lİbrary_Tr-Gen/Beyin ve Hafıza/Hafiza/Hafıza Teknkleri.pdf,1358834,d7c42088a06fa9395a02513893c410a24046588830719839fc107e6116c4ab25,2026-08-14 16:54:29
1612,Hafızana Hukmet Hafızanın Gucunu Artırmak İcin Yaratıcı Yontemler Tony Buzan,Bilinmiyor,260,pdf,Books/b-Lİbrary_Tr-Gen-20260601T232943Z-3-002/b-Lİbrary_Tr-Gen/Beyin ve Hafıza/Hafiza/Hafızana-Hukmet-Hafızanın-Gucunu-Artırmak-İcin-Yaratıcı-Yontemler-Tony-Buzan.pdf,4240774,5081358be90057789ba4fb16975b6cede8d2c4838d44d5496d532b6d4e536915,2026-08-14 16:54:29
1613,Harry Alder 21 Gunde Beyin Eğitimi,Bilinmiyor,193,pdf,Books/b-Lİbrary_Tr-Gen-20260601T232943Z-3-002/b-Lİbrary_Tr-Gen/Beyin ve Hafıza/Harry-Alder-21-Gunde-Beyin-Eğitimi.pdf,3282820,8c8a095f55c823bb12c17a7cdea98100de6921564420c9661b8ed15192b8b7b8,2026-08-14 16:54:29
1614,Bilim Teknik 1973,Bilinmiyor,631,pdf,Books/b-Lİbrary_Tr-Gen-20260601T232943Z-3-002/b-Lİbrary_Tr-Gen/Bilim Teknik Dergisi/Bilim_Teknik_1973.pdf,80532726,d791a658b39b9405ae3662629cde29c18112612eca1e0cc93f975a0b1003de0f,2026-08-14 16:54:29
1615,Bilim Teknik 1978,Bilinmiyor,625,pdf,Books/b-Lİbrary_Tr-Gen-20260601T232943Z-3-002/b-Lİbrary_Tr-Gen/Bilim Teknik Dergisi/Bilim_Teknik_1978.pdf,82465503,ed71fb26040efea1f429920b11f4f2005fd2b7a6e27c03c2091d1f6e2d0b9b3b,2026-08-14 16:54:29
1616,Bilim Teknik 1996,Bilinmiyor,588,pdf,Books/b-Lİbrary_Tr-Gen-20260601T232943Z-3-002/b-Lİbrary_Tr-Gen/Bilim Teknik Dergisi/Bilim_Teknik_1996.pdf,142994799,590db8364e9f100f6d859bc7b891e50b99003ee6886ae30e41b458c249c2d94a,2026-08-14 16:54:29
1617,Bilim Teknik 1997,Bilinmiyor,595,pdf,Books/b-Lİbrary_Tr-Gen-20260601T232943Z-3-002/b-Lİbrary_Tr-Gen/Bilim Teknik Dergisi/Bilim_Teknik_1997.pdf,132292418,dda81e7681ba4e277184027da878f2efa0145c993d1792e2a01f2ec53ca2984b,2026-08-14 16:54:29
1618,Bilim Teknik 1998,Bilinmiyor,616,pdf,Books/b-Lİbrary_Tr-Gen-20260601T232943Z-3-002/b-Lİbrary_Tr-Gen/Bilim Teknik Dergisi/Bilim_Teknik_1998.pdf,135220310,6eb284e0aefe93949234b42a37e42df373e205ed11e1ea42018632296b4f499d,2026-08-14 16:54:29
1619,Bilim Teknik 1999,Duran,560,pdf,Books/b-Lİbrary_Tr-Gen-20260601T232943Z-3-002/b-Lİbrary_Tr-Gen/Bilim Teknik Dergisi/Bilim_Teknik_1999.pdf,63285882,40a33e1e82fad7bf5f118b0aa162e77f002a89fb63a9fff1402bd7b4575d87e1,2026-08-14 16:54:29
1620,Bilim Teknik 2000,Bilinmiyor,796,pdf,Books/b-Lİbrary_Tr-Gen-20260601T232943Z-3-002/b-Lİbrary_Tr-Gen/Bilim Teknik Dergisi/Bilim_Teknik_2000.pdf,56781288,a6012957c92ed6ec1080bb66fa41c33e55efe06ef2bbb75bf7a8cee9d2cd1c45,2026-08-14 16:54:29
1621,Bilim Teknik 2001,Bilinmiyor,690,pdf,Books/b-Lİbrary_Tr-Gen-20260601T232943Z-3-002/b-Lİbrary_Tr-Gen/Bilim Teknik Dergisi/Bilim_Teknik_2001.pdf,20971177,d0c41a168848faf0e862a2cc1a378b0b76fc7a97a6179c32bc26c8eecef25056,2026-08-14 16:54:29
1622,Bilim Teknik 2002,Bilinmiyor,1067,pdf,Books/b-Lİbrary_Tr-Gen-20260601T232943Z-3-002/b-Lİbrary_Tr-Gen/Bilim Teknik Dergisi/Bilim_Teknik_2002.pdf,34561210,d63d92e1ee688b1f9f97b2fdf1671035a6542641a175fe8ea1a7f26d2dbf9614,2026-08-14 16:54:29
1623,Bilim Teknik 2004,Bilinmiyor,1293,pdf,Books/b-Lİbrary_Tr-Gen-20260601T232943Z-3-002/b-Lİbrary_Tr-Gen/Bilim Teknik Dergisi/Bilim_Teknik_2004.pdf,95733200,7f8b904426725a4be6f7ef4ed5be1947b7951614bb1d066f399ce764a6f4276d,2026-08-14 16:54:29
1624,Bilim Teknik 2006,Bilinmiyor,981,pdf,Books/b-Lİbrary_Tr-Gen-20260601T232943Z-3-002/b-Lİbrary_Tr-Gen/Bilim Teknik Dergisi/Bilim_Teknik_2006.pdf,90403013,af6611c7fd77297dee768862d3353d29c3b16c68cc599d3654b70c0b0c1af468,2026-08-14 16:54:29
1625,Bilim Teknik 2008,Serhat,894,pdf,Books/b-Lİbrary_Tr-Gen-20260601T232943Z-3-002/b-Lİbrary_Tr-Gen/Bilim Teknik Dergisi/Bilim_Teknik_2008.pdf,90318184,d7d0476f5c6b0c2914030a7619c6356d3eaaf9c637f6d21c4294cf8073ce40d8,2026-08-14 16:54:29
1626,Bilim Teknik 2009,tubitak,793,pdf,Books/b-Lİbrary_Tr-Gen-20260601T232943Z-3-002/b-Lİbrary_Tr-Gen/Bilim Teknik Dergisi/Bilim_Teknik_2009.pdf,67454117,f75fa47e300297acafab298a3fcd57a6865f552115d9980a62f753ac49bd9130,2026-08-14 16:54:29
1627,Bilim Teknik 2010,Bilinmiyor,883,pdf,Books/b-Lİbrary_Tr-Gen-20260601T232943Z-3-002/b-Lİbrary_Tr-Gen/Bilim Teknik Dergisi/Bilim_Teknik_2010.pdf,79811239,f91c74e742e651828a82fb0d07fb971863d61cc0100437ccecd4c13e78f244a0,2026-08-14 16:54:29
1628,Bilim Teknik 2011,Bilinmiyor,852,pdf,Books/b-Lİbrary_Tr-Gen-20260601T232943Z-3-002/b-Lİbrary_Tr-Gen/Bilim Teknik Dergisi/Bilim_Teknik_2011.pdf,58709465,62ae221e5aa439267524cca3432ed04cb5b9dfb17128d66d55fcbec76ec2d579,2026-08-14 16:54:29
1629,Bilim Teknik 2012,Bilinmiyor,715,pdf,Books/b-Lİbrary_Tr-Gen-20260601T232943Z-3-002/b-Lİbrary_Tr-Gen/Bilim Teknik Dergisi/Bilim_Teknik_2012.pdf,77498391,bf7a1326b42f4f728a71e27555953b3586dbaf68273ade01fcec69d1a5da8c81,2026-08-14 16:54:29
1630,101 Soruda Kuantum,Kenneth W. Ford,344,pdf,Books/b-Lİbrary_Tr-Gen-20260601T232943Z-3-002/b-Lİbrary_Tr-Gen/Bilim/101-Soruda-Kuantum.pdf,13040446,09dcf113f2ab8bfd68058840dd8b462fa4f044d99116dc4254eb97765c9e08d3,2026-08-14 16:54:29
1631,Big Bang,Bilinmiyor,458,pdf,Books/b-Lİbrary_Tr-Gen-20260601T232943Z-3-002/b-Lİbrary_Tr-Gen/Bilim/Big-Bang.pdf,15960959,4c1c3267a514d007d145d50213ff9058318b57a642a4c9296c5790a013aba156,2026-08-14 16:54:29
1632,Darwin Ve Evrim Teorisi Şemseddin AKBULUT,Bilinmiyor,126,pdf,Books/b-Lİbrary_Tr-Gen-20260601T232943Z-3-002/b-Lİbrary_Tr-Gen/Bilim/Darwin-Ve-Evrim-Teorisi-Şemseddin-AKBULUT.pdf,26074167,10cf1ab33a378dfd9285fbdb7f986750f91aa5c72b291fa5d99f72f82c857850,2026-08-14 16:54:29
1633,Evrenin Kısa Tarihi Joseph Silk,Bilinmiyor,284,pdf,Books/b-Lİbrary_Tr-Gen-20260601T232943Z-3-002/b-Lİbrary_Tr-Gen/Bilim/Evrenin-Kısa-Tarihi-Joseph-Silk.pdf,28381347,0c44cc3a9372ac34960d4b1091cbab343d1c160d58b698dfc1425ca9acc90ea8,2026-08-14 16:54:29
1634,Evrenin Şiiri Robert Osserman,Bilinmiyor,260,pdf,Books/b-Lİbrary_Tr-Gen-20260601T232943Z-3-002/b-Lİbrary_Tr-Gen/Bilim/Evrenin-Şiiri-Robert-Osserman.pdf,3573458,9d10be88a98b77c5313d1d3909facf9f1904a1f2ba7f5ecf921592cb56cfe749,2026-08-14 16:54:29
1635,Fizik Yasaları Uzerine Richard Feynman,Bilinmiyor,226,pdf,Books/b-Lİbrary_Tr-Gen-20260601T232943Z-3-002/b-Lİbrary_Tr-Gen/Bilim/Fizik-Yasaları-Uzerine-Richard-Feynman.pdf,4439307,6d7eee1400cb07afb189b3e578a1fb6485571c134d1d1002bc7e126ee8bd843a,2026-08-14 16:54:29
1636,İnsan Vücuduna Seyahat,Gavin Francis,274,pdf,Books/b-Lİbrary_Tr-Gen-20260601T232943Z-3-002/b-Lİbrary_Tr-Gen/Bilim/Insan-Vicuduna-Seyahet-Gavin-Francis-Shiirsel-Dash-1975-144s-pdf.pdf,5579366,dc4c00a1a7b58bf44edef108277ba72eb4864fa4cb8d5602498ddc9c938b784f,2026-08-14 16:54:29
1637,Kozmos Evrenin ve Yaşamın Sırları Carl Sagan,Bilinmiyor,399,pdf,Books/b-Lİbrary_Tr-Gen-20260601T232943Z-3-002/b-Lİbrary_Tr-Gen/Bilim/Kozmos-Evrenin-ve-Yaşamın-Sırları-Carl-Sagan.pdf,10872888,01ba1babdb07f95823054bf2dc7de8ddff508b8ba24c5463e1ad9d8d5393265b,2026-08-14 16:54:29
1638,Tanrı Ve Yeni Fizik Paul Davies,Bilinmiyor,325,pdf,Books/b-Lİbrary_Tr-Gen-20260601T232943Z-3-002/b-Lİbrary_Tr-Gen/Bilim/Tanrı-Ve-Yeni-Fizik-Paul-Davies.pdf,5287337,ff769d50fca52b6e584a674bb54f7b730eafcebf3d0c387c295cdf8db69fce47,2026-08-14 16:54:29
1639,Tanrı`nın Kapısını Calan Bilim Carl Sagan,Bilinmiyor,258,pdf,Books/b-Lİbrary_Tr-Gen-20260601T232943Z-3-002/b-Lİbrary_Tr-Gen/Bilim/Tanrı`nın-Kapısını-Calan-Bilim-Carl-Sagan.pdf,10092976,adc6310f7c1653652076169875074f18c99a4c17c0477ed6ff9deb3fbb231638,2026-08-14 16:54:29
1640,Cezasız Eğitim Adem Guneş,Bilinmiyor,290,pdf,Books/b-Lİbrary_Tr-Gen-20260601T232943Z-3-002/b-Lİbrary_Tr-Gen/Cocuk Gelisimi/Cezasız-Eğitim-Adem-Guneş.pdf,4758128,29ef5845803d682076ad0853f6cb343f4d36f132a1a432de91f564876483fdf0,2026-08-14 16:54:29
1641,ÇOCUKLARDA ÖFKE KONTROLÜ,User,19,pdf,Books/b-Lİbrary_Tr-Gen-20260601T232943Z-3-002/b-Lİbrary_Tr-Gen/Cocuk Gelisimi/Cocuklarda-Ofke-Kontrolu.pdf,1430980,1affd81ea29070bd89445bfee0f245f198b8cf833577e9c58861e158783631ab,2026-08-14 16:54:29
1642,Mahremiyet Eğitimi,Adem Güneş,195,pdf,Books/b-Lİbrary_Tr-Gen-20260601T232943Z-3-002/b-Lİbrary_Tr-Gen/Cocuk Gelisimi/Mahremiyet-Eğitimi-Adem-Guneş.pdf,3292797,44fe774ef578c1d68c579f40cd0990105a88eaa91425eaf91fb37db6225d65f8,2026-08-14 16:54:29
1643,Olgunlasmamis ebeveynlerin actigi yaralari iyilestirmek dr lindsay gibson pdf indir on okuma,Bilinmiyor,25,pdf,Books/b-Lİbrary_Tr-Gen-20260601T232943Z-3-002/b-Lİbrary_Tr-Gen/Cocuk Gelisimi/Olgunlasmamis-ebeveynlerin-actigi-yaralari-iyilestirmek-dr-lindsay-gibson-pdf-indir-on-okuma.pdf,2734269,0627cd51e7ab410b2c8e80936a035c3e5fbc3526f6edac61d81600ae069c648f,2026-08-14 16:54:29
1644,Amerikan Edebiyatı,Bilinmiyor,247,pdf,Books/b-Lİbrary_Tr-Gen-20260601T232943Z-3-002/b-Lİbrary_Tr-Gen/Edebiyat/Amerikan-Edebiyatı-101.pdf,2596279,db5f7a6d54005343f92dbd9c00935090284054939a07569c6a45046dfb0df3b4,2026-08-14 16:54:29
1645,ALVİN TOFFLER EKONOMİNİN COKUŞU,Bilinmiyor,125,pdf,Books/b-Lİbrary_Tr-Gen-20260601T232943Z-3-002/b-Lİbrary_Tr-Gen/Ekonomi/ALVİN-TOFFLER-EKONOMİNİN-COKUŞU-pdf.pdf,2590782,82a654ccee53e2f63df32a81774971ce24aaa5d1536378e255d4be27a4dd7b84,2026-08-14 16:54:29
1646,Mahfi Eğilmez Orneklerle Kolay Ekonomi,Bilinmiyor,193,pdf,Books/b-Lİbrary_Tr-Gen-20260601T232943Z-3-002/b-Lİbrary_Tr-Gen/Ekonomi/Mahfi-Eğilmez-Orneklerle-Kolay-Ekonomi-pdf.pdf,2506530,7854a4af4746348c9fc88884902781b8336e4b9a553e13535dc3da0399eea091,2026-08-14 16:54:29
1647,Enneagram Ali Ünal,Ali Ünal,36,pdf,Books/b-Lİbrary_Tr-Gen-20260601T232943Z-3-002/b-Lİbrary_Tr-Gen/Enneagram_PDF/Enneagram_Ali Ünal.pdf,242241,e4b62c5fcc3e35100e74e37818e4986e2c7aa58aa9de9f9240a8cec72c4f38a3,2026-08-14 16:54:29
1648,Kendisinin Efendisi Olmayan Hiç Kimse Özgür Değilidir,Epiktetos,61,pdf,Books/b-Lİbrary_Tr-Gen-20260601T232943Z-3-002/b-Lİbrary_Tr-Gen/Felsefe-Fikriyat/Epictetos/Epiktetos-Kendisinin-Efendisi.pdf,1709248,616fac867ae2312667ca238a37c4fbfb3f2495980f661f20051355f8ef6ea55d,2026-08-14 16:54:29
1649,Mutlu Olma Sanatı Arthur Schopenhauer,Bilinmiyor,21,pdf,Books/b-Lİbrary_Tr-Gen-20260601T232943Z-3-002/b-Lİbrary_Tr-Gen/Felsefe-Fikriyat/Mutlu-Olma-Sanatı-Arthur-Schopenhauer.pdf,440244,87d89ddf8cf1bbd18bc222857260d1f3968ad3c00d29772bc29dc30c9bca0cbe,2026-08-14 16:54:29
1650,Demokrasi Gercek Ve Hayal Noam Chomsky,Bilinmiyor,241,pdf,Books/b-Lİbrary_Tr-Gen-20260601T232943Z-3-002/b-Lİbrary_Tr-Gen/Felsefe-Fikriyat/Noam Chomsky/Demokrasi-Gercek-Ve-Hayal-Noam-Chomsky.pdf,1063907,f922e0207ff05c1dfca103022f0d5edbbb972b6b126afbfd61fa973a4b1bf525,2026-08-14 16:54:29
1651,Tarihte Bireyin Rolu Georgi V Plehanov,Bilinmiyor,100,pdf,Books/b-Lİbrary_Tr-Gen-20260601T232943Z-3-002/b-Lİbrary_Tr-Gen/Felsefe-Fikriyat/Tarihte-Bireyin-Rolu-Georgi-V-Plehanov.pdf,4513798,c6dde3f2a0f31adee5d70c7843a4d6a2d7953df839001470bab232e6dc5d34bf,2026-08-14 16:54:29
1652,Tartışma Sanatının İncelkleri ARTHUR SCHOPENHAUER,Bilinmiyor,152,pdf,Books/b-Lİbrary_Tr-Gen-20260601T232943Z-3-002/b-Lİbrary_Tr-Gen/Felsefe-Fikriyat/Tartışma Sanatının İncelkleri-ARTHUR-SCHOPENHAUER.pdf,2034008,dc6e5fe39b1c3c8332935b868bc10e36c81834a7675bcbd61386efeb8c224b27,2026-08-14 16:54:29
1653,Astroloji Ansiklopedisi M Ali Bulut Yaşar Sonmez,can,369,pdf,Books/b-Lİbrary_Tr-Gen-20260601T232943Z-3-002/b-Lİbrary_Tr-Gen/Genel Kültür/Astroloji-Ansiklopedisi-M-Ali-Bulut-Yaşar-Sonmez.pdf,15259526,c61df6dc096a61b688031a3be56d1c2bfba22c7c4d4030c56f7dc1ffa6dcface,2026-08-14 16:54:29
1654,YeniBelge,CamScanner,370,pdf,Books/b-Lİbrary_Tr-Gen-20260601T232943Z-3-002/b-Lİbrary_Tr-Gen/Genel Kültür/Mehmet-Ali-Bulut-ELFABE.pdf,313216179,6618ebdfc43aa832d3eadb0315191bb6576b7e6916c96cb406f8d3d69d17c313,2026-08-14 16:54:29
1655,THE ART OF FACE READING: YOU CAN READ A FACE LIKE A BOOK,"REHMAN, SANA",188,pdf,Books/b-Lİbrary_Tr-Gen-20260601T232943Z-3-002/b-Lİbrary_Tr-Gen/Genel Kültür/yuz-okuma-sanati-rehman-sana_Mir.az_.pdf,1178961,299733061ead59115d53603b0d22e41d23da6a82931f04f5708c9abfd511224d,2026-08-14 16:54:29
1656,Koşmasaydım Yazamazdım (Haruki Murakami) (z lib.org),Bilinmiyor,-,epub,Books/b-Lİbrary_Tr-Gen-20260601T232943Z-3-002/b-Lİbrary_Tr-Gen/Kişisel Gelişim/Koşmasaydım Yazamazdım (Haruki Murakami) (z-lib.org) (1).epub,241832,56c3c1ffa60766fa786cf2716b334067c673342f944463bfcec5d6ad64c97925,2026-08-14 16:54:29
1657,Koşmasaydım Yazamazdım,Haruki Murakami,163,pdf,Books/b-Lİbrary_Tr-Gen-20260601T232943Z-3-002/b-Lİbrary_Tr-Gen/Kişisel Gelişim/Koşmasaydım-Yazamazdım-Haruki-Murakami.pdf,817299,54fbef44df4b80a71bac4437a72836d857af9a63f3975e25cc91f0d47e766e2c,2026-08-14 16:54:29
1658,Akıllı Yatırımcı Benjamin Graham,Bilinmiyor,290,pdf,Books/b-Lİbrary_Tr-Gen-20260601T232943Z-3-002/b-Lİbrary_Tr-Gen/Para-Finans/Akıllı-Yatırımcı-Benjamin-Graham.pdf,38889035,4bb32fc31801d594ca4d00a05804f6246746d2a2d70a1c372f2b1a4f61f38bc1,2026-08-14 16:54:29
1659,Kazanmayı Oğren Peter Lynch John Rothchild,Bilinmiyor,298,pdf,Books/b-Lİbrary_Tr-Gen-20260601T232943Z-3-002/b-Lİbrary_Tr-Gen/Para-Finans/Kazanmayı-Oğren-Peter-Lynch-John-Rothchild (1).pdf,9885076,a25dea1bfb8b9aff2cae3bd3582c56b2d31eace6a27828e530624416f7e83778,2026-08-14 16:54:29
1660,Zengin Baba Yoksul Baba (Robert T. Kiyosaki) (z lib.org),Bilinmiyor,-,epub,Books/b-Lİbrary_Tr-Gen-20260601T232943Z-3-002/b-Lİbrary_Tr-Gen/Para-Finans/Zengin Baba Yoksul Baba (Robert T. Kiyosaki) (z-lib.org).epub,64358806,1e539cad8a1b6046d76604c9c31f34ae7a7cdef9ab0b6a973cdc95be9d5525c5,2026-08-14 16:54:29
1661,Cover,Bilinmiyor,268,pdf,Books/b-Lİbrary_Tr-Gen-20260601T232943Z-3-002/b-Lİbrary_Tr-Gen/Psikoloji/Alfred-Adler/İnsanı-Tanıma-Sanatı-Alfred-Adler.pdf,2224166,805156e41145f091c180b5260f58a5fba203916b24c53ff415da194a5c72c9c1,2026-08-14 16:54:29
1662,Ofke Kontrol Rehberi Robert Puff James Seghers,Bilinmiyor,382,pdf,Books/b-Lİbrary_Tr-Gen-20260601T232943Z-3-002/b-Lİbrary_Tr-Gen/Psikoloji/Ofke/Ofke-Kontrol-Rehberi-Robert-Puff-James-Seghers.pdf,4308489,8fb4f4aa2e962074615561cca2f0251035a17bb0be705ebac8fd4dd3cc6eea2f,2026-08-14 16:54:29
1663,A Dan Z Ye Pazarlama,Bilinmiyor,225,pdf,Books/b-Lİbrary_Tr-Gen-20260601T232943Z-3-002/b-Lİbrary_Tr-Gen/Reklam-Pazarlama-Satis/A-Dan-Z-Ye-Pazarlama.pdf,4742706,dda2eb7bcf90bbb479405df78639e6c5fb29b004f345005a668b510dbeb7da07,2026-08-14 16:54:29
1664,Bagimlilik Cagi,Bilinmiyor,406,pdf,Books/b-Lİbrary_Tr-Gen-20260601T232943Z-3-002/b-Lİbrary_Tr-Gen/Reklam-Pazarlama-Satis/Bagimlilik Cagi.pdf,17455924,23d8de3e7ed8076be4df36f5499b4f32503b0171925f19ee8b66ceba92cbc2d2,2026-08-14 16:54:29
1665,Bilincaltını Ayartmak Reklam Psikolojisi 1 Robert Heath,Bilinmiyor,289,pdf,Books/b-Lİbrary_Tr-Gen-20260601T232943Z-3-002/b-Lİbrary_Tr-Gen/Reklam-Pazarlama-Satis/Bilincaltını-Ayartmak-Reklam-Psikolojisi-1-Robert-Heath.pdf,2447466,182ce7152dcac9de38e5c6bae8722e0c21f490c0a5c1115e76f6e7eadec7944d,2026-08-14 16:54:29
1666,"Blog yazarlığı Blog yazarlığı, internetten para kazanmanın en popüler yollarından biridir. İnternet üzerinde yayınlanan içeriklere güncel kalmanın ve okumak isteyebileceğiniz konular hakkında bilgi sahibi olmanın yanı sıra, yazma yeteneğinizin de olması",Doruk ILDIR,32,pdf,Books/b-Lİbrary_Tr-Gen-20260601T232943Z-3-002/b-Lİbrary_Tr-Gen/Reklam-Pazarlama-Satis/Digital Marketing/internetten-para-kazanmanın-21-yolu.pdf,447387,6905e813d5e4cef3e46fdb8238413a13dddfa9fb246648994a789bf30d7db339,2026-08-14 16:54:29
1667,Görünmeyeni Satmak,Harry Beckwith,171,pdf,Books/b-Lİbrary_Tr-Gen-20260601T232943Z-3-002/b-Lİbrary_Tr-Gen/Reklam-Pazarlama-Satis/Gorunmeyeni-Satmak-by-Harry-Beckwith.pdf,974561,1c1cd7f00f844bff4bbd84caebf951949bbfdf45146b67657314e60a087014e0,2026-08-14 16:54:29
1668,Herkes İcin Satış 101 Wendy Connick,Bilinmiyor,239,pdf,Books/b-Lİbrary_Tr-Gen-20260601T232943Z-3-002/b-Lİbrary_Tr-Gen/Reklam-Pazarlama-Satis/Herkes-İcin-Satış-101-Wendy-Connick.pdf,4143929,890c3e89b57c9a7f22f2131e828b0e50876ecb277b04a8674dbb1f355590f3fe,2026-08-14 16:54:29
1669,Pazarlama Ilkeleri,Bilinmiyor,126,pdf,Books/b-Lİbrary_Tr-Gen-20260601T232943Z-3-002/b-Lİbrary_Tr-Gen/Reklam-Pazarlama-Satis/Pazarlama-Ilkeleri.pdf,18232244,7ad2d2fa48a4ccaa428962e3856d89b076aef1070b822a543c1a4b1dd50f0837,2026-08-14 16:54:29
1670,Pazarlama Savaşları Jack Trout Al Ries,Bilinmiyor,231,pdf,Books/b-Lİbrary_Tr-Gen-20260601T232943Z-3-002/b-Lİbrary_Tr-Gen/Reklam-Pazarlama-Satis/Pazarlama-Savaşları-Jack-Trout-Al-Ries.pdf,5566800,87034a641d7bd40623b8806b39db1406bce832894abaed287d278c956548d019,2026-08-14 16:54:29
1671,Reklam Aybike Serttaş Ertiken,Bilinmiyor,244,pdf,Books/b-Lİbrary_Tr-Gen-20260601T232943Z-3-002/b-Lİbrary_Tr-Gen/Reklam-Pazarlama-Satis/Reklam-Aybike-Serttaş-Ertiken.pdf,5499999,1e57d2bfb77a25b8dd86974474aecb94c113a05b4615e97aaf718d2502a6502b,2026-08-14 16:54:29
1672,İKNA SANATI,12h,63,pdf,Books/b-Lİbrary_Tr-Gen-20260601T232943Z-3-002/b-Lİbrary_Tr-Gen/Reklam-Pazarlama-Satis/Satis icin ikna-sanatı.pdf,2070740,70b13888aa9dcfd18c59c237161ca5f14890689f2eb9bf451ea9a7991012fbe1,2026-08-14 16:54:29
1673,Instagramda Organik Buyume Taktikleri,Bilinmiyor,96,pdf,Books/b-Lİbrary_Tr-Gen-20260601T232943Z-3-002/b-Lİbrary_Tr-Gen/Reklam-Pazarlama-Satis/Sosyal Medya Marketing/Instagramda-Organik-Buyume-Taktikleri.pdf,2798853,6efa6e69d1630f43f09c5930c6608b91f3241eb6df8bf6f8fe4b5f54b7096fe4,2026-08-14 16:54:29
1674,kitap.ai,Fatih Güner,42,pdf,Books/b-Lİbrary_Tr-Gen-20260601T232943Z-3-002/b-Lİbrary_Tr-Gen/Reklam-Pazarlama-Satis/Sosyal Medya Marketing/Sosyal-Medya-Dijital-Pazarlama-Yeni-Medya-nın-Felsefesi.pdf,1199341,a4ac6ca16ca1dbd86105c35dea9b36292750e467801b635e79f7a1188a115cb0,2026-08-14 16:54:29
1675,İletişim Odaklı Pazarlama,İzzet Bozkurt,288,pdf,Books/b-Lİbrary_Tr-Gen-20260601T232943Z-3-002/b-Lİbrary_Tr-Gen/Reklam-Pazarlama-Satis/iletisim-odakli-pazarlama-izzet-bozkurt.pdf,1983122,71ac054de290fca184d0752ae9d4a63d3a82515ed83a020849c98f3d40ac892c,2026-08-14 16:54:29
1676,ONLINE İÇERİK YAZARLIĞI DERS SUNUMU (YENİ),Bilinmiyor,42,pdf,Books/b-Lİbrary_Tr-Gen-20260601T232943Z-3-002/b-Lİbrary_Tr-Gen/Reklam-Pazarlama-Satis/İcerik-Yazarlığı-Ders-Sunumu.pdf,71927684,691d5048a9208db682f7c9fd6540b9c356f3fb25551b4d221680cb114aaba095,2026-08-14 16:54:29
1677,Kurt Kanunu,Kemal Tahir,189,pdf,Books/b-Lİbrary_Tr-Gen-20260601T232943Z-3-002/b-Lİbrary_Tr-Gen/Roman_Tr/Kemal-Tahir-Kurt-Kanunu.pdf,942580,618571bc80fa200a07f27037f539e97181d1ed790e73a5540d6ea997db9afa2b,2026-08-14 16:54:29
1678,Yorgun Savaşçı,Kemal Tahir,951,pdf,Books/b-Lİbrary_Tr-Gen-20260601T232943Z-3-002/b-Lİbrary_Tr-Gen/Roman_Tr/Kemal-Tahir-Yorgun-Savaşcı.pdf,1893479,7031b868969dc36c813ccfa7d900e1f7c0ef319b41e297b52a0a816cd8cb934f,2026-08-14 16:54:29
1679,Tutunamayanlar (Atay Oğuz) (z lib.org),Bilinmiyor,-,epub,Books/b-Lİbrary_Tr-Gen-20260601T232943Z-3-002/b-Lİbrary_Tr-Gen/Roman_Tr/Tutunamayanlar (Atay Oğuz) (z-lib.org).epub,595908,3ce69eeba757f53ff0687e1febea81afa3e45c597a313890ff99d044426946dc,2026-08-14 16:54:29
1680,01 TUTUNAMAYANLAR,HUSNU,712,pdf,Books/b-Lİbrary_Tr-Gen-20260601T232943Z-3-002/b-Lİbrary_Tr-Gen/Roman_Tr/Tutunamayanlar (Oğuz Atay) (z-lib.org).pdf,2211767,8a756a854a034fd67ddfedfee0676963176d7d3548bd627221e0018d50586864,2026-08-14 16:54:29
1681,Simyacı Paulo Coelho,Bilinmiyor,260,pdf,Books/b-Lİbrary_Tr-Gen-20260601T232943Z-3-002/b-Lİbrary_Tr-Gen/Roman_Ybn/Simyacı-Paulo-Coelho.pdf,311237,0d9bc0dc651e1a7d0d3f61f1ef2163b42898de35d5bcbebac12c4b8f534b410c,2026-08-14 16:54:29
1682,Scanned by Scan2Net,Scan2Net,100,pdf,Books/b-Lİbrary_Tr-Gen-20260601T232943Z-3-002/b-Lİbrary_Tr-Gen/Sanat/Estetik-Suut-Kemal-Yetkin.pdf,42071248,305730c132d9d620e5eeb97d6de8a719f5c1fc02d11d7c29cda9d69813acc93a,2026-08-14 16:54:29
1683,Sanat,Bilinmiyor,296,pdf,Books/b-Lİbrary_Tr-Gen-20260601T232943Z-3-002/b-Lİbrary_Tr-Gen/Sanat/Sanat-101.pdf,4007209,1416d3182522a31298f979c5445dc5c2531535f3d17da4aba9f584f7ac45e5d4,2026-08-14 16:54:29
1684,ABD Tarihi,Bilinmiyor,555,pdf,Books/b-Lİbrary_Tr-Gen-20260601T232943Z-3-002/b-Lİbrary_Tr-Gen/Us Book/ABD-Tarihi.pdf,10745403,3942b188daa79ba36671893bd15f4365d771cf3017e1deee51b8e10d57a870df,2026-08-14 16:54:29
1685,Kısa ABD Tarihi James West Davidson,Bilinmiyor,418,pdf,Books/b-Lİbrary_Tr-Gen-20260601T232943Z-3-002/b-Lİbrary_Tr-Gen/Us Book/Kısa-ABD-Tarihi-James-West-Davidson.pdf,10837785,a20e81b22f6fdb5b69c56bffd60c8e5764765cb741de1d4d9849d8a15622f133,2026-08-14 16:54:29
1686,Dijital çağda dost kazanma ve insanları etkilemenin yolları,"Dale Carnegie,İngilizce aslından çeviren Deniz Taneri",289,pdf,Books/b-Lİbrary_Tr-Gen-20260601T232943Z-3-002/b-Lİbrary_Tr-Gen/İletişim ve catisma/Dijital-Cağda-Dost-Kazanma-Ve-İnsanları-Etkileme-Dale-Carnegie.pdf,1261826,591f123ec298bf0f8bebc0fed16c02356eeaa62901a3829dd3c3a2c10c3931a0,2026-08-14 16:54:29
1687,En iyi Hikayeyi Anlatan Kazanir,Bilinmiyor,327,pdf,Books/b-Lİbrary_Tr-Gen-20260601T232943Z-3-002/b-Lİbrary_Tr-Gen/İletişim ve catisma/En-iyi-Hikayeyi-Anlatan-Kazanir.pdf,1676773,26c629d514f1333aa00c2284c95d6673f6044c5e860cb4a2fdcc0fb1c66f84d2,2026-08-14 16:54:29
1688,Kelimeler Beyninizi Değiştirebilir,Bilinmiyor,250,pdf,Books/b-Lİbrary_Tr-Gen-20260601T232943Z-3-002/b-Lİbrary_Tr-Gen/İletişim ve catisma/Kelimeler-Beyninizi-Değiştirebilir.pdf,3919193,fb2897021340da714c085f6742ee499f795041bc36438d371348d88b2a7668f6,2026-08-14 16:54:29
1689,İnsanların Oynadığı Oyunlar Eric Berne,Bilinmiyor,268,pdf,Books/b-Lİbrary_Tr-Gen-20260601T232943Z-3-002/b-Lİbrary_Tr-Gen/İletişim ve catisma/İnsanların-Oynadığı-Oyunlar-Eric-Berne.pdf,2674924,59914d5564ea0c410d3a05740b756ccb35a0ff9c0f741d751f0d7be7536ce14f,2026-08-14 16:54:29
1690,Başarıya Goturen Aile Doğan Cuceloğlu,Bilinmiyor,141,pdf,Books/b-Lİbrary_Tr-Gen-20260601T232943Z-3-003/b-Lİbrary_Tr-Gen/Aile/Başarıya-Goturen-Aile-Doğan-Cuceloğlu.pdf,4566788,acbfd42891f0b138f392327801b5d1864cff714ada6bc28fc40bb2bbcff51bf4,2026-08-14 16:54:29
1691,Tam sayfa fotograf,Emin,163,pdf,Books/b-Lİbrary_Tr-Gen-20260601T232943Z-3-003/b-Lİbrary_Tr-Gen/Aile/Evlilik-Psikolojisi-Nevzat-Tarhan.pdf,32367756,de5b8a87c75d080252fd7e8087b9d3a96438daa74db3c24186afce327f2377b5,2026-08-14 16:54:35
1692,iyi Gunde Kotu Gunde Evlilik Farika Teymur Artir,Bilinmiyor,184,pdf,Books/b-Lİbrary_Tr-Gen-20260601T232943Z-3-003/b-Lİbrary_Tr-Gen/Aile/iyi-Gunde-Kotu-Gunde-Evlilik-Farika-Teymur-Artir.pdf,462517,ff94cdab4a123775842c5f7b70e13c151fd4407ff2ebddcc53ec47d4aa9c7cb7,2026-08-14 16:54:35
1693,3 Saniyede Karşınızdaki İnsanı Nasıl Anlarsınız,Bilinmiyor,221,pdf,Books/b-Lİbrary_Tr-Gen-20260601T232943Z-3-003/b-Lİbrary_Tr-Gen/Beden Dili/3 Saniyede-Karşınızdaki-İnsanı-Nasıl-Anlarsınız-pdf.pdf,5473276,761f5f0e00c966994d4ffa1054f3e32712dbb42520161a7fba002cfe449cb875,2026-08-14 16:54:35
1694,Beden Dili Allan Pease,Bilinmiyor,204,pdf,Books/b-Lİbrary_Tr-Gen-20260601T232943Z-3-003/b-Lİbrary_Tr-Gen/Beden Dili/Beden-Dili-Allan-Pease.pdf,7323375,3b24d7906e79beb14a2a513aee0f4a9aa326314b3f66f3399b46f58882624380,2026-08-14 16:54:35
1695,Beden Dili Joe Navarro,Bilinmiyor,294,pdf,Books/b-Lİbrary_Tr-Gen-20260601T232943Z-3-003/b-Lİbrary_Tr-Gen/Beden Dili/Beden-Dili-Joe-Navarro.pdf,5370275,6c6610339f298c066dc384acefa851546c7d771253c206e962ca4f5ba4652127,2026-08-14 16:54:35
1696,Beden Dili Kutsal Kitabı Judi James,Bilinmiyor,321,pdf,Books/b-Lİbrary_Tr-Gen-20260601T232943Z-3-003/b-Lİbrary_Tr-Gen/Beden Dili/Beden-Dili-Kutsal-Kitabı-Judi-James.pdf,6843517,2a61fba1137102184cf8b3f3f75ca7bd8e6973b2530baeb856a8e29406161819,2026-08-14 16:54:35
1697,"Dikkat Vücudunuz Konuşuyor (İzgören, Ahmet Şerif) (z lib.org)",Bilinmiyor,-,epub,"Books/b-Lİbrary_Tr-Gen-20260601T232943Z-3-003/b-Lİbrary_Tr-Gen/Beden Dili/Dikkat Vücudunuz Konuşuyor (İzgören, Ahmet Şerif) (z-lib.org).epub",20607229,ef92c5aa8caab45c75738723eb8353d5d422463719f27bb86256e60639586aa6,2026-08-14 16:54:35
1698,Klahma anlat: i dnyasnda ve sosyal hayatta beden dili ve yalan avcl,Emrah Akay;,385,pdf,Books/b-Lİbrary_Tr-Gen-20260601T232943Z-3-003/b-Lİbrary_Tr-Gen/Beden Dili/Kulahıma-Anlat-Yalan-Dunyasında-ve-Sosyal-Hayatta-Beden-Emrah-Akcay.pdf,7189385,d1fe7fd5804d451f6760868435679cde5f1f53b01c476ff0a996a834eca7e011,2026-08-14 16:54:35
1699,NE DUŞUNDUGUNU BiLiYORUM,Bilinmiyor,401,pdf,Books/b-Lİbrary_Tr-Gen-20260601T232943Z-3-003/b-Lİbrary_Tr-Gen/Beden Dili/NE-DUŞUNDUGUNU-BiLiYORUM.pdf,12072009,a6157d8d827fd241620d0d9b6f8f234bfd5f38f314dfe33ed46d09008d3e8a12,2026-08-14 16:54:35
1700,insanları Okumak Jo Ellan Dimitrius,Bilinmiyor,458,pdf,Books/b-Lİbrary_Tr-Gen-20260601T232943Z-3-003/b-Lİbrary_Tr-Gen/Beden Dili/insanları-Okumak-Jo-Ellan-Dimitrius.pdf,3574950,7feae354a6d66f318e295372ff4d6660dc2e031a88c19b18dca4ca21c5ce04e6,2026-08-14 16:54:35
1701,Aptal Beyin,Dean Burnett,251,pdf,Books/b-Lİbrary_Tr-Gen-20260601T232943Z-3-003/b-Lİbrary_Tr-Gen/Beyin ve Hafıza/Beyin/Aptal-Beyin-Dean-Burnett.pdf,1662371,d617150acda46cc4f2fa02ad5b1e745687d12cdd22bcdbea6a660715937c6a30,2026-08-14 16:54:35
1702,Beyin Bagırsak Baglantısı Emeran Mayer,Bilinmiyor,305,pdf,Books/b-Lİbrary_Tr-Gen-20260601T232943Z-3-003/b-Lİbrary_Tr-Gen/Beyin ve Hafıza/Beyin/Beyin Bagırsak Baglantısı-Emeran-Mayer.pdf,4941165,104bb8525fdbd68e6d27c5b248a875533030e5cd1d9282de8a6b124124924150,2026-08-14 16:54:35
1703,Beyin gucu,Bilinmiyor,64,pdf,Books/b-Lİbrary_Tr-Gen-20260601T232943Z-3-003/b-Lİbrary_Tr-Gen/Beyin ve Hafıza/Beyin/Beyin-gucu.pdf,1533703,10f5485cd32aa2967710eb34972e86725a35b0813a0119b18c1e32e3bfe21270,2026-08-14 16:54:35
1704,Beyin ve Zihin Jeffrey M Schwartz Sharon Begley,Bilinmiyor,348,pdf,Books/b-Lİbrary_Tr-Gen-20260601T232943Z-3-003/b-Lİbrary_Tr-Gen/Beyin ve Hafıza/Beyin/Beyin-ve-Zihin-Jeffrey-M-Schwartz-Sharon-Begley.pdf,3691967,1d623bac46fd106a76c1595dc7fd68e6aa891d8c64e7a15e947cbea5bbdb274a,2026-08-14 16:54:35
1705,Beynin Şifa Bulma Gucu Norman Doidge,Bilinmiyor,523,pdf,Books/b-Lİbrary_Tr-Gen-20260601T232943Z-3-003/b-Lİbrary_Tr-Gen/Beyin ve Hafıza/Beyin/Beynin-Şifa-Bulma-Gucu-Norman-Doidge.pdf,6704635,f9d2cfd00016104b1f07df2d259bda390faaf82696f0119da10411eccf2ecd96,2026-08-14 16:54:35
1706,Mutlu Beyin Loretta Graziano Breuning,Bilinmiyor,175,pdf,Books/b-Lİbrary_Tr-Gen-20260601T232943Z-3-003/b-Lİbrary_Tr-Gen/Beyin ve Hafıza/Beyin/Mutlu-Beyin-Loretta-Graziano-Breuning.pdf,2879981,30c313cfaae56315204b19213835e57447edd561a43dd490463b554f54305396,2026-08-14 16:54:35
1707,Bilincaltinin Gucu Joseph Murphy,Bilinmiyor,14,pdf,Books/b-Lİbrary_Tr-Gen-20260601T232943Z-3-003/b-Lİbrary_Tr-Gen/Beyin ve Hafıza/Bilincalti/Bilincaltinin-Gucu-Joseph-Murphy-PDF.pdf,1531719,85d6d54ae38e5dd42cc5ff8a32e114cc44e3ea30367f4315c4dd049a1c338ace,2026-08-14 16:54:35
1708,BİLİNÇALTI ZİHNİNİZİN GÜCÜ,C. James Jensen,218,pdf,Books/b-Lİbrary_Tr-Gen-20260601T232943Z-3-003/b-Lİbrary_Tr-Gen/Beyin ve Hafıza/Bilincalti/Bilincaltı-Zihninizin-Gucu-C-James-Jensen.pdf,3410267,4ae9ad4e45bf61ffa4873de2c23921ce4c221f41902b00d62c231add2241e0e4,2026-08-14 16:54:35
1709,Bilincaltının Gucu Joseph Murphy K,Bilinmiyor,276,pdf,Books/b-Lİbrary_Tr-Gen-20260601T232943Z-3-003/b-Lİbrary_Tr-Gen/Beyin ve Hafıza/Bilincalti/Bilincaltının-Gucu-Joseph-Murphy-K.pdf,3863491,22dbbc514fed27dd98b195bfb690b35da73f814059182ab551b720657d62e864,2026-08-14 16:54:35
1710,Guclu Hafıza Teknikleri A William Deckard,Bilinmiyor,233,pdf,Books/b-Lİbrary_Tr-Gen-20260601T232943Z-3-003/b-Lİbrary_Tr-Gen/Beyin ve Hafıza/Hafiza/Guclu-Hafıza-Teknikleri-A-William-Deckard.pdf,5078745,02679d359dac5aeba04678ae20b18dfe2c429e4c46b37e30d0e7ff390c2708bb,2026-08-14 16:54:35
1711,En Derin Hipnozumuz Değersizlik Inanci Bulent Uran,Bilinmiyor,348,pdf,Books/b-Lİbrary_Tr-Gen-20260601T232943Z-3-003/b-Lİbrary_Tr-Gen/Beyin ve Hafıza/Hipnoz/En-Derin-Hipnozumuz-Değersizlik-Inanci-Bulent-Uran.pdf,7173519,64c148282336fe1411f5f4cfaf13c7b349ec17a7203a450cbf15ee5f75fcc3d6,2026-08-14 16:54:35
1712,Evlilik Hipnozu Bulent Uran,Bilinmiyor,226,pdf,Books/b-Lİbrary_Tr-Gen-20260601T232943Z-3-003/b-Lİbrary_Tr-Gen/Beyin ve Hafıza/Hipnoz/Evlilik-Hipnozu-Bulent-Uran.pdf,5870388,a271feb6ddecec28df8ab3e6db76bec4d9f20e900de29ec48b5637184862b524,2026-08-14 16:54:35
1713,GİZLİ HİPNOZ TEKNİKLERİNE GİRİŞ,Yazar:,8,pdf,Books/b-Lİbrary_Tr-Gen-20260601T232943Z-3-003/b-Lİbrary_Tr-Gen/Beyin ve Hafıza/Hipnoz/Gizli-Hipnoz-Tekniklerine-Giriş.pdf,535532,bb5e49799d18fa572b141018147a8562b09bc169644598b3895099d4c3b606d6,2026-08-14 16:54:35
1714,Herkes icin Hipnoz,Bilinmiyor,103,pdf,Books/b-Lİbrary_Tr-Gen-20260601T232943Z-3-003/b-Lİbrary_Tr-Gen/Beyin ve Hafıza/Hipnoz/Herkes-icin-Hipnoz.pdf,20525370,2119fa0275260495e8c69943eeab6ff59ce435f7216d00adbd3f253fa1456d38,2026-08-14 16:54:35
1715,Hipnoz,Bruce Goldberg,273,pdf,Books/b-Lİbrary_Tr-Gen-20260601T232943Z-3-003/b-Lİbrary_Tr-Gen/Beyin ve Hafıza/Hipnoz/Hipnoz-Bruce-Goldberg.pdf,750925,cd6b40d71423078e27ec4ee2261479fc884938ece64878c169e54900cec2cf9c,2026-08-14 16:54:35
1716,Hipnoz Tahir Ozakkaş,Bilinmiyor,501,pdf,Books/b-Lİbrary_Tr-Gen-20260601T232943Z-3-003/b-Lİbrary_Tr-Gen/Beyin ve Hafıza/Hipnoz/Hipnoz-Tahir-Ozakkaş.pdf,9540230,d374c1736808cc00dc9d5bce7712dbf28972e811657f2d87cac85d499728af18,2026-08-14 16:54:35
1717,Hipnoz Telkinleri,Bülent Uran,370,pdf,Books/b-Lİbrary_Tr-Gen-20260601T232943Z-3-003/b-Lİbrary_Tr-Gen/Beyin ve Hafıza/Hipnoz/Hipnoz-Telkinleri-Bulend-Uran.pdf,2020821,b11026567f2fdc9c474a66ef72762744464ae50afb4f276a9ccee1ab70e9ef00,2026-08-14 16:54:35
1718,Hipnoz ve Beyin,Bülent Uran,263,pdf,Books/b-Lİbrary_Tr-Gen-20260601T232943Z-3-003/b-Lİbrary_Tr-Gen/Beyin ve Hafıza/Hipnoz/Hipnoz-Ve-Beyin-Bulend-Uran.pdf,2390975,011682a641d869f8f830ade5a1419e3da2d60917b297f8926d76df9ffb818cfb,2026-08-14 16:54:35
1719,Zihnin Anahtarları Hipnoz,Bilinmiyor,262,pdf,Books/b-Lİbrary_Tr-Gen-20260601T232943Z-3-003/b-Lİbrary_Tr-Gen/Beyin ve Hafıza/Hipnoz/Zihnin-Anahtarları-Hipnoz.pdf,1065797,6aef791e3d6af8864e0c10ba27bf5a70a18bf0769b6f7528b7e1daa88e4e7c1b,2026-08-14 16:54:35
1720,NLP Potansiyelinizi En Ust Duzeye Cıkarın Victoria Price,Bilinmiyor,89,pdf,Books/b-Lİbrary_Tr-Gen-20260601T232943Z-3-003/b-Lİbrary_Tr-Gen/Beyin ve Hafıza/NLP/NLP-Potansiyelinizi-En-Ust-Duzeye-Cıkarın-Victoria-Price.pdf,1900725,88f8348c5c8fa87186cdacc983bd8c7ae6be6600db807ba50e5957f624b654c4,2026-08-14 16:54:35
1721,NLP Zihninizi Kullanma Kilavuzu,Bilinmiyor,224,pdf,Books/b-Lİbrary_Tr-Gen-20260601T232943Z-3-003/b-Lİbrary_Tr-Gen/Beyin ve Hafıza/NLP/NLP-Zihninizi-Kullanma-Kilavuzu.pdf,12869330,cf75fb2507dc076f6f64c95b73aabf4ce6606ca38c70ae3dd7900883ce306ffe,2026-08-14 16:54:35
1722,NLP ye Nihai Giriş Başarılı bir yaşam nasıl kurulur,Bilinmiyor,134,pdf,Books/b-Lİbrary_Tr-Gen-20260601T232943Z-3-003/b-Lİbrary_Tr-Gen/Beyin ve Hafıza/NLP/NLP-ye-Nihai-Giriş-Başarılı-bir-yaşam-nasıl-kurulur.pdf,560618,dc6a867cc5844d21b90c944a6e43a71467d1e3cc7535692673ba11410b8ef598,2026-08-14 16:54:35
1723,Nlp ile Hafiza,Bilinmiyor,139,pdf,Books/b-Lİbrary_Tr-Gen-20260601T232943Z-3-003/b-Lİbrary_Tr-Gen/Beyin ve Hafıza/NLP/Nlp-ile-Hafiza.pdf,7399135,7c50da1ef0bff40d51ecf7c6d30cd13d86ef3d7853eaa173b27c3c7853d54740,2026-08-14 16:54:35
1724,NLP yeni başlayanlar,NLP Academy Turkey,21,pdf,Books/b-Lİbrary_Tr-Gen-20260601T232943Z-3-003/b-Lİbrary_Tr-Gen/Beyin ve Hafıza/NLP/Nlp-yeni-baslayanlar.pdf,5004540,c3dcac3a7317d93cdbc0ee95bf0dc6741475adb10d5c2dbd2e544d0f80c3c2e4,2026-08-14 16:54:35
1725,Uygulamalarla NLP Sue Knight,Bilinmiyor,302,pdf,Books/b-Lİbrary_Tr-Gen-20260601T232943Z-3-003/b-Lİbrary_Tr-Gen/Beyin ve Hafıza/NLP/Uygulamalarla-NLP-Sue-Knight.pdf,5606235,1fe3b9ce15e99f9e37340e30b4cc262ddf2cc72c290905ddbd7bab42fce4971a,2026-08-14 16:54:35
1726,Cocuk Psikolojisi Haluk Yavuzer,Bilinmiyor,345,pdf,Books/b-Lİbrary_Tr-Gen-20260601T232943Z-3-003/b-Lİbrary_Tr-Gen/Cocuk Gelisimi/Cocuk-Psikolojisi-Haluk-Yavuzer.pdf,9782621,528310ef70eae14f5f65cf07ae68081c69baf82631f4a58a8886ddfa979bc5b9,2026-08-14 16:54:35
1727,Cocuklarda Dil Ve Konuşma Bozuklukları Barış Korkmaz,Bilinmiyor,348,pdf,Books/b-Lİbrary_Tr-Gen-20260601T232943Z-3-003/b-Lİbrary_Tr-Gen/Cocuk Gelisimi/Cocuklarda-Dil-Ve-Konuşma-Bozuklukları-Barış-Korkmaz.pdf,15530496,751a5800a06d3eae007fc32c7e581d58801a398c8ac78ba1f0bc04eebe53b708,2026-08-14 16:54:35
1728,Eşitsizliğin Bedeli,Bilinmiyor,378,pdf,Books/b-Lİbrary_Tr-Gen-20260601T232943Z-3-003/b-Lİbrary_Tr-Gen/Ekonomi/Eşitsizliğin-Bedeli.pdf,4896367,56d9277865ac20f066da8ea2f12d957b0afda3a74586151aaeb71d85f6353a69,2026-08-14 16:54:35
1729,Enneagram,Russ Hudson,291,pdf,Books/b-Lİbrary_Tr-Gen-20260601T232943Z-3-003/b-Lİbrary_Tr-Gen/Enneagram_PDF/Enneagram-Don-Richard-Riso-Russ-Hudson.pdf,5746667,ad04e6cf70c88a545a8ac94daa2d722544dd49bdc738611a426bdc7c283f53a5,2026-08-14 16:54:35
1730,Binder1.pdf,abc,375,pdf,Books/b-Lİbrary_Tr-Gen-20260601T232943Z-3-003/b-Lİbrary_Tr-Gen/Enneagram_PDF/Kişilik-Tipleri-Richard-riso.pdf,46012462,4673c601360a4f95d1b16a2ffbca7f76678d8ddef91a9b3dd29063fd94661723,2026-08-14 16:54:35
1731,Ouspensky İnsanın Gerceği Kendini Bilmek,Bilinmiyor,535,pdf,Books/b-Lİbrary_Tr-Gen-20260601T232943Z-3-003/b-Lİbrary_Tr-Gen/Enneagram_PDF/Ouspensky-İnsanın-Gerceği-Kendini-Bilmek-pdf.pdf,11760081,2fc3c58871b273307c8c6cdf1e47e44a533905cca8bd82486696472ac47149ef,2026-08-14 16:54:35
1732,Avrupada Aydınlanma (Ulrich Im Hof) (z lib.org),Bilinmiyor,279,pdf,Books/b-Lİbrary_Tr-Gen-20260601T232943Z-3-003/b-Lİbrary_Tr-Gen/Felsefe-Fikriyat/Avrupada Aydınlanma (Ulrich Im Hof) (z-lib.org).pdf,2779406,7ac06f1216e3f43fce92d54adad768abf2dd2722b356aabd3fa8764baab2da6e,2026-08-14 16:54:35
1733,Neden Hristiyan Değilim,Bertrand Russell,212,pdf,Books/b-Lİbrary_Tr-Gen-20260601T232943Z-3-003/b-Lİbrary_Tr-Gen/Felsefe-Fikriyat/Bertrand-Russell-Neden-Hristiyan-Değilim.pdf,5271619,a508caa18d1fc9df111bd74089dba3d1955039ecdcd101dae56e2b5ab48bb8e0,2026-08-14 16:54:35
1734,Burokrasi Ludwig von Mises,Bilinmiyor,174,pdf,Books/b-Lİbrary_Tr-Gen-20260601T232943Z-3-003/b-Lİbrary_Tr-Gen/Felsefe-Fikriyat/Burokrasi-Ludwig-von-Mises.pdf,1433694,e9cdc494ecc18b19812accc1d45c4573f23498cdf064848a5a7f4b1d6493d5c6,2026-08-14 16:54:35
1735,Curumenin Kitabı E M Cioran,Bilinmiyor,170,pdf,Books/b-Lİbrary_Tr-Gen-20260601T232943Z-3-003/b-Lİbrary_Tr-Gen/Felsefe-Fikriyat/Curumenin-Kitabı-E-M-Cioran.pdf,6068016,4aeed6ef86e54a93800afbf996ab2c5b0f23b2135220dd410075f378715f09b0,2026-08-14 16:54:35
1736,Dıiyojen Sen Beni Asagılayabilirsin Ama Ben Asagılanmam,Bilinmiyor,73,pdf,Books/b-Lİbrary_Tr-Gen-20260601T232943Z-3-003/b-Lİbrary_Tr-Gen/Felsefe-Fikriyat/Dıiyojen-Sen-Beni-Asagılayabilirsin-Ama-Ben-Asagılanmam.pdf,3012503,550c0db9b7818f27fb5b0dd1fe4c2192e705196a243eb093317e4d17da3b451f,2026-08-14 16:54:35
1737,Einstein Fikirler ve Tercihler,Bilinmiyor,240,pdf,Books/b-Lİbrary_Tr-Gen-20260601T232943Z-3-003/b-Lİbrary_Tr-Gen/Felsefe-Fikriyat/Einstein-Fikirler-ve-Tercihler.pdf,7686704,9f8f5b8ea4cb0175bb584c537f28f44cfb0829a40245faef68d81af594e17095,2026-08-14 16:54:35
1738,Epiktetos Duşunceler Ve Konuşmalar İnkılap Yayınları,Bilinmiyor,487,pdf,Books/b-Lİbrary_Tr-Gen-20260601T232943Z-3-003/b-Lİbrary_Tr-Gen/Felsefe-Fikriyat/Epictetos/Epiktetos-Duşunceler-Ve-Konuşmalar-İnkılap-Yayınları.pdf,2608200,ba02823d6c9b52b46729ed51a4bac93f0c1cb2d1d2a69ddc7467ec286809e08d,2026-08-14 16:54:35
1739,Epiktetos Duşunceler ve Sohbetler,Bilinmiyor,146,pdf,Books/b-Lİbrary_Tr-Gen-20260601T232943Z-3-003/b-Lİbrary_Tr-Gen/Felsefe-Fikriyat/Epictetos/Epiktetos-Duşunceler-ve-Sohbetler.pdf,5323968,56007789e843964089abdc3df3777a775103cf17fb32c11cb9fb39546d15781a,2026-08-14 16:54:35
1740,Erıc Hoffer Kesin İnanclılar,Bilinmiyor,193,pdf,Books/b-Lİbrary_Tr-Gen-20260601T232943Z-3-003/b-Lİbrary_Tr-Gen/Felsefe-Fikriyat/Erıc-Hoffer-Kesin-İnanclılar.pdf,769169,f2d808a27fa130d53ae59c4089f306e655efb9f9f7246af3240eaae6305a6ec5,2026-08-14 16:54:35
1741,Felsefe Kitabi,Bilinmiyor,350,pdf,Books/b-Lİbrary_Tr-Gen-20260601T232943Z-3-003/b-Lİbrary_Tr-Gen/Felsefe-Fikriyat/Felsefe-Genel/Felsefe Kitabi.pdf,25100665,591e1ed1dd8138a49958234b673c1b35f8a743efc435880750fae4e9bd3b7fa6,2026-08-14 16:54:35
1742,Felsefe,Bilinmiyor,297,pdf,Books/b-Lİbrary_Tr-Gen-20260601T232943Z-3-003/b-Lİbrary_Tr-Gen/Felsefe-Fikriyat/Felsefe-Genel/Felsefe-101.pdf,5771787,5812a3495d762ea97d249ecc02841e89639af5626a2ae1840960e72e7f76a4d2,2026-08-14 16:54:35
1743,Felsefe Yeni Baslayanlar Icin Richard Osborne,Bilinmiyor,188,pdf,Books/b-Lİbrary_Tr-Gen-20260601T232943Z-3-003/b-Lİbrary_Tr-Gen/Felsefe-Fikriyat/Felsefe-Genel/Felsefe-Yeni-Baslayanlar-Icin-Richard-Osborne.pdf,10497455,220c0e52c0746717c4aec5f111dad315af648de405ab374627bf2e606092bf0c,2026-08-14 16:54:35
1744,Felsefenin Kisa Tarihi Nigel Warburton,Bilinmiyor,359,pdf,Books/b-Lİbrary_Tr-Gen-20260601T232943Z-3-003/b-Lİbrary_Tr-Gen/Felsefe-Fikriyat/Felsefe-Genel/Felsefenin-Kisa-Tarihi-Nigel-Warburton.pdf,2279483,9c14fd7623c0e5b95bcd20a20c2139bcfd6346523fcb1fda7eb9e78e0a719393,2026-08-14 16:54:35
1745,Felsefenin Kısa Tarihi Peter Gibson,Bilinmiyor,252,pdf,Books/b-Lİbrary_Tr-Gen-20260601T232943Z-3-003/b-Lİbrary_Tr-Gen/Felsefe-Fikriyat/Felsefe-Genel/Felsefenin-Kısa-Tarihi-Peter-Gibson.pdf,2799380,8d8d26d774e9e823a9787bf55b58665701833664e4dffe4a2e981ab456fccd39,2026-08-14 16:54:35
1746,Jean Paul Sartre Varlık ve Hiclik,Bilinmiyor,772,pdf,Books/b-Lİbrary_Tr-Gen-20260601T232943Z-3-003/b-Lİbrary_Tr-Gen/Felsefe-Fikriyat/Jean-Paul-Sartre-Varlık-ve-Hiclik-pdf.pdf,23864274,d6572d00555ae1ad49c6105e8365208943999073ba97eab6bc454b3f971c07b0,2026-08-14 16:54:35
1747,Bilimsel Araştırmanın Mantığı,Karl R. Popper & İlknur Aka-İbrahim Turan (çev.),623,pdf,Books/b-Lİbrary_Tr-Gen-20260601T232943Z-3-003/b-Lİbrary_Tr-Gen/Felsefe-Fikriyat/Karl Popper/Karl Popper-Bilimsel Araştırmanın Mantığı.pdf,8044147,f59200cc734922b36a3c16e61b4b31092b7d714ce242c7f9e6916a485ebd037d,2026-08-14 16:54:35
1748,Bir Entellektüelin Yaşam Öyküsü Bitmeyen Arayış,Karl Popper & Mustafa Acar (çev.),400,pdf,Books/b-Lİbrary_Tr-Gen-20260601T232943Z-3-003/b-Lİbrary_Tr-Gen/Felsefe-Fikriyat/Karl Popper/Karl-Popper-Bitmeyen-Arayış-Plato-Yayınları.pdf,4815064,edc8f36fb0b0e87fec8febe796f4e655191c708bae7dd3174ebf0301ce8281af,2026-08-14 16:54:35
1749,Daha İyi Bir Dünya Arayışı,Karl Raimund Popper,227,pdf,Books/b-Lİbrary_Tr-Gen-20260601T232943Z-3-003/b-Lİbrary_Tr-Gen/Felsefe-Fikriyat/Karl Popper/Karl-R-Popper-Daha-İyi-Bir-Dunya-Arayışı.pdf,2075334,90207ae496192a4b96e9de2bd099a0baf58dd16c6979534bec60cda6e8c07bea,2026-08-14 16:54:35
1750,Kendileriyle Savaşanlar Stefan Zweig,Bilinmiyor,368,pdf,Books/b-Lİbrary_Tr-Gen-20260601T232943Z-3-003/b-Lİbrary_Tr-Gen/Felsefe-Fikriyat/Kendileriyle-Savaşanlar-Stefan-Zweig.pdf,5709405,4528c723d520de702f49cdf4f987ec29e3764b207de064b8aca0e0250fc174f8,2026-08-14 16:54:35
1751,Dil ve Zihin Noam Chomsky,Bilinmiyor,294,pdf,Books/b-Lİbrary_Tr-Gen-20260601T232943Z-3-003/b-Lİbrary_Tr-Gen/Felsefe-Fikriyat/Noam Chomsky/Dil ve Zihin-Noam Chomsky.pdf,15002446,cec448ce72670c81d3483dc4d1ce1973b318201e3c5ea781833e71e6b89fc55a,2026-08-14 16:54:35
1752,Dilin Mimarisi,Noam Chomsky,95,pdf,Books/b-Lİbrary_Tr-Gen-20260601T232943Z-3-003/b-Lİbrary_Tr-Gen/Felsefe-Fikriyat/Noam Chomsky/Dilin Mimarisi-Noam Chomsky.pdf,1786733,d24314a8712db37ec101663f0ef245e2a57957cdfb33278531dcceeca2e0e58b,2026-08-14 16:54:35
1753,Entelektuellerin Sorumluluğu Noam Chomsky,Bilinmiyor,105,pdf,Books/b-Lİbrary_Tr-Gen-20260601T232943Z-3-003/b-Lİbrary_Tr-Gen/Felsefe-Fikriyat/Noam Chomsky/Entelektuellerin-Sorumluluğu-Noam Chomsky.pdf,2580920,c9bc557a26e6b92490977928e99e29377f1963986681c7572282d16431970ee7,2026-08-14 16:54:35
1754,Noam Chomsky _ Medya Denetimi,Yasar MUTLU,26,pdf,Books/b-Lİbrary_Tr-Gen-20260601T232943Z-3-003/b-Lİbrary_Tr-Gen/Felsefe-Fikriyat/Noam Chomsky/Medya-Denetimi-Noam-Chomsky.pdf,380679,52c762afc053a344aaa90543bc9af5476f490ef3e6e2e3d410f25a75652eb0b7,2026-08-14 16:54:35
1755,Rızanın İmalatı: Kitle Medyasının Ekonomi Politiği,Edward S. Herman & Noam Chomsky,483,pdf,Books/b-Lİbrary_Tr-Gen-20260601T232943Z-3-003/b-Lİbrary_Tr-Gen/Felsefe-Fikriyat/Noam Chomsky/Rizanin Imalati-Noam Chomsky.pdf,10615456,a55f1ff9ffdefc2121a12feb226d0a845f782480f4089a4bec6784170d44e479,2026-08-14 16:54:35
1756,"Tehlikeli Güç ABDnin Dış Siyaseti ve Ortadoğu (Terör, Demokrasi, Savaş ve Adalet Üzerine Diyaloglar Noam Chomsky, Gilbert Achcar",Bilinmiyor,429,pdf,"Books/b-Lİbrary_Tr-Gen-20260601T232943Z-3-003/b-Lİbrary_Tr-Gen/Felsefe-Fikriyat/Noam Chomsky/Tehlikeli Güç ABDnin Dış Siyaseti ve Ortadoğu (Terör, Demokrasi, Savaş ve Adalet Üzerine Diyaloglar-Noam Chomsky, Gilbert Achcar.pdf",8072801,5022351d875948bd107d214caf269741f2ba1f63e118be4ba7335127984482f6,2026-08-14 16:54:35
1757,Terrizm Kültürü Noam Chomsky,Bilinmiyor,299,pdf,Books/b-Lİbrary_Tr-Gen-20260601T232943Z-3-003/b-Lİbrary_Tr-Gen/Felsefe-Fikriyat/Noam Chomsky/Terrizm Kültürü-Noam Chomsky.pdf,6660705,52704de96ab652be1d1475b4de496676796bca1a8df10cd58ca10a561f415c88,2026-08-14 16:54:35
1758,Rene Girard Kulturun Kokenleri,Bilinmiyor,192,pdf,Books/b-Lİbrary_Tr-Gen-20260601T232943Z-3-003/b-Lİbrary_Tr-Gen/Felsefe-Fikriyat/Rene-Girard-Kulturun-Kokenleri.pdf,5026828,af4601fd09e5e3077449eb9a9295db61af7b104b5a800d1f6029b0cbd5bd0b0d,2026-08-14 16:54:35
1759,Rene Girard Şiddet ve Kutsal,Bilinmiyor,481,pdf,Books/b-Lİbrary_Tr-Gen-20260601T232943Z-3-003/b-Lİbrary_Tr-Gen/Felsefe-Fikriyat/Rene-Girard-Şiddet-ve-Kutsal.pdf,3512392,3889631f9d6714b80754af254f002442961805f38b609fea7c510a289e3bad17,2026-08-14 16:54:35
1760,Alemin Hukumdarı Rene Guenon,Bilinmiyor,85,pdf,Books/b-Lİbrary_Tr-Gen-20260601T232943Z-3-003/b-Lİbrary_Tr-Gen/Felsefe-Fikriyat/Rene-Guenon-Felsefe/Alemin-Hukumdarı-Rene-Guenon.pdf,2561397,2b08e110846605462f9fb616856f6430f0c5a3d3f3587dce44c90550acfc708e,2026-08-14 16:54:35
1761,Hıristiyan Ezoterizmi Rene Guenon,Bilinmiyor,135,pdf,Books/b-Lİbrary_Tr-Gen-20260601T232943Z-3-003/b-Lİbrary_Tr-Gen/Felsefe-Fikriyat/Rene-Guenon-Felsefe/Hıristiyan-Ezoterizmi-Rene-Guenon.pdf,4745401,84147503295389da32d3dc4233dbb1dee0230e1a6fa7a48716c2e320e05b15e3,2026-08-14 16:54:35
1762,"Maddi İktidar, Manevi Otorite",Rene Guenon,97,pdf,Books/b-Lİbrary_Tr-Gen-20260601T232943Z-3-003/b-Lİbrary_Tr-Gen/Felsefe-Fikriyat/Rene-Guenon-Felsefe/Maddi-İktidar-Manevi-Otorite-Rene-Guenon.pdf,744949,510721ec28e8dcd32b1ca60d77bdadc39403ed44cf1d9387343d973f30a95d69,2026-08-14 16:54:35
1763,Modern Dünyanın Bunalımı,Rene Guenon,217,pdf,Books/b-Lİbrary_Tr-Gen-20260601T232943Z-3-003/b-Lİbrary_Tr-Gen/Felsefe-Fikriyat/Rene-Guenon-Felsefe/Modern-Dunyanin-Bunalimi-Rene-Guenon.pdf,5555007,c1e6659a3a3a5ded46825e9ad085f305b6a372f1764798f6d9911120ffa65adf,2026-08-14 16:54:35
1764,Varlığın Mertebeleri Rene Guenon,Bilinmiyor,86,pdf,Books/b-Lİbrary_Tr-Gen-20260601T232943Z-3-003/b-Lİbrary_Tr-Gen/Felsefe-Fikriyat/Rene-Guenon-Felsefe/Varlığın-Mertebeleri-Rene-Guenon.pdf,1494651,d2d20a0e454b82957c4d46d79d5859d3c25bb6713726e40678c434d34681ac49,2026-08-14 16:54:35
1765,Sofi'nin Dünyası,Jostein Gaarder,964,pdf,Books/b-Lİbrary_Tr-Gen-20260601T232943Z-3-003/b-Lİbrary_Tr-Gen/Felsefe-Fikriyat/Sofinin-Dunyası-Jostein-Gaarder.pdf,2133843,496e2ccadc7871a9f6e336f396861dd826e5c2cea7555df6e5fa9cd596437546,2026-08-14 16:54:35
1766,Tarihin Sonu Ve Son Insan Francis Fukuyama,Bilinmiyor,516,pdf,Books/b-Lİbrary_Tr-Gen-20260601T232943Z-3-003/b-Lİbrary_Tr-Gen/Felsefe-Fikriyat/Tarihin-Sonu-Ve-Son-Insan-Francis-Fukuyama.pdf,9086868,44376b28ec582e5e0b7be176968ce15480bf0198758c3c2247cf792630c50fb3,2026-08-14 16:54:35
1767,Tarih Bilinci,Arnold J. Toynbee,557,pdf,Books/b-Lİbrary_Tr-Gen-20260601T232943Z-3-003/b-Lİbrary_Tr-Gen/Felsefe-Fikriyat/Toynbee-Tarih-Bilinci.pdf,34437536,9c8a6c42ae750a370fac40d9c42903413be66ce28d642b653dc45b9beaaccf3b,2026-08-14 16:54:35
1768,Umberto Eco Budalalıktan Deliliğe,Umberto Eco,485,pdf,Books/b-Lİbrary_Tr-Gen-20260601T232943Z-3-003/b-Lİbrary_Tr-Gen/Felsefe-Fikriyat/Umberto Eco/Umberto Eco-Budalalıktan Deliliğe.pdf,8543319,fd5eccd3d461af404bdef0eacaf576577366eecd369a3fd5839ea94177d7afb9,2026-08-14 16:54:35
1769,Umberto Eco Felsefe Tarihi 1 Antik Yunan,Umberto Eco,323,pdf,Books/b-Lİbrary_Tr-Gen-20260601T232943Z-3-003/b-Lİbrary_Tr-Gen/Felsefe-Fikriyat/Umberto Eco/Umberto Eco-Felsefe Tarihi-1 Antik Yunan.pdf,22624436,078db02ae2fc149f3fb2282941a6882e8c6ae9ac200d273c214c238feedf22fc,2026-08-14 16:54:35
1770,Umberto Eco Felsefe Tarihi 2 Antik Yunan,Umberto Eco,351,pdf,Books/b-Lİbrary_Tr-Gen-20260601T232943Z-3-003/b-Lİbrary_Tr-Gen/Felsefe-Fikriyat/Umberto Eco/Umberto Eco-Felsefe Tarihi-2 Antik Yunan.pdf,19901650,90c8c972e2507fe19c14e999ded8e07775c1c98bddae87880b1541df18529188,2026-08-14 16:54:35
1771,Umberto Eco Felsefe Tarihi,Umberto Eco,416,pdf,Books/b-Lİbrary_Tr-Gen-20260601T232943Z-3-003/b-Lİbrary_Tr-Gen/Felsefe-Fikriyat/Umberto Eco/Umberto Eco-Felsefe Tarihi-3.pdf,18179846,38022229bdd163f528164bb38dfd2b479f34ebdb349e4ac522ca615045a0d261,2026-08-14 16:54:35
1772,Umberto Eco Felsefe Tarihi,Umberto Eco,404,pdf,Books/b-Lİbrary_Tr-Gen-20260601T232943Z-3-003/b-Lİbrary_Tr-Gen/Felsefe-Fikriyat/Umberto Eco/Umberto Eco-Felsefe Tarihi-4.pdf,15595521,a187a53c0139154ecaf8e1c4224e9d3a3d6dd14cf3c7dfd3eb9290b8e6c19261,2026-08-14 16:54:35
1773,Umberto Eco Felsefe Tarihi,Umberto Eco,345,pdf,Books/b-Lİbrary_Tr-Gen-20260601T232943Z-3-003/b-Lİbrary_Tr-Gen/Felsefe-Fikriyat/Umberto Eco/Umberto Eco-Felsefe Tarihi-5.pdf,30545114,81e0958c0932246529988c7ff33a37a3fe647e00c5d53213153a85bc9e6c822d,2026-08-14 16:54:35
1774,Umberto Eco Gulun Adı,pc,358,pdf,Books/b-Lİbrary_Tr-Gen-20260601T232943Z-3-003/b-Lİbrary_Tr-Gen/Felsefe-Fikriyat/Umberto Eco/Umberto Eco-Gulun-Adı.pdf,2631584,d93c66567a8488cfee971c4e16d6cba2cdab7b88ddb420961e5329968a381817,2026-08-14 16:54:35
1775,Umberto Eco Tez Nasıl Yazılır,Umberto Eco,319,pdf,Books/b-Lİbrary_Tr-Gen-20260601T232943Z-3-003/b-Lİbrary_Tr-Gen/Felsefe-Fikriyat/Umberto Eco/Umberto Eco-Tez-Nasıl-Yazılır.pdf,3793821,250e6aa3a7a46bd797d214fc99600f766ef84eabc002357c2c81b77a62ecfb8a,2026-08-14 16:54:35
1776,İnsanın Anlam Arayışı Viktor Emil Frankl,Bilinmiyor,167,pdf,Books/b-Lİbrary_Tr-Gen-20260601T232943Z-3-003/b-Lİbrary_Tr-Gen/Felsefe-Fikriyat/İnsanın Anlam Arayışı-Viktor Emil Frankl.pdf,3374600,6d880ccf3353a0d42f0f1b8b5291f8dcde240c19768c10f8561ff651a8c21991,2026-08-14 16:54:35
1777,Basarinin Sihirli Merdiveni Napoleon Hill,Bilinmiyor,13,pdf,Books/b-Lİbrary_Tr-Gen-20260601T232943Z-3-003/b-Lİbrary_Tr-Gen/Kişisel Gelişim/Basarinin-Sihirli-Merdiveni-Napoleon-Hill.pdf,3802385,76408c94708f09476d456fd517e6c535f6548607f4c49951859ce1c1268d677e,2026-08-14 16:54:35
1778,Dil İlluzyonları Robert Dilts,Bilinmiyor,289,pdf,Books/b-Lİbrary_Tr-Gen-20260601T232943Z-3-003/b-Lİbrary_Tr-Gen/Kişisel Gelişim/Dil-İlluzyonları-Robert-Dilts.pdf,4763423,31055ef1d6ca0a75ffa432f62a4bd1dc03df2f825f228de44698b07bfe316a58,2026-08-14 16:54:35
1779,Ego Düşmanındır Ryan Holiday,Bilinmiyor,221,pdf,Books/b-Lİbrary_Tr-Gen-20260601T232943Z-3-003/b-Lİbrary_Tr-Gen/Kişisel Gelişim/Ego Düşmanındır-Ryan-Holiday.pdf,1490811,9341caaf7c36fe559f33480e74c6a1a54bc47dc5b9ed1eba5f2b06308acf35ae,2026-08-14 16:54:35
1780,5 Saniye Kuralı,donusumunubaslat.com,18,pdf,Books/b-Lİbrary_Tr-Gen-20260601T232943Z-3-003/b-Lİbrary_Tr-Gen/Kişisel Gelişim/Erteleme/5-Gun-5-Saniye-Kuralı.pdf,6083099,96a4f4fa946816bcf1658e1fd20d07508ea820eb4fb50e3cc79e3129c0d36981,2026-08-14 16:54:35
1781,Erteleme Sanatı John Perry,Bilinmiyor,110,pdf,Books/b-Lİbrary_Tr-Gen-20260601T232943Z-3-003/b-Lİbrary_Tr-Gen/Kişisel Gelişim/Erteleme/Erteleme-Sanatı-John-Perry.pdf,2736029,c9e23d97e600e50dae3e435443576339bfeab04e57d4cf66b40e314569aa2e26,2026-08-14 16:54:35
1782,Erteleme Steve Chandler,Bilinmiyor,239,pdf,Books/b-Lİbrary_Tr-Gen-20260601T232943Z-3-003/b-Lİbrary_Tr-Gen/Kişisel Gelişim/Erteleme/Erteleme-Steve-Chandler.pdf,7306794,4d20a10e61153a6fb9b84285f0733d353a0f4ed93795dedc5d0cf1b46f1b3e27,2026-08-14 16:54:35
1783,Şimdinin Gucu Uygulama Kitabı Eckhart Tolle,Bilinmiyor,125,pdf,Books/b-Lİbrary_Tr-Gen-20260601T232943Z-3-003/b-Lİbrary_Tr-Gen/Kişisel Gelişim/Erteleme/Şimdinin-Gucu-Uygulama-Kitabı-Eckhart-Tolle.pdf,2996984,97561c9cd1e507975786a980710224b7aff9376658a3b20a8c0852955a8a7039,2026-08-14 16:54:35
1784,Etkili İnsanların 7 Alışkanlığı,Stephen R. Covey,250,pdf,Books/b-Lİbrary_Tr-Gen-20260601T232943Z-3-003/b-Lİbrary_Tr-Gen/Kişisel Gelişim/Etkili-Insanlarin-7-Aliskanligi-Stephen-R.-Covey-E.pdf,8148399,084c9c6e61f90af7e8a29e152251c6bb2858a03c5c2a77f0f6806139a55cc879,2026-08-14 16:54:35
1785,Hizli Okuma,Bilinmiyor,267,pdf,Books/b-Lİbrary_Tr-Gen-20260601T232943Z-3-003/b-Lİbrary_Tr-Gen/Kişisel Gelişim/Hizli Okuma.pdf,6021359,34bde1be91a3900ea500ade8183be25befd77055084ffb14ae7737053bb4eb2e,2026-08-14 16:54:35
1786,Iyi Hissetmek (Turkish Edition) (David Burns) (z lib.org),Bilinmiyor,-,epub,Books/b-Lİbrary_Tr-Gen-20260601T232943Z-3-003/b-Lİbrary_Tr-Gen/Kişisel Gelişim/Iyi Hissetmek (Turkish Edition) (David Burns) (z-lib.org).epub,11078047,95f69a9ed4c271125d3e232e841e905347766cac7f561812770a3588cff82ee3,2026-08-14 16:54:35
1787,Calınan Dikkat Johann Hari,Bilinmiyor,325,pdf,Books/b-Lİbrary_Tr-Gen-20260601T232943Z-3-003/b-Lİbrary_Tr-Gen/Kişisel Gelişim/Konsantrasyon/Calınan-Dikkat-Johann-Hari.pdf,11645279,27585b13988b82eea42b7af91d1dd5fcbfbabcd3fefeab65be61693dee21e1ba,2026-08-14 16:54:35
1788,Dağınık Zihinler,Gabor Mate,348,pdf,Books/b-Lİbrary_Tr-Gen-20260601T232943Z-3-003/b-Lİbrary_Tr-Gen/Kişisel Gelişim/Konsantrasyon/Gabor Mate - Dağınık Zihinler.pdf,2254827,ac7de4e4609c646f79852a3fce3c3c17fe394d52f2e79a8f2599a120d0723d74,2026-08-14 16:54:35
1789,Odak,Daniel Goleman Filiz Nayır Deniztekin,254,pdf,Books/b-Lİbrary_Tr-Gen-20260601T232943Z-3-003/b-Lİbrary_Tr-Gen/Kişisel Gelişim/Konsantrasyon/Odak-Daniel-Goleman.pdf,1636922,af491df62573213b31e2edc4610eadccf8f1c350c8b2b9083e9ef599c0dddcc8,2026-08-14 16:54:35
1790,Purdikkat Indistractable Nir Eyal,Bilinmiyor,308,pdf,Books/b-Lİbrary_Tr-Gen-20260601T232943Z-3-003/b-Lİbrary_Tr-Gen/Kişisel Gelişim/Konsantrasyon/Purdikkat-Indistractable-Nir-Eyal.pdf,4309507,e2f03220cd94647423a4479556ee94ea8981b8630c90ccc36dfb2994fbd2ac1e,2026-08-14 16:54:35
1791,Hikaye Anlatıcısının Sırrı,Bilinmiyor,348,pdf,Books/b-Lİbrary_Tr-Gen-20260601T232943Z-3-003/b-Lİbrary_Tr-Gen/Kişisel Gelişim/Konuşma-Sunum-Hitap/Hikaye Anlatıcısının Sırrı.pdf,1748904,ce6ee8bf18f32d6f4f3c36ff6e68e633a5e1cb7e27d4d41991801f6e0c1f836a,2026-08-14 16:54:47
1792,Ted Gibi Konuş (Gallo Carmine) (z lib.org),Bilinmiyor,-,epub,Books/b-Lİbrary_Tr-Gen-20260601T232943Z-3-003/b-Lİbrary_Tr-Gen/Kişisel Gelişim/Konuşma-Sunum-Hitap/Ted Gibi Konuş (Gallo Carmine) (z-lib.org) (1).epub,754362,b13ae4c5fbfa9a93e03ba16158a6541735123a2d4d57e9d2bfa1b58b7ef5b6d7,2026-08-14 16:54:47
1793,Ted Gibi Konuş,Carmine Gallo,281,pdf,Books/b-Lİbrary_Tr-Gen-20260601T232943Z-3-003/b-Lİbrary_Tr-Gen/Kişisel Gelişim/Konuşma-Sunum-Hitap/Ted-Gibi-Konuş-Carmine-Gallo.pdf,4207546,e1326e87c09797db9adfe29b274cb8fa7404b16d1a4f77b71cfc41f6b6fdf357,2026-08-14 16:54:47
1794,Basit Duşun Owain Service Rory Gallagher,Bilinmiyor,225,pdf,Books/b-Lİbrary_Tr-Gen-20260601T232943Z-3-003/b-Lİbrary_Tr-Gen/Kişisel Gelişim/Motivasyon/Basit-Duşun-Owain-Service-Rory-Gallagher (1).pdf,2929292,d87db575a973e2099bfecb3a506743a95110ded47f5cc4357925d923d161dd70,2026-08-14 16:54:47
1795,Büyük_Düşünmenin_Büyüsü_Dr.David_J.Schwartz,Bilinmiyor,29,pdf,Books/b-Lİbrary_Tr-Gen-20260601T232943Z-3-003/b-Lİbrary_Tr-Gen/Kişisel Gelişim/Motivasyon/Buyuk Dusunmenin Buyusu.pdf,2354889,508272e06f40965eaaf749d06723e1ebdece1605fda43c7b178ebaf9d29c2cdb,2026-08-14 16:54:47
1796,Icindeki Devi Uyandır Tony Robbins,emrullah kurt,14,pdf,Books/b-Lİbrary_Tr-Gen-20260601T232943Z-3-003/b-Lİbrary_Tr-Gen/Kişisel Gelişim/Motivasyon/Icindeki-Devi-Uyandır-Tony-Robbins.pdf,272326,d888efae397c76832fead468f60fa88e3006b4ad1e84503cb761745ce6211176,2026-08-14 16:54:47
1797,Niyet Etmenin Gücü,Wayne W. Dyer,313,pdf,Books/b-Lİbrary_Tr-Gen-20260601T232943Z-3-003/b-Lİbrary_Tr-Gen/Kişisel Gelişim/Motivasyon/Niyet-Etmenin-Gucu-Wayne-W-Dyer.pdf,6811331,0e9f80cf6d09d02085d6b77f2e8987744bcdb4c98ef3017cf19304ab7ef8fd85,2026-08-14 16:54:47
1798,Sınırsız guc Anthony Robbins,hüseyin,449,pdf,Books/b-Lİbrary_Tr-Gen-20260601T232943Z-3-003/b-Lİbrary_Tr-Gen/Kişisel Gelişim/Motivasyon/Sınırsız-guc-Anthony-Robbins-.pdf,3210811,7fc392ec176f0c763edbde6cd6d918c9b6252178c5b4d8cd1747242e9df695b9,2026-08-14 16:54:47
1799,Zafer Sizlanarak Kazanilmaz,Haluk Tatar,397,pdf,Books/b-Lİbrary_Tr-Gen-20260601T232943Z-3-003/b-Lİbrary_Tr-Gen/Kişisel Gelişim/Motivasyon/Zafer Sızlanarak Kazanılmaz (Haluk Tatar) (z-lib.org).pdf,1513397,f8c981f1899bf33ce1ccea5843df55a61a1fcd9c3e736f5c0c9d2fe719bc17ed,2026-08-14 16:54:47
1800,Üxüntüyü Bırak Yaşamaya Bak Dale Carnegie,Bilinmiyor,285,pdf,Books/b-Lİbrary_Tr-Gen-20260601T232943Z-3-003/b-Lİbrary_Tr-Gen/Kişisel Gelişim/Motivasyon/Üxüntüyü Bırak Yaşamaya Bak-Dale Carnegie.pdf,1860964,f7273cec1beac743ae4789fbb5b59cf8a2a46eb81f0b201bb9319849c846e1bc,2026-08-14 16:54:47
1801,Robert Greene Ustalık,Bilinmiyor,420,pdf,Books/b-Lİbrary_Tr-Gen-20260601T232943Z-3-003/b-Lİbrary_Tr-Gen/Kişisel Gelişim/Robert Greene-Ustalık.pdf,7793074,1604f302346c7d149fdaafb0bc9de831a72029018d7f3df72586ea1488b0b1fd,2026-08-14 16:54:47
1802,Robert Greene Insan Doğasının Yasaları,Bilinmiyor,706,pdf,Books/b-Lİbrary_Tr-Gen-20260601T232943Z-3-003/b-Lİbrary_Tr-Gen/Kişisel Gelişim/Robert-Greene-Insan-Doğasının-Yasaları.pdf,24096952,8917891e8c17a4d5d436bb61c4486d46d1bd8f4477d284a116fd832bae67fee4,2026-08-14 16:54:47
1803,Yeniden Duşun Adam Grant,Bilinmiyor,397,pdf,Books/b-Lİbrary_Tr-Gen-20260601T232943Z-3-003/b-Lİbrary_Tr-Gen/Kişisel Gelişim/Yeniden-Duşun-Adam-Grant.pdf,11800228,1d5ecabc522a396d8a1fd8d0010bf9886bc5f07be13524c7a55b6b2436f457e2,2026-08-14 16:54:47
1804,İnsan Mühendisliği Hayat Karşısında İnsanın Kendisi Ve Çevresi,Nüvit Osmay,379,pdf,Books/b-Lİbrary_Tr-Gen-20260601T232943Z-3-003/b-Lİbrary_Tr-Gen/Kişisel Gelişim/insan-muhendisligi-Nuvit Osmay.pdf,1858019,fc75c5838b66c7544ec49e15d334488cd3070f4b21bb9eb72d823f0c4ea0a10d,2026-08-14 16:54:47
1805,Atomik Alışkanlıklar,atomik,258,pdf,Books/b-Lİbrary_Tr-Gen-20260601T232943Z-3-003/b-Lİbrary_Tr-Gen/Kişisel Gelişim/irade-Disiplin/Atomik Alıskanlıklar-james-clear-pdf-indir-5909.pdf,4249403,b3a66f991a19125ce8be97bc085b75c24aab2bdf49ffa1a2f153bb9d3259075d,2026-08-14 16:54:47
1806,Duzenli Olmanın Yolları John Caunt,Bilinmiyor,213,pdf,Books/b-Lİbrary_Tr-Gen-20260601T232943Z-3-003/b-Lİbrary_Tr-Gen/Kişisel Gelişim/irade-Disiplin/Duzenli-Olmanın-Yolları-John-Caunt.pdf,3038566,cf063dccbea060cb2a5f0008a8eee373da2ee4fdd8f055e9ca5b1e7c43fc1e53,2026-08-14 16:54:47
1807,Irade Terbiyesi Jules Payot,Bilinmiyor,202,pdf,Books/b-Lİbrary_Tr-Gen-20260601T232943Z-3-003/b-Lİbrary_Tr-Gen/Kişisel Gelişim/irade-Disiplin/Irade-Terbiyesi-Jules-Payot.pdf,1230966,3ba56fcf3c3dff347c76777afff22eb340f08efdec3a7ac6c39cf5ee48d43c6c,2026-08-14 16:54:47
1808,Kendiniz Olma Aliskanligini Kirmak Joe Dispenza,Bilinmiyor,415,pdf,Books/b-Lİbrary_Tr-Gen-20260601T232943Z-3-003/b-Lİbrary_Tr-Gen/Kişisel Gelişim/irade-Disiplin/Kendiniz-Olma-Aliskanligini-Kirmak-Joe-Dispenza.pdf,17653802,f8b004cc7e1bca5cce5aabe4522f872cac62d8fbce8057fb5337cc580e7fd238,2026-08-14 16:54:47
1809,Kendinizi Yonetmek Peter F Drucker,Bilinmiyor,295,pdf,Books/b-Lİbrary_Tr-Gen-20260601T232943Z-3-003/b-Lİbrary_Tr-Gen/Kişisel Gelişim/irade-Disiplin/Kendinizi-Yonetmek-Peter-F-Drucker.pdf,2427140,fe30db2e92def5b7bfe72f660e53f8fd2695a7c000a354513d1659957b13c6d2,2026-08-14 16:54:47
1810,Kendinle Savaşma Sanatı,Bilinmiyor,299,pdf,Books/b-Lİbrary_Tr-Gen-20260601T232943Z-3-003/b-Lİbrary_Tr-Gen/Kişisel Gelişim/irade-Disiplin/Kendinle-Savaşma-Sanatı.pdf,2548858,6861672b0d74b09e536598f6882756de9f051aa9fcb77478c9774b878fd24ab2,2026-08-14 16:54:47
1811,Vazgeçebilmek,Guy Finley,305,pdf,Books/b-Lİbrary_Tr-Gen-20260601T232943Z-3-003/b-Lİbrary_Tr-Gen/Kişisel Gelişim/irade-Disiplin/Vazgecebilmek-Guy-Finley.pdf,3913466,ce430451e24e558781fd27f27b575530a80943e8f6b0d1638e49890378c9d197,2026-08-14 16:54:47
1812,Şimdinin Gücü,Eckhart Tolle,113,pdf,Books/b-Lİbrary_Tr-Gen-20260601T232943Z-3-003/b-Lİbrary_Tr-Gen/Kişisel Gelişim/irade-Disiplin/Şimdinin-Gucu-Eckhart-Tolle.pdf,775249,52b8b40d383439bcf967330aa4237b8f35a79374fcdbddd9a7242813f02e7866,2026-08-14 16:54:47
1813,Matematiğin Sihirli Dunyası Arthur Benjamin,Bilinmiyor,343,pdf,Books/b-Lİbrary_Tr-Gen-20260601T232943Z-3-003/b-Lİbrary_Tr-Gen/Matematik/Matematiğin-Sihirli-Dunyası-Arthur-Benjamin.pdf,5993512,c77af0bb9be3ea4c556476c9ab3df1dfdc6a23f5b3dea98a935ecf9beab695dd,2026-08-14 16:54:47
1814,Sayılarda Saklı Yaşamımız,Florence Campbell,240,pdf,Books/b-Lİbrary_Tr-Gen-20260601T232943Z-3-003/b-Lİbrary_Tr-Gen/Matematik/Numeroloji-Sayılarda-Saklı-Yas-amımız.pdf,3095212,e69f1284df04facc6b551cfe9052d780f2722317d9c5134a3dcf7f2520f158f0,2026-08-14 16:54:47
1815,Akıllı Borsacı,Bilinmiyor,67,pdf,Books/b-Lİbrary_Tr-Gen-20260601T232943Z-3-003/b-Lİbrary_Tr-Gen/Para-Finans/Borsa/Akıllı-Borsacı.pdf,1640680,f1ceff18dee127ba42b6d4d29ecdbbe13b5982cef5a278c4576723c3fdcbbfb0,2026-08-14 16:54:47
1816,Bir Borsacinin Itiraflari,Bilinmiyor,177,pdf,Books/b-Lİbrary_Tr-Gen-20260601T232943Z-3-003/b-Lİbrary_Tr-Gen/Para-Finans/Borsa/Bir-Borsacinin-Itiraflari.pdf,20091846,5206fd03426cb969b5ea1f7c1bd67743b5510e6ea8fe73654f726122e4e6eaf7,2026-08-14 16:54:47
1817,Microsoft Word - ARİF ÜNVER KİTAP SON,user,164,pdf,Books/b-Lİbrary_Tr-Gen-20260601T232943Z-3-003/b-Lİbrary_Tr-Gen/Para-Finans/Borsa/Borsa Okulu.pdf,8268941,685f950ef4cb8a3a8a65c3855d8a4a197fb0461e34c72a1d2b1b1d07c0109721,2026-08-14 16:54:47
1818,Borsa Sihirbazlari Jack Schwager,Bilinmiyor,524,pdf,Books/b-Lİbrary_Tr-Gen-20260601T232943Z-3-003/b-Lİbrary_Tr-Gen/Para-Finans/Borsa/Borsa-Sihirbazlari-Jack-Schwager.pdf,206810727,3b24f95851e136a753201bc7fa58a31268ded9654f775c2d609f312a2ac3ac34,2026-08-14 16:54:47
1819,Borsada Tek Başına Peter Lynch,Bilinmiyor,331,pdf,Books/b-Lİbrary_Tr-Gen-20260601T232943Z-3-003/b-Lİbrary_Tr-Gen/Para-Finans/Borsa/Borsada-Tek-Başına-Peter-Lynch.pdf,4746144,8265743faf2736993e21cd4e4b907b133fc5c30667a70fbc10f20d021c1b9fa4,2026-08-14 16:54:47
1820,Ne İcin Yaşıyoruz Alfred Adler,Bilinmiyor,276,pdf,Books/b-Lİbrary_Tr-Gen-20260601T232943Z-3-003/b-Lİbrary_Tr-Gen/Psikoloji/Alfred-Adler/Ne-İcin-Yaşıyoruz-Alfred-Adler.pdf,10093801,91d7041ad251b3b9c7fed1e6dcc81e005a0f3c357ca462ff2652c9618fa105de,2026-08-14 16:54:47
1821,İlacsız Anksiyete Terapisi Dr David Burns,Bilinmiyor,560,pdf,Books/b-Lİbrary_Tr-Gen-20260601T232943Z-3-003/b-Lİbrary_Tr-Gen/Psikoloji/Anksiyete-Kaygi/İlacsız-Anksiyete-Terapisi-Dr-David-Burns.pdf,7292463,230828155fd0b98d2e86f6abe7d36bbc3a698c9d791d59351f14f7b4e15d9942,2026-08-14 16:54:47
1822,Carl Gustav Jung Keşfedilmemiş Benlik,Bilinmiyor,117,pdf,Books/b-Lİbrary_Tr-Gen-20260601T232943Z-3-003/b-Lİbrary_Tr-Gen/Psikoloji/Carl-Gustav-Jung-Keşfedilmemiş-Benlik.pdf,16307857,c258109db0fa879c8b9083573d48caa16cd4c5125f4efe9d64ae70e215cf1924,2026-08-14 16:54:47
1823,Depresyon Terapisi Irvin D Yalom,Bilinmiyor,244,pdf,Books/b-Lİbrary_Tr-Gen-20260601T232943Z-3-003/b-Lİbrary_Tr-Gen/Psikoloji/Depresyon/Depresyon-Terapisi-Irvin-D-Yalom.pdf,4261138,f7b92b12a3050f186639b38c00159c5f11629366e0bc2751b9905a39d792636e,2026-08-14 16:54:47
1824,Doğan Cuceloğlu Evlenmeden Once,Bilinmiyor,214,pdf,Books/b-Lİbrary_Tr-Gen-20260601T232943Z-3-003/b-Lİbrary_Tr-Gen/Psikoloji/Doğan-Cuceloğlu/Doğan-Cuceloğlu-Evlenmeden-Once.pdf,5903688,5ab0f5feb716c1a444f0759a3c3dc313798c56a012b67fddee930afa78a204aa,2026-08-14 16:54:47
1825,Doğan Cuceloğlu İnsan Ve Davranışı,Bilinmiyor,566,pdf,Books/b-Lİbrary_Tr-Gen-20260601T232943Z-3-003/b-Lİbrary_Tr-Gen/Psikoloji/Doğan-Cuceloğlu/Doğan-Cuceloğlu-İnsan-Ve-Davranışı.pdf,35333684,b886535356005edb3fe500cc453cc016ea672d61fec3614233f274356a5d0e0c,2026-08-14 16:54:47
1826,Erich Fromm Dinleme Sanatı Say,Bilinmiyor,201,pdf,Books/b-Lİbrary_Tr-Gen-20260601T232943Z-3-003/b-Lİbrary_Tr-Gen/Psikoloji/Erich-Fromm/Erich-Fromm-Dinleme-Sanatı-Say.pdf,2949441,9749965d83b694867c105ed19a0ef2dd8e33fa49fd1527701b1ef5e8d3c7dca6,2026-08-14 16:54:47
1827,Erich Fromm Olma Sanatı,Bilinmiyor,177,pdf,Books/b-Lİbrary_Tr-Gen-20260601T232943Z-3-003/b-Lİbrary_Tr-Gen/Psikoloji/Erich-Fromm/Erich-Fromm-Olma-Sanatı.pdf,1327218,72f86d99140758c128805e70f9db6b51ddce23cfeea6b15fc25b788646e5de46,2026-08-14 16:54:47
1828,Erich Fromm Ozgurlukten Kacış,Bilinmiyor,304,pdf,Books/b-Lİbrary_Tr-Gen-20260601T232943Z-3-003/b-Lİbrary_Tr-Gen/Psikoloji/Erich-Fromm/Erich-Fromm-Ozgurlukten-Kacış.pdf,9249488,e640313fdca806a014ebd5ab9ff2e5560c3ff750aa93a09dd9a138a7d6cf2c5f,2026-08-14 16:54:47
1829,Erich Fromm Sevme Sanati,Bilinmiyor,201,pdf,Books/b-Lİbrary_Tr-Gen-20260601T232943Z-3-003/b-Lİbrary_Tr-Gen/Psikoloji/Erich-Fromm/Erich-Fromm-Sevme Sanati.pdf,3614687,ad1e17d0afa5e5cf2c60bb64378000e3f13a8cebaa10f932211e30435c15f982,2026-08-14 16:54:47
1830,Erich Fromm İtaatsizlik Uzerine,Bilinmiyor,81,pdf,Books/b-Lİbrary_Tr-Gen-20260601T232943Z-3-003/b-Lİbrary_Tr-Gen/Psikoloji/Erich-Fromm/Erich-Fromm-İtaatsizlik-Uzerine.pdf,959100,ea4ad60cf76157555776a1fdc35596b27d0e3fa77d4471acb7bb7d735616fe8d,2026-08-14 16:54:47
1831,Hepimiz Narsistiz,Sule Oncu,147,pdf,Books/b-Lİbrary_Tr-Gen-20260601T232943Z-3-003/b-Lİbrary_Tr-Gen/Psikoloji/Hepimiz-Narsistiz-Sule-Oncu.pdf,1067449,e9ef5ac15a98b4029a2be0f0bd7a5f9636697458b8d345eb1ed95f0a77a1082f,2026-08-14 16:54:47
1832,Musluman Psikologların Cıkmazı,Bilinmiyor,115,pdf,Books/b-Lİbrary_Tr-Gen-20260601T232943Z-3-003/b-Lİbrary_Tr-Gen/Psikoloji/Musluman-Psikologların-Cıkmazı.pdf,1418897,e3e1d987542190cb0cd9744f5aebdb5fa8805643a9701d0b5e771f2d4c9af053,2026-08-14 16:54:47
1833,Psikoloji Kitabi,Bilinmiyor,346,pdf,Books/b-Lİbrary_Tr-Gen-20260601T232943Z-3-003/b-Lİbrary_Tr-Gen/Psikoloji/Psikoloji Kitabi.pdf,49208608,3c3001914a37436f19223662a171995f7a80173e8d9927d5b1d77fecb92dc3b6,2026-08-14 16:54:47
1834,Psikoloji Nasıl Calışır Alfa Yayınları,Bilinmiyor,248,pdf,Books/b-Lİbrary_Tr-Gen-20260601T232943Z-3-003/b-Lİbrary_Tr-Gen/Psikoloji/Psikoloji-Nasıl-Calışır-Alfa-Yayınları.pdf,51245181,1383eac9d44de62af42471b5e365ffaa56f2c085e76b418bb503902d0fc9d1b8,2026-08-14 16:54:47
1835,Gabor Mate Vucudunuz Hayr Diyorsa compress,Bilinmiyor,384,pdf,Books/b-Lİbrary_Tr-Gen-20260601T232943Z-3-003/b-Lİbrary_Tr-Gen/Psikoloji/Stres/Gabor-Mate-Vucudunuz-Hayr-Diyorsa_compress.pdf,4233148,3109e9054492f2051eada7af41fffe0d9e0485c55fcd8e3882f0006c963d6f5b,2026-08-14 16:54:47
1836,Ustalık Gerektiren Kafaya Takmama Sanatı,Mark Manson,195,pdf,Books/b-Lİbrary_Tr-Gen-20260601T232943Z-3-003/b-Lİbrary_Tr-Gen/Psikoloji/Stres/Ustalik-Gerektiren-Kafaya-Takmama-Sanati-Mark-Manson.pdf,585866,d74c03acbfa759443cb74308169143b221722c4aad109f47bc6100be6589cffe,2026-08-14 16:54:47
1837,Ustalık Gerektiren Kafaya Takmama Sanatı (Mark Manson) (z lib.org),Bilinmiyor,-,epub,Books/b-Lİbrary_Tr-Gen-20260601T232943Z-3-003/b-Lİbrary_Tr-Gen/Psikoloji/Ustalık Gerektiren Kafaya Takmama Sanatı (Mark Manson) (z-lib.org).epub,63246978,2c4e5accf98a4020a559f467103ba6ee332888d97d51e3499297c0497aa54b78,2026-08-14 16:54:47
1838,Microsoft Word - r1.doc,Ibrahim K,119,pdf,Books/b-Lİbrary_Tr-Gen-20260601T232943Z-3-003/b-Lİbrary_Tr-Gen/Psikoloji/Utangaclık-ve-Sosyal-Fobinin-Ustesinden-Gelmek-Overcoming-shyness-and-social-phobia-Ronald-M-Rapee.pdf,928587,740b085834c3b1657f942dda22d12d32d1b1ed89f1c28c48b7652cc829aefa1c,2026-08-14 16:54:47
1839,İnsan Olmanın Psikolojisi Maslow,Bilinmiyor,245,pdf,Books/b-Lİbrary_Tr-Gen-20260601T232943Z-3-003/b-Lİbrary_Tr-Gen/Psikoloji/İnsan-Olmanın-Psikolojisi-Maslow.pdf,5373706,91b25074441107375d1181106a1c404db443e525b5afc612471dd753092898b7,2026-08-14 16:54:47
1840,Dropshippingde Markalasma,SB,47,pdf,Books/b-Lİbrary_Tr-Gen-20260601T232943Z-3-003/b-Lİbrary_Tr-Gen/Reklam-Pazarlama-Satis/Digital Marketing/Dropshippingde-Markalasma.pdf,1967330,59731ca3261a80e5f733b8fc39754858a2f95e770ceb4c37fd80f0fd699ee66b,2026-08-14 16:54:47
1841,E Ticaret Akademisi,Bilinmiyor,225,pdf,Books/b-Lİbrary_Tr-Gen-20260601T232943Z-3-003/b-Lİbrary_Tr-Gen/Reklam-Pazarlama-Satis/Digital Marketing/E-Ticaret-Akademisi.pdf,10093746,04f1a1c3258b40e62a75bd9d56526ee3eaef6d184732739d57ebbbfc4d097bc7,2026-08-14 16:54:47
1842,E Ticaret Yeni Baslayanlar Icin,Bilinmiyor,60,pdf,Books/b-Lİbrary_Tr-Gen-20260601T232943Z-3-003/b-Lİbrary_Tr-Gen/Reklam-Pazarlama-Satis/Digital Marketing/E-Ticaret-Yeni-Baslayanlar-Icin.pdf,2871215,04ca4f3e49097cc28b2b21bed3dd45d7471bd87133f55a33247b4395c8e4284d,2026-08-14 16:54:47
1843,ETSY Başlangıç Rehberi,Dream,101,pdf,Books/b-Lİbrary_Tr-Gen-20260601T232943Z-3-003/b-Lİbrary_Tr-Gen/Reklam-Pazarlama-Satis/Digital Marketing/ETSY-Baslangic-Rehberi.pdf,2576598,201e4dfe7a5d16a9ceb6a206c6e1fb82bca33e1ea22cd6767172bcbb47fd5647,2026-08-14 16:54:47
1844,BAŞLANGIÇ REHBERİ,Konak Akademi,18,pdf,Books/b-Lİbrary_Tr-Gen-20260601T232943Z-3-003/b-Lİbrary_Tr-Gen/Reklam-Pazarlama-Satis/Digital Marketing/Etsy-Baslangic-Rehberi-2023.pdf,1102156,faf1c5630b1cb401ff5416bc0d31a6b844fd625df5173c2c66eb7d741d330193,2026-08-14 16:54:47
1845,Shopify Dropshipping E Kitap,Bilinmiyor,21,pdf,Books/b-Lİbrary_Tr-Gen-20260601T232943Z-3-003/b-Lİbrary_Tr-Gen/Reklam-Pazarlama-Satis/Digital Marketing/Shopify-Dropshipping-E-Kitap.pdf,2171221,6a294568f16749e8e27ac3347edba2eee0b5ce3b064910ca4bd7af1d0257dab4,2026-08-14 16:54:47
1846,Erdens.Com Shopify Dropshipping Başlangıç E-Kitabı,zceylin101,21,pdf,Books/b-Lİbrary_Tr-Gen-20260601T232943Z-3-003/b-Lİbrary_Tr-Gen/Reklam-Pazarlama-Satis/Digital Marketing/Shopify-Dropshipping-Erdens-Com.pdf,4431686,45a570d425815b71141af68a6fa817167b3608019f2399dc6179df872eeab7ed,2026-08-14 16:54:47
1847,etsy kurallari,Bilinmiyor,8,pdf,Books/b-Lİbrary_Tr-Gen-20260601T232943Z-3-003/b-Lİbrary_Tr-Gen/Reklam-Pazarlama-Satis/Digital Marketing/etsy-kurallari.pdf,1622124,d9bf5480fc8b4fdadee072dabfc8342a241ac7ca1272ace32523e0dacd1624cd,2026-08-14 16:54:47
1848,İnternet ten Para Kazandıran 20 Yontem E Kitabı,umut aktu,20,pdf,Books/b-Lİbrary_Tr-Gen-20260601T232943Z-3-003/b-Lİbrary_Tr-Gen/Reklam-Pazarlama-Satis/Digital Marketing/İnternet-ten-Para-Kazandıran-20-Yontem-E-Kitabı.pdf,3305874,118138bdaf34a9358ef2499566e97c9cd9e2f90fb924f7743d0891d56d515b4e,2026-08-14 16:54:47
1849,Satış ve Pazarlama üstadlarının kullanm...atGPT Bilgi İstemi (Prompt) _ LinkedIn,zafer,30,pdf,Books/b-Lİbrary_Tr-Gen-20260601T232943Z-3-003/b-Lİbrary_Tr-Gen/Reklam-Pazarlama-Satis/Dijital-Pazarlama/Chatgpt-Satış-ve-Pazarlamada.pdf,8672967,9ba13d77059829f48fcbf0493f9b50a9669c1126d2740bae1f75fa66b0ae5519,2026-08-14 16:54:47
1850,girisimcilik_Baski.indd,Bilinmiyor,96,pdf,Books/b-Lİbrary_Tr-Gen-20260601T232943Z-3-003/b-Lİbrary_Tr-Gen/Reklam-Pazarlama-Satis/Dijital-Pazarlama/Dijital-Girisimcilik-101-pdf.pdf,6880985,93635411b1925a414ca10315dfab66808dd9e6aa28be522a4af0979e8553506b,2026-08-14 16:54:47
1851,dgr_online,Bilinmiyor,48,pdf,Books/b-Lİbrary_Tr-Gen-20260601T232943Z-3-003/b-Lİbrary_Tr-Gen/Reklam-Pazarlama-Satis/Dijital-Pazarlama/Dijital-Girişimcilik-Rehberi.pdf,23850210,5776489377487f938746abef35c8591c33ca3da54ce3d8507a982906a15bd1a4,2026-08-14 16:54:47
1852,Dijital Girişimciliğe Giriş,Bilinmiyor,16,pdf,Books/b-Lİbrary_Tr-Gen-20260601T232943Z-3-003/b-Lİbrary_Tr-Gen/Reklam-Pazarlama-Satis/Dijital-Pazarlama/Dijital-Girişimciliğe-Giriş.pdf,13514649,58c5630119ccc1be8f905eafb67cf610b96464545fb1f8d61f700eca03c5a739,2026-08-14 16:54:47
1853,Dijital Pazarlama Dan manl,Bilinmiyor,13,pdf,Books/b-Lİbrary_Tr-Gen-20260601T232943Z-3-003/b-Lİbrary_Tr-Gen/Reklam-Pazarlama-Satis/Dijital-Pazarlama/Dijital-Pazarlama-Dan-manl.pdf,582307,a5a4c229498205de54fa481c9032c3ba81e94779dea9d494e68d8eabcdbfbcc1,2026-08-14 16:54:47
1854,1 Dijital Pazarlama Nedir,Bilinmiyor,14,pdf,Books/b-Lİbrary_Tr-Gen-20260601T232943Z-3-003/b-Lİbrary_Tr-Gen/Reklam-Pazarlama-Satis/Dijital-Pazarlama/Dijital-Pazarlama-Nedir-1.pdf,26361003,dd8fb4efb8633a33ce36aeed51ad2f20535eb9ca444114030bb26330eb45599c,2026-08-14 16:54:47
1855,PowerPoint Sunusu,sedat.ates,79,pdf,Books/b-Lİbrary_Tr-Gen-20260601T232943Z-3-003/b-Lİbrary_Tr-Gen/Reklam-Pazarlama-Satis/Dijital-Pazarlama/Dijital-Pazarlama-Uzmanlık-Eğitimi.pdf,5505153,bc04709abc6a55897e2712e76b367af3d0df8fd5d11b63013770ffd9307cd1c6,2026-08-14 16:54:47
1856,freebie-beginner-guide-(auf-deutsch)--sueda(2).pdf,süeda çetin,9,pdf,Books/b-Lİbrary_Tr-Gen-20260601T232943Z-3-003/b-Lİbrary_Tr-Gen/Reklam-Pazarlama-Satis/Dijital-Pazarlama/Dijital-pazarlama.pdf,2502621,0d68bc6acda45967592ea2cbcd9befa6c7fba356adae29e4ec798654c5c7c538,2026-08-14 16:54:47
1857,Icerik Pazarlamasi,Bilinmiyor,37,pdf,Books/b-Lİbrary_Tr-Gen-20260601T232943Z-3-003/b-Lİbrary_Tr-Gen/Reklam-Pazarlama-Satis/Dijital-Pazarlama/Icerik Pazarlamasi.pdf,11561217,32b0fc8d4dc8a23f1d5c1b1d01c7c591dae69f230b7f785483f891e3010086de,2026-08-14 16:54:47
1858,PowerPoint Sunusu,hp,16,pdf,Books/b-Lİbrary_Tr-Gen-20260601T232943Z-3-003/b-Lİbrary_Tr-Gen/Reklam-Pazarlama-Satis/Dijital-Pazarlama/Network-Marketing-Doğrular-Yanlışlar.pdf,1453575,ea0b0db2a230cecab44a95f5c5882c5904cd6d8c00a171ce812f850ed2892960,2026-08-14 16:54:47
1859,Network Marketing Kazanc Rehberi,Bilinmiyor,20,pdf,Books/b-Lİbrary_Tr-Gen-20260601T232943Z-3-003/b-Lİbrary_Tr-Gen/Reklam-Pazarlama-Satis/Dijital-Pazarlama/Network-Marketing-Kazanc-Rehberi.pdf,14177455,9d276b8459971a44b1558ec020edeb1ddfa2f178d8d271239d4ef619a554995f,2026-08-14 16:54:47
1860,Durtme Richard H Thaler,Bilinmiyor,337,pdf,Books/b-Lİbrary_Tr-Gen-20260601T232943Z-3-003/b-Lİbrary_Tr-Gen/Reklam-Pazarlama-Satis/Durtme-Richard-H-Thaler.pdf,26629199,12400ef38e3cd368a9f075283579707d92f063a15632a3f45479d57319d18eb0,2026-08-14 16:54:47
1861,Etsy Rehberi Sıfırdan Profesyonelliğe Giden Yol 3 1,Bilinmiyor,79,pdf,Books/b-Lİbrary_Tr-Gen-20260601T232943Z-3-003/b-Lİbrary_Tr-Gen/Reklam-Pazarlama-Satis/Etsy/Etsy-Rehberi-Sıfırdan-Profesyonelliğe-Giden-Yol-3-1 (1).pdf,6417461,4ca1edcb2cec75fe96e1f0b6e1df1f62d9fc8d27db4059d98818fb73ce6bdf87,2026-08-14 16:54:47
1862,Instagram E Kitap Sifirdan,nova bey,24,pdf,Books/b-Lİbrary_Tr-Gen-20260601T232943Z-3-003/b-Lİbrary_Tr-Gen/Reklam-Pazarlama-Satis/Sosyal Medya Marketing/Instagram-E-Kitap-Sifirdan.pdf,292905,fcf2d4a0da6dd9193db58d3eaf9e5122c9bf2dea8cf07cb9ac15d78b6efb9f8f,2026-08-14 16:54:47
1863,OLDEN HOUR,batuhan demirel,46,pdf,Books/b-Lİbrary_Tr-Gen-20260601T232943Z-3-003/b-Lİbrary_Tr-Gen/Reklam-Pazarlama-Satis/Sosyal Medya Marketing/Instegram Algoritma ve Gelir.pdf,10697500,a6d6b20b099badd7719d66078d9f56d1aa15a946351fa30b90317c80715a6990,2026-08-14 16:54:47
1864,İnstagram'da Milyonlara Ulaş ve Para Kazan-Ferdi ALMA-E-Kitap,Ferdi ALMA,99,pdf,Books/b-Lİbrary_Tr-Gen-20260601T232943Z-3-003/b-Lİbrary_Tr-Gen/Reklam-Pazarlama-Satis/Sosyal Medya Marketing/Instegram-E-TICARET MARKETING.pdf,20741220,d2c12cbe59df592883cd646961742d93af591bba65ee4e3d840b83e7b3806e47,2026-08-14 16:54:47
1865,SMMA Baslangic egitimi,user,17,pdf,Books/b-Lİbrary_Tr-Gen-20260601T232943Z-3-003/b-Lİbrary_Tr-Gen/Reklam-Pazarlama-Satis/Sosyal Medya Marketing/SMMA-Baslangic egitimi.pdf,7347131,3d90b1580fc8f8a900ebf542b5ee313a15242846988e53fa60f6342ccb67dfb7,2026-08-14 16:54:47
1866,SMMA Başlangıc E Kitabı,Bilinmiyor,23,pdf,Books/b-Lİbrary_Tr-Gen-20260601T232943Z-3-003/b-Lİbrary_Tr-Gen/Reklam-Pazarlama-Satis/Sosyal Medya Marketing/SMMA-Başlangıc-E-Kitabı.pdf,6116883,5ae10fcfebd4c9b9c52f51cb295b925b5aeff340ab703c1555566d01e99af197,2026-08-14 16:54:47
1867,SMMA Sosyal Medya Marketing Nedir,OZAN BARIŞ,95,pdf,Books/b-Lİbrary_Tr-Gen-20260601T232943Z-3-003/b-Lİbrary_Tr-Gen/Reklam-Pazarlama-Satis/Sosyal Medya Marketing/SMMA-Sosyal Medya Marketing-Nedir.pdf,1400403,5f7c4b013cb359f448abf779ea92659543dfad83e18216da4a0528e8de0af16c,2026-08-14 16:54:47
1868,Sosyalmedya Reklamciliginin El Kitabi,Bilinmiyor,23,pdf,Books/b-Lİbrary_Tr-Gen-20260601T232943Z-3-003/b-Lİbrary_Tr-Gen/Reklam-Pazarlama-Satis/Sosyal Medya Marketing/Sosyalmedya-Reklamciliginin-El-Kitabi.pdf,1106777,a62113f1448175f1501d2c2c69b8e13f06183780007cfd417af0ec5f783b9229,2026-08-14 16:54:47
1869,GİZLİ KONSEPTLER 2,Nilufer Aslan,46,pdf,Books/b-Lİbrary_Tr-Gen-20260601T232943Z-3-003/b-Lİbrary_Tr-Gen/Reklam-Pazarlama-Satis/Sosyal Medya Marketing/Youtube Gizli-Konseptler-2-Akademi.pdf,83525187,f7d077af8f2c1ca5c190ad48d62c77b490be613da5cce37068b1d7f88a6ea3bf,2026-08-14 16:54:47
1870,Youtube Para Kazanma Rehberi,Bilinmiyor,16,pdf,Books/b-Lİbrary_Tr-Gen-20260601T232943Z-3-003/b-Lİbrary_Tr-Gen/Reklam-Pazarlama-Satis/Sosyal Medya Marketing/Youtube-Para-Kazanma-Rehberi.pdf,1025025,a18c0ab5691d9349b459640cdedb27500d8e1f379cd7d090a1bde469f064f867,2026-08-14 16:54:47
1871,Boş Siyah 2,Bilinmiyor,55,pdf,Books/b-Lİbrary_Tr-Gen-20260601T232943Z-3-003/b-Lİbrary_Tr-Gen/Reklam-Pazarlama-Satis/Sosyal Medya Marketing/Youtube-ve-Instagramda-Gelir-Oluşturma.pdf,8225155,a963e271338967785729a9bc5ebb779bd2d0f3e6915c905d2ef1a29acfdecfa6,2026-08-14 16:54:47
1872,İnstagram Buyume Sırları Finansal Gelişim,Bilinmiyor,97,pdf,Books/b-Lİbrary_Tr-Gen-20260601T232943Z-3-003/b-Lİbrary_Tr-Gen/Reklam-Pazarlama-Satis/Sosyal Medya Marketing/İnstagram-Buyume-Sırları-Finansal-Gelişim.pdf,6177473,a06b6bb10dc59e1da1019dd2019b3e3f29c4669d5a04042c20c4d37e4b9dadc3,2026-08-14 16:54:47
1873,Beyaz Zambaklar Ulkesinde Grigoriy Petrov,Bilinmiyor,18,pdf,Books/b-Lİbrary_Tr-Gen-20260601T232943Z-3-003/b-Lİbrary_Tr-Gen/Roman_Ybn/Beyaz-Zambaklar-Ulkesinde-Grigoriy-Petrov.pdf,2609198,042a1d32bd547cd8550dd9cd5f426072e9088763884a7052cb4f3153c8ee4ecd,2026-08-14 16:54:47
1874,Gün Olur Asra Bedel,Cengiz Aytmatov,607,pdf,Books/b-Lİbrary_Tr-Gen-20260601T232943Z-3-003/b-Lİbrary_Tr-Gen/Roman_Ybn/Cengiz-Aytmatov-Gün Olur Asra Bedel.pdf,1743265,33869255b4ddd8cbe2ea2fb11dca78c0a18c5f4f954c9d4a735be08dcee0f05c,2026-08-14 16:54:47
1875,Charles Dickens İki Şehrin Hikayesi,Bilinmiyor,-,epub,Books/b-Lİbrary_Tr-Gen-20260601T232943Z-3-003/b-Lİbrary_Tr-Gen/Roman_Ybn/Charles Dickens-İki Şehrin Hikayesi.epub,492835,b2bf89b6b5b1fec88491f51eef04c8969573ee491028ac0c205e9023902839b9,2026-08-14 16:54:47
1876,Beyaz Geceler (AKVARYUM),Fyodor Dostoyevski,127,pdf,Books/b-Lİbrary_Tr-Gen-20260601T232943Z-3-003/b-Lİbrary_Tr-Gen/Roman_Ybn/Dostoyevski-Beyaz-Geceler.pdf,836434,08b638e2ddb2b8aafc6704bb0cf1be42af00afc1ee5617c4a16136b32c7c4c10,2026-08-14 16:54:47
1877,George Orwell,Bilinmiyor,-,epub,Books/b-Lİbrary_Tr-Gen-20260601T232943Z-3-003/b-Lİbrary_Tr-Gen/Roman_Ybn/George Orwell-1984.epub,232226,69fa578977bc665fbfb510dec461225c0bc9765f8bd2d6f03232a73be6f5fff3,2026-08-14 16:54:47
1878,George Orwell 1984 Can,Bilinmiyor,353,pdf,Books/b-Lİbrary_Tr-Gen-20260601T232943Z-3-003/b-Lİbrary_Tr-Gen/Roman_Ybn/George-Orwell-1984-Can.pdf,7551239,c14020d908a1fc1138cc2f8e6259583ee73703e7175006304a89e2d4e630e1ad,2026-08-14 16:54:47
1879,George Orwell 1984 isbankasi,Bilinmiyor,352,pdf,Books/b-Lİbrary_Tr-Gen-20260601T232943Z-3-003/b-Lİbrary_Tr-Gen/Roman_Ybn/George-Orwell-1984-isbankasi.pdf,3078884,0220f2cd89c10800bb42d772bea106351e9407c3e0831bdbd7515d2cd0142ce1,2026-08-14 16:54:47
1880,Hayvan Çiftliği,George Orwell,80,pdf,Books/b-Lİbrary_Tr-Gen-20260601T232943Z-3-003/b-Lİbrary_Tr-Gen/Roman_Ybn/George-Orwell-Hayvan-Ciftligi-Can.pdf,390028,f6dfa7b85c3b903df4f14ee9f71060494030a47e3ce087017c59fa9999cc455f,2026-08-14 16:54:47
1881,John Steinbeck Fareler Ve İnsanlar,Bilinmiyor,127,pdf,Books/b-Lİbrary_Tr-Gen-20260601T232943Z-3-003/b-Lİbrary_Tr-Gen/Roman_Ybn/John-Steinbeck-Fareler-Ve-İnsanlar.pdf,1770673,a0aabf222e032bef27e9d0e2f9f7c8903eb904b8d479709c4711c61f3139072a,2026-08-14 16:54:47
1882,John Steinbeck Gazap Uzumleri Sel,Bilinmiyor,558,pdf,Books/b-Lİbrary_Tr-Gen-20260601T232943Z-3-003/b-Lİbrary_Tr-Gen/Roman_Ybn/John-Steinbeck-Gazap-Uzumleri-Sel-pdf.pdf,5930455,dd3a72ad340e045b3251c24ed4613232296c7a7666a59dc6aeb758fae0cc4b3f,2026-08-14 16:54:47
1883,Martı,Richard Bach,101,pdf,Books/b-Lİbrary_Tr-Gen-20260601T232943Z-3-003/b-Lİbrary_Tr-Gen/Roman_Ybn/Martı-Richard-Bach.pdf,1044174,8d78fbefa60b5ea6a4fb14c37682ed19025e2928176af147470a7bdbf7f2fbd4,2026-08-14 16:54:47
1884,Monte Kristo Kontu - Alexandre Dumas,Bilinmiyor,1783,pdf,Books/b-Lİbrary_Tr-Gen-20260601T232943Z-3-003/b-Lİbrary_Tr-Gen/Roman_Ybn/Monte-Kristo-Kontu1-Alexandre-Dumas.pdf,5313837,a31578bb13bc36fc4aa18931ff3fd6310c6bb05218a83d8a3f52e1a565bb85ca,2026-08-14 16:54:47
1885,Monte Kristo Kontu,Alexandre Dumas,1370,pdf,Books/b-Lİbrary_Tr-Gen-20260601T232943Z-3-003/b-Lİbrary_Tr-Gen/Roman_Ybn/Monte-Kristo-Kontu2-Alexandre-Dumas.pdf,6597481,86c3bfb989ef7d956355bab8cd9c3085c0f64444552157b513d0d63c2a465b93,2026-08-14 16:54:47
1886,Savaş ve Barış Tolstoy,Bilinmiyor,-,epub,Books/b-Lİbrary_Tr-Gen-20260601T232943Z-3-003/b-Lİbrary_Tr-Gen/Roman_Ybn/Savaş ve Barış-Tolstoy.epub,1859615,cd0b4e97ca80472a07593543dbe6a6abf4084a01d47f98b94be35c2e5f7dacd4,2026-08-14 16:54:47
1887,Sefiller,Victor Hugo,372,pdf,Books/b-Lİbrary_Tr-Gen-20260601T232943Z-3-003/b-Lİbrary_Tr-Gen/Roman_Ybn/Sefiller-Bordo-Siyah-Victor-Hugo.pdf,1409334,3c2b839a6b89bfad0e5c03da46edd2b0634bf7ff4f4269d2450ec54c3d20c04b,2026-08-14 16:54:47
1888,Sefiller Cilt 1,Victor Hugo,922,pdf,Books/b-Lİbrary_Tr-Gen-20260601T232943Z-3-003/b-Lİbrary_Tr-Gen/Roman_Ybn/SefillerTek-Cilt-Victor-Hugo.pdf,4141087,958a53495442a5ee413609197c3aba7bca636762ab9ae6d6b586b3277e7bd1ca,2026-08-14 16:54:47
1889,Şeker Portakalı Jose Mauro de Vasconcelos,Bilinmiyor,186,pdf,Books/b-Lİbrary_Tr-Gen-20260601T232943Z-3-003/b-Lİbrary_Tr-Gen/Roman_Ybn/Şeker Portakalı-Jose-Mauro-de-Vasconcelos.pdf,1668387,70cc565a1c17bb8fc1cec8eadfddd13f38e4814f6ae573f7cc8c51d26d6a9b2f,2026-08-14 16:54:47
1890,Sanat Kitabı Alfa Yayınları,Bilinmiyor,352,pdf,Books/b-Lİbrary_Tr-Gen-20260601T232943Z-3-003/b-Lİbrary_Tr-Gen/Sanat/Sanat-Kitabı-Alfa-Yayınları.pdf,51536506,cfbd14f840cd7e72486065b95533cdc413ea0a7ee5647d9e92a5443b53fb2011,2026-08-14 16:54:47
1891,Aidin Salih Gerc ek Tıp SON BASKI,Bilinmiyor,449,pdf,Books/b-Lİbrary_Tr-Gen-20260601T232943Z-3-003/b-Lİbrary_Tr-Gen/Tıp/Aidin-Salih-Gerc-ek-Tıp-SON-BASKI-pdf.pdf,15802526,498fa83c52f795abcc22bdc2af11f77e2cdbc9987430b0e61add28fb5be327a4,2026-08-14 16:54:53
1892,DUSUNCE GUCUYLE TEDAVi,Bilinmiyor,52,pdf,Books/b-Lİbrary_Tr-Gen-20260601T232943Z-3-003/b-Lİbrary_Tr-Gen/Tıp/DUSUNCE-GUCUYLE-TEDAVi.pdf,304148,2d3d9c60c85018409f1d7f8ae8ff934f7d1f51e2cc1a794aae28561d0a6b36a1,2026-08-14 16:54:53
1893,Dr Aidin Salih Gerçek Tıp Yitik Şifanın İzinde,Bilinmiyor,449,pdf,Books/b-Lİbrary_Tr-Gen-20260601T232943Z-3-003/b-Lİbrary_Tr-Gen/Tıp/Dr Aidin Salih-Gerçek Tıp Yitik Şifanın İzinde-.pdf,6299055,54c8c43a50d1212342a14b9cc13545fb21c52d99e525dca0865ec5eae8decba1,2026-08-14 16:54:53
1894,Fitoterapi Doğanın Iyileştirici Gucu,Bilinmiyor,192,pdf,Books/b-Lİbrary_Tr-Gen-20260601T232943Z-3-003/b-Lİbrary_Tr-Gen/Tıp/Fitoterapi-Doğanın-Iyileştirici-Gucu.pdf,383054,ad214e9ef4958b49ae51b5dae330129da9d6713a271121d168857dfa83dd8f2e,2026-08-14 16:54:53
1895,HASTALIKLARIN ESAS SEBEPLERİ,tcdd,17,pdf,Books/b-Lİbrary_Tr-Gen-20260601T232943Z-3-003/b-Lİbrary_Tr-Gen/Tıp/HASTALIKLARIN-ESAS-SEBEPLERİ-docx.pdf,216365,226b794dab8f4ea4fc494e46831e1db0a510b472064f01607c3c5904c88b0054,2026-08-14 16:54:53
1896,Hacamat,Bilinmiyor,4,pdf,Books/b-Lİbrary_Tr-Gen-20260601T232943Z-3-003/b-Lİbrary_Tr-Gen/Tıp/Hacamat-pdf.pdf,9250589,d24f015b46fa127ba6b7b6117e8820993699cc0ce14ab1f12a3cf2ef87269fa7,2026-08-14 16:54:53
1897,NeuroFormat,Said Umut,7,pdf,Books/b-Lİbrary_Tr-Gen-20260601T232943Z-3-003/b-Lİbrary_Tr-Gen/Tıp/Hastaliklar-Ve-Sebepleri.pdf,274782,b90a573857bd9b8692d8b4fe0bcffb2e8e60834aac97ee6a52dd40aaf337d4f6,2026-08-14 16:54:53
1898,Ibni Sina Beslenme,Bilinmiyor,21,pdf,Books/b-Lİbrary_Tr-Gen-20260601T232943Z-3-003/b-Lİbrary_Tr-Gen/Tıp/Ibni Sina-Beslenme.pdf,32854868,91fec5855cac76df25051c27cc8c2af7316f567878c03cdc4176730067ab72a4,2026-08-14 16:54:53
1899,El-Kanun Fi't-tıb Özeti .docx,FATİH ULU,69,pdf,Books/b-Lİbrary_Tr-Gen-20260601T232943Z-3-003/b-Lİbrary_Tr-Gen/Tıp/Ibni Sina-El-Kanun-Fit-Tıb-Ozeti.pdf,2289398,b7bfdd47fc7bf748af002efce01507122603dfd3234f4d59de33c575f95f2f2c,2026-08-14 16:54:53
1900,Kadim Cin Tıbbı İle Şifa Mantak Chia Dena Saxer,Bilinmiyor,231,pdf,Books/b-Lİbrary_Tr-Gen-20260601T232943Z-3-003/b-Lİbrary_Tr-Gen/Tıp/Kadim-Cin-Tıbbı-İle-Şifa-Mantak-Chia-Dena-Saxer.pdf,26786701,fad8909f66673a07174b5ffd35173d902ec5733b2a8096401c99873e55aa3ba6,2026-08-14 16:54:53
1901,Kendini İyileştirme İşi Nasıl Yapılır Nicole LePera,Bilinmiyor,304,pdf,Books/b-Lİbrary_Tr-Gen-20260601T232943Z-3-003/b-Lİbrary_Tr-Gen/Tıp/Kendini-İyileştirme-İşi-Nasıl-Yapılır-Nicole-LePera.pdf,2459857,63190854a04aca9614906186420c80e49b7f238ac066010c236694f816bf6787,2026-08-14 16:54:53
1902,Kinesioloji,Bilinmiyor,282,pdf,Books/b-Lİbrary_Tr-Gen-20260601T232943Z-3-003/b-Lİbrary_Tr-Gen/Tıp/Kinesioloji.pdf,2902118,175ef162b2764ce27982ca40269db3a0e85bc47edd93e35f8965fdbfef6f7490,2026-08-14 16:54:53
1903,Nefes,Bilinmiyor,109,pdf,Books/b-Lİbrary_Tr-Gen-20260601T232943Z-3-003/b-Lİbrary_Tr-Gen/Tıp/Nefes.pdf,5214230,13190c2cfbb6997a9c48ed6b99831abf84a2a9c468cb4b5235144dd5e83dcceb,2026-08-14 16:54:53
1904,PowerPoint Sunusu,MT,26,pdf,Books/b-Lİbrary_Tr-Gen-20260601T232943Z-3-003/b-Lİbrary_Tr-Gen/Tıp/Refleksoloji-Yogasaka.pdf,5759910,b2568d56d5636d792a9478a621ad62f419d1a75ae48560a8e31241f7820f65b7,2026-08-14 16:54:53
1905,Refleksoloji Zeynep Aksel Wilhelm,Bilinmiyor,104,pdf,Books/b-Lİbrary_Tr-Gen-20260601T232943Z-3-003/b-Lİbrary_Tr-Gen/Tıp/Refleksoloji-Zeynep-Aksel-Wilhelm.pdf,5759156,127da0287a16e65aa1cd5c55e5e06daabf041079f407e2ef0b6ca3e9e7f0fa69,2026-08-14 16:54:53
1906,Sifali Bitkiler,Bilinmiyor,367,pdf,Books/b-Lİbrary_Tr-Gen-20260601T232943Z-3-003/b-Lİbrary_Tr-Gen/Tıp/Sifali-Bitkiler-PDF.pdf,2846956,f0a16fa62aad84e6bdcf622838c24df544fd6a754e50edba9426f7a5eaea5fd2,2026-08-14 16:54:53
1907,The Merck Manual - Hasta Belirtileri Pratik Tanı ve Tedavi Rehberi,YRDSL_SCAN,637,pdf,Books/b-Lİbrary_Tr-Gen-20260601T232943Z-3-003/b-Lİbrary_Tr-Gen/Tıp/The Merck Manual Hasta Belirtileri Pratik Tanı ve Tedavi Rehberi (Nurver Tufaner Sipahioğlu) (z-lib.org).pdf,47307135,5bc6437df9acc8fce794282cdc887f9a69fdf3672781e7726ce98b9725b57fd3,2026-08-14 16:54:53
1908,Vagus Sinirinin Şifa Gucunu Keşfetmek Stanley Rosenberg,Bilinmiyor,327,pdf,Books/b-Lİbrary_Tr-Gen-20260601T232943Z-3-003/b-Lİbrary_Tr-Gen/Tıp/Vagus-Sinirinin-Şifa-Gucunu-Keşfetmek-Stanley-Rosenberg.pdf,7767751,345679fb6e46084a75914f847bbaa56f25b8e63244479ec8f962092ab21e55bf,2026-08-14 16:54:53
1909,Zihin Gücüyle İyileşme (Debbie Shapiro) (z lib.org),Bilinmiyor,-,epub,Books/b-Lİbrary_Tr-Gen-20260601T232943Z-3-003/b-Lİbrary_Tr-Gen/Tıp/Zihin Gücüyle İyileşme (Debbie Shapiro) (z-lib.org).epub,1577017,7b17b99082eb359e2a912aa457627a8f8cdbc987726be28b7b739acaa881dce3,2026-08-14 16:54:53
1910,Zihin Gucuyle İyileşme Debbie Shapiro,Bilinmiyor,309,pdf,Books/b-Lİbrary_Tr-Gen-20260601T232943Z-3-003/b-Lİbrary_Tr-Gen/Tıp/Zihin-Gucuyle-İyileşme-Debbie-Shapiro.pdf,6212625,e359b8531da5b82bb7a5766145107a95c51f862c994b89ba9548022deaefb230,2026-08-14 16:54:53
1911,İyileştiren Bitkiler Prof Dr Erdem Yeşilada,Bilinmiyor,386,pdf,Books/b-Lİbrary_Tr-Gen-20260601T232943Z-3-003/b-Lİbrary_Tr-Gen/Tıp/İyileştiren-Bitkiler-Prof-Dr-Erdem-Yeşilada-pdf.pdf,3632692,a09856a1442a646b409f951767ab40725aa919de97915cb0b3e226361ddee573,2026-08-14 16:54:53
1912,Amerika Dersleri Italo Calvino,Bilinmiyor,151,pdf,Books/b-Lİbrary_Tr-Gen-20260601T232943Z-3-003/b-Lİbrary_Tr-Gen/Us Book/Amerika-Dersleri--Italo-Calvino.pdf,5816123,65244c64b4f53a2c30c9ef3c9ab5a4d4ce7bfbc5b2d629601fba83783ede46fe,2026-08-14 16:54:53
1913,Astroloji nasıl oğrenilir e kitap,Bilinmiyor,49,pdf,Books/b-Lİbrary_Tr-Gen-20260601T232943Z-3-003/b-Lİbrary_Tr-Gen/Yildiz ilmi/Astroloji-nasıl-oğrenilir-e-kitap.pdf,3735120,3542fd45dd1c717c2a51da96a324a823ac71c51d7b56e1e2a4ce4651ef678e50,2026-08-14 16:54:53
1914,BURCLAR VE ASTROLOJİ,Bilinmiyor,63,pdf,Books/b-Lİbrary_Tr-Gen-20260601T232943Z-3-003/b-Lİbrary_Tr-Gen/Yildiz ilmi/BURCLAR-VE-ASTROLOJİ (1).pdf,3924504,83aef37e0812081b3d8810eaec7225b8a6580eb1d047e4bf24a5addb4848109c,2026-08-14 16:54:53
1915,Doğum Haritası Yorumlama Sanatı,Tracy Marks,231,pdf,Books/b-Lİbrary_Tr-Gen-20260601T232943Z-3-003/b-Lİbrary_Tr-Gen/Yildiz ilmi/Doğum-Haritası-Yorumlama-Sanatı-Tracy-Marks.pdf,3719061,457367642d2519a936127cda64e699b58bba25731fba6f4b9a8a0c2441839443,2026-08-14 16:54:53
1916,Dost Kazanmak ve insanlar Uzerinde Tesir Yapmak Dale Carnegie,Bilinmiyor,288,pdf,Books/b-Lİbrary_Tr-Gen-20260601T232943Z-3-003/b-Lİbrary_Tr-Gen/İletişim ve catisma/Dost-Kazanmak-ve-insanlar-Uzerinde-Tesir-Yapmak-Dale-Carnegie.pdf,9395940,fe7a2a14069a55f8aeb3ddb89c9c120b7a07eba1474b9007c3f35da5bea92693,2026-08-14 16:54:53
1917,Erkekler Mars tan Kadınlar Venus ten John Gray,Bilinmiyor,290,pdf,Books/b-Lİbrary_Tr-Gen-20260601T232943Z-3-003/b-Lİbrary_Tr-Gen/İletişim ve catisma/Erkekler-Mars-tan-Kadınlar-Venus-ten-John-Gray.pdf,5583151,3aec813c58e509f959d03a58d89aa5daeca3441d528efbc88ba87ba37d26f0ab,2026-08-14 16:54:53
1918,Etkili Iletisimin 13 Kuralı,Bilinmiyor,320,pdf,Books/b-Lİbrary_Tr-Gen-20260601T232943Z-3-003/b-Lİbrary_Tr-Gen/İletişim ve catisma/Etkili Iletisimin 13-Kuralı.pdf,27983222,59d7d8ccd4c62c38231f2693d27324c746fd2de81d2c5380c2b96f96353bbbfa,2026-08-14 16:54:53
1919,Zor Kişiliklerle Yaşamak Christophe Andre,Bilinmiyor,331,pdf,Books/b-Lİbrary_Tr-Gen-20260601T232943Z-3-003/b-Lİbrary_Tr-Gen/İletişim ve catisma/Zor-Kişiliklerle-Yaşamak-Christophe-Andre.pdf,2876869,4e0d90bbb55ea9cc43b85b85894ad015a1d2dd2b65204879d20d5b319ab48678,2026-08-14 16:54:53
1920,İletişim Dehası Henrik Fexeus,Bilinmiyor,302,pdf,Books/b-Lİbrary_Tr-Gen-20260601T232943Z-3-003/b-Lİbrary_Tr-Gen/İletişim ve catisma/İletişim-Dehası-Henrik-Fexeus.pdf,2388067,e198476a8179406dd134201acaaca890255948d13ed5dadeba8ccf53ae948e73,2026-08-14 16:54:53
1921,İletişimSizlik Becerisi A Kadir Ozer,Bilinmiyor,153,pdf,Books/b-Lİbrary_Tr-Gen-20260601T232943Z-3-003/b-Lİbrary_Tr-Gen/İletişim ve catisma/İletişimSizlik-Becerisi-A-Kadir-Ozer.pdf,5330629,a5910740490b77a37cb51600258e913fe72d4cdeb5b850b60dd318bdcb019b32,2026-08-14 16:54:53
