dosya_adi,kaynak_yol,txt_dosyasi,format,sayfa_sayisi,kelime_sayisi,karakter_sayisi,durum,sha256_hash
The Thirty-Six Stratagems A Modern Interpretation Of A Strategy Classic (Peter Taylor) (z-lib.org).epub,Books/Books for Text_Eng-20260529T160906Z-3-001/Books for Text_Eng/Art of War/The Thirty-Six Stratagems A Modern Interpretation Of A Strategy Classic (Peter Taylor) (z-lib.org).epub,The Thirty-Six Stratagems A Modern Interpretation Of A Strategy Classic (Peter Taylor) (z-lib.org).txt,EPUB,109,30426,173487,Başarılı,d2e364eb3f8b5081066f199baa9e8c605c8d6668a9347e7152a988cc4dbc942f
The Art of War (Sun Tzu) (z-lib.org).epub,Books/Books for Text_Eng-20260529T160906Z-3-001/Books for Text_Eng/Art of War/The Art of War (Sun Tzu) (z-lib.org).epub,The Art of War (Sun Tzu) (z-lib.org).txt,EPUB,41,10664,61556,Başarılı,475a33c7e8315f6a478db94273ab64867dd3c321ddd41af2704085f5b97d8871
FreeMasonry-Shriners-Eastern-Star-Illuminati-Bilderbergers-and-others.pdf,Books/Books for Text_Eng-20260529T160906Z-3-001/Books for Text_Eng/DUVAR-Eng/FreeMasonry-Shriners-Eastern-Star-Illuminati-Bilderbergers-and-others.pdf,FreeMasonry-Shriners-Eastern-Star-Illuminati-Bilderbergers-and-others.txt,PDF,25,18691,108635,Başarılı,b002b254569840d0def2bd1a9989e6adbc9b587de555bc3a53703c9f92a91b5d
Sun Tzu The Art of War (Restored Translation) (Sun Tzu) (z-lib.org).pdf,Books/Books for Text_Eng-20260529T160906Z-3-001/Books for Text_Eng/Art of War/Sun Tzu The Art of War (Restored Translation) (Sun Tzu) (z-lib.org).pdf,Sun Tzu The Art of War (Restored Translation) (Sun Tzu) (z-lib.org).txt,PDF,67,12137,67519,Başarılı,d446633c47254520cb0bed1a9b80f2c7b9edc714b4f0ae3e39afc2039743ecdb
One Hundred Unorthodox Strategies Battle And Tactics of Chinese Warfare (Ralph D. Sawyer) (z-lib.org).epub,Books/Books for Text_Eng-20260529T160906Z-3-001/Books for Text_Eng/Art of War/One Hundred Unorthodox Strategies Battle And Tactics of Chinese Warfare (Ralph D. Sawyer) (z-lib.org).epub,One Hundred Unorthodox Strategies Battle And Tactics of Chinese Warfare (Ralph D. Sawyer) (z-lib.org).txt,EPUB,318,107073,667957,Başarılı,fcffe1b603f1989cd64a09539e0a392dde572e17231b5250193937003d4be4c3
"The 36 strategies of the martial arts  the classic Chinese guide for success in war, business, and life (Moriya, Hiroshi Wilson, William Scott) (z-lib.org).epub","Books/Books for Text_Eng-20260529T160906Z-3-001/Books for Text_Eng/Art of War/The 36 strategies of the martial arts  the classic Chinese guide for success in war, business, and life (Moriya, Hiroshi Wilson, William Scott) (z-lib.org).epub","The 36 strategies of the martial arts the classic Chinese guide for success in war, business, and life (Moriya, Hiroshi Wilson, William Scott) (z-lib.org).txt",EPUB,193,44906,261227,Başarılı,a9c25d1f81e0b472cb7056bd4682fd80e398f44e726f9977233647ac00296b74
"The Art of War Complete Texts and Commentaries (Sun Tzu, Thomas Cleary) (z-lib.org).epub","Books/Books for Text_Eng-20260529T160906Z-3-001/Books for Text_Eng/Art of War/The Art of War Complete Texts and Commentaries (Sun Tzu, Thomas Cleary) (z-lib.org).epub","The Art of War Complete Texts and Commentaries (Sun Tzu, Thomas Cleary) (z-lib.org).txt",EPUB,491,141919,823617,Başarılı,494b7f3b1a80b70ad5f4d15a5d70ca87a88cbfa9461d790f38a80c4571170dd0
The art of war = [Sunzi bing fa] (Sunzi Ralph D Sawyer Mei-chün Sawyer) (z-lib.org).epub,Books/Books for Text_Eng-20260529T160906Z-3-001/Books for Text_Eng/Art of War/The art of war = [Sunzi bing fa] (Sunzi Ralph D Sawyer Mei-chün Sawyer) (z-lib.org).epub,The art of war = [Sunzi bing fa] (Sunzi Ralph D Sawyer Mei-chün Sawyer) (z-lib.org).txt,EPUB,289,107168,676179,Başarılı,24a138139eff62762acc67e7f1caee550201d3ebe854560629ec17ecb2966e76
Morgans Freemasonry Exposed and Explained (William Morgan) (z-lib.org).pdf,Books/Books for Text_Eng-20260529T160906Z-3-001/Books for Text_Eng/DUVAR-Eng/Morgans Freemasonry Exposed and Explained (William Morgan) (z-lib.org).pdf,Morgans Freemasonry Exposed and Explained (William Morgan) (z-lib.org).txt,PDF,124,58110,321573,Başarılı,28ed54f3471f52cb5ea725c763782e5ad7a4644a8ff39358693457f13c36f810
The Freemasons in America Inside the Secret Society (H. Paul Jeffers) (z-lib.org).epub,Books/Books for Text_Eng-20260529T160906Z-3-001/Books for Text_Eng/DUVAR-Eng/Msn_Abd/The Freemasons in America Inside the Secret Society (H. Paul Jeffers) (z-lib.org).epub,The Freemasons in America Inside the Secret Society (H. Paul Jeffers) (z-lib.org).txt,EPUB,213,69314,424889,Başarılı,ae08628acf55df987115cd39beca157c27b00169b24b8270e5a37b34a2f9674a
"Rule by Secrecy The Hidden History that Connects the Trilateral Commission, the Freemasons  the Great Pyramids (Jim Marrs) (z-lib.org) (1).epub","Books/Books for Text_Eng-20260529T160906Z-3-001/Books for Text_Eng/DUVAR-Eng/Illmnt/Rule by Secrecy The Hidden History that Connects the Trilateral Commission, the Freemasons  the Great Pyramids (Jim Marrs) (z-lib.org) (1).epub","Rule by Secrecy The Hidden History that Connects the Trilateral Commission, the Freemasons the Great Pyramids (Jim Marrs) (z-lib.org) (1).txt",EPUB,430,163530,1019839,Başarılı,c47c77cba06fd17846cd6e60feaf3ab2ae3f58cafa48ac9895faaa0d08a735a6
The Illuminati Facts and Fiction (Mark Dice) (z-lib.org).epub,Books/Books for Text_Eng-20260529T160906Z-3-001/Books for Text_Eng/DUVAR-Eng/Illmnt/The Illuminati Facts and Fiction (Mark Dice) (z-lib.org).epub,The Illuminati Facts and Fiction (Mark Dice) (z-lib.org).txt,EPUB,352,119081,712239,Başarılı,9b0831eaf66f508e7ea1c06d080c159f08cf789ea80167f13d8a101aede6d275
Masonic-Degree-Rituals.pdf,Books/Books for Text_Eng-20260529T160906Z-3-001/Books for Text_Eng/DUVAR-Eng/Msn_Book/Masonic-Degree-Rituals.pdf,Masonic-Degree-Rituals.txt,PDF,93,29276,178841,Başarılı,c65a9328d830feb8bc536ffe0906c8551c093f138faf3212ad93e8b4f2b09ee9
Secret-Ritual-of-the-33-Degree-Mason.pdf,Books/Books for Text_Eng-20260529T160906Z-3-001/Books for Text_Eng/DUVAR-Eng/Msn_Book/Secret-Ritual-of-the-33-Degree-Mason.pdf,Secret-Ritual-of-the-33-Degree-Mason.txt,PDF,21,7146,41688,Başarılı,635f3bf45065bf8e578d6b2307d29c548096a0b81f24425842fd396adbcfd70e
The 33 Strategies of War (Robert Greene) (z-lib.org).epub,Books/Books for Text_Eng-20260529T160906Z-3-001/Books for Text_Eng/Art of War/The 33 Strategies of War (Robert Greene) (z-lib.org).epub,The 33 Strategies of War (Robert Greene) (z-lib.org).txt,EPUB,626,249794,1478270,Başarılı,9852153574c71dc6116af065cbe0dfc4a371b705c5f4fc20d68af18d29338df4
17_degerler_ve_cikarlar_abdnin_ortadogu.pdf,Books/Books for Text_Eng-20260529T160906Z-3-001/Books for Text_Eng/DUVAR-Eng/Msn_Eng_Pdf/17_degerler_ve_cikarlar_abdnin_ortadogu.pdf,17_degerler_ve_cikarlar_abdnin_ortadogu.txt,PDF,31,10003,76890,Başarılı,a352e5331a8a21a9ec11926f27ccb9d1cdeaf6d2dfb480e8024c8bb02d7cc181
Freemasonary in the Ottoman.pdf,Books/Books for Text_Eng-20260529T160906Z-3-001/Books for Text_Eng/DUVAR-Eng/Msn_Book/Freemasonary in the Ottoman.pdf,Freemasonary in the Ottoman.txt,PDF,298,90902,588849,Başarılı,30004a2985ef708acdb1676806d0f0bf6c39b489335bb79fa66998f3b072bc06
Egyptian-Rite-of-Memphis.pdf,Books/Books for Text_Eng-20260529T160906Z-3-001/Books for Text_Eng/DUVAR-Eng/Msn_Book/Egyptian-Rite-of-Memphis.pdf,Egyptian-Rite-of-Memphis.txt,PDF,350,0,0,Görsel / Taranmış (0 Kelime),87927186ec9b391ffc78c7dc86232038fb464cbe1058acf1c01fef4dc78e0b21
10.33630-ausbf.570931-725075.pdf,Books/Books for Text_Eng-20260529T160906Z-3-001/Books for Text_Eng/DUVAR-Eng/Msn_Eng_Pdf/10.33630-ausbf.570931-725075.pdf,10.33630-ausbf.570931-725075.txt,PDF,34,12404,100342,Başarılı,88b4f09fdd867e9f269e73e5be1f6b5e53061640dfdeb52d5d08b99a807c86e1
The-Deadly-Deception.pdf,Books/Books for Text_Eng-20260529T160906Z-3-001/Books for Text_Eng/DUVAR-Eng/Msn_Abd/The-Deadly-Deception.pdf,The-Deadly-Deception.txt,PDF,152,60648,309397,Başarılı,15c81fe458eebb6515fef45fe7d659ad2d317cadcdddcb940509c00597acfb0b
Anti Globalization.pdf,Books/Books for Text_Eng-20260529T160906Z-3-001/Books for Text_Eng/DUVAR-Eng/Msn_Eng_Pdf/Anti Globalization.pdf,Anti Globalization.txt,PDF,25,10878,67889,Başarılı,96f2200659b648fdbe478914ad7d4150bcfc765bb018cfdae0bc1134ef912042
"That Religion in Which All Men Agree freemasonry in American culture (FreemasonsHackett, David G) (z-lib.org).epub","Books/Books for Text_Eng-20260529T160906Z-3-001/Books for Text_Eng/DUVAR-Eng/Msn_Abd/That Religion in Which All Men Agree freemasonry in American culture (FreemasonsHackett, David G) (z-lib.org).epub","That Religion in Which All Men Agree freemasonry in American culture (FreemasonsHackett, David G) (z-lib.org).txt",EPUB,314,128882,849974,Başarılı,c06525eae674910a5d3aecb60008f71c814bb67b04e948e8db1b49e019ae427c
"The Square and the Tower Networks and Power, from the Freemasons to Facebook (Niall Ferguson) (z-lib.org).epub","Books/Books for Text_Eng-20260529T160906Z-3-001/Books for Text_Eng/DUVAR-Eng/Illmnt/The Square and the Tower Networks and Power, from the Freemasons to Facebook (Niall Ferguson) (z-lib.org).epub","The Square and the Tower Networks and Power, from the Freemasons to Facebook (Niall Ferguson) (z-lib.org).txt",EPUB,555,178587,1130637,Başarılı,2d59885ebb50e0ddb28d13014524156435b18d39c033b91754f3f186f541c546
Four Masonic Elements.pdf,Books/Books for Text_Eng-20260529T160906Z-3-001/Books for Text_Eng/DUVAR-Eng/Msn_Eng_Pdf/Four Masonic Elements.pdf,Four Masonic Elements.txt,PDF,19,8785,53055,Başarılı,047a6976e0d680e137d993d967d6153ed259f5c6142877af3e0687ede4a075d2
Code_Texe Marrs-x.pdf,Books/Books for Text_Eng-20260529T160906Z-3-001/Books for Text_Eng/DUVAR-Eng/Msn_Book/Code_Texe Marrs-x.pdf,Code_Texe Marrs-x.txt,PDF,588,98366,591551,Başarılı,715f459d561baf6b7310c230046d8369f6dde91b70aa4c924e45bcf2692fcc0c
Global Leadership.pdf,Books/Books for Text_Eng-20260529T160906Z-3-001/Books for Text_Eng/DUVAR-Eng/Msn_Eng_Pdf/Global Leadership.pdf,Global Leadership.txt,PDF,23,8686,58733,Başarılı,1d0c2ed417394a754bfad37d429e54ef35d1c6d13d99c4a0d3e5042c90e255a3
Global-Britain-An-American-Review.pdf,Books/Books for Text_Eng-20260529T160906Z-3-001/Books for Text_Eng/DUVAR-Eng/Msn_Eng_Pdf/Global-Britain-An-American-Review.pdf,Global-Britain-An-American-Review.txt,PDF,20,8137,52309,Başarılı,69a5bcc74f9238c2322843190174a7ee66b97ff28470a157f7eb19f51f086e78
Freemasonry History.pdf,Books/Books for Text_Eng-20260529T160906Z-3-001/Books for Text_Eng/DUVAR-Eng/Msn_Eng_Pdf/Freemasonry History.pdf,Freemasonry History.txt,PDF,26,13795,88741,Başarılı,d434a54038bfb8c6b76bdfb4c7e4844eb67055c3931e51ebb84a476f96fed1a7
Sufi Freemason.pdf,Books/Books for Text_Eng-20260529T160906Z-3-001/Books for Text_Eng/DUVAR-Eng/Msn_Eng_Pdf/Msn_Read/Sufi Freemason.pdf,Sufi Freemason.txt,PDF,12,5303,32863,Başarılı,76072af29395bd2948120899164072acec2cabb4efee42e9ac41e45e41305e63
Between Jews and Freemasonay.pdf,Books/Books for Text_Eng-20260529T160906Z-3-001/Books for Text_Eng/DUVAR-Eng/Msn_Eng_Pdf/Msn_Read/Between Jews and Freemasonay.pdf,Between Jews and Freemasonay.txt,PDF,82,23855,150274,Başarılı,70e3137821213264a07e6febd1abb3cac9eb95bf11b0597b46fcf12a7bd6e3fa
Meeters in Secret_ The History of Freemasonry and Its Influence o.pdf,Books/Books for Text_Eng-20260529T160906Z-3-001/Books for Text_Eng/DUVAR-Eng/Msn_Eng_Pdf/Msn_Read/Meeters in Secret_ The History of Freemasonry and Its Influence o.pdf,Meeters in Secret_ The History of Freemasonry and Its Influence o.txt,PDF,30,8472,56424,Başarılı,38c8bcbe9db07d7fdb116f881fa8cde9397828c442acfa9df2775d920f16136f
The+Future+of+Freemasonry+-+SIRC+Report+-+Embargoed+until+00.01hrs+9+March+2012.pdf,Books/Books for Text_Eng-20260529T160906Z-3-001/Books for Text_Eng/DUVAR-Eng/Msn_Eng_Pdf/Msn_Read/The+Future+of+Freemasonry+-+SIRC+Report+-+Embargoed+until+00.01hrs+9+March+2012.pdf,The+Future+of+Freemasonry+-+SIRC+Report+-+Embargoed+until+00.01hrs+9+March+2012.txt,PDF,44,17771,103848,Başarılı,ced435051c1e789075adf90479a022339373bed72a0a59523cdcc9c9dd96ae8d
The Constitutions of the Free-Masons (1734)..pdf,Books/Books for Text_Eng-20260529T160906Z-3-001/Books for Text_Eng/DUVAR-Eng/Msn_Eng_Pdf/Msn_Read/The Constitutions of the Free-Masons (1734)..pdf,The Constitutions of the Free-Masons (1734)..txt,PDF,51,27771,156503,Başarılı,4ac5b44a64cc9ce2bfda7830a0b5a8dd80e23027d02d8bb429866145b02b7976
Masonic Networks.pdf,Books/Books for Text_Eng-20260529T160906Z-3-001/Books for Text_Eng/DUVAR-Eng/Msn_Eng_Pdf/Masonic Networks.pdf,Masonic Networks.txt,PDF,216,63434,401082,Başarılı,cda7846418c52c8c1da0520335bcc49642f99f816b9a4c36fdcc8b246a738186
World_s Masonic register.pdf,Books/Books for Text_Eng-20260529T160906Z-3-001/Books for Text_Eng/DUVAR-Eng/Msn_Abd/World_s Masonic register.pdf,World_s Masonic register.txt,PDF,596,228972,1559834,Başarılı,7fe9550effd34189e9cc2deed1dcb38dfaeacd5e0b0fa9dee297deb6b379f381
cl-tmt_1721-1956a.pdf,Books/Books for Text_Eng-20260529T160906Z-3-001/Books for Text_Eng/DUVAR-Eng/Msn_Book/cl-tmt_1721-1956a.pdf,cl-tmt_1721-1956a.txt,PDF,226,52536,376740,Başarılı,15d280f7b7b22ba4828b96eb0c9788a0d7f0f2d8800b6f1b53ace4be957f206b
FreemasonMagazine-1996-05.pdf,Books/Books for Text_Eng-20260529T160906Z-3-001/Books for Text_Eng/DUVAR-Eng/Msn_Eng_Pdf/Msn_magazin/FreemasonMagazine-1996-05.pdf,FreemasonMagazine-1996-05.txt,PDF,18,24259,144915,Başarılı,0567a939e2047c60677c8d1659696906894291bb826e0b343d59c7aee94ccde5
Secret-of-freemasonry.pdf,Books/Books for Text_Eng-20260529T160906Z-3-001/Books for Text_Eng/DUVAR-Eng/Msn_Eng_Pdf/Secret-of-freemasonry.pdf,Secret-of-freemasonry.txt,PDF,173,58093,353089,Başarılı,dfa45e438572353cea4f6628d85d644c2435ca8f8da25b25fa2d166657d47686
Lucifer_s Network.pdf,Books/Books for Text_Eng-20260529T160906Z-3-001/Books for Text_Eng/DUVAR-Eng/Msn_Eng_Pdf/Msn_Read/Lucifer_s Network.pdf,Lucifer_s Network.txt,PDF,355,149198,952882,Başarılı,4c58528b605132ba0d6ad7c5626b595bba3b46208a03059fad92f6010c9d240c
GlobalTrends_2030.pdf,Books/Books for Text_Eng-20260529T160906Z-3-001/Books for Text_Eng/DUVAR-Eng/Msn_Eng_Pdf/GlobalTrends_2030.pdf,GlobalTrends_2030.txt,PDF,160,73396,484548,Başarılı,224024be312d6bf140d08a31427a75e0484eaac6cdf775ecd1fc0a76fd3db843
THOMAS-DISSERTATION.pdf,Books/Books for Text_Eng-20260529T160906Z-3-001/Books for Text_Eng/DUVAR-Eng/Msn_Eng_Pdf/THOMAS-DISSERTATION.pdf,THOMAS-DISSERTATION.txt,PDF,216,63055,398928,Başarılı,79d0809cb143b4e3bf3641b17dcd74771c0f10240062425e27cdc8f7b36b54e9
The-32-Secret-Paths-of-Solomon_A-New-Examination-of-the-Qabbalah-in-Freemasonry (Timothy Hogan) (z-lib.org).pdf,Books/Books for Text_Eng-20260529T160906Z-3-001/Books for Text_Eng/DUVAR-Eng/Msn_Ezot/The-32-Secret-Paths-of-Solomon_A-New-Examination-of-the-Qabbalah-in-Freemasonry (Timothy Hogan) (z-lib.org).pdf,The-32-Secret-Paths-of-Solomon_A-New-Examination-of-the-Qabbalah-in-Freemasonry (Timothy Hogan) (z-lib.org).txt,PDF,98,23537,137659,Başarılı,3cf56a8c15e6ac5a6364aefbefb6e2d4806b4dc9be0f77be9c8d2f3ad9c6dc08
TheHiddenPowerOfFreemasonry.pdf,Books/Books for Text_Eng-20260529T160906Z-3-001/Books for Text_Eng/DUVAR-Eng/Msn_Eng_Pdf/Msn_Read/TheHiddenPowerOfFreemasonry.pdf,TheHiddenPowerOfFreemasonry.txt,PDF,178,54988,318565,Başarılı,11ca8dcdc3751fb81c18d01e08f51567a77a5d0686d664c8124869e67a4811c6
FreemasonMagazine-2008-08.pdf,Books/Books for Text_Eng-20260529T160906Z-3-001/Books for Text_Eng/DUVAR-Eng/Msn_Eng_Pdf/Msn_magazin/FreemasonMagazine-2008-08.pdf,FreemasonMagazine-2008-08.txt,PDF,36,31144,182500,Başarılı,d08795825e699bc622f3959472d39c06f27df0c9561a0a012329e246eebccbab
Morals-and-Dogma-of-the-Ancient-and-Accepted-Scottish-Rite.pdf,Books/Books for Text_Eng-20260529T160906Z-3-001/Books for Text_Eng/DUVAR-Eng/Msn_Book/Morals-and-Dogma-of-the-Ancient-and-Accepted-Scottish-Rite.pdf,Morals-and-Dogma-of-the-Ancient-and-Accepted-Scottish-Rite.txt,PDF,1076,450498,2646092,Başarılı,52ee53cbad92e9cd5ff1140ce6f4a90d66d963fcee0dc3fc049594e0bff609ff
soner-yalçın-efendi-1-beyaz-türklerin-büyük-sırrı.pdf,Books/Books for Text_Eng-20260529T160906Z-3-001/Books for Text_Eng/DUVAR-Eng/Msn_Book/soner-yalçın-efendi-1-beyaz-türklerin-büyük-sırrı.pdf,soner-yalçın-efendi-1-beyaz-türklerin-büyük-sırrı.txt,PDF,848,153712,1182960,Başarılı,1c384ea21d4b7a290627a22ae98260f206410654b236793c0181980a30071c78
"Esoteric freemasonry rituals  practices for a deeper understanding (Biasi, Jean-Louis de) (z-lib.org).epub","Books/Books for Text_Eng-20260529T160906Z-3-001/Books for Text_Eng/DUVAR-Eng/Msn_Ezot/Esoteric freemasonry rituals  practices for a deeper understanding (Biasi, Jean-Louis de) (z-lib.org).epub","Esoteric freemasonry rituals practices for a deeper understanding (Biasi, Jean-Louis de) (z-lib.org).txt",EPUB,259,78682,454440,Başarılı,cacb1cdd17df42a1303ecfa440a4f725437fe9a853dc5e1bf12404eeaeb77f72
"10,000 Famous Freemasons (William R. Denslow) (z-lib.org) (1).pdf","Books/Books for Text_Eng-20260529T160906Z-3-001/Books for Text_Eng/DUVAR-Eng/Msn_Famous/10,000 Famous Freemasons (William R. Denslow) (z-lib.org) (1).pdf","10,000 Famous Freemasons (William R. Denslow) (z-lib.org) (1).txt",PDF,40,22293,134921,Başarılı,fc4f2e0ea6d9eb5eaf290e418e0eaaba32e5f7704df9022d2492970189e1d0df
The_Integrated_Review.pdf,Books/Books for Text_Eng-20260529T160906Z-3-001/Books for Text_Eng/DUVAR-Eng/Msn_Eng_Pdf/The_Integrated_Review.pdf,The_Integrated_Review.txt,PDF,114,44284,290378,Başarılı,b384df9551eb100ecb0ccacd6d89edd258cd57935f3c5a55e3f43daf09d26259
The Masonic Myth (Jay Kinney) (z-lib.org).epub,Books/Books for Text_Eng-20260529T160906Z-3-001/Books for Text_Eng/DUVAR-Eng/Msn_Gen/The Masonic Myth (Jay Kinney) (z-lib.org).epub,The Masonic Myth (Jay Kinney) (z-lib.org).txt,EPUB,283,84785,524493,Başarılı,aa147babd34cd486c624dde173be65f6f44eff095c92558552ac73c5ffd9ae64
Freemasonry Quest for Immortality - Christopher Earnshaw (Christopher Earnshaw) (z-lib.org).pdf,Books/Books for Text_Eng-20260529T160906Z-3-001/Books for Text_Eng/DUVAR-Eng/Msn_Filosphy/Freemasonry Quest for Immortality - Christopher Earnshaw (Christopher Earnshaw) (z-lib.org).pdf,Freemasonry Quest for Immortality - Christopher Earnshaw (Christopher Earnshaw) (z-lib.org).txt,PDF,230,84747,505915,Başarılı,f03a85d1ceedf94a791de8de7731b8e2fea3c6fae3a52727c57de242b6a01be6
The Last Supper (Philip Willan) (z-lib.org).epub,Books/Books for Text_Eng-20260529T160906Z-3-001/Books for Text_Eng/DUVAR-Eng/Msn_Gldy/The Last Supper (Philip Willan) (z-lib.org).epub,The Last Supper (Philip Willan) (z-lib.org).txt,EPUB,217,117319,701437,Başarılı,63de31192f1862a97cd52c712a8fc9f875c1fcd49b98136bc3cf7a376fe17a8e
War of Anti-Christ with the Church and Christian.pdf,Books/Books for Text_Eng-20260529T160906Z-3-001/Books for Text_Eng/DUVAR-Eng/Msn_Eng_Pdf/War of Anti-Christ with the Church and Christian.pdf,War of Anti-Christ with the Church and Christian.txt,PDF,162,61574,361118,Başarılı,95717c86b72525dffe8686152e0f27d63afa556d1657419b8b989798466f8371
"Operation Gladio The Unholy Alliance between the Vatican, the CIA, and the Mafia (Paul L. Williams) (z-lib.org).epub","Books/Books for Text_Eng-20260529T160906Z-3-001/Books for Text_Eng/DUVAR-Eng/Msn_Gldy/Operation Gladio The Unholy Alliance between the Vatican, the CIA, and the Mafia (Paul L. Williams) (z-lib.org).epub","Operation Gladio The Unholy Alliance between the Vatican, the CIA, and the Mafia (Paul L. Williams) (z-lib.org).txt",EPUB,445,124599,796273,Başarılı,4507eaf066138d8d711328bd7373f74260bc75436fc26ee9179f7a5366e0cb1a
The Rise of the Mafia. The Definitive Story of Organised Crime (Martin Short) (z-lib.org).epub,Books/Books for Text_Eng-20260529T160906Z-3-001/Books for Text_Eng/DUVAR-Eng/Msn_Gldy/The Rise of the Mafia. The Definitive Story of Organised Crime (Martin Short) (z-lib.org).epub,The Rise of the Mafia. The Definitive Story of Organised Crime (Martin Short) (z-lib.org).txt,EPUB,440,160545,934175,Başarılı,d66be86ef3d8d0b2b269f8a735175bb75be1629c34aaf7d8804d53b2afd6695e
Freemasonry and the birth of modern science (Robert Lomas) (z-lib.org).pdf,Books/Books for Text_Eng-20260529T160906Z-3-001/Books for Text_Eng/DUVAR-Eng/Msn_Gen/Freemasonry and the birth of modern science (Robert Lomas) (z-lib.org).pdf,Freemasonry and the birth of modern science (Robert Lomas) (z-lib.org).txt,PDF,270,117387,681350,Başarılı,694deb0465aad580381fc0a5902d565e5a8d1d86aff3408ffcc1bb91ebc0162f
The Key to Solomons Key Is This the Lost Symbol of Masonry (Lon Milo DuQuette) (z-lib.org).epub,Books/Books for Text_Eng-20260529T160906Z-3-001/Books for Text_Eng/DUVAR-Eng/Msn_History/The Key to Solomons Key Is This the Lost Symbol of Masonry (Lon Milo DuQuette) (z-lib.org).epub,The Key to Solomons Key Is This the Lost Symbol of Masonry (Lon Milo DuQuette) (z-lib.org).txt,EPUB,182,57915,338834,Başarılı,942a48779cd1342fbb9cb1e17cd7a5e2773f2b793ea5d8b206cf0f5fc8fa0721
Ancient Mysteries and Modern Masonry (C. H. Vail) (z-lib.org).epub,Books/Books for Text_Eng-20260529T160906Z-3-001/Books for Text_Eng/DUVAR-Eng/Msn_History/Ancient Mysteries and Modern Masonry (C. H. Vail) (z-lib.org).epub,Ancient Mysteries and Modern Masonry (C. H. Vail) (z-lib.org).txt,EPUB,136,53971,316059,Başarılı,78fd962b08de11ce235586f608174712d9c5a26233310da2b85bcfa9a620e572
"The Lost Keys of Freemasonry (Hall, Manly P) (z-lib.org).epub","Books/Books for Text_Eng-20260529T160906Z-3-001/Books for Text_Eng/DUVAR-Eng/Msn_History/The Lost Keys of Freemasonry (Hall, Manly P) (z-lib.org).epub","The Lost Keys of Freemasonry (Hall, Manly P) (z-lib.org).txt",EPUB,88,25532,147511,Başarılı,e9409c325793295cf87b23e6f6416117ba006f41438b29822a3495a7fa414228
"NATOs Secret Armies Operation Gladio and terrorism in Western Europe (Prados, John Ganser, Daniele) (z-lib.org).epub","Books/Books for Text_Eng-20260529T160906Z-3-001/Books for Text_Eng/DUVAR-Eng/Msn_Gldy/NATOs Secret Armies Operation Gladio and terrorism in Western Europe (Prados, John Ganser, Daniele) (z-lib.org).epub","NATOs Secret Armies Operation Gladio and terrorism in Western Europe (Prados, John Ganser, Daniele) (z-lib.org).txt",EPUB,1350,156242,974858,Başarılı,53189f97f301afa0cc59adc4284cec8409e632fed7966fe2a097a97f710b7941
"The Second Messiah Templars, the Turin Shroud and the Great Secret of Freemasonry (Christopher Knight, Robert Lomas) (z-lib.org).epub","Books/Books for Text_Eng-20260529T160906Z-3-001/Books for Text_Eng/DUVAR-Eng/Msn_History/The Second Messiah Templars, the Turin Shroud and the Great Secret of Freemasonry (Christopher Knight, Robert Lomas) (z-lib.org).epub","The Second Messiah Templars, the Turin Shroud and the Great Secret of Freemasonry (Christopher Knight, Robert Lomas) (z-lib.org).txt",EPUB,258,96636,560476,Başarılı,135cc30ec21a3ad00fa9ce95b0a07d4ffad80d5c2d98fb0f93ad4b246dbf7b27
The Facts on the Masonic Lodge ( etc.) (z-lib.org).epub,Books/Books for Text_Eng-20260529T160906Z-3-001/Books for Text_Eng/DUVAR-Eng/Msn_Hrst/The Facts on the Masonic Lodge ( etc.) (z-lib.org).epub,The Facts on the Masonic Lodge ( etc.) (z-lib.org).txt,EPUB,91,20339,120706,Başarılı,7c907fbb13716253355921394f952d648a8a1ece858f5f7f9eab3b72cd8cda2a
A general history of Freemasonry in Europe (Emmanuel Rebold) (z-lib.org).pdf,Books/Books for Text_Eng-20260529T160906Z-3-001/Books for Text_Eng/DUVAR-Eng/Msn_History/A general history of Freemasonry in Europe (Emmanuel Rebold) (z-lib.org).pdf,A general history of Freemasonry in Europe (Emmanuel Rebold) (z-lib.org).txt,PDF,440,141229,836637,Başarılı,887153a8c0a135321c907091e9d3e2d0a1951e22ca4b5dddcaa5e395c5d494f6
NATOs Secret Armies - Operation Gladio and Terrorism in Western Europe (Daniele Ganser) (z-lib.org).pdf,Books/Books for Text_Eng-20260529T160906Z-3-001/Books for Text_Eng/DUVAR-Eng/Msn_Gldy/NATOs Secret Armies - Operation Gladio and Terrorism in Western Europe (Daniele Ganser) (z-lib.org).pdf,NATOs Secret Armies - Operation Gladio and Terrorism in Western Europe (Daniele Ganser) (z-lib.org).txt,PDF,315,155995,968239,Başarılı,20475fb17b915adfc15300c83bdc47cb065586cf107832ae9edc41045d6e81ad
30 Degree Grand Elect Knight Kadosh (Freemasonry) (z-lib.org) (1).pdf,Books/Books for Text_Eng-20260529T160906Z-3-001/Books for Text_Eng/DUVAR-Eng/Msn_Rules/Degree/30 Degree Grand Elect Knight Kadosh (Freemasonry) (z-lib.org) (1).pdf,30 Degree Grand Elect Knight Kadosh (Freemasonry) (z-lib.org) (1).txt,PDF,33,7256,42312,Başarılı,287c2d6ae1dba43a25cf45acca16c058a8e98c260fcc33e4744605dbe781efc7
32nd Degree Sublime Prince of the Royal Secret (Freemasonry) (z-lib.org).pdf,Books/Books for Text_Eng-20260529T160906Z-3-001/Books for Text_Eng/DUVAR-Eng/Msn_Rules/Degree/32nd Degree Sublime Prince of the Royal Secret (Freemasonry) (z-lib.org).pdf,32nd Degree Sublime Prince of the Royal Secret (Freemasonry) (z-lib.org).txt,PDF,26,10419,60513,Başarılı,f766da5e291a01ea1a1446a898d7f12f6fd1bb75d8e4f043ec859d6af9a8dcfd
"Fifteenth Degree The Knight of the East, of the Sword, or of the Eagle (Freemasonry) (z-lib.org).pdf","Books/Books for Text_Eng-20260529T160906Z-3-001/Books for Text_Eng/DUVAR-Eng/Msn_Rules/Degree/Fifteenth Degree The Knight of the East, of the Sword, or of the Eagle (Freemasonry) (z-lib.org).pdf","Fifteenth Degree The Knight of the East, of the Sword, or of the Eagle (Freemasonry) (z-lib.org).txt",PDF,17,0,0,Görsel / Taranmış (0 Kelime),65539608f3ef9e91a1350a1614237da61e62855a854d5b6a87fb208d63341221
A Manual for Officers of Subordinate Bodies Ancient Accepted Scottish Rite of Freemasonry (coll.) (z-lib.org).pdf,Books/Books for Text_Eng-20260529T160906Z-3-001/Books for Text_Eng/DUVAR-Eng/Msn_Rules/A Manual for Officers of Subordinate Bodies Ancient Accepted Scottish Rite of Freemasonry (coll.) (z-lib.org).pdf,A Manual for Officers of Subordinate Bodies Ancient Accepted Scottish Rite of Freemasonry (coll.) (z-lib.org).txt,PDF,23,7946,47407,Başarılı,f3a995dd8c85ed6b65111c9ab2033058bd476a8827be90af30edc4c926e01741
"Constitution of the United Supreme Council, 33rd degree Freemasonry ( etc.) (z-lib.org).pdf","Books/Books for Text_Eng-20260529T160906Z-3-001/Books for Text_Eng/DUVAR-Eng/Msn_Rules/Degree/Constitution of the United Supreme Council, 33rd degree Freemasonry ( etc.) (z-lib.org).pdf","Constitution of the United Supreme Council, 33rd degree Freemasonry ( etc.) (z-lib.org).txt",PDF,23,13385,80106,Başarılı,ad58461169922c5d63ed43fe0fa6aa4b38047710c5de4477d5b1dbc1b4086375
Thirty-first Degree Grand Inspector Inquisitor Commander (Freemasonry) (z-lib.org) (1).pdf,Books/Books for Text_Eng-20260529T160906Z-3-001/Books for Text_Eng/DUVAR-Eng/Msn_Rules/Degree/Thirty-first Degree Grand Inspector Inquisitor Commander (Freemasonry) (z-lib.org) (1).pdf,Thirty-first Degree Grand Inspector Inquisitor Commander (Freemasonry) (z-lib.org) (1).txt,PDF,27,12223,73697,Başarılı,549bd2a12a9beabeac22db9b7866d0b9f11d132bc6d71fec7dee3c8e39d6a5a1
"The Origins of Freemasonry Scotlands Century, 1590 to 1710 (David Stevenson) (z-lib.org).pdf","Books/Books for Text_Eng-20260529T160906Z-3-001/Books for Text_Eng/DUVAR-Eng/Msn_History/The Origins of Freemasonry Scotlands Century, 1590 to 1710 (David Stevenson) (z-lib.org).pdf","The Origins of Freemasonry Scotlands Century, 1590 to 1710 (David Stevenson) (z-lib.org).txt",PDF,269,127740,769053,Başarılı,a727f9e9f0101436ebac5b7f0ef595741f15da3f70c4d1ad2ca47eafba054ba0
"The Secret History of Freemasonry Its Origins and Connection to the Knights Templar (Naudon, Paul) (z-lib.org).epub","Books/Books for Text_Eng-20260529T160906Z-3-001/Books for Text_Eng/DUVAR-Eng/Msn_History/The Secret History of Freemasonry Its Origins and Connection to the Knights Templar (Naudon, Paul) (z-lib.org).epub","The Secret History of Freemasonry Its Origins and Connection to the Knights Templar (Naudon, Paul) (z-lib.org).txt",EPUB,254,106031,648095,Başarılı,d6cc4d16ca602d6f8f9f908183a95af68d93b65fb414fd4a346e8578abd4ef26
The Secrets of Solomon s Temple Discover the Hidden Truth that Lies at the Heart of Freemasonry (Unknown) (z-lib.org).epub,Books/Books for Text_Eng-20260529T160906Z-3-001/Books for Text_Eng/DUVAR-Eng/Msn_History/The Secrets of Solomon s Temple Discover the Hidden Truth that Lies at the Heart of Freemasonry (Unknown) (z-lib.org).epub,The Secrets of Solomon s Temple Discover the Hidden Truth that Lies at the Heart of Freemasonry (Unknown) (z-lib.org).txt,EPUB,678,157512,934691,Başarılı,77a9777770645664efa5af17a5aef7c4819ff12da8f58be6aa9a4ccaedb50c1b
Fourteenth Degree Grand Elect Mason (Freemasonry) (z-lib.org).pdf,Books/Books for Text_Eng-20260529T160906Z-3-001/Books for Text_Eng/DUVAR-Eng/Msn_Rules/Degree/Fourteenth Degree Grand Elect Mason (Freemasonry) (z-lib.org).pdf,Fourteenth Degree Grand Elect Mason (Freemasonry) (z-lib.org).txt,PDF,23,9187,53238,Başarılı,85fa6d5702a886b92ef779d3791d80471e17036c7e559ca4e6d877bce63340a4
"An Encyclopedia of Freemasonry Volume 1 (Albert G. MacKey 33, William J. Hughan 32 etc.) (z-lib.org).pdf","Books/Books for Text_Eng-20260529T160906Z-3-001/Books for Text_Eng/DUVAR-Eng/Msn_History/An Encyclopedia of Freemasonry Volume 1 (Albert G. MacKey 33, William J. Hughan 32 etc.) (z-lib.org).pdf","An Encyclopedia of Freemasonry Volume 1 (Albert G. MacKey 33, William J. Hughan 32 etc.) (z-lib.org).txt",PDF,488,0,0,Görsel / Taranmış (0 Kelime),271f7b22460fd3d5b73698b01f870ab33c42d69ae053a024d95fff31b3037f9b
Scarlet and the Beast A History of the War Between English and French Freemasonry (John Daniel) (z-lib.org).epub,Books/Books for Text_Eng-20260529T160906Z-3-001/Books for Text_Eng/DUVAR-Eng/Msn_History/Scarlet and the Beast A History of the War Between English and French Freemasonry (John Daniel) (z-lib.org).epub,Scarlet and the Beast A History of the War Between English and French Freemasonry (John Daniel) (z-lib.org).txt,EPUB,777,286187,1778140,Başarılı,3247ad3ae9803081cc4bc61218d6ec6900e40c3f5670900041d30e65c42323c7
Manual for Officers (1982) Freemasonry ( etc.) (z-lib.org).pdf,Books/Books for Text_Eng-20260529T160906Z-3-001/Books for Text_Eng/DUVAR-Eng/Msn_Rules/Manual for Officers (1982) Freemasonry ( etc.) (z-lib.org).pdf,Manual for Officers (1982) Freemasonry ( etc.) (z-lib.org).txt,PDF,51,19191,116542,Başarılı,0b658b4ac706bb74a05a9144a9bd944218dcbf958fb3b7e32f56a23f179321dc
Origin-of-Shriners.pdf,Books/Books for Text_Eng-20260529T160906Z-3-001/Books for Text_Eng/DUVAR-Eng/Msn_Shrn/Origin-of-Shriners.pdf,Origin-of-Shriners.txt,PDF,4,1846,10844,Başarılı,0d09e3a48cbdecb7189e8ce540bd9b55d9fd48a87c6d17eae26705c9f0a6ff28
"The beginning of masonry. A collection of forty papers on the hidden mysteries of ancient freemasonry, reprinted from the... (Frank C Higgins) (z-lib.org).pdf","Books/Books for Text_Eng-20260529T160906Z-3-001/Books for Text_Eng/DUVAR-Eng/Msn_Rules/The beginning of masonry. A collection of forty papers on the hidden mysteries of ancient freemasonry, reprinted from the... (Frank C Higgins) (z-lib.org).pdf","The beginning of masonry. A collection of forty papers on the hidden mysteries of ancient freemasonry, reprinted from the... (Frank C Higgins) (z-lib.org).txt",PDF,124,43268,247419,Başarılı,a01ab59458f2ff1eb25ae20f288060a697a1f28a3d5f3bc8bd3ee309cc9d15ad
Kora Shriners.pdf,Books/Books for Text_Eng-20260529T160906Z-3-001/Books for Text_Eng/DUVAR-Eng/Msn_Shrn/Kora Shriners.pdf,Kora Shriners.txt,PDF,36,11058,67201,Başarılı,8a0d89e9b35bc1a556804ce3ddc519282659de26790829f548b11be3d17d4b83
Shriner_Primer.pdf,Books/Books for Text_Eng-20260529T160906Z-3-001/Books for Text_Eng/DUVAR-Eng/Msn_Shrn/Shriner_Primer.pdf,Shriner_Primer.txt,PDF,26,3127,20551,Başarılı,14ffe590ef5811e16d26c2ded1ca531eef77a13f192cd28ae3dbad5ded3bd8f2
Mystic-Shrine-Ritual-Ea-Cook.pdf,Books/Books for Text_Eng-20260529T160906Z-3-001/Books for Text_Eng/DUVAR-Eng/Msn_Shrn/Mystic-Shrine-Ritual-Ea-Cook.pdf,Mystic-Shrine-Ritual-Ea-Cook.txt,PDF,53,13550,77534,Başarılı,0081b6f05bd1352fadd289bcdf927d935894cdbfe26f2a538f7521e1d92a2a44
Shrine-Illustrated.pdf,Books/Books for Text_Eng-20260529T160906Z-3-001/Books for Text_Eng/DUVAR-Eng/Msn_Shrn/Shrine-Illustrated.pdf,Shrine-Illustrated.txt,PDF,28,12776,75599,Başarılı,81c8c87822347979ab8eceb24a6674f692e1ed6c0e8c94a9322bace495c7395d
Secrets-of-the-Shriners.pdf,Books/Books for Text_Eng-20260529T160906Z-3-001/Books for Text_Eng/DUVAR-Eng/Msn_Shrn/Secrets-of-the-Shriners.pdf,Secrets-of-the-Shriners.txt,PDF,11,4505,27085,Başarılı,d3c166ba0378d1b3b54dce8fffc3bd5dc2c6e03042e7efd8d5b6a8fea9b3cf43
Ritual-of-the-Shriners.pdf,Books/Books for Text_Eng-20260529T160906Z-3-001/Books for Text_Eng/DUVAR-Eng/Msn_Shrn/Ritual-of-the-Shriners.pdf,Ritual-of-the-Shriners.txt,PDF,41,14244,80738,Başarılı,0cf02cbec82b8ac77d540f9752360fc1bb101191b2c19f50385630c77d6c2bbf
Manual of Freemasonry (Richard Carlile) (z-lib.org).pdf,Books/Books for Text_Eng-20260529T160906Z-3-001/Books for Text_Eng/DUVAR-Eng/Msn_Rules/Manual of Freemasonry (Richard Carlile) (z-lib.org).pdf,Manual of Freemasonry (Richard Carlile) (z-lib.org).txt,PDF,332,119002,659606,Başarılı,9a0cc4d01b15cc0d18f9febe00dd8d14e5b41e07322de87a5aa400da1a9f219b
The-5-Principles-of-ISLAM.pdf,Books/Books for Text_Eng-20260529T160906Z-3-001/Books for Text_Eng/DUVAR-Eng/Msn_Shrn/The-5-Principles-of-ISLAM.pdf,The-5-Principles-of-ISLAM.txt,PDF,55,0,0,Görsel / Taranmış (0 Kelime),644429edd1e84dacb0c50f9d146540c3aebc7c6efce737029a0d29dc19f5b895
Arithmetic-of-Freemasonry.pdf,Books/Books for Text_Eng-20260529T160906Z-3-001/Books for Text_Eng/DUVAR-Eng/Msn_Symbol/Arithmetic-of-Freemasonry.pdf,Arithmetic-of-Freemasonry.txt,PDF,32,9065,50473,Başarılı,6dc2ff9d0f6e9b1aa84ee4649540f60c95c893c5817c267c64c8e39955e9b2a0
A New Sacred Geometry The Art and Science of Frank Chester (Seth Thomas Miller) (z-lib.org).pdf,Books/Books for Text_Eng-20260529T160906Z-3-001/Books for Text_Eng/DUVAR-Eng/Msn_Symbol/A New Sacred Geometry The Art and Science of Frank Chester (Seth Thomas Miller) (z-lib.org).pdf,A New Sacred Geometry The Art and Science of Frank Chester (Seth Thomas Miller) (z-lib.org).txt,PDF,75,7,52,Başarılı,6a50e509218f1b682ae1ee44cbbc08b42c8570022c43026ff34d87c2fec8217f
meccatempleancie00anci.pdf,Books/Books for Text_Eng-20260529T160906Z-3-001/Books for Text_Eng/DUVAR-Eng/Msn_Shrn/meccatempleancie00anci.pdf,meccatempleancie00anci.txt,PDF,168,59626,347584,Başarılı,3144d8bac9957cef93bf052b20b8c7d5a47d77f38875047996b9fc41761577a8
The-Secret-Ritual.pdf,Books/Books for Text_Eng-20260529T160906Z-3-001/Books for Text_Eng/DUVAR-Eng/Msn_Shrn/The-Secret-Ritual.pdf,The-Secret-Ritual.txt,PDF,50,9801,57826,Başarılı,80c2e23b91d86d6e09946fbbd43e151040226d3d997f72cf1a1ac3c2efd2e50f
"General history, Cyclopedia and Dictionary of Freemasonry (Robert Macoy) (z-lib.org).pdf","Books/Books for Text_Eng-20260529T160906Z-3-001/Books for Text_Eng/DUVAR-Eng/Msn_History/General history, Cyclopedia and Dictionary of Freemasonry (Robert Macoy) (z-lib.org).pdf","General history, Cyclopedia and Dictionary of Freemasonry (Robert Macoy) (z-lib.org).txt",PDF,718,268635,1563373,Başarılı,27cee4a9dce8b3cae44fff77734676a3a881865ed5b140170e47f58ca4fd3adc
"The Practice of the Ancient Turkish Freemasons The Key to the Understanding of Alchemy A Presentation of the Ritual, Doctrine... (Rudolf von Sebottendorf) (z-lib.org).pdf","Books/Books for Text_Eng-20260529T160906Z-3-001/Books for Text_Eng/DUVAR-Eng/Msn_Shrn/The Practice of the Ancient Turkish Freemasons The Key to the Understanding of Alchemy A Presentation of the Ritual, Doctrine... (Rudolf von Sebottendorf) (z-lib.org).pdf","The Practice of the Ancient Turkish Freemasons The Key to the Understanding of Alchemy A Presentation of the Ritual, Doctrine... (Rudolf von Sebottendorf) (z-lib.org).txt",PDF,55,16352,92320,Başarılı,76841e615b5f4af2b9404119cbab2ff4f6418be1849e145d21ea5e751a48634f
The Secrets of Solomons Temple Discover the Hidden Truth that Lies at the Heart of Freemasonry (Kevin L Gest) (z-lib.org).pdf,Books/Books for Text_Eng-20260529T160906Z-3-001/Books for Text_Eng/DUVAR-Eng/Msn_History/The Secrets of Solomons Temple Discover the Hidden Truth that Lies at the Heart of Freemasonry (Kevin L Gest) (z-lib.org).pdf,The Secrets of Solomons Temple Discover the Hidden Truth that Lies at the Heart of Freemasonry (Kevin L Gest) (z-lib.org).txt,PDF,370,142330,838478,Başarılı,40f137fbbe4e4922127cca46032d513fe709b947a2c6e4c02b2432b84c465022
Secret Practices of the Sufi Freemasons The Islamic Teachings at the Heart of Alchemy (Rudolf von Sebottendorff) (z-lib.org) (1).epub,Books/Books for Text_Eng-20260529T160906Z-3-001/Books for Text_Eng/DUVAR-Eng/Msn_Trk/Secret Practices of the Sufi Freemasons The Islamic Teachings at the Heart of Alchemy (Rudolf von Sebottendorff) (z-lib.org) (1).epub,Secret Practices of the Sufi Freemasons The Islamic Teachings at the Heart of Alchemy (Rudolf von Sebottendorff) (z-lib.org) (1).txt,EPUB,95,26957,159105,Başarılı,4f437c4b6da744fdd0758be8eb03e2bb2a485bdd3e6a3f7b87be8fb1ca3abaa5
"The Symbolism of Freemasonry (Albert G. Mackey, [Mackey, Albert G.]) (z-lib.org).epub","Books/Books for Text_Eng-20260529T160906Z-3-001/Books for Text_Eng/DUVAR-Eng/Msn_Symbol/The Symbolism of Freemasonry (Albert G. Mackey, [Mackey, Albert G.]) (z-lib.org).epub","The Symbolism of Freemasonry (Albert G. Mackey, [Mackey, Albert G.]) (z-lib.org).txt",EPUB,162,102258,604028,Başarılı,6bc5dc0214b83dea9012cc920b17271d4a72fcf9c02252f618f68ec4a8685db2
"Mystic masonry, or, The symbols of freemasonry and the greater mysteries of antiquity (Buck, J. D. (Jirah Dewey), 1838-1916) (z-lib.org).pdf","Books/Books for Text_Eng-20260529T160906Z-3-001/Books for Text_Eng/DUVAR-Eng/Msn_Symbol/Mystic masonry, or, The symbols of freemasonry and the greater mysteries of antiquity (Buck, J. D. (Jirah Dewey), 1838-1916) (z-lib.org).pdf","Mystic masonry, or, The symbols of freemasonry and the greater mysteries of antiquity (Buck, J. D. (Jirah Dewey), 1838-1916) (z-lib.org).txt",PDF,320,60552,350514,Başarılı,cf97b36d3ba36b36e5fd8b2a666fef0868de0772bcdb70cff7cae163cfa3f065
"The Symbolism of Freemasonry Illustrating and Explaining its Science and Philosophy, its Legends, Myths and Symbols (Mackey, Albert Gallatin) (z-lib.org).epub","Books/Books for Text_Eng-20260529T160906Z-3-001/Books for Text_Eng/DUVAR-Eng/Msn_Symbol/The Symbolism of Freemasonry Illustrating and Explaining its Science and Philosophy, its Legends, Myths and Symbols (Mackey, Albert Gallatin) (z-lib.org).epub","The Symbolism of Freemasonry Illustrating and Explaining its Science and Philosophy, its Legends, Myths and Symbols (Mackey, Albert Gallatin) (z-lib.org).txt",EPUB,241,102889,603469,Başarılı,9432d25ee76933751a67caa18512bdd05f1ba082ca90a8ad8478ca0af6e86334
The Secrets of Freemasonry (Elijah Muhammad) (z-lib.org).pdf,Books/Books for Text_Eng-20260529T160906Z-3-001/Books for Text_Eng/DUVAR-Eng/Msn_anti/The Secrets of Freemasonry (Elijah Muhammad) (z-lib.org).pdf,The Secrets of Freemasonry (Elijah Muhammad) (z-lib.org).txt,PDF,105,9187,47780,Başarılı,147e267d0eddaf1f902ebe5afcad99cde3b47472c2496ef4c4dd26296eb10529
The Masonic Letter G (Paul Foster Case) (z-lib.org).pdf,Books/Books for Text_Eng-20260529T160906Z-3-001/Books for Text_Eng/DUVAR-Eng/Msn_Symbol/The Masonic Letter G (Paul Foster Case) (z-lib.org).pdf,The Masonic Letter G (Paul Foster Case) (z-lib.org).txt,PDF,87,9686,53558,Başarılı,5f7d4ef7c404e03794f96802e975189aa1b213308b6d0709d1ef3671a6d299a8
The Templars The History and the Myth From Solomons Temple to the Freemasons (Michael Haag) (z-lib.org).epub,Books/Books for Text_Eng-20260529T160906Z-3-001/Books for Text_Eng/DUVAR-Eng/Msn_Templars/The Templars The History and the Myth From Solomons Temple to the Freemasons (Michael Haag) (z-lib.org).epub,The Templars The History and the Myth From Solomons Temple to the Freemasons (Michael Haag) (z-lib.org).txt,EPUB,340,105731,629137,Başarılı,a206cd97ed2f01be0ed7408c15b2c9d51a4cb2f5487275b23ef4cf635f117331
A Dictionary of Symbolical Masonry (George Oliver) (z-lib.org).pdf,Books/Books for Text_Eng-20260529T160906Z-3-001/Books for Text_Eng/DUVAR-Eng/Msn_Symbol/A Dictionary of Symbolical Masonry (George Oliver) (z-lib.org).pdf,A Dictionary of Symbolical Masonry (George Oliver) (z-lib.org).txt,PDF,416,0,0,Görsel / Taranmış (0 Kelime),693dc73389f505cd15e688c8d3f76aa9483613d831fe4ac7fee9f826f6784460
Masonry Inside Out ( etc.) (z-lib.org).epub,Books/Books for Text_Eng-20260529T160906Z-3-001/Books for Text_Eng/DUVAR-Eng/Msn_insd/Masonry Inside Out ( etc.) (z-lib.org).epub,Masonry Inside Out ( etc.) (z-lib.org).txt,EPUB,29,8691,49676,Başarılı,b04e43fe68ad0c79f5229f0e76970f35ed04e9aeca5bab9cd3b8aca3c7b166dd
Freemasonry in the Ottoman Empire  a history of the Fraternity and its influence in Syria and the Levant (Dorothea Sommer) (z-lib.org).epub,Books/Books for Text_Eng-20260529T160906Z-3-001/Books for Text_Eng/DUVAR-Eng/Msn_Trk/Freemasonry in the Ottoman Empire  a history of the Fraternity and its influence in Syria and the Levant (Dorothea Sommer) (z-lib.org).epub,Freemasonry in the Ottoman Empire a history of the Fraternity and its influence in Syria and the Levant (Dorothea Sommer) (z-lib.org).txt,EPUB,251,103030,661680,Başarılı,e94c2aec31370005cc779ce0f4dd5523bf40c938ec68fa7edb71b0dfcffc51d7
Sacred Geometry Philosophy and Practice (Robert Lawlor) (z-lib.org).pdf,Books/Books for Text_Eng-20260529T160906Z-3-001/Books for Text_Eng/DUVAR-Eng/Msn_Symbol/Sacred Geometry Philosophy and Practice (Robert Lawlor) (z-lib.org).pdf,Sacred Geometry Philosophy and Practice (Robert Lawlor) (z-lib.org).txt,PDF,114,43820,255771,Başarılı,ac410f455415d3d0af3dba11612c5410b43ac7c12ddb19dbfe8d707a7c384d66
Inside the Brotherhood Further Secrets of the Freemasons (Martin Short) (z-lib.org).pdf,Books/Books for Text_Eng-20260529T160906Z-3-001/Books for Text_Eng/DUVAR-Eng/Msn_insd/Inside the Brotherhood Further Secrets of the Freemasons (Martin Short) (z-lib.org).pdf,Inside the Brotherhood Further Secrets of the Freemasons (Martin Short) (z-lib.org).txt,PDF,544,0,0,Görsel / Taranmış (0 Kelime),215ccf0f75a8c1c3dbd3b5f856322a6aa09fce7edd589cfd7d768e0478bd8041
"Morals and Dogma of the Ancient and Accepted Scottish Rite of Freemasonry (Albert Pike [Pike, Albert]) (z-lib.org).epub","Books/Books for Text_Eng-20260529T160906Z-3-001/Books for Text_Eng/DUVAR-Eng/Msn_Rules/Morals and Dogma of the Ancient and Accepted Scottish Rite of Freemasonry (Albert Pike [Pike, Albert]) (z-lib.org).epub","Morals and Dogma of the Ancient and Accepted Scottish Rite of Freemasonry (Albert Pike [Pike, Albert]) (z-lib.org).txt",EPUB,1167,442794,2620781,Başarılı,88a11eade76a0a7bb90978dbade8822c84d7961400edae8b9fab6b901c1ffb37
Yahudilik Masonluk Dönmelik (Necip Fazıl Kısakürek) (z-lib.org).pdf,Books/Books for Text_Eng-20260529T160906Z-3-001/Books for Text_Eng/DUVAR-Eng/Msn_Trk/Yahudilik Masonluk Dönmelik (Necip Fazıl Kısakürek) (z-lib.org).pdf,Yahudilik Masonluk Dönmelik (Necip Fazıl Kısakürek) (z-lib.org).txt,PDF,100,39110,254058,Başarılı,619f95d00c7a19f7cc6aacc178e30703aca8e4980a19b2c140b70b766e77be92
"The Worlds Most Dangerous Secret Societies The Illuminati, Freemasons, Bilderberg Group, Knights Templar, The Jesuits, Skull... (James Jackson) (z-lib.org).epub","Books/Books for Text_Eng-20260529T160906Z-3-001/Books for Text_Eng/DUVAR-Eng/The Worlds Most Dangerous Secret Societies The Illuminati, Freemasons, Bilderberg Group, Knights Templar, The Jesuits, Skull... (James Jackson) (z-lib.org).epub","The Worlds Most Dangerous Secret Societies The Illuminati, Freemasons, Bilderberg Group, Knights Templar, The Jesuits, Skull... (James Jackson) (z-lib.org).txt",EPUB,99,34981,223863,Başarılı,3818d6680e82344bf4d38c2f931ca5b9d10472693cd55db1edcb2ea32bc2422e
The Secrets of Freemasonry (Robert Lomas) (z-lib.org).epub,Books/Books for Text_Eng-20260529T160906Z-3-001/Books for Text_Eng/DUVAR-Eng/Msn_ing/The Secrets of Freemasonry (Robert Lomas) (z-lib.org).epub,The Secrets of Freemasonry (Robert Lomas) (z-lib.org).txt,EPUB,325,118019,672351,Başarılı,ea7071a4fbd8fee4b77c6a233edec4353e1fee87f9c96aa28d46526301814348
"The Israel Lobby and U.S. Foreign Policy (John J. Mearsheimer, Stephen M. Walt) (z-lib.org).epub","Books/Books for Text_Eng-20260529T160906Z-3-001/Books for Text_Eng/DUVAR-Eng/zjew/The Israel Lobby and U.S. Foreign Policy (John J. Mearsheimer, Stephen M. Walt) (z-lib.org).epub","The Israel Lobby and U.S. Foreign Policy (John J. Mearsheimer, Stephen M. Walt) (z-lib.org).txt",EPUB,505,740,3993,Başarılı,50cdcbfeeb6a7732fcc8b21f6a805c33d4c59e1ba77e816166db0f34053eae85
The Mysteries of Freemasonry (William Morgan) (z-lib.org).pdf,Books/Books for Text_Eng-20260529T160906Z-3-001/Books for Text_Eng/DUVAR-Eng/The Mysteries of Freemasonry (William Morgan) (z-lib.org).pdf,The Mysteries of Freemasonry (William Morgan) (z-lib.org).txt,PDF,206,113913,638507,Başarılı,492680d59e0cf4f141d16fca6429072ab32bcc422ae0c035782056ad5b65d869
The Jewish State (Theodor Herzl) (z-lib.org).epub,Books/Books for Text_Eng-20260529T160906Z-3-001/Books for Text_Eng/DUVAR-Eng/zjew/The Jewish State (Theodor Herzl) (z-lib.org).epub,The Jewish State (Theodor Herzl) (z-lib.org).txt,EPUB,74,26404,157018,Başarılı,670d7b04c94a31e631834c51b6bd6a4730d2aa1a02198eb7c81b382a64464878
Thomas Dunckerley and English Freemasonry (Susan Mitchell Sommers) (z-lib.org).pdf,Books/Books for Text_Eng-20260529T160906Z-3-001/Books for Text_Eng/DUVAR-Eng/Msn_ing/Thomas Dunckerley and English Freemasonry (Susan Mitchell Sommers) (z-lib.org).pdf,Thomas Dunckerley and English Freemasonry (Susan Mitchell Sommers) (z-lib.org).txt,PDF,233,102958,621262,Başarılı,5e1b97f03fe732ab51649e219dc86f2b3fdb57cc44223d163ba3a1dedce58d14
Dark Mysteries of the Vatican    (H. Paul Jeffers) (z-lib.org).epub,Books/Books for Text_Eng-20260529T160906Z-3-001/Books for Text_Eng/DUVAR-Eng/Vatkn/Dark Mysteries of the Vatican    (H. Paul Jeffers) (z-lib.org).epub,Dark Mysteries of the Vatican (H. Paul Jeffers) (z-lib.org).txt,EPUB,200,59692,362054,Başarılı,d892c94d5b5dd5d9056d4ece191ec69879de84e4f1a37b4397d994a8cc9dee88
"Builders of Empire Freemasons and British Imperialism, 1717-1927 (Jessica L. Harland-Jacobs) (z-lib.org).epub","Books/Books for Text_Eng-20260529T160906Z-3-001/Books for Text_Eng/DUVAR-Eng/Msn_ing/Builders of Empire Freemasons and British Imperialism, 1717-1927 (Jessica L. Harland-Jacobs) (z-lib.org).epub","Builders of Empire Freemasons and British Imperialism, 1717-1927 (Jessica L. Harland-Jacobs) (z-lib.org).txt",EPUB,438,153677,993513,Başarılı,b2983abedf4e37625e0dbb6283b834254abe839f0fc40c6412fc89702de2896d
"The autobiography of Harry S. Truman (Harry S. Truman, Robert H. Ferrell) (z-lib.org).epub","Books/Books for Text_Eng-20260529T160906Z-3-001/Books for Text_Eng/DUVAR-Eng/Truman/The autobiography of Harry S. Truman (Harry S. Truman, Robert H. Ferrell) (z-lib.org).epub","The autobiography of Harry S. Truman (Harry S. Truman, Robert H. Ferrell) (z-lib.org).txt",EPUB,882,34778,195012,Başarılı,df4ef6b2c0ff15de4a7164cb3c56862e42abf020b4116e6b1b66b67336eb186d
"The Jews And Modern Capitalism (Sombart, Werner) (z-lib.org).epub","Books/Books for Text_Eng-20260529T160906Z-3-001/Books for Text_Eng/DUVAR-Eng/zjew/The Jews And Modern Capitalism (Sombart, Werner) (z-lib.org).epub","The Jews And Modern Capitalism (Sombart, Werner) (z-lib.org).txt",EPUB,332,123088,717011,Başarılı,a5b6925ae613ba0e406cfe3164589bb5ada31d6815646a86949289382054350d
The Jews in Britain A Chronology (Frank Raphael Langham) (z-lib.org).epub,Books/Books for Text_Eng-20260529T160906Z-3-001/Books for Text_Eng/DUVAR-Eng/zjew/The Jews in Britain A Chronology (Frank Raphael Langham) (z-lib.org).epub,The Jews in Britain A Chronology (Frank Raphael Langham) (z-lib.org).txt,EPUB,344,50669,306317,Başarılı,fb437bfed18d81141fac9205d5b212e3d52d3f8e83389534f24eafbf7e1173e2
Artificial-Intelligence-Game-Theory-And-Mechanism-Design-In-International-Politics-Tshilidzi-Marwala-full-chapter.pdf,Books/Books for Text_Eng-20260529T160906Z-3-001/Books for Text_Eng/Game Theory/AI_Game Theory/Artificial-Intelligence-Game-Theory-And-Mechanism-Design-In-International-Politics-Tshilidzi-Marwala-full-chapter.pdf,Artificial-Intelligence-Game-Theory-And-Mechanism-Design-In-International-Politics-Tshilidzi-Marwala-full-chapter.txt,PDF,51,11364,80502,Başarılı,eeea12d237c180f8d447075444da76b936edc7a57e24e4dfc4b93a080fb736d5
A_Comprehensive_Analysis_of_Game_theory_on_Multi-A.pdf,Books/Books for Text_Eng-20260529T160906Z-3-001/Books for Text_Eng/Game Theory/AI_Multi Agent System_Game Theory/A_Comprehensive_Analysis_of_Game_theory_on_Multi-A.pdf,A_Comprehensive_Analysis_of_Game_theory_on_Multi-A.txt,PDF,12,5771,39247,Başarılı,5abb7abe25431f9bf9431ce4e9c9cdd3dcd85acf39dbec178bdb88dba2501a9a
GAMES_game_theory_and_artificial_intelligence.pdf,Books/Books for Text_Eng-20260529T160906Z-3-001/Books for Text_Eng/Game Theory/AI_Game Theory/GAMES_game_theory_and_artificial_intelligence.pdf,GAMES_game_theory_and_artificial_intelligence.txt,PDF,17,9307,61045,Başarılı,71f4a158fa046c15d78f5dc5f3387c8e88860369078eda40beace4f12c2607f3
Artificial intelligence and the fifth phase of political riskk.pdf,Books/Books for Text_Eng-20260529T160906Z-3-001/Books for Text_Eng/Game Theory/AI_Game Theory/Artificial intelligence and the fifth phase of political riskk.pdf,Artificial intelligence and the fifth phase of political riskk.txt,PDF,11,9659,66078,Başarılı,f144ecb11819e3f1cae2910aaf0ce9311c1704e1787b93c714e724afca355b9c
An Analysis of Stochastic Game Theory for Multiagent.pdf,Books/Books for Text_Eng-20260529T160906Z-3-001/Books for Text_Eng/Game Theory/AI_Multi Agent System_Game Theory/An Analysis of Stochastic Game Theory for Multiagent.pdf,An Analysis of Stochastic Game Theory for Multiagent.txt,PDF,12,5438,33338,Başarılı,b9eb775bf8ecd10e20ca80b729c447ecc6b9494871a97cde3e1d44c0e7783af3
The Role of Game Theory and Artificial Intelligence in International Relations.pdf,Books/Books for Text_Eng-20260529T160906Z-3-001/Books for Text_Eng/Game Theory/AI_Game Theory/The Role of Game Theory and Artificial Intelligence in International Relations.pdf,The Role of Game Theory and Artificial Intelligence in International Relations.txt,PDF,16,9195,64276,Başarılı,0ea9fa14c7cb8437337778e64452acabc6bdee11686cac66967a1e9aad0b3f83
Game Theory and Machine Learnng.pdf,Books/Books for Text_Eng-20260529T160906Z-3-001/Books for Text_Eng/Game Theory/AI_Game Theory/Game Theory and Machine Learnng.pdf,Game Theory and Machine Learnng.txt,PDF,25,0,0,Görsel / Taranmış (0 Kelime),628678b98ab7015a0a039bf741fd192271c88d2d09fc83b8c81861ebf601fb20
"The Jews of France A History from Antiquity to the Present. (Esther Benbassa, M. B. Debevoise) (z-lib.org).epub","Books/Books for Text_Eng-20260529T160906Z-3-001/Books for Text_Eng/DUVAR-Eng/zjew/The Jews of France A History from Antiquity to the Present. (Esther Benbassa, M. B. Debevoise) (z-lib.org).epub","The Jews of France A History from Antiquity to the Present. (Esther Benbassa, M. B. Debevoise) (z-lib.org).txt",EPUB,422,130261,806831,Başarılı,1b6e3643ab92845956d8b6cbe42d0b412d45c0101055397339218bc4a730e6c5
"Morals and dogma of the ancient and accepted Scottish Rite of freemasonry (Pike, Albert, 1809-1891, comp) (z-lib.org).pdf","Books/Books for Text_Eng-20260529T160906Z-3-001/Books for Text_Eng/DUVAR-Eng/Msn_Rules/Morals and dogma of the ancient and accepted Scottish Rite of freemasonry (Pike, Albert, 1809-1891, comp) (z-lib.org).pdf","Morals and dogma of the ancient and accepted Scottish Rite of freemasonry (Pike, Albert, 1809-1891, comp) (z-lib.org).txt",PDF,1114,454402,2626871,Başarılı,b2cf7f69f204c52eaba1f92789f5127abaf3ddfa71f67b4f8bd26f2fc7acd1e7
The Jews of Ottoman Izmir A Modern History (Dina Danon) (z-lib.org).epub,Books/Books for Text_Eng-20260529T160906Z-3-001/Books for Text_Eng/DUVAR-Eng/zjew/The Jews of Ottoman Izmir A Modern History (Dina Danon) (z-lib.org).epub,The Jews of Ottoman Izmir A Modern History (Dina Danon) (z-lib.org).txt,EPUB,321,94605,585336,Başarılı,dbb9e69f705e8803ece35351c0084a9d35537b25bdb73564ee0a37aed9e917cf
Game Theory and Decision Theory inMulti-Agent Systems.pdf,Books/Books for Text_Eng-20260529T160906Z-3-001/Books for Text_Eng/Game Theory/AI_Multi Agent System_Game Theory/Game Theory and Decision Theory inMulti-Agent Systems.pdf,Game Theory and Decision Theory inMulti-Agent Systems.txt,PDF,14,6033,36242,Başarılı,daab0549ebab3a366b3c03adf3f8688a5b0e9ccbfd5f9687edfc40cf36482cb9
"The Israel Lobby and U.S. Foreign Policy (John J. Mearsheimer, Stephen M. Walt) (https___z-lib.org).pdf","Books/Books for Text_Eng-20260529T160906Z-3-001/Books for Text_Eng/DUVAR-Eng/zjew/The Israel Lobby and U.S. Foreign Policy (John J. Mearsheimer, Stephen M. Walt) (https___z-lib.org).pdf","The Israel Lobby and U.S. Foreign Policy (John J. Mearsheimer, Stephen M. Walt) (https___z-lib.org).txt",PDF,500,243023,1495279,Başarılı,26d0f763048720eacfbd880ee59ca202a382536c95f13cc553821ea329c2d661
"Classical, Modern and New Game Theory-Yale.pdf","Books/Books for Text_Eng-20260529T160906Z-3-001/Books for Text_Eng/Game Theory/Game Theory/Classical, Modern and New Game Theory-Yale.pdf","Classical, Modern and New Game Theory-Yale.txt",PDF,46,14261,86688,Başarılı,ea8383937f814cb5690b28b0805555466c7fc062cddfb40d358b3172aa91224d
Multi-Agent Learning.pdf,Books/Books for Text_Eng-20260529T160906Z-3-001/Books for Text_Eng/Game Theory/AI_Multi Agent System_Game Theory/Multi-Agent Learning.pdf,Multi-Agent Learning.txt,PDF,39,17195,107625,Başarılı,1cbc8e648a962a30d3a2a0ad8841fd3c1bc3e7afe767b64a057235e0a98a0e2a
Game Theory Through Examples.pdf,Books/Books for Text_Eng-20260529T160906Z-3-001/Books for Text_Eng/Game Theory/Game Theory Course/Game Theory Through Examples.pdf,Game Theory Through Examples.txt,PDF,47,27334,118276,Başarılı,85cb8010cca382d48b8bdb5d1f28958cc3a5ec40478416ce11832dc3a5c5f04b
An Introductıon To Game Theory-Torono.pdf,Books/Books for Text_Eng-20260529T160906Z-3-001/Books for Text_Eng/Game Theory/Game Theory/An Introductıon To Game Theory-Torono.pdf,An Introductıon To Game Theory-Torono.txt,PDF,220,82287,418579,Başarılı,fe5246ab7017ee374264e1967d6b1fcc0ead76f2f514f022af1872b33a1bba37
The Jewish Enemy Nazi Propaganda during World War II and the Holocaust (Jeffrey Herf) (z-lib.org).pdf,Books/Books for Text_Eng-20260529T160906Z-3-001/Books for Text_Eng/DUVAR-Eng/zjew/The Jewish Enemy Nazi Propaganda during World War II and the Holocaust (Jeffrey Herf) (z-lib.org).pdf,The Jewish Enemy Nazi Propaganda during World War II and the Holocaust (Jeffrey Herf) (z-lib.org).txt,PDF,401,136457,848248,Başarılı,92db6f1bf8ec88a2ffbfe2acab611358789d8c64c0f1ba635fec35eed2bf032a
Game theory Solved exercises.pdf,Books/Books for Text_Eng-20260529T160906Z-3-001/Books for Text_Eng/Game Theory/Game Theory Course/Game theory Solved exercises.pdf,Game theory Solved exercises.txt,PDF,242,81792,376871,Başarılı,13d85669476a0ac1e4f377d4f51ff5211cb62c306d917ad46a422efd545a91b6
Game Theory_Introduction-Oxford.pdf,Books/Books for Text_Eng-20260529T160906Z-3-001/Books for Text_Eng/Game Theory/Game Theory/Game Theory_Introduction-Oxford.pdf,Game Theory_Introduction-Oxford.txt,PDF,201,52680,309479,Başarılı,295da60e2029fd5b4f2c6d38df886425738f592912d14d4217e98fd3f5d3867d
Game Theory-and-Strategy.pdf,Books/Books for Text_Eng-20260529T160906Z-3-001/Books for Text_Eng/Game Theory/Game Theory/Game Theory-and-Strategy.pdf,Game Theory-and-Strategy.txt,PDF,256,90458,497864,Başarılı,c98b9a67d3977e908c0573c1535ba681ba49faf9b2795dd0602aa401fda31191
Game Theory Solved Exercises-- Bonanno.pdf,Books/Books for Text_Eng-20260529T160906Z-3-001/Books for Text_Eng/Game Theory/Game Theory Course/Game Theory Solved Exercises-- Bonanno.pdf,Game Theory Solved Exercises-- Bonanno.txt,PDF,585,194467,874943,Başarılı,43b5d8859336d9775c5eee6bf5288622d82cce2e756d97c3e3b1224c7c2e5042
Game-Theory for Decision-Making.pdf,Books/Books for Text_Eng-20260529T160906Z-3-001/Books for Text_Eng/Game Theory/Game Theory/Game-Theory for Decision-Making.pdf,Game-Theory for Decision-Making.txt,PDF,215,58460,348822,Başarılı,1dfa200cbf0a59d329a9ace4bb41709dc1755fac72f41143076be23bee37ad93
"Multi Agent System-Algorithmic, Game-Theoretic.pdf","Books/Books for Text_Eng-20260529T160906Z-3-001/Books for Text_Eng/Game Theory/AI_Multi Agent System_Game Theory/Multi Agent System-Algorithmic, Game-Theoretic.pdf","Multi Agent System-Algorithmic, Game-Theoretic.txt",PDF,532,231110,1363534,Başarılı,dd1768db5178defacad751b0e3aaa0068d88aa56e9de20076d70fb1aa57aaa65
"Osborne, Game Theory, Nash.pdf","Books/Books for Text_Eng-20260529T160906Z-3-001/Books for Text_Eng/Game Theory/Game Theory/Osborne, Game Theory, Nash.pdf","Osborne, Game Theory, Nash.txt",PDF,42,19602,109261,Başarılı,f5f1a8460835828bb8cf2307a39d15823316a7d27220bd4c1e965f903018d637
"Game Theory, Alive.pdf","Books/Books for Text_Eng-20260529T160906Z-3-001/Books for Text_Eng/Game Theory/Game Theory Course/Game Theory, Alive.pdf","Game Theory, Alive.txt",PDF,393,155307,865135,Başarılı,1937bf727b67bce604d8a140b571365adc3330864a80036f5ff9a667855ee3cc
Game Theory-Business Strategy.pdf,Books/Books for Text_Eng-20260529T160906Z-3-001/Books for Text_Eng/Game Theory/Game Theory_Business/Game Theory-Business Strategy.pdf,Game Theory-Business Strategy.txt,PDF,18,10884,67360,Başarılı,3d21d2743b6120048119684014ecbd875b3d9713be09efd67ff4c151ac81898a
Game Theory_Princeton.pdf,Books/Books for Text_Eng-20260529T160906Z-3-001/Books for Text_Eng/Game Theory/Game Theory/Game Theory_Princeton.pdf,Game Theory_Princeton.txt,PDF,417,200243,1101115,Başarılı,fb4d77f5f5ccd6e06c433ae0bf9986018a585aa4fb6ceac5d12a51fea37e9dc0
Game Theory California.pdf,Books/Books for Text_Eng-20260529T160906Z-3-001/Books for Text_Eng/Game Theory/Game Theory/Game Theory California.pdf,Game Theory California.txt,PDF,592,184151,912249,Başarılı,d7e5f8ed5ca40c73b5d2023dd5cfe95558e2817bad3a663182bcd442ef06eaaf
Game Theory Course-MIT-Rubinsten.pdf,Books/Books for Text_Eng-20260529T160906Z-3-001/Books for Text_Eng/Game Theory/Game Theory Course/Game Theory Course-MIT-Rubinsten.pdf,Game Theory Course-MIT-Rubinsten.txt,PDF,368,136680,749991,Başarılı,c20e6dcb183ae371bc0b58d7bccd5fa78940c0da51b97be1e5fee44c695b33f5
Game-Theory for Business-Harvard.pdf,Books/Books for Text_Eng-20260529T160906Z-3-001/Books for Text_Eng/Game Theory/Game Theory_Business/Game-Theory for Business-Harvard.pdf,Game-Theory for Business-Harvard.txt,PDF,20,10967,64397,Başarılı,7e0948257746f0ecb579e280516d801be32fb7442e3ce7e67cd7dd14edb0645e
"Hegemons, Leaders and Followers.pdf","Books/Books for Text_Eng-20260529T160906Z-3-001/Books for Text_Eng/Game Theory/Game Theory_Political Economy/Hegemons, Leaders and Followers.pdf","Hegemons, Leaders and Followers.txt",PDF,44,18837,111296,Başarılı,867d4b6abff8a38a35fdecb3e9a3e2e3feb29bdda997f4c628f477e4f87d8a78
Game-Theory-of-International-Politics-Cambridge.pdf,Books/Books for Text_Eng-20260529T160906Z-3-001/Books for Text_Eng/Game Theory/Game Theory_International Politics/Game-Theory-of-International-Politics-Cambridge.pdf,Game-Theory-of-International-Politics-Cambridge.txt,PDF,34,14669,99692,Başarılı,298b5dd3633a0704154f0bba0ad45baa2480831517c365e2bbb820bba02a0412
Political Economy with Game Theory.pdf,Books/Books for Text_Eng-20260529T160906Z-3-001/Books for Text_Eng/Game Theory/Game Theory_Political Economy/Political Economy with Game Theory.pdf,Political Economy with Game Theory.txt,PDF,82,27988,156591,Başarılı,c63a06e032afb6850c748dce4b422f2989332dc4b39f1ea2ed217eb96db76bcc
Game Theory_Oxford_Graham Rom.pdf,Books/Books for Text_Eng-20260529T160906Z-3-001/Books for Text_Eng/Game Theory/Game Theory/Game Theory_Oxford_Graham Rom.pdf,Game Theory_Oxford_Graham Rom.txt,PDF,295,110794,695427,Başarılı,7438a1a5f6cfdaa748f88724d8f53850678068edd93160da6cb42a16262ecbb9
Algorithmic-Game-Theory.pdf,Books/Books for Text_Eng-20260529T160906Z-3-001/Books for Text_Eng/Game Theory/AI_Game Theory/Algorithmic-Game-Theory.pdf,Algorithmic-Game-Theory.txt,PDF,775,361552,2096456,Başarılı,83084d9996024ca92f313c5ae55fec7b3b379f06172a4c24b62229da9c558543
Strategy_Game Theory_Watson.pdf,Books/Books for Text_Eng-20260529T160906Z-3-001/Books for Text_Eng/Game Theory/Game Theory/Strategy_Game Theory_Watson.pdf,Strategy_Game Theory_Watson.txt,PDF,511,196566,1093058,Başarılı,0c823f3a7b45f117ade5c607dd6830c72f138b3aa4cc0983c441b61208a2dacf
"Games, Information,  and politics.pdf","Books/Books for Text_Eng-20260529T160906Z-3-001/Books for Text_Eng/Game Theory/Game Theory_Political/Games, Information,  and politics.pdf","Games, Information, and politics.txt",PDF,194,69892,409127,Başarılı,0ac5f1db96743178d421f897b223cd0b02c40719f2e50b9694948ef6b4ba47ee
Compleat Strategyst_Game Theory_Rand_1954.pdf,Books/Books for Text_Eng-20260529T160906Z-3-001/Books for Text_Eng/Game Theory/Game Theory_Rand/Compleat Strategyst_Game Theory_Rand_1954.pdf,Compleat Strategyst_Game Theory_Rand_1954.txt,PDF,286,241,1659,Başarılı,b14ba10e061b49ac38cee6abd6ea5b8d7aba8fd13c71d0f039f9742f64be3e68
Game Theory_Rand_1979.pdf,Books/Books for Text_Eng-20260529T160906Z-3-001/Books for Text_Eng/Game Theory/Game Theory_Rand/Game Theory_Rand_1979.pdf,Game Theory_Rand_1979.txt,PDF,9,0,0,Görsel / Taranmış (0 Kelime),fd3ca8e62d6fa26a6bf66dc5fcf76fc4a66acdb270baded5c0fde92a14bbcb1a
Game-Theory-4th-Edition-Owen-Guillermo.pdf,Books/Books for Text_Eng-20260529T160906Z-3-001/Books for Text_Eng/Game Theory/Game Theory/Game-Theory-4th-Edition-Owen-Guillermo.pdf,Game-Theory-4th-Edition-Owen-Guillermo.txt,PDF,627,116889,654179,Başarılı,daaefce21f19596dbae94614d375dbf83d8139e486353489850deb8d7a7916db
Game Theory_Rand_1987.pdf,Books/Books for Text_Eng-20260529T160906Z-3-001/Books for Text_Eng/Game Theory/Game Theory_Rand/Game Theory_Rand_1987.pdf,Game Theory_Rand_1987.txt,PDF,28,0,0,Görsel / Taranmış (0 Kelime),1bd47378f83aa67cc4349534b337a9861398e77eec65f2eb9cbe918d2e53fe4d
Strategies-and-Games_-The-MIT-Press-1999.pdf,Books/Books for Text_Eng-20260529T160906Z-3-001/Books for Text_Eng/Game Theory/Game Theory/Strategies-and-Games_-The-MIT-Press-1999.pdf,Strategies-and-Games_-The-MIT-Press-1999.txt,PDF,384,176609,1011992,Başarılı,9fc8b1618747f3579f0959cb35d938352b29e65273576753c092c0474b9a9ae6
Political Game Theory-Cambridge.pdf,Books/Books for Text_Eng-20260529T160906Z-3-001/Books for Text_Eng/Game Theory/Game Theory_Political/Political Game Theory-Cambridge.pdf,Political Game Theory-Cambridge.txt,PDF,447,149191,831757,Başarılı,8c916d29465aad7ec42b750d36c5732d4bb07de3e4ff23cba789b3a7ef990cd7
Game of Strategy_Rand_1961.pdf,Books/Books for Text_Eng-20260529T160906Z-3-001/Books for Text_Eng/Game Theory/Game Theory_Rand/Game of Strategy_Rand_1961.pdf,Game of Strategy_Rand_1961.txt,PDF,196,241,1659,Başarılı,adb8cb6b822893cf96ef54ad0b12e19d5851de6be00255ab8dcebca50c19e14c
Coup For Dummies_Fake Coup.pdf,Books/Books for Text_Eng-20260529T160906Z-3-001/Books for Text_Eng/July 15_Eng/Coup For Dummies_Fake Coup.pdf,Coup For Dummies_Fake Coup.txt,PDF,9,6,12,Başarılı,3c01082ee8f0b67c422717d7a61533270c2b1ca56013a1906bbbeadc3d5c7992
Game Theory-Business and Economics-Springer-2015.pdf,Books/Books for Text_Eng-20260529T160906Z-3-001/Books for Text_Eng/Game Theory/Game Theory_Business/Game Theory-Business and Economics-Springer-2015.pdf,Game Theory-Business and Economics-Springer-2015.txt,PDF,493,185825,959140,Başarılı,6c4c12dbb92d0e62790c911554a2425a92deadcbae75f9cae0a46e88adcd7dd4
The Art of Strategy_ A Game Theorist_s Guide to Success in Business and Lifeive.pdf,Books/Books for Text_Eng-20260529T160906Z-3-001/Books for Text_Eng/Game Theory/Game Theory_Business/The Art of Strategy_ A Game Theorist_s Guide to Success in Business and Lifeive.pdf,The Art of Strategy_ A Game Theorist_s Guide to Success in Business and Lifeive.txt,PDF,550,159968,920464,Başarılı,2feef26987bf4f1a62ad7b76bc0661050176fe66342af0c92e1768cbe4e4422f
SADAT_Erdogan_s Private Army.pdf,Books/Books for Text_Eng-20260529T160906Z-3-001/Books for Text_Eng/July 15_Eng/SADAT_Erdogan_s Private Army.pdf,SADAT_Erdogan_s Private Army.txt,PDF,75,16207,139519,Başarılı,1b24c283ae615f369e729b92a0ac8e06d777b60d13a29fbe9378c5c519f506fb
Game-Theory_Analysis of Conflict_Harvard.pdf,Books/Books for Text_Eng-20260529T160906Z-3-001/Books for Text_Eng/Game Theory/Game Theory/Game-Theory_Analysis of Conflict_Harvard.pdf,Game-Theory_Analysis of Conflict_Harvard.txt,PDF,587,208313,1191652,Başarılı,112cbf02439c1a287fc9075f91100e9fef4871e989441a2f9787f1700c91edea
Political_Game_Theory_Princeton.pdf,Books/Books for Text_Eng-20260529T160906Z-3-001/Books for Text_Eng/Game Theory/Game Theory_Political/Political_Game_Theory_Princeton.pdf,Political_Game_Theory_Princeton.txt,PDF,415,138809,760446,Başarılı,107699a509ef95a63dab1c8483b72f86abb453b0429d4887bdfe69ff6cbe67cc
Dictatorship.pdf,Books/Books for Text_Eng-20260529T160906Z-3-001/Books for Text_Eng/Politic/Dictatorship.pdf,Dictatorship.txt,PDF,102,26158,178570,Başarılı,3ab82a21e641334c8a73b2122b78c057e836f1192fe68faf57e30ef2a7f2e846
UK_Report for July 15.pdf,Books/Books for Text_Eng-20260529T160906Z-3-001/Books for Text_Eng/July 15_Eng/UK_Report for July 15.pdf,UK_Report for July 15.txt,PDF,82,37507,232324,Başarılı,9f917a733a4cbbd36b31f6e7f77a9d8c0e10ff149fe7b134adb1af4df04a668e
A Search fot Truth.pdf,Books/Books for Text_Eng-20260529T160906Z-3-001/Books for Text_Eng/July 15_Eng/A Search fot Truth.pdf,A Search fot Truth.txt,PDF,80,22240,164696,Başarılı,b85749c8d86cac372e9d086e3c99cd2c971ae1e1eaa0d91d53a779b38ad02837
The Coup in Turkey..pdf,Books/Books for Text_Eng-20260529T160906Z-3-001/Books for Text_Eng/July 15_Eng/The Coup in Turkey..pdf,The Coup in Turkey..txt,PDF,120,28768,209407,Başarılı,ab4d4c9c1fe79efd4077dd0ec0c59bf0e9db0dccd9ca1a0986ecc36d58b9afbb
Modern Dictators.pdf,Books/Books for Text_Eng-20260529T160906Z-3-001/Books for Text_Eng/Politic/Modern Dictators.pdf,Modern Dictators.txt,PDF,46,21599,127681,Başarılı,f2fba31bca38f13fb91d7659e8b1cbd7d1219e9e0a701c94c151a319d30703a5
Strategy and Politics_ An Introduction to Game Theory.pdf,Books/Books for Text_Eng-20260529T160906Z-3-001/Books for Text_Eng/Game Theory/Game Theory_Political/Strategy and Politics_ An Introduction to Game Theory.pdf,Strategy and Politics_ An Introduction to Game Theory.txt,PDF,432,197548,1151878,Başarılı,8a2fd89b5c23f420b483f0d9aa96440ee8a752d2c50f283fec9a99454deb4da9
"Open Source Intelligence Glossary Guide to Keywords, Phrases for Improved Internet Research Results (Crowder, Nicholas) (z-lib.org).epub","Books/Books for Text_Eng-20260529T160906Z-3-001/Books for Text_Eng/Open Source/Open Source Intelligence Glossary Guide to Keywords, Phrases for Improved Internet Research Results (Crowder, Nicholas) (z-lib.org).epub","Open Source Intelligence Glossary Guide to Keywords, Phrases for Improved Internet Research Results (Crowder, Nicholas) (z-lib.org).txt",EPUB,417,28442,205760,Başarılı,541c525d13555f2b38b699b378d32ad0292887564a033963c5e1b83a19696b66
GOEBBELS-PROPAGANDA-ONE-C.pdf,Books/Books for Text_Eng-20260529T160906Z-3-001/Books for Text_Eng/Propaganda/GOEBBELS-PROPAGANDA-ONE-C.pdf,GOEBBELS-PROPAGANDA-ONE-C.txt,PDF,11,1868,11994,Başarılı,e0da28054e78b9eb04caf16eff4f3b0baf5878ab1a86dbcf870249991a7aaf72
Nazi Propaganda and Techniques of Neutralization.pdf,Books/Books for Text_Eng-20260529T160906Z-3-001/Books for Text_Eng/Propaganda/Nazi Propaganda and Techniques of Neutralization.pdf,Nazi Propaganda and Techniques of Neutralization.txt,PDF,13,5333,34616,Başarılı,80c1fa745e69ed5cda733ffea517b18ed5c5a4262280b377c0150e4829114665
Totaliterizm ve Dezenformasyon-Atilla Yayla.pdf,Books/Books for Text_Eng-20260529T160906Z-3-001/Books for Text_Eng/Propaganda/Totaliterizm ve Dezenformasyon-Atilla Yayla.pdf,Totaliterizm ve Dezenformasyon-Atilla Yayla.txt,PDF,22,7727,59811,Başarılı,8f09b1a5e7e50ad2fc3f61bb815dfbaae08920ccd7261f24346f60bd7af8a6ce
"All Art Is Propaganda Critical Essays (George Orwell, Keith Gessen, George Packer) (z-lib.org).epub","Books/Books for Text_Eng-20260529T160906Z-3-001/Books for Text_Eng/Propaganda/All Art Is Propaganda Critical Essays (George Orwell, Keith Gessen, George Packer) (z-lib.org).epub","All Art Is Propaganda Critical Essays (George Orwell, Keith Gessen, George Packer) (z-lib.org).txt",EPUB,305,130049,759177,Başarılı,26953b1580605933e654fad48700c1ba192bcfa437e18210c4efa848f6dffd43
"(OSINT) Open Source Intelligence Glossary Guide to keywords, phrases for improved Internet research results (Nicholas Crowder) (z-lib.org).epub","Books/Books for Text_Eng-20260529T160906Z-3-001/Books for Text_Eng/Open Source/(OSINT) Open Source Intelligence Glossary Guide to keywords, phrases for improved Internet research results (Nicholas Crowder) (z-lib.org).epub","(OSINT) Open Source Intelligence Glossary Guide to keywords, phrases for improved Internet research results (Nicholas Crowder) (z-lib.org).txt",EPUB,417,28442,205760,Başarılı,9e839abbf5eabf0ae17ad93e60c9d9c7b92c58663e7a53d305f76c541091fd1a
"Protests in the Information Age Social Movements, Digital Practices and Surveillance (Lucas Melgaço, Jeffrey Monaghan) (z-lib.org).epub","Books/Books for Text_Eng-20260529T160906Z-3-001/Books for Text_Eng/Propaganda/Protests in the Information Age Social Movements, Digital Practices and Surveillance (Lucas Melgaço, Jeffrey Monaghan) (z-lib.org).epub","Protests in the Information Age Social Movements, Digital Practices and Surveillance (Lucas Melgaço, Jeffrey Monaghan) (z-lib.org).txt",EPUB,284,77621,519120,Başarılı,6715a1a977a426d33fbc0c0190fbd3d8cea1f9e1d590e74327e4d49c78086a8b
RAND_1991_Turkey_s Urbanization and Insurgency_1976-1980.pdf,Books/Books for Text_Eng-20260529T160906Z-3-001/Books for Text_Eng/Rand/RAND_1991_Turkey_s Urbanization and Insurgency_1976-1980.pdf,RAND_1991_Turkey_s Urbanization and Insurgency_1976-1980.txt,PDF,38,0,0,Görsel / Taranmış (0 Kelime),2b781fe66ad6797e5359c9e9c53fa4ced316457e5f847cfa2d1c5af6ccf5b687
RAND_1992_Turkey_Paul Henze.pdf,Books/Books for Text_Eng-20260529T160906Z-3-001/Books for Text_Eng/Rand/RAND_1992_Turkey_Paul Henze.pdf,RAND_1992_Turkey_Paul Henze.txt,PDF,56,0,0,Görsel / Taranmış (0 Kelime),ee7d34ff094aa09c93824318bba61de20829eb549774ecbb831b4e0d2312a567
The effectiveness of Nazi propaganda during World War II.pdf,Books/Books for Text_Eng-20260529T160906Z-3-001/Books for Text_Eng/Propaganda/The effectiveness of Nazi propaganda during World War II.pdf,The effectiveness of Nazi propaganda during World War II.txt,PDF,101,25044,156344,Başarılı,d850db45ffd333af9cd8f4fc8178cfab06f9afb14aa404203b27f0b22dec5ebb
"Open Source Intelligence Methods and Tools A Practical Guide to Online Intelligence (Nihad A. Hassan, Rami Hijazi) (z-lib.org).epub","Books/Books for Text_Eng-20260529T160906Z-3-001/Books for Text_Eng/Open Source/Open Source Intelligence Methods and Tools A Practical Guide to Online Intelligence (Nihad A. Hassan, Rami Hijazi) (z-lib.org).epub","Open Source Intelligence Methods and Tools A Practical Guide to Online Intelligence (Nihad A. Hassan, Rami Hijazi) (z-lib.org).txt",EPUB,372,80102,525907,Başarılı,32cb7965eef886d4bdc893c50177e17f31badb6c36ba1a6d0f70ae7be5d07d12
RAND_1993_Graham Fuller.pdf,Books/Books for Text_Eng-20260529T160906Z-3-001/Books for Text_Eng/Rand/RAND_1993_Graham Fuller.pdf,RAND_1993_Graham Fuller.txt,PDF,42,0,0,Görsel / Taranmış (0 Kelime),05aa30392304f1980b85a3f9936bb2fdee35ad4426a620c7b3cad625f4d49897
RAND_1997_Turkey_s Ethnic and Religious Strains.pdf,Books/Books for Text_Eng-20260529T160906Z-3-001/Books for Text_Eng/Rand/RAND_1997_Turkey_s Ethnic and Religious Strains.pdf,RAND_1997_Turkey_s Ethnic and Religious Strains.txt,PDF,22,0,0,Görsel / Taranmış (0 Kelime),0b733870bdfe246ea48f7af15bd553765c9ad727e129353a8c4edca3dbcb989a
"Network propaganda manipulation, disinformation, and radicalization in American politics (Yochai BENKLER, Robert FARIS, Hal ROBERTS) (z-lib.org).epub","Books/Books for Text_Eng-20260529T160906Z-3-001/Books for Text_Eng/Propaganda/Network propaganda manipulation, disinformation, and radicalization in American politics (Yochai BENKLER, Robert FARIS, Hal ROBERTS) (z-lib.org).epub","Network propaganda manipulation, disinformation, and radicalization in American politics (Yochai BENKLER, Robert FARIS, Hal ROBERTS) (z-lib.org).txt",EPUB,1100,166523,1056036,Başarılı,618ebbd934eeb08279f2c4d6996d37be9f88798266161d90fc0f05e480808d58
Strategy and Politics wiith Game Theory.pdf,Books/Books for Text_Eng-20260529T160906Z-3-001/Books for Text_Eng/Game Theory/Game Theory_Political/Strategy and Politics wiith Game Theory.pdf,Strategy and Politics wiith Game Theory.txt,PDF,432,200885,1176645,Başarılı,f06f7e8fd1788b5e01133d6952f8badd95e91f860ca8b06fea69c5825cd60ebb
RAND_2008_Middle East Perspectives.pdf,Books/Books for Text_Eng-20260529T160906Z-3-001/Books for Text_Eng/Rand/RAND_2008_Middle East Perspectives.pdf,RAND_2008_Middle East Perspectives.txt,PDF,27,9208,60126,Başarılı,3a53d7a4e2c523211ca1496a5e33481e0353c3434853b1becb99bf86ef10db30
"Totalitarianism and Political Religions, Volume II Concepts for the Comparison Of Dictatorships (Hans Maier, Michael Schäfer) (z-lib.org).pdf","Books/Books for Text_Eng-20260529T160906Z-3-001/Books for Text_Eng/Politic/Totalitarianism and Political Religions, Volume II Concepts for the Comparison Of Dictatorships (Hans Maier, Michael Schäfer) (z-lib.org).pdf","Totalitarianism and Political Religions, Volume II Concepts for the Comparison Of Dictatorships (Hans Maier, Michael Schäfer) (z-lib.org).txt",PDF,353,157087,980673,Başarılı,e435c26c34cdc465ecd36460044e31eb8a739e758c68b650effefa3168075ff4
The_Family-Jeff Sharlet.pdf,Books/Books for Text_Eng-20260529T160906Z-3-001/Books for Text_Eng/Politic/The_Family-Jeff Sharlet.pdf,The_Family-Jeff Sharlet.txt,PDF,465,165803,970337,Başarılı,2b683d5749c1cc062e4b39f41afc46f57c336dffa87f4a2e0e17d690c8d4ffeb
RAND_2000_ Turkish-Western Relations_s Future.pdf,Books/Books for Text_Eng-20260529T160906Z-3-001/Books for Text_Eng/Rand/RAND_2000_ Turkish-Western Relations_s Future.pdf,RAND_2000_ Turkish-Western Relations_s Future.txt,PDF,110,36837,238157,Başarılı,5d3ed17085d6c4cc6cf6e65ca505e5097d89968a8b6db8aa6c5424d5d560d2b1
RAND_2008_Turkey_s Political Islam.pdf,Books/Books for Text_Eng-20260529T160906Z-3-001/Books for Text_Eng/Rand/RAND_2008_Turkey_s Political Islam.pdf,RAND_2008_Turkey_s Political Islam.txt,PDF,135,44927,275514,Başarılı,05e536e30bbd9d4cd6f9b820c9d1a51142900000d4a593ea0df87c949da580be
RAND_2008_How Terrorist Groups End.pdf,Books/Books for Text_Eng-20260529T160906Z-3-001/Books for Text_Eng/Rand/RAND_2008_How Terrorist Groups End.pdf,RAND_2008_How Terrorist Groups End.txt,PDF,251,70443,438955,Başarılı,9de9f2c826715ccb8b1a69a4592540213dd659ef3f629333b4379a17ecf8e594
RAND_2003_Civil Democratic Islam.pdf,Books/Books for Text_Eng-20260529T160906Z-3-001/Books for Text_Eng/Rand/RAND_2003_Civil Democratic Islam.pdf,RAND_2003_Civil Democratic Islam.txt,PDF,88,30744,197279,Başarılı,4ab968e6fd68bc8b582b01d3c0563037bc67b97e77c50e40724c29f900e99fb0
RAND_2008_Turkey Security Partner.pdf,Books/Books for Text_Eng-20260529T160906Z-3-001/Books for Text_Eng/Rand/RAND_2008_Turkey Security Partner.pdf,RAND_2008_Turkey Security Partner.txt,PDF,50,13796,80378,Başarılı,1f6b26390f4422d0b2421e980059ae8c321919e8e83f80a860222fb4e3fcd83e
You Said What Lies and Propaganda Throughout History (Bill Fawcett) (z-lib.org).pdf,Books/Books for Text_Eng-20260529T160906Z-3-001/Books for Text_Eng/Propaganda/You Said What Lies and Propaganda Throughout History (Bill Fawcett) (z-lib.org).pdf,You Said What Lies and Propaganda Throughout History (Bill Fawcett) (z-lib.org).txt,PDF,329,88410,518862,Başarılı,308a79f0789191bcbb88b579ac26dd7180d6178eb1f3208736dbe09eccfc593f
The-Dual-State-Ernst-Fraenkel.pdf,Books/Books for Text_Eng-20260529T160906Z-3-001/Books for Text_Eng/Politic/The-Dual-State-Ernst-Fraenkel.pdf,The-Dual-State-Ernst-Fraenkel.txt,PDF,335,115291,730678,Başarılı,6ff50eaa4f7ed9797e3ce86ce699387356cbf4bb3dba0a7bdb7c17554ea72592
RAND_2003_Turkish Foreign Policy.pdf,Books/Books for Text_Eng-20260529T160906Z-3-001/Books for Text_Eng/Rand/RAND_2003_Turkish Foreign Policy.pdf,RAND_2003_Turkish Foreign Policy.txt,PDF,241,79940,519070,Başarılı,2479cd631867dbf99b188fc66bf78ffca10463b00d9ab499dbf5c7ca928f64ea
Turk_Amerikan_Iliskilerine_RAND_Corporat.pdf,Books/Books for Text_Eng-20260529T160906Z-3-001/Books for Text_Eng/Rand/Turk_Amerikan_Iliskilerine_RAND_Corporat.pdf,Turk_Amerikan_Iliskilerine_RAND_Corporat.txt,PDF,81,16776,132607,Başarılı,bf97ea454ddb76e1ebaff993d428516f71e4dcbc727790f9a9e2e31a608045dd
Democracy’s Fourth Wave Digital Media and the Arab Spring (Philip N. Howard Muzammil M. Hussain) (z-lib.org).epub,Books/Books for Text_Eng-20260529T160906Z-3-001/Books for Text_Eng/Social Media/Democracy’s Fourth Wave Digital Media and the Arab Spring (Philip N. Howard Muzammil M. Hussain) (z-lib.org).epub,Democracy’s Fourth Wave Digital Media and the Arab Spring (Philip N. Howard Muzammil M. Hussain) (z-lib.org).txt,EPUB,263,56702,346631,Başarılı,022233371589a9f654cf1637bae486a890a823aff2b8eaf8e9815aafce6e3659
RAND_2020_Hedgemony_Game of Stratgy.pdf,Books/Books for Text_Eng-20260529T160906Z-3-001/Books for Text_Eng/Rand/RAND_2020_Hedgemony_Game of Stratgy.pdf,RAND_2020_Hedgemony_Game of Stratgy.txt,PDF,74,33713,222690,Başarılı,c170b74ca774fd686d4103665d1e17db8633fc9f04777968f96fba4310ce2c5f
"The Rise of Political Islam in Turkey (Stephen F. Larrabee, Angel Rabasa) (https___z-lib.org).pdf","Books/Books for Text_Eng-20260529T160906Z-3-001/Books for Text_Eng/Rand/The Rise of Political Islam in Turkey (Stephen F. Larrabee, Angel Rabasa) (https___z-lib.org).pdf","The Rise of Political Islam in Turkey (Stephen F. Larrabee, Angel Rabasa) (https___z-lib.org).txt",PDF,134,44665,273750,Başarılı,65ca330a6949e9c31f58a0d455c337a85d7d7743086f79e41d7c0693d7425fed
"Ask, Measure, Learn Using Social Media Analytics to Understand and Influence Customer Behavior (Lutz Finger, Soumitra Dutta) (z-lib.org).epub","Books/Books for Text_Eng-20260529T160906Z-3-001/Books for Text_Eng/Social Media/Ask, Measure, Learn Using Social Media Analytics to Understand and Influence Customer Behavior (Lutz Finger, Soumitra Dutta) (z-lib.org).epub","Ask, Measure, Learn Using Social Media Analytics to Understand and Influence Customer Behavior (Lutz Finger, Soumitra Dutta) (z-lib.org).txt",EPUB,539,102206,612873,Başarılı,8a90de034c5cfd95e211a5dd7f26f2a37dec3da84d3ed378042f0d7d1cefe1b4
RAND_2012_Public Support for Insurgency.pdf,Books/Books for Text_Eng-20260529T160906Z-3-001/Books for Text_Eng/Rand/RAND_2012_Public Support for Insurgency.pdf,RAND_2012_Public Support for Insurgency.txt,PDF,272,83770,538698,Başarılı,df223eb23084ff934b610721660040f28ed5b4f01c09b586969373558d6a4899
Nationalism on the Internet Critical Theory and Ideology in the Age of Social Media and Fake News (Christian Fuchs) (z-lib.org).epub,Books/Books for Text_Eng-20260529T160906Z-3-001/Books for Text_Eng/Social Media/Nationalism on the Internet Critical Theory and Ideology in the Age of Social Media and Fake News (Christian Fuchs) (z-lib.org).epub,Nationalism on the Internet Critical Theory and Ideology in the Age of Social Media and Fake News (Christian Fuchs) (z-lib.org).txt,EPUB,559,110484,735479,Başarılı,468f7f375954830b3c8722defd784c58753071bfa4284bb30e936487ad305d3a
The Rise of Turkey The Twenty-First Century’s First Muslim Power (Soner Cagaptay) (https___z-lib.org).pdf,Books/Books for Text_Eng-20260529T160906Z-3-001/Books for Text_Eng/Rand/The Rise of Turkey The Twenty-First Century’s First Muslim Power (Soner Cagaptay) (https___z-lib.org).pdf,The Rise of Turkey The Twenty-First Century’s First Muslim Power (Soner Cagaptay) (https___z-lib.org).txt,PDF,185,55990,356138,Başarılı,2df24de2fe9221adc68d89f9759d355bce4900687bcee8e3f5963589db1b5148
"The citizen marketer  promoting political opinion in the social media age (Penney, Joel) (z-lib.org).epub","Books/Books for Text_Eng-20260529T160906Z-3-001/Books for Text_Eng/Social Media/The citizen marketer  promoting political opinion in the social media age (Penney, Joel) (z-lib.org).epub","The citizen marketer promoting political opinion in the social media age (Penney, Joel) (z-lib.org).txt",EPUB,661,118630,761347,Başarılı,183ebc26ae28f652563366763603eaddb091a7114cf3e266e232072638df5810
RAND_2008_War by Other Means.pdf,Books/Books for Text_Eng-20260529T160906Z-3-001/Books for Text_Eng/Rand/RAND_2008_War by Other Means.pdf,RAND_2008_War by Other Means.txt,PDF,519,160889,1002210,Başarılı,d8ea57ab23ce81eee5135f99acd3d349f89f84b657bb9695d729bacab6e47c2a
RAND_2020_Turkey Report.pdf,Books/Books for Text_Eng-20260529T160906Z-3-001/Books for Text_Eng/Rand/RAND_2020_Turkey Report.pdf,RAND_2020_Turkey Report.txt,PDF,276,123297,808033,Başarılı,45827590a60298303e69bafc3ee610f399c5184be15c9983b4b93ce0b319bc83
Social Movements The Structure of Collective Mobilization (Paul Almeida) (z-lib.org).epub,Books/Books for Text_Eng-20260529T160906Z-3-001/Books for Text_Eng/Social Movement/Social Movements The Structure of Collective Mobilization (Paul Almeida) (z-lib.org).epub,Social Movements The Structure of Collective Mobilization (Paul Almeida) (z-lib.org).txt,EPUB,254,77753,536486,Başarılı,5093869ad8e94ac2be32b8e1230df4618dde744d3d91ead067330bebcc284f4a
Kevin Roberts-Taking Back Washington to Save America.pdf,Books/Books for Text_Eng-20260529T160906Z-3-001/Books for Text_Eng/Us_Project2025/Kevin Roberts-Taking Back Washington to Save America.pdf,Kevin Roberts-Taking Back Washington to Save America.txt,PDF,260,92390,574315,Başarılı,a62ae146f74ac9663994b7851c72a46a314190bf43b2466d83671042267490ab
"Political Turbulence How Social Media Shape Collective Action (Helen Margetts, Peter John, Scott Hale etc.) (z-lib.org).epub","Books/Books for Text_Eng-20260529T160906Z-3-001/Books for Text_Eng/Social Media/Political Turbulence How Social Media Shape Collective Action (Helen Margetts, Peter John, Scott Hale etc.) (z-lib.org).epub","Political Turbulence How Social Media Shape Collective Action (Helen Margetts, Peter John, Scott Hale etc.) (z-lib.org).txt",EPUB,205,88907,576091,Başarılı,94ac35c615e6c4031e275657c664dac4a8a02160d9a5eea703dbeaa120f8219d
Fikir ve Aksiyon İnsanı Olarak Fethullah Gülen - Yüksel Çayıroğlu.pdf,Books/Books for Text_Hzm-20260529T161525Z-3-001/Books for Text_Hzm/HE_Biyografi/Fikir ve Aksiyon İnsanı Olarak Fethullah Gülen - Yüksel Çayıroğlu.pdf,Fikir ve Aksiyon İnsanı Olarak Fethullah Gülen - Yüksel Çayıroğlu.txt,PDF,472,0,0,Görsel / Taranmış (0 Kelime),dbf20c6776637f0fc83159349966d0695c3db21729c071e61f3332f4fd913aad
"Social Movements An Introduction (Donatella Della Porta, Mario Diani) (z-lib.org) (1).epub","Books/Books for Text_Eng-20260529T160906Z-3-001/Books for Text_Eng/Social Movement/Social Movements An Introduction (Donatella Della Porta, Mario Diani) (z-lib.org) (1).epub","Social Movements An Introduction (Donatella Della Porta, Mario Diani) (z-lib.org) (1).txt",EPUB,528,156178,1059316,Başarılı,de0dc97628554f2eedb5e6f5b9ad5ef17f52b96afe1d3bb029d3a2c1fd5882f1
Fethullah-Gulen-Biography.pdf,Books/Books for Text_Hzm-20260529T161525Z-3-001/Books for Text_Hzm/HE_Biyografi/Fethullah-Gulen-Biography.pdf,Fethullah-Gulen-Biography.txt,PDF,52,7484,47535,Başarılı,20c2a58dbad0e26ffe7c04f07dbcef0bbda202c32d0277a581e835c1038adbec
Fethullah Gülen Röportajı (Ekrem Dumanlı) (z-lib.org).epub,Books/Books for Text_Hzm-20260529T161525Z-3-001/Books for Text_Hzm/HE_Roportajlar/Fethullah Gülen Röportajı (Ekrem Dumanlı) (z-lib.org).epub,Fethullah Gülen Röportajı (Ekrem Dumanlı) (z-lib.org).txt,EPUB,31,9522,72078,Başarılı,aa31b3391f60b2fbb4757364e739a16eccab4c7859d5271bea5d99ddf7fecc66
Fethullah Gülen’s Teaching and Practice-Paul Weller.pdf,Books/Books for Text_Hzm-20260529T161525Z-3-001/Books for Text_Hzm/HE_Biyografi/Fethullah Gülen’s Teaching and Practice-Paul Weller.pdf,Fethullah Gülen’s Teaching and Practice-Paul Weller.txt,PDF,261,104550,620307,Başarılı,8b02232e9475591dc063fdb3ca0842430ffd6360aa4977b75b56b67bd1a925af
Gurbette-Fethullah-Gulen-Nuriye-Akman.pdf,Books/Books for Text_Hzm-20260529T161525Z-3-001/Books for Text_Hzm/HE_Roportajlar/Gurbette-Fethullah-Gulen-Nuriye-Akman.pdf,Gurbette-Fethullah-Gulen-Nuriye-Akman.txt,PDF,186,38473,282130,Başarılı,833b49bb6ae652ff2f219c6ec68873353cb76ee4c92e0eaf7ae62e3661d22dba
Ali Unal-Gecmisten-Gelecege-Kopru-Fethullah-Gulen.pdf,Books/Books for Text_Hzm-20260529T161525Z-3-001/Books for Text_Hzm/HE_Biyografi/Ali Unal-Gecmisten-Gelecege-Kopru-Fethullah-Gulen.pdf,Ali Unal-Gecmisten-Gelecege-Kopru-Fethullah-Gulen.txt,PDF,327,80444,591324,Başarılı,e37dce9d74f6dc075b31b793b2ea2d2045ebc0111957b39d9fa152c3683c0b40
Gurbetteki-Ogretmen-M-Fethulllah-Gulen-MustuY.pdf,Books/Books for Text_Hzm-20260529T161525Z-3-001/Books for Text_Hzm/HE_Biyografi/Gurbetteki-Ogretmen-M-Fethulllah-Gulen-MustuY.pdf,Gurbetteki-Ogretmen-M-Fethulllah-Gulen-MustuY.txt,PDF,167,15361,112218,Başarılı,cf535b502387ced35bb28d1eb98a7aacfe9aeb2af5dcda08f5d4829afa940e9a
Gulen-Hareketi-1-Farkli-Seslerin-Ahengi-M-F-Gulen.pdf,Books/Books for Text_Hzm-20260529T161525Z-3-001/Books for Text_Hzm/HE_Biyografi/Gulen-Hareketi-1-Farkli-Seslerin-Ahengi-M-F-Gulen.pdf,Gulen-Hareketi-1-Farkli-Seslerin-Ahengi-M-F-Gulen.txt,PDF,256,71108,499509,Başarılı,6009d73f8921c1ac01d1e7d5e14c596ef74e4ec78bbb95116b6ea3b5517b0fac
Understanding-Fethullah-Gulen.pdf,Books/Books for Text_Hzm-20260529T161525Z-3-001/Books for Text_Hzm/HE_Biyografi/Understanding-Fethullah-Gulen.pdf,Understanding-Fethullah-Gulen.txt,PDF,150,44368,278792,Başarılı,6af74924a1a9c861305fd72928c4eae74cfff3dba23e59cbda41d458c6800a11
Questions-and-Answers-About-Islam-Vol-1-M-Fethullah-Gulen.pdf,Books/Books for Text_Hzm-20260529T161525Z-3-001/Books for Text_Hzm/PRL-English/Questions-and-Answers-About-Islam-Vol-1-M-Fethullah-Gulen.pdf,Questions-and-Answers-About-Islam-Vol-1-M-Fethullah-Gulen.txt,PDF,183,70198,411393,Başarılı,dfaf98416a0a0cf71f6bdf9baebcced4f49013d7c988db8ac4423df515451cb0
Questions-and-Answers-About-Islam-Vol-2-M-Fethullah-Gulen.pdf,Books/Books for Text_Hzm-20260529T161525Z-3-001/Books for Text_Hzm/PRL-English/Questions-and-Answers-About-Islam-Vol-2-M-Fethullah-Gulen.pdf,Questions-and-Answers-About-Islam-Vol-2-M-Fethullah-Gulen.txt,PDF,192,55441,318038,Başarılı,d615cd9a43c20e75e97518dc84416333644a8fb991a4520c49897f8429c9bde6
The-Essentials-of-the-Islamic-Faith-Fethullah-Gulen.pdf,Books/Books for Text_Hzm-20260529T161525Z-3-001/Books for Text_Hzm/PRL-English/The-Essentials-of-the-Islamic-Faith-Fethullah-Gulen.pdf,The-Essentials-of-the-Islamic-Faith-Fethullah-Gulen.txt,PDF,282,92276,542891,Başarılı,487f4ff7987e4aca8769bf3bc72d15f792066c0fe091c26af8b125bdd6285c57
Asrin Getirdigi Tereddutler_1.pdf,Books/Books for Text_Hzm-20260529T161525Z-3-001/Books for Text_Hzm/PRL/Asrin Getirdigi Tereddutler_1.pdf,Asrin Getirdigi Tereddutler_1.txt,PDF,163,45036,331756,Başarılı,f81b113cbaefa3f71d526a83dc46cd141e8a529b7f44c9aab229a6f553d0a8ad
An-Analysis-of-the-Prophet-s-Life-The-Messenger-Of-God-Muhammad-Fethullah-Gulen.pdf,Books/Books for Text_Hzm-20260529T161525Z-3-001/Books for Text_Hzm/PRL-English/An-Analysis-of-the-Prophet-s-Life-The-Messenger-Of-God-Muhammad-Fethullah-Gulen.pdf,An-Analysis-of-the-Prophet-s-Life-The-Messenger-Of-God-Muhammad-Fethullah-Gulen.txt,PDF,455,144126,849871,Başarılı,0987e3bf64c5a2223a3624e9cc3cc3cb564f0eeb0e99de3a84d31423f6dc02a8
Asrin Getirdigi Tereddutler_3.pdf,Books/Books for Text_Hzm-20260529T161525Z-3-001/Books for Text_Hzm/PRL/Asrin Getirdigi Tereddutler_3.pdf,Asrin Getirdigi Tereddutler_3.txt,PDF,173,49085,357989,Başarılı,d293e83304d67107d5794a5e9a10ffe7e30d12837fe19afcecc3a9c0ac64816e
The-Messenger-of-God-Muhammad-An-Analysis-of-the-Prophet-s-Life.pdf,Books/Books for Text_Hzm-20260529T161525Z-3-001/Books for Text_Hzm/PRL-English/The-Messenger-of-God-Muhammad-An-Analysis-of-the-Prophet-s-Life.pdf,The-Messenger-of-God-Muhammad-An-Analysis-of-the-Prophet-s-Life.txt,PDF,369,135643,793859,Başarılı,8953b1ebdb718c7401d488d963d610be940ba5fa199d860f9b855f5feabbd102
Asrin Getirdigi Tereddutler_4.pdf,Books/Books for Text_Hzm-20260529T161525Z-3-001/Books for Text_Hzm/PRL/Asrin Getirdigi Tereddutler_4.pdf,Asrin Getirdigi Tereddutler_4.txt,PDF,199,56957,416574,Başarılı,0a189c5b5192093faffb4c850c608bc3f7e8284814041e0671ba7fe0a9b23fc7
Asrin Getirdigi Tereddutler_2.pdf,Books/Books for Text_Hzm-20260529T161525Z-3-001/Books for Text_Hzm/PRL/Asrin Getirdigi Tereddutler_2.pdf,Asrin Getirdigi Tereddutler_2.txt,PDF,183,51820,386955,Başarılı,8d9b2be8554e196655813ea2c86136b5f1ef579e8972fb2e93c81305b1779dda
CN_3_Yitirilmiş Cennete Doğru.pdf,Books/Books for Text_Hzm-20260529T161525Z-3-001/Books for Text_Hzm/PRL/CN_3_Yitirilmiş Cennete Doğru.pdf,CN_3_Yitirilmiş Cennete Doğru.txt,PDF,95,24432,184739,Başarılı,2ed02edf1d209d19da2dd5237dc764bdac5121e370edb0fb63f6ecc5aeeb4736
Beyan.pdf,Books/Books for Text_Hzm-20260529T161525Z-3-001/Books for Text_Hzm/PRL/Beyan.pdf,Beyan.txt,PDF,155,43416,323411,Başarılı,bad722958ccd2269ab488a75a455b815f1864f74eab5f78b6a77842db8875823
CN_2_Buhranlar Anaforunda Insan.pdf,Books/Books for Text_Hzm-20260529T161525Z-3-001/Books for Text_Hzm/PRL/CN_2_Buhranlar Anaforunda Insan.pdf,CN_2_Buhranlar Anaforunda Insan.txt,PDF,102,26189,199000,Başarılı,71a9d97697489e684cafbbf10ff3b778679905a76d09a3dff7e468833c5ab00a
CN_1_Cag ve Nesil.pdf,Books/Books for Text_Hzm-20260529T161525Z-3-001/Books for Text_Hzm/PRL/CN_1_Cag ve Nesil.pdf,CN_1_Cag ve Nesil.txt,PDF,123,31453,232229,Başarılı,7f1e6946829a0ff95dad8e907eca98ee8cf2d8308ea557a680e215e9da41e1e6
CN_5_Gunler Bahari Soluklarken.pdf,Books/Books for Text_Hzm-20260529T161525Z-3-001/Books for Text_Hzm/PRL/CN_5_Gunler Bahari Soluklarken.pdf,CN_5_Gunler Bahari Soluklarken.txt,PDF,117,33076,246354,Başarılı,3d00c7040112ca0de6f819b5059c399a77dd028b1617ba26d347ade4714e5de1
CN-10_Hakka Adanmışlar Yolu.pdf,Books/Books for Text_Hzm-20260529T161525Z-3-001/Books for Text_Hzm/PRL/CN-10_Hakka Adanmışlar Yolu.pdf,CN-10_Hakka Adanmışlar Yolu.txt,PDF,145,32293,231327,Başarılı,2692f5c7e4998966a69094eb08c7bad24eba564384bda313af3693af47e18a8d
CN_4_Zamanin Altin Dilimi.pdf,Books/Books for Text_Hzm-20260529T161525Z-3-001/Books for Text_Hzm/PRL/CN_4_Zamanin Altin Dilimi.pdf,CN_4_Zamanin Altin Dilimi.txt,PDF,154,42384,318252,Başarılı,dd1aa4f1f1959acd2452ab6dfa98c2be5a6da544241e303d14e98f6a880b1874
CN_6_Yeseren Dusunceler.pdf,Books/Books for Text_Hzm-20260529T161525Z-3-001/Books for Text_Hzm/PRL/CN_6_Yeseren Dusunceler.pdf,CN_6_Yeseren Dusunceler.txt,PDF,157,44544,337592,Başarılı,f4bd4f31547455608a14a9c2be18c270db49a8532a507c233f0a36f614cecf48
Cekirdekten-Cinara-M.-Fethullah-Gulen.pdf,Books/Books for Text_Hzm-20260529T161525Z-3-001/Books for Text_Hzm/PRL/Cekirdekten-Cinara-M.-Fethullah-Gulen.pdf,Cekirdekten-Cinara-M.-Fethullah-Gulen.txt,PDF,138,39052,293774,Başarılı,dcd953576c7e46dee06abdbdb08233547c7c9e7839f88a34ef7d3e8b2f9abd0e
CN_8_Ornekleri Kendinden Bir Hareket.pdf,Books/Books for Text_Hzm-20260529T161525Z-3-001/Books for Text_Hzm/PRL/CN_8_Ornekleri Kendinden Bir Hareket.pdf,CN_8_Ornekleri Kendinden Bir Hareket.txt,PDF,157,44921,338058,Başarılı,f33d4aea45b604d988c387f919c8090889037eaceaddd8c07cf9355f41cf262c
CN_7_Isigin Gorundugu Ufuk.pdf,Books/Books for Text_Hzm-20260529T161525Z-3-001/Books for Text_Hzm/PRL/CN_7_Isigin Gorundugu Ufuk.pdf,CN_7_Isigin Gorundugu Ufuk.txt,PDF,219,65481,490850,Başarılı,864f49f96a42679dc2e612f031c98595111c40e9e81951629453fe932b143480
Bir İ_caz Hecelemesi.pdf,Books/Books for Text_Hzm-20260529T161525Z-3-001/Books for Text_Hzm/PRL/Bir İ_caz Hecelemesi.pdf,Bir İ_caz Hecelemesi.txt,PDF,372,101548,756339,Başarılı,64df79c38434413f4fe9d9fc1d66182f180d80d62e71bdd5835ea002b8d1dd85
CN_9_Sükûtun Çığlıkları.pdf,Books/Books for Text_Hzm-20260529T161525Z-3-001/Books for Text_Hzm/PRL/CN_9_Sükûtun Çığlıkları.pdf,CN_9_Sükûtun Çığlıkları.txt,PDF,162,44498,332361,Başarılı,b0aa35037f693146d2acd3cc5a477c440c66c83f0374bb29666666e372511066
Fasıldan Fasıla-2.pdf,Books/Books for Text_Hzm-20260529T161525Z-3-001/Books for Text_Hzm/PRL/Fasıldan Fasıla-2.pdf,Fasıldan Fasıla-2.txt,PDF,239,38699,284642,Başarılı,4eb2b7c78c4ecfcf7d73434fc77cf09d995f3c840c573a0ebaff94b1710bcc24
Fasıldan Fasıla-1.pdf,Books/Books for Text_Hzm-20260529T161525Z-3-001/Books for Text_Hzm/PRL/Fasıldan Fasıla-1.pdf,Fasıldan Fasıla-1.txt,PDF,313,34563,254707,Başarılı,88c1caa141e953b7339367906eaabc230d04f1d8bafebe14caffbbb2ded8f317
Gaybın Son Habercisi.pdf,Books/Books for Text_Hzm-20260529T161525Z-3-001/Books for Text_Hzm/PRL/Gaybın Son Habercisi.pdf,Gaybın Son Habercisi.txt,PDF,168,22330,157940,Başarılı,bb8503b8f7bf1506722c077bae555dcb77576b3e8b3b544da4055e773061cb07
Fasıldan Fasıla-4.pdf,Books/Books for Text_Hzm-20260529T161525Z-3-001/Books for Text_Hzm/PRL/Fasıldan Fasıla-4.pdf,Fasıldan Fasıla-4.txt,PDF,143,40314,301604,Başarılı,d28fceb44873d35af4b9d75b817b076bb2e058e130c2aabceaf15f152337d7bc
Fasıldan Fasıla-5 - Fikir Atlası.pdf,Books/Books for Text_Hzm-20260529T161525Z-3-001/Books for Text_Hzm/PRL/Fasıldan Fasıla-5 - Fikir Atlası.pdf,Fasıldan Fasıla-5 - Fikir Atlası.txt,PDF,127,33446,248961,Başarılı,f386ce6b7edce71db6dc7935f0022c77050ce5e6c6905eb454c9b49819ba1af8
Hüzmeler ve İktibaslar.pdf,Books/Books for Text_Hzm-20260529T161525Z-3-001/Books for Text_Hzm/PRL/Hüzmeler ve İktibaslar.pdf,Hüzmeler ve İktibaslar.txt,PDF,70,21367,157296,Başarılı,e96e521c9aa7ecdbf845b453bf1d59d832ee62a7fe7c9fdee792fb945156f835
Hitap Çiçekleri.pdf,Books/Books for Text_Hzm-20260529T161525Z-3-001/Books for Text_Hzm/PRL/Hitap Çiçekleri.pdf,Hitap Çiçekleri.txt,PDF,126,35367,270589,Başarılı,7c716b33122f32d96a269285c592aacd749c96d0f3f266c1471d49322d31ab96
Fatiha Üzerine Mülahazalar.pdf,Books/Books for Text_Hzm-20260529T161525Z-3-001/Books for Text_Hzm/PRL/Fatiha Üzerine Mülahazalar.pdf,Fatiha Üzerine Mülahazalar.txt,PDF,171,50515,369110,Başarılı,c1e16a64ab8396877bca9626fb9a334c3e8e1d8c371b9ece7f9d07fb6d521317
Fasıldan Fasıla-3.pdf,Books/Books for Text_Hzm-20260529T161525Z-3-001/Books for Text_Hzm/PRL/Fasıldan Fasıla-3.pdf,Fasıldan Fasıla-3.txt,PDF,177,51380,385350,Başarılı,26a4e6393c28a2d9d96f7681fe733b1cbcfd27abfe466da01f7b04915d0c2f08
KT-1-Kırık Testi.pdf,Books/Books for Text_Hzm-20260529T161525Z-3-001/Books for Text_Hzm/PRL/KT-1-Kırık Testi.pdf,KT-1-Kırık Testi.txt,PDF,168,54399,400476,Başarılı,fabd5df6cd034fbd8a63329c672b155f3eb08afe3efb9ed55e436a730589cb2b
Enginligiyle-Bizim-Dunyamiz-Iktisadi-Mulahazalar.pdf,Books/Books for Text_Hzm-20260529T161525Z-3-001/Books for Text_Hzm/PRL/Enginligiyle-Bizim-Dunyamiz-Iktisadi-Mulahazalar.pdf,Enginligiyle-Bizim-Dunyamiz-Iktisadi-Mulahazalar.txt,PDF,382,109559,801011,Başarılı,e6445362ffa593f31e951316ebec16bb5c657ccd08827737f1b2af538108f43b
KT-11-Yaşatma İdeali.pdf,Books/Books for Text_Hzm-20260529T161525Z-3-001/Books for Text_Hzm/PRL/KT-11-Yaşatma İdeali.pdf,KT-11-Yaşatma İdeali.txt,PDF,204,64254,474421,Başarılı,fc2a40f18564e241d0af2e74fb00f1c90b097691b55a1cca69298d4c050e7ebe
KT-13-Mefkure Yolculuğu.pdf,Books/Books for Text_Hzm-20260529T161525Z-3-001/Books for Text_Hzm/PRL/KT-13-Mefkure Yolculuğu.pdf,KT-13-Mefkure Yolculuğu.txt,PDF,168,61215,457326,Başarılı,57adbbf9c1ddddd54f4282a0b440023fcc594b9ba600de46e32fd193c17c17c9
KT-15-Yolun Kaderi.pdf,Books/Books for Text_Hzm-20260529T161525Z-3-001/Books for Text_Hzm/PRL/KT-15-Yolun Kaderi.pdf,KT-15-Yolun Kaderi.txt,PDF,467,60286,440580,Başarılı,dc56739b08b64773c81c9ec84bd8b6104c54b04394693903505fd900ce8b8944
KT-17-İstikamet Çizgisi.pdf,Books/Books for Text_Hzm-20260529T161525Z-3-001/Books for Text_Hzm/PRL/KT-17-İstikamet Çizgisi.pdf,KT-17-İstikamet Çizgisi.txt,PDF,211,0,0,Görsel / Taranmış (0 Kelime),7ff4e535573dcb44ce58beb2e0a7b1f1921f2dfe4c656438d7d7b01d8a78fa91
KT-10-Cemre Beklentisi.pdf,Books/Books for Text_Hzm-20260529T161525Z-3-001/Books for Text_Hzm/PRL/KT-10-Cemre Beklentisi.pdf,KT-10-Cemre Beklentisi.txt,PDF,216,67569,505082,Başarılı,1b0925b6408655cdddb50c0d196c35135431ce761e4da2094b7b832f21d6dbe4
KT-18-İmtihanlar Kuşağı.pdf,Books/Books for Text_Hzm-20260529T161525Z-3-001/Books for Text_Hzm/PRL/KT-18-İmtihanlar Kuşağı.pdf,KT-18-İmtihanlar Kuşağı.txt,PDF,241,0,0,Görsel / Taranmış (0 Kelime),695d2ba3de270bfc4d472198f015640094bffb8f8401ee8843cb94e067b556ab
KT-14-Buhranlı Günler ve Ümit Atlası.pdf,Books/Books for Text_Hzm-20260529T161525Z-3-001/Books for Text_Hzm/PRL/KT-14-Buhranlı Günler ve Ümit Atlası.pdf,KT-14-Buhranlı Günler ve Ümit Atlası.txt,PDF,186,58963,445060,Başarılı,834423e659b6ce65608ccc2d0b945286154a31659686a5c23f832e8f2c54caa7
KT-16-Dert Musikisi.pdf,Books/Books for Text_Hzm-20260529T161525Z-3-001/Books for Text_Hzm/PRL/KT-16-Dert Musikisi.pdf,KT-16-Dert Musikisi.txt,PDF,270,62825,486406,Başarılı,ff831b9d5963966f4fb5ce5bf6c659087e7f06128a2e94d366aae23efb9db824
KT-12-Yenilenme Cehdi.pdf,Books/Books for Text_Hzm-20260529T161525Z-3-001/Books for Text_Hzm/PRL/KT-12-Yenilenme Cehdi.pdf,KT-12-Yenilenme Cehdi.txt,PDF,226,69870,522782,Başarılı,27f1b11b6f18fb26b4001a7be6c9b24fe3df66af407785af27ea23f6b772aaed
KT-2-Sohbeti Canan.pdf,Books/Books for Text_Hzm-20260529T161525Z-3-001/Books for Text_Hzm/PRL/KT-2-Sohbeti Canan.pdf,KT-2-Sohbeti Canan.txt,PDF,136,44085,329069,Başarılı,21af07252d8e2e56fac423ce3b3f5c4ba59eb72bea8cff28ae5f84768d68c254
KT-3-Gurbet Ufukları.pdf,Books/Books for Text_Hzm-20260529T161525Z-3-001/Books for Text_Hzm/PRL/KT-3-Gurbet Ufukları.pdf,KT-3-Gurbet Ufukları.txt,PDF,160,52440,388420,Başarılı,706161a39cda4c7a71dcf3578107dcd29008f04edd0fcef35117319028074c68
Project 2025-MandateF or Leadership.pdf,Books/Books for Text_Eng-20260529T160906Z-3-001/Books for Text_Eng/Us_Project2025/Project 2025-MandateF or Leadership.pdf,Project 2025-MandateF or Leadership.txt,PDF,922,343955,2392169,Başarılı,1e29eca481b36860dfd6cfde3ccd8fe1bdd627f84f00bbee24bbf2202cdd6e31
KT-8-Vuslat Muştusu.pdf,Books/Books for Text_Hzm-20260529T161525Z-3-001/Books for Text_Hzm/PRL/KT-8-Vuslat Muştusu.pdf,KT-8-Vuslat Muştusu.txt,PDF,239,76758,579678,Başarılı,f61ea338e82e7572481f25ea4ca911e1a07df27ecabe76b2ee14a291e6fcc626
KT-4-Ümit Burcu.pdf,Books/Books for Text_Hzm-20260529T161525Z-3-001/Books for Text_Hzm/PRL/KT-4-Ümit Burcu.pdf,KT-4-Ümit Burcu.txt,PDF,269,88150,654962,Başarılı,cd245cf925daf63c3626caba35b57f18c750b39c83db8d58aca0fac3a239fef4
KT-19-Işık Karanlığı Boğarken.pdf,Books/Books for Text_Hzm-20260529T161525Z-3-001/Books for Text_Hzm/PRL/KT-19-Işık Karanlığı Boğarken.pdf,KT-19-Işık Karanlığı Boğarken.txt,PDF,277,63526,470451,Başarılı,cb1441df6962b465f5c430779c6846aef25febdfd226016bcb5397450f909f79
KT-5-İkindi Yağmurları.pdf,Books/Books for Text_Hzm-20260529T161525Z-3-001/Books for Text_Hzm/PRL/KT-5-İkindi Yağmurları.pdf,KT-5-İkindi Yağmurları.txt,PDF,319,103412,772980,Başarılı,4f8996fde5d4049ed8c95e9ef16a28075aeb218356c6d8450383e8a1e44e4438
Hutbeler-Gönül_Nağmeleri-MFG.pdf,Books/Books for Text_Hzm-20260529T161525Z-3-001/Books for Text_Hzm/PRL/Hutbeler-Gönül_Nağmeleri-MFG.pdf,Hutbeler-Gönül_Nağmeleri-MFG.txt,PDF,363,80538,562112,Başarılı,45eea1386abace78983431ad62a186c0270918f8be82e319575ebd2909eb3f5f
KT-6-Diriliş Çağrısı.pdf,Books/Books for Text_Hzm-20260529T161525Z-3-001/Books for Text_Hzm/PRL/KT-6-Diriliş Çağrısı.pdf,KT-6-Diriliş Çağrısı.txt,PDF,264,84482,631937,Başarılı,3b272bc672383d4d19d520b7326a9ecb178c2155d75a577a511a3ee0ab7af287
KT-7-Ölümsüzlük İksiri.pdf,Books/Books for Text_Hzm-20260529T161525Z-3-001/Books for Text_Hzm/PRL/KT-7-Ölümsüzlük İksiri.pdf,KT-7-Ölümsüzlük İksiri.txt,PDF,228,73283,554345,Başarılı,788081759802c94988ab95ee6e9bfa00932399d2fcf046be4132898a9636f363
Kader-Kitap ve Sünnet Perspektifinde Kader .pdf,Books/Books for Text_Hzm-20260529T161525Z-3-001/Books for Text_Hzm/PRL/Kader-Kitap ve Sünnet Perspektifinde Kader .pdf,Kader-Kitap ve Sünnet Perspektifinde Kader.txt,PDF,121,35656,256723,Başarılı,c8aafafdedea62f8e6ec4bbeefc33a211b2b1b3c71f783923fb0110e7a3ccd66
KT-9-Kalb İbresi.pdf,Books/Books for Text_Hzm-20260529T161525Z-3-001/Books for Text_Hzm/PRL/KT-9-Kalb İbresi.pdf,KT-9-Kalb İbresi.txt,PDF,227,71387,531746,Başarılı,c3ee9bc7af475184ac2d691894d7b6aa8a5cebf5548a84b0ea292ae789c7a617
KT-20-Işık-Karanlık Devr-i Daimi.pdf,Books/Books for Text_Hzm-20260529T161525Z-3-001/Books for Text_Hzm/PRL/KT-20-Işık-Karanlık Devr-i Daimi.pdf,KT-20-Işık-Karanlık Devr-i Daimi.txt,PDF,275,63667,468480,Başarılı,20c535cefc9332617d6716816f06e132822f3bd6dc6ef6cc7ea5960504089fef
Kalbin Zümrüt Tepeleri - 2.pdf,Books/Books for Text_Hzm-20260529T161525Z-3-001/Books for Text_Hzm/PRL/Kalbin Zümrüt Tepeleri - 2.pdf,Kalbin Zümrüt Tepeleri - 2.txt,PDF,244,67320,492924,Başarılı,09872c93d094f476c507c56faa1defc82eeeb0592e2c3468264c25d71bd8447b
Kalbin Zümrüt Tepeleri - 1.pdf,Books/Books for Text_Hzm-20260529T161525Z-3-001/Books for Text_Hzm/PRL/Kalbin Zümrüt Tepeleri - 1.pdf,Kalbin Zümrüt Tepeleri - 1.txt,PDF,202,53807,398578,Başarılı,b4a5ae672c9d69acf99afae63f41e28fa96e5f18ba0e519a0a316972e3fe2954
Kalbin Zümrüt Tepeleri - 3.pdf,Books/Books for Text_Hzm-20260529T161525Z-3-001/Books for Text_Hzm/PRL/Kalbin Zümrüt Tepeleri - 3.pdf,Kalbin Zümrüt Tepeleri - 3.txt,PDF,223,62534,463714,Başarılı,f18eafb675ac9856b6eca91c3cc7712ae1a431c987efc5bf72e7e5aa0830674f
Kalbin Zümrüt Tepeleri - 4.pdf,Books/Books for Text_Hzm-20260529T161525Z-3-001/Books for Text_Hzm/PRL/Kalbin Zümrüt Tepeleri - 4.pdf,Kalbin Zümrüt Tepeleri - 4.txt,PDF,199,53399,395422,Başarılı,f73139c407c829d48bc83653a3930ea6965ff67dceaff5ed99487195c7ab5fa1
250411 HE Roportajlar.pdf,Books/Books for Text_Hzm-20260529T161525Z-3-001/Books for Text_Hzm/HE_Roportajlar/250411 HE Roportajlar.pdf,250411 HE Roportajlar.txt,PDF,1258,314400,2366355,Başarılı,4415f0f1d95914a65baec55eb4434d4c45949f99e55375215df9ff548127e80f
Kırık Mızrap.pdf,Books/Books for Text_Hzm-20260529T161525Z-3-001/Books for Text_Hzm/PRL/Kırık Mızrap.pdf,Kırık Mızrap.txt,PDF,330,32625,230186,Başarılı,e7d12bbfb7dafa6bbe472f0fc7036005584b755e96c94ce7a2b3b7cd89f21f89
Olum-ve-Otesi-Hayat-M.-Fethullah-Gulen.pdf,Books/Books for Text_Hzm-20260529T161525Z-3-001/Books for Text_Hzm/PRL/Olum-ve-Otesi-Hayat-M.-Fethullah-Gulen.pdf,Olum-ve-Otesi-Hayat-M.-Fethullah-Gulen.txt,PDF,67,17576,128520,Başarılı,a69617ec5b20cb12abc73ef9bbf21751c4781658c9e2a3bb57488106f51ee850
Kur_an_dan İdrake Yansıyanlar.pdf,Books/Books for Text_Hzm-20260529T161525Z-3-001/Books for Text_Hzm/PRL/Kur_an_dan İdrake Yansıyanlar.pdf,Kur_an_dan İdrake Yansıyanlar.txt,PDF,273,74772,556667,Başarılı,32d3c1b122ae4114ec0e17b923bb0bd22f7f1b4e1a062b2cfaf251feefdd0a5c
Kalbin Solukları.pdf,Books/Books for Text_Hzm-20260529T161525Z-3-001/Books for Text_Hzm/PRL/Kalbin Solukları.pdf,Kalbin Solukları.txt,PDF,585,140627,1137636,Başarılı,74f6c7d8bf4f072c81135eacfe247f5a8320d58e9ef47b2182f44b81905e79bf
Olcu-veya-Yoldaki-Isiklar-M.-Fethullah-Gulen.pdf,Books/Books for Text_Hzm-20260529T161525Z-3-001/Books for Text_Hzm/PRL/Olcu-veya-Yoldaki-Isiklar-M.-Fethullah-Gulen.pdf,Olcu-veya-Yoldaki-Isiklar-M.-Fethullah-Gulen.txt,PDF,162,37501,268244,Başarılı,efbe62e61a4ed2f4501469afcf9c4b5da91dca1363dff3d7e9c9cf192eeda81d
Prizma-2-M.-Fethullah-Gulen.pdf,Books/Books for Text_Hzm-20260529T161525Z-3-001/Books for Text_Hzm/PRL/Prizma-2-M.-Fethullah-Gulen.pdf,Prizma-2-M.-Fethullah-Gulen.txt,PDF,154,43072,322012,Başarılı,0f6147d8f262733022b9d615411d6e0f861c0750a74a308c28ada67277808f51
Prizma-1-M.-Fethullah-Gulen.pdf,Books/Books for Text_Hzm-20260529T161525Z-3-001/Books for Text_Hzm/PRL/Prizma-1-M.-Fethullah-Gulen.pdf,Prizma-1-M.-Fethullah-Gulen.txt,PDF,179,48792,361316,Başarılı,7ea68a5ce3bc14764fc6552c56b1479e7f013a4ebbe08157e68dd7312f7bbde6
Namaz-Miraç Enginlikli İbadet.pdf,Books/Books for Text_Hzm-20260529T161525Z-3-001/Books for Text_Hzm/PRL/Namaz-Miraç Enginlikli İbadet.pdf,Namaz-Miraç Enginlikli İbadet.txt,PDF,368,82617,630899,Başarılı,e4e57169a21a8065616e27ee46dbf7b62b7accbb1af620fca0c83a6d1eeaa22b
Prizma-3-M.-Fethullah-Gulen.pdf,Books/Books for Text_Hzm-20260529T161525Z-3-001/Books for Text_Hzm/PRL/Prizma-3-M.-Fethullah-Gulen.pdf,Prizma-3-M.-Fethullah-Gulen.txt,PDF,167,45861,340238,Başarılı,c79275f071c38d6d22471f265c343bd4b1950b5a9b4b4bc829a0e3316126adfe
Oruç-Gufranla Tüllenen İbadet.pdf,Books/Books for Text_Hzm-20260529T161525Z-3-001/Books for Text_Hzm/PRL/Oruç-Gufranla Tüllenen İbadet.pdf,Oruç-Gufranla Tüllenen İbadet.txt,PDF,164,43444,312349,Başarılı,8dc00fdb46d9a95d7e202f60dcb7ad2b1ebc81957796b819cd4f8436225c42ba
Prizma-5-Kendi-Iklimimiz-M.-Fethullah-Gulen.pdf,Books/Books for Text_Hzm-20260529T161525Z-3-001/Books for Text_Hzm/PRL/Prizma-5-Kendi-Iklimimiz-M.-Fethullah-Gulen.pdf,Prizma-5-Kendi-Iklimimiz-M.-Fethullah-Gulen.txt,PDF,175,48591,356942,Başarılı,c42a8087981b87060053a8ffc6f17d46da97b205b8fd946b2e3550f42bca87a1
Open Source Intelligence Techniques Resources for Searching and Analyzing Online Information (Michael Bazzell) (z-lib.org) (1).pdf,Books/Books for Text_Eng-20260529T160906Z-3-001/Books for Text_Eng/Open Source/Open Source Intelligence Techniques Resources for Searching and Analyzing Online Information (Michael Bazzell) (z-lib.org) (1).pdf,Open Source Intelligence Techniques Resources for Searching and Analyzing Online Information (Michael Bazzell) (z-lib.org) (1).txt,PDF,667,245725,1571760,Başarılı,92e0315056aa4ecacf9bc57a6b457ac63369c5e104a7355314dbfefbe3c31d3a
Prizma-7-Zihin-Harmani-M.-Fethullah-Gulen.pdf,Books/Books for Text_Hzm-20260529T161525Z-3-001/Books for Text_Hzm/PRL/Prizma-7-Zihin-Harmani-M.-Fethullah-Gulen.pdf,Prizma-7-Zihin-Harmani-M.-Fethullah-Gulen.txt,PDF,175,43378,317087,Başarılı,b35e958b841f0627386d541c714558b6d4268a67df42c660206ee1bafe32d3c8
Prizma-4-M.-Fethullah-Gulen.pdf,Books/Books for Text_Hzm-20260529T161525Z-3-001/Books for Text_Hzm/PRL/Prizma-4-M.-Fethullah-Gulen.pdf,Prizma-4-M.-Fethullah-Gulen.txt,PDF,213,61493,455537,Başarılı,57a77ff702a7ee86a6d60091fd62eb44a0659a4f0abfcaca503c4064c36576e5
Prizma-6-Yol-Mulahazalari-M.-Fethullah-Gulen.pdf,Books/Books for Text_Hzm-20260529T161525Z-3-001/Books for Text_Hzm/PRL/Prizma-6-Yol-Mulahazalari-M.-Fethullah-Gulen.pdf,Prizma-6-Yol-Mulahazalari-M.-Fethullah-Gulen.txt,PDF,160,45439,335225,Başarılı,49b4307b86bc58d6a60d8f300acb049d3aca2e4abada22333c3811277289a6dc
Ruhumuzun-Heykelini-Dikerken-1-M.-Fethullah-Gulen.pdf,Books/Books for Text_Hzm-20260529T161525Z-3-001/Books for Text_Hzm/PRL/Ruhumuzun-Heykelini-Dikerken-1-M.-Fethullah-Gulen.pdf,Ruhumuzun-Heykelini-Dikerken-1-M.-Fethullah-Gulen.txt,PDF,116,32635,249153,Başarılı,2a8e4925b668206901d234bee7626260c431343d2a826dd02647556c0317bce1
Kuranin-Altin-Ikliminde-M.-Fethullah-Gulen.pdf,Books/Books for Text_Hzm-20260529T161525Z-3-001/Books for Text_Hzm/PRL/Kuranin-Altin-Ikliminde-M.-Fethullah-Gulen.pdf,Kuranin-Altin-Ikliminde-M.-Fethullah-Gulen.txt,PDF,431,133928,987841,Başarılı,32ffafcce73040f79696bdedbbaee207e1d8e00a9e78ef0e6a815484f0549a01
Prizma-8-Cizgimizi-Hecelerken-M.-Fethullah-Gulen.pdf,Books/Books for Text_Hzm-20260529T161525Z-3-001/Books for Text_Hzm/PRL/Prizma-8-Cizgimizi-Hecelerken-M.-Fethullah-Gulen.pdf,Prizma-8-Cizgimizi-Hecelerken-M.-Fethullah-Gulen.txt,PDF,211,58881,431006,Başarılı,d446011717f1f90ee6ff72de5239e0f9c7bd5bafdbc665fdb5df054343ea421a
Prizma-9-Kendi-Ruhumuzu-Ararken-M.-Fethullah-Gulen.pdf,Books/Books for Text_Hzm-20260529T161525Z-3-001/Books for Text_Hzm/PRL/Prizma-9-Kendi-Ruhumuzu-Ararken-M.-Fethullah-Gulen.pdf,Prizma-9-Kendi-Ruhumuzu-Ararken-M.-Fethullah-Gulen.txt,PDF,227,55118,406957,Başarılı,2ecaa2d159b963589a7e38b24d8d8af4dd02ca28c6ded2f36f8bebf43ff57c1d
SA-1_Sohbet-Atmosferi-M.-Fethullah-Gulen.pdf,Books/Books for Text_Hzm-20260529T161525Z-3-001/Books for Text_Hzm/PRL/SA-1_Sohbet-Atmosferi-M.-Fethullah-Gulen.pdf,SA-1_Sohbet-Atmosferi-M.-Fethullah-Gulen.txt,PDF,223,50196,371007,Başarılı,014ec19a3ea89a24c3355f0edb4ef2318f16227e99d736edc8e671afb0a5bf72
Yaratilis-Gercegi-ve-Evrim-M.-Fethullah-Gulen.pdf,Books/Books for Text_Hzm-20260529T161525Z-3-001/Books for Text_Hzm/PRL/Yaratilis-Gercegi-ve-Evrim-M.-Fethullah-Gulen.pdf,Yaratilis-Gercegi-ve-Evrim-M.-Fethullah-Gulen.txt,PDF,80,23402,174942,Başarılı,633c3343bce39e5327c79a69f0be05689605c1959f0ba8bd275b9361a0f0591a
SA-2_Bahar Neşidesi.pdf,Books/Books for Text_Hzm-20260529T161525Z-3-001/Books for Text_Hzm/PRL/SA-2_Bahar Neşidesi.pdf,SA-2_Bahar Neşidesi.txt,PDF,150,57632,427015,Başarılı,7b1c262e5ae9fcd8df11e9f51974104aba2adeb8fae45ee30db7881784be7b08
Ruhumuzun-Heykelini-Dikerken-2-Kendi-Dunyamiza-Dogru-M.-Fethullah-Gulen.pdf,Books/Books for Text_Hzm-20260529T161525Z-3-001/Books for Text_Hzm/PRL/Ruhumuzun-Heykelini-Dikerken-2-Kendi-Dunyamiza-Dogru-M.-Fethullah-Gulen.pdf,Ruhumuzun-Heykelini-Dikerken-2-Kendi-Dunyamiza-Dogru-M.-Fethullah-Gulen.txt,PDF,209,62135,464466,Başarılı,7fa52270d3a474eb7763c0bdf95f7c4576dba95700749c1711dceca6ee9fcbfa
İla-yı Kelimetullah veya Cihad.pdf,Books/Books for Text_Hzm-20260529T161525Z-3-001/Books for Text_Hzm/PRL/İla-yı Kelimetullah veya Cihad.pdf,İla-yı Kelimetullah veya Cihad.txt,PDF,111,27367,200803,Başarılı,84040640974c84eb25059e5eee89a57acfc406198c8fb81ebf754f589113bca7
Kur_an_ın_Sihirli_Ufku_Yusuf_Suresi-MFG.pdf,Books/Books for Text_Hzm-20260529T161525Z-3-001/Books for Text_Hzm/PRL/Kur_an_ın_Sihirli_Ufku_Yusuf_Suresi-MFG.pdf,Kur_an_ın_Sihirli_Ufku_Yusuf_Suresi-MFG.txt,PDF,347,72315,518138,Başarılı,c7f8565728fa0954164fea49d438887a406b49515f303d3569b5d99a0f2b315d
İrşad Ekseni.pdf,Books/Books for Text_Hzm-20260529T161525Z-3-001/Books for Text_Hzm/PRL/İrşad Ekseni.pdf,İrşad Ekseni.txt,PDF,171,48190,353016,Başarılı,f9a490d4152167b179f1acc3585a1ec3309b0578368787c7a8263b2ba0abcd25
Varligin-Metafizik-Boyutu-M.-Fethullah-Gulen.pdf,Books/Books for Text_Hzm-20260529T161525Z-3-001/Books for Text_Hzm/PRL/Varligin-Metafizik-Boyutu-M.-Fethullah-Gulen.pdf,Varligin-Metafizik-Boyutu-M.-Fethullah-Gulen.txt,PDF,273,81112,595472,Başarılı,8764fecf921280f1be4826b8cd6025a3c3a82ea1c571d12a02648dbbbe7cf38f
İnancın Gölgesinde-1.pdf,Books/Books for Text_Hzm-20260529T161525Z-3-001/Books for Text_Hzm/PRL/İnancın Gölgesinde-1.pdf,İnancın Gölgesinde-1.txt,PDF,195,57239,418584,Başarılı,0ca5c4df3fb2d4e1bbcfab183bb9d72f50800a228fb6a91d34903d86e7aae0fb
Darbe-ve-terorizm-Yalcin Akdogan.pdf,Books/Books for Text_TR-20260529T163910Z-3-001/Books for Text_TR/Darbe ve ihtilal/Darbe-ve-terorizm-Yalcin Akdogan.pdf,Darbe-ve-terorizm-Yalcin Akdogan.txt,PDF,19,6862,53499,Başarılı,c34392ea7cf9e7118a64bc34290d1a04e21b8bd6af5f566bec038df33185a859
İnancın Gölgesinde-2.pdf,Books/Books for Text_Hzm-20260529T161525Z-3-001/Books for Text_Hzm/PRL/İnancın Gölgesinde-2.pdf,İnancın Gölgesinde-2.txt,PDF,182,51717,383013,Başarılı,eb953c675b0027fe8dbbf326081a49afdafcc14a72e02d7c92463b509257f7ad
Ak-Devrim.pdf,Books/Books for Text_TR-20260529T163910Z-3-001/Books for Text_TR/Darbe ve ihtilal/Ak-Devrim.pdf,Ak-Devrim.txt,PDF,332,0,0,Görsel / Taranmış (0 Kelime),c6b748d01858537c76138b66488139fb551e54fc4b8be7b9ce57ef956b36b8ad
Bektasilik_Mevlevilik_Masonluk_Kitap_Tan.pdf,Books/Books for Text_TR-20260529T163910Z-3-001/Books for Text_TR/Duvar_TR/Bektasilik_Mevlevilik_Masonluk_Kitap_Tan.pdf,Bektasilik_Mevlevilik_Masonluk_Kitap_Tan.txt,PDF,3,1072,8384,Başarılı,f6bac95d39a303c492303d38508c008362ba28c7dea912748b86580770bfa6e1
Mimar-Sinan-dergisi-180.pdf,Books/Books for Text_TR-20260529T163910Z-3-001/Books for Text_TR/Duvar_TR/Dergi-MSinan/Mimar-Sinan-dergisi-180.pdf,Mimar-Sinan-dergisi-180.txt,PDF,13,3301,25597,Başarılı,920f007440cd1c03a94311ce8ea45c6841281ffd963e0c9fa272e1545a3ff1c5
27-Mayıs-1960-Darbesi-Raporu.pdf,Books/Books for Text_TR-20260529T163910Z-3-001/Books for Text_TR/Darbe ve ihtilal/27-Mayıs-1960-Darbesi-Raporu.pdf,27-Mayıs-1960-Darbesi-Raporu.txt,PDF,191,66737,522885,Başarılı,069bf33d6f47c56191e5eb6bbf6f612c6463bac8e73db30a9b1feee1bc64ecc8
Sonsuz-Nur-2-M.-Fethullah-Gulen.pdf,Books/Books for Text_Hzm-20260529T161525Z-3-001/Books for Text_Hzm/PRL/Sonsuz-Nur-2-M.-Fethullah-Gulen.pdf,Sonsuz-Nur-2-M.-Fethullah-Gulen.txt,PDF,417,122141,901795,Başarılı,fbf8391204fb8adf784694b75a20dff655c201340b2683fe370635c33cda890e
Oncesi-Sonrasıyla-12-Mart-Erol-Bilbilik.pdf,Books/Books for Text_TR-20260529T163910Z-3-001/Books for Text_TR/Darbe ve ihtilal/Oncesi-Sonrasıyla-12-Mart-Erol-Bilbilik.pdf,Oncesi-Sonrasıyla-12-Mart-Erol-Bilbilik.txt,PDF,185,47587,367016,Başarılı,138055d952f2e3aabb283d5b1dc35435782d7f9982da6c6ac50b79adcd9f10bf
Mimar-Sinan-dergisi-102.pdf,Books/Books for Text_TR-20260529T163910Z-3-001/Books for Text_TR/Duvar_TR/Dergi-MSinan/Mimar-Sinan-dergisi-102.pdf,Mimar-Sinan-dergisi-102.txt,PDF,114,31588,224845,Başarılı,5a71b292bf3e04744f0edec6a2803d1c15b48941b8b70e8c34ec3ed15d4b882f
Ordu-ve-Siyaset-27-Mayıs-12-Mart-Kurtulus-Kayalı.pdf,Books/Books for Text_TR-20260529T163910Z-3-001/Books for Text_TR/Darbe ve ihtilal/Ordu-ve-Siyaset-27-Mayıs-12-Mart-Kurtulus-Kayalı.pdf,Ordu-ve-Siyaset-27-Mayıs-12-Mart-Kurtulus-Kayalı.txt,PDF,211,47094,371638,Başarılı,5cc7dad10a37141e62002fdfd6265afbe5956801f1f6ceeb802aeb4d95f72378
T16.pdf,Books/Books for Text_TR-20260529T163910Z-3-001/Books for Text_TR/Duvar_TR/Dergi-Tesviye/T16.pdf,T16.txt,PDF,44,13144,91620,Başarılı,5beffa1c4316c8d04f84005d8091bee93a8d0b0df149e56d602d261aba2c0097
Sonsuz-Nur-1-M.-Fethullah-Gulen.pdf,Books/Books for Text_Hzm-20260529T161525Z-3-001/Books for Text_Hzm/PRL/Sonsuz-Nur-1-M.-Fethullah-Gulen.pdf,Sonsuz-Nur-1-M.-Fethullah-Gulen.txt,PDF,450,135095,986786,Başarılı,9688733c66d6bd0d0138be02accbe457b8fa7861ed875031494c0a878576abd1
Boğaziçi Ünv_de Mason Rektörller-HTaşdelen.pdf,Books/Books for Text_TR-20260529T163910Z-3-001/Books for Text_TR/Duvar_TR/M-HTaşdelen/Boğaziçi Ünv_de Mason Rektörller-HTaşdelen.pdf,Boğaziçi Ünv_de Mason Rektörller-HTaşdelen.txt,PDF,36,0,0,Görsel / Taranmış (0 Kelime),e438217674baa0b76c6a3f70e6d373a99e39a8992d1c5bdac577fa0206856e4f
T23.pdf,Books/Books for Text_TR-20260529T163910Z-3-001/Books for Text_TR/Duvar_TR/Dergi-Tesviye/T23.pdf,T23.txt,PDF,18,4293,31723,Başarılı,7a25cac1c351d0b24e5b91cf547a242c3b8d6031fc04dc1ef2ea83a0ed8e228d
T31.pdf,Books/Books for Text_TR-20260529T163910Z-3-001/Books for Text_TR/Duvar_TR/Dergi-Tesviye/T31.pdf,T31.txt,PDF,56,15484,107737,Başarılı,62dfa0a6771e7c174713f2f41f19d7a76c9aeb674c287e4ed921da687d8d7b74
Ezoterik Toplulukların Sosyolojisi Masonlar Üzerine Bir İnceleme_Gülay Acar Göktepe - Y.L. Tezi .pdf,Books/Books for Text_TR-20260529T163910Z-3-001/Books for Text_TR/Duvar_TR/Ezoterik Toplulukların Sosyolojisi Masonlar Üzerine Bir İnceleme_Gülay Acar Göktepe - Y.L. Tezi .pdf,Ezoterik Toplulukların Sosyolojisi Masonlar Üzerine Bir İnceleme_Gülay Acar Göktepe - Y.L. Tezi.txt,PDF,182,43800,345711,Başarılı,5da1a9c742f7dfb769186a134390a34caf0c0f97b18401a4837d0a0ca36e3261
İhtilalin-Mantığı-ve-27-Mayıs-Şevket-Sureyye-Aydemir.pdf,Books/Books for Text_TR-20260529T163910Z-3-001/Books for Text_TR/Darbe ve ihtilal/İhtilalin-Mantığı-ve-27-Mayıs-Şevket-Sureyye-Aydemir.pdf,İhtilalin-Mantığı-ve-27-Mayıs-Şevket-Sureyye-Aydemir.txt,PDF,447,118593,863191,Başarılı,beed1d26d3519b07e17a1a9f6f6a4f1acef39c33b309aa8e1791f50cf63256fa
YL Tezlernde Masonluk-HTaşdelen.pdf,Books/Books for Text_TR-20260529T163910Z-3-001/Books for Text_TR/Duvar_TR/M-HTaşdelen/YL Tezlernde Masonluk-HTaşdelen.pdf,YL Tezlernde Masonluk-HTaşdelen.txt,PDF,65,0,0,Görsel / Taranmış (0 Kelime),42d1e2afa0d4e532f862c6f492f31c49d9b2479c8dc8ac9a3dba32f0fe4cef5c
İhtilaller-Ve-Darbeler-Tarihi-1.pdf,Books/Books for Text_TR-20260529T163910Z-3-001/Books for Text_TR/Darbe ve ihtilal/İhtilaller-Ve-Darbeler-Tarihi-1.pdf,İhtilaller-Ve-Darbeler-Tarihi-1.txt,PDF,433,95745,713127,Başarılı,096ca76f5312e512e28192f39451be8ec8deae7733a7d0b7a36b36b41ba8fdc0
AmerikaMasonYayilisi_B02.pdf,Books/Books for Text_TR-20260529T163910Z-3-001/Books for Text_TR/Duvar_TR/M-HTaşdelen/AmerikaMasonYayilisi_B02.pdf,AmerikaMasonYayilisi_B02.txt,PDF,174,24307,186573,Başarılı,d388c14b4b658d514638751b4ef8897b9cbed42b13e62bfef0acecdf51d077a0
Cagdas_Masonlugun_Dogus_Oykusune_Farkli.pdf,Books/Books for Text_TR-20260529T163910Z-3-001/Books for Text_TR/Duvar_TR/M-Murat Özgen Ayfer/Cagdas_Masonlugun_Dogus_Oykusune_Farkli.pdf,Cagdas_Masonlugun_Dogus_Oykusune_Farkli.txt,PDF,25,8016,60339,Başarılı,9a213e8f98dc1f4b86550212bfe949ebe1c3afdbba3f887623d7257ce5fcba74
Hürol-Osmanlida_Mason_Localari.pdf,Books/Books for Text_TR-20260529T163910Z-3-001/Books for Text_TR/Duvar_TR/M-HTaşdelen/Hürol-Osmanlida_Mason_Localari.pdf,Hürol-Osmanlida_Mason_Localari.txt,PDF,231,68672,541214,Başarılı,2c8fc0ebcedc36cfb4dad6ae295facd9e42d105d17c273d1a5be6764c190b740
Masonlarin_Ozelliklerinden_Biri_Masonca.pdf,Books/Books for Text_TR-20260529T163910Z-3-001/Books for Text_TR/Duvar_TR/M-Murat Özgen Ayfer/Masonlarin_Ozelliklerinden_Biri_Masonca.pdf,Masonlarin_Ozelliklerinden_Biri_Masonca.txt,PDF,23,7224,55124,Başarılı,bc90d40aca468dc48c4cc5302d6ba9923f26e299d5b197172e7c9d1bbd98ee83
İhtilaller-Ve-Darbeler-Tarihi-2.pdf,Books/Books for Text_TR-20260529T163910Z-3-001/Books for Text_TR/Darbe ve ihtilal/İhtilaller-Ve-Darbeler-Tarihi-2.pdf,İhtilaller-Ve-Darbeler-Tarihi-2.txt,PDF,433,94700,688053,Başarılı,a05c35ec29a0c7bfa9406e65e052bde16d2f3a4ee3ee47cfc02905506e3d5ebf
TurkiyeMasonTarikati_1936-47.pdf,Books/Books for Text_TR-20260529T163910Z-3-001/Books for Text_TR/Duvar_TR/M-HTaşdelen/TurkiyeMasonTarikati_1936-47.pdf,TurkiyeMasonTarikati_1936-47.txt,PDF,382,48220,398179,Başarılı,7cbb56662fd5d93dd339a63e12335c41e9a555bfd4adbc3baf382ea29e70a25b
Hürol-Mason-Tarikati-ve-Emperyalizm-I-Eski-uye-pdf.pdf,Books/Books for Text_TR-20260529T163910Z-3-001/Books for Text_TR/Duvar_TR/M-HTaşdelen/Hürol-Mason-Tarikati-ve-Emperyalizm-I-Eski-uye-pdf.pdf,Hürol-Mason-Tarikati-ve-Emperyalizm-I-Eski-uye-pdf.txt,PDF,308,105034,833446,Başarılı,dc38bf832e03fec4e869ab60052c65343cc85c8a03f6cec9c6b983bd5475c796
Masonlugun_Sosyal_Yonleri_Uzerine_Kisa_B.pdf,Books/Books for Text_TR-20260529T163910Z-3-001/Books for Text_TR/Duvar_TR/M-Murat Özgen Ayfer/Masonlugun_Sosyal_Yonleri_Uzerine_Kisa_B.pdf,Masonlugun_Sosyal_Yonleri_Uzerine_Kisa_B.txt,PDF,7,1890,14970,Başarılı,152c917e3b856b98f3737de3e8990f96dec1f653c6cb96a8330489474625cfed
TurkiyeMasonTarikati_1948_1949.pdf,Books/Books for Text_TR-20260529T163910Z-3-001/Books for Text_TR/Duvar_TR/M-HTaşdelen/TurkiyeMasonTarikati_1948_1949.pdf,TurkiyeMasonTarikati_1948_1949.txt,PDF,337,37271,303161,Başarılı,21c59ce5190d66f6ecc99e2bdb521c7b71bbe046e4119a7dcf787622c35e5d5d
Masonlukta_Hurluk_Eskilik_Kabul_Edilmisl.pdf,Books/Books for Text_TR-20260529T163910Z-3-001/Books for Text_TR/Duvar_TR/M-Murat Özgen Ayfer/Masonlukta_Hurluk_Eskilik_Kabul_Edilmisl.pdf,Masonlukta_Hurluk_Eskilik_Kabul_Edilmisl.txt,PDF,13,3834,28142,Başarılı,ef586fcfee41dfcfede7f1add66b81cdc2a25284745a371e1736c0655f0f8d28
Masonlukta_Cok_Onem_Verilen_Bir_Konu_Geo.pdf,Books/Books for Text_TR-20260529T163910Z-3-001/Books for Text_TR/Duvar_TR/M-Murat Özgen Ayfer/Masonlukta_Cok_Onem_Verilen_Bir_Konu_Geo.pdf,Masonlukta_Cok_Onem_Verilen_Bir_Konu_Geo.txt,PDF,32,9247,68808,Başarılı,93fdab9fa3c9e96c8fdf5fb58ca258dda34e253b31dd1273df62627665cdd118
Masonluktaki_Iskoc_Riti_1-Tarihçe ve Simgeler.pdf,Books/Books for Text_TR-20260529T163910Z-3-001/Books for Text_TR/Duvar_TR/M-Murat Özgen Ayfer/Masonluktaki_Iskoc_Riti_1-Tarihçe ve Simgeler.pdf,Masonluktaki_Iskoc_Riti_1-Tarihçe ve Simgeler.txt,PDF,19,3034,23225,Başarılı,b99cef148e68e6321b98a73721ded751d0f93ed26e95ab4b3ad2d6c6c010530d
Masonluktaki_Icsel_ve_Islevsel_Sorunlar.pdf,Books/Books for Text_TR-20260529T163910Z-3-001/Books for Text_TR/Duvar_TR/M-Murat Özgen Ayfer/Masonluktaki_Icsel_ve_Islevsel_Sorunlar.pdf,Masonluktaki_Icsel_ve_Islevsel_Sorunlar.txt,PDF,24,6499,52822,Başarılı,7bf87982bde1aa0bcafe5dfec07ee29fb7c3b93f7e2b50a1e456d55835ce79ef
Nicin_Masonluk_Degil_Adli_Kitap_ve_Elest (1).pdf,Books/Books for Text_TR-20260529T163910Z-3-001/Books for Text_TR/Duvar_TR/M-Murat Özgen Ayfer/Nicin_Masonluk_Degil_Adli_Kitap_ve_Elest (1).pdf,Nicin_Masonluk_Degil_Adli_Kitap_ve_Elest (1).txt,PDF,48,16239,123713,Başarılı,e2a7c103d9d336b8b12e68b7b7c5afef64708bc950099d89449902a1d8f0769f
TurkiyeMasonTarikati_1923-35.pdf,Books/Books for Text_TR-20260529T163910Z-3-001/Books for Text_TR/Duvar_TR/M-HTaşdelen/TurkiyeMasonTarikati_1923-35.pdf,TurkiyeMasonTarikati_1923-35.txt,PDF,341,89373,711813,Başarılı,beb37019ceb3569c0db26281a2bafa50fce72fbb000e9f29171b9de7703133c7
Masonluk_uzerine_bilgiler.pdf,Books/Books for Text_TR-20260529T163910Z-3-001/Books for Text_TR/Duvar_TR/M-Murat Özgen Ayfer/Masonluk_uzerine_bilgiler.pdf,Masonluk_uzerine_bilgiler.txt,PDF,140,38744,302809,Başarılı,924cc34ea1f9b849bd64d2c410b9f547c43552be6c4329124b4611ddfb2ab32c
Tapinakcilarin_Hazinesi_1_Paris.pdf,Books/Books for Text_TR-20260529T163910Z-3-001/Books for Text_TR/Duvar_TR/M-Murat Özgen Ayfer/Tapinakcilarin_Hazinesi_1_Paris.pdf,Tapinakcilarin_Hazinesi_1_Paris.txt,PDF,54,17348,126570,Başarılı,1d2c4d175cc81b51ecf287331171336faa47fa54778f92597a9f87f453f32ded
1960-Turk-İhtilali.pdf,Books/Books for Text_TR-20260529T163910Z-3-001/Books for Text_TR/Darbe ve ihtilal/1960-Turk-İhtilali.pdf,1960-Turk-İhtilali.txt,PDF,273,68709,514599,Başarılı,fbea97762face0f86d1462ae89dbb469e989b817fd502e4033f02090af598c87
MASONLUK_TARIHI.pdf,Books/Books for Text_TR-20260529T163910Z-3-001/Books for Text_TR/Duvar_TR/M-Murat Özgen Ayfer/MASONLUK_TARIHI.pdf,MASONLUK_TARIHI.txt,PDF,266,82675,637607,Başarılı,77c5d4b310b2ef770d77a739997431aa321241e4819c9568b80c823302b354b2
MASONLUK TARIHIMIZDE 1970LI YILLAR (1).pdf,Books/Books for Text_TR-20260529T163910Z-3-001/Books for Text_TR/Duvar_TR/M-RSanver/MASONLUK TARIHIMIZDE 1970LI YILLAR (1).pdf,MASONLUK TARIHIMIZDE 1970LI YILLAR (1).txt,PDF,228,50499,387526,Başarılı,729a09984bec1db61a79d5eca97be6be28f25dc14bcaea2619cdde8bead5c48b
Masonluğun Temel-Kavramları-RSanver.pdf,Books/Books for Text_TR-20260529T163910Z-3-001/Books for Text_TR/Duvar_TR/M-RSanver/Masonluğun Temel-Kavramları-RSanver.pdf,Masonluğun Temel-Kavramları-RSanver.txt,PDF,29,6774,53121,Başarılı,cabe05ad104ca4a6bdc4bdb6ce17cce03e6f370264427fb3dffd1d773c87c1a7
isigi-arayanlarin-hikayesi-RSanver.pdf,Books/Books for Text_TR-20260529T163910Z-3-001/Books for Text_TR/Duvar_TR/M-RSanver/isigi-arayanlarin-hikayesi-RSanver.pdf,isigi-arayanlarin-hikayesi-RSanver.txt,PDF,126,40806,312375,Başarılı,b9803e929e11fed193d26fc1ca3c63a25115bedcd534442dea213791b5c7c158
Masonluk Kulturu-RSanver.pdf,Books/Books for Text_TR-20260529T163910Z-3-001/Books for Text_TR/Duvar_TR/M-RSanver/Masonluk Kulturu-RSanver.pdf,Masonluk Kulturu-RSanver.txt,PDF,137,41466,325410,Başarılı,21b9975f42fa58dd76a7e201316a9b7743ca915a116149a9b7853fed05088d67
masontarikatiemperyalizm_kokendinogretiorgutkadinyayilis.pdf,Books/Books for Text_TR-20260529T163910Z-3-001/Books for Text_TR/Duvar_TR/M-HTaşdelen/masontarikatiemperyalizm_kokendinogretiorgutkadinyayilis.pdf,masontarikatiemperyalizm_kokendinogretiorgutkadinyayilis.txt,PDF,310,105981,840401,Başarılı,cf345c9df03e065a925238735fd52790c05506c4ba551193ed6050e586fa87ef
Ms-Abd_de Msn luk-1978-MS Dergisi.pdf,Books/Books for Text_TR-20260529T163910Z-3-001/Books for Text_TR/Duvar_TR/Msn-Muhtelif/Ms-Abd_de Msn luk-1978-MS Dergisi.pdf,Ms-Abd_de Msn luk-1978-MS Dergisi.txt,PDF,11,3849,24298,Başarılı,1c771711055e90ed0a1ca2f84cc54b9816cbae1ee4ddc9a980c0f3be03168f0f
Tanju-Koray-Emulation-Modern-d1.pdf,Books/Books for Text_TR-20260529T163910Z-3-001/Books for Text_TR/Duvar_TR/Msn-Lc/Tanju-Koray-Emulation-Modern-d1.pdf,Tanju-Koray-Emulation-Modern-d1.txt,PDF,71,17519,129378,Başarılı,1587b025e307094338b5dd028eafd77750a395bb8c65c37fdf92285914a9ebf1
Tanju-Koray-Ezoterizm-ve-Masonluk-Geometri.pdf,Books/Books for Text_TR-20260529T163910Z-3-001/Books for Text_TR/Duvar_TR/Msn-Lc/Tanju-Koray-Ezoterizm-ve-Masonluk-Geometri.pdf,Tanju-Koray-Ezoterizm-ve-Masonluk-Geometri.txt,PDF,15,5600,43765,Başarılı,94abf65cc399ad42408d72d9f76f2110e834b801982de392f7c4fb9744681dca
Tanju-Koray-Masonik-Protokol-Geometri.pdf,Books/Books for Text_TR-20260529T163910Z-3-001/Books for Text_TR/Duvar_TR/Msn-Lc/Tanju-Koray-Masonik-Protokol-Geometri.pdf,Tanju-Koray-Masonik-Protokol-Geometri.txt,PDF,8,1784,12870,Başarılı,2542b833a6015aede91b2c241f9825c33a304bb2976aceccff8a6b8d8b0fb3b0
Mason Komutanlar (Süleyman Yeşilyurt) (z-lib.org).pdf,Books/Books for Text_TR-20260529T163910Z-3-001/Books for Text_TR/Duvar_TR/M-SYeşilyurt/Mason Komutanlar (Süleyman Yeşilyurt) (z-lib.org).pdf,Mason Komutanlar (Süleyman Yeşilyurt) (z-lib.org).txt,PDF,274,54630,405009,Başarılı,c0e98ceb3fd1250fdce42ae0b95914847cb1231090a6deba6615dcc9d59a24e4
Yahudilik ve Masonluk (Harun Yahya) (z-lib.org).pdf,Books/Books for Text_TR-20260529T163910Z-3-001/Books for Text_TR/Duvar_TR/Msn-HYahya/Yahudilik ve Masonluk (Harun Yahya) (z-lib.org).pdf,Yahudilik ve Masonluk (Harun Yahya) (z-lib.org).txt,PDF,83,29706,223346,Başarılı,da8300a9b7ea815498e1d130ad067b9a5b16e41022b00cac5a91f49eb5a0fe34
Populer-Masonlar-Suleyman-Yesilyurt.pdf,Books/Books for Text_TR-20260529T163910Z-3-001/Books for Text_TR/Duvar_TR/M-SYeşilyurt/Populer-Masonlar-Suleyman-Yesilyurt.pdf,Populer-Masonlar-Suleyman-Yesilyurt.txt,PDF,278,63212,478490,Başarılı,13a2af958c46cff4f39311831a7267747d4bc0aa15ee5f5a59c1e710b6a4df44
Ms-Kilsenin Darbesi-1986-MS Dergisii.pdf,Books/Books for Text_TR-20260529T163910Z-3-001/Books for Text_TR/Duvar_TR/Msn-Muhtelif/Ms-Kilsenin Darbesi-1986-MS Dergisii.pdf,Ms-Kilsenin Darbesi-1986-MS Dergisii.txt,PDF,2,494,4049,Başarılı,40983ff323e287daf65e2994711338f3a01e1fabc34f7228f97759bf3fa7a738
Ms-GFord-Tören-1977-MS Dergisi.pdf,Books/Books for Text_TR-20260529T163910Z-3-001/Books for Text_TR/Duvar_TR/Msn-Muhtelif/Ms-GFord-Tören-1977-MS Dergisi.pdf,Ms-GFord-Tören-1977-MS Dergisi.txt,PDF,1,454,1187,Başarılı,89f43f12cae05b58e3aeadcb6707ffc0a133ffb2d46ed41dca76d48612ca210f
Masonlukta-Gizli-Hayat-pdf.pdf,Books/Books for Text_TR-20260529T163910Z-3-001/Books for Text_TR/Duvar_TR/Msn-Genel/Masonlukta-Gizli-Hayat-pdf.pdf,Masonlukta-Gizli-Hayat-pdf.txt,PDF,267,64780,472792,Başarılı,7e3b90d59fae585039585b341f0f579dcbf697d0ee8d2c837498cb75684d52ea
Ms-Askeri Msn_luk-2002-MS Dergisi.pdf,Books/Books for Text_TR-20260529T163910Z-3-001/Books for Text_TR/Duvar_TR/Msn-Muhtelif/Ms-Askeri Msn_luk-2002-MS Dergisi.pdf,Ms-Askeri Msn_luk-2002-MS Dergisi.txt,PDF,16,5230,36322,Başarılı,f324153077834e8795c1f30e4ebfffe3742962277314d1a94244080a8d0588bc
Ms-Abd_nin kurulluşunda Msn_ların Etkisi-2000-MS Dergisi.pdf,Books/Books for Text_TR-20260529T163910Z-3-001/Books for Text_TR/Duvar_TR/Msn-Muhtelif/Ms-Abd_nin kurulluşunda Msn_ların Etkisi-2000-MS Dergisi.pdf,Ms-Abd_nin kurulluşunda Msn_ların Etkisi-2000-MS Dergisi.txt,PDF,18,5497,37995,Başarılı,ccfce4d9750f66541f735370eaf7217d13d7ef8d95153ab4e84c8207e58d68d3
Ms-Shriners-1983-MS Dergisi.pdf,Books/Books for Text_TR-20260529T163910Z-3-001/Books for Text_TR/Duvar_TR/Msn-Muhtelif/Ms-Shriners-1983-MS Dergisi.pdf,Ms-Shriners-1983-MS Dergisi.txt,PDF,3,539,3683,Başarılı,0fa637bdfd9ba92571c16260cc85737f9c247ec397928efec677a8a264ee358f
Ms-Msn Hukuku-2009-MS Dergisi.pdf,Books/Books for Text_TR-20260529T163910Z-3-001/Books for Text_TR/Duvar_TR/Msn-Muhtelif/Ms-Msn Hukuku-2009-MS Dergisi.pdf,Ms-Msn Hukuku-2009-MS Dergisi.txt,PDF,6,1857,12845,Başarılı,82b9c21086d3d860161b64e5f409beb0bc79d3a4f693140a8479cb08b0787548
Mason Dergileri-HTaşdelen.pdf,Books/Books for Text_TR-20260529T163910Z-3-001/Books for Text_TR/Duvar_TR/M-HTaşdelen/Mason Dergileri-HTaşdelen.pdf,Mason Dergileri-HTaşdelen.txt,PDF,1000,167652,1267667,Başarılı,2502b0f0b487d65949810588e4a00424d2e57a5a7fd35d4da8ab9e22b53c9127
Ms-Truman-Tesviye-2003.pdf,Books/Books for Text_TR-20260529T163910Z-3-001/Books for Text_TR/Duvar_TR/Msn-Muhtelif/Ms-Truman-Tesviye-2003.pdf,Ms-Truman-Tesviye-2003.txt,PDF,7,4122,29137,Başarılı,30cf9f9d4d420ad0f6505e049c57c8175915b0b1e3b007989e7317e32de899c5
Ms-Nur L-1986-MS Dergsi.pdf,Books/Books for Text_TR-20260529T163910Z-3-001/Books for Text_TR/Duvar_TR/Msn-Muhtelif/Ms-Nur L-1986-MS Dergsi.pdf,Ms-Nur L-1986-MS Dergsi.txt,PDF,3,744,5579,Başarılı,9334579d4e931426d86cba5f1fc3676b93231ca0567b0dc2557fca6e74b63085
Ms-Toplantılara Katılım-1977-MS Dergisi.pdf,Books/Books for Text_TR-20260529T163910Z-3-001/Books for Text_TR/Duvar_TR/Msn-Muhtelif/Ms-Toplantılara Katılım-1977-MS Dergisi.pdf,Ms-Toplantılara Katılım-1977-MS Dergisi.txt,PDF,1,63,474,Başarılı,21e5d77f7f710e1e79df30f009be47c25cca798a71c3788d754e0b0371139ead
Ms-Devamsızllık-1977-MS Dergisi.pdf,Books/Books for Text_TR-20260529T163910Z-3-001/Books for Text_TR/Duvar_TR/Msn-Muhtelif/Ms-Devamsızllık-1977-MS Dergisi.pdf,Ms-Devamsızllık-1977-MS Dergisi.txt,PDF,11,2552,18374,Başarılı,da53c69234ce5951e5260a58b91d53640caf58d5037e01e4aa77d9dedbdcf018
Ataturk_Doneminde_Masonluk_ve_Masonlarla.pdf,Books/Books for Text_TR-20260529T163910Z-3-001/Books for Text_TR/Duvar_TR/Msn-web/Ataturk_Doneminde_Masonluk_ve_Masonlarla.pdf,Ataturk_Doneminde_Masonluk_ve_Masonlarla.txt,PDF,18,4568,35263,Başarılı,9521b76f7af2697ecd9fb06a1cf772f26cc8862e253c6d2d7a0b957738a79fd3
Ms-Ünite modeli-1980-MS Dergisi.pdf,Books/Books for Text_TR-20260529T163910Z-3-001/Books for Text_TR/Duvar_TR/Msn-Muhtelif/Ms-Ünite modeli-1980-MS Dergisi.pdf,Ms-Ünite modeli-1980-MS Dergisi.txt,PDF,12,3300,23636,Başarılı,1e75deb46662649406148f7905f8bbf7eccda8c32697dcb4f087c53776551173
Postmodern_Masonluk_Gelecege_yonelis_mi.pdf,Books/Books for Text_TR-20260529T163910Z-3-001/Books for Text_TR/Duvar_TR/Msn-web/Postmodern_Masonluk_Gelecege_yonelis_mi.pdf,Postmodern_Masonluk_Gelecege_yonelis_mi.txt,PDF,19,3173,24414,Başarılı,b2e049697dc3e612ed2ac886828d9bbb8404d86bb8e114c0a44bd14af33ad397
Masonluk Tarihimizde 1965 Olaylari-RSanver.pdf,Books/Books for Text_TR-20260529T163910Z-3-001/Books for Text_TR/Duvar_TR/M-RSanver/Masonluk Tarihimizde 1965 Olaylari-RSanver.pdf,Masonluk Tarihimizde 1965 Olaylari-RSanver.txt,PDF,536,150569,1156420,Başarılı,4e54bf4f2e8b0ee3daba1c8e57b5cdf442bb3a8f3d479462d726cbdd18a23913
Aydinlanmanin-Masonluk-Vektoru.pdf,Books/Books for Text_TR-20260529T163910Z-3-001/Books for Text_TR/Duvar_TR/Msn_TR/Aydinlanmanin-Masonluk-Vektoru.pdf,Aydinlanmanin-Masonluk-Vektoru.txt,PDF,82,16554,135110,Başarılı,c2bb4623832aeedc805d6c92f3fc346a97d6ea5f4633dbf4789b756df7ed15d6
Masonlar-Dinleyiniz-Mahmut-Esat-Bozkurt.pdf,Books/Books for Text_TR-20260529T163910Z-3-001/Books for Text_TR/Duvar_TR/Msn_TR/Masonlar-Dinleyiniz-Mahmut-Esat-Bozkurt.pdf,Masonlar-Dinleyiniz-Mahmut-Esat-Bozkurt.txt,PDF,81,17640,127885,Başarılı,88a65ecdef9b2a03ab72459140ad732efeeff5e1b024d709a3a207e6ba06286c
Masonluga_Benzer_Paramasonik_Kuruluslar (1).pdf,Books/Books for Text_TR-20260529T163910Z-3-001/Books for Text_TR/Duvar_TR/Msn-web/Masonluga_Benzer_Paramasonik_Kuruluslar (1).pdf,Masonluga_Benzer_Paramasonik_Kuruluslar (1).txt,PDF,32,10431,80826,Başarılı,ff4c84a856799234f4913c69a243c46cfd2a66fece3cf91785e46ecd91d41b24
Omer_Seyfettin_ve_Masonluk.pdf,Books/Books for Text_TR-20260529T163910Z-3-001/Books for Text_TR/Duvar_TR/Msn_TR/Omer_Seyfettin_ve_Masonluk.pdf,Omer_Seyfettin_ve_Masonluk.txt,PDF,22,6806,51300,Başarılı,ea1716299650d14cf80541f76a4c6e1c966eb534909a89e8eee9e1bc578e074d
Taxil-Ve-Masonlar.pdf,Books/Books for Text_TR-20260529T163910Z-3-001/Books for Text_TR/Duvar_TR/Msn_TR/Taxil-Ve-Masonlar.pdf,Taxil-Ve-Masonlar.txt,PDF,26,14413,75719,Başarılı,4a2c6e8f27cc2cc03a8b587f7efb94bf2e2b4409c81065a02cbe45efc0e6231b
Abd sinemasında mason sembolleri.pdf,Books/Books for Text_TR-20260529T163910Z-3-001/Books for Text_TR/Duvar_TR/Msn-web/Abd sinemasında mason sembolleri.pdf,Abd sinemasında mason sembolleri.txt,PDF,178,34782,276723,Başarılı,fc019a44232f59f4a91c7ca8b1b132301227edff6202f5a6a55898bd42e4106b
Eski Türk Masonlarının Uygulamaları Simya Sırlarının Anahtarı (Baron Rudolf von Sebottendorf) (z-lib.org).pdf,Books/Books for Text_TR-20260529T163910Z-3-001/Books for Text_TR/Duvar_TR/Msn_TR/Eski Türk Masonlarının Uygulamaları Simya Sırlarının Anahtarı (Baron Rudolf von Sebottendorf) (z-lib.org).pdf,Eski Türk Masonlarının Uygulamaları Simya Sırlarının Anahtarı (Baron Rudolf von Sebottendorf) (z-lib.org).txt,PDF,172,27286,199418,Başarılı,80a2324938fa7a54b6ea22fd9de73c8a52cfc559de4a8707eb2c605c134598a6
Cumhuriyeti-Kuran-Mason-Kadrolar-PDFDrive.pdf,Books/Books for Text_TR-20260529T163910Z-3-001/Books for Text_TR/Duvar_TR/Msn_TR/Cumhuriyeti-Kuran-Mason-Kadrolar-PDFDrive.pdf,Cumhuriyeti-Kuran-Mason-Kadrolar-PDFDrive.txt,PDF,210,36828,252080,Başarılı,332fedec1685b1b3ad8b6deee0b2d8964482d6af63f85fddbc4f3baf4b393756
muntazam masonluk ve inanc.pdf,Books/Books for Text_TR-20260529T163910Z-3-001/Books for Text_TR/Duvar_TR/Msn_TR/muntazam masonluk ve inanc.pdf,muntazam masonluk ve inanc.txt,PDF,32,8216,63136,Başarılı,bc483daec9343cce5a55df7792811d4e998de51aa10734a833bea97a7d745c1b
Masonlarn-Dünyası-Sabahattn Arıç.pdf,Books/Books for Text_TR-20260529T163910Z-3-001/Books for Text_TR/Duvar_TR/Msn_TR/Masonlarn-Dünyası-Sabahattn Arıç.pdf,Masonlarn-Dünyası-Sabahattn Arıç.txt,PDF,167,37668,270019,Başarılı,0ec2fec6fb5c65d5298331af4e3e8d344b57a8fee01955a748a2d55cf3616ed5
metodoloji-3-_1_.pdf,Books/Books for Text_TR-20260529T163910Z-3-001/Books for Text_TR/Duvar_TR/Msn_TR/metodoloji-3-_1_.pdf,metodoloji-3-_1_.txt,PDF,126,41866,315392,Başarılı,a653c78a8bdbbd5ca77664604093c60ddcd69f10e4d58fe76619da7d3e8f4017
Türkiyenin Büyük Masonları (Süleyman Yeşilyurt) (z-lib.org).pdf,Books/Books for Text_TR-20260529T163910Z-3-001/Books for Text_TR/Duvar_TR/M-SYeşilyurt/Türkiyenin Büyük Masonları (Süleyman Yeşilyurt) (z-lib.org).pdf,Türkiyenin Büyük Masonları (Süleyman Yeşilyurt) (z-lib.org).txt,PDF,272,57019,422765,Başarılı,f0e8a505f97a2554fdf5532ab349439fdd90f94249b6446e8bb38c89eb911aad
Masonların-Saklı-Tarihi-Tuncer-Tuğcu.pdf,Books/Books for Text_TR-20260529T163910Z-3-001/Books for Text_TR/Duvar_TR/Msn_TR/Masonların-Saklı-Tarihi-Tuncer-Tuğcu.pdf,Masonların-Saklı-Tarihi-Tuncer-Tuğcu.txt,PDF,121,68977,498359,Başarılı,49214f12adbdddcac70f13fb579923f899d553fa6188fcd1557887deaf0bb17a
Gizli-Cemiyetler-S-Hutin.pdf,Books/Books for Text_TR-20260529T163910Z-3-001/Books for Text_TR/Duvar_TR/illumint/Gizli-Cemiyetler-S-Hutin.pdf,Gizli-Cemiyetler-S-Hutin.txt,PDF,124,0,0,Görsel / Taranmış (0 Kelime),c6883b037df1dd7dd625740d7b0d3020f8158b1383e58ce71219e179326797f4
Siyonistler-Ve-Masonlar-Mim-Kemal-Oke.pdf,Books/Books for Text_TR-20260529T163910Z-3-001/Books for Text_TR/Duvar_TR/Msn_TR/Siyonistler-Ve-Masonlar-Mim-Kemal-Oke.pdf,Siyonistler-Ve-Masonlar-Mim-Kemal-Oke.txt,PDF,567,0,0,Görsel / Taranmış (0 Kelime),ebc6b33a7352dc85ee5d76a35e32a3be8d45f9530ab7d28052417b6ff1e4b48d
ERGENEKON-Devlet-İcinde-Devlet-CAN-DUNDAR-CELAL-KAZDAĞLI.pdf,Books/Books for Text_TR-20260529T163910Z-3-001/Books for Text_TR/Gld-Tr/ERGENEKON-Devlet-İcinde-Devlet-CAN-DUNDAR-CELAL-KAZDAĞLI.pdf,ERGENEKON-Devlet-İcinde-Devlet-CAN-DUNDAR-CELAL-KAZDAĞLI.txt,PDF,27,4671,35533,Başarılı,3b2074b3956376158b0e883677b017b371158a4f49b3d27a6d57a14f7657fee3
Mason bektasiler.pdf,Books/Books for Text_TR-20260529T163910Z-3-001/Books for Text_TR/Duvar_TR/Msn_TR/Mason bektasiler.pdf,Mason bektasiler.txt,PDF,788,156194,1217900,Başarılı,510729ac4cd3ba094074f034bb61ab69b27401ccaa55cb8b03b7e2f3c437febb
Her-Taşın-Altında-Illuminati-mi-Var-Yeni-adı-ile-İnferno-Kara-Buyuculer.pdf,Books/Books for Text_TR-20260529T163910Z-3-001/Books for Text_TR/Duvar_TR/illumint/Her-Taşın-Altında-Illuminati-mi-Var-Yeni-adı-ile-İnferno-Kara-Buyuculer.pdf,Her-Taşın-Altında-Illuminati-mi-Var-Yeni-adı-ile-İnferno-Kara-Buyuculer.txt,PDF,118,39891,307679,Başarılı,5af62c15a76265f7d890c3da637f59972fd111bad1f4c75bc9f4d71ce115259b
Derin-Devletler-Gizli-Projeler-Ve-Kirli-Gercekler-Umit-Sayın.pdf,Books/Books for Text_TR-20260529T163910Z-3-001/Books for Text_TR/Gld-Tr/Derin-Devletler-Gizli-Projeler-Ve-Kirli-Gercekler-Umit-Sayın.pdf,Derin-Devletler-Gizli-Projeler-Ve-Kirli-Gercekler-Umit-Sayın.txt,PDF,237,81960,665163,Başarılı,a52618d2085cb0274f2168ec9938b4cc687e001d0f77ac3c0d6ca43d8c525129
Osmanlıdan Günümüze Gizli Devlet (Suat Parlar) (z-lib.org).pdf,Books/Books for Text_TR-20260529T163910Z-3-001/Books for Text_TR/Gld-Tr/Osmanlıdan Günümüze Gizli Devlet (Suat Parlar) (z-lib.org).pdf,Osmanlıdan Günümüze Gizli Devlet (Suat Parlar) (z-lib.org).txt,PDF,192,0,0,Görsel / Taranmış (0 Kelime),a372fc600109f28a36f0887f19d8cac6a1556f436ed89a54e0bda3c052ad6677
Derin-Devlet-Talat Turhan.pdf,Books/Books for Text_TR-20260529T163910Z-3-001/Books for Text_TR/Gld-Tr/Derin-Devlet-Talat Turhan.pdf,Derin-Devlet-Talat Turhan.txt,PDF,175,56827,447019,Başarılı,82ffc43ca9d9adf49067bd1ddb9b7e802cf511b75f97efcd36b3fe9b8048aa9b
Mehmet-Ali-Birand-12-Eylul-Saat-4-00.pdf,Books/Books for Text_TR-20260529T163910Z-3-001/Books for Text_TR/Darbe ve ihtilal/Mehmet-Ali-Birand-12-Eylul-Saat-4-00.pdf,Mehmet-Ali-Birand-12-Eylul-Saat-4-00.txt,PDF,321,76742,532604,Başarılı,da6401d2a0ff5f4fba2515625e9f658ec458f6bb180265cd07a68836ea04e63c
Karşı-Devrim-1923-Ten-2023-e-Fikret-Bila.pdf,Books/Books for Text_TR-20260529T163910Z-3-001/Books for Text_TR/Gld-Tr/Karşı-Devrim-1923-Ten-2023-e-Fikret-Bila.pdf,Karşı-Devrim-1923-Ten-2023-e-Fikret-Bila.txt,PDF,271,71219,533527,Başarılı,a4c7afd186daadaa81ae52b3bdb60448084edb9e4758c83170e6bd36fb68f6d7
Seferberlik-Tetkik-Dairesi-Umit-Ozdağ.pdf,Books/Books for Text_TR-20260529T163910Z-3-001/Books for Text_TR/Gld-Tr/Seferberlik-Tetkik-Dairesi-Umit-Ozdağ.pdf,Seferberlik-Tetkik-Dairesi-Umit-Ozdağ.txt,PDF,8,4887,37109,Başarılı,71f916c736db8ca327386c0ab57f9f83b6497f124bb3539425f733ecd16ac2d0
Kontr-gerilla-Cihat Akyol.pdf,Books/Books for Text_TR-20260529T163910Z-3-001/Books for Text_TR/Gld-Tr/Kontr-gerilla-Cihat Akyol.pdf,Kontr-gerilla-Cihat Akyol.txt,PDF,248,70209,551438,Başarılı,65ec01fe7a8bccec97f4b059bf5ee83d5f298c0257e4070a733cef35a6632a9c
Kontrgerilla Öğretileri (Uğur Mumcu) (z-lib.org).pdf,Books/Books for Text_TR-20260529T163910Z-3-001/Books for Text_TR/Gld-Tr/Kontrgerilla Öğretileri (Uğur Mumcu) (z-lib.org).pdf,Kontrgerilla Öğretileri (Uğur Mumcu) (z-lib.org).txt,PDF,107,46858,375489,Başarılı,e5cf2262d79b4c1f348f642ef8116871e88abd244aff9afaa0e881994594fa8c
Tapınak Şövalyelerinin Tarihi - Yeni Şövalyelik (Malcolm Barber) (z-lib.org).pdf,Books/Books for Text_TR-20260529T163910Z-3-001/Books for Text_TR/Duvar_TR/Tpn Şövy/Tapınak Şövalyelerinin Tarihi - Yeni Şövalyelik (Malcolm Barber) (z-lib.org).pdf,Tapınak Şövalyelerinin Tarihi - Yeni Şövalyelik (Malcolm Barber) (z-lib.org).txt,PDF,608,151497,1086112,Başarılı,eb8708a6f56cdeb1ebf6928979a443d62ac16ee1c410122965aa8dffcff072ef
İşgal Birlikleri_Erol Bilbilik.pdf,Books/Books for Text_TR-20260529T163910Z-3-001/Books for Text_TR/Gld-Tr/İşgal Birlikleri_Erol Bilbilik.pdf,İşgal Birlikleri_Erol Bilbilik.txt,PDF,84,40806,300988,Başarılı,aa4295d1fa1319f3653a8dd921012d9d793806020fd285d86863063e92c7eb01
Cuneyt-Arcayurek-Derin-Devlet.pdf,Books/Books for Text_TR-20260529T163910Z-3-001/Books for Text_TR/Gld-Tr/Cuneyt-Arcayurek-Derin-Devlet.pdf,Cuneyt-Arcayurek-Derin-Devlet.txt,PDF,336,136506,1030319,Başarılı,9550bf7f4a1e5dfd5f2bffc06419a9fd3155f36146f80d4b5c3516b8acb00d7d
Amerikan-Evanjelikleri-A-Rafet-Ozkan (2).pdf,Books/Books for Text_TR-20260529T163910Z-3-001/Books for Text_TR/Gld-World/Amerikan-Evanjelikleri-A-Rafet-Ozkan (2).pdf,Amerikan-Evanjelikleri-A-Rafet-Ozkan (2).txt,PDF,306,63752,495943,Başarılı,ab4cc21b5564db4ca4c134e89c746e268b7f12792fe4105dea3c986f85a9c181
Baronlar-Ahmet-Han.pdf,Books/Books for Text_TR-20260529T163910Z-3-001/Books for Text_TR/Gld-World/Baronlar-Ahmet-Han.pdf,Baronlar-Ahmet-Han.txt,PDF,278,44165,313634,Başarılı,ccc9db1491754528bbe393b67aef91ffa7d4426f36192a1be60a75f4fdd00a84
İlhami Soysal - Masonluk ve Masonlar.pdf,Books/Books for Text_TR-20260529T163910Z-3-001/Books for Text_TR/Duvar_TR/Msn_TR/İlhami Soysal - Masonluk ve Masonlar.pdf,İlhami Soysal - Masonluk ve Masonlar.txt,PDF,611,122406,853890,Başarılı,d682e29027fb2e3ad6820d194dca9378552f11b0cc0726649e519ee33ffb6a7a
Yaklaşan Kasırga-Levent Gültekin .pdf,Books/Books for Text_TR-20260529T163910Z-3-001/Books for Text_TR/Gld-Tr/Yaklaşan Kasırga-Levent Gültekin .pdf,Yaklaşan Kasırga-Levent Gültekin.txt,PDF,258,57473,430157,Başarılı,52239c42e29c50ee9d2bc0fb98d982a59ec2ee8e8310fef1fc8850f17f41beba
Şeytan-Ucgeninde-Turkiye-Cuneyt-Arcayurek.pdf,Books/Books for Text_TR-20260529T163910Z-3-001/Books for Text_TR/Gld-Tr/Şeytan-Ucgeninde-Turkiye-Cuneyt-Arcayurek.pdf,Şeytan-Ucgeninde-Turkiye-Cuneyt-Arcayurek.txt,PDF,388,76510,574546,Başarılı,dd0d77d6853040623d941dd614f3f2c03915281bde315b9e92d481ebbdbb9018
Golge-Ordu-SADAT-Ersin-Eroglu-Caner-Taspınar.pdf,Books/Books for Text_TR-20260529T163910Z-3-001/Books for Text_TR/Gld-Tr/Golge-Ordu-SADAT-Ersin-Eroglu-Caner-Taspınar.pdf,Golge-Ordu-SADAT-Ersin-Eroglu-Caner-Taspınar.txt,PDF,166,35379,260048,Başarılı,c33a05d9a3a03ca61b4c87a2b38084b6fa2ae0b2a58d8dea4a77eb8f89d06f8d
Dev-Şirketler-Kuresel-Guc-Elitleri-Dunya-Kapitalizminin-En-Guclu.pdf,Books/Books for Text_TR-20260529T163910Z-3-001/Books for Text_TR/Gld-World/Dev-Şirketler-Kuresel-Guc-Elitleri-Dunya-Kapitalizminin-En-Guclu.pdf,Dev-Şirketler-Kuresel-Guc-Elitleri-Dunya-Kapitalizminin-En-Guclu.txt,PDF,417,82555,597013,Başarılı,674e7f68ae7b5a84617ccd83969a7094d34c73c09671a28254d7ece025647077
Jean-Ziegler-Sucun-Derebeyleri.pdf,Books/Books for Text_TR-20260529T163910Z-3-001/Books for Text_TR/Gld-World/Jean-Ziegler-Sucun-Derebeyleri.pdf,Jean-Ziegler-Sucun-Derebeyleri.txt,PDF,256,53368,402912,Başarılı,2ecf804a2effdbcb7a53f9a891eea9249e4617751f47fe4a94375f8df6e03598
Truman Doktrini __üzerine Bir Analiz[#99192]-84525.pdf,Books/Books for Text_TR-20260529T163910Z-3-001/Books for Text_TR/Gld-World/Truman Doktrini __üzerine Bir Analiz[#99192]-84525.pdf,Truman Doktrini __üzerine Bir Analiz[#99192]-84525.txt,PDF,21,5574,43318,Başarılı,ba08ada75812eedcebe43d4561fc7c35406e54e8508017dec2f9a66af41c53dc
"Nato gizli birliği ve Alman öncüleri  Gladio-Leo A. Müller,çev. Emin Karaca.pdf","Books/Books for Text_TR-20260529T163910Z-3-001/Books for Text_TR/Gld-World/Nato gizli birliği ve Alman öncüleri  Gladio-Leo A. Müller,çev. Emin Karaca.pdf","Nato gizli birliği ve Alman öncüleri Gladio-Leo A. Müller,çev. Emin Karaca.txt",PDF,188,43265,332089,Başarılı,357117cf7ff8678342d36547ebfcd790e19da137dcb6cfd668cf58ca2f1bfbf4
Puppetmasters _ the political use of terrorism in Italy.pdf,Books/Books for Text_TR-20260529T163910Z-3-001/Books for Text_TR/Gld-World/Puppetmasters _ the political use of terrorism in Italy.pdf,Puppetmasters _ the political use of terrorism in Italy.txt,PDF,365,141880,862675,Başarılı,fabedbe381b6537d1a220c027e869ea17a17c1dbea3b154df1b483a706af0e79
Rothschild-Para-İmparatorluğu.pdf,Books/Books for Text_TR-20260529T163910Z-3-001/Books for Text_TR/Gld-World/Rothschild-Para-İmparatorluğu.pdf,Rothschild-Para-İmparatorluğu.txt,PDF,307,35807,289607,Başarılı,bf609ffb18197f09d94c0b036c5c87217db7f6ed96b250f98833875553b50605
FT nun_Kalintilarından Arınmak-2018.pdf,Books/Books for Text_TR-20260529T163910Z-3-001/Books for Text_TR/Hzm-Aleyhte/FT/FT nun_Kalintilarından Arınmak-2018.pdf,FT nun_Kalintilarından Arınmak-2018.txt,PDF,5,2759,21652,Başarılı,3d6c0598f53a0e76cbe733da25d07b33518bfb0e68d5e19755b7c3dd15c8d65b
ERGUN-POYRAZ-AMERİKADAKİ-İMAM.pdf,Books/Books for Text_TR-20260529T163910Z-3-001/Books for Text_TR/Hzm-Aleyhte/ERGUN-POYRAZ-AMERİKADAKİ-İMAM.pdf,ERGUN-POYRAZ-AMERİKADAKİ-İMAM.txt,PDF,387,50937,384431,Başarılı,86cb2963d17ea9dfa88c7af44961e09eba2d83c22ec59ada864c3a2e622ec5d8
FT_nun_Aklanma_ve_Yeniden Meşruiyet Çabaları-2023.pdf,Books/Books for Text_TR-20260529T163910Z-3-001/Books for Text_TR/Hzm-Aleyhte/FT/FT_nun_Aklanma_ve_Yeniden Meşruiyet Çabaları-2023.pdf,FT_nun_Aklanma_ve_Yeniden Meşruiyet Çabaları-2023.txt,PDF,3,3584,27275,Başarılı,6521086ce356f16a8653d5ae0bda384aeaa9454f39489a122618940f1f5a2c0a
50-Soruda-FT-2023.pdf,Books/Books for Text_TR-20260529T163910Z-3-001/Books for Text_TR/Hzm-Aleyhte/FT/50-Soruda-FT-2023.pdf,50-Soruda-FT-2023.txt,PDF,156,50790,384966,Başarılı,04c7165dd660bdc126f99d3b0f17dd6722562f4e2d992ff141e4b1519bc4e42a
KULT_ORGUTLER_KAPSAMINDA_FETO_ILE_MUCADE.pdf,Books/Books for Text_TR-20260529T163910Z-3-001/Books for Text_TR/Hzm-Aleyhte/FT/KULT_ORGUTLER_KAPSAMINDA_FETO_ILE_MUCADE.pdf,KULT_ORGUTLER_KAPSAMINDA_FETO_ILE_MUCADE.txt,PDF,38,9794,80362,Başarılı,2b85e495d38d25e56d62250de87135bc9e367d03b006fc9e75685af523c088bb
FT-KADEM.pdf,Books/Books for Text_TR-20260529T163910Z-3-001/Books for Text_TR/Hzm-Aleyhte/FT/FT-KADEM.pdf,FT-KADEM.txt,PDF,42,10033,86365,Başarılı,b496ee57d7e2ecfc132d0a50d91533e6f6f425185af84048160b777980023e9f
Gladio-Abd`nin kurduğu gizli örgüt-Ali Kuzu.pdf,Books/Books for Text_TR-20260529T163910Z-3-001/Books for Text_TR/Gld-World/Gladio-Abd`nin kurduğu gizli örgüt-Ali Kuzu.pdf,Gladio-Abd`nin kurduğu gizli örgüt-Ali Kuzu.txt,PDF,257,62890,486711,Başarılı,2c02c5ad6f7c9aacfbeb6736d76b6d49155ee064008defa6a2549b09555d01ba
Kult_Trr_Orgutlerinde_Radikallesme_Sur.pdf,Books/Books for Text_TR-20260529T163910Z-3-001/Books for Text_TR/Hzm-Aleyhte/FT/Kult_Trr_Orgutlerinde_Radikallesme_Sur.pdf,Kult_Trr_Orgutlerinde_Radikallesme_Sur.txt,PDF,25,5868,46509,Başarılı,7f0738ceb1c3a3b71af69188ae40f39a9326da2bb25a53ce6017302ea5ae4579
Kuresel_Kusatmaya_Direnen_Turkiye-2017.pdf,Books/Books for Text_TR-20260529T163910Z-3-001/Books for Text_TR/Hzm-Aleyhte/FT/Kuresel_Kusatmaya_Direnen_Turkiye-2017.pdf,Kuresel_Kusatmaya_Direnen_Turkiye-2017.txt,PDF,72,16726,151975,Başarılı,2401e0345ed04e98fc36d63f34aa0101c248b7e01e05bae410bf586aacda750d
Gulen orgütü.pdf,Books/Books for Text_TR-20260529T163910Z-3-001/Books for Text_TR/Hzm-Aleyhte/FT/Gulen orgütü.pdf,Gulen orgütü.txt,PDF,160,37611,280845,Başarılı,ae48d7d29fe9124d7d984ba2cf6ca613bcf93a08540313ee146007d2be0d211c
F-Tipi-Yapılanma.pdf,Books/Books for Text_TR-20260529T163910Z-3-001/Books for Text_TR/Hzm-Aleyhte/F-Tipi-Yapılanma.pdf,F-Tipi-Yapılanma.txt,PDF,341,142818,1105604,Başarılı,edd97e1816e5258ef935d108f67969dc1968172f6957b94ecfaa957eb617020a
ifşa-Toygun-Atilla.pdf,Books/Books for Text_TR-20260529T163910Z-3-001/Books for Text_TR/Hzm-Aleyhte/ifşa-Toygun-Atilla.pdf,ifşa-Toygun-Atilla.txt,PDF,284,0,0,Görsel / Taranmış (0 Kelime),bfa9f11756a28be10d12c0ac356251a818229adcaa51312418040cd128c1705c
Gizli Dünya Devleti (Gary Allen) (z-lib.org).pdf,Books/Books for Text_TR-20260529T163910Z-3-001/Books for Text_TR/Gld-World/Gizli Dünya Devleti (Gary Allen) (z-lib.org).pdf,Gizli Dünya Devleti (Gary Allen) (z-lib.org).txt,PDF,378,110747,685277,Başarılı,fbe4a5104c2e1232c956363bd638216770d9f5a2de2cead75c11cd220a3e911b
YARGITAYDAN-FETO.pdf,Books/Books for Text_TR-20260529T163910Z-3-001/Books for Text_TR/Hzm-Aleyhte/FT/YARGITAYDAN-FETO.pdf,YARGITAYDAN-FETO.txt,PDF,28,3241,26003,Başarılı,6d53e0f3d5e2029c70ba9824da8f5757d9545db434bfbf4ca3ca382060edbf86
Dunyanın-Gizli-Tarihi-2.pdf,Books/Books for Text_TR-20260529T163910Z-3-001/Books for Text_TR/Gld-World/Dunyanın-Gizli-Tarihi-2.pdf,Dunyanın-Gizli-Tarihi-2.txt,PDF,421,76302,594471,Başarılı,6f74cec455bf596cc442bd5726af0f3a4c0bf10907f2c1fb3d4f9a997088c206
15-Temmuzun-arka-planı-akar-ve-unal.pdf,Books/Books for Text_TR-20260529T163910Z-3-001/Books for Text_TR/Hzm_15Tm/15-Temmuzun-arka-planı-akar-ve-unal.pdf,15-Temmuzun-arka-planı-akar-ve-unal.txt,PDF,59,12762,105203,Başarılı,6e07181690dfa305a14ad6bbb488a679992f8ce20a825d1b205d6a6ee45eb281
15-Temmuz-da-Turk-Donanmasında-Ne-Oldu-Donanmayı-kimler-batırdı.pdf,Books/Books for Text_TR-20260529T163910Z-3-001/Books for Text_TR/Hzm_15Tm/15-Temmuz-da-Turk-Donanmasında-Ne-Oldu-Donanmayı-kimler-batırdı.pdf,15-Temmuz-da-Turk-Donanmasında-Ne-Oldu-Donanmayı-kimler-batırdı.txt,PDF,62,15184,117625,Başarılı,6b71a3eaf001dbad076f3e0a91f6aedbd21e39c0f1437bbb1c16c3326374aa1d
Yeni-Derin-Devlet-Ecevit-Kılıc.pdf,Books/Books for Text_TR-20260529T163910Z-3-001/Books for Text_TR/Gld-Tr/Yeni-Derin-Devlet-Ecevit-Kılıc.pdf,Yeni-Derin-Devlet-Ecevit-Kılıc.txt,PDF,200,39283,286609,Başarılı,8599b53f100bd20ce526e3a7761b0572cba5a2dd46c017541d6c71adee7548d0
15 Temmuz_un arka planı-1_Marmaris.pdf,Books/Books for Text_TR-20260529T163910Z-3-001/Books for Text_TR/Hzm_15Tm/15 Temmuz_un arka planı-1_Marmaris.pdf,15 Temmuz_un arka planı-1_Marmaris.txt,PDF,112,19250,161891,Başarılı,6befe5fa0eadec799660dfbf943cbbe01798bc65eb1cb2f2f3c2dccc8835a7df
Razi-Canikligil-ABD-Gizli-Belgelerinde-Fethullah-Gulen-Doğan-Kitap.pdf,Books/Books for Text_TR-20260529T163910Z-3-001/Books for Text_TR/Hzm-Aleyhte/Razi-Canikligil-ABD-Gizli-Belgelerinde-Fethullah-Gulen-Doğan-Kitap.pdf,Razi-Canikligil-ABD-Gizli-Belgelerinde-Fethullah-Gulen-Doğan-Kitap.txt,PDF,209,58839,430697,Başarılı,e01a109c432530f8c2cedc5c8a62ec2cad7921515c5980ebebab0626e060b02e
15-Temmuz-Erdoganın-darbesi-05-07-2017.pdf,Books/Books for Text_TR-20260529T163910Z-3-001/Books for Text_TR/Hzm_15Tm/15-Temmuz-Erdoganın-darbesi-05-07-2017.pdf,15-Temmuz-Erdoganın-darbesi-05-07-2017.txt,PDF,191,70049,579545,Başarılı,af27ba4020b3914b4de4c7a0e67c8f4fcc49eb7c45e3cc679c245bfd4aeeede2
Metastaz-Barış-Pehlivan.pdf,Books/Books for Text_TR-20260529T163910Z-3-001/Books for Text_TR/Hzm-Aleyhte/Metastaz-Barış-Pehlivan.pdf,Metastaz-Barış-Pehlivan.txt,PDF,216,49893,382506,Başarılı,331967bb2ed5c118a4a1056a86127b994cba410e457d2a7997a1efca9a9193f3
Adli Yargının Ölümü_Semih Terzi ve Özel Kuvvetler Timi dosyası.pdf,Books/Books for Text_TR-20260529T163910Z-3-001/Books for Text_TR/Hzm_15Tm/Adli Yargının Ölümü_Semih Terzi ve Özel Kuvvetler Timi dosyası.pdf,Adli Yargının Ölümü_Semih Terzi ve Özel Kuvvetler Timi dosyası.txt,PDF,89,16663,132999,Başarılı,15964f958f549c758f767ff1c644bc08845f545e53283fc8beeb05b6f9526743
Marmaris-15Temmuz.pdf,Books/Books for Text_TR-20260529T163910Z-3-001/Books for Text_TR/Hzm_15Tm/Marmaris-15Temmuz.pdf,Marmaris-15Temmuz.txt,PDF,100,17384,146795,Başarılı,010ec144c2f156eef6baf65ff608df731d9179f05b675e2df8ed6a8e1c5c497f
Nt-nun-İslam-la-Savaşı-Murat-Akan.pdf,Books/Books for Text_TR-20260529T163910Z-3-001/Books for Text_TR/ODogu/Nt-nun-İslam-la-Savaşı-Murat-Akan.pdf,Nt-nun-İslam-la-Savaşı-Murat-Akan.txt,PDF,354,0,0,Görsel / Taranmış (0 Kelime),38da00392d0f69ebec2a5d01b7d19137861dc49926341055d84ce59866615d54
SADAT-Erdoğan_ın Özel Ordusu.pdf,Books/Books for Text_TR-20260529T163910Z-3-001/Books for Text_TR/Hzm_15Tm/SADAT-Erdoğan_ın Özel Ordusu.pdf,SADAT-Erdoğan_ın Özel Ordusu.txt,PDF,76,14448,146475,Başarılı,199728844eb79311fe14190ee244f2fdd05d8789695d48c3430b1739e5298972
Gercegin-Peşinde-17-Haziran-2017.pdf,Books/Books for Text_TR-20260529T163910Z-3-001/Books for Text_TR/Hzm_15Tm/Gercegin-Peşinde-17-Haziran-2017.pdf,Gercegin-Peşinde-17-Haziran-2017.txt,PDF,138,31559,283830,Başarılı,c4d3d18be1e6d28b983206d1e352a14069c199ae6089b21448cabbd011d3c512
Hulusinasyon-15-Temmuz-Ozel-Harp-Komutan.pdf,Books/Books for Text_TR-20260529T163910Z-3-001/Books for Text_TR/Hzm_15Tm/Hulusinasyon-15-Temmuz-Ozel-Harp-Komutan.pdf,Hulusinasyon-15-Temmuz-Ozel-Harp-Komutan.txt,PDF,214,35440,273048,Başarılı,6265acad59a8ecd523f281859b69ff8ef7183e2d3589edc6d231e6dd046023f6
Üst Akıl İngiliz Derin Devletinin İçyüzü 2 (Adnan Harun Yahya) (z-lib.org).pdf,Books/Books for Text_TR-20260529T163910Z-3-001/Books for Text_TR/Gld-World/Üst Akıl İngiliz Derin Devletinin İçyüzü 2 (Adnan Harun Yahya) (z-lib.org).pdf,Üst Akıl İngiliz Derin Devletinin İçyüzü 2 (Adnan Harun Yahya) (z-lib.org).txt,PDF,674,133724,1048474,Başarılı,c0cbc6c10065cf41307fc1843d3f594ae9867b842d0fdb6b1de242cbc0e360fc
israil-sorunu-siyasi-siyonizm (1).pdf,Books/Books for Text_TR-20260529T163910Z-3-001/Books for Text_TR/ODogu/israil-sorunu-siyasi-siyonizm (1).pdf,israil-sorunu-siyasi-siyonizm (1).txt,PDF,18,3521,25404,Başarılı,79d3da58b458c326a53439e5c44f2b8d05e74e15ecad36a8d1804cafe8bec739
fethullah-gulen-iddianames_1999_Nuh Mete Yükseli.pdf,Books/Books for Text_TR-20260529T163910Z-3-001/Books for Text_TR/Hzm_Dava Doc/fethullah-gulen-iddianames_1999_Nuh Mete Yükseli.pdf,fethullah-gulen-iddianames_1999_Nuh Mete Yükseli.txt,PDF,54,25607,193980,Başarılı,0c69502594dff738aaa541257cea2bfcd3c5149ed511b9b40f8876b4d9c776c6
Chicken Game.pdf,Books/Books for Text_TR-20260529T163910Z-3-001/Books for Text_TR/Oyun Teorisi/Chicken Game.pdf,Chicken Game.txt,PDF,4,1365,9707,Başarılı,0e35efa04780e63f7db65b318b5ebfec27259fd934ecdce0096df7be663ea988
İran Devrimi’ni Okumak.pdf,Books/Books for Text_TR-20260529T163910Z-3-001/Books for Text_TR/ODogu/İran/İran Devrimi’ni Okumak.pdf,İran Devrimi’ni Okumak.txt,PDF,24,8966,70086,Başarılı,d99c999a124c5fb796f3d1365651d535fa0f49afeca3b21156e146e0fa1539f3
Oyun Teorisi ve Nash___in Denge Stratejisi[#1045033]-2154272.PDF,Books/Books for Text_TR-20260529T163910Z-3-001/Books for Text_TR/Oyun Teorisi/Oyun Teorisi ve Nash___in Denge Stratejisi[#1045033]-2154272.PDF,Oyun Teorisi ve Nash___in Denge Stratejisi[#1045033]-2154272.txt,PDF,22,6653,49905,Başarılı,538af71d668d295592631c6e7611be604e8e356ebfead86cc309796216505015
Ezber-Bozmak-Stephen-Kinzer.pdf,Books/Books for Text_TR-20260529T163910Z-3-001/Books for Text_TR/ODogu/Ezber-Bozmak-Stephen-Kinzer.pdf,Ezber-Bozmak-Stephen-Kinzer.txt,PDF,229,59114,438695,Başarılı,1b7a2887b055c93afbf7284f7125654161724920141fd2920ff1fd56968ea315
Oyun Teorisi-2009 Yerel Seçimleri.pdf,Books/Books for Text_TR-20260529T163910Z-3-001/Books for Text_TR/Oyun Teorisi/Oyun Teorisi-2009 Yerel Seçimleri.pdf,Oyun Teorisi-2009 Yerel Seçimleri.txt,PDF,17,4682,31263,Başarılı,a8c71593b5a2fe3766ce5a9f60779b9e9761ae58893c365df899faa0229f800e
iran devrimnin Türkiye yansımaları.pdf,Books/Books for Text_TR-20260529T163910Z-3-001/Books for Text_TR/ODogu/İran/iran devrimnin Türkiye yansımaları.pdf,iran devrimnin Türkiye yansımaları.txt,PDF,30,9072,71230,Başarılı,2a966308877e78591c29926467bf83d0b74f3521b1d9d07602f52a909eb894c8
İran-da-Devrim-ve-Karşı-Devrim-Peter-Marshall.pdf,Books/Books for Text_TR-20260529T163910Z-3-001/Books for Text_TR/ODogu/İran-da-Devrim-ve-Karşı-Devrim-Peter-Marshall.pdf,İran-da-Devrim-ve-Karşı-Devrim-Peter-Marshall.txt,PDF,78,36240,286163,Başarılı,4ebc97266e58db732993d4ac1c4cc2158d4be23d0eacd94701475bc43847a85c
Tahran Yunus Emre Enstitüsü.pdf,Books/Books for Text_TR-20260529T163910Z-3-001/Books for Text_TR/ODogu/İran/Tahran Yunus Emre Enstitüsü.pdf,Tahran Yunus Emre Enstitüsü.txt,PDF,123,24517,190294,Başarılı,caaf59ad99a9e57ddf68aaef3317c26a2c3460e4551f9ed48845b3ef6468d2c0
Oyun Teorsi ve UA politka.pdf,Books/Books for Text_TR-20260529T163910Z-3-001/Books for Text_TR/Oyun Teorisi/Oyun Teorsi ve UA politka.pdf,Oyun Teorsi ve UA politka.txt,PDF,18,5682,43575,Başarılı,c34ef63ac692ffe0ec088e0ad6e8ff35dcf46ff95c5d0ba8010219361f69c57c
Oyun Teorisi-UA İilşkiiler Kitaplar.pdf,Books/Books for Text_TR-20260529T163910Z-3-001/Books for Text_TR/Oyun Teorisi/Oyun Teorisi-UA İilşkiiler Kitaplar.pdf,Oyun Teorisi-UA İilşkiiler Kitaplar.txt,PDF,33,11835,89158,Başarılı,9b87afdd5b66043b1ec90c75afa881da5acad95550ab9d2bf39877c0bd9c4d47
Uluslararası Bir Krzde Oyun Teorsi.pdf,Books/Books for Text_TR-20260529T163910Z-3-001/Books for Text_TR/Oyun Teorisi/Uluslararası Bir Krzde Oyun Teorsi.pdf,Uluslararası Bir Krzde Oyun Teorsi.txt,PDF,8,3898,28607,Başarılı,e10ec4f7d74011d44ec1bd68ff3644535c745337812394e260d7e90c25810acf
siyaset_ve_iktsatta_oyun_teorisi.pdf,Books/Books for Text_TR-20260529T163910Z-3-001/Books for Text_TR/Oyun Teorisi/siyaset_ve_iktsatta_oyun_teorisi.pdf,siyaset_ve_iktsatta_oyun_teorisi.txt,PDF,18,5897,31155,Başarılı,3a5b861f8a1f1089adf235f5a0fe39803fa0d2a4b5c8ce8af879b906e2da6004
Oyun Teorsi-Uluslararası llişkilerde kullanımı.pdf,Books/Books for Text_TR-20260529T163910Z-3-001/Books for Text_TR/Oyun Teorisi/Oyun Teorsi-Uluslararası llişkilerde kullanımı.pdf,Oyun Teorsi-Uluslararası llişkilerde kullanımı.txt,PDF,12,4174,31208,Başarılı,540643f43d87d5cb37edf03854f42e5dfde1c64348ec7fe05894881c6cf312c1
Oyun Terosi--Ekonomi.pdf,Books/Books for Text_TR-20260529T163910Z-3-001/Books for Text_TR/Oyun Teorisi/Oyun Terosi--Ekonomi.pdf,Oyun Terosi--Ekonomi.txt,PDF,29,6786,50917,Başarılı,6d2dc5748c957372b1ffd6f209244dbea3352b35b1f4fcc23a58838b092cf243
Karar Verme Sürecinde Oyun Teorisi.pdf,Books/Books for Text_TR-20260529T163910Z-3-001/Books for Text_TR/Oyun Teorisi/Karar Verme Sürecinde Oyun Teorisi.pdf,Karar Verme Sürecinde Oyun Teorisi.txt,PDF,245,55445,373494,Başarılı,1ea9bf66000ea6dddc2d75e9db47b51a759ffc68027eb21064a49b330a4c6c38
Dijital Yasam Kulturu.pdf,Books/Books for Text_TR-20260529T163910Z-3-001/Books for Text_TR/Propaganda ve İkna/Dijital Yasam Kulturu.pdf,Dijital Yasam Kulturu.txt,PDF,31,6312,50779,Başarılı,9577b4137b1b3b46f0452fe33222ce1aa30af18f42171c83bbc550d3e48e1195
Dolaylı-Telkin-Dil-Paternleri-Erıcksonıan.pdf,Books/Books for Text_TR-20260529T163910Z-3-001/Books for Text_TR/Propaganda ve İkna/Dolaylı-Telkin-Dil-Paternleri-Erıcksonıan.pdf,Dolaylı-Telkin-Dil-Paternleri-Erıcksonıan.txt,PDF,37,7528,119787,Başarılı,19dee3fe2cb87f668ca494910032ffc3fb0cecdd7565e4b277c245fadf8e96ea
Gizli-Parapsikoloji-Savaşı.pdf,Books/Books for Text_TR-20260529T163910Z-3-001/Books for Text_TR/Propaganda ve İkna/Gizli-Parapsikoloji-Savaşı.pdf,Gizli-Parapsikoloji-Savaşı.txt,PDF,94,0,0,Görsel / Taranmış (0 Kelime),18fd61440f6fb2b59687e902c95ef1877690a2e00551b8370f08258d9f2cacb3
"Ortadoğu’da Devlet Dışı Silahlı Aktörler (Murat Yeşiltaş, Burhanettin Duran) (z-lib.org).pdf","Books/Books for Text_TR-20260529T163910Z-3-001/Books for Text_TR/ODogu/Ortadoğu’da Devlet Dışı Silahlı Aktörler (Murat Yeşiltaş, Burhanettin Duran) (z-lib.org).pdf","Ortadoğu’da Devlet Dışı Silahlı Aktörler (Murat Yeşiltaş, Burhanettin Duran) (z-lib.org).txt",PDF,497,121720,947553,Başarılı,e6ed9f49e5f45cf264caca736f5dda06c3b63a816969ca911720915a678a52c3
Karanlık-Manipulasyon-Rehberi.pdf,Books/Books for Text_TR-20260529T163910Z-3-001/Books for Text_TR/Propaganda ve İkna/Manipulasyon/Karanlık-Manipulasyon-Rehberi.pdf,Karanlık-Manipulasyon-Rehberi.txt,PDF,39,4982,39693,Başarılı,e17225f07b9aeb6269d1cf1d7653dd0820544104b4bb81d0faac2de44c72fd47
Sorgulama-Teknikleri-Min.pdf,Books/Books for Text_TR-20260529T163910Z-3-001/Books for Text_TR/Propaganda ve İkna/Sorgulama-Teknikleri-Min.pdf,Sorgulama-Teknikleri-Min.txt,PDF,36,1344,10718,Başarılı,b7a8cc4468d439732017e59d5e18b52f9a921d85a8f1cc57acd29a2e819625ec
Bilgi-Ekonomisi-Sosyal-Medya-Analiz.pdf,Books/Books for Text_TR-20260529T163910Z-3-001/Books for Text_TR/Propaganda ve İkna/Sosyal Medya/Bilgi-Ekonomisi-Sosyal-Medya-Analiz.pdf,Bilgi-Ekonomisi-Sosyal-Medya-Analiz.txt,PDF,40,9544,79634,Başarılı,351a204b6eb890e010f3d6861e6b8d6d91834f5ac9d3a24c898de8c576c00af0
Dijital-Kultur-ve-Fragmanları.pdf,Books/Books for Text_TR-20260529T163910Z-3-001/Books for Text_TR/Propaganda ve İkna/Sosyal Medya/Dijital-Kultur-ve-Fragmanları.pdf,Dijital-Kultur-ve-Fragmanları.txt,PDF,13,1149,9292,Başarılı,ab604b891b5c10fdcecfbf310aaaba16a968da708f8e46ed0329ad2d35b042c5
21-Yuzyıl-Medya Okur Yazarlığı.pdf,Books/Books for Text_TR-20260529T163910Z-3-001/Books for Text_TR/Propaganda ve İkna/Medya/21-Yuzyıl-Medya Okur Yazarlığı.pdf,21-Yuzyıl-Medya Okur Yazarlığı.txt,PDF,146,32002,248634,Başarılı,317473e8b207e47598cb837fcd5f1fe9c9f122cde3d544deef472fb5dfa05a39
Dijitalleşmeyi-Tartışmak-Medya-Kultur-Kimlik.pdf,Books/Books for Text_TR-20260529T163910Z-3-001/Books for Text_TR/Propaganda ve İkna/Dijitalleşmeyi-Tartışmak-Medya-Kultur-Kimlik.pdf,Dijitalleşmeyi-Tartışmak-Medya-Kultur-Kimlik.txt,PDF,363,110612,896114,Başarılı,bcabd1df721caf20b9dc99e4372f53a2e6293a07d7efec2bdeeec327a6746b80
Nefret-Soylemi-Ve-Linc-Kulturu.pdf,Books/Books for Text_TR-20260529T163910Z-3-001/Books for Text_TR/Propaganda ve İkna/Nefret-Soylemi-Ve-Linc-Kulturu.pdf,Nefret-Soylemi-Ve-Linc-Kulturu.txt,PDF,92,22746,183679,Başarılı,858f639e5854507e1a7ca55a8c91a9f10537f36830f9685f75ef2dbf22edeab6
SOSYAL-MEDYA-UZMANLIK-PROGRAMI-pptx (1).pdf,Books/Books for Text_TR-20260529T163910Z-3-001/Books for Text_TR/Propaganda ve İkna/Sosyal Medya/SOSYAL-MEDYA-UZMANLIK-PROGRAMI-pptx (1).pdf,SOSYAL-MEDYA-UZMANLIK-PROGRAMI-pptx (1).txt,PDF,71,3199,23847,Başarılı,069a719fc78f73ad08a70a8c0c5d57a336554a8fc852d3a098f1fe841fd639e7
Instegramda Strateji Olusturma.pdf,Books/Books for Text_TR-20260529T163910Z-3-001/Books for Text_TR/Propaganda ve İkna/Sosyal Medya/Instegramda Strateji Olusturma.pdf,Instegramda Strateji Olusturma.txt,PDF,89,5422,42367,Başarılı,f6a7109d9688ee734d6160c3d9467c766b1ce37bcd2b30011ac07df437aad396
Sosyal-Medya Egitimi.pdf,Books/Books for Text_TR-20260529T163910Z-3-001/Books for Text_TR/Propaganda ve İkna/Sosyal Medya/Sosyal-Medya Egitimi.pdf,Sosyal-Medya Egitimi.txt,PDF,11,576,4646,Başarılı,8844cd12f77a23ebc3faf82181e3c7f4b4c2112217c87bf634db485a8bcb3440
Dijital-Yerliler-Z-Kuşağı-ve-Sosyal-Medya-Pazarlaması.pdf,Books/Books for Text_TR-20260529T163910Z-3-001/Books for Text_TR/Propaganda ve İkna/Sosyal Medya/Dijital-Yerliler-Z-Kuşağı-ve-Sosyal-Medya-Pazarlaması.pdf,Dijital-Yerliler-Z-Kuşağı-ve-Sosyal-Medya-Pazarlaması.txt,PDF,84,16927,134582,Başarılı,daab7c77f54f1f5cf2f0972b5d983a6fc52df373351e583d145d891458feb5ed
Kitle-Ve-Iktidar-Elias-Canetti.pdf,Books/Books for Text_TR-20260529T163910Z-3-001/Books for Text_TR/Propaganda ve İkna/Kitle-Ve-Iktidar-Elias-Canetti.pdf,Kitle-Ve-Iktidar-Elias-Canetti.txt,PDF,689,149871,1114891,Başarılı,b4e732a5b1cd5516746736252cdf89b46108b709df4b84972a7445bdee9a0406
Sosyal-Medya-ve-Gerceklik.pdf,Books/Books for Text_TR-20260529T163910Z-3-001/Books for Text_TR/Propaganda ve İkna/Sosyal Medya/Sosyal-Medya-ve-Gerceklik.pdf,Sosyal-Medya-ve-Gerceklik.txt,PDF,89,33894,260768,Başarılı,f7e4ba957fd8b75f3f7533e9902edba187ac804015745ac6371db01019fd9b8f
Sosyal-Medya-Eleştirel-Bir-Giriş-Christian-Fuchs.pdf,Books/Books for Text_TR-20260529T163910Z-3-001/Books for Text_TR/Propaganda ve İkna/Sosyal Medya/Sosyal-Medya-Eleştirel-Bir-Giriş-Christian-Fuchs.pdf,Sosyal-Medya-Eleştirel-Bir-Giriş-Christian-Fuchs.txt,PDF,410,0,0,Görsel / Taranmış (0 Kelime),2bdee6af0d7e77b8f88ecbc75f98f2ad7ea04526d608aa3527823a4fe1bc51b9
Sosyal-Medya-Aracları.pdf,Books/Books for Text_TR-20260529T163910Z-3-001/Books for Text_TR/Propaganda ve İkna/Sosyal Medya/Sosyal-Medya-Aracları.pdf,Sosyal-Medya-Aracları.txt,PDF,26,2915,23231,Başarılı,c2065dc22a5f63bca50dd88e90b3898e1b95790d5e0317a8e781d2b277ec9257
Karanlık-Psikoloji.pdf,Books/Books for Text_TR-20260529T163910Z-3-001/Books for Text_TR/Propaganda ve İkna/Karanlık-Psikoloji.pdf,Karanlık-Psikoloji.txt,PDF,682,142226,1115904,Başarılı,64bbc9d4ae93684dc0efea5ea5b639e069f11868e454277d28765be4508fd4d7
Zihin-Kontrolu-Leonard-Moore.pdf,Books/Books for Text_TR-20260529T163910Z-3-001/Books for Text_TR/Propaganda ve İkna/Zihin Kontrolu/Zihin-Kontrolu-Leonard-Moore.pdf,Zihin-Kontrolu-Leonard-Moore.txt,PDF,54,10372,82888,Başarılı,0f69bb7d0097287cfb68ad1d51b19854442a7d5e7f32ba63db2542bf9d42d3ee
Sozlu-Dovuş-Sanatı-Tongue-Fu-Sam-Horn.pdf,Books/Books for Text_TR-20260529T163910Z-3-001/Books for Text_TR/Propaganda ve İkna/Sozlu-Dovuş-Sanatı-Tongue-Fu-Sam-Horn.pdf,Sozlu-Dovuş-Sanatı-Tongue-Fu-Sam-Horn.txt,PDF,276,53858,394771,Başarılı,49cc522222aa4707d90cf88b199fde94a42656dd57155525add7af55a5dfeb17
Toksik-Zihin-Gad-Saad.pdf,Books/Books for Text_TR-20260529T163910Z-3-001/Books for Text_TR/Propaganda ve İkna/Toksik-Zihin-Gad-Saad.pdf,Toksik-Zihin-Gad-Saad.txt,PDF,288,67935,511537,Başarılı,c4f49d3347cbb051ddc5169408df8521f9fc1ce72fd6f82f919d079021492aca
Zihin-Kontrol-Yontemi-Silva.pdf,Books/Books for Text_TR-20260529T163910Z-3-001/Books for Text_TR/Propaganda ve İkna/Zihin Kontrolu/Zihin-Kontrol-Yontemi-Silva.pdf,Zihin-Kontrol-Yontemi-Silva.txt,PDF,236,45001,334373,Başarılı,3323176ad4c4cb8e5eba652fb0051ab4360bf55c146b758627e65666c2e54746
Zihin-Kontrol.pdf,Books/Books for Text_TR-20260529T163910Z-3-001/Books for Text_TR/Propaganda ve İkna/Zihin Kontrolu/Zihin-Kontrol.pdf,Zihin-Kontrol.txt,PDF,54,19659,159770,Başarılı,0d55b6fa1cc64c7897fc21390115d8d05cf159a96292bafc939434f8920f6d36
Gormenin-İktidarı-Giovanni-Sartori.pdf,Books/Books for Text_TR-20260529T163910Z-3-001/Books for Text_TR/Propaganda ve İkna/Gormenin-İktidarı-Giovanni-Sartori.pdf,Gormenin-İktidarı-Giovanni-Sartori.txt,PDF,165,33341,242653,Başarılı,b00dd0878d856093afde428edd80d000421b5e0803adde308ed987869f5d968f
100 AKP Gerçeği (Anonim) (z-lib.org).pdf,Books/Books for Text_TR-20260529T163910Z-3-001/Books for Text_TR/RTE/100 AKP Gerçeği (Anonim) (z-lib.org).pdf,100 AKP Gerçeği (Anonim) (z-lib.org).txt,PDF,14,5612,44948,Başarılı,f243d37982367116f6ca1ea8eef386abde4e1ab0655d9c40c5031251b273bd1d
Zihin-Kontrolu-Omer Ozkaya.pdf,Books/Books for Text_TR-20260529T163910Z-3-001/Books for Text_TR/Propaganda ve İkna/Zihin Kontrolu/Zihin-Kontrolu-Omer Ozkaya.pdf,Zihin-Kontrolu-Omer Ozkaya.txt,PDF,418,85601,672443,Başarılı,f47ddb4b38bac7e110bfa64be173b5e4b1d380d072f88690c10940cb6c59862a
Zihin-Okuma-Teknikleri-Stan-B-Walters.pdf,Books/Books for Text_TR-20260529T163910Z-3-001/Books for Text_TR/Propaganda ve İkna/Zihin Okuma/Zihin-Okuma-Teknikleri-Stan-B-Walters.pdf,Zihin-Okuma-Teknikleri-Stan-B-Walters.txt,PDF,214,42028,315080,Başarılı,babec3449f655d34d57fceb584487fb3815746270ff6941dc5c36c26f057f30f
A-dan-Z-ye-RECEPLAROUSSE.pdf,Books/Books for Text_TR-20260529T163910Z-3-001/Books for Text_TR/RTE/A-dan-Z-ye-RECEPLAROUSSE.pdf,A-dan-Z-ye-RECEPLAROUSSE.txt,PDF,216,57551,426624,Başarılı,4d6300b447ca1d708bb44e25e234d730ec099bc0c2cef7914b9ad3dfd86ce0c3
"AKPnin Önlenebilir Karşı-Devrimi (Timur, Taner) (z-lib.org).epub","Books/Books for Text_TR-20260529T163910Z-3-001/Books for Text_TR/RTE/AKPnin Önlenebilir Karşı-Devrimi (Timur, Taner) (z-lib.org).epub","AKPnin Önlenebilir Karşı-Devrimi (Timur, Taner) (z-lib.org).txt",EPUB,188,57919,438114,Başarılı,a9ec2a0ba7a712a60575fcd14faf5e61327d3b94af152276543cb97367ccb4d2
Merdan-Yanardağ-Bir-ABD-Projesi-Olarak-AKP.pdf,Books/Books for Text_TR-20260529T163910Z-3-001/Books for Text_TR/RTE/Merdan-Yanardağ-Bir-ABD-Projesi-Olarak-AKP.pdf,Merdan-Yanardağ-Bir-ABD-Projesi-Olarak-AKP.txt,PDF,151,28479,221134,Başarılı,df15308fbc2a8b8dd27ed90ba3ad4efcf1273adcc82360456bb082fdb4e97dda
Akıl-Okuma-Sanatı-Henrik-Fexeus.pdf,Books/Books for Text_TR-20260529T163910Z-3-001/Books for Text_TR/Propaganda ve İkna/Zihin Okuma/Akıl-Okuma-Sanatı-Henrik-Fexeus.pdf,Akıl-Okuma-Sanatı-Henrik-Fexeus.txt,PDF,301,49293,362344,Başarılı,0496f5ba4edf1e17dc18bcdaf3133aba74c51119d95658d89fec0f9da5a46deb
Zihin-Kontrolu-Silva-Metodu-Jose-Silva.pdf,Books/Books for Text_TR-20260529T163910Z-3-001/Books for Text_TR/Propaganda ve İkna/Zihin Kontrolu/Zihin-Kontrolu-Silva-Metodu-Jose-Silva.pdf,Zihin-Kontrolu-Silva-Metodu-Jose-Silva.txt,PDF,268,49659,371693,Başarılı,d6e836e6c6841ec0cd6b686430285cc704c7c43d4bdc3682b743b99a17bc91f9
Big-Boss-Mustafa-Hoş-PDFDrive.pdf,Books/Books for Text_TR-20260529T163910Z-3-001/Books for Text_TR/RTE/Big-Boss-Mustafa-Hoş-PDFDrive.pdf,Big-Boss-Mustafa-Hoş-PDFDrive.txt,PDF,267,52059,391747,Başarılı,5d8b6150552a4c6a2516dbdc877ca2d8f36af1fddf04557e0cbf650029d1ec9f
HDP - Darbe Komisyonu Raporu Muhalefet Şerhi.pdf,Books/Books for Text_TR-20260529T163910Z-3-001/Books for Text_TR/RTE_15 Temmuz/Meclis_15 Temmuz/HDP - Darbe Komisyonu Raporu Muhalefet Şerhi.pdf,HDP - Darbe Komisyonu Raporu Muhalefet Şerhi.txt,PDF,28,8833,72329,Başarılı,53b15ae59e44482d14aca807b69f12113461e273e3f0a4843defdd20ff7c9b7a
Darbe-Girisiminde-FETO-izleri.pdf,Books/Books for Text_TR-20260529T163910Z-3-001/Books for Text_TR/RTE_15 Temmuz/Darbe-Girisiminde-FETO-izleri.pdf,Darbe-Girisiminde-FETO-izleri.txt,PDF,157,41895,354075,Başarılı,be01730f7c681e6aed2f0288c80a8a4e28488b9082d9270e6281e43ad306f78a
Seta_15-temmuz--darbe-girisiminde-medya-pdf.pdf,Books/Books for Text_TR-20260529T163910Z-3-001/Books for Text_TR/RTE_15 Temmuz/Seta_15 Temmuz/Seta_15-temmuz--darbe-girisiminde-medya-pdf.pdf,Seta_15-temmuz--darbe-girisiminde-medya-pdf.txt,PDF,24,7988,59566,Başarılı,985b32365d39cc5e382df8e96d805afb86038f1c6bf8b3e67d7f4e7722d807d7
Guclu-Soru-Sorma-Sanatı.pdf,Books/Books for Text_TR-20260529T163910Z-3-001/Books for Text_TR/Propaganda ve İkna/Guclu-Soru-Sorma-Sanatı.pdf,Guclu-Soru-Sorma-Sanatı.txt,PDF,260,38585,280015,Başarılı,8b882d78e0c25b128a53bf5e7cbffcca32800c0bdb5c6c46656b35d22ba3f26e
Buyuk-Yalanlar-Joseph-Goebbels-cs.pdf,Books/Books for Text_TR-20260529T163910Z-3-001/Books for Text_TR/Propaganda ve İkna/Buyuk-Yalanlar-Joseph-Goebbels-cs.pdf,Buyuk-Yalanlar-Joseph-Goebbels-cs.txt,PDF,473,103095,765690,Başarılı,affcb1d408ce279e05bd4ada2995d66406835afad600e911d59ef87cf077cc94
Seta_Darbenin-Harekat-Plani-ve-Cuntacı-Terorle-Mucadele-PDF.pdf,Books/Books for Text_TR-20260529T163910Z-3-001/Books for Text_TR/RTE_15 Temmuz/Seta_15 Temmuz/Seta_Darbenin-Harekat-Plani-ve-Cuntacı-Terorle-Mucadele-PDF.pdf,Seta_Darbenin-Harekat-Plani-ve-Cuntacı-Terorle-Mucadele-PDF.txt,PDF,22,7281,53503,Başarılı,74032b44176c72255b713023f4ec102ba980e3c62d86c31dac02c0600b8328ac
Seta_15 Temmuz iddianameleri.pdf,Books/Books for Text_TR-20260529T163910Z-3-001/Books for Text_TR/RTE_15 Temmuz/Seta_15 Temmuz/Seta_15 Temmuz iddianameleri.pdf,Seta_15 Temmuz iddianameleri.txt,PDF,66,19978,143323,Başarılı,caed438a3e32a37837c128ccb6cbbd8c2a86cd526c2e7771101dad508128243e
darbeler-dosyasi-feto-darbe-girisiminin-askeri-analizi-f27c9078-1df8-456c-89be-69d8fe8daf74.pdf,Books/Books for Text_TR-20260529T163910Z-3-001/Books for Text_TR/RTE_15 Temmuz/darbeler-dosyasi-feto-darbe-girisiminin-askeri-analizi-f27c9078-1df8-456c-89be-69d8fe8daf74.pdf,darbeler-dosyasi-feto-darbe-girisiminin-askeri-analizi-f27c9078-1df8-456c-89be-69d8fe8daf74.txt,PDF,28,8445,68562,Başarılı,152ab5d3135df0890edf02eb6a945bcc91fc516213658eb829f98c8e3158022a
Seta_15-temmuz-darbe1.pdf,Books/Books for Text_TR-20260529T163910Z-3-001/Books for Text_TR/RTE_15 Temmuz/Seta_15 Temmuz/Seta_15-temmuz-darbe1.pdf,Seta_15-temmuz-darbe1.txt,PDF,82,23655,170958,Başarılı,64f805be9ba1ee039274f16abef4fdc9692cadf5b21c2a5f8ed3b46bdc1ee44f
feto_darbe_girisimi.pdf,Books/Books for Text_TR-20260529T163910Z-3-001/Books for Text_TR/RTE_15 Temmuz/feto_darbe_girisimi.pdf,feto_darbe_girisimi.txt,PDF,102,8771,68922,Başarılı,718fb5adf61c6d29927a272db6255c728df830f5327865cd36b693e81efa7cf8
Yalanın-Siyaseti-Yalın-Alpay.pdf,Books/Books for Text_TR-20260529T163910Z-3-001/Books for Text_TR/Propaganda ve İkna/Yalanın-Siyaseti-Yalın-Alpay.pdf,Yalanın-Siyaseti-Yalın-Alpay.txt,PDF,184,36027,272982,Başarılı,cef55a5012a06c09aa01fa2e23a3ade56a1162ce7c7d88a62187de03ef39eb0e
Farabi-İdeal-Devlet-pdf.pdf,Books/Books for Text_TR-20260529T163910Z-3-001/Books for Text_TR/Siyaset/Farabi-İdeal-Devlet-pdf.pdf,Farabi-İdeal-Devlet-pdf.txt,PDF,124,23761,168915,Başarılı,c48e144b9b9b8e393e9e89f16fbb2e556f80bca01d8d0fb7441193e8d6aff7ec
CHP_darbe_raporu_chp_2017.pdf,Books/Books for Text_TR-20260529T163910Z-3-001/Books for Text_TR/RTE_15 Temmuz/Meclis_15 Temmuz/CHP_darbe_raporu_chp_2017.pdf,CHP_darbe_raporu_chp_2017.txt,PDF,402,110300,894236,Başarılı,f59959d5a914740a8e105b407d715f4c01c6acef518824262b1c80ae64b9a140
Dunya-Avrupa-ve-Turkiye-de-Sivil-Ağlar-Rehberi.pdf,Books/Books for Text_TR-20260529T163910Z-3-001/Books for Text_TR/Sivil Toplum/Dunya-Avrupa-ve-Turkiye-de-Sivil-Ağlar-Rehberi.pdf,Dunya-Avrupa-ve-Turkiye-de-Sivil-Ağlar-Rehberi.txt,PDF,188,76151,551507,Başarılı,67e2e4c702ae7665c04b17293f3baf6910013b6ff36df8647a208c3ccd47f532
İnsan-Hakları-Jacques-Mourgeon.pdf,Books/Books for Text_TR-20260529T163910Z-3-001/Books for Text_TR/Sivil Toplum/İnsan-Hakları-Jacques-Mourgeon.pdf,İnsan-Hakları-Jacques-Mourgeon.txt,PDF,131,28661,214284,Başarılı,7daf7aa062f06e0a0c6600722bb4d9e466c516d7b6f829c84fb59b8873802bf2
Buyuk-Medeniyet-Savasi-Robert-Fisk.pdf,Books/Books for Text_TR-20260529T163910Z-3-001/Books for Text_TR/ODogu/Buyuk-Medeniyet-Savasi-Robert-Fisk.pdf,Buyuk-Medeniyet-Savasi-Robert-Fisk.txt,PDF,1153,460554,3599232,Başarılı,cda63728a5a5e0ec79daf3d9a39969bb56170d832eac0aeda6a23b9f53514582
Kamu-Vicdanına-Cağrı-Sivil-itaatsizlik.pdf,Books/Books for Text_TR-20260529T163910Z-3-001/Books for Text_TR/Sivil Toplum/Kamu-Vicdanına-Cağrı-Sivil-itaatsizlik.pdf,Kamu-Vicdanına-Cağrı-Sivil-itaatsizlik.txt,PDF,221,62059,474637,Başarılı,9984fa72f9f31661c3c09304de40e1b09e146b86ef6398e9e3a32f6674e19e7e
Refah-Devletinin-Yukselişi-ve-Duşuşu-Asbjorn-Wahl.pdf,Books/Books for Text_TR-20260529T163910Z-3-001/Books for Text_TR/Siyaset/Refah-Devletinin-Yukselişi-ve-Duşuşu-Asbjorn-Wahl.pdf,Refah-Devletinin-Yukselişi-ve-Duşuşu-Asbjorn-Wahl.txt,PDF,283,76891,582938,Başarılı,64da87473a996e98dc61a249a4c5ec2b692897f96fdc1e172ecaae4ecef54b25
Siyaset-Bilimi-Atilla-Yayla.pdf,Books/Books for Text_TR-20260529T163910Z-3-001/Books for Text_TR/Siyaset/Siyaset-Bilimi-Atilla-Yayla.pdf,Siyaset-Bilimi-Atilla-Yayla.txt,PDF,68,23177,118775,Başarılı,3720604da17a7b828439caae1f34a801f579e6634059b699328ebc1f85730090
Sosyalizm-ve-İnsan-Ruhu-Oscar-Wilde.pdf,Books/Books for Text_TR-20260529T163910Z-3-001/Books for Text_TR/Siyaset/Sosyalizm-ve-İnsan-Ruhu-Oscar-Wilde.pdf,Sosyalizm-ve-İnsan-Ruhu-Oscar-Wilde.txt,PDF,68,11538,83460,Başarılı,77b1dd8e2435d09c00148b5c848c6c7b46eb8c4951a0a52025c226ed58fcd353
TBMM 15 Temmuz Raporu.pdf,Books/Books for Text_TR-20260529T163910Z-3-001/Books for Text_TR/RTE_15 Temmuz/Meclis_15 Temmuz/TBMM 15 Temmuz Raporu.pdf,TBMM 15 Temmuz Raporu.txt,PDF,653,204112,1677797,Başarılı,f3a3c830b495c9e04b29d948620318dc5d00d207b978200cf2a342ad9985b891
Sivil-Toplum-Orgutleri-İcin-Kampanya-Hazırlama-Rehberi.pdf,Books/Books for Text_TR-20260529T163910Z-3-001/Books for Text_TR/Sivil Toplum/Sivil-Toplum-Orgutleri-İcin-Kampanya-Hazırlama-Rehberi.pdf,Sivil-Toplum-Orgutleri-İcin-Kampanya-Hazırlama-Rehberi.txt,PDF,204,68679,539545,Başarılı,a655797fa0d1475089963fbda769169e12279f946764a9c2c64f2237bd9a159b
Politika-Bilimine-Giriş.pdf,Books/Books for Text_TR-20260529T163910Z-3-001/Books for Text_TR/Siyaset/Politika-Bilimine-Giriş.pdf,Politika-Bilimine-Giriş.txt,PDF,248,51499,403928,Başarılı,b366392072a213c839abfe17b29f9acc06c5d4d5fef20e45299840e356fa4b11
Yeni-Kapitalizmin-Kulturu-Richard-Sennett.pdf,Books/Books for Text_TR-20260529T163910Z-3-001/Books for Text_TR/Siyaset/Yeni-Kapitalizmin-Kulturu-Richard-Sennett.pdf,Yeni-Kapitalizmin-Kulturu-Richard-Sennett.txt,PDF,136,37170,267509,Başarılı,57ecf51505195cf924252a6ab8025469fd0e334a2b82c3e959b2ea638bf5e191
Tapınak-Sovalyeleri-ve-No-ro-Mesih-Ramazan-Kurtoglu.pdf,Books/Books for Text_TR-20260529T163910Z-3-001/Books for Text_TR/Duvar_TR/Tpn Şövy/Tapınak-Sovalyeleri-ve-No-ro-Mesih-Ramazan-Kurtoglu.pdf,Tapınak-Sovalyeleri-ve-No-ro-Mesih-Ramazan-Kurtoglu.txt,PDF,496,116169,882602,Başarılı,fff82253ac47cc5ec4e62862221a3be2558c27584c99ebb5728a441427f723bc
"Aldatma sanatı  Güvenliğin insan boyutunun kullanılması (Kevin D. Mitnick, William L. Simon) (z-lib.org).pdf","Books/Books for Text_TR-20260529T163910Z-3-001/Books for Text_TR/Strateji/Aldatma sanatı  Güvenliğin insan boyutunun kullanılması (Kevin D. Mitnick, William L. Simon) (z-lib.org).pdf","Aldatma sanatı Güvenliğin insan boyutunun kullanılması (Kevin D. Mitnick, William L. Simon) (z-lib.org).txt",PDF,286,90273,686978,Başarılı,c263167e08a1da53a9775dcd2ee97b12edbdb9680398583e4642672cc27608b6
Prens-niccolo-machiavelli.pdf,Books/Books for Text_TR-20260529T163910Z-3-001/Books for Text_TR/Strateji/Prens-niccolo-machiavelli.pdf,Prens-niccolo-machiavelli.txt,PDF,143,35203,245528,Başarılı,609aa59d30a18facebc1e279e1fc5ced5da2c2df0b3baa725982380a75bb2981
Lev-Tolstoy-Savas-ve-Askerlik-Uzerine.pdf,Books/Books for Text_TR-20260529T163910Z-3-001/Books for Text_TR/Strateji/Lev-Tolstoy-Savas-ve-Askerlik-Uzerine.pdf,Lev-Tolstoy-Savas-ve-Askerlik-Uzerine.txt,PDF,116,21719,158083,Başarılı,bdd244c9afc484c22f497d7f3816ce1a0116eea6b524d52d4dac6c6bfa1cb851
Siyaset-Andrew-Heywood.pdf,Books/Books for Text_TR-20260529T163910Z-3-001/Books for Text_TR/Siyaset/Siyaset-Andrew-Heywood.pdf,Siyaset-Andrew-Heywood.txt,PDF,581,210806,1658431,Başarılı,70d6703f982ada7fe4a6b2c2a5cc510440e9ad39374e93e5d2f335c279111759
Hileler Kitabı-Rene R. Khawam.pdf,Books/Books for Text_TR-20260529T163910Z-3-001/Books for Text_TR/Strateji/Hileler Kitabı-Rene R. Khawam.pdf,Hileler Kitabı-Rene R. Khawam.txt,PDF,405,98157,699896,Başarılı,0e2709def3624b5fae097a2524be6b929f71d9390788ad3d569d641c6b686826
Savaş Sanatı - Sun Tzu.pdf,Books/Books for Text_TR-20260529T163910Z-3-001/Books for Text_TR/Strateji/Savaş Sanatı - Sun Tzu.pdf,Savaş Sanatı - Sun Tzu.txt,PDF,284,39130,302408,Başarılı,820937896312fe62638a728b7117e424500410db5af7214ac36619a05a65df55
Asimetrik-Savaş.pdf,Books/Books for Text_TR-20260529T163910Z-3-001/Books for Text_TR/Strateji/Asimetrik-Savaş.pdf,Asimetrik-Savaş.txt,PDF,366,82354,629881,Başarılı,fbb728938a92f27ade04737a6c0d0bccb710a342a62f6bac6673dc5782e2fe40
Siyaset-Teorisine-Giriş-Andrew-Heywood.pdf,Books/Books for Text_TR-20260529T163910Z-3-001/Books for Text_TR/Siyaset/Siyaset-Teorisine-Giriş-Andrew-Heywood.pdf,Siyaset-Teorisine-Giriş-Andrew-Heywood.txt,PDF,474,136782,1045733,Başarılı,568be2f51a327bdb8e7779b7ea0e6079f4ce8d101e433cf8c48d5eab7056e9b2
Diyanet_feto_kendi_dilinden_din_istismari_2017.pdf,Books/Books for Text_TR-20260529T163910Z-3-001/Books for Text_TR/RTE_15 Temmuz/Diyanet_feto_kendi_dilinden_din_istismari_2017.pdf,Diyanet_feto_kendi_dilinden_din_istismari_2017.txt,PDF,140,34737,260037,Başarılı,fc84af0cca6fd0747a1f60e20e24846e3ff4ba56c4ce51a640aeb59729882b4b
Savaş-Sanatı-Sun-Tzu-Osman-Pamukoğlu.pdf,Books/Books for Text_TR-20260529T163910Z-3-001/Books for Text_TR/Strateji/Savaş-Sanatı-Sun-Tzu-Osman-Pamukoğlu.pdf,Savaş-Sanatı-Sun-Tzu-Osman-Pamukoğlu.txt,PDF,208,23131,167571,Başarılı,866277fc19b768df7038a8d9becf38a9e3a08f789796a7901b5321040f381189
Komplo-Teorileri-Mutercimler Erol.pdf,Books/Books for Text_TR-20260529T163910Z-3-001/Books for Text_TR/Strateji/Komplo-Teorileri-Mutercimler Erol.pdf,Komplo-Teorileri-Mutercimler Erol.txt,PDF,467,126930,980931,Başarılı,b3c85ebbd749c04914b673ef78c2fda7c351995824e5bc515d1881890172b006
Erol-Mutercimler-Gelecegi-Yonetmek.pdf,Books/Books for Text_TR-20260529T163910Z-3-001/Books for Text_TR/Strateji/Erol-Mutercimler-Gelecegi-Yonetmek.pdf,Erol-Mutercimler-Gelecegi-Yonetmek.txt,PDF,763,190085,1463466,Başarılı,ef2702c81b6b396643af8a367a0b1046026759741d605c794fa75b57aa8841ed
Siyaset-Bilimi-Gokhan-Atılgan-E-Attila-Aytekin.pdf,Books/Books for Text_TR-20260529T163910Z-3-001/Books for Text_TR/Siyaset/Siyaset-Bilimi-Gokhan-Atılgan-E-Attila-Aytekin.pdf,Siyaset-Bilimi-Gokhan-Atılgan-E-Attila-Aytekin.txt,PDF,591,185127,1482506,Başarılı,8e7a2105c4b86e288cbd6ca1becc5cfda89ee27a3c950282d7d182ed2623aab3
Savaş-Uzerine-Carl-Von-Clausewitz-pdf.pdf,Books/Books for Text_TR-20260529T163910Z-3-001/Books for Text_TR/Strateji/Savaş-Uzerine-Carl-Von-Clausewitz-pdf.pdf,Savaş-Uzerine-Carl-Von-Clausewitz-pdf.txt,PDF,173,67838,512120,Başarılı,91ccc5d83fb2371e6cfceed6e5a3dc7ea51f90fc38d6a6949736de017cf78e32
Savaş-Hileleri-Strategemler-3-Harro-Von-Senger.pdf,Books/Books for Text_TR-20260529T163910Z-3-001/Books for Text_TR/Strateji/Savaş-Hileleri-Strategemler-3-Harro-Von-Senger.pdf,Savaş-Hileleri-Strategemler-3-Harro-Von-Senger.txt,PDF,362,100426,744761,Başarılı,9ec92e538081005597fd6f6bd9566fd2f6ab3237fb10a9b9245f4e7069e91aef
Bolşevik-Devrimi-1.pdf,Books/Books for Text_TR-20260529T163910Z-3-001/Books for Text_TR/Tarih/Bolşevik-Devrimi-1.pdf,Bolşevik-Devrimi-1.txt,PDF,395,142256,1066111,Başarılı,d619dca162230c94cf9a376f4a15aa676f07419a7f0e7b0c3538f13ea4d12738
Savaş-Hileleri-Strategemler-2-Harro-Von-Senger.pdf,Books/Books for Text_TR-20260529T163910Z-3-001/Books for Text_TR/Strateji/Savaş-Hileleri-Strategemler-2-Harro-Von-Senger.pdf,Savaş-Hileleri-Strategemler-2-Harro-Von-Senger.txt,PDF,546,153712,1133365,Başarılı,46d9295b21eb05cee3616afacf9fbb331b7459f6f605f7990f0a0b98ae9c55f2
Halil-İnalcık-Turkluk-Muslumanlık-ve-Osmanlı-Mirası.pdf,Books/Books for Text_TR-20260529T163910Z-3-001/Books for Text_TR/Tarih/Halil İnalcık/Halil-İnalcık-Turkluk-Muslumanlık-ve-Osmanlı-Mirası.pdf,Halil-İnalcık-Turkluk-Muslumanlık-ve-Osmanlı-Mirası.txt,PDF,341,84451,632685,Başarılı,bf06d2881d4b4f4e30507c96e89cead79262a6a1287583c6f16978494e651d1d
Halil-Inalcik-Devlet-i-Aliyye-2.pdf,Books/Books for Text_TR-20260529T163910Z-3-001/Books for Text_TR/Tarih/Halil İnalcık/Halil-Inalcik-Devlet-i-Aliyye-2.pdf,Halil-Inalcik-Devlet-i-Aliyye-2.txt,PDF,367,105652,814581,Başarılı,feb446dfafe8a3f4c1a513c16d071ed79fc32adabec835fbbc1fd804b83700ea
Halil-İnalcık-Osmanlı-Klasik-Cağ-1300-1600.pdf,Books/Books for Text_TR-20260529T163910Z-3-001/Books for Text_TR/Tarih/Halil İnalcık/Halil-İnalcık-Osmanlı-Klasik-Cağ-1300-1600.pdf,Halil-İnalcık-Osmanlı-Klasik-Cağ-1300-1600.txt,PDF,290,90003,656817,Başarılı,1675feaeb67abc4b409b454c392fe368a9f06e22b08dd4223dd5d38963c5ec76
Karşılaştırmalı-Devrimler-Tarihi.pdf,Books/Books for Text_TR-20260529T163910Z-3-001/Books for Text_TR/Tarih/Karşılaştırmalı-Devrimler-Tarihi.pdf,Karşılaştırmalı-Devrimler-Tarihi.txt,PDF,286,89491,693801,Başarılı,aa77de2382d5acc187854cafc9deeceaf952230155d25333647a5eb6a1c90bea
Halil-İnalcık-Osmanlı-Tarihinde-Efsaneler-Ve-Gercekler.pdf,Books/Books for Text_TR-20260529T163910Z-3-001/Books for Text_TR/Tarih/Halil İnalcık/Halil-İnalcık-Osmanlı-Tarihinde-Efsaneler-Ve-Gercekler.pdf,Halil-İnalcık-Osmanlı-Tarihinde-Efsaneler-Ve-Gercekler.txt,PDF,199,64487,490621,Başarılı,f2fc54205c913fdd6939893695ba16e849bb9fab9dd6c49abcc4f9cafb81ef10
Savaş-Sanatı-Tarihi-John-Keegan.pdf,Books/Books for Text_TR-20260529T163910Z-3-001/Books for Text_TR/Strateji/Savaş-Sanatı-Tarihi-John-Keegan.pdf,Savaş-Sanatı-Tarihi-John-Keegan.txt,PDF,623,129448,969461,Başarılı,e70b372e418db641bc36c401d0de409878b1b8580f81ab747a7cb80e84102533
Abd-Anayasasi.pdf,Books/Books for Text_TR-20260529T163910Z-3-001/Books for Text_TR/Us/Abd-Anayasasi.pdf,Abd-Anayasasi.txt,PDF,93,21459,168366,Başarılı,601df5481679c0d0c141463c8f944c2fce3d9074fd6f505bd47962240cf364df
Halil-inalcik-Ronesans-Avrupasi.pdf,Books/Books for Text_TR-20260529T163910Z-3-001/Books for Text_TR/Tarih/Halil İnalcık/Halil-inalcik-Ronesans-Avrupasi.pdf,Halil-inalcik-Ronesans-Avrupasi.txt,PDF,420,101048,702669,Başarılı,2d8de21b2701fc4a596b4353fbe652c746c429a9f9459facc0527994b9389d2e
İlber-Ortaylı-Turkiye-nin-Yakın-Tarihi.pdf,Books/Books for Text_TR-20260529T163910Z-3-001/Books for Text_TR/Tarih/İlber-Ortaylı-Turkiye-nin-Yakın-Tarihi.pdf,İlber-Ortaylı-Turkiye-nin-Yakın-Tarihi.txt,PDF,165,36812,285132,Başarılı,14d65a97dca196137fdcfb0d3851635edfcb08cbb82a3bfb4a8a7633954a83a2
Turk-Siyasi-Tarihi-Kemal-H-Karpat.pdf,Books/Books for Text_TR-20260529T163910Z-3-001/Books for Text_TR/Tarih/Turk-Siyasi-Tarihi-Kemal-H-Karpat.pdf,Turk-Siyasi-Tarihi-Kemal-H-Karpat.txt,PDF,357,94073,740174,Başarılı,cdfa72844ff95901a1db824bef387e421acb5d3a620c0a5aabca26e257e7aba7
Fahir-Armaoglu-20-Yy-siyasi-Tarihi.pdf,Books/Books for Text_TR-20260529T163910Z-3-001/Books for Text_TR/Tarih/Fahir-Armaoglu-20-Yy-siyasi-Tarihi.pdf,Fahir-Armaoglu-20-Yy-siyasi-Tarihi.txt,PDF,1138,237355,1875930,Başarılı,15a19a69778a4a19f463cb64dd81e9999d3edd7a04d9c028733fa72e3d215b04
Amerikan-Anayasası-Ne-Kadar-Demokratik-Robert-A-Dahl.pdf,Books/Books for Text_TR-20260529T163910Z-3-001/Books for Text_TR/Us/Amerikan-Anayasası-Ne-Kadar-Demokratik-Robert-A-Dahl.pdf,Amerikan-Anayasası-Ne-Kadar-Demokratik-Robert-A-Dahl.txt,PDF,169,41896,303117,Başarılı,3dcddd4d4be28ab15d192c76d26e9b796bfb55a57f049705d918de7001b7fdc7
Strateji-Lawrence Freedman.pdf,Books/Books for Text_TR-20260529T163910Z-3-001/Books for Text_TR/Strateji/Strateji-Lawrence Freedman.pdf,Strateji-Lawrence Freedman.txt,PDF,1097,275528,2030305,Başarılı,ab5db50caf3bfe1a863a0a2afc424b37ecadb5fb194bba5fc85f4b5783d21c7c
Yavuz-Bulent-Bakiler-Turkistan-Turkistan.pdf,Books/Books for Text_TR-20260529T163910Z-3-001/Books for Text_TR/Tarih/Yavuz-Bulent-Bakiler-Turkistan-Turkistan.pdf,Yavuz-Bulent-Bakiler-Turkistan-Turkistan.txt,PDF,309,54081,404704,Başarılı,40294320106dbfa6343a499b52a1cc2c0941bafa92f3166656cb98fba273a21f
GARAUDY-Amerikan-Efsanesi.pdf,Books/Books for Text_TR-20260529T163910Z-3-001/Books for Text_TR/Us/GARAUDY-Amerikan-Efsanesi.pdf,GARAUDY-Amerikan-Efsanesi.txt,PDF,96,25682,203102,Başarılı,a68eea6c3fa02229cf350cac659cad0cafe6b21fe311e41d4d9e26d1973ec9db
Maxime-Lefebvre-Amerikan-Dış-Politikası.pdf,Books/Books for Text_TR-20260529T163910Z-3-001/Books for Text_TR/Us/Maxime-Lefebvre-Amerikan-Dış-Politikası.pdf,Maxime-Lefebvre-Amerikan-Dış-Politikası.txt,PDF,133,25149,194834,Başarılı,a623915f478a9ea9f7e6eaffa5bb765d35322580cbbeae4128671306bda4e699
Kazım-Karabekir-İttihat-ve-Terakki-Cemiyeti-pdf.pdf,Books/Books for Text_TR-20260529T163910Z-3-001/Books for Text_TR/Tarih/Kazım-Karabekir-İttihat-ve-Terakki-Cemiyeti-pdf.pdf,Kazım-Karabekir-İttihat-ve-Terakki-Cemiyeti-pdf.txt,PDF,349,111034,792920,Başarılı,6df9cc8c9cd2f3218bd5b86426d74066770341fb77b757bdc3a511eef023f4e4
Modern Dünya Tarihi-William Woodruff.pdf,Books/Books for Text_TR-20260529T163910Z-3-001/Books for Text_TR/Tarih/Modern Dünya Tarihi-William Woodruff.pdf,Modern Dünya Tarihi-William Woodruff.txt,PDF,530,134102,977053,Başarılı,ac6701b4985989d1372774585cf4a0bfa06fe7b87b9bc048887add856c5fa196
Yeni-Emperyalizm-David-Harvey.pdf,Books/Books for Text_TR-20260529T163910Z-3-001/Books for Text_TR/Us/Yeni-Emperyalizm-David-Harvey.pdf,Yeni-Emperyalizm-David-Harvey.txt,PDF,193,55427,402224,Başarılı,2a0486faa211c5afb77d436c4658f796cfce1b33173b36454504da22376aa13b
îttihad ve Terakki Cemiyeti ve Jön Türkler.pdf,Books/Books for Text_TR-20260529T163910Z-3-001/Books for Text_TR/Tarih/îttihad ve Terakki Cemiyeti ve Jön Türkler.pdf,îttihad ve Terakki Cemiyeti ve Jön Türkler.txt,PDF,678,128258,952187,Başarılı,9267d63207cbd2d5b7458b27e95715da3cbad37a31d6bdcab62709d66b7cc8d3
21-Yuzyılda-Din-Jeopolitik-Ve-Postmodernitenin-Krizi-İletişim-Yayınları-2008.pdf,Books/Books for Text_TR-20260529T163910Z-3-001/Books for Text_TR/World Politics/21-Yuzyılda-Din-Jeopolitik-Ve-Postmodernitenin-Krizi-İletişim-Yayınları-2008.pdf,21-Yuzyılda-Din-Jeopolitik-Ve-Postmodernitenin-Krizi-İletişim-Yayınları-2008.txt,PDF,248,59779,449933,Başarılı,5e359445236da0ccc7606bec82d41877a40869896c168ac6fc6de59848968cd9
Buyuk-Cokuş-Zbigniew-Brzezinski.pdf,Books/Books for Text_TR-20260529T163910Z-3-001/Books for Text_TR/World Politics/Buyuk-Cokuş-Zbigniew-Brzezinski.pdf,Buyuk-Cokuş-Zbigniew-Brzezinski.txt,PDF,320,67085,527833,Başarılı,782e488198ae0c10a13aefb67d194c78f3cf8a204f463917581a80f66d76d59a
Amerikan-Gizli-Hukumeti-Antony-C-Sutton.pdf,Books/Books for Text_TR-20260529T163910Z-3-001/Books for Text_TR/Us/Amerikan-Gizli-Hukumeti-Antony-C-Sutton.pdf,Amerikan-Gizli-Hukumeti-Antony-C-Sutton.txt,PDF,357,75490,502142,Başarılı,fe9726b979aca5f6e9de1b5619a913f5ec93d920f2aa013a24c032b7b3c67a41
imparatorluktan-Sonra.pdf,Books/Books for Text_TR-20260529T163910Z-3-001/Books for Text_TR/Us/imparatorluktan-Sonra.pdf,imparatorluktan-Sonra.txt,PDF,184,50081,389234,Başarılı,16a80a1c58a650ee9ed22f6bfe06278d0d4a5021a50075d94f86b9691c98203d
İdeolojinin-Sonu-Danıel-Bell.pdf,Books/Books for Text_TR-20260529T163910Z-3-001/Books for Text_TR/Us/İdeolojinin-Sonu-Danıel-Bell.pdf,İdeolojinin-Sonu-Danıel-Bell.txt,PDF,533,158504,1216250,Başarılı,8993612c526f86176ee7d4189497f122c3da0e5f5438673a3e2a1e496cc6913c
Aydoğan Vatandaş-Türkiye-İsrail Gizli Savaşı-Armagedon.pdf,Books/Books for Text_TR-20260529T163910Z-3-001/Books for Text_TR/Yazarlar-Tr/Aydoğan Vatandaş-Türkiye-İsrail Gizli Savaşı-Armagedon.pdf,Aydoğan Vatandaş-Türkiye-İsrail Gizli Savaşı-Armagedon.txt,PDF,71,26758,208631,Başarılı,10e40a99dc1d65b2d10b7216b1025404b1df4303c54d96b1149eb76c9cdc76d7
Kazım-Karabekir-Gunlukler.pdf,Books/Books for Text_TR-20260529T163910Z-3-001/Books for Text_TR/Tarih/Kazım-Karabekir-Gunlukler.pdf,Kazım-Karabekir-Gunlukler.txt,PDF,1417,333806,2395911,Başarılı,eaecd22f8f821563fe265d696ebbc7d81ac431646d09877e74b514ff7330fe11
Haydut-Devlet-William-Blum.pdf,Books/Books for Text_TR-20260529T163910Z-3-001/Books for Text_TR/Us/Haydut-Devlet-William-Blum.pdf,Haydut-Devlet-William-Blum.txt,PDF,350,90548,664972,Başarılı,a1447ea3851cb750fb373ece6bf1d0d215117a8a8cf6b624e1ed55b8f891a8dd
Henry-Kissinger-Dunya-Duzeni.pdf,Books/Books for Text_TR-20260529T163910Z-3-001/Books for Text_TR/World Politics/Henry-Kissinger-Dunya-Duzeni.pdf,Henry-Kissinger-Dunya-Duzeni.txt,PDF,442,107690,826789,Başarılı,9c16805deda76169fcb70b8c191e232506126f6bb817393b636f20d2494b10da
Amerika-da-Demokrasi-Alexis-de-Tocqueville.pdf,Books/Books for Text_TR-20260529T163910Z-3-001/Books for Text_TR/Us/Amerika-da-Demokrasi-Alexis-de-Tocqueville.pdf,Amerika-da-Demokrasi-Alexis-de-Tocqueville.txt,PDF,785,250988,1894705,Başarılı,a2834b28882e3071b0f284082f8b61d7f8de0fba4e5326dfceced869a857b29c
Banu-Avar-Zemberek.pdf,Books/Books for Text_TR-20260529T163910Z-3-001/Books for Text_TR/Yazarlar-Tr/Banu-Avar-Zemberek.pdf,Banu-Avar-Zemberek.txt,PDF,167,22665,184154,Başarılı,0617028501fb83c60324151d901c10b47b8655c01ec655fb12a9c22c12606b7f
Siyasal-İslamın-İflası-Olivier Roy.pdf,Books/Books for Text_TR-20260529T163910Z-3-001/Books for Text_TR/World Politics/Siyasal-İslamın-İflası-Olivier Roy.pdf,Siyasal-İslamın-İflası-Olivier Roy.txt,PDF,269,67233,508470,Başarılı,53a5c282ed38a7d971b3afab55d6cc43e66e0c21dbb2cb13789ee308806b669a
Henry-Kissinger-Kriz-.pdf,Books/Books for Text_TR-20260529T163910Z-3-001/Books for Text_TR/World Politics/Henry-Kissinger-Kriz-.pdf,Henry-Kissinger-Kriz-.txt,PDF,504,129416,923395,Başarılı,160cb26c0a13fddbf617778bb02ca803382b54c5bfdc2281ad4acf811015093e
Emre Kongar-ABD-nin-Siyasal-İslam`la-Dansı.pdf,Books/Books for Text_TR-20260529T163910Z-3-001/Books for Text_TR/Yazarlar-Tr/Emre Kongar-ABD-nin-Siyasal-İslam`la-Dansı.pdf,Emre Kongar-ABD-nin-Siyasal-İslam`la-Dansı.txt,PDF,226,0,0,Görsel / Taranmış (0 Kelime),cc7a818f637aa09382ee0ba22cc55b2ab183765c03150daefc59fdc1fc45d91e
Fatih-Oktay-Cin-Ve-Dunyanın-Geleceği-Yeni-Buyuk-Guc-Ve-Ticaret.pdf,Books/Books for Text_TR-20260529T163910Z-3-001/Books for Text_TR/World Politics/Fatih-Oktay-Cin-Ve-Dunyanın-Geleceği-Yeni-Buyuk-Guc-Ve-Ticaret.pdf,Fatih-Oktay-Cin-Ve-Dunyanın-Geleceği-Yeni-Buyuk-Guc-Ve-Ticaret.txt,PDF,294,58502,439212,Başarılı,35f12cc6bd95c8a7365398e975485dbb70dec3f4d0a6856666c12a056f9a4e8e
Cevheri-Guven-Bal-Tuzagi-2013.pdf,Books/Books for Text_TR-20260529T163910Z-3-001/Books for Text_TR/Yazarlar-Tr/Cevheri-Guven-Bal-Tuzagi-2013.pdf,Cevheri-Guven-Bal-Tuzagi-2013.txt,PDF,282,60694,468179,Başarılı,d3f2f9bbaac56624081f873674d7c15238fe683cab33867225f4a03b65577a68
"Cemaatin İflası (Hanefi Avcı [Avcı, Hanefi]) (z-lib.org).epub","Books/Books for Text_TR-20260529T163910Z-3-001/Books for Text_TR/Yazarlar-Tr/Hanefi Avcı/Cemaatin İflası (Hanefi Avcı [Avcı, Hanefi]) (z-lib.org).epub","Cemaatin İflası (Hanefi Avcı [Avcı, Hanefi]) (z-lib.org).txt",EPUB,271,67717,525092,Başarılı,a428cf099df9cb1c13af8c7ee9337df9143e3d234705ba427feaec4916a07a93
Umit Ozdag-Stratejik Goc.pdf,Books/Books for Text_TR-20260529T163910Z-3-001/Books for Text_TR/Yazarlar-Tr/Umit Ozdag-Stratejik Goc.pdf,Umit Ozdag-Stratejik Goc.txt,PDF,143,23912,184012,Başarılı,a1ba825ee56a34bc1db9142e48694030ba945929067765660cc880bced10a256
Ugur-Mumcu-Sakincali-Piyade.pdf,Books/Books for Text_TR-20260529T163910Z-3-001/Books for Text_TR/Yazarlar-Tr/Uğur Mumcu/Ugur-Mumcu-Sakincali-Piyade.pdf,Ugur-Mumcu-Sakincali-Piyade.txt,PDF,65,23466,178382,Başarılı,83f978d79391781a676388bc6e5e0eda7210afe6d67e64fc8f83407848d8fa86
Uğur-Mumcu-Dersim.pdf,Books/Books for Text_TR-20260529T163910Z-3-001/Books for Text_TR/Yazarlar-Tr/Uğur Mumcu/Uğur-Mumcu-Dersim.pdf,Uğur-Mumcu-Dersim.txt,PDF,42,10172,80186,Başarılı,2ce7ec70669ef8dcc31848478b536b7b5c42b4c35d00997794d2ce25d4d1801d
Uğur-Mumcu-Kürt-İslam Ayaklanmasi (1919-1925) (Ugur Mumcu).pdf,Books/Books for Text_TR-20260529T163910Z-3-001/Books for Text_TR/Yazarlar-Tr/Uğur Mumcu/Uğur-Mumcu-Kürt-İslam Ayaklanmasi (1919-1925) (Ugur Mumcu).pdf,Uğur-Mumcu-Kürt-İslam Ayaklanmasi (1919-1925) (Ugur Mumcu).txt,PDF,126,58711,440895,Başarılı,809e47badcb26663e3313dd0737d73b70d5c70227d21d10f42895feb61df1dd7
"Haliçte Yaşayan Simonlar (Hanefi Avcı [Avcı, Hanefi]) (z-lib.org).epub","Books/Books for Text_TR-20260529T163910Z-3-001/Books for Text_TR/Yazarlar-Tr/Hanefi Avcı/Haliçte Yaşayan Simonlar (Hanefi Avcı [Avcı, Hanefi]) (z-lib.org).epub","Haliçte Yaşayan Simonlar (Hanefi Avcı [Avcı, Hanefi]) (z-lib.org).txt",EPUB,493,148475,1139142,Başarılı,b77f0dc141e794bbf1544d36dcbf56e06d82ff8a64be471f7eca7be9c133f34e
Uluslarin-Dususu-James-A.-Robinson-Daron-Acemoglu.pdf,Books/Books for Text_TR-20260529T163910Z-3-001/Books for Text_TR/World Politics/Uluslarin-Dususu-James-A.-Robinson-Daron-Acemoglu.pdf,Uluslarin-Dususu-James-A.-Robinson-Daron-Acemoglu.txt,PDF,364,139362,1083195,Başarılı,5364d845d8f44af65dc16b2e42c82a6d691bd1d6b6224861831537d84a803752
Ugur-Mumcu-Tarikat-Siyaset-Ticaret-pdf.pdf,Books/Books for Text_TR-20260529T163910Z-3-001/Books for Text_TR/Yazarlar-Tr/Uğur Mumcu/Ugur-Mumcu-Tarikat-Siyaset-Ticaret-pdf.pdf,Ugur-Mumcu-Tarikat-Siyaset-Ticaret-pdf.txt,PDF,84,37654,285965,Başarılı,790e5f3467e0efcd0de781d0d9555190482b36c89a0e09a57c7b9e8e73377fb6
Cuneyt-Arcayurek-Buyuklere-Masallar-Sessiz-Darbe.pdf,Books/Books for Text_TR-20260529T163910Z-3-001/Books for Text_TR/Yazarlar-Tr/Cuneyt-Arcayurek-Buyuklere-Masallar-Sessiz-Darbe.pdf,Cuneyt-Arcayurek-Buyuklere-Masallar-Sessiz-Darbe.txt,PDF,485,113117,821941,Başarılı,4225711101b713a354aef439c026f0074d324bbe2034c0a05db9569a58cdcad8
Buyuk-Satranc-Tahtası-Zbigniew-Brzezinski.pdf,Books/Books for Text_TR-20260529T163910Z-3-001/Books for Text_TR/Yazarlar-Ybnc/Zbigniew-Brzezinski/Buyuk-Satranc-Tahtası-Zbigniew-Brzezinski.pdf,Buyuk-Satranc-Tahtası-Zbigniew-Brzezinski.txt,PDF,286,0,0,Görsel / Taranmış (0 Kelime),6ebd00ad90dd32c5c8a0e4071c2f97adc3ce3e20a6d120bbe6b338bcfb7005ba
Dünya Düzeni (Henry Kissinger).pdf,Books/Books for Text_TR-20260529T163910Z-3-001/Books for Text_TR/Yazarlar-Ybnc/Henry Kissinger/Dünya Düzeni (Henry Kissinger).pdf,Dünya Düzeni (Henry Kissinger).txt,PDF,442,107690,826789,Başarılı,dc7b34669ba6e341204af28a4e1d23294325384a344d30babadb8e395f4adb28
Gizli Dunya Devleti ve Siyonizm.pdf,Books/Books for Text_TR-20260529T163910Z-3-001/Books for Text_TR/Yhd/Gizli Dunya Devleti ve Siyonizm.pdf,Gizli Dunya Devleti ve Siyonizm.txt,PDF,20,8421,69371,Başarılı,708892db4ace0a4e46200f6a8650087bd5b1a88b05cacc86bbb17f605159e03c
Amerika-ve-Dunya-Zbigniew-Brzezinski.pdf,Books/Books for Text_TR-20260529T163910Z-3-001/Books for Text_TR/Yazarlar-Ybnc/Zbigniew-Brzezinski/Amerika-ve-Dunya-Zbigniew-Brzezinski.pdf,Amerika-ve-Dunya-Zbigniew-Brzezinski.txt,PDF,322,0,0,Görsel / Taranmış (0 Kelime),dc538814d47a3fa2775fccbc453dcace4bd5aa41a75ce5b9cfc7ab3840786aec
Levent Gultekin-Yaklaşan-Kasırga.pdf,Books/Books for Text_TR-20260529T163910Z-3-001/Books for Text_TR/Yazarlar-Tr/Levent Gultekin-Yaklaşan-Kasırga.pdf,Levent Gultekin-Yaklaşan-Kasırga.txt,PDF,257,57473,430157,Başarılı,fe4350b7736f20460f6120be8e0359a903e23af029188348ff69b22978ddce11
Peter-F-Drucker-Yeni-Gercekler.pdf,Books/Books for Text_TR-20260529T163910Z-3-001/Books for Text_TR/Yazarlar-Ybnc/Peter-F-Drucker-Yeni-Gercekler.pdf,Peter-F-Drucker-Yeni-Gercekler.txt,PDF,277,73996,544219,Başarılı,539f858c97bfa05aa6b6d68eef62ced661998579dabcba1dc3c88dd6b1043364
Kriz İki Büyük Dış Politika Krizinin Anatomisi (Henry Kissinger).pdf,Books/Books for Text_TR-20260529T163910Z-3-001/Books for Text_TR/Yazarlar-Ybnc/Henry Kissinger/Kriz İki Büyük Dış Politika Krizinin Anatomisi (Henry Kissinger).pdf,Kriz İki Büyük Dış Politika Krizinin Anatomisi (Henry Kissinger).txt,PDF,504,129416,923395,Başarılı,f8a5891858b7c6ca0dd6c22765c397a4d12ccb91795dfffbd5c86f6dbcf71270
Kabala-Yahudi-Kadim-Mistik-Oğretisi-A-Ekrem-Ulku.epub,Books/Books for Text_TR-20260529T163910Z-3-001/Books for Text_TR/Yhd/Kabala-Yahudi-Kadim-Mistik-Oğretisi-A-Ekrem-Ulku.epub,Kabala-Yahudi-Kadim-Mistik-Oğretisi-A-Ekrem-Ulku.txt,EPUB,522,60186,455029,Başarılı,fa7b29e7d0846bdfca1b40530609ee807dd63307eb8c40ec9e03c5e4364c909a
Mustafa Güldağı-Derin İsrail.pdf,Books/Books for Text_TR-20260529T163910Z-3-001/Books for Text_TR/Yhd/Mustafa Güldağı-Derin İsrail.pdf,Mustafa Güldağı-Derin İsrail.txt,PDF,292,0,0,Görsel / Taranmış (0 Kelime),6b5ab7d1190f1f3907b03c0c290a7b6e75f77b0ddeb4d6adbbfad0860b7fef90
Graham-E-Fuller-Yeni-Turkiye-Cumhuriyeti.pdf,Books/Books for Text_TR-20260529T163910Z-3-001/Books for Text_TR/Yazarlar-Ybnc/G.Fuller/Graham-E-Fuller-Yeni-Turkiye-Cumhuriyeti.pdf,Graham-E-Fuller-Yeni-Turkiye-Cumhuriyeti.txt,PDF,339,68865,515556,Başarılı,c8b0b9e59598b41f24a8a71ca8c8f5aac0e6956d4e3cd10e2f8095e0d130d8b9
Sabetay-Sevi-Ve-Sabetaycıların-Gelenekleri-Abraham-Galante.pdf,Books/Books for Text_TR-20260529T163910Z-3-001/Books for Text_TR/Yhd/Sbty ve Yhd/Sabetay-Sevi-Ve-Sabetaycıların-Gelenekleri-Abraham-Galante.pdf,Sabetay-Sevi-Ve-Sabetaycıların-Gelenekleri-Abraham-Galante.txt,PDF,143,33225,252476,Başarılı,e65668c475b3bc97d5dc35d60b3fe9749ece6abe10f278244af173dd6a852993
Kısa-Yahudi-Tarihi-Michael-Brenner.pdf,Books/Books for Text_TR-20260529T163910Z-3-001/Books for Text_TR/Yhd/Kısa-Yahudi-Tarihi-Michael-Brenner.pdf,Kısa-Yahudi-Tarihi-Michael-Brenner.txt,PDF,352,85964,655330,Başarılı,4e51217a8d98d9ffe9e07bee81de2dcbc6ae45843e39850c0dddeae4325a3455
33-Stratejide-Savas-Robert-Greene-Joost-Elffers-pdf.pdf,Books/Books for Text_TR-20260529T163910Z-3-001/Books for Text_TR/Strateji/33-Stratejide-Savas-Robert-Greene-Joost-Elffers-pdf.pdf,33-Stratejide-Savas-Robert-Greene-Joost-Elffers-pdf.txt,PDF,770,191570,1452901,Başarılı,a805f969a56a38e4803ba62a31883d0bd217df8b1950371c8507ab131a994614
Rotschild-para-mparatorluu-derin-yahudi-devleti-pdf.pdf,Books/Books for Text_TR-20260529T163910Z-3-001/Books for Text_TR/Yhd/Rotschild-para-mparatorluu-derin-yahudi-devleti-pdf.pdf,Rotschild-para-mparatorluu-derin-yahudi-devleti-pdf.txt,PDF,163,38270,295194,Başarılı,c0f3d1a402c31bebddd420dae8906b0c61dc7bb34ad56ae39a8d23c6e960aa32
Sahte-Mesih-Erhan-Afyoncu.pdf,Books/Books for Text_TR-20260529T163910Z-3-001/Books for Text_TR/Yhd/Sbty ve Yhd/Sahte-Mesih-Erhan-Afyoncu.pdf,Sahte-Mesih-Erhan-Afyoncu.txt,PDF,242,50182,362891,Başarılı,af8c5fb9499ef8b6c342c4bf092aefc55923b8e901866418ab856b8f676bea7f
Turkiyede-Donme-Yahudi-Gercegi-Huda-Dervis-Chev.pdf,Books/Books for Text_TR-20260529T163910Z-3-001/Books for Text_TR/Yhd/Sbty ve Yhd/Turkiyede-Donme-Yahudi-Gercegi-Huda-Dervis-Chev.pdf,Turkiyede-Donme-Yahudi-Gercegi-Huda-Dervis-Chev.txt,PDF,175,43896,325424,Başarılı,21534ba9d30678680561a5259cedee849d7b70fce8e5c857af0614d4854268f2
Yeni_Dini_Hareketler_Kapsaminda_Siyonizm.pdf,Books/Books for Text_TR-20260529T163910Z-3-001/Books for Text_TR/Yhd/Sbty ve Yhd/Yeni_Dini_Hareketler_Kapsaminda_Siyonizm.pdf,Yeni_Dini_Hareketler_Kapsaminda_Siyonizm.txt,PDF,23,11711,94085,Başarılı,6def837c347bc65a83bae33122d04b94419b93de165272f67aad34f871f4ef6c
Donmeler-pdf.pdf,Books/Books for Text_TR-20260529T163910Z-3-001/Books for Text_TR/Yhd/Sbty ve Yhd/Donmeler-pdf.pdf,Donmeler-pdf.txt,PDF,304,117379,849606,Başarılı,986f993e10574428798a753d1569450fc68e12c76eaa97f36c6cc5ddca79057c
Yahudilik-Ve-Masonluk-Tr.pdf,Books/Books for Text_TR-20260529T163910Z-3-001/Books for Text_TR/Yhd/Sbty ve Yhd/Yahudilik-Ve-Masonluk-Tr.pdf,Yahudilik-Ve-Masonluk-Tr.txt,PDF,82,29706,223346,Başarılı,320232790bf807f39ec5f274a8d5484907bb0247cc4af00c1f2a7d4523b7604a
Yakın-Tarihimizde-Donmelik-Ve-Donmeler-M-Ertuǧrul-Duzdaǧ.pdf,Books/Books for Text_TR-20260529T163910Z-3-001/Books for Text_TR/Yhd/Sbty ve Yhd/Yakın-Tarihimizde-Donmelik-Ve-Donmeler-M-Ertuǧrul-Duzdaǧ.pdf,Yakın-Tarihimizde-Donmelik-Ve-Donmeler-M-Ertuǧrul-Duzdaǧ.txt,PDF,382,64946,459887,Başarılı,42d2749c4e25d584015f455d8a19aa4fb7ac61d86b6a3f8826d07defb70474f2
Diplomasi (Henry Kissinger).pdf,Books/Books for Text_TR-20260529T163910Z-3-001/Books for Text_TR/Yazarlar-Ybnc/Henry Kissinger/Diplomasi (Henry Kissinger).pdf,Diplomasi (Henry Kissinger).txt,PDF,939,293453,2265052,Başarılı,3d8b48991f6bc459040bbeb8c27fdcba66d99bd173f6d8eba561dff8f68f008a
Siyonizmin-Sekuler-Ve-Dini-Temelleri.pdf,Books/Books for Text_TR-20260529T163910Z-3-001/Books for Text_TR/Yhd/Sion/Siyonizmin-Sekuler-Ve-Dini-Temelleri.pdf,Siyonizmin-Sekuler-Ve-Dini-Temelleri.txt,PDF,8,2953,23145,Başarılı,d033140da57878f2f7f5ea1d096b9e4a7e6bc9438913cae9d07881e6d77b88a6
Tanrıyı-Kıyamete-Zorlamak-Armageddon-Hristiyan-Kıyametciliği-ve-İsrail-Grace-Hallsell-pdf.pdf,Books/Books for Text_TR-20260529T163910Z-3-001/Books for Text_TR/Yhd/Tanrıyı-Kıyamete-Zorlamak-Armageddon-Hristiyan-Kıyametciliği-ve-İsrail-Grace-Hallsell-pdf.pdf,Tanrıyı-Kıyamete-Zorlamak-Armageddon-Hristiyan-Kıyametciliği-ve-İsrail-Grace-Hallsell-pdf.txt,PDF,158,0,0,Görsel / Taranmış (0 Kelime),2dad5f4e2aaf7d12c76ad3c8df211c4b5c4d8413968682999626ad571745969f
Turkler ve Yahudiler-a.Galanti-int.pdf,Books/Books for Text_TR-20260529T163910Z-3-001/Books for Text_TR/Yhd/Sbty ve Yhd/Turkler ve Yahudiler-a.Galanti-int.pdf,Turkler ve Yahudiler-a.Galanti-int.txt,PDF,193,67508,447017,Başarılı,b3800d3307cb50fa8e2d8f00dff476e7d2771617074d4fdf7fc82608d3646cd8
Siyonizmin Gizli Tarihi (Ralph Schoenman) (z-lib.org).pdf,Books/Books for Text_TR-20260529T163910Z-3-001/Books for Text_TR/Yhd/Sion/Siyonizmin Gizli Tarihi (Ralph Schoenman) (z-lib.org).pdf,Siyonizmin Gizli Tarihi (Ralph Schoenman) (z-lib.org).txt,PDF,137,36039,273097,Başarılı,4a7d6490ede87d9d1226904c6003324d79395e61a9fe1e96c03d0a8330e6669f
Roger-Garaudy-Siyonizm-Dosyası.pdf,Books/Books for Text_TR-20260529T163910Z-3-001/Books for Text_TR/Yhd/Sion/Roger-Garaudy-Siyonizm-Dosyası.pdf,Roger-Garaudy-Siyonizm-Dosyası.txt,PDF,204,44254,323630,Başarılı,f6b8bd235aa65350636484c06c46fff94f3ce2f46f249dc08ad97bf7c2d22be0
Yahudi-Devleti.pdf,Books/Books for Text_TR-20260529T163910Z-3-001/Books for Text_TR/Yhd/Yahudi-Devleti.pdf,Yahudi-Devleti.txt,PDF,88,22269,176030,Başarılı,ea346cb16cf70d5730afe77f254d6d7b0ae59b4b30250fbe3d1b9f1c33f7acbf
Reşad-Abdullah-Din-Devleti-İsr.pdf,Books/Books for Text_TR-20260529T163910Z-3-001/Books for Text_TR/Yhd/Sion/Reşad-Abdullah-Din-Devleti-İsr.pdf,Reşad-Abdullah-Din-Devleti-İsr.txt,PDF,333,86123,635525,Başarılı,4b426b1ad1f51cd47268b156ef1680413cd043f89f2c0609c898d9a3a67b6c70
Yahudi Dönmeler ve Mumsöndü Ayinleri (Süleyman Yeşilyurt) (z-lib.org).pdf,Books/Books for Text_TR-20260529T163910Z-3-001/Books for Text_TR/Yhd/Yahudi Dönmeler ve Mumsöndü Ayinleri (Süleyman Yeşilyurt) (z-lib.org).pdf,Yahudi Dönmeler ve Mumsöndü Ayinleri (Süleyman Yeşilyurt) (z-lib.org).txt,PDF,296,70589,529856,Başarılı,b0f5fe13c79eaabb7ecbc1234643105a66624df75ad19ba7b63382b7973113e5
Atilla Akar-Suikastlar Cumhuriyeti.pdf,Books/Books for Text_TR-20260529T163910Z-3-001/Books for Text_TR/Yazarlar-Tr/Atilla Akar-Suikastlar Cumhuriyeti.pdf,Atilla Akar-Suikastlar Cumhuriyeti.txt,PDF,365,87116,647794,Başarılı,5f748096a53da7866188f665167a1050fd9b34a7474028e60d59dc3ad9d93765
Musa-Ve-Yahudilik-Hayrullah-Ors.pdf,Books/Books for Text_TR-20260529T163910Z-3-001/Books for Text_TR/Yhd/Musa-Ve-Yahudilik-Hayrullah-Ors.pdf,Musa-Ve-Yahudilik-Hayrullah-Ors.txt,PDF,470,108626,759334,Başarılı,099b820032ee00689f2bd3a7bcbfe6f201784d27055282e5681400c4505cd427
"Yahudi Tarihi ve Siyonist Liderlerin Protokolleri (Will Durant, Roger Lambelin) (z-lib.org) (1).pdf","Books/Books for Text_TR-20260529T163910Z-3-001/Books for Text_TR/Yhd/Yahudi Tarihi ve Siyonist Liderlerin Protokolleri (Will Durant, Roger Lambelin) (z-lib.org) (1).pdf","Yahudi Tarihi ve Siyonist Liderlerin Protokolleri (Will Durant, Roger Lambelin) (z-lib.org) (1).txt",PDF,188,43697,312105,Başarılı,1e629a51aef2171f92803f61e9f93a4ac726e1d396b93e027f7a4acb0efed024
Yahudilik Tarihi (Ömer Erdoğan) (z-lib.org).pdf,Books/Books for Text_TR-20260529T163910Z-3-001/Books for Text_TR/Yhd/Yahudilik Tarihi (Ömer Erdoğan) (z-lib.org).pdf,Yahudilik Tarihi (Ömer Erdoğan) (z-lib.org).txt,PDF,268,62178,471804,Başarılı,81114dbbbdc1a89d8ebc875c6da07ebe47aa94faf83a501b7475cbf7b52b9ab2
"Yahudiler, Dünya ve Para - Yahudi Halkının Ekonomik Tarihi (Jacgues Attali) (z-lib.org).epub","Books/Books for Text_TR-20260529T163910Z-3-001/Books for Text_TR/Yhd/Yahudiler, Dünya ve Para - Yahudi Halkının Ekonomik Tarihi (Jacgues Attali) (z-lib.org).epub","Yahudiler, Dünya ve Para - Yahudi Halkının Ekonomik Tarihi (Jacgues Attali) (z-lib.org).txt",EPUB,602,163753,1279094,Başarılı,460ab6843e1fc89ce918131345b44de72868131ec231c47963a5a9dd2977ed7f
Yahudi-Halkı-Nasıl-İcat-Edildi-Şlamo-Sand.pdf,Books/Books for Text_TR-20260529T163910Z-3-001/Books for Text_TR/Yhd/Yahudi-Halkı-Nasıl-İcat-Edildi-Şlamo-Sand.pdf,Yahudi-Halkı-Nasıl-İcat-Edildi-Şlamo-Sand.txt,PDF,395,129152,974814,Başarılı,48e739baaa1dbae0d65346e1643a07b11e633f34b3f10490ff9b0ed070285111
Biri-Totalitarizm-Mi-Dedi-Slavoj-Zizek.pdf,Books/Books for Text_TR-20260529T163910Z-3-001/Books for Text_TR/Zulum ve Adalet/Biri-Totalitarizm-Mi-Dedi-Slavoj-Zizek.pdf,Biri-Totalitarizm-Mi-Dedi-Slavoj-Zizek.txt,PDF,240,0,0,Görsel / Taranmış (0 Kelime),c357880ca0aa7b217d0efc8f04c49a9dc3f0e7f82bc89ddc8e640503c86f623e
Başkaldıran-İnsan-Albert-Camus.pdf,Books/Books for Text_TR-20260529T163910Z-3-001/Books for Text_TR/Zulum ve Adalet/Başkaldıran-İnsan-Albert-Camus.pdf,Başkaldıran-İnsan-Albert-Camus.txt,PDF,281,78832,592582,Başarılı,06479b404ac55d698d8918bf7c576bb09c82adb93b975da3673938b2c631607f
Curumenin-Kitabı-Emil-Michel-Cioran2.pdf,Books/Books for Text_TR-20260529T163910Z-3-001/Books for Text_TR/Zulum ve Adalet/Curumenin-Kitabı-Emil-Michel-Cioran2.pdf,Curumenin-Kitabı-Emil-Michel-Cioran2.txt,PDF,236,45212,352296,Başarılı,ccad3ff514a4775d2397275c960bf0ea1a115ae08aed90e9c155e6a319a91ab4
Yahudiler-Ve-Modern-Kapitalizm-Werner-Sombart.pdf,Books/Books for Text_TR-20260529T163910Z-3-001/Books for Text_TR/Yhd/Yahudiler-Ve-Modern-Kapitalizm-Werner-Sombart.pdf,Yahudiler-Ve-Modern-Kapitalizm-Werner-Sombart.txt,PDF,341,99685,720010,Başarılı,20ce59ae639b51f5a1e03b08ff03b08b2032b1b063ddd261fadab29222c69d20
Yahudilik-Fuat Aydın.pdf,Books/Books for Text_TR-20260529T163910Z-3-001/Books for Text_TR/Yhd/Yahudilik-Fuat Aydın.pdf,Yahudilik-Fuat Aydın.txt,PDF,202,47719,353127,Başarılı,fefe26ca7ac96d3441eeb97ce962ac753a9542a9d9caf32d764127d7a5893297
islam-Dunyasinda-Yahudiler-Bernard-Lewis-Bahadir-Sina-Shener-2005-276s.pdf,Books/Books for Text_TR-20260529T163910Z-3-001/Books for Text_TR/Yhd/islam-Dunyasinda-Yahudiler-Bernard-Lewis-Bahadir-Sina-Shener-2005-276s.pdf,islam-Dunyasinda-Yahudiler-Bernard-Lewis-Bahadir-Sina-Shener-2005-276s.txt,PDF,276,68540,507110,Başarılı,d85555cde4baabb34710609abe6d67d81bfa7074ce1c569d8397b5af5a19f750
Kripto-Yahudiler-ahmet-akgul.pdf,Books/Books for Text_TR-20260529T163910Z-3-001/Books for Text_TR/Yhd/Kripto-Yahudiler-ahmet-akgul.pdf,Kripto-Yahudiler-ahmet-akgul.txt,PDF,716,202731,1527381,Başarılı,f417f3ea9c36ee7e95b5ffd9ae6254342637f3fb025dd926eaefd6860a375ed7
Diktatorluk-Sendromu-Ala-El-Asvani.pdf,Books/Books for Text_TR-20260529T163910Z-3-001/Books for Text_TR/Zulum ve Adalet/Diktatorluk-Sendromu-Ala-El-Asvani.pdf,Diktatorluk-Sendromu-Ala-El-Asvani.txt,PDF,149,33805,255398,Başarılı,326c3001c0147d53e02ea24185e40eb432bff454cb3e7a33d8fe317bce53d87c
Yahudiliğin-Kokenleri-ve-Kuresel-Gucu-pdf.pdf,Books/Books for Text_TR-20260529T163910Z-3-001/Books for Text_TR/Yhd/Yahudiliğin-Kokenleri-ve-Kuresel-Gucu-pdf.pdf,Yahudiliğin-Kokenleri-ve-Kuresel-Gucu-pdf.txt,PDF,345,96250,714738,Başarılı,d89fa9126ed4373f8340c194fc87a09eb6ba33532198d91b35556c7ec0cf9fdf
Adalet-Yapilmasi-Gereken-Dogru-Sey-Nedir.pdf,Books/Books for Text_TR-20260529T163910Z-3-001/Books for Text_TR/Zulum ve Adalet/Adalet-Yapilmasi-Gereken-Dogru-Sey-Nedir.pdf,Adalet-Yapilmasi-Gereken-Dogru-Sey-Nedir.txt,PDF,371,84181,627226,Başarılı,418cd1eac7cb25dcc0fc10234e75e10dc60caf35c88a4520b2fe4159e9eec6b4
Devleti-Korumak-Guvenlik-Paradigmasının-gelişimi-baski.pdf,Books/Books for Text_TR-20260529T163910Z-3-001/Books for Text_TR/Zulum ve Adalet/Devleti-Korumak-Guvenlik-Paradigmasının-gelişimi-baski.pdf,Devleti-Korumak-Guvenlik-Paradigmasının-gelişimi-baski.txt,PDF,151,28344,223375,Başarılı,25a89f20569041782bc0b681f269e3e53e1e324ab839a19b7b63d4620f66de20
Hannah Arendt ve İnsan Haklarının Çıkmazları.pdf,Books/Books for Text_TR-20260529T163910Z-3-001/Books for Text_TR/Zulum ve Adalet/Hannah Arendt/Hannah Arendt ve İnsan Haklarının Çıkmazları.pdf,Hannah Arendt ve İnsan Haklarının Çıkmazları.txt,PDF,31,11880,92703,Başarılı,1d0336b34a8d9d86e5e6e0c7e73866d37ad17d0f511a372c283c680014e1aaa8
Eleştiri-Toplum-Uzerine-Adorno.pdf,Books/Books for Text_TR-20260529T163910Z-3-001/Books for Text_TR/Zulum ve Adalet/Eleştiri-Toplum-Uzerine-Adorno.pdf,Eleştiri-Toplum-Uzerine-Adorno.txt,PDF,148,33603,258933,Başarılı,aa51c48a19a37b2e5e9a64c03fbcdf357192207d62837df70ac147d558642cca
Ezilenlerin-Pedagojisi-Paulo-Freire.pdf,Books/Books for Text_TR-20260529T163910Z-3-001/Books for Text_TR/Zulum ve Adalet/Ezilenlerin-Pedagojisi-Paulo-Freire.pdf,Ezilenlerin-Pedagojisi-Paulo-Freire.txt,PDF,203,56705,429624,Başarılı,2b7969d7e40f2b6c2d7471ec35b193d51334e541f658dc86f846f347f9eed336
Ezeli-Maglup-Emil-MichelCioran.pdf,Books/Books for Text_TR-20260529T163910Z-3-001/Books for Text_TR/Zulum ve Adalet/Ezeli-Maglup-Emil-MichelCioran.pdf,Ezeli-Maglup-Emil-MichelCioran.txt,PDF,230,63141,450584,Başarılı,24d394dbed5e262a7a33a3b2f6208a3fe317ac193817b38a24d532a20fa42f6e
Devlete-Karsi-insan-Herbert-Spencer.pdf,Books/Books for Text_TR-20260529T163910Z-3-001/Books for Text_TR/Zulum ve Adalet/Devlete-Karsi-insan-Herbert-Spencer.pdf,Devlete-Karsi-insan-Herbert-Spencer.txt,PDF,278,64836,488198,Başarılı,25a33f31fb13292aead0641ab74f89a39ed98671a6f4b60ca26bcb234954cdbd
Hannah-Arendt-Siyasette-Yalan.pdf,Books/Books for Text_TR-20260529T163910Z-3-001/Books for Text_TR/Zulum ve Adalet/Hannah Arendt/Hannah-Arendt-Siyasette-Yalan.pdf,Hannah-Arendt-Siyasette-Yalan.txt,PDF,101,16888,125634,Başarılı,07878dc1613759ea2fa36ab55c8a45454fe7b8852309e2262c2687879aaf78d2
Hannah Arendt-Politikanın-Vaadi.pdf,Books/Books for Text_TR-20260529T163910Z-3-001/Books for Text_TR/Zulum ve Adalet/Hannah Arendt/Hannah Arendt-Politikanın-Vaadi.pdf,Hannah Arendt-Politikanın-Vaadi.txt,PDF,184,52774,396069,Başarılı,0179292b9bdcb6f135549d865236536b2ad124e78f13e956247c4491f2f5ccfa
Hannah Arendt-Antisemitizm.pdf,Books/Books for Text_TR-20260529T163910Z-3-001/Books for Text_TR/Zulum ve Adalet/Hannah Arendt/Hannah Arendt-Antisemitizm.pdf,Hannah Arendt-Antisemitizm.txt,PDF,222,53220,403254,Başarılı,e21627a5ac0829915576dc453649cef4bd5533bafa27d4bf49a1f21e4450b47a
Anarsizmin-Tarihi-imkansizi-istemek-peter-marshall.pdf,Books/Books for Text_TR-20260529T163910Z-3-001/Books for Text_TR/Zulum ve Adalet/Anarsizmin-Tarihi-imkansizi-istemek-peter-marshall.pdf,Anarsizmin-Tarihi-imkansizi-istemek-peter-marshall.txt,PDF,489,225712,1684815,Başarılı,8ddc812502a4a2f3fe1621236fc488c4ff2357e5e112e281b9ac64f230b47e05
Karl Popper-Hayat-Problem Cozmektir.pdf,Books/Books for Text_TR-20260529T163910Z-3-001/Books for Text_TR/Zulum ve Adalet/Karl Popper-Hayat-Problem Cozmektir.pdf,Karl Popper-Hayat-Problem Cozmektir.txt,PDF,217,68022,512824,Başarılı,7ade645c3e38a283e6d288bd37d5f1def0527f232f16fe54340bc0cc0cb4eff6
Hannah Arendt-Gecmisle-Gelecek-Arasinda.pdf,Books/Books for Text_TR-20260529T163910Z-3-001/Books for Text_TR/Zulum ve Adalet/Hannah Arendt/Hannah Arendt-Gecmisle-Gelecek-Arasinda.pdf,Hannah Arendt-Gecmisle-Gelecek-Arasinda.txt,PDF,322,79875,586820,Başarılı,564175e6a75d94f8c443d55cabef5cafb1a0ec7836549f841eb3a8cd699b475c
Hannah Arendt Düşüncesinde İnsanlığa Karşı Suçlar.pdf,Books/Books for Text_TR-20260529T163910Z-3-001/Books for Text_TR/Zulum ve Adalet/Hannah Arendt/Hannah Arendt Düşüncesinde İnsanlığa Karşı Suçlar.pdf,Hannah Arendt Düşüncesinde İnsanlığa Karşı Suçlar.txt,PDF,339,102524,817089,Başarılı,9f56df2d314be9ac0c36c8ce43d95f0f51f792ff492ac44556d3d48125219a8f
Hannah Arendt-Kotuluğun-Sıradanlığı.pdf,Books/Books for Text_TR-20260529T163910Z-3-001/Books for Text_TR/Zulum ve Adalet/Hannah Arendt/Hannah Arendt-Kotuluğun-Sıradanlığı.pdf,Hannah Arendt-Kotuluğun-Sıradanlığı.txt,PDF,392,85281,666770,Başarılı,f29a4990e46832668391c5a12575f5fea5c57f8f1cb68f03064fc20ec6fa14df
Hannah Arendt-Şiddet-Üzerine.pdf,Books/Books for Text_TR-20260529T163910Z-3-001/Books for Text_TR/Zulum ve Adalet/Hannah Arendt/Hannah Arendt-Şiddet-Üzerine.pdf,Hannah Arendt-Şiddet-Üzerine.txt,PDF,107,26664,193683,Başarılı,cfa7060cb643130ea4bca5112a25a55b144f9730d3d55fcef350d1181763b6d3
Konuşulmayan-Gercek-Zorla-Kaybetmeler.pdf,Books/Books for Text_TR-20260529T163910Z-3-001/Books for Text_TR/Zulum ve Adalet/Konuşulmayan-Gercek-Zorla-Kaybetmeler.pdf,Konuşulmayan-Gercek-Zorla-Kaybetmeler.txt,PDF,98,37705,289559,Başarılı,1b0952fe1d43e59cf9eb058900bcc9a5d391bd071e0a9a9664a0d28abd715146
Hannah Arendt-Totalitarizm.pdf,Books/Books for Text_TR-20260529T163910Z-3-001/Books for Text_TR/Zulum ve Adalet/Hannah Arendt/Hannah Arendt-Totalitarizm.pdf,Hannah Arendt-Totalitarizm.txt,PDF,384,104920,778455,Başarılı,ba74bd2d02c69ace00e8db03155518b93031f81b17c426bc40153bc0fc1048b0
Totalitarizm-Arendt ile Popper’ın Totalitarizm Anlayı ları.pdf,Books/Books for Text_TR-20260529T163910Z-3-001/Books for Text_TR/Zulum ve Adalet/Totalitarizm-Arendt ile Popper’ın Totalitarizm Anlayı ları.pdf,Totalitarizm-Arendt ile Popper’ın Totalitarizm Anlayı ları.txt,PDF,17,6450,51641,Başarılı,609c8b9063d66fdcaf56129e841d4f437297a089d3830b7635c993f570101fbc
Militan-Demokrasi-Alexander-S-Kirshner.pdf,Books/Books for Text_TR-20260529T163910Z-3-001/Books for Text_TR/Zulum ve Adalet/Militan-Demokrasi-Alexander-S-Kirshner.pdf,Militan-Demokrasi-Alexander-S-Kirshner.txt,PDF,245,55302,429108,Başarılı,c87e05709656f2b56e59f14b920d605407193606a70a288deeb9d75afae7607f
Kotuluğun-Egemenliği-Jean Baudrillard.pdf,Books/Books for Text_TR-20260529T163910Z-3-001/Books for Text_TR/Zulum ve Adalet/Kotuluğun-Egemenliği-Jean Baudrillard.pdf,Kotuluğun-Egemenliği-Jean Baudrillard.txt,PDF,207,45594,337550,Başarılı,fb0a47c2f4c32a29c9c49ac15ae2c6426f8f4639a2f8158f7a6cec2c30257357
Ortadoğu-da-Devlet-ve-İktidar-Otoriter-Rejimler-Erdem-Demirtaş.pdf,Books/Books for Text_TR-20260529T163910Z-3-001/Books for Text_TR/Zulum ve Adalet/Ortadoğu-da-Devlet-ve-İktidar-Otoriter-Rejimler-Erdem-Demirtaş.pdf,Ortadoğu-da-Devlet-ve-İktidar-Otoriter-Rejimler-Erdem-Demirtaş.txt,PDF,192,53150,413041,Başarılı,6ebc7906c1fbe06f017853b4f672a7822434aaf1ecc517b0fa8666808835e338
Siddetsiz-Direnis-Todd-May.pdf,Books/Books for Text_TR-20260529T163910Z-3-001/Books for Text_TR/Zulum ve Adalet/Siddetsiz-Direnis-Todd-May.pdf,Siddetsiz-Direnis-Todd-May.txt,PDF,228,0,0,Görsel / Taranmış (0 Kelime),bf20e918513324d433191f9ca09cfad458a16818908970f7b98571b2634bbddf
Yeni-Despotizm-Bulent-Diken.pdf,Books/Books for Text_TR-20260529T163910Z-3-001/Books for Text_TR/Zulum ve Adalet/Yeni-Despotizm-Bulent-Diken.pdf,Yeni-Despotizm-Bulent-Diken.txt,PDF,201,52794,388487,Başarılı,f97401db3a3bcd9619f642af7406c2135b392251bd216bb94d75b502edb811be
Şiddetin-Eleştirisi-Uzerine-Walter-Benjamin.pdf,Books/Books for Text_TR-20260529T163910Z-3-001/Books for Text_TR/Zulum ve Adalet/Şiddetin-Eleştirisi-Uzerine-Walter-Benjamin.pdf,Şiddetin-Eleştirisi-Uzerine-Walter-Benjamin.txt,PDF,323,0,0,Görsel / Taranmış (0 Kelime),d4d766829dd60707288c1caeed0fb31339596181f77eba6fc901fe43afff7232
Nazizmin-Gizli-Kokenleri-Gizli-Aryan-Kultleri-Nicholas-Goodrick-Clarke.pdf,Books/Books for Text_TR-20260529T163910Z-3-001/Books for Text_TR/Zulum ve Adalet/Nazizmin-Gizli-Kokenleri-Gizli-Aryan-Kultleri-Nicholas-Goodrick-Clarke.pdf,Nazizmin-Gizli-Kokenleri-Gizli-Aryan-Kultleri-Nicholas-Goodrick-Clarke.txt,PDF,377,99060,752617,Başarılı,5119c42ef01ec7056b0fa55765614c0f6bf3c05541276d5fd6c069f33bd6afd2
Umberto Eco-Düşman Yaratmak.pdf,Books/Books for Text_TR-20260529T163910Z-3-001/Books for Text_TR/Zulum ve Adalet/Umberto Eco-Düşman Yaratmak.pdf,Umberto Eco-Düşman Yaratmak.txt,PDF,295,67963,488514,Başarılı,fb785cc4e0c5eb38b5f8d8018ba0133d19b42ac1988f44d2b2aaaed2797885d3
"İnsan Doğası-İktidara Karşı Adalet (Michel Foucault, Noam Chomsky.pdf","Books/Books for Text_TR-20260529T163910Z-3-001/Books for Text_TR/Zulum ve Adalet/İnsan Doğası-İktidara Karşı Adalet (Michel Foucault, Noam Chomsky.pdf","İnsan Doğası-İktidara Karşı Adalet (Michel Foucault, Noam Chomsky.txt",PDF,74,15908,115038,Başarılı,0c33823b8085369a6147f810cab24f905a50afb4703064418303193c5d17c5a7
Korku Siyaseti ve Siyaset Korkusu-Halis Çetin.pdf,Books/Books for Text_TR-20260529T163910Z-3-001/Books for Text_TR/Zulum ve Adalet/Korku Siyaseti ve Siyaset Korkusu-Halis Çetin.pdf,Korku Siyaseti ve Siyaset Korkusu-Halis Çetin.txt,PDF,403,118188,853524,Başarılı,0c49f962d1bb38e6fb67c57eeaa1d76b0a29e099fdec46f908417d595ba6efc0
Vasatlığın-İktidarı-Alain-Deneault.pdf,Books/Books for Text_TR-20260529T163910Z-3-001/Books for Text_TR/Zulum ve Adalet/Vasatlığın-İktidarı-Alain-Deneault.pdf,Vasatlığın-İktidarı-Alain-Deneault.txt,PDF,177,49881,381751,Başarılı,e1d55e8d79ca970a2bdc7052418c2bd835b764a290407f9c6aa6887165aed713
İsyanlar-Kurucu-İktidar-Ve-Modern-Devlet-Antonio-Negri.pdf,Books/Books for Text_TR-20260529T163910Z-3-001/Books for Text_TR/Zulum ve Adalet/İsyanlar-Kurucu-İktidar-Ve-Modern-Devlet-Antonio-Negri.pdf,İsyanlar-Kurucu-İktidar-Ve-Modern-Devlet-Antonio-Negri.txt,PDF,465,142387,1066978,Başarılı,459162beb12d6907c845caaad97c6c7210ea473b371a49434e5e9c50837ea30e
Ajan-Casus-Muhbir-Muhabir-Nurullah-Aydin.pdf,Books/Books for Text_TR-20260529T163910Z-3-001/Books for Text_TR/İstihbarat/Ajan-Casus-Muhbir-Muhabir-Nurullah-Aydin.pdf,Ajan-Casus-Muhbir-Muhabir-Nurullah-Aydin.txt,PDF,393,91700,714256,Başarılı,33275242e9bde039c88352856a5c4dd84e9f792a973dd98c5bbb9d03d8dead33
Ali-Cimen-Tarihi-Değiştiren-Gizli-Servisler.pdf,Books/Books for Text_TR-20260529T163910Z-3-001/Books for Text_TR/İstihbarat/Ali-Cimen-Tarihi-Değiştiren-Gizli-Servisler.pdf,Ali-Cimen-Tarihi-Değiştiren-Gizli-Servisler.txt,PDF,177,38309,287518,Başarılı,cb15319ff90e3e7eefd12e0d7165cf59ab7af1cb8b937eb2a73f21bba0da240f
Otoritaryen-Kişilik-Ustune-Theodor-W-Adorno.pdf,Books/Books for Text_TR-20260529T163910Z-3-001/Books for Text_TR/Zulum ve Adalet/Otoritaryen-Kişilik-Ustune-Theodor-W-Adorno.pdf,Otoritaryen-Kişilik-Ustune-Theodor-W-Adorno.txt,PDF,337,74765,565768,Başarılı,5bc3fd27c9e26ea1192308f8ad66767765b68cf1b9737f74e0bc28d2f0cbb895
Gultekin-Avcı-Istihbarat-Teknikleri-pdf.pdf,Books/Books for Text_TR-20260529T163910Z-3-001/Books for Text_TR/İstihbarat/Gultekin-Avcı-Istihbarat-Teknikleri-pdf.pdf,Gultekin-Avcı-Istihbarat-Teknikleri-pdf.txt,PDF,257,51129,406902,Başarılı,b3022c7dd5efb576443dcf52350140937ee7dec8fc63e901942ebdc27a14c1ec
Ernest-Volkman-Casusluk.pdf,Books/Books for Text_TR-20260529T163910Z-3-001/Books for Text_TR/İstihbarat/Ernest-Volkman-Casusluk.pdf,Ernest-Volkman-Casusluk.txt,PDF,379,81285,583772,Başarılı,f271238e00854cfd9e6cb18371cf5a229bd847be030acde19e81054218e87c24
Fatih-Oktay-Cin-Yeni-Buyuk-Guc.pdf,Books/Books for Text_TR-20260529T163910Z-3-001/Books for Text_TR/World Politics/Fatih-Oktay-Cin-Yeni-Buyuk-Guc.pdf,Fatih-Oktay-Cin-Yeni-Buyuk-Guc.txt,PDF,715,231729,1777669,Başarılı,6ba90731c21eda72f84f7dcbe84297fbe12075ec954b276f09640b3de1f8f48c
Umut Bir Yöntem Olamaz-Gordon R. Sullivan ve Michael V. Harper.pdf,Books/Books for Text_TR-20260529T163910Z-3-001/Books for Text_TR/Zulum ve Adalet/Umut Bir Yöntem Olamaz-Gordon R. Sullivan ve Michael V. Harper.pdf,Umut Bir Yöntem Olamaz-Gordon R. Sullivan ve Michael V. Harper.txt,PDF,288,65898,495694,Başarılı,899e71c5b5fe86d2eeae2185629401473c2af49ebbf8cdd979596ddd093db9e4
Sosyal-Medya-Verileri-Uzerinden-İstihbarat-Faaliyetleri.pdf,Books/Books for Text_TR-20260529T163910Z-3-001/Books for Text_TR/İstihbarat/Sosyal-Medya-Verileri-Uzerinden-İstihbarat-Faaliyetleri.pdf,Sosyal-Medya-Verileri-Uzerinden-İstihbarat-Faaliyetleri.txt,PDF,7,4105,33338,Başarılı,bb9b0d4362d25f770623cf08397b78b6a31e45eb925b32525323cf9198165e7f
Orhan Koloğlu - Curnalcilikten Teşkilatı Mahsusa_ya.pdf,Books/Books for Text_TR-20260529T163910Z-3-001/Books for Text_TR/İstihbarat/Orhan Koloğlu - Curnalcilikten Teşkilatı Mahsusa_ya.pdf,Orhan Koloğlu - Curnalcilikten Teşkilatı Mahsusa_ya.txt,PDF,196,588,4313,Başarılı,1afec73108fb0f9d31361b6dd3df6c63759834121b30b813bcaee4c787605eb8
Dunyayı-Yoneten-Guc-İstihbarat-Bilimi.pdf,Books/Books for Text_TR-20260529T163910Z-3-001/Books for Text_TR/İstihbarat/Dunyayı-Yoneten-Guc-İstihbarat-Bilimi.pdf,Dunyayı-Yoneten-Guc-İstihbarat-Bilimi.txt,PDF,250,52179,393664,Başarılı,02783a3fb89a816d3a11cd7625a40a7a768bcb6b849b54a0256abf2dee5f9c90
istihbarat-Sirlari-Ali Burak Daricili.pdf,Books/Books for Text_TR-20260529T163910Z-3-001/Books for Text_TR/İstihbarat/istihbarat-Sirlari-Ali Burak Daricili.pdf,istihbarat-Sirlari-Ali Burak Daricili.txt,PDF,32,4350,35763,Başarılı,56a6188188928c6246ba0b152f7fcd435ee0edfc1da2acbdb19d8607525ee709
Heyet-2-Devletin-Gizli-Sırları-Halil-Yaşar-Kollu.pdf,Books/Books for Text_TR-20260529T163910Z-3-001/Books for Text_TR/İstihbarat/Heyet-2-Devletin-Gizli-Sırları-Halil-Yaşar-Kollu.pdf,Heyet-2-Devletin-Gizli-Sırları-Halil-Yaşar-Kollu.txt,PDF,320,49934,333163,Başarılı,e4bb4e2fde34f5b3d46c109be5d909fb5fa1031ed71804100564f4e4e574eed3
İstihbarat-Ahmet-Enes-Sarıcicek.pdf,Books/Books for Text_TR-20260529T163910Z-3-001/Books for Text_TR/İstihbarat/İstihbarat-Ahmet-Enes-Sarıcicek.pdf,İstihbarat-Ahmet-Enes-Sarıcicek.txt,PDF,213,28646,219253,Başarılı,10f3917770dab8c35cd0bab1315ea1d490dd47b772a6cd85c641a746fdb3ffb1
Murat-Yetkin-Meraklısı-İcin-Entrikalar-Kitabı.pdf,Books/Books for Text_TR-20260529T163910Z-3-001/Books for Text_TR/İstihbarat/Murat-Yetkin-Meraklısı-İcin-Entrikalar-Kitabı.pdf,Murat-Yetkin-Meraklısı-İcin-Entrikalar-Kitabı.txt,PDF,308,75629,559577,Başarılı,e1bd7003b16493f90e8987725b14d51e781a123e8dadd8f72ff89b5a03ed0ea4
İstihbaratın-İcinden-Anthony-Cavendish.pdf,Books/Books for Text_TR-20260529T163910Z-3-001/Books for Text_TR/İstihbarat/İstihbaratın-İcinden-Anthony-Cavendish.pdf,İstihbaratın-İcinden-Anthony-Cavendish.txt,PDF,65,8113,58668,Başarılı,e6eea5276b22b6aa1bdae4aab64bf7f882899ad0621bec07385309f1b613a609
Mimar-Sinan-dergisi-1.pdf,Books/Books for Text_TR-20260529T163910Z-3-002/Books for Text_TR/Duvar_TR/Dergi-MSinan/Mimar-Sinan-dergisi-1.pdf,Mimar-Sinan-dergisi-1.txt,PDF,103,43977,230134,Başarılı,5bd5bdc2045290cb356440895c9682782db49186e97b93f55fdb3902bb46a470
Mimar-Sinan-dergisi-101.pdf,Books/Books for Text_TR-20260529T163910Z-3-002/Books for Text_TR/Duvar_TR/Dergi-MSinan/Mimar-Sinan-dergisi-101.pdf,Mimar-Sinan-dergisi-101.txt,PDF,122,34384,243701,Başarılı,a48ce6dc5e4c75c2cc9d08627a8a42eb1909480978a632de2561f5cd00dafcca
Mimar-Sinan-dergisi-137.pdf,Books/Books for Text_TR-20260529T163910Z-3-002/Books for Text_TR/Duvar_TR/Dergi-MSinan/Mimar-Sinan-dergisi-137.pdf,Mimar-Sinan-dergisi-137.txt,PDF,128,33921,229618,Başarılı,8e75b5826c6a11c2ecec06ff1ec0bff3e62a1a55e857e56aaf214a27dd753247
Mimar-Sinan-dergisi-14.pdf,Books/Books for Text_TR-20260529T163910Z-3-002/Books for Text_TR/Duvar_TR/Dergi-MSinan/Mimar-Sinan-dergisi-14.pdf,Mimar-Sinan-dergisi-14.txt,PDF,68,35181,140821,Başarılı,949006c847d33b2a6c11c1473916608edb4bb281e3f2746d115b7bf54008502e
Istihbarat-Ve-Istihbaratci-Nurullah-Aydin.pdf,Books/Books for Text_TR-20260529T163910Z-3-001/Books for Text_TR/İstihbarat/Istihbarat-Ve-Istihbaratci-Nurullah-Aydin.pdf,Istihbarat-Ve-Istihbaratci-Nurullah-Aydin.txt,PDF,574,99596,795101,Başarılı,fea02d1a053dafd6220594b936d977c053aadcc37b46f6268b1e775bea003f62
Mimar-Sinan-dergisi-146.pdf,Books/Books for Text_TR-20260529T163910Z-3-002/Books for Text_TR/Duvar_TR/Dergi-MSinan/Mimar-Sinan-dergisi-146.pdf,Mimar-Sinan-dergisi-146.txt,PDF,90,24163,164434,Başarılı,4b025f848e3083eede985f373ec9ff62d41533312284923d3d6fd401369c0dc5
Mimar-Sinan-dergisi-17.pdf,Books/Books for Text_TR-20260529T163910Z-3-002/Books for Text_TR/Duvar_TR/Dergi-MSinan/Mimar-Sinan-dergisi-17.pdf,Mimar-Sinan-dergisi-17.txt,PDF,81,21740,157718,Başarılı,6d8bdcdbacde23bdcc87051a9f1334bb8ca52acedd7ba599050d1ef253a27977
İstihbarat-Orgutleri-Kenan-Karataş.pdf,Books/Books for Text_TR-20260529T163910Z-3-001/Books for Text_TR/İstihbarat/İstihbarat-Orgutleri-Kenan-Karataş.pdf,İstihbarat-Orgutleri-Kenan-Karataş.txt,PDF,385,63706,496198,Başarılı,f74d3fbb961ec2597451ca758f32909d349f96afcf82cbc3b97dbea3b0392e10
Mimar-Sinan-dergisi-16.pdf,Books/Books for Text_TR-20260529T163910Z-3-002/Books for Text_TR/Duvar_TR/Dergi-MSinan/Mimar-Sinan-dergisi-16.pdf,Mimar-Sinan-dergisi-16.txt,PDF,74,18897,133163,Başarılı,09e593b14a343697192d8ed5cc6048c213ae1848f9a49bb14c7197a9bf949ddc
Teşkilat-i-Mahsusa.pdf,Books/Books for Text_TR-20260529T163910Z-3-001/Books for Text_TR/İstihbarat/Teşkilat-i-Mahsusa.pdf,Teşkilat-i-Mahsusa.txt,PDF,378,144548,1127128,Başarılı,555d8067f68b96c57b7bc8fdcecfd269963d8b844ade5a66dc6678a91105fe9a
Mahir-Kaynak-İstihbarat-Ve-Teror-Oyunları.pdf,Books/Books for Text_TR-20260529T163910Z-3-001/Books for Text_TR/İstihbarat/Mahir-Kaynak-İstihbarat-Ve-Teror-Oyunları.pdf,Mahir-Kaynak-İstihbarat-Ve-Teror-Oyunları.txt,PDF,145,26576,194247,Başarılı,b12cf912280ea05ea1c35c69f5cb40301d7e44f8c63bc964e41a9daee6d7f42c
Mimar-Sinan-dergisi-100.pdf,Books/Books for Text_TR-20260529T163910Z-3-002/Books for Text_TR/Duvar_TR/Dergi-MSinan/Mimar-Sinan-dergisi-100.pdf,Mimar-Sinan-dergisi-100.txt,PDF,160,47031,336143,Başarılı,7b14f607b445f6f3f9b8a61eb6f9fcf440259a5e39ba5283cb3455dcbd1abd2f
Mimar-Sinan-dergisi-26.pdf,Books/Books for Text_TR-20260529T163910Z-3-002/Books for Text_TR/Duvar_TR/Dergi-MSinan/Mimar-Sinan-dergisi-26.pdf,Mimar-Sinan-dergisi-26.txt,PDF,86,21785,151431,Başarılı,969775387a95d699917bdbf4b7234058ac4651e803e3c0689e5b063811f6b5e3
Mimar-Sinan-dergisi-76.pdf,Books/Books for Text_TR-20260529T163910Z-3-002/Books for Text_TR/Duvar_TR/Dergi-MSinan/Mimar-Sinan-dergisi-76.pdf,Mimar-Sinan-dergisi-76.txt,PDF,82,20717,150321,Başarılı,7f07bd46a5b81489004596f8811eeae6f41d6faa506c5b7be4e966853ba91fce
Murat Yetkin-Meraklısı İçin Casuslar Kitabı.pdf,Books/Books for Text_TR-20260529T163910Z-3-001/Books for Text_TR/İstihbarat/Murat Yetkin-Meraklısı İçin Casuslar Kitabı.pdf,Murat Yetkin-Meraklısı İçin Casuslar Kitabı.txt,PDF,429,117865,887093,Başarılı,ebd9e38fac3488e8ecce89e537ba7afbcfeed7820e3bb5b5662872501959582e
İstihbarat Teorisi.pdf,Books/Books for Text_TR-20260529T163910Z-3-001/Books for Text_TR/İstihbarat/İstihbarat Teorisi.pdf,İstihbarat Teorisi.txt,PDF,464,124252,961132,Başarılı,b54b19f7c45fb7f3260f4f41316f4af3282b5eaf57de0132f3468f08fa4baf55
Mimar-Sinan-dergisi-31.pdf,Books/Books for Text_TR-20260529T163910Z-3-002/Books for Text_TR/Duvar_TR/Dergi-MSinan/Mimar-Sinan-dergisi-31.pdf,Mimar-Sinan-dergisi-31.txt,PDF,82,19989,130518,Başarılı,dc866fd4657a297e32c06c13fea2153e11dde82fd0f1abb3b3ec2449ac9d4f25
zKonulara_Gore_Fihrist.pdf,Books/Books for Text_TR-20260529T163910Z-3-002/Books for Text_TR/Duvar_TR/Dergi-MSinan/zKonulara_Gore_Fihrist.pdf,zKonulara_Gore_Fihrist.txt,PDF,24,11960,74775,Başarılı,54cf7611d13501acc312388205c3fcc868c41437c45e6e782fa22ab6dd643abe
Mimar-Sinan-dergisi-95.pdf,Books/Books for Text_TR-20260529T163910Z-3-002/Books for Text_TR/Duvar_TR/Dergi-MSinan/Mimar-Sinan-dergisi-95.pdf,Mimar-Sinan-dergisi-95.txt,PDF,90,23191,165087,Başarılı,f2d27124648fafb154b05921397fc00349823ccfbd2fbd12420a92ffe62412b6
Mimar-Sinan-dergisi-92.pdf,Books/Books for Text_TR-20260529T163910Z-3-002/Books for Text_TR/Duvar_TR/Dergi-MSinan/Mimar-Sinan-dergisi-92.pdf,Mimar-Sinan-dergisi-92.txt,PDF,105,28752,207256,Başarılı,58ef06f4f4a8b3353b129bcd72ebd0f0a2ea05e021ed9fb0bb16371dc12b1b21
T01.pdf,Books/Books for Text_TR-20260529T163910Z-3-002/Books for Text_TR/Duvar_TR/Dergi-Tesviye/T01.pdf,T01.txt,PDF,34,8601,59744,Başarılı,55951a9d97520be047402e93c3a6c44fc73cdfcbf269817c74fdfc4094ccda58
Mimar-Sinan-dergisi-93.pdf,Books/Books for Text_TR-20260529T163910Z-3-002/Books for Text_TR/Duvar_TR/Dergi-MSinan/Mimar-Sinan-dergisi-93.pdf,Mimar-Sinan-dergisi-93.txt,PDF,89,25758,181465,Başarılı,38147915f31f8d4bbb59feec85f7f040716357a97ac53ddc0c38705d8be148e5
Mimar-Sinan-dergisi-94.pdf,Books/Books for Text_TR-20260529T163910Z-3-002/Books for Text_TR/Duvar_TR/Dergi-MSinan/Mimar-Sinan-dergisi-94.pdf,Mimar-Sinan-dergisi-94.txt,PDF,97,26994,193091,Başarılı,49578bd09ed9f6b745501d8768ed1cc3888d1fe4ab7e55baba2e2540b97b29e2
Mimar-Sinan-dergisi-64.pdf,Books/Books for Text_TR-20260529T163910Z-3-002/Books for Text_TR/Duvar_TR/Dergi-MSinan/Mimar-Sinan-dergisi-64.pdf,Mimar-Sinan-dergisi-64.txt,PDF,102,24414,175416,Başarılı,9fea35466a25957f530549b3d44f6d7fbbdb106f68ab16a8e755c637a6fd4f70
T04.pdf,Books/Books for Text_TR-20260529T163910Z-3-002/Books for Text_TR/Duvar_TR/Dergi-Tesviye/T04.pdf,T04.txt,PDF,36,9709,69175,Başarılı,0e95f9faecc67cdf557276fd86d35d4615aed26143751260eb91e29a2dd83629
T06.pdf,Books/Books for Text_TR-20260529T163910Z-3-002/Books for Text_TR/Duvar_TR/Dergi-Tesviye/T06.pdf,T06.txt,PDF,36,10508,73251,Başarılı,4da1835835c6e1cc4dfd44877a4bc015f783c075782e55330d3fba3bd29ff7ac
T05.pdf,Books/Books for Text_TR-20260529T163910Z-3-002/Books for Text_TR/Duvar_TR/Dergi-Tesviye/T05.pdf,T05.txt,PDF,36,10234,74025,Başarılı,a27de92c7f4f0b82b00a06cef332f10bb1e4078746a308029d1ed72a90bb0de7
T03.pdf,Books/Books for Text_TR-20260529T163910Z-3-002/Books for Text_TR/Duvar_TR/Dergi-Tesviye/T03.pdf,T03.txt,PDF,36,10774,77827,Başarılı,58df5b89747c3ca748f6b3d019717632a933d68255c468251fa98b9ee1ce66a4
T02.pdf,Books/Books for Text_TR-20260529T163910Z-3-002/Books for Text_TR/Duvar_TR/Dergi-Tesviye/T02.pdf,T02.txt,PDF,36,8617,61515,Başarılı,b5e136d4f78c629ff2ea1e5b15a07af54e2cac4ef1974e7c642f1c594b0bc431
T07.pdf,Books/Books for Text_TR-20260529T163910Z-3-002/Books for Text_TR/Duvar_TR/Dergi-Tesviye/T07.pdf,T07.txt,PDF,36,9394,64995,Başarılı,2f655f50cd6ca273a00b045749598df663db23ab08c17c7a56ca068ca29eca87
T08.pdf,Books/Books for Text_TR-20260529T163910Z-3-002/Books for Text_TR/Duvar_TR/Dergi-Tesviye/T08.pdf,T08.txt,PDF,44,12073,83757,Başarılı,455d8eacb6e612e840af77d5768f51efb8557fc2225191adf0af175a2711f00d
T09.pdf,Books/Books for Text_TR-20260529T163910Z-3-002/Books for Text_TR/Duvar_TR/Dergi-Tesviye/T09.pdf,T09.txt,PDF,44,11427,78008,Başarılı,e216462df0cdec900bd498a6f7c1c15b8f56c518323975531b8b18d5d65ab3f4
Mimar-Sinan-dergisi-96.pdf,Books/Books for Text_TR-20260529T163910Z-3-002/Books for Text_TR/Duvar_TR/Dergi-MSinan/Mimar-Sinan-dergisi-96.pdf,Mimar-Sinan-dergisi-96.txt,PDF,90,25599,185594,Başarılı,523b5cfa92c544d8a19f4f5ee466968d467e18f300e02d30b280814176e069af
T10.pdf,Books/Books for Text_TR-20260529T163910Z-3-002/Books for Text_TR/Duvar_TR/Dergi-Tesviye/T10.pdf,T10.txt,PDF,44,13334,91547,Başarılı,559350ffd62bfd016d7bd3ec8d6f2c954a36fda894e563d827442f3736fef778
T11.pdf,Books/Books for Text_TR-20260529T163910Z-3-002/Books for Text_TR/Duvar_TR/Dergi-Tesviye/T11.pdf,T11.txt,PDF,44,11935,82971,Başarılı,6b5cdccb5eb413b5f12c6dbc2db973acc9c56c5efe069d2cf3ed9dd14782444d
T13.pdf,Books/Books for Text_TR-20260529T163910Z-3-002/Books for Text_TR/Duvar_TR/Dergi-Tesviye/T13.pdf,T13.txt,PDF,44,11352,75796,Başarılı,8dc220119b3813a493409c2dedad76f8ac6610dde48ffe6d0384a6bdd02e85bd
T12.pdf,Books/Books for Text_TR-20260529T163910Z-3-002/Books for Text_TR/Duvar_TR/Dergi-Tesviye/T12.pdf,T12.txt,PDF,44,11348,74668,Başarılı,4488c7263ef6b9a7011e1ab0c3db72e8e505cf6df6fc17fdd11fa0368562de60
T14.pdf,Books/Books for Text_TR-20260529T163910Z-3-002/Books for Text_TR/Duvar_TR/Dergi-Tesviye/T14.pdf,T14.txt,PDF,44,11537,78955,Başarılı,1e9fb8c2c9e9433dfeb421e6cacfe6a2e49b47525bf5160eb916fdfca2916ca3
T17.pdf,Books/Books for Text_TR-20260529T163910Z-3-002/Books for Text_TR/Duvar_TR/Dergi-Tesviye/T17.pdf,T17.txt,PDF,44,11834,79839,Başarılı,28c54e094d6da2c23353df500f4fb0ec38e843b66edd674181382fca741812b4
T20.pdf,Books/Books for Text_TR-20260529T163910Z-3-002/Books for Text_TR/Duvar_TR/Dergi-Tesviye/T20.pdf,T20.txt,PDF,44,12855,87732,Başarılı,f78bd0abf9495e0dae8684e654907ae109eb8e946dee001b6b35c4f197ca7066
T15.pdf,Books/Books for Text_TR-20260529T163910Z-3-002/Books for Text_TR/Duvar_TR/Dergi-Tesviye/T15.pdf,T15.txt,PDF,44,11811,81090,Başarılı,996d0e7d3080cbc031e530aa0091b2be89ac7fb8cc4b7619602e33b37fcf857a
T21.pdf,Books/Books for Text_TR-20260529T163910Z-3-002/Books for Text_TR/Duvar_TR/Dergi-Tesviye/T21.pdf,T21.txt,PDF,44,11873,78317,Başarılı,6dd14fdd7791dd1df7f1af88fc9317c1212e53c0d7a101b836d2f233ccff15a8
T19.pdf,Books/Books for Text_TR-20260529T163910Z-3-002/Books for Text_TR/Duvar_TR/Dergi-Tesviye/T19.pdf,T19.txt,PDF,44,12347,86944,Başarılı,0e068a6a3b897e47e2880c2668c6f65d1b1a43184e47c5faba3f01ea87618962
T18.pdf,Books/Books for Text_TR-20260529T163910Z-3-002/Books for Text_TR/Duvar_TR/Dergi-Tesviye/T18.pdf,T18.txt,PDF,44,11542,79131,Başarılı,632ab6b85a1feb8b04df76d6383c8557ae67f1809ad1d6963d0355736c2c39d8
T25.pdf,Books/Books for Text_TR-20260529T163910Z-3-002/Books for Text_TR/Duvar_TR/Dergi-Tesviye/T25.pdf,T25.txt,PDF,52,12970,90324,Başarılı,4d8cbcee27b4766659306c3c33daad30173b284e687ff7a1a0fa5d6f1c3cf46d
T22.pdf,Books/Books for Text_TR-20260529T163910Z-3-002/Books for Text_TR/Duvar_TR/Dergi-Tesviye/T22.pdf,T22.txt,PDF,44,10686,72353,Başarılı,502b16bf7d22f150d37844d3568b026f0c1346803965cb49ec34ad9b40a3b466
T26.pdf,Books/Books for Text_TR-20260529T163910Z-3-002/Books for Text_TR/Duvar_TR/Dergi-Tesviye/T26.pdf,T26.txt,PDF,44,13537,96203,Başarılı,935b2e430eeb5e7b981ce5edec936238d6c81ca324cce147e9a90453ef87d3a4
T30.pdf,Books/Books for Text_TR-20260529T163910Z-3-002/Books for Text_TR/Duvar_TR/Dergi-Tesviye/T30.pdf,T30.txt,PDF,52,13158,93634,Başarılı,8ebebc0fbc4a0b5553983a97c21d9b30b59ca44adcf7a3912a4b2c1a767d4ef1
T28.pdf,Books/Books for Text_TR-20260529T163910Z-3-002/Books for Text_TR/Duvar_TR/Dergi-Tesviye/T28.pdf,T28.txt,PDF,52,13412,95148,Başarılı,d63881a955a54fec1c592246eafd7a072bc070218ce4e1d9a93673b109ea48a7
T27.pdf,Books/Books for Text_TR-20260529T163910Z-3-002/Books for Text_TR/Duvar_TR/Dergi-Tesviye/T27.pdf,T27.txt,PDF,52,14172,94620,Başarılı,46f222a70c524236143c7e28ba7c969200c06c4039170125e1fecd05ca68fcae
T29.pdf,Books/Books for Text_TR-20260529T163910Z-3-002/Books for Text_TR/Duvar_TR/Dergi-Tesviye/T29.pdf,T29.txt,PDF,52,13858,92512,Başarılı,6e35ff34186e4a68242efdddb94005da5d8a16511b6935f24c27ff20c6f6b92d
T32.pdf,Books/Books for Text_TR-20260529T163910Z-3-002/Books for Text_TR/Duvar_TR/Dergi-Tesviye/T32.pdf,T32.txt,PDF,56,13111,88022,Başarılı,53375cc59a5107a4696281a44aa4207b456c4e86dccd4a952e2534426b120c9c
T36.pdf,Books/Books for Text_TR-20260529T163910Z-3-002/Books for Text_TR/Duvar_TR/Dergi-Tesviye/T36.pdf,T36.txt,PDF,56,14384,101588,Başarılı,1ea0bf5d9c648e221fcddc6610d0bd15f19977d23249a537cfb3039164b5ee9e
T34.pdf,Books/Books for Text_TR-20260529T163910Z-3-002/Books for Text_TR/Duvar_TR/Dergi-Tesviye/T34.pdf,T34.txt,PDF,56,13248,92910,Başarılı,1c61f91d50752f0fe5d3376b29f144c813aeca47dbec08a098cb93fa865311fa
T37.pdf,Books/Books for Text_TR-20260529T163910Z-3-002/Books for Text_TR/Duvar_TR/Dergi-Tesviye/T37.pdf,T37.txt,PDF,28,5909,29728,Başarılı,4ad2a08380d3cb48200dcc0bf0b6a95c19ff906ce99e22b934ed008ddff25a1c
T33.pdf,Books/Books for Text_TR-20260529T163910Z-3-002/Books for Text_TR/Duvar_TR/Dergi-Tesviye/T33.pdf,T33.txt,PDF,52,15357,103467,Başarılı,0b78f9bdfe20cab642883168a71f50d8db50017011042b51c2395dd6f808f232
T35.pdf,Books/Books for Text_TR-20260529T163910Z-3-002/Books for Text_TR/Duvar_TR/Dergi-Tesviye/T35.pdf,T35.txt,PDF,52,15238,105981,Başarılı,fbc16026cfee5c6241de85cdbf28939416dd9fa76b0a119a2fff202eba4ed5b6
T42.pdf,Books/Books for Text_TR-20260529T163910Z-3-002/Books for Text_TR/Duvar_TR/Dergi-Tesviye/T42.pdf,T42.txt,PDF,52,61701,137189,Başarılı,4acfb3c30edea11996ea00d385501b92b2b7801ff74ecde8fd04705abc0320e8
T38.pdf,Books/Books for Text_TR-20260529T163910Z-3-002/Books for Text_TR/Duvar_TR/Dergi-Tesviye/T38.pdf,T38.txt,PDF,52,12350,87826,Başarılı,7f7aa9a2d4a35864d6d5f6c270bcab6f9818cf636fc7dfe61fa91f42de0780ca
T40.pdf,Books/Books for Text_TR-20260529T163910Z-3-002/Books for Text_TR/Duvar_TR/Dergi-Tesviye/T40.pdf,T40.txt,PDF,52,13462,93018,Başarılı,21455a7664fa332a9d780c450c2f702040f4d8d7fe966dd761a4c28ef9d04cb1
T45.pdf,Books/Books for Text_TR-20260529T163910Z-3-002/Books for Text_TR/Duvar_TR/Dergi-Tesviye/T45.pdf,T45.txt,PDF,56,12069,82293,Başarılı,b96f9084bf91f677835ec96f34ddb043046a70d9f6fe9cf984509add60a2e8e8
T39.pdf,Books/Books for Text_TR-20260529T163910Z-3-002/Books for Text_TR/Duvar_TR/Dergi-Tesviye/T39.pdf,T39.txt,PDF,52,12267,88243,Başarılı,a97ddcbb8fd7732dc55b3ac0194a3ac54daaecdc84b5ca13fdb23661731b5f04
T48.pdf,Books/Books for Text_TR-20260529T163910Z-3-002/Books for Text_TR/Duvar_TR/Dergi-Tesviye/T48.pdf,T48.txt,PDF,56,11232,74364,Başarılı,f580d1c543a1df0d34fccf40bb0cf4e35a20bb95ba8f23ae8722177026d869d2
T44.pdf,Books/Books for Text_TR-20260529T163910Z-3-002/Books for Text_TR/Duvar_TR/Dergi-Tesviye/T44.pdf,T44.txt,PDF,56,48515,125531,Başarılı,68f07605da3a7b90abd5e94b9840debf6aee0c74aa43a7e81e190a6d2749456e
T46.pdf,Books/Books for Text_TR-20260529T163910Z-3-002/Books for Text_TR/Duvar_TR/Dergi-Tesviye/T46.pdf,T46.txt,PDF,56,43580,113601,Başarılı,5b0e05d21f3517cacc4f093cd7a61769bd9439be22f64f517a034fd73b43abd8
T43.pdf,Books/Books for Text_TR-20260529T163910Z-3-002/Books for Text_TR/Duvar_TR/Dergi-Tesviye/T43.pdf,T43.txt,PDF,50,51432,131310,Başarılı,c991304b19f8ea51992e27b739da403d95d2d61064fd41bcd3fc408c8092ab3b
T47.pdf,Books/Books for Text_TR-20260529T163910Z-3-002/Books for Text_TR/Duvar_TR/Dergi-Tesviye/T47.pdf,T47.txt,PDF,56,11370,79127,Başarılı,69b50eeac83aebd8c701055d2297bafa95929058b3351b8d2087397080659ba5
T41.pdf,Books/Books for Text_TR-20260529T163910Z-3-002/Books for Text_TR/Duvar_TR/Dergi-Tesviye/T41.pdf,T41.txt,PDF,52,70914,155031,Başarılı,d249e7d3317173eb519ede60abfc5f2ee538d1cfc8ca1246875e79da08f8aa76
T50.pdf,Books/Books for Text_TR-20260529T163910Z-3-002/Books for Text_TR/Duvar_TR/Dergi-Tesviye/T50.pdf,T50.txt,PDF,56,10190,72924,Başarılı,8053c08b9d1faefa4661ca4c4fe0a1cdf0a01351f4d4f79bd9ee658787131dd4
Teşkilat-ı-Mahsusa-Philip-Hendrick-Stoddard.pdf,Books/Books for Text_TR-20260529T163910Z-3-001/Books for Text_TR/İstihbarat/Teşkilat-ı-Mahsusa-Philip-Hendrick-Stoddard.pdf,Teşkilat-ı-Mahsusa-Philip-Hendrick-Stoddard.txt,PDF,298,54363,401832,Başarılı,a790fcbc951b6947b4d75f74b33609d98a322580a31405e719a4168e94a0ee9a
T49.pdf,Books/Books for Text_TR-20260529T163910Z-3-002/Books for Text_TR/Duvar_TR/Dergi-Tesviye/T49.pdf,T49.txt,PDF,52,12951,90008,Başarılı,9087b4d7026e1925b8a5cb81c717ec86a26c8e164342a8b0dd225f3357c78919
T52.pdf,Books/Books for Text_TR-20260529T163910Z-3-002/Books for Text_TR/Duvar_TR/Dergi-Tesviye/T52.pdf,T52.txt,PDF,56,18657,126098,Başarılı,3806f29b804e7bfb965e6949482ef8e84f2eeb928d6020e57485097271d885bb
T51.pdf,Books/Books for Text_TR-20260529T163910Z-3-002/Books for Text_TR/Duvar_TR/Dergi-Tesviye/T51.pdf,T51.txt,PDF,56,19971,137195,Başarılı,a82464367dedbd53cdfb05e1d0a30e4a43885f06b5e4250746b1b4e160b615f7
T72.pdf,Books/Books for Text_TR-20260529T163910Z-3-002/Books for Text_TR/Duvar_TR/Dergi-Tesviye/T72.pdf,T72.txt,PDF,6,2671,19757,Başarılı,d1bb14d1b760076476dc5689c48417c62e14ea45ad2c2e97f31b484a6a44ad95
T55.pdf,Books/Books for Text_TR-20260529T163910Z-3-002/Books for Text_TR/Duvar_TR/Dergi-Tesviye/T55.pdf,T55.txt,PDF,55,19681,131439,Başarılı,6bc486f6029e80fec37df38db281b7dcfcfc7d8fcd4d4dc9dc52a4ca0012f774
T54.pdf,Books/Books for Text_TR-20260529T163910Z-3-002/Books for Text_TR/Duvar_TR/Dergi-Tesviye/T54.pdf,T54.txt,PDF,56,32026,140036,Başarılı,c2db39e2e8b5d3eae130e16e3b7a220c219327b021b5b55d5a4b33874ad340e0
T59.pdf,Books/Books for Text_TR-20260529T163910Z-3-002/Books for Text_TR/Duvar_TR/Dergi-Tesviye/T59.pdf,T59.txt,PDF,68,20777,141518,Başarılı,6fb2594858d49813b5c57be1b40cdb3ec0b4eb56ef18b9fc6f5e7bbc2f5b0256
Mason-Profili.pdf,Books/Books for Text_TR-20260529T163910Z-3-002/Books for Text_TR/Duvar_TR/M-CLayktez/Mason-Profili.pdf,Mason-Profili.txt,PDF,105,0,0,Görsel / Taranmış (0 Kelime),87c3f0a1d566eba1c735506633d5793290649590553a341509f9154c89e728d3
T74.pdf,Books/Books for Text_TR-20260529T163910Z-3-002/Books for Text_TR/Duvar_TR/Dergi-Tesviye/T74.pdf,T74.txt,PDF,5,2504,18580,Başarılı,6d3a6f7e23f68e1f3fa23cbe4152ef5cad5133f029aa7a6b87e4bbce9d45e1ac
T53.pdf,Books/Books for Text_TR-20260529T163910Z-3-002/Books for Text_TR/Duvar_TR/Dergi-Tesviye/T53.pdf,T53.txt,PDF,56,19884,136819,Başarılı,de8af518b662c5267ef9be587ed5ddd8e5f6ca4a786c2975c29eb2ef0d951910
Andersonun_Kitabı-3-Yükümlülükler.pdf,Books/Books for Text_TR-20260529T163910Z-3-002/Books for Text_TR/Duvar_TR/M-Murat Özgen Ayfer/Anderson_un Kitabı/Andersonun_Kitabı-3-Yükümlülükler.pdf,Andersonun_Kitabı-3-Yükümlülükler.txt,PDF,15,5035,39381,Başarılı,f29073edf5b834d62b4456cbb3db23f912d91ca57e08520ac87e7d9a636c5ed0
T56.pdf,Books/Books for Text_TR-20260529T163910Z-3-002/Books for Text_TR/Duvar_TR/Dergi-Tesviye/T56.pdf,T56.txt,PDF,84,25705,165963,Başarılı,6ece50981d1f2a9bca0c9ff20e9f76b3e2d9bca93c505f27b78d4a219091dfaf
T57.pdf,Books/Books for Text_TR-20260529T163910Z-3-002/Books for Text_TR/Duvar_TR/Dergi-Tesviye/T57.pdf,T57.txt,PDF,76,24346,163686,Başarılı,a62beca8fbffce849b2f3645f0714a7aafd2deccdb74523738714a3859c2b3a0
T58.pdf,Books/Books for Text_TR-20260529T163910Z-3-002/Books for Text_TR/Duvar_TR/Dergi-Tesviye/T58.pdf,T58.txt,PDF,76,22852,149533,Başarılı,40f503bca489b7278aca6ceb73647bb0357943ffe25cbb6f45a54cfb9386f764
T75.pdf,Books/Books for Text_TR-20260529T163910Z-3-002/Books for Text_TR/Duvar_TR/Dergi-Tesviye/T75.pdf,T75.txt,PDF,68,23940,172814,Başarılı,f6fa7507d3178f9a55db74229b7f202792b2b3468f10c16ec95d00cd74dc9143
Ms_Sozlugu_10_Sistemle.pdf,Books/Books for Text_TR-20260529T163910Z-3-002/Books for Text_TR/Duvar_TR/M-Murat Özgen Ayfer/Ms-Sözlüğü/Ms_Sozlugu_10_Sistemle.pdf,Ms_Sozlugu_10_Sistemle.txt,PDF,116,33667,257089,Başarılı,cf5f9605d5705487c4256c1147f6e8bfaa116bc9cdc72c5f320cfd3be2507f10
Andersonun_Kitabı-4-Genel Tüzük.pdf,Books/Books for Text_TR-20260529T163910Z-3-002/Books for Text_TR/Duvar_TR/M-Murat Özgen Ayfer/Anderson_un Kitabı/Andersonun_Kitabı-4-Genel Tüzük.pdf,Andersonun_Kitabı-4-Genel Tüzük.txt,PDF,20,7376,55803,Başarılı,141afe9c997ae484fba90ab26a034d8644cb9a123b9daff867184846ead22bb0
T67.pdf,Books/Books for Text_TR-20260529T163910Z-3-002/Books for Text_TR/Duvar_TR/Dergi-Tesviye/T67.pdf,T67.txt,PDF,68,28844,183869,Başarılı,7d5987dc7309977ee4a3e54c6a3f270710edc5d3b8af32c08a3e95b535998473
Ms_Sozlugu_11_Gorevler.pdf,Books/Books for Text_TR-20260529T163910Z-3-002/Books for Text_TR/Duvar_TR/M-Murat Özgen Ayfer/Ms-Sözlüğü/Ms_Sozlugu_11_Gorevler.pdf,Ms_Sozlugu_11_Gorevler.txt,PDF,86,23509,176900,Başarılı,db15b87d9fcb469b4965f9ccaca72158a4ed5d2c93c503a986c20d8f748bd092
Ms_Sozlugu_4_Binalar_ve.pdf,Books/Books for Text_TR-20260529T163910Z-3-002/Books for Text_TR/Duvar_TR/M-Murat Özgen Ayfer/Ms-Sözlüğü/Ms_Sozlugu_4_Binalar_ve.pdf,Ms_Sozlugu_4_Binalar_ve.txt,PDF,42,12501,95022,Başarılı,72dbe7a2d23fcd111240f59fb7a884f2f32942c7b015bc30f166224a703707fa
Ms_Sozlugu_1_Kisaltmala.pdf,Books/Books for Text_TR-20260529T163910Z-3-002/Books for Text_TR/Duvar_TR/M-Murat Özgen Ayfer/Ms-Sözlüğü/Ms_Sozlugu_1_Kisaltmala.pdf,Ms_Sozlugu_1_Kisaltmala.txt,PDF,58,11532,83484,Başarılı,6c30fb37c0df5d82daadbdc8a483573f0ed89cb9db42ff8fe9e8624d18d691e9
Ms_Sozlugu_2_Simgeler_v.pdf,Books/Books for Text_TR-20260529T163910Z-3-002/Books for Text_TR/Duvar_TR/M-Murat Özgen Ayfer/Ms-Sözlüğü/Ms_Sozlugu_2_Simgeler_v.pdf,Ms_Sozlugu_2_Simgeler_v.txt,PDF,75,20364,153694,Başarılı,211000b9e66f607d7a719c7d6f86705c83d9c3fa20dff8c9f547eded6ea1ea90
Masones-Todos-sus-secretos-al-descubierto-Gioele-Magaldi-Kailas.pdf,Books/Books for Text_TR-20260529T163910Z-3-002/Books for Text_TR/Duvar_TR/Msn-Genel/Masones-Todos-sus-secretos-al-descubierto-Gioele-Magaldi-Kailas.pdf,Masones-Todos-sus-secretos-al-descubierto-Gioele-Magaldi-Kailas.txt,PDF,70,19251,118771,Başarılı,bf1433f626d791cae0958c4f028d0def836178bd4dfb097c5736a9498452dee9
Ms_Sozlugu_12_Yontemler.pdf,Books/Books for Text_TR-20260529T163910Z-3-002/Books for Text_TR/Duvar_TR/M-Murat Özgen Ayfer/Ms-Sözlüğü/Ms_Sozlugu_12_Yontemler.pdf,Ms_Sozlugu_12_Yontemler.txt,PDF,137,43700,337404,Başarılı,e9359e5da5947f379fda202f6860ce1bd7771bbb1906916e3c873365d173dfbc
A-G-Michel-Mason-Diktatorluğu.pdf,Books/Books for Text_TR-20260529T163910Z-3-002/Books for Text_TR/Duvar_TR/Msn-Genel/A-G-Michel-Mason-Diktatorluğu.pdf,A-G-Michel-Mason-Diktatorluğu.txt,PDF,245,43151,303075,Başarılı,69ea2b12a7dbe9707bd5c91c13ce5d226c09e083a2a33d9d5e8784f4c7263440
Masonluk-Paul-Naudon.pdf,Books/Books for Text_TR-20260529T163910Z-3-002/Books for Text_TR/Duvar_TR/Msn-Genel/Masonluk-Paul-Naudon.pdf,Masonluk-Paul-Naudon.txt,PDF,208,34415,238936,Başarılı,79915e285769f7f19a5f8577c187eb966a29811b1babc5e382e2083e20c8a648
Tapınakçılar Ve Masonlar (Adnan Oktar) (z-lib.org).pdf,Books/Books for Text_TR-20260529T163910Z-3-002/Books for Text_TR/Duvar_TR/Msn-HYahya/Tapınakçılar Ve Masonlar (Adnan Oktar) (z-lib.org).pdf,Tapınakçılar Ve Masonlar (Adnan Oktar) (z-lib.org).txt,PDF,174,24990,189313,Başarılı,6e2150faf96884ee15842b230942c8a3b9537242b2485bd08a8f4c37a6053cab
Tapınak Şövalyeleri (Adnan Oktar [HARUN YAHYA]) (z-lib.org).pdf,Books/Books for Text_TR-20260529T163910Z-3-002/Books for Text_TR/Duvar_TR/Msn-HYahya/Tapınak Şövalyeleri (Adnan Oktar [HARUN YAHYA]) (z-lib.org).pdf,Tapınak Şövalyeleri (Adnan Oktar [HARUN YAHYA]) (z-lib.org).txt,PDF,218,34621,262600,Başarılı,4d0159f0b56debc4d0acae1e11c4cc624a5239c33123d095891a99828e5e7597
Global Masonluk (Adnan Oktar - Harun Yahya) (z-lib.org) (1).pdf,Books/Books for Text_TR-20260529T163910Z-3-002/Books for Text_TR/Duvar_TR/Msn-HYahya/Global Masonluk (Adnan Oktar - Harun Yahya) (z-lib.org) (1).pdf,Global Masonluk (Adnan Oktar - Harun Yahya) (z-lib.org) (1).txt,PDF,222,43183,323810,Başarılı,d74c979af178c0327c3a438eba6d1ae684a97b602bc9d0e2039379202c58be54
Masonluktaki_Iskoc_Riti_Konusunda_Anlati (1).pdf,Books/Books for Text_TR-20260529T163910Z-3-002/Books for Text_TR/Duvar_TR/Msn-Lc/Masonluktaki_Iskoc_Riti_Konusunda_Anlati (1).pdf,Masonluktaki_Iskoc_Riti_Konusunda_Anlati (1).txt,PDF,21,2289,17304,Başarılı,e6d2227f35c482fc9805f0469ae5f1705cde2f731c19c6908fa6aa48a9bb6f55
HYahya-ingiliz Derin Devleti-1.pdf,Books/Books for Text_TR-20260529T163910Z-3-002/Books for Text_TR/Duvar_TR/Msn-HYahya/HYahya-ingiliz Derin Devleti-1.pdf,HYahya-ingiliz Derin Devleti-1.txt,PDF,690,107275,830621,Başarılı,8792e227e57da15c782e05ab8cf025d46e906e9b39e28c4b033a7275099c27e1
Masonluktaki_Iskoc_Riti_Konusunda_Anlati (2).pdf,Books/Books for Text_TR-20260529T163910Z-3-002/Books for Text_TR/Duvar_TR/Msn-Lc/Masonluktaki_Iskoc_Riti_Konusunda_Anlati (2).pdf,Masonluktaki_Iskoc_Riti_Konusunda_Anlati (2).txt,PDF,24,3419,25960,Başarılı,4fd0377f8c11f31c2e2a2b50810d58de9bb8c1ba416cc0cc10d2b3ee6ce86ece
HYahya-ingiliz Derin Devleti-3.pdf,Books/Books for Text_TR-20260529T163910Z-3-002/Books for Text_TR/Duvar_TR/Msn-HYahya/HYahya-ingiliz Derin Devleti-3.pdf,HYahya-ingiliz Derin Devleti-3.txt,PDF,302,116248,940713,Başarılı,c93f485f4a89e36951caa8b4e8daa728e35a0634ae4b3e947e798b462d3d2a5c
Masonluktaki_Iskoc_Riti_Konusunda_Anlati.pdf,Books/Books for Text_TR-20260529T163910Z-3-002/Books for Text_TR/Duvar_TR/Msn-Lc/Masonluktaki_Iskoc_Riti_Konusunda_Anlati.pdf,Masonluktaki_Iskoc_Riti_Konusunda_Anlati.txt,PDF,27,4190,32361,Başarılı,2bada94fa155c875a96e0965ddce4bdf72f3f9f2a242f43da381ac3c27fc4dc3
Masonluktaki_Ritler_Konusunda_Bir_Derlem.pdf,Books/Books for Text_TR-20260529T163910Z-3-002/Books for Text_TR/Duvar_TR/Msn-Lc/Masonluktaki_Ritler_Konusunda_Bir_Derlem.pdf,Masonluktaki_Ritler_Konusunda_Bir_Derlem.txt,PDF,77,16233,122044,Başarılı,ca925049e3051cc8786dd6e0f3db67b086b56a9deecb82848d2aeffa44b257c3
HYahya-ingiliz Derin Devleti-2.pdf,Books/Books for Text_TR-20260529T163910Z-3-002/Books for Text_TR/Duvar_TR/Msn-HYahya/HYahya-ingiliz Derin Devleti-2.pdf,HYahya-ingiliz Derin Devleti-2.txt,PDF,325,125326,1026920,Başarılı,af43e152774802f607b8cb079aa907245e2d84fd096c8fde8de76508bf7f1cf7
TanjuKoray-Tablolar-04-Ustat.pdf,Books/Books for Text_TR-20260529T163910Z-3-002/Books for Text_TR/Duvar_TR/Msn-Lc/TanjuKoray-Tablolar-04-Ustat.pdf,TanjuKoray-Tablolar-04-Ustat.txt,PDF,20,0,0,Görsel / Taranmış (0 Kelime),d2dd667082b19640f684a9510e1785ac02ddc93b4a5178560d6368316c9dc47d
Tanju-Koray-Merak-Ettiklerimiz-Geometri.pdf,Books/Books for Text_TR-20260529T163910Z-3-002/Books for Text_TR/Duvar_TR/Msn-Lc/Tanju-Koray-Merak-Ettiklerimiz-Geometri.pdf,Tanju-Koray-Merak-Ettiklerimiz-Geometri.txt,PDF,16,4901,36424,Başarılı,28ac3c1c3baaa64fc1161c869ba0c5f789d71a42373c3904df2f67fabbe4afcf
Tanju-Koray-EKSR-d1.pdf,Books/Books for Text_TR-20260529T163910Z-3-002/Books for Text_TR/Duvar_TR/Msn-Lc/Tanju-Koray-EKSR-d1.pdf,Tanju-Koray-EKSR-d1.txt,PDF,65,12547,97523,Başarılı,597f2cd924b5a2d607656d95795de7e21adeffca320e910088ed4decbdbbfd12
Tanju-Koray-EKSR-d2.pdf,Books/Books for Text_TR-20260529T163910Z-3-002/Books for Text_TR/Duvar_TR/Msn-Lc/Tanju-Koray-EKSR-d2.pdf,Tanju-Koray-EKSR-d2.txt,PDF,43,7925,61860,Başarılı,1cd3dc91371683b717a7a4be470f2d8db65391bb91e10b3e01d14e2fa8755919
Kabala ve Masonluk (Harun Yahya -AdnanOktar) (z-lib.org).pdf,Books/Books for Text_TR-20260529T163910Z-3-002/Books for Text_TR/Duvar_TR/Msn-HYahya/Kabala ve Masonluk (Harun Yahya -AdnanOktar) (z-lib.org).pdf,Kabala ve Masonluk (Harun Yahya -AdnanOktar) (z-lib.org).txt,PDF,718,193892,1497596,Başarılı,f37bbbdcd043be22edd792f56cd779bdef7528d5cd4e18722772f398f56870de
TR_de Msn Tarhi-2_1957-1970a.pdf,Books/Books for Text_TR-20260529T163910Z-3-002/Books for Text_TR/Duvar_TR/M-CLayktez/TR_de Msn Tarhi-2_1957-1970a.pdf,TR_de Msn Tarhi-2_1957-1970a.txt,PDF,464,116002,829579,Başarılı,55bc54828f940d6e4d73bd251cc0f4b883a190fbf8d952b1f49442169f592346
Yön Dergisi-183-Masonluk.pdf,Books/Books for Text_TR-20260529T163910Z-3-002/Books for Text_TR/Duvar_TR/Msn_TR/Yön Dergisi-183-Masonluk.pdf,Yön Dergisi-183-Masonluk.txt,PDF,16,0,0,Görsel / Taranmış (0 Kelime),14bc3ab3fbeb965d698752e8dc97b947f572ec2c10c6005ea505914c46763a14
Massoni. Società a responsabilità illimitata. La scoperta delle Ur-Lodges ( PDFDrive ).pdf,Books/Books for Text_TR-20260529T163910Z-3-002/Books for Text_TR/Duvar_TR/Msn-Genel/Massoni. Società a responsabilità illimitata. La scoperta delle Ur-Lodges ( PDFDrive ).pdf,Massoni. Società a responsabilità illimitata. La scoperta delle Ur-Lodges ( PDFDrive ).txt,PDF,395,242970,1659102,Başarılı,044aba785a482172207ab95c5ec755331cd75888e0e496b996d97198760c97ab
"Dünyanın En Tehlikeli Gizli Örgütleri- İlluminati, Masonlar, Bilderberg Grubu, Tapmak Şövalyeleri, Cizvitler, Kafatası ve... (James Jackson) (z-lib.org).pdf","Books/Books for Text_TR-20260529T163910Z-3-002/Books for Text_TR/Duvar_TR/illumint/Dünyanın En Tehlikeli Gizli Örgütleri- İlluminati, Masonlar, Bilderberg Grubu, Tapmak Şövalyeleri, Cizvitler, Kafatası ve... (James Jackson) (z-lib.org).pdf","Dünyanın En Tehlikeli Gizli Örgütleri- İlluminati, Masonlar, Bilderberg Grubu, Tapmak Şövalyeleri, Cizvitler, Kafatası ve... (James Jackson) (z-lib.org).txt",PDF,126,28246,215234,Başarılı,f518289772e66d75bc97c8e5a204acaa9e1461eaf301bc64c5e3a43b2c67eaa8
Ahlak ve inanc-Albert Pike-Morals and Dogma.pdf,Books/Books for Text_TR-20260529T163910Z-3-002/Books for Text_TR/Duvar_TR/Msn-Genel/Ahlak ve inanc-Albert Pike-Morals and Dogma.pdf,Ahlak ve inanc-Albert Pike-Morals and Dogma.txt,PDF,1123,235114,1655133,Başarılı,e24de1c2b8946c846b8567b7cf2efe61ad32c4a50c776ac4ca84cfbdb641c9f3
Gizli-Orgutler-Eski-Buyuculerden-Cağdaş-Darbecilere-Attila-Tokatlı.pdf,Books/Books for Text_TR-20260529T163910Z-3-002/Books for Text_TR/Duvar_TR/illumint/Gizli-Orgutler-Eski-Buyuculerden-Cağdaş-Darbecilere-Attila-Tokatlı.pdf,Gizli-Orgutler-Eski-Buyuculerden-Cağdaş-Darbecilere-Attila-Tokatlı.txt,PDF,235,51022,383040,Başarılı,0bf4214b89abd66e6466e2cfe761f37a4b5af22054a001d2fc23c99e6b4edb17
TR_de Msn Tarhi-3_1971-1990a.pdf,Books/Books for Text_TR-20260529T163910Z-3-002/Books for Text_TR/Duvar_TR/M-CLayktez/TR_de Msn Tarhi-3_1971-1990a.pdf,TR_de Msn Tarhi-3_1971-1990a.txt,PDF,626,153227,1099517,Başarılı,cfe2db8eefa005c32a3060b9fe96cfb3c306d91730043e8955794bd437b42ceb
EKSR_HD_33_Derece_209-2015 Döneminde Adalet.pdf,Books/Books for Text_TR-20260529T163910Z-3-002/Books for Text_TR/Duvar_TR/Msn-Lc/EKSR_HD_33_Derece_209-2015 Döneminde Adalet.pdf,EKSR_HD_33_Derece_209-2015 Döneminde Adalet.txt,PDF,182,65269,465132,Başarılı,94aeecd398015ef4e4d9c7040e6390771756493ca716459ad8407b33dff8cfa5
Tanju-Koray-ozveri-CIRAK-KALFA (1).pdf,Books/Books for Text_TR-20260529T163910Z-3-002/Books for Text_TR/Duvar_TR/Msn-Lc/Tanju-Koray-ozveri-CIRAK-KALFA (1).pdf,Tanju-Koray-ozveri-CIRAK-KALFA (1).txt,PDF,220,64029,490429,Başarılı,52cd2ead403fa453cdfbd9bb2e3b02017a8cf2c14f35b6047d246015d7fff3f2
Geçmişten Günümüz Masonluk Tarihi.pdf,Books/Books for Text_TR-20260529T163910Z-3-002/Books for Text_TR/Duvar_TR/Msn_TR/Geçmişten Günümüz Masonluk Tarihi.pdf,Geçmişten Günümüz Masonluk Tarihi.txt,PDF,210,44875,330040,Başarılı,b8ff243b89244565a768ef6445020bb12e7e6497f4507eb110607162b1327ac7
Gizli-Toplumlar-Ve-20-Yuzyıldaki-Gucleri.pdf,Books/Books for Text_TR-20260529T163910Z-3-002/Books for Text_TR/Duvar_TR/illumint/Gizli-Toplumlar-Ve-20-Yuzyıldaki-Gucleri.pdf,Gizli-Toplumlar-Ve-20-Yuzyıldaki-Gucleri.txt,PDF,215,73210,567777,Başarılı,958b8e9b57f693442a9240d7f0ad6d50709690b4c6e42eb0bbf0c105f62ff4c7
3.pdf,Books/Books for Text_TR-20260529T163910Z-3-002/Books for Text_TR/Gld-World/Philip Willan Soylesi/3.pdf,3.txt,PDF,1,629,4077,Başarılı,51428ff7ea24292ea8d02996f6d69baba09a4f59653536b4018342f2228231b6
Yeni-Masonik-Duzen-Tr-b7.pdf,Books/Books for Text_TR-20260529T163910Z-3-002/Books for Text_TR/Duvar_TR/Msn-HYahya/Yeni-Masonik-Duzen-Tr-b7.pdf,Yeni-Masonik-Duzen-Tr-b7.txt,PDF,769,283258,2148141,Başarılı,580fb1be46748e5193742314fb0fbc30be7752e5f9dbfc3b1347d51674d3138c
Philip Willan Soylesi-Umran Dergisi-2009-Aralik.pdf,Books/Books for Text_TR-20260529T163910Z-3-002/Books for Text_TR/Gld-World/Philip Willan Soylesi/Philip Willan Soylesi-Umran Dergisi-2009-Aralik.pdf,Philip Willan Soylesi-Umran Dergisi-2009-Aralik.txt,PDF,6,3146,20080,Başarılı,75bd550f6512d74c9034a1971e937fb9091f1fe683656095c3d07ce4b2219907
karlov_case_ENG.pdf,Books/Books for Text_TR-20260529T163910Z-3-002/Books for Text_TR/Karlov/karlov_case_ENG.pdf,karlov_case_ENG.txt,PDF,33,12261,81034,Başarılı,602b461aa53b9ea30ff50da5dac752fe5eb9dcd47894ad841dc82e2e6b68c036
Manipulasyon-Teknikleri-ile-Zihin-Yonlendirme-Nasil-Yapilir-docx.pdf,Books/Books for Text_TR-20260529T163910Z-3-002/Books for Text_TR/Propaganda ve İkna/Manipulasyon/Manipulasyon-Teknikleri-ile-Zihin-Yonlendirme-Nasil-Yapilir-docx.pdf,Manipulasyon-Teknikleri-ile-Zihin-Yonlendirme-Nasil-Yapilir-docx.txt,PDF,128,12152,99741,Başarılı,d65b8f7b6d3605d8bec98770168483db9c83a6e4804388c506b92e0a069b1fd0
Manipulasyon-Tuzakları-1-1-1.pdf,Books/Books for Text_TR-20260529T163910Z-3-002/Books for Text_TR/Propaganda ve İkna/Manipulasyon/Manipulasyon-Tuzakları-1-1-1.pdf,Manipulasyon-Tuzakları-1-1-1.txt,PDF,47,7409,59342,Başarılı,3e0fcc905814bde9aca9b4dfa7a1e9b9e13a96942ea58fc30539f967bf762f01
Manipüle Edilen Büyükelçi.pdf,Books/Books for Text_TR-20260529T163910Z-3-002/Books for Text_TR/Karlov/Manipüle Edilen Büyükelçi.pdf,Manipüle Edilen Büyükelçi.txt,PDF,31,10663,89355,Başarılı,dd334bb82b9d59c0dc2597afba54abbb28d1418d1a25ad391894d9cb2f3ba493
Manipulasyon-Teknikleri.pdf,Books/Books for Text_TR-20260529T163910Z-3-002/Books for Text_TR/Propaganda ve İkna/Manipulasyon/Manipulasyon-Teknikleri.pdf,Manipulasyon-Teknikleri.txt,PDF,112,4993,41015,Başarılı,a1e05a53b38edf72e118f02ae2f2864357c36da502f551364e7648535a7a367e
İletişimin-ABC-si-Unsal-Oskay.pdf,Books/Books for Text_TR-20260529T163910Z-3-002/Books for Text_TR/Propaganda ve İkna/Kitle iletisimi/İletişimin-ABC-si-Unsal-Oskay.pdf,İletişimin-ABC-si-Unsal-Oskay.txt,PDF,160,30044,237631,Başarılı,d00430dbbec1cecca8fc4b48ce71cf51e319a2d186a2a9d36e23efef25125881
İletişim-Cağında-Kultur.pdf,Books/Books for Text_TR-20260529T163910Z-3-002/Books for Text_TR/Propaganda ve İkna/Kitle iletisimi/İletişim-Cağında-Kultur.pdf,İletişim-Cağında-Kultur.txt,PDF,386,87454,684520,Başarılı,7d7a7798df0b2342a7a1926d11b68d94a4e6e3b142e679729bfb5badfeb7bab6
Le-Forestier-Tarihte-Ve-Gunumuzde-Gizli-Orgutler.pdf,Books/Books for Text_TR-20260529T163910Z-3-002/Books for Text_TR/Duvar_TR/illumint/Le-Forestier-Tarihte-Ve-Gunumuzde-Gizli-Orgutler.pdf,Le-Forestier-Tarihte-Ve-Gunumuzde-Gizli-Orgutler.txt,PDF,605,104345,776441,Başarılı,f16f31dcf71df00327a1a490a5fc63f2d3a16f988083d5350337100b4f7b8ec6
İlluminatinin-Tarihcesi.pdf,Books/Books for Text_TR-20260529T163910Z-3-002/Books for Text_TR/Duvar_TR/illumint/İlluminatinin-Tarihcesi.pdf,İlluminatinin-Tarihcesi.txt,PDF,320,53816,411859,Başarılı,5a5cc95098cd27eca5b3c1c1cdf17e65dc185977fe96ca8ec3f6d5019453ca0d
Medya-Dezenformasyonu-Sozluğu.pdf,Books/Books for Text_TR-20260529T163910Z-3-002/Books for Text_TR/Propaganda ve İkna/Medya/Medya-Dezenformasyonu-Sozluğu.pdf,Medya-Dezenformasyonu-Sozluğu.txt,PDF,11,2002,16486,Başarılı,844de0cc14a540aed88244e711fbc166413e5ead3b17b514de79f842083a048e
Yahudilik ve Masonluğa Karşı Cevat Rıfat Atilhan.pdf,Books/Books for Text_TR-20260529T163910Z-3-002/Books for Text_TR/Duvar_TR/Msn_TR/Yahudilik ve Masonluğa Karşı Cevat Rıfat Atilhan.pdf,Yahudilik ve Masonluğa Karşı Cevat Rıfat Atilhan.txt,PDF,414,108610,819691,Başarılı,a5ea07a683cf86bf48950681354f989a6c9596b497ef1b6800a28d3cfbdd623a
Manipulasyondan-Korunmanın-Yolları-Josef-Kirschner.pdf,Books/Books for Text_TR-20260529T163910Z-3-002/Books for Text_TR/Propaganda ve İkna/Manipulasyon/Manipulasyondan-Korunmanın-Yolları-Josef-Kirschner.pdf,Manipulasyondan-Korunmanın-Yolları-Josef-Kirschner.txt,PDF,151,19029,136632,Başarılı,1b2d71f912c5a2b9018a1f775bc57eb7d82a95eabb5cab244a11dd265203a641
Küresel Düzenin Şifreleri-Ramazan Kurtoğlu.pdf,Books/Books for Text_TR-20260529T163910Z-3-002/Books for Text_TR/Duvar_TR/illumint/Küresel Düzenin Şifreleri-Ramazan Kurtoğlu.pdf,Küresel Düzenin Şifreleri-Ramazan Kurtoğlu.txt,PDF,241,49187,350512,Başarılı,5a8a7d2d78052dcc1307b6fa634976f3e334adfdaa7a39cfca677e3d6aed6cfa
Yeni-Medyalar-Francis-Balle-Gerard-Eymery.pdf,Books/Books for Text_TR-20260529T163910Z-3-002/Books for Text_TR/Propaganda ve İkna/Medya/Yeni-Medyalar-Francis-Balle-Gerard-Eymery.pdf,Yeni-Medyalar-Francis-Balle-Gerard-Eymery.txt,PDF,137,25507,187632,Başarılı,b2407518d6ed9fa81fde353648fe1b518de914f3c5befa701ad95462a71a1f84
Medya-Demokrasisi-Thomas-Meyer.pdf,Books/Books for Text_TR-20260529T163910Z-3-002/Books for Text_TR/Propaganda ve İkna/Medya/Medya-Demokrasisi-Thomas-Meyer.pdf,Medya-Demokrasisi-Thomas-Meyer.txt,PDF,223,50449,390815,Başarılı,e1c6900ec4bad03f7444f8bf4e092a40a1e50634c6123ca2050870b38ca02a83
Medya-Ve-Gazetecilikte-Etik-Sorunlar.pdf,Books/Books for Text_TR-20260529T163910Z-3-002/Books for Text_TR/Propaganda ve İkna/Medya/Medya-Ve-Gazetecilikte-Etik-Sorunlar.pdf,Medya-Ve-Gazetecilikte-Etik-Sorunlar.txt,PDF,222,61819,461005,Başarılı,67b1178bbeacb9a5e604bb313491d06883b46688588b25953c69819819e1759a
BİR AKP BELGESELİ-MASKESİZ SOYGUN (İLHAN TAŞCI) (z-lib.org).epub,Books/Books for Text_TR-20260529T163910Z-3-002/Books for Text_TR/RTE/BİR AKP BELGESELİ-MASKESİZ SOYGUN (İLHAN TAŞCI) (z-lib.org).epub,BİR AKP BELGESELİ-MASKESİZ SOYGUN (İLHAN TAŞCI) (z-lib.org).txt,EPUB,232,43454,340886,Başarılı,fc5e52535a8c508f6aae0b88b585238edbe767c27324c27841e888eb6ba8d970
İletişim-ve-Televizyon-Teorileri-Rıdvan-Şenturk.pdf,Books/Books for Text_TR-20260529T163910Z-3-002/Books for Text_TR/Propaganda ve İkna/Medya/İletişim-ve-Televizyon-Teorileri-Rıdvan-Şenturk.pdf,İletişim-ve-Televizyon-Teorileri-Rıdvan-Şenturk.txt,PDF,288,74761,584582,Başarılı,f02231c0d6a62358ce535be33edbe52ca5f306b08e1a64f2ff820a198c7e1258
Medya-ve-iletisim-Sosyolojisi-Eric-Maıgret.pdf,Books/Books for Text_TR-20260529T163910Z-3-002/Books for Text_TR/Propaganda ve İkna/Medya/Medya-ve-iletisim-Sosyolojisi-Eric-Maıgret.pdf,Medya-ve-iletisim-Sosyolojisi-Eric-Maıgret.txt,PDF,370,93893,727390,Başarılı,d44d48bd2130eac925a5802a4a9f1da16e8932982a63f2bf9283182fb5be795c
Akıncılar-Hareketi-1970-lerde-İslamcı-Gencliğin-Oluşumu-Ertuğrul-Zengin.pdf,Books/Books for Text_TR-20260529T163910Z-3-002/Books for Text_TR/RTE/Akıncılar-Hareketi-1970-lerde-İslamcı-Gencliğin-Oluşumu-Ertuğrul-Zengin.pdf,Akıncılar-Hareketi-1970-lerde-İslamcı-Gencliğin-Oluşumu-Ertuğrul-Zengin.txt,PDF,351,101287,737183,Başarılı,ac8e64ebcbe7859d04125618144eff32e1e06d07e0eb758825d1a541d7bbf5df
Natonun-gizli-ordular-daniele-ganser - Kopya.pdf,Books/Books for Text_TR-20260529T163910Z-3-002/Books for Text_TR/Gld-Tr/Natonun-gizli-ordular-daniele-ganser - Kopya.pdf,Natonun-gizli-ordular-daniele-ganser - Kopya.txt,PDF,498,138872,1025183,Başarılı,50926b152eca80f86e9d35822537ac43e6531d6692fc0bf4ba78f055ddaa31a7
Murat-Agirel-parsel-parsel.pdf,Books/Books for Text_TR-20260529T163910Z-3-002/Books for Text_TR/RTE/Murat-Agirel-parsel-parsel.pdf,Murat-Agirel-parsel-parsel.txt,PDF,270,58298,423834,Başarılı,f4bff35f617df1fc36d7c75a4dd7d1284720966adeb9ef8f3affb523b3dc28c1
Medya-Ve-Demokrasi-John-Keane.pdf,Books/Books for Text_TR-20260529T163910Z-3-002/Books for Text_TR/Propaganda ve İkna/Medya/Medya-Ve-Demokrasi-John-Keane.pdf,Medya-Ve-Demokrasi-John-Keane.txt,PDF,175,48004,363735,Başarılı,da83ddc4044fbf07fc910889da15adf24d9d9536c2b6c1e8418b2f926759b38a
Medya-Populer-Kultur-ve-Ideoloji.pdf,Books/Books for Text_TR-20260529T163910Z-3-002/Books for Text_TR/Propaganda ve İkna/Medya/Medya-Populer-Kultur-ve-Ideoloji.pdf,Medya-Populer-Kultur-ve-Ideoloji.txt,PDF,271,73127,559147,Başarılı,15ff9cd26a5f229c96642346e8c818064abb8b9c31996a6b907c2a734d8c4d47
Ergun-Poyraz-Musa`nın-Cocukları-Tayyip-Ve-Emine.pdf,Books/Books for Text_TR-20260529T163910Z-3-002/Books for Text_TR/RTE/Ergun-Poyraz-Musa`nın-Cocukları-Tayyip-Ve-Emine.pdf,Ergun-Poyraz-Musa`nın-Cocukları-Tayyip-Ve-Emine.txt,PDF,173,69994,546871,Başarılı,b40400897498d699b86ffc773825b275f2b4581689e49624b4fc27fe799d03de
Yeni-Muhafazakarlık-Neo-Conlar-Merdan-Yanardağ-2013.pdf,Books/Books for Text_TR-20260529T163910Z-3-002/Books for Text_TR/RTE/Yeni-Muhafazakarlık-Neo-Conlar-Merdan-Yanardağ-2013.pdf,Yeni-Muhafazakarlık-Neo-Conlar-Merdan-Yanardağ-2013.txt,PDF,93,37825,302725,Başarılı,7ee028eee8ebad37317a8bf5d4b2f3cdb0739e87a55436e145fc7e18d22cfc76
TAKKELİ-FİRAVUNLAR-VE-BUYUK-SİYASİ-SIRLAR.pdf,Books/Books for Text_TR-20260529T163910Z-3-002/Books for Text_TR/RTE/TAKKELİ-FİRAVUNLAR-VE-BUYUK-SİYASİ-SIRLAR.pdf,TAKKELİ-FİRAVUNLAR-VE-BUYUK-SİYASİ-SIRLAR.txt,PDF,194,38820,279333,Başarılı,f2ed15bc810c900578acb072f714efbcf372755c011f91b55749ac2756c1adb3
PKK-Cumhuriyeti-Sufyan-Erdoğan-ve-AKP-acmazı.pdf,Books/Books for Text_TR-20260529T163910Z-3-002/Books for Text_TR/RTE/PKK-Cumhuriyeti-Sufyan-Erdoğan-ve-AKP-acmazı.pdf,PKK-Cumhuriyeti-Sufyan-Erdoğan-ve-AKP-acmazı.txt,PDF,331,71382,552162,Başarılı,d368b4445fa9d9979a6a936664066d571658a5c87363dffc24ae1f1e6e3a97b1
Aytunç Altındal - Hangi İsa.pdf,Books/Books for Text_TR-20260529T163910Z-3-002/Books for Text_TR/Yazarlar-Tr/Aytunç Altındal/Aytunç Altındal - Hangi İsa.pdf,Aytunç Altındal - Hangi İsa.txt,PDF,196,44723,327250,Başarılı,a362cfcfd22742a1ee3d784d2fa4da2a07346d25f833f2229ead0932b582e4ab
Aytunç Altındal - Vatikan Ve Tapınak Şovalyeleri.pdf,Books/Books for Text_TR-20260529T163910Z-3-002/Books for Text_TR/Yazarlar-Tr/Aytunç Altındal/Aytunç Altındal - Vatikan Ve Tapınak Şovalyeleri.pdf,Aytunç Altındal - Vatikan Ve Tapınak Şovalyeleri.txt,PDF,128,42759,329437,Başarılı,053171560ccdcf67e86ea6214959342fe53b42cf93e3286a3c9f8c0aaf183011
zBilinmeyen-Yonleriyle-Soner-Yalcın.pdf,Books/Books for Text_TR-20260529T163910Z-3-002/Books for Text_TR/Yazarlar-Tr/Soner Yalçın/zBilinmeyen-Yonleriyle-Soner-Yalcın.pdf,zBilinmeyen-Yonleriyle-Soner-Yalcın.txt,PDF,8,3089,21790,Başarılı,8178abba6ade7bf227bd71a2c6c3d78878e5b54b4d8cf74ff42a58ca5c80cd4d
Dogu-Perincek-Mafyokrasi.pdf,Books/Books for Text_TR-20260529T163910Z-3-002/Books for Text_TR/Yazarlar-Tr/Dogu-Perincek/Dogu-Perincek-Mafyokrasi.pdf,Dogu-Perincek-Mafyokrasi.txt,PDF,103,35121,286152,Başarılı,ac4a4347491b8e061450a052713814f08b2fad60d09949615f8d82d544441c9f
Aytunc Altındal-Dunun-Belgeleri-Yarının-Tarihi.pdf,Books/Books for Text_TR-20260529T163910Z-3-002/Books for Text_TR/Yazarlar-Tr/Aytunç Altındal/Aytunc Altındal-Dunun-Belgeleri-Yarının-Tarihi.pdf,Aytunc Altındal-Dunun-Belgeleri-Yarının-Tarihi.txt,PDF,213,46685,337514,Başarılı,3d212551c699aae20a3c1d476f732e4f11d8014d960fe2367d4114439f625d0d
Uğur-Mumcu-Kürt Dosyası.pdf,Books/Books for Text_TR-20260529T163910Z-3-002/Books for Text_TR/Yazarlar-Tr/Uğur Mumcu/Uğur-Mumcu-Kürt Dosyası.pdf,Uğur-Mumcu-Kürt Dosyası.txt,PDF,165,0,0,Görsel / Taranmış (0 Kelime),53c8bf4bddf7af1bced8c66b671b1626e0d9d2f95e5b1373032880d7d982650c
Soner-Yalcin-Binbasi-Ersever-in-Itiraflari.pdf,Books/Books for Text_TR-20260529T163910Z-3-002/Books for Text_TR/Yazarlar-Tr/Soner Yalçın/Soner-Yalcin-Binbasi-Ersever-in-Itiraflari.pdf,Soner-Yalcin-Binbasi-Ersever-in-Itiraflari.txt,PDF,168,52184,403272,Başarılı,794502218e643f985375b854e61250a021658763a5cc29405315c94996316048
Soner-Yalcın-Teşkilatın-İki-Silahşoru-pdf (1).pdf,Books/Books for Text_TR-20260529T163910Z-3-002/Books for Text_TR/Yazarlar-Tr/Soner Yalçın/Soner-Yalcın-Teşkilatın-İki-Silahşoru-pdf (1).pdf,Soner-Yalcın-Teşkilatın-İki-Silahşoru-pdf (1).txt,PDF,291,66763,513591,Başarılı,c6527db701e497f62e77d5912cb2f5247cd40b20da41237133afe49f17ea5d9b
SS-1-Baris-Pehlivan-Baris-Terkoglu.pdf,Books/Books for Text_TR-20260529T163910Z-3-002/Books for Text_TR/RTE/SS-1-Baris-Pehlivan-Baris-Terkoglu.pdf,SS-1-Baris-Pehlivan-Baris-Terkoglu.txt,PDF,228,55544,389912,Başarılı,9c4d0422d20167baebee65e4eee545a0da66fc4182f8ae85a4dcf7ec2446a208
Halil-Inalcik-Kurulus-Donemi-Osmanli-Sultanlari.pdf,Books/Books for Text_TR-20260529T163910Z-3-002/Books for Text_TR/Tarih/Halil İnalcık/Halil-Inalcik-Kurulus-Donemi-Osmanli-Sultanlari.pdf,Halil-Inalcik-Kurulus-Donemi-Osmanli-Sultanlari.txt,PDF,265,63253,439385,Başarılı,5f177daa01feea064e51e26e59c2ccf10cd0977bba9c9c47b4e4111cd84b7940
Mahir Kaynak-Derin Pkk-Büyük Oyun_un Gizli Kodları.pdf,Books/Books for Text_TR-20260529T163910Z-3-002/Books for Text_TR/Yazarlar-Tr/Mahir Kaynak/Mahir Kaynak-Derin Pkk-Büyük Oyun_un Gizli Kodları.pdf,Mahir Kaynak-Derin Pkk-Büyük Oyun_un Gizli Kodları.txt,PDF,174,29784,218471,Başarılı,68bb9cf48e6d710f003400124e0d099ff685e6db653927c94eb599a1b23b1f99
Ugur-Mumcu-Rabita.pdf,Books/Books for Text_TR-20260529T163910Z-3-002/Books for Text_TR/Yazarlar-Tr/Uğur Mumcu/Ugur-Mumcu-Rabita.pdf,Ugur-Mumcu-Rabita.txt,PDF,288,133340,1026402,Başarılı,8bd0b759a1b12fdc460b32214a7855cad5e89ad0cc659ebfb2be76740ac30e40
Sabetay-Sevi-Joseph-Kastein-Izmirli-Mesih.pdf,Books/Books for Text_TR-20260529T163910Z-3-002/Books for Text_TR/Yhd/Sbty ve Yhd/Sabetay-Sevi-Joseph-Kastein-Izmirli-Mesih.pdf,Sabetay-Sevi-Joseph-Kastein-Izmirli-Mesih.txt,PDF,305,72828,528253,Başarılı,8355b4aa971bc0f8c9b7bc031348bc621c5cbb13cb94645df1dbc0b5a8a0432f
Evet-Ben-Selanikliyim-Turkiye-Sabetaycilighi-Ilqaz-Zorlu-1998-233s-pdf.pdf,Books/Books for Text_TR-20260529T163910Z-3-002/Books for Text_TR/Yhd/Sbty ve Yhd/Evet-Ben-Selanikliyim-Turkiye-Sabetaycilighi-Ilqaz-Zorlu-1998-233s-pdf.pdf,Evet-Ben-Selanikliyim-Turkiye-Sabetaycilighi-Ilqaz-Zorlu-1998-233s-pdf.txt,PDF,233,59475,441782,Başarılı,26a01065f590d2e19143c4eef8182e7d7ea7575e84d96c2c3920240223c291eb
Roger-Garaudy-Siyonizm Dosyası.pdf,Books/Books for Text_TR-20260529T163910Z-3-002/Books for Text_TR/Yhd/Sion/Roger-Garaudy-Siyonizm Dosyası.pdf,Roger-Garaudy-Siyonizm Dosyası.txt,PDF,203,44697,324486,Başarılı,6d9edbdb1f3560c7407af37018831f054ea8c4ec33f0e9dd96166f7a1843e1a2
İstanbul Yahudi Cemaati’nin Tarihi Oluşum Yılları (1453-1566) (Minna Rozen) (z-lib.org).epub,Books/Books for Text_TR-20260529T163910Z-3-002/Books for Text_TR/Yhd/Sbty ve Yhd/İstanbul Yahudi Cemaati’nin Tarihi Oluşum Yılları (1453-1566) (Minna Rozen) (z-lib.org).epub,İstanbul Yahudi Cemaati’nin Tarihi Oluşum Yılları (1453-1566) (Minna Rozen) (z-lib.org).txt,EPUB,770,161886,1165763,Başarılı,62559a2c5af8343f9c10085800b09047e06f82d8db27286ee03ac2ce84a2bc12
Musa-ve-Yahudilik-Hayrullah Ors.pdf,Books/Books for Text_TR-20260529T163910Z-3-002/Books for Text_TR/Yhd/Sbty ve Yhd/Musa-ve-Yahudilik-Hayrullah Ors.pdf,Musa-ve-Yahudilik-Hayrullah Ors.txt,PDF,385,108246,759977,Başarılı,ac6faecbf6b1a2f318b227074a32163d07668879560b10d728748c0896b27740
Soner-Yalcın-Kara-Kutu-1-pdf.pdf,Books/Books for Text_TR-20260529T163910Z-3-002/Books for Text_TR/Yazarlar-Tr/Soner Yalçın/Soner-Yalcın-Kara-Kutu-1-pdf.pdf,Soner-Yalcın-Kara-Kutu-1-pdf.txt,PDF,576,0,0,Görsel / Taranmış (0 Kelime),67b1c68fd66eb78ef8c8cc49413c492b93bdc22b9292e87f97d37a530d1cb6b8
Analiz-Mehmet-Eymur.pdf,Books/Books for Text_TR-20260529T163910Z-3-002/Books for Text_TR/İstihbarat/Mit/Analiz-Mehmet-Eymur.pdf,Analiz-Mehmet-Eymur.txt,PDF,141,44816,345884,Başarılı,a0cbf1e99790eaa4db3afdd22f40da5c585442e9bef33574920c9614a548f70c
Selanikli-Donmeler-Marc-David-Baer.pdf,Books/Books for Text_TR-20260529T163910Z-3-002/Books for Text_TR/Yhd/Sbty ve Yhd/Selanikli-Donmeler-Marc-David-Baer.pdf,Selanikli-Donmeler-Marc-David-Baer.txt,PDF,368,111956,821081,Başarılı,ddfcedc8fe41c137c572e4c7299b4b98a4b2884d9dc2126d3af700032d8b537c
Selanik-Yahudileri-1856-1919-Rena-Molho.pdf,Books/Books for Text_TR-20260529T163910Z-3-002/Books for Text_TR/Yhd/Sbty ve Yhd/Selanik-Yahudileri-1856-1919-Rena-Molho.pdf,Selanik-Yahudileri-1856-1919-Rena-Molho.txt,PDF,321,92472,694278,Başarılı,a8b604a96109be890aa233a4af1137f4cc2b53c6947444a8e3816df766239618
Siyonizmson.pdf,Books/Books for Text_TR-20260529T163910Z-3-002/Books for Text_TR/Yhd/Sion/Siyonizmson.pdf,Siyonizmson.txt,PDF,596,0,0,Görsel / Taranmış (0 Kelime),63214006cd090ad8af1ff041c137f9d4addc186d5c7eec90eedbd9a5b1a86709
Mimar-Sinan-dergisi-10.pdf,Books/Books for Text_TR-20260529T163910Z-3-003/Books for Text_TR/Duvar_TR/Dergi-MSinan/Mimar-Sinan-dergisi-10.pdf,Mimar-Sinan-dergisi-10.txt,PDF,94,41464,198874,Başarılı,4ff98d817e9dc83cf0316cf6f60747edc896264e35b1ea64779b3b82e52e9adb
CIA-nin-Buyuk-Operasyonları.pdf,Books/Books for Text_TR-20260529T163910Z-3-002/Books for Text_TR/İstihbarat/ca/CIA-nin-Buyuk-Operasyonları.pdf,CIA-nin-Buyuk-Operasyonları.txt,PDF,90,18488,163904,Başarılı,7413b1c467413ee53821644f3c57a0f18d8505d6ded4985f5a3525000d7139af
Halil-Inalcik-Devlet-i-Aliyye-1-pdf.pdf,Books/Books for Text_TR-20260529T163910Z-3-002/Books for Text_TR/Tarih/Halil İnalcık/Halil-Inalcik-Devlet-i-Aliyye-1-pdf.pdf,Halil-Inalcik-Devlet-i-Aliyye-1-pdf.txt,PDF,389,103496,764772,Başarılı,e9d73b765cc7457c528383490193dee5f4d6cc5d4f1d712b730431eacd447b13
Mimar-Sinan-dergisi-103.pdf,Books/Books for Text_TR-20260529T163910Z-3-003/Books for Text_TR/Duvar_TR/Dergi-MSinan/Mimar-Sinan-dergisi-103.pdf,Mimar-Sinan-dergisi-103.txt,PDF,106,28927,199140,Başarılı,dfa5965fed798016c22c33209623e1953557f5663695ab435ada7e84795aa863
iKalin-Knowledge-in-Later-Islamic-Philosophy-Mulla-Sadra-on-Existence-Intellect-and-Intuition-2010-pdf.pdf,Books/Books for Text_TR-20260529T163910Z-3-002/Books for Text_TR/İstihbarat/Kalin/iKalin Englısh/iKalin-Knowledge-in-Later-Islamic-Philosophy-Mulla-Sadra-on-Existence-Intellect-and-Intuition-2010-pdf.pdf,iKalin-Knowledge-in-Later-Islamic-Philosophy-Mulla-Sadra-on-Existence-Intellect-and-Intuition-2010-pdf.txt,PDF,338,124196,771743,Başarılı,320d36ab37e129e3a790c875dc9bda235e36597e1a57a0e91b921da1a8472823
Mimar-Sinan-dergisi-105.pdf,Books/Books for Text_TR-20260529T163910Z-3-003/Books for Text_TR/Duvar_TR/Dergi-MSinan/Mimar-Sinan-dergisi-105.pdf,Mimar-Sinan-dergisi-105.txt,PDF,106,32082,226931,Başarılı,d7244da6b60602bee19a991c28b4f7dc0b3bef97214d1d5dda2da33607b22510
Mimar-Sinan-dergisi-104.pdf,Books/Books for Text_TR-20260529T163910Z-3-003/Books for Text_TR/Duvar_TR/Dergi-MSinan/Mimar-Sinan-dergisi-104.pdf,Mimar-Sinan-dergisi-104.txt,PDF,106,29354,214408,Başarılı,dd62d7a54704de0ef2486bb07daf9f912169eaed98ca55c66fcaa50cf02eb25f
Mimar-Sinan-dergisi-109.pdf,Books/Books for Text_TR-20260529T163910Z-3-003/Books for Text_TR/Duvar_TR/Dergi-MSinan/Mimar-Sinan-dergisi-109.pdf,Mimar-Sinan-dergisi-109.txt,PDF,114,35424,248539,Başarılı,1fbc8a32bb8be15bc550850f3ae2db3da33bec56ab73248ae78fbe186f69cb97
Mimar-Sinan-dergisi-106.pdf,Books/Books for Text_TR-20260529T163910Z-3-003/Books for Text_TR/Duvar_TR/Dergi-MSinan/Mimar-Sinan-dergisi-106.pdf,Mimar-Sinan-dergisi-106.txt,PDF,113,28956,210288,Başarılı,5f62efc7796cd7cbf303144d85755ffa90a0ddb4b1389014d877c14f014afd33
Mimar-Sinan-dergisi-108.pdf,Books/Books for Text_TR-20260529T163910Z-3-003/Books for Text_TR/Duvar_TR/Dergi-MSinan/Mimar-Sinan-dergisi-108.pdf,Mimar-Sinan-dergisi-108.txt,PDF,114,34675,246123,Başarılı,d97609558b8f0205f8f2d7c2734691577b8418e5c5a0a5cd7a5859e66d975619
Mimar-Sinan-dergisi-114.pdf,Books/Books for Text_TR-20260529T163910Z-3-003/Books for Text_TR/Duvar_TR/Dergi-MSinan/Mimar-Sinan-dergisi-114.pdf,Mimar-Sinan-dergisi-114.txt,PDF,121,33777,242997,Başarılı,cea44fb312740b22c977329aff409185c2729de47e26341664aac6554db3ba53
Mimar-Sinan-dergisi-11-12.pdf,Books/Books for Text_TR-20260529T163910Z-3-003/Books for Text_TR/Duvar_TR/Dergi-MSinan/Mimar-Sinan-dergisi-11-12.pdf,Mimar-Sinan-dergisi-11-12.txt,PDF,110,29190,227853,Başarılı,909f7a46222cba3510c1da4a34d487766623edc8b652b0b5fa5dad3a1a0e53b2
AKP Devrinde Medya Alemi (Vahdet Mesut Ayan) (z-lib.org).pdf,Books/Books for Text_TR-20260529T163910Z-3-002/Books for Text_TR/RTE/AKP Devrinde Medya Alemi (Vahdet Mesut Ayan) (z-lib.org).pdf,AKP Devrinde Medya Alemi (Vahdet Mesut Ayan) (z-lib.org).txt,PDF,320,79292,614951,Başarılı,5fa9cbfe409694d0c32ec30ea08a6406f4069a6f13a36b7336b723ba57141479
Mimar-Sinan-dergisi-107.pdf,Books/Books for Text_TR-20260529T163910Z-3-003/Books for Text_TR/Duvar_TR/Dergi-MSinan/Mimar-Sinan-dergisi-107.pdf,Mimar-Sinan-dergisi-107.txt,PDF,114,32835,237913,Başarılı,3a399b00c74caed52694f97286dd9c555e8202b3b22bf424dae0ca635e5813d3
Mimar-Sinan-dergisi-111.pdf,Books/Books for Text_TR-20260529T163910Z-3-003/Books for Text_TR/Duvar_TR/Dergi-MSinan/Mimar-Sinan-dergisi-111.pdf,Mimar-Sinan-dergisi-111.txt,PDF,106,28515,202976,Başarılı,a995064af6d51a31e1eabab6c3b429473009b0d8b07b3345c528431a853415fa
Mimar-Sinan-dergisi-113.pdf,Books/Books for Text_TR-20260529T163910Z-3-003/Books for Text_TR/Duvar_TR/Dergi-MSinan/Mimar-Sinan-dergisi-113.pdf,Mimar-Sinan-dergisi-113.txt,PDF,114,32550,232990,Başarılı,193bb962d892d19ba9c0cb151c412f29deba7aadb3ba6ab2877b7b74472a38f9
Mimar-Sinan-dergisi-110.pdf,Books/Books for Text_TR-20260529T163910Z-3-003/Books for Text_TR/Duvar_TR/Dergi-MSinan/Mimar-Sinan-dergisi-110.pdf,Mimar-Sinan-dergisi-110.txt,PDF,114,35346,250503,Başarılı,5b79aaa2aa3b19a404f60068669a8f19a7cbcb22ed9228b2e459e8be04ae09a7
Mimar-Sinan-dergisi-112.pdf,Books/Books for Text_TR-20260529T163910Z-3-003/Books for Text_TR/Duvar_TR/Dergi-MSinan/Mimar-Sinan-dergisi-112.pdf,Mimar-Sinan-dergisi-112.txt,PDF,106,28687,204793,Başarılı,8822c0763cf40729f48cb81e7e1db6b2dfafac09ddb040ba15865e448c6966cc
Mimar-Sinan-dergisi-115.pdf,Books/Books for Text_TR-20260529T163910Z-3-003/Books for Text_TR/Duvar_TR/Dergi-MSinan/Mimar-Sinan-dergisi-115.pdf,Mimar-Sinan-dergisi-115.txt,PDF,114,29499,212853,Başarılı,b2a55be85ab10e84660391f1163e8110a3bcda7de5a226994e81ed707eb30462
Mimar-Sinan-dergisi-119.pdf,Books/Books for Text_TR-20260529T163910Z-3-003/Books for Text_TR/Duvar_TR/Dergi-MSinan/Mimar-Sinan-dergisi-119.pdf,Mimar-Sinan-dergisi-119.txt,PDF,122,35198,248422,Başarılı,796351cb06f9ba91a911a6d3bb817912be621c3f7b203063efc9bfbd509466e3
Mimar-Sinan-dergisi-117.pdf,Books/Books for Text_TR-20260529T163910Z-3-003/Books for Text_TR/Duvar_TR/Dergi-MSinan/Mimar-Sinan-dergisi-117.pdf,Mimar-Sinan-dergisi-117.txt,PDF,113,31066,236638,Başarılı,ed0b16436a30aa94487928e98d9b9fc31591a6fee47440e034e7f016e66a8697
Mimar-Sinan-dergisi-116.pdf,Books/Books for Text_TR-20260529T163910Z-3-003/Books for Text_TR/Duvar_TR/Dergi-MSinan/Mimar-Sinan-dergisi-116.pdf,Mimar-Sinan-dergisi-116.txt,PDF,114,31766,231984,Başarılı,b67e8eaab6f4a75ffca6daacbd198eb5e6ad043334175898cc542a1000105776
Mimar-Sinan-dergisi-118.pdf,Books/Books for Text_TR-20260529T163910Z-3-003/Books for Text_TR/Duvar_TR/Dergi-MSinan/Mimar-Sinan-dergisi-118.pdf,Mimar-Sinan-dergisi-118.txt,PDF,114,31185,231704,Başarılı,4458da77556dbba4dc90bb25496571964cc2cdec26a5434776636a4e50f2659c
Mimar-Sinan-dergisi-120.pdf,Books/Books for Text_TR-20260529T163910Z-3-003/Books for Text_TR/Duvar_TR/Dergi-MSinan/Mimar-Sinan-dergisi-120.pdf,Mimar-Sinan-dergisi-120.txt,PDF,130,36522,262891,Başarılı,cdac1599755388346c8b4537bdfffe381e8cb3a184d2ce86d032ecf616f1d98a
Mimar-Sinan-dergisi-124.pdf,Books/Books for Text_TR-20260529T163910Z-3-003/Books for Text_TR/Duvar_TR/Dergi-MSinan/Mimar-Sinan-dergisi-124.pdf,Mimar-Sinan-dergisi-124.txt,PDF,130,33640,232393,Başarılı,b08b3ff9a00b005e41c0f90096df9809ee1faa8c878bfaa4d9f847066e83f716
Mimar-Sinan-dergisi-126.pdf,Books/Books for Text_TR-20260529T163910Z-3-003/Books for Text_TR/Duvar_TR/Dergi-MSinan/Mimar-Sinan-dergisi-126.pdf,Mimar-Sinan-dergisi-126.txt,PDF,130,35655,255237,Başarılı,11fe6034dd78a172004278f2d654ea6917383a97c7230049f6aa2875c3de65d4
Mimar-Sinan-dergisi-123.pdf,Books/Books for Text_TR-20260529T163910Z-3-003/Books for Text_TR/Duvar_TR/Dergi-MSinan/Mimar-Sinan-dergisi-123.pdf,Mimar-Sinan-dergisi-123.txt,PDF,130,34950,249372,Başarılı,7bb6affa3c09293d22c99d007b468f71242e130d31a5ef7d6602b7a4f555020e
Mimar-Sinan-dergisi-125.pdf,Books/Books for Text_TR-20260529T163910Z-3-003/Books for Text_TR/Duvar_TR/Dergi-MSinan/Mimar-Sinan-dergisi-125.pdf,Mimar-Sinan-dergisi-125.txt,PDF,122,34858,231358,Başarılı,51166425cb5162d5492ec5f01278ee6bd54499398a8cd0296cfc795f24e6937a
Mimar-Sinan-dergisi-127.pdf,Books/Books for Text_TR-20260529T163910Z-3-003/Books for Text_TR/Duvar_TR/Dergi-MSinan/Mimar-Sinan-dergisi-127.pdf,Mimar-Sinan-dergisi-127.txt,PDF,114,31848,227540,Başarılı,1499cd046885d427488166026f2260447436a3ffb08402afcfaab81ae8875d26
Mimar-Sinan-dergisi-122.pdf,Books/Books for Text_TR-20260529T163910Z-3-003/Books for Text_TR/Duvar_TR/Dergi-MSinan/Mimar-Sinan-dergisi-122.pdf,Mimar-Sinan-dergisi-122.txt,PDF,122,34959,234996,Başarılı,a26e1978631c63589897e3685a752251c53341f62889f5219d04c58d091c740a
Mimar-Sinan-dergisi-121.pdf,Books/Books for Text_TR-20260529T163910Z-3-003/Books for Text_TR/Duvar_TR/Dergi-MSinan/Mimar-Sinan-dergisi-121.pdf,Mimar-Sinan-dergisi-121.txt,PDF,130,34515,247257,Başarılı,bb27a766f61d0a6b35b144bba5c6633eaf0d3ee58d7a7f7d93563a322a8f89f6
Mimar-Sinan-dergisi-128.pdf,Books/Books for Text_TR-20260529T163910Z-3-003/Books for Text_TR/Duvar_TR/Dergi-MSinan/Mimar-Sinan-dergisi-128.pdf,Mimar-Sinan-dergisi-128.txt,PDF,106,25186,176955,Başarılı,4e66989825484c8e4d3ca128a0e888d36b1996dc6b3c850e4eb8c318864a63a6
Mimar-Sinan-dergisi-13.pdf,Books/Books for Text_TR-20260529T163910Z-3-003/Books for Text_TR/Duvar_TR/Dergi-MSinan/Mimar-Sinan-dergisi-13.pdf,Mimar-Sinan-dergisi-13.txt,PDF,123,32035,227385,Başarılı,0bd3aa65f6207089e4b522106176bb8c228bc14e643804a8e662f0fdf3bd4d87
Mimar-Sinan-dergisi-130.pdf,Books/Books for Text_TR-20260529T163910Z-3-003/Books for Text_TR/Duvar_TR/Dergi-MSinan/Mimar-Sinan-dergisi-130.pdf,Mimar-Sinan-dergisi-130.txt,PDF,162,44470,316557,Başarılı,11c73fb2e50bdd494329f14d5bb99c51c96fc7561163f4f2d52cbc2b52367fba
Mimar-Sinan-dergisi-132.pdf,Books/Books for Text_TR-20260529T163910Z-3-003/Books for Text_TR/Duvar_TR/Dergi-MSinan/Mimar-Sinan-dergisi-132.pdf,Mimar-Sinan-dergisi-132.txt,PDF,130,34665,248913,Başarılı,bccaa79a763e4c04ad6567110f32f99bc6d324d393659f4ac38dccee6e304e1d
Mimar-Sinan-dergisi-129.pdf,Books/Books for Text_TR-20260529T163910Z-3-003/Books for Text_TR/Duvar_TR/Dergi-MSinan/Mimar-Sinan-dergisi-129.pdf,Mimar-Sinan-dergisi-129.txt,PDF,114,30907,208298,Başarılı,3f17b89f1e965391c74d1479120645b9808adee34ecab8c0d4ed524a0e416720
Mimar-Sinan-dergisi-131.pdf,Books/Books for Text_TR-20260529T163910Z-3-003/Books for Text_TR/Duvar_TR/Dergi-MSinan/Mimar-Sinan-dergisi-131.pdf,Mimar-Sinan-dergisi-131.txt,PDF,110,27128,184533,Başarılı,d10a4abee1054cc7f2d4f81c88c5b603953ed8ceec852b64e147358ffb50ace0
Mimar-Sinan-dergisi-140.pdf,Books/Books for Text_TR-20260529T163910Z-3-003/Books for Text_TR/Duvar_TR/Dergi-MSinan/Mimar-Sinan-dergisi-140.pdf,Mimar-Sinan-dergisi-140.txt,PDF,122,30170,210632,Başarılı,198954fc910a82c8ab32dfc1889eea201b3263ab1de13ed9e3affd5aed757b7c
Mimar-Sinan-dergisi-138.pdf,Books/Books for Text_TR-20260529T163910Z-3-003/Books for Text_TR/Duvar_TR/Dergi-MSinan/Mimar-Sinan-dergisi-138.pdf,Mimar-Sinan-dergisi-138.txt,PDF,114,27499,191863,Başarılı,c856d16ddd5aa8abdc07c229dac2ec4ee39bb5996c3785796d6daca3cd69e8bf
Mimar-Sinan-dergisi-133.pdf,Books/Books for Text_TR-20260529T163910Z-3-003/Books for Text_TR/Duvar_TR/Dergi-MSinan/Mimar-Sinan-dergisi-133.pdf,Mimar-Sinan-dergisi-133.txt,PDF,130,32111,230857,Başarılı,4d572d0eca871cd24c7017ffeb25d529b907afde3cb85f87acccd7339996751f
Mimar-Sinan-dergisi-134.pdf,Books/Books for Text_TR-20260529T163910Z-3-003/Books for Text_TR/Duvar_TR/Dergi-MSinan/Mimar-Sinan-dergisi-134.pdf,Mimar-Sinan-dergisi-134.txt,PDF,114,26264,186455,Başarılı,8cbaaf4fd526cf7eb928af204b4bf73887a3ebea26fbc2895f0b330760bbac06
Mimar-Sinan-dergisi-136.pdf,Books/Books for Text_TR-20260529T163910Z-3-003/Books for Text_TR/Duvar_TR/Dergi-MSinan/Mimar-Sinan-dergisi-136.pdf,Mimar-Sinan-dergisi-136.txt,PDF,114,28811,194724,Başarılı,157c9fbe01b1d153c7d490d9c407491931e7080257d4960cf7442e9fc3dbc69c
Mimar-Sinan-dergisi-135.pdf,Books/Books for Text_TR-20260529T163910Z-3-003/Books for Text_TR/Duvar_TR/Dergi-MSinan/Mimar-Sinan-dergisi-135.pdf,Mimar-Sinan-dergisi-135.txt,PDF,242,59020,397254,Başarılı,2968164bfaa2c551c3642aae2b8155479e646bdcbd05e91eee1d9f62410aee5a
Mimar-Sinan-dergisi-141.pdf,Books/Books for Text_TR-20260529T163910Z-3-003/Books for Text_TR/Duvar_TR/Dergi-MSinan/Mimar-Sinan-dergisi-141.pdf,Mimar-Sinan-dergisi-141.txt,PDF,114,30005,208613,Başarılı,1a53317a1e2e733a552a1a4eef7c3c38b89a859e69f6ac73645ba0f63e1552b2
Mimar-Sinan-dergisi-142.pdf,Books/Books for Text_TR-20260529T163910Z-3-003/Books for Text_TR/Duvar_TR/Dergi-MSinan/Mimar-Sinan-dergisi-142.pdf,Mimar-Sinan-dergisi-142.txt,PDF,98,27057,169458,Başarılı,f37cb831144e9e819538c2a14aed76f32d43da7b165a04949ba8a66bd258a4ef
Mimar-Sinan-dergisi-139.pdf,Books/Books for Text_TR-20260529T163910Z-3-003/Books for Text_TR/Duvar_TR/Dergi-MSinan/Mimar-Sinan-dergisi-139.pdf,Mimar-Sinan-dergisi-139.txt,PDF,134,34137,230800,Başarılı,41e94af6e63497de08d2fe4ea268da321b33a4f7665fdf5022d0a3bca9ff1377
Mimar-Sinan-dergisi-144.pdf,Books/Books for Text_TR-20260529T163910Z-3-003/Books for Text_TR/Duvar_TR/Dergi-MSinan/Mimar-Sinan-dergisi-144.pdf,Mimar-Sinan-dergisi-144.txt,PDF,106,26079,189193,Başarılı,0f0defd3f086069f34cfde18ad6dec327d10bea1e7b7060f1c2edf48b53ec53b
Mimar-Sinan-dergisi-147.pdf,Books/Books for Text_TR-20260529T163910Z-3-003/Books for Text_TR/Duvar_TR/Dergi-MSinan/Mimar-Sinan-dergisi-147.pdf,Mimar-Sinan-dergisi-147.txt,PDF,82,20782,150025,Başarılı,d0d456c295dc69d7e77f6834754ed731d8849a4f4f8cd0dd8c14f3d5cde665b3
Mimar-Sinan-dergisi-143.pdf,Books/Books for Text_TR-20260529T163910Z-3-003/Books for Text_TR/Duvar_TR/Dergi-MSinan/Mimar-Sinan-dergisi-143.pdf,Mimar-Sinan-dergisi-143.txt,PDF,146,37601,270939,Başarılı,d68d4cb1943eee003fd8d2e6b32cbdb8e4bcba01b6931d9921cda8f9f174ba52
Mimar-Sinan-dergisi-15.pdf,Books/Books for Text_TR-20260529T163910Z-3-003/Books for Text_TR/Duvar_TR/Dergi-MSinan/Mimar-Sinan-dergisi-15.pdf,Mimar-Sinan-dergisi-15.txt,PDF,114,60673,250571,Başarılı,cffa6c828a50b9087f09b8649d6f6b410a503fb06ae137d8a35d2b00786c346d
Mimar-Sinan-dergisi-148.pdf,Books/Books for Text_TR-20260529T163910Z-3-003/Books for Text_TR/Duvar_TR/Dergi-MSinan/Mimar-Sinan-dergisi-148.pdf,Mimar-Sinan-dergisi-148.txt,PDF,106,28800,192850,Başarılı,11425ada868091342c660ffc87fbb7a58ba813350266521c3d477eba9bce6ba8
Mimar-Sinan-dergisi-151.pdf,Books/Books for Text_TR-20260529T163910Z-3-003/Books for Text_TR/Duvar_TR/Dergi-MSinan/Mimar-Sinan-dergisi-151.pdf,Mimar-Sinan-dergisi-151.txt,PDF,130,32604,230855,Başarılı,d67530b08a8f1eb901ccffe03f1cb9bea20b620b80b0a421ac02b277ab4a90e6
Mimar-Sinan-dergisi-152.pdf,Books/Books for Text_TR-20260529T163910Z-3-003/Books for Text_TR/Duvar_TR/Dergi-MSinan/Mimar-Sinan-dergisi-152.pdf,Mimar-Sinan-dergisi-152.txt,PDF,130,34461,232219,Başarılı,ab91baa8e3548525e99e9a5dec672352ba0da6b654c1a1f1b1caf38fe3800042
Mimar-Sinan-dergisi-153.pdf,Books/Books for Text_TR-20260529T163910Z-3-003/Books for Text_TR/Duvar_TR/Dergi-MSinan/Mimar-Sinan-dergisi-153.pdf,Mimar-Sinan-dergisi-153.txt,PDF,135,38088,270924,Başarılı,bc76cc14e16c3e2c83ba1b5af2d8c56ebb8e223bd91ee980e562941101989baa
Mimar-Sinan-dergisi-145.pdf,Books/Books for Text_TR-20260529T163910Z-3-003/Books for Text_TR/Duvar_TR/Dergi-MSinan/Mimar-Sinan-dergisi-145.pdf,Mimar-Sinan-dergisi-145.txt,PDF,106,26148,189661,Başarılı,2ca0efd4c92c02eb3619accc194e2d199360e0df372c919b958dce3b3adf5741
Mimar-Sinan-dergisi-150.pdf,Books/Books for Text_TR-20260529T163910Z-3-003/Books for Text_TR/Duvar_TR/Dergi-MSinan/Mimar-Sinan-dergisi-150.pdf,Mimar-Sinan-dergisi-150.txt,PDF,114,27745,187674,Başarılı,68b67930caaaaaad4b4bbd5545aabb2461b995dc5d7e4ec1bf25e4ecbdd2ac74
Mimar-Sinan-dergisi-149.pdf,Books/Books for Text_TR-20260529T163910Z-3-003/Books for Text_TR/Duvar_TR/Dergi-MSinan/Mimar-Sinan-dergisi-149.pdf,Mimar-Sinan-dergisi-149.txt,PDF,114,28700,202468,Başarılı,77bedb213841c8202a77e88e0af46c4ad2752476e7dbcda1ba7bb1f7b6aa3588
Mimar-Sinan-dergisi-155.pdf,Books/Books for Text_TR-20260529T163910Z-3-003/Books for Text_TR/Duvar_TR/Dergi-MSinan/Mimar-Sinan-dergisi-155.pdf,Mimar-Sinan-dergisi-155.txt,PDF,114,31197,231298,Başarılı,062745cb12e5d15be61a3da2f9ecb4e88d3b5d254b4b17d4ebc66a319744a283
Mimar-Sinan-dergisi-154.pdf,Books/Books for Text_TR-20260529T163910Z-3-003/Books for Text_TR/Duvar_TR/Dergi-MSinan/Mimar-Sinan-dergisi-154.pdf,Mimar-Sinan-dergisi-154.txt,PDF,98,23138,166648,Başarılı,69d540f03af1cda421dfa8be8620200f97ff6beff11e25ce83583fac030f0b33
Mimar-Sinan-dergisi-156.pdf,Books/Books for Text_TR-20260529T163910Z-3-003/Books for Text_TR/Duvar_TR/Dergi-MSinan/Mimar-Sinan-dergisi-156.pdf,Mimar-Sinan-dergisi-156.txt,PDF,97,23701,173580,Başarılı,59819c38dd29e61ec2d4a762c28cdd9d12584eec5a305d55f36f983ed3ade0a2
Mimar-Sinan-dergisi-158.pdf,Books/Books for Text_TR-20260529T163910Z-3-003/Books for Text_TR/Duvar_TR/Dergi-MSinan/Mimar-Sinan-dergisi-158.pdf,Mimar-Sinan-dergisi-158.txt,PDF,145,29112,215787,Başarılı,1199c2d4f5ea092fdf3dcf4d37d48095abfcc8c4652449595b202935456d04b9
Mimar-Sinan-dergisi-19.pdf,Books/Books for Text_TR-20260529T163910Z-3-003/Books for Text_TR/Duvar_TR/Dergi-MSinan/Mimar-Sinan-dergisi-19.pdf,Mimar-Sinan-dergisi-19.txt,PDF,106,26218,182760,Başarılı,0d528fccd54613fe87de6b0a6bd30fc533d4186207317336075b209dd263edae
Mimar-Sinan-dergisi-21.pdf,Books/Books for Text_TR-20260529T163910Z-3-003/Books for Text_TR/Duvar_TR/Dergi-MSinan/Mimar-Sinan-dergisi-21.pdf,Mimar-Sinan-dergisi-21.txt,PDF,82,17678,120441,Başarılı,6556ef8a631736aeb6ab5db704e5d341fc21bc314d0e979dd8063eb165c74bf0
Mimar-Sinan-dergisi-157.pdf,Books/Books for Text_TR-20260529T163910Z-3-003/Books for Text_TR/Duvar_TR/Dergi-MSinan/Mimar-Sinan-dergisi-157.pdf,Mimar-Sinan-dergisi-157.txt,PDF,106,29864,197278,Başarılı,5a99e960b196163cb4cb20820dca9ff289310e3e4d69a48aad5717a64b59fbb1
Mimar-Sinan-dergisi-18.pdf,Books/Books for Text_TR-20260529T163910Z-3-003/Books for Text_TR/Duvar_TR/Dergi-MSinan/Mimar-Sinan-dergisi-18.pdf,Mimar-Sinan-dergisi-18.txt,PDF,102,62189,220111,Başarılı,83bc5498dccac50393c43434ec70592728edf9093af3f463d872468cf8161dc8
Mimar-Sinan-dergisi-20.pdf,Books/Books for Text_TR-20260529T163910Z-3-003/Books for Text_TR/Duvar_TR/Dergi-MSinan/Mimar-Sinan-dergisi-20.pdf,Mimar-Sinan-dergisi-20.txt,PDF,102,22582,154447,Başarılı,78fb07a277ea7661ce7ffe753b8bfb637aa1f811c693da016e71123ef609e378
Mimar-Sinan-dergisi-159.pdf,Books/Books for Text_TR-20260529T163910Z-3-003/Books for Text_TR/Duvar_TR/Dergi-MSinan/Mimar-Sinan-dergisi-159.pdf,Mimar-Sinan-dergisi-159.txt,PDF,153,36188,264976,Başarılı,3431ef269cf092de2de15766e45609223347f700be273b205d2e169e60a66821
Mimar-Sinan-dergisi-160.pdf,Books/Books for Text_TR-20260529T163910Z-3-003/Books for Text_TR/Duvar_TR/Dergi-MSinan/Mimar-Sinan-dergisi-160.pdf,Mimar-Sinan-dergisi-160.txt,PDF,121,28154,210872,Başarılı,d918e776b74b2d9a1e5471760e9e59b1a720e46ad6569ddcfdc207b6864f1fe8
Mimar-Sinan-dergisi-22.pdf,Books/Books for Text_TR-20260529T163910Z-3-003/Books for Text_TR/Duvar_TR/Dergi-MSinan/Mimar-Sinan-dergisi-22.pdf,Mimar-Sinan-dergisi-22.txt,PDF,86,20349,137402,Başarılı,613e6a6c3b80a2077e76f8fbde83f7a2335b05cc71a9521c57ee395bce9eb947
Mimar-Sinan-dergisi-23.pdf,Books/Books for Text_TR-20260529T163910Z-3-003/Books for Text_TR/Duvar_TR/Dergi-MSinan/Mimar-Sinan-dergisi-23.pdf,Mimar-Sinan-dergisi-23.txt,PDF,97,88134,230951,Başarılı,117b1b23dc9b511270a25da2e9084aa855b3f533875cc8908c59536f9697d300
Mimar-Sinan-dergisi-27.pdf,Books/Books for Text_TR-20260529T163910Z-3-003/Books for Text_TR/Duvar_TR/Dergi-MSinan/Mimar-Sinan-dergisi-27.pdf,Mimar-Sinan-dergisi-27.txt,PDF,74,15849,107330,Başarılı,8a2fc23ed72cff1eb87a4317505de8de7da0fb06620b4de36c17d736191a7d50
Mimar-Sinan-dergisi-32.pdf,Books/Books for Text_TR-20260529T163910Z-3-003/Books for Text_TR/Duvar_TR/Dergi-MSinan/Mimar-Sinan-dergisi-32.pdf,Mimar-Sinan-dergisi-32.txt,PDF,82,16810,115665,Başarılı,f5b24dee318e78196f2cfcd69ef464213abcb004036116a03a9aedab9ac9a020
Mimar-Sinan-dergisi-25.pdf,Books/Books for Text_TR-20260529T163910Z-3-003/Books for Text_TR/Duvar_TR/Dergi-MSinan/Mimar-Sinan-dergisi-25.pdf,Mimar-Sinan-dergisi-25.txt,PDF,82,60697,165325,Başarılı,4fc47960779ebc02c8d1296fbcdbb45dc7a1416e9bc4ed903dda5380d3221d0c
Mimar-Sinan-dergisi-30.pdf,Books/Books for Text_TR-20260529T163910Z-3-003/Books for Text_TR/Duvar_TR/Dergi-MSinan/Mimar-Sinan-dergisi-30.pdf,Mimar-Sinan-dergisi-30.txt,PDF,82,18746,133036,Başarılı,3a73601b2ad117f9c30d1fb620f965e26d19ffd4bf39f4353eb426974d78df82
Mimar-Sinan-dergisi-33.pdf,Books/Books for Text_TR-20260529T163910Z-3-003/Books for Text_TR/Duvar_TR/Dergi-MSinan/Mimar-Sinan-dergisi-33.pdf,Mimar-Sinan-dergisi-33.txt,PDF,82,17643,124156,Başarılı,c079bbe24c4cdc580e72990dfde750a9485ab6fae0793e395632a227b8078995
Mimar-Sinan-dergisi-29.pdf,Books/Books for Text_TR-20260529T163910Z-3-003/Books for Text_TR/Duvar_TR/Dergi-MSinan/Mimar-Sinan-dergisi-29.pdf,Mimar-Sinan-dergisi-29.txt,PDF,82,18034,126944,Başarılı,33aa856ce810d3f388e9c9e288d176ba966a62c0ea4c47bd1793e8c23e8d0c62
Mimar-Sinan-dergisi-3.pdf,Books/Books for Text_TR-20260529T163910Z-3-003/Books for Text_TR/Duvar_TR/Dergi-MSinan/Mimar-Sinan-dergisi-3.pdf,Mimar-Sinan-dergisi-3.txt,PDF,115,31233,242506,Başarılı,9ecb8cd633a077f85b144868deed15085c22487349c580c4ce19ad42193e5fc0
Mimar-Sinan-dergisi-2.pdf,Books/Books for Text_TR-20260529T163910Z-3-003/Books for Text_TR/Duvar_TR/Dergi-MSinan/Mimar-Sinan-dergisi-2.pdf,Mimar-Sinan-dergisi-2.txt,PDF,118,54794,275419,Başarılı,4d9096e3e1f4e0e6d5143912bbcce638bc68bc990fd7109b75f9efa95b8072dd
Mimar-Sinan-dergisi-28.pdf,Books/Books for Text_TR-20260529T163910Z-3-003/Books for Text_TR/Duvar_TR/Dergi-MSinan/Mimar-Sinan-dergisi-28.pdf,Mimar-Sinan-dergisi-28.txt,PDF,98,23205,162528,Başarılı,fed637e85224a4f1a62c4852f3c609a3a5e6439927a0e8fb52b98dc90798b41d
Mimar-Sinan-dergisi-34.pdf,Books/Books for Text_TR-20260529T163910Z-3-003/Books for Text_TR/Duvar_TR/Dergi-MSinan/Mimar-Sinan-dergisi-34.pdf,Mimar-Sinan-dergisi-34.txt,PDF,82,16370,115937,Başarılı,5f5b4441467fff432e1956e1e9af7385b13b2dec87bde26aae3017cefb73a28b
Mimar-Sinan-dergisi-35.pdf,Books/Books for Text_TR-20260529T163910Z-3-003/Books for Text_TR/Duvar_TR/Dergi-MSinan/Mimar-Sinan-dergisi-35.pdf,Mimar-Sinan-dergisi-35.txt,PDF,74,16488,116644,Başarılı,bc87649159c662b4ba57b6d82548b046111e2673bae1d286e491dad1778116fc
Mimar-Sinan-dergisi-37.pdf,Books/Books for Text_TR-20260529T163910Z-3-003/Books for Text_TR/Duvar_TR/Dergi-MSinan/Mimar-Sinan-dergisi-37.pdf,Mimar-Sinan-dergisi-37.txt,PDF,74,18555,131625,Başarılı,cad634d0001ffa42f2693b3509571f5422a196e5a11e46a66d7a23f6b0f5307c
Mimar-Sinan-dergisi-40.pdf,Books/Books for Text_TR-20260529T163910Z-3-003/Books for Text_TR/Duvar_TR/Dergi-MSinan/Mimar-Sinan-dergisi-40.pdf,Mimar-Sinan-dergisi-40.txt,PDF,74,16667,119539,Başarılı,268a6b335c34fa66d64cc16fbfbc00f21995d5011c20a33ba467c07e14c31b15
Mimar-Sinan-dergisi-38.pdf,Books/Books for Text_TR-20260529T163910Z-3-003/Books for Text_TR/Duvar_TR/Dergi-MSinan/Mimar-Sinan-dergisi-38.pdf,Mimar-Sinan-dergisi-38.txt,PDF,74,56185,156774,Başarılı,9667746a63e7ad6310df7dc91199ab6bcf0668ffde01b7fb9418a9c2bd6798a3
Mimar-Sinan-dergisi-43.pdf,Books/Books for Text_TR-20260529T163910Z-3-003/Books for Text_TR/Duvar_TR/Dergi-MSinan/Mimar-Sinan-dergisi-43.pdf,Mimar-Sinan-dergisi-43.txt,PDF,82,18262,125946,Başarılı,6f8e2efc05e8d1cebacab08717c7b7690e893deb1309058731eb709eea58e25a
Mimar-Sinan-dergisi-36.pdf,Books/Books for Text_TR-20260529T163910Z-3-003/Books for Text_TR/Duvar_TR/Dergi-MSinan/Mimar-Sinan-dergisi-36.pdf,Mimar-Sinan-dergisi-36.txt,PDF,82,17935,127176,Başarılı,7b844866d709f9f078eb544896d84a4e4d40203063185fbf1049c733d8779133
Mimar-Sinan-dergisi-4.pdf,Books/Books for Text_TR-20260529T163910Z-3-003/Books for Text_TR/Duvar_TR/Dergi-MSinan/Mimar-Sinan-dergisi-4.pdf,Mimar-Sinan-dergisi-4.txt,PDF,127,31778,242506,Başarılı,9adfa2d2dae44632fd6f7fe498717d7f6bb6483794f60a3461d917cc6fc2bbd1
Mimar-Sinan-dergisi-45.pdf,Books/Books for Text_TR-20260529T163910Z-3-003/Books for Text_TR/Duvar_TR/Dergi-MSinan/Mimar-Sinan-dergisi-45.pdf,Mimar-Sinan-dergisi-45.txt,PDF,82,18649,126214,Başarılı,c32f4429aab1bdd034f92f5805bdd7a0ee5facb02a153669b5c6d15b19d9bdda
Mimar-Sinan-dergisi-42.pdf,Books/Books for Text_TR-20260529T163910Z-3-003/Books for Text_TR/Duvar_TR/Dergi-MSinan/Mimar-Sinan-dergisi-42.pdf,Mimar-Sinan-dergisi-42.txt,PDF,82,18442,132416,Başarılı,f737c849d26bbafa1367c4465bc7791518b53ece2e816a0a4196078fac6b11eb
Mimar-Sinan-dergisi-39.pdf,Books/Books for Text_TR-20260529T163910Z-3-003/Books for Text_TR/Duvar_TR/Dergi-MSinan/Mimar-Sinan-dergisi-39.pdf,Mimar-Sinan-dergisi-39.txt,PDF,74,16964,118523,Başarılı,7892f9b6c3de8e8af0b0900c78e04a1dcd77a64ce27760330a31cf826d64b79d
Mimar-Sinan-dergisi-44.pdf,Books/Books for Text_TR-20260529T163910Z-3-003/Books for Text_TR/Duvar_TR/Dergi-MSinan/Mimar-Sinan-dergisi-44.pdf,Mimar-Sinan-dergisi-44.txt,PDF,81,39611,133444,Başarılı,b80a7659474ab89053cc23b8fb66c68d582ca068b94a4110b7faf2c8e2e200de
Mimar-Sinan-dergisi-46.pdf,Books/Books for Text_TR-20260529T163910Z-3-003/Books for Text_TR/Duvar_TR/Dergi-MSinan/Mimar-Sinan-dergisi-46.pdf,Mimar-Sinan-dergisi-46.txt,PDF,79,17541,121802,Başarılı,138a47739443b639729068e3194aacde1035874209d194e063ba3fa3139f13df
Mimar-Sinan-dergisi-41.pdf,Books/Books for Text_TR-20260529T163910Z-3-003/Books for Text_TR/Duvar_TR/Dergi-MSinan/Mimar-Sinan-dergisi-41.pdf,Mimar-Sinan-dergisi-41.txt,PDF,154,129853,377416,Başarılı,7cc9c3e7d7fc3b3001867a815a9a3ee396e3ff7c6efbdc025be9522b6eb4f1b7
Mimar-Sinan-dergisi-47.pdf,Books/Books for Text_TR-20260529T163910Z-3-003/Books for Text_TR/Duvar_TR/Dergi-MSinan/Mimar-Sinan-dergisi-47.pdf,Mimar-Sinan-dergisi-47.txt,PDF,82,19707,138623,Başarılı,278136455b893e1e9651e6c837ff53bbea46872b6158f949f2f68d30a6c32ec7
Mimar-Sinan-dergisi-50.pdf,Books/Books for Text_TR-20260529T163910Z-3-003/Books for Text_TR/Duvar_TR/Dergi-MSinan/Mimar-Sinan-dergisi-50.pdf,Mimar-Sinan-dergisi-50.txt,PDF,98,20965,146646,Başarılı,e7b3a028950af66ae2adbe051f6136931eed93670d4745e392298f9f7cf3c324
Mimar-Sinan-dergisi-49.pdf,Books/Books for Text_TR-20260529T163910Z-3-003/Books for Text_TR/Duvar_TR/Dergi-MSinan/Mimar-Sinan-dergisi-49.pdf,Mimar-Sinan-dergisi-49.txt,PDF,86,19299,135457,Başarılı,5b2af145787f03e4d2f08e1c5c4e4b0784de2fa7d11f1eee926d94b9048ce10a
Mimar-Sinan-dergisi-5.pdf,Books/Books for Text_TR-20260529T163910Z-3-003/Books for Text_TR/Duvar_TR/Dergi-MSinan/Mimar-Sinan-dergisi-5.pdf,Mimar-Sinan-dergisi-5.txt,PDF,123,29584,225509,Başarılı,fbca862f0c09b9e984780df7b27f8355f0550358d5b47084a043b30ad8b8a240
Mimar-Sinan-dergisi-51.pdf,Books/Books for Text_TR-20260529T163910Z-3-003/Books for Text_TR/Duvar_TR/Dergi-MSinan/Mimar-Sinan-dergisi-51.pdf,Mimar-Sinan-dergisi-51.txt,PDF,106,27305,191203,Başarılı,4221e2dd52769f1c1b1fd41478b97059ed509afce957fd254515838e5d58cea5
Mimar-Sinan-dergisi-57.pdf,Books/Books for Text_TR-20260529T163910Z-3-003/Books for Text_TR/Duvar_TR/Dergi-MSinan/Mimar-Sinan-dergisi-57.pdf,Mimar-Sinan-dergisi-57.txt,PDF,74,17231,119139,Başarılı,dfd023585878e39b8cbe45fe823b11dd78bca33ae4ea60621baf1f57ae08fe7e
Mimar-Sinan-dergisi-48.pdf,Books/Books for Text_TR-20260529T163910Z-3-003/Books for Text_TR/Duvar_TR/Dergi-MSinan/Mimar-Sinan-dergisi-48.pdf,Mimar-Sinan-dergisi-48.txt,PDF,98,21368,147008,Başarılı,8759b66043f57b344cedcafc73c2dc9d42524ab38e8e069798b9b6060198e7dc
Mimar-Sinan-dergisi-55.pdf,Books/Books for Text_TR-20260529T163910Z-3-003/Books for Text_TR/Duvar_TR/Dergi-MSinan/Mimar-Sinan-dergisi-55.pdf,Mimar-Sinan-dergisi-55.txt,PDF,100,22081,155148,Başarılı,b423ad9d4a14593d4df98769a3adb7f08bd4c587d4b2cff9953d57f4fdc9c882
Mimar-Sinan-dergisi-58.pdf,Books/Books for Text_TR-20260529T163910Z-3-003/Books for Text_TR/Duvar_TR/Dergi-MSinan/Mimar-Sinan-dergisi-58.pdf,Mimar-Sinan-dergisi-58.txt,PDF,82,16649,118552,Başarılı,3f9c9b893d7cc5fc52accdceee17a9f2311807b503d10a5cf6dcf002530c5c05
Halil-Inalcik-Devlet-i-Aliyye-3.pdf,Books/Books for Text_TR-20260529T163910Z-3-002/Books for Text_TR/Tarih/Halil İnalcık/Halil-Inalcik-Devlet-i-Aliyye-3.pdf,Halil-Inalcik-Devlet-i-Aliyye-3.txt,PDF,481,115923,858571,Başarılı,2dce0369730aa1551d5619a026fbcc411ee8e532a40419b3cfb60dbba9e7f7d4
Mimar-Sinan-dergisi-54.pdf,Books/Books for Text_TR-20260529T163910Z-3-003/Books for Text_TR/Duvar_TR/Dergi-MSinan/Mimar-Sinan-dergisi-54.pdf,Mimar-Sinan-dergisi-54.txt,PDF,97,24754,174345,Başarılı,fd423e8e8ab010fdd81cb599c07e49973271a02838dba97e8b839c22d6aad764
Mimar-Sinan-dergisi-56.pdf,Books/Books for Text_TR-20260529T163910Z-3-003/Books for Text_TR/Duvar_TR/Dergi-MSinan/Mimar-Sinan-dergisi-56.pdf,Mimar-Sinan-dergisi-56.txt,PDF,82,20144,143545,Başarılı,eec4e7458ba96a005634de79c3589fc3c8b69a7897d8724320ea84c9fd50eb71
Mimar-Sinan-dergisi-52.pdf,Books/Books for Text_TR-20260529T163910Z-3-003/Books for Text_TR/Duvar_TR/Dergi-MSinan/Mimar-Sinan-dergisi-52.pdf,Mimar-Sinan-dergisi-52.txt,PDF,102,24224,168112,Başarılı,90c21b29bde968805af11fa29ebbef655593b7166838b449c72e53a79d029cdf
Mimar-Sinan-dergisi-53.pdf,Books/Books for Text_TR-20260529T163910Z-3-003/Books for Text_TR/Duvar_TR/Dergi-MSinan/Mimar-Sinan-dergisi-53.pdf,Mimar-Sinan-dergisi-53.txt,PDF,90,22459,152714,Başarılı,e37fd240ad67092ed646269f825ccf3669cf9b533b0de019fc5115fe3fcf5092
Mimar-Sinan-dergisi-63.pdf,Books/Books for Text_TR-20260529T163910Z-3-003/Books for Text_TR/Duvar_TR/Dergi-MSinan/Mimar-Sinan-dergisi-63.pdf,Mimar-Sinan-dergisi-63.txt,PDF,90,20348,145803,Başarılı,aaaac122781f2574849cebac3201ba77c57b2b10a65d7dbc4ffc31022d432c47
Mimar-Sinan-dergisi-66.pdf,Books/Books for Text_TR-20260529T163910Z-3-003/Books for Text_TR/Duvar_TR/Dergi-MSinan/Mimar-Sinan-dergisi-66.pdf,Mimar-Sinan-dergisi-66.txt,PDF,106,77331,243411,Başarılı,670432b5d34b741c99aa17a50caf11ba327c18cb9b913f52aeda23e83e04c779
Mimar-Sinan-dergisi-59.pdf,Books/Books for Text_TR-20260529T163910Z-3-003/Books for Text_TR/Duvar_TR/Dergi-MSinan/Mimar-Sinan-dergisi-59.pdf,Mimar-Sinan-dergisi-59.txt,PDF,98,22284,158671,Başarılı,ef08bedd36315012993665df2152c4752ccdff7ef1c2b66d9cc3e61359beecf7
Mimar-Sinan-dergisi-61.pdf,Books/Books for Text_TR-20260529T163910Z-3-003/Books for Text_TR/Duvar_TR/Dergi-MSinan/Mimar-Sinan-dergisi-61.pdf,Mimar-Sinan-dergisi-61.txt,PDF,98,62373,219207,Başarılı,5b435a9f75788deb3c2204a66a16b1c5c24bf276e2f597ff6b8ca8b18aa7257f
Mimar-Sinan-dergisi-60.pdf,Books/Books for Text_TR-20260529T163910Z-3-003/Books for Text_TR/Duvar_TR/Dergi-MSinan/Mimar-Sinan-dergisi-60.pdf,Mimar-Sinan-dergisi-60.txt,PDF,107,25613,177391,Başarılı,0df80223537795d1118dcf3b155f9897fc47e758347168e6598556c4318380a4
Mimar-Sinan-dergisi-62.pdf,Books/Books for Text_TR-20260529T163910Z-3-003/Books for Text_TR/Duvar_TR/Dergi-MSinan/Mimar-Sinan-dergisi-62.pdf,Mimar-Sinan-dergisi-62.txt,PDF,102,24597,172962,Başarılı,fa21f53f7b90cee171dcbf0c34f44000b2a06b275fe590ef15639a4da5a5c8d3
Mimar-Sinan-dergisi-65.pdf,Books/Books for Text_TR-20260529T163910Z-3-003/Books for Text_TR/Duvar_TR/Dergi-MSinan/Mimar-Sinan-dergisi-65.pdf,Mimar-Sinan-dergisi-65.txt,PDF,92,23334,171274,Başarılı,fb924ff5cdb337cb8392c144a0d66b0eb742b5dc0b8138c4d1b93c7e1c7a166d
Mimar-Sinan-dergisi-6.pdf,Books/Books for Text_TR-20260529T163910Z-3-003/Books for Text_TR/Duvar_TR/Dergi-MSinan/Mimar-Sinan-dergisi-6.pdf,Mimar-Sinan-dergisi-6.txt,PDF,105,26839,212805,Başarılı,5eb72dc67b5f25a430cb79c291ad285cc25bc53a2885fc2909d15250d87511c6
Mimar-Sinan-dergisi-69.pdf,Books/Books for Text_TR-20260529T163910Z-3-003/Books for Text_TR/Duvar_TR/Dergi-MSinan/Mimar-Sinan-dergisi-69.pdf,Mimar-Sinan-dergisi-69.txt,PDF,90,20845,148631,Başarılı,603940bb0d42860a36c1b2d1bee616350a9044e704300edcb9467c7852108b5c
Mimar-Sinan-dergisi-67.pdf,Books/Books for Text_TR-20260529T163910Z-3-003/Books for Text_TR/Duvar_TR/Dergi-MSinan/Mimar-Sinan-dergisi-67.pdf,Mimar-Sinan-dergisi-67.txt,PDF,108,63939,221181,Başarılı,778b4327ecbf41a56817370556b81ca094dcafa2592e999d6cdfce835cc07ed5
Mimar-Sinan-dergisi-72.pdf,Books/Books for Text_TR-20260529T163910Z-3-003/Books for Text_TR/Duvar_TR/Dergi-MSinan/Mimar-Sinan-dergisi-72.pdf,Mimar-Sinan-dergisi-72.txt,PDF,90,21617,154389,Başarılı,52e02d13b8baa8982eef80a0b9218e76bc9ae3fa56fcad7fa1f9445d39dcc63e
Mimar-Sinan-dergisi-68.pdf,Books/Books for Text_TR-20260529T163910Z-3-003/Books for Text_TR/Duvar_TR/Dergi-MSinan/Mimar-Sinan-dergisi-68.pdf,Mimar-Sinan-dergisi-68.txt,PDF,98,57778,212399,Başarılı,7125ba15192aa54ddaa037bc3357a7ecb8d85ab6a953883e1f405ab25d578a50
Mimar-Sinan-dergisi-71.pdf,Books/Books for Text_TR-20260529T163910Z-3-003/Books for Text_TR/Duvar_TR/Dergi-MSinan/Mimar-Sinan-dergisi-71.pdf,Mimar-Sinan-dergisi-71.txt,PDF,90,21840,155859,Başarılı,6ddab1f4bbd79d3a2bae374a45761a69ff7c60fa8dc207dec1fc8cabdc6a3e2e
Mimar-Sinan-dergisi-73.pdf,Books/Books for Text_TR-20260529T163910Z-3-003/Books for Text_TR/Duvar_TR/Dergi-MSinan/Mimar-Sinan-dergisi-73.pdf,Mimar-Sinan-dergisi-73.txt,PDF,83,18947,135099,Başarılı,f7e23d9920237916008304a6ddc9ada7db028cc2836b92d1523b9db13a619c02
Mimar-Sinan-dergisi-70.pdf,Books/Books for Text_TR-20260529T163910Z-3-003/Books for Text_TR/Duvar_TR/Dergi-MSinan/Mimar-Sinan-dergisi-70.pdf,Mimar-Sinan-dergisi-70.txt,PDF,102,25605,182734,Başarılı,5b7c8a381571a413dbf23460767a1f8c9a2880f6e0f587f4b7c1cba08d2f46b7
Mimar-Sinan-dergisi-74.pdf,Books/Books for Text_TR-20260529T163910Z-3-003/Books for Text_TR/Duvar_TR/Dergi-MSinan/Mimar-Sinan-dergisi-74.pdf,Mimar-Sinan-dergisi-74.txt,PDF,86,21800,153511,Başarılı,4ea987e2180e367d073a91c64ca8c801db670e6749dea4b57c05d62a5be784d3
Mimar-Sinan-dergisi-78.pdf,Books/Books for Text_TR-20260529T163910Z-3-003/Books for Text_TR/Duvar_TR/Dergi-MSinan/Mimar-Sinan-dergisi-78.pdf,Mimar-Sinan-dergisi-78.txt,PDF,80,19220,136900,Başarılı,dfaaa115dbb765d124fcdf69910fce5492d754c4c4d35f9f38f6f5c6de6f43d1
Mimar-Sinan-dergisi-77.pdf,Books/Books for Text_TR-20260529T163910Z-3-003/Books for Text_TR/Duvar_TR/Dergi-MSinan/Mimar-Sinan-dergisi-77.pdf,Mimar-Sinan-dergisi-77.txt,PDF,80,71210,202508,Başarılı,4befac9176f38e57421bc6f64023ebdf4068928c2906a5d40aa274c3545ed0a1
Mimar-Sinan-dergisi-81.pdf,Books/Books for Text_TR-20260529T163910Z-3-003/Books for Text_TR/Duvar_TR/Dergi-MSinan/Mimar-Sinan-dergisi-81.pdf,Mimar-Sinan-dergisi-81.txt,PDF,91,22259,160629,Başarılı,028ce45eabfaffd7eaf77091e16cf4719a8ecea603bcb29e0b52b77d0cd655ef
Mimar-Sinan-dergisi-75.pdf,Books/Books for Text_TR-20260529T163910Z-3-003/Books for Text_TR/Duvar_TR/Dergi-MSinan/Mimar-Sinan-dergisi-75.pdf,Mimar-Sinan-dergisi-75.txt,PDF,106,24662,174648,Başarılı,2ce0abd925c81a1713a3ecf3eda229d764da51be5f0cdfd2eae076e48973d855
Mimar-Sinan-dergisi-79.pdf,Books/Books for Text_TR-20260529T163910Z-3-003/Books for Text_TR/Duvar_TR/Dergi-MSinan/Mimar-Sinan-dergisi-79.pdf,Mimar-Sinan-dergisi-79.txt,PDF,84,19898,139276,Başarılı,f5b6c96138089664f8e3ca70efe3ad93bdf0c4ba28936fbbed20ae769fc3267c
Mimar-Sinan-dergisi-80.pdf,Books/Books for Text_TR-20260529T163910Z-3-003/Books for Text_TR/Duvar_TR/Dergi-MSinan/Mimar-Sinan-dergisi-80.pdf,Mimar-Sinan-dergisi-80.txt,PDF,80,21734,155422,Başarılı,b56f03a6197513847ef7cbada4f514acaf3551e77df359186f7fc4a37d755a36
Mimar-Sinan-dergisi-8.pdf,Books/Books for Text_TR-20260529T163910Z-3-003/Books for Text_TR/Duvar_TR/Dergi-MSinan/Mimar-Sinan-dergisi-8.pdf,Mimar-Sinan-dergisi-8.txt,PDF,103,26117,204171,Başarılı,6eaa5f6399b480767ef46860a60016843834a0047d03cc3bc1a3044cb00f33b6
Mimar-Sinan-dergisi-87.pdf,Books/Books for Text_TR-20260529T163910Z-3-003/Books for Text_TR/Duvar_TR/Dergi-MSinan/Mimar-Sinan-dergisi-87.pdf,Mimar-Sinan-dergisi-87.txt,PDF,106,28563,177445,Başarılı,fd99294c3c169901b50f83e63fb9a099a283bd98deb35958361c513b01e2ef7d
Mimar-Sinan-dergisi-82.pdf,Books/Books for Text_TR-20260529T163910Z-3-003/Books for Text_TR/Duvar_TR/Dergi-MSinan/Mimar-Sinan-dergisi-82.pdf,Mimar-Sinan-dergisi-82.txt,PDF,82,21039,149604,Başarılı,057005290ad96dc8264cee9f2131a7d3027964c29f24ea4c1d6f9651508838aa
Mimar-Sinan-dergisi-85.pdf,Books/Books for Text_TR-20260529T163910Z-3-003/Books for Text_TR/Duvar_TR/Dergi-MSinan/Mimar-Sinan-dergisi-85.pdf,Mimar-Sinan-dergisi-85.txt,PDF,97,23080,160410,Başarılı,556b7f5eb164269705bdaec0942e0cf3aac482f09f09a903bc9fdcc1228d0e22
Mimar-Sinan-dergisi-86.pdf,Books/Books for Text_TR-20260529T163910Z-3-003/Books for Text_TR/Duvar_TR/Dergi-MSinan/Mimar-Sinan-dergisi-86.pdf,Mimar-Sinan-dergisi-86.txt,PDF,97,23611,164913,Başarılı,c2ba7d058e7501fc59083af19a0bae8a66981a092117805d5e90d35ed713c4aa
Mimar-Sinan-dergisi-83.pdf,Books/Books for Text_TR-20260529T163910Z-3-003/Books for Text_TR/Duvar_TR/Dergi-MSinan/Mimar-Sinan-dergisi-83.pdf,Mimar-Sinan-dergisi-83.txt,PDF,101,25494,180215,Başarılı,d793172689527ca6de7c710c03ce7a67cfb7ac2b3b43a89af607b95ce502e110
Mimar-Sinan-dergisi-84.pdf,Books/Books for Text_TR-20260529T163910Z-3-003/Books for Text_TR/Duvar_TR/Dergi-MSinan/Mimar-Sinan-dergisi-84.pdf,Mimar-Sinan-dergisi-84.txt,PDF,101,26051,184606,Başarılı,54e661f627fe80544fc264d7423b815fa29ef229244b46199d46be700eebb502
Mimar-Sinan-dergisi-90.pdf,Books/Books for Text_TR-20260529T163910Z-3-003/Books for Text_TR/Duvar_TR/Dergi-MSinan/Mimar-Sinan-dergisi-90.pdf,Mimar-Sinan-dergisi-90.txt,PDF,97,23514,159914,Başarılı,0c9f429ae4707d256ad6d403ada3d8374488e6e0abe26d136bca859236b25627
zYazara_Gore_Fihrist.pdf,Books/Books for Text_TR-20260529T163910Z-3-003/Books for Text_TR/Duvar_TR/Dergi-MSinan/zYazara_Gore_Fihrist.pdf,zYazara_Gore_Fihrist.txt,PDF,24,12012,74852,Başarılı,5e4a01994a09e146711a8f7e485604f63400aa8e4e6c33440f7a7650d4c7dc48
Mimar-Sinan-dergisi-98.pdf,Books/Books for Text_TR-20260529T163910Z-3-003/Books for Text_TR/Duvar_TR/Dergi-MSinan/Mimar-Sinan-dergisi-98.pdf,Mimar-Sinan-dergisi-98.txt,PDF,102,29251,210326,Başarılı,e749f0012dcd592dbd1c60869fee82cb5cb976ad06d2f4eb5d80ff3eb26298e3
Mimar-Sinan-dergisi-89.pdf,Books/Books for Text_TR-20260529T163910Z-3-003/Books for Text_TR/Duvar_TR/Dergi-MSinan/Mimar-Sinan-dergisi-89.pdf,Mimar-Sinan-dergisi-89.txt,PDF,90,21873,154500,Başarılı,8385ff9310add60f66ee3fdb68864c46ac67695088c9aaceffce22374293d295
Mimar-Sinan-dergisi-97.pdf,Books/Books for Text_TR-20260529T163910Z-3-003/Books for Text_TR/Duvar_TR/Dergi-MSinan/Mimar-Sinan-dergisi-97.pdf,Mimar-Sinan-dergisi-97.txt,PDF,98,26069,179843,Başarılı,ea80b642a7ee84b8b4d9c9cc5fbe06583e3635a385bbfbed1f69a9698987aefe
Mimar-Sinan-dergisi-9.pdf,Books/Books for Text_TR-20260529T163910Z-3-003/Books for Text_TR/Duvar_TR/Dergi-MSinan/Mimar-Sinan-dergisi-9.pdf,Mimar-Sinan-dergisi-9.txt,PDF,110,59861,261661,Başarılı,30bee0e23f063ec6f97a3923c81c0317d85d929681f164a4ee57dbe65434676d
Mimar-Sinan-dergisi-91.pdf,Books/Books for Text_TR-20260529T163910Z-3-003/Books for Text_TR/Duvar_TR/Dergi-MSinan/Mimar-Sinan-dergisi-91.pdf,Mimar-Sinan-dergisi-91.txt,PDF,98,24307,171379,Başarılı,47dbd3eb2da764a05972bb34a5ab9fa3fd9690d513679d3feae0f9350b06dc22
Andersonun_Kitabı-1-Giriş.pdf,Books/Books for Text_TR-20260529T163910Z-3-003/Books for Text_TR/Duvar_TR/M-Murat Özgen Ayfer/Anderson_un Kitabı/Andersonun_Kitabı-1-Giriş.pdf,Andersonun_Kitabı-1-Giriş.txt,PDF,22,6008,46504,Başarılı,4acc682b26c863db195974464999a6f4de5984d74fcbd5192d6d3b151d1887bc
Ms_Sozlugu_14_Sofra_ve.pdf,Books/Books for Text_TR-20260529T163910Z-3-003/Books for Text_TR/Duvar_TR/M-Murat Özgen Ayfer/Ms-Sözlüğü/Ms_Sozlugu_14_Sofra_ve.pdf,Ms_Sozlugu_14_Sofra_ve.txt,PDF,11,2786,21275,Başarılı,9abb837aa824c0034ac0415f0c1dbecdd5a65cd5fbc0742292b5b368ee9db4a4
Mimar-Sinan-dergisi-99.pdf,Books/Books for Text_TR-20260529T163910Z-3-003/Books for Text_TR/Duvar_TR/Dergi-MSinan/Mimar-Sinan-dergisi-99.pdf,Mimar-Sinan-dergisi-99.txt,PDF,114,30821,215514,Başarılı,2b34c3b7c1e565097b8d02f489f7318de5234744f10380afab869db6a7b17f96
T24.pdf,Books/Books for Text_TR-20260529T163910Z-3-003/Books for Text_TR/Duvar_TR/Dergi-Tesviye/T24.pdf,T24.txt,PDF,48,12134,83645,Başarılı,1f413dd3049a62182c9d643db3967d7ce30172b1759e5dc05689e33e05fd537d
T83.pdf,Books/Books for Text_TR-20260529T163910Z-3-003/Books for Text_TR/Duvar_TR/Dergi-Tesviye/T83.pdf,T83.txt,PDF,68,28412,201731,Başarılı,106d66e2f586b8fc028e1182bd4073c34a540ad6229f3ac9aa4909108393f497
Andersonun_Kitabı-5-Onama.pdf,Books/Books for Text_TR-20260529T163910Z-3-003/Books for Text_TR/Duvar_TR/M-Murat Özgen Ayfer/Anderson_un Kitabı/Andersonun_Kitabı-5-Onama.pdf,Andersonun_Kitabı-5-Onama.txt,PDF,33,5683,43236,Başarılı,e29bcc8ef5d76371d148614f11dd56c76e1e69ead29361962c39c36b909663c7
Andersonun_Kitabı-6-Değişiklikler.pdf,Books/Books for Text_TR-20260529T163910Z-3-003/Books for Text_TR/Duvar_TR/M-Murat Özgen Ayfer/Anderson_un Kitabı/Andersonun_Kitabı-6-Değişiklikler.pdf,Andersonun_Kitabı-6-Değişiklikler.txt,PDF,13,3291,25433,Başarılı,7ed4392ec0284219963c904c841525c25e44cea917d4abe14ad57e262c434abc
Ms_Sozlugu_15_Dinler_v.pdf,Books/Books for Text_TR-20260529T163910Z-3-003/Books for Text_TR/Duvar_TR/M-Murat Özgen Ayfer/Ms-Sözlüğü/Ms_Sozlugu_15_Dinler_v.pdf,Ms_Sozlugu_15_Dinler_v.txt,PDF,45,12546,98120,Başarılı,d2a73af57bcf320d50455c902029bfb10d2626597a8c9d553029af0a704268bc
Ms_Sozlugu_3_Aletler_v.pdf,Books/Books for Text_TR-20260529T163910Z-3-003/Books for Text_TR/Duvar_TR/M-Murat Özgen Ayfer/Ms-Sözlüğü/Ms_Sozlugu_3_Aletler_v.pdf,Ms_Sozlugu_3_Aletler_v.txt,PDF,33,8874,68492,Başarılı,6970239480fabd6372d6bd9bf0a6698fddbe8d950218e905076bc2fa750f6b1f
Andersonun_Kitabı-2-Tarih.pdf,Books/Books for Text_TR-20260529T163910Z-3-003/Books for Text_TR/Duvar_TR/M-Murat Özgen Ayfer/Anderson_un Kitabı/Andersonun_Kitabı-2-Tarih.pdf,Andersonun_Kitabı-2-Tarih.txt,PDF,57,19675,153003,Başarılı,12218c30661be8cf69a9f5195191570f0e5c57318109811f9223932e6a96c5f2
Ms_Sozlugu_16_Tarihsel.pdf,Books/Books for Text_TR-20260529T163910Z-3-003/Books for Text_TR/Duvar_TR/M-Murat Özgen Ayfer/Ms-Sözlüğü/Ms_Sozlugu_16_Tarihsel.pdf,Ms_Sozlugu_16_Tarihsel.txt,PDF,110,32529,255644,Başarılı,ba7e7471803957ba7da5aa498bca0b52eb9f5858ecaad847bd70541423685e4c
Ms_Sozlugu_17_Tarihsel.pdf,Books/Books for Text_TR-20260529T163910Z-3-003/Books for Text_TR/Duvar_TR/M-Murat Özgen Ayfer/Ms-Sözlüğü/Ms_Sozlugu_17_Tarihsel.pdf,Ms_Sozlugu_17_Tarihsel.txt,PDF,73,21392,168227,Başarılı,fa3ba210e91af692b778a94a62dfc903c7cf0877bcb0375f7ee4e83be84e3414
Ms_Sozlugu_5_Sutunlar.pdf,Books/Books for Text_TR-20260529T163910Z-3-003/Books for Text_TR/Duvar_TR/M-Murat Özgen Ayfer/Ms-Sözlüğü/Ms_Sozlugu_5_Sutunlar.pdf,Ms_Sozlugu_5_Sutunlar.txt,PDF,12,3159,24226,Başarılı,5e9bf3c5d5de1be71e0ef0b9c19361570ec285862e5d24ee6fb9690f00846268
T85.pdf,Books/Books for Text_TR-20260529T163910Z-3-003/Books for Text_TR/Duvar_TR/Dergi-Tesviye/T85.pdf,T85.txt,PDF,68,29526,212810,Başarılı,f78d8f3a39c4d2f527b2b40728afb20f0aee1d289f12d1d07bbd95dd2516fc07
Ms_Sozlugu_13_Yontemle.pdf,Books/Books for Text_TR-20260529T163910Z-3-003/Books for Text_TR/Duvar_TR/M-Murat Özgen Ayfer/Ms-Sözlüğü/Ms_Sozlugu_13_Yontemle.pdf,Ms_Sozlugu_13_Yontemle.txt,PDF,123,40484,310753,Başarılı,6c1a05b436adfda9f2aeb9f69b57abd874f9753368e3144a8af66b7bc0408d92
Ms_Sozlugu_6_Sozcukler.pdf,Books/Books for Text_TR-20260529T163910Z-3-003/Books for Text_TR/Duvar_TR/M-Murat Özgen Ayfer/Ms-Sözlüğü/Ms_Sozlugu_6_Sozcukler.pdf,Ms_Sozlugu_6_Sozcukler.txt,PDF,55,12169,93123,Başarılı,9b4017d4ee37166c58d15f2bafa0f640bcd918f1fde1ff7c193855c0620143fa
T87.pdf,Books/Books for Text_TR-20260529T163910Z-3-003/Books for Text_TR/Duvar_TR/Dergi-Tesviye/T87.pdf,T87.txt,PDF,68,20444,147345,Başarılı,f9b46e80c5ac820810208b9ff60a8649ff1c978ade435759f4743be4c13ca3bc
4.pdf,Books/Books for Text_TR-20260529T163910Z-3-003/Books for Text_TR/Gld-World/Philip Willan Soylesi/4.pdf,4.txt,PDF,1,591,3338,Başarılı,6415087aa9edec5eb5f02de434f78263b8897bef860c4c1e82b635e3f1896af0
2.pdf,Books/Books for Text_TR-20260529T163910Z-3-003/Books for Text_TR/Gld-World/Philip Willan Soylesi/2.pdf,2.txt,PDF,1,358,3992,Başarılı,d6e810163451b83ffe9397ae3da553f5dfd790db8ab53cafd2f5047680fcf6a0
Ms_Sozlugu_7_Terimler.pdf,Books/Books for Text_TR-20260529T163910Z-3-003/Books for Text_TR/Duvar_TR/M-Murat Özgen Ayfer/Ms-Sözlüğü/Ms_Sozlugu_7_Terimler.pdf,Ms_Sozlugu_7_Terimler.txt,PDF,115,35186,275707,Başarılı,17c1f0895b3e25e11cb504e0e75c6cf85d2f4a755c8afc36c821c43e01fc0953
Ms_Sozlugu_8_Terimler.pdf,Books/Books for Text_TR-20260529T163910Z-3-003/Books for Text_TR/Duvar_TR/M-Murat Özgen Ayfer/Ms-Sözlüğü/Ms_Sozlugu_8_Terimler.pdf,Ms_Sozlugu_8_Terimler.txt,PDF,98,31213,246162,Başarılı,0b492a2754d7cb9170e7b59cacb0f9d18ecf1981bdc822e5d6259e455568e6ed
5.pdf,Books/Books for Text_TR-20260529T163910Z-3-003/Books for Text_TR/Gld-World/Philip Willan Soylesi/5.pdf,5.txt,PDF,1,598,3345,Başarılı,d973aa875a8fdfcd309a880343d44be5562598c2437f737951967a3241d006c6
6.pdf,Books/Books for Text_TR-20260529T163910Z-3-003/Books for Text_TR/Gld-World/Philip Willan Soylesi/6.pdf,6.txt,PDF,1,927,4229,Başarılı,8d71eeb91e714988435b0536aab30c0baace76806793abef1f34e2e18ab39a4d
1.pdf,Books/Books for Text_TR-20260529T163910Z-3-003/Books for Text_TR/Gld-World/Philip Willan Soylesi/1.pdf,1.txt,PDF,1,43,1099,Başarılı,4ff76b8456e3c0ef8f62c01cc5f83d4cb3295522118e65a2dff7f182256bc34b
Ms_Sozlugu_9_Orgutlenme.pdf,Books/Books for Text_TR-20260529T163910Z-3-003/Books for Text_TR/Duvar_TR/M-Murat Özgen Ayfer/Ms-Sözlüğü/Ms_Sozlugu_9_Orgutlenme.pdf,Ms_Sozlugu_9_Orgutlenme.txt,PDF,85,25522,197961,Başarılı,d2c1ae5bd56dbd4a15f70001660899f9759feb0eaa695509f0ac9b690dd2a222
Kitleler Psikolojisi (Gustave Le Bon) (z-lib.org).pdf,Books/Books for Text_TR-20260529T163910Z-3-003/Books for Text_TR/Propaganda ve İkna/Kitle Psikolojisi/Kitleler Psikolojisi (Gustave Le Bon) (z-lib.org).pdf,Kitleler Psikolojisi (Gustave Le Bon) (z-lib.org).txt,PDF,188,0,0,Görsel / Taranmış (0 Kelime),dc00da36e983da4206cd6beb52efafc20acf09606e9a09bcd9fba73404bacf99
Tapinakcilar Siyonistler ve_Ms-2.pdf,"Books/Books for Text_TR-20260529T163910Z-3-003/Books for Text_TR/Duvar_TR/M-Murat Özgen Ayfer/Tapınakçılar, Syonistler, Masonlar/Tapinakcilar Siyonistler ve_Ms-2.pdf",Tapinakcilar Siyonistler ve_Ms-2.txt,PDF,222,81698,621406,Başarılı,cfbc9703bbc140e8ee1abf1b7c15b3240bf5898e2fbd3f959f13b6c18958741a
Algoritmalarin-Golgesinde-Toplum-Ve-Iletisim.pdf,Books/Books for Text_TR-20260529T163910Z-3-003/Books for Text_TR/Propaganda ve İkna/Kitle iletisimi/Algoritmalarin-Golgesinde-Toplum-Ve-Iletisim.pdf,Algoritmalarin-Golgesinde-Toplum-Ve-Iletisim.txt,PDF,129,37607,312915,Başarılı,ad653ceff4794ebf53e886a5af82f685a8935f60c9d60cc7224c2c5605cce4d2
Tapinakcilar Siyonistler ve_Ms-1.pdf,"Books/Books for Text_TR-20260529T163910Z-3-003/Books for Text_TR/Duvar_TR/M-Murat Özgen Ayfer/Tapınakçılar, Syonistler, Masonlar/Tapinakcilar Siyonistler ve_Ms-1.pdf",Tapinakcilar Siyonistler ve_Ms-1.txt,PDF,280,94884,723291,Başarılı,8bac321487c98bc8a0a926c42b75ed6011e68073417edf2b413d72bc9df2ccf6
Tapinakcilar Siyonistler ve_Ms-3.pdf,"Books/Books for Text_TR-20260529T163910Z-3-003/Books for Text_TR/Duvar_TR/M-Murat Özgen Ayfer/Tapınakçılar, Syonistler, Masonlar/Tapinakcilar Siyonistler ve_Ms-3.pdf",Tapinakcilar Siyonistler ve_Ms-3.txt,PDF,194,62407,473117,Başarılı,b797fbe5053fc0ba5e090d00b5b3f4e942e680be8d16f17a1b801b9f6856154e
Stratejik-İletişim-Planı-Aysegul-Aksu-3.pdf,Books/Books for Text_TR-20260529T163910Z-3-003/Books for Text_TR/Propaganda ve İkna/Kitle iletisimi/Stratejik-İletişim-Planı-Aysegul-Aksu-3.pdf,Stratejik-İletişim-Planı-Aysegul-Aksu-3.txt,PDF,18,5205,44422,Başarılı,747b3a5e5338382e2eb987588a050a1c1da3698919306b915aef2b714c02d775
Kitle-Kulturu-Kitlelerin-Afyonu-Hasan-Bulent-Kahraman.pdf,Books/Books for Text_TR-20260529T163910Z-3-003/Books for Text_TR/Propaganda ve İkna/Kitle iletisimi/Kitle-Kulturu-Kitlelerin-Afyonu-Hasan-Bulent-Kahraman.pdf,Kitle-Kulturu-Kitlelerin-Afyonu-Hasan-Bulent-Kahraman.txt,PDF,324,56958,410164,Başarılı,1061dfa27b69f65d980b1b97b1acb42de279a59fc8e10bf612b3f9638e8e0d36
Sosyolojik Açıdan Siyaset-İletişim İlişkisi.pdf,Books/Books for Text_TR-20260529T163910Z-3-003/Books for Text_TR/Propaganda ve İkna/Kitle iletisimi/Sosyolojik Açıdan Siyaset-İletişim İlişkisi.pdf,Sosyolojik Açıdan Siyaset-İletişim İlişkisi.txt,PDF,288,50838,413771,Başarılı,c520765028da01808c006cd6b9e6c51edafcca5247a9d8411e9c29871a532afe
Kitle Psikolojisi (Sigmund Freud) (z-lib.org).pdf,Books/Books for Text_TR-20260529T163910Z-3-003/Books for Text_TR/Propaganda ve İkna/Kitle Psikolojisi/Kitle Psikolojisi (Sigmund Freud) (z-lib.org).pdf,Kitle Psikolojisi (Sigmund Freud) (z-lib.org).txt,PDF,134,25106,184932,Başarılı,f3eda4941ad8ad38a7e1feb85a026de1a2723194f2eb3b85fc10a9caa2ac9dcd
Philip_Willan_Kuklacılar_Higligt.pdf,Books/Books for Text_TR-20260529T163910Z-3-003/Books for Text_TR/Gld-World/Philip_Willan_Kuklacılar_Higligt.pdf,Philip_Willan_Kuklacılar_Higligt.txt,PDF,448,124087,930223,Başarılı,bf981cdc3f0b3cd7ec82668b482b805be105b1e1bd72f9cca335309300f59aa8
Kitle-Iletisim-Kuramlari-Levent-Yaylagul.pdf,Books/Books for Text_TR-20260529T163910Z-3-003/Books for Text_TR/Propaganda ve İkna/Kitle iletisimi/Kitle-Iletisim-Kuramlari-Levent-Yaylagul.pdf,Kitle-Iletisim-Kuramlari-Levent-Yaylagul.txt,PDF,197,74345,402935,Başarılı,e2eb715e29190620b0ab79c8130133c0f0dbd4cce9e7117df046292c14ec15be
Kamuoyu-Iletisim-ve-Demokrasi-Arsev-Bektas.pdf,Books/Books for Text_TR-20260529T163910Z-3-003/Books for Text_TR/Propaganda ve İkna/Kitle iletisimi/Kamuoyu-Iletisim-ve-Demokrasi-Arsev-Bektas.pdf,Kamuoyu-Iletisim-ve-Demokrasi-Arsev-Bektas.txt,PDF,274,72053,543311,Başarılı,aa1685c8428d02b88ad020ed5bb74f118c68590fd574efe340ce3d5247f2e43a
Kuklacılar_İtalya_da_Gladyo_Terörü-Philip_Willan.pdf,Books/Books for Text_TR-20260529T163910Z-3-003/Books for Text_TR/Gld-World/Kuklacılar_İtalya_da_Gladyo_Terörü-Philip_Willan.pdf,Kuklacılar_İtalya_da_Gladyo_Terörü-Philip_Willan.txt,PDF,448,124087,930223,Başarılı,a028ee643bfdc10d6407162be34195abda4d3e496e5042705b7ae853336ac152
Gizli-Ikna-Taktikleri-Kevin-Hogan.pdf,Books/Books for Text_TR-20260529T163910Z-3-003/Books for Text_TR/Propaganda ve İkna/ikna/Gizli-Ikna-Taktikleri-Kevin-Hogan.pdf,Gizli-Ikna-Taktikleri-Kevin-Hogan.txt,PDF,139,38480,309132,Başarılı,fbb9f5524cc4e07a967b2bdcb44e61d7161967584aa11c7c00ce5b28832a47b6
Istediginiz-Kisiye-8-Dakikada-Nasil-Evet-Dedirtirsiniz-Hogan.pdf,Books/Books for Text_TR-20260529T163910Z-3-003/Books for Text_TR/Propaganda ve İkna/ikna/Istediginiz-Kisiye-8-Dakikada-Nasil-Evet-Dedirtirsiniz-Hogan.pdf,Istediginiz-Kisiye-8-Dakikada-Nasil-Evet-Dedirtirsiniz-Hogan.txt,PDF,229,46348,352849,Başarılı,5d9b10a7e067ab7d4b40c0539606ee23cec1b52d0ee38f59c2bb8f9f98bc0afb
İletişim-Ayseli Usluata-1994.pdf,Books/Books for Text_TR-20260529T163910Z-3-003/Books for Text_TR/Propaganda ve İkna/Kitle iletisimi/İletişim-Ayseli Usluata-1994.pdf,İletişim-Ayseli Usluata-1994.txt,PDF,112,23299,183461,Başarılı,d15b0fcdec3e0e20e5d4fad3d6da92c8d1d834107357960c83833c6558bfb16a
Dijitalleşen-Dunyada-Siyasal-İletişim-compressed.pdf,Books/Books for Text_TR-20260529T163910Z-3-003/Books for Text_TR/Propaganda ve İkna/Kitle iletisimi/Dijitalleşen-Dunyada-Siyasal-İletişim-compressed.pdf,Dijitalleşen-Dunyada-Siyasal-İletişim-compressed.txt,PDF,664,173975,1387422,Başarılı,451681e3686d3bda7dda92a1445715a0780d5253a84a1c79686a93053c01e039
Dijital-Iletisim-Ve-Yeni-Medya.pdf,Books/Books for Text_TR-20260529T163910Z-3-003/Books for Text_TR/Propaganda ve İkna/Kitle iletisimi/Dijital-Iletisim-Ve-Yeni-Medya.pdf,Dijital-Iletisim-Ve-Yeni-Medya.txt,PDF,213,80735,661862,Başarılı,26262e31816427d80834ea359a8161b66fc36f9be4b46bee98e711c8de54a7b7
İsyan ve Umut Ağlan-İnternet Çağında Toplumsal Hareketler.pdf,Books/Books for Text_TR-20260529T163910Z-3-003/Books for Text_TR/Propaganda ve İkna/Kitle iletisimi/İsyan ve Umut Ağlan-İnternet Çağında Toplumsal Hareketler.pdf,İsyan ve Umut Ağlan-İnternet Çağında Toplumsal Hareketler.txt,PDF,315,72223,550754,Başarılı,3e7c48b3968f74174aab8634f1b196734989fed5d10bbf4f445633646f98b65c
İmamın-Ordusu-Ahmet-Şık.pdf,Books/Books for Text_TR-20260529T163910Z-3-003/Books for Text_TR/Yazarlar-Tr/Ahmet şık/İmamın-Ordusu-Ahmet-Şık.pdf,İmamın-Ordusu-Ahmet-Şık.txt,PDF,301,0,0,Görsel / Taranmış (0 Kelime),380acf809d92ff02c535961835e9b9d99a94e7bc0bbc83823b6a24e9ae07f323
Aytunç Altındal - Bilinmeyen-Vatikan.pdf,Books/Books for Text_TR-20260529T163910Z-3-003/Books for Text_TR/Yazarlar-Tr/Aytunç Altındal/Aytunç Altındal - Bilinmeyen-Vatikan.pdf,Aytunç Altındal - Bilinmeyen-Vatikan.txt,PDF,147,16310,126997,Başarılı,e12c214a92d3ed77c4ebbf2714fe3c831c6beeddb103e04b15b506defb01ba8d
AKPnin Müteahhitleri (Harun Gürek) (z-lib.org).pdf,Books/Books for Text_TR-20260529T163910Z-3-003/Books for Text_TR/RTE/AKPnin Müteahhitleri (Harun Gürek) (z-lib.org).pdf,AKPnin Müteahhitleri (Harun Gürek) (z-lib.org).txt,PDF,319,91194,596006,Başarılı,137d9770b5c600e10efb35f9f07fa6a5cb1f793b8b03a458d255a76d84e47777
Aytunç Altındal - Casuslar.pdf,Books/Books for Text_TR-20260529T163910Z-3-003/Books for Text_TR/Yazarlar-Tr/Aytunç Altındal/Aytunç Altındal - Casuslar.pdf,Aytunç Altındal - Casuslar.txt,PDF,70,32940,227316,Başarılı,e59254d668fcc81e08372752ad953595e06fd6fcfc627ae23537e2c707ab1c31
Aytunç Altındal - Gül ve Haç Kardeşliği.pdf,Books/Books for Text_TR-20260529T163910Z-3-003/Books for Text_TR/Yazarlar-Tr/Aytunç Altındal/Aytunç Altındal - Gül ve Haç Kardeşliği.pdf,Aytunç Altındal - Gül ve Haç Kardeşliği.txt,PDF,288,0,0,Görsel / Taranmış (0 Kelime),c5b405e00c2c45a3eda9911b6d1e198cb6468b59f6993c91355a6b86f96ef371
Aytunç Altındal - Bir Türk Casusunun Mektupları Batıda Seküler Düşüncenin Gelişimine Katkı.pdf,Books/Books for Text_TR-20260529T163910Z-3-003/Books for Text_TR/Yazarlar-Tr/Aytunç Altındal/Aytunç Altındal - Bir Türk Casusunun Mektupları Batıda Seküler Düşüncenin Gelişimine Katkı.pdf,Aytunç Altındal - Bir Türk Casusunun Mektupları Batıda Seküler Düşüncenin Gelişimine Katkı.txt,PDF,158,34128,244796,Başarılı,25417d4c2bf47a97af6f43854002e7c99dc93fe254d3f1e7a7208ca6ac5fd0f6
Aytunç Altındal - Bilinmeyen Hitler.pdf,Books/Books for Text_TR-20260529T163910Z-3-003/Books for Text_TR/Yazarlar-Tr/Aytunç Altındal/Aytunç Altındal - Bilinmeyen Hitler.pdf,Aytunç Altındal - Bilinmeyen Hitler.txt,PDF,301,62844,453007,Başarılı,8bd5fbf35fb90d669e515a540b00482830c417d3b36b7ee90f338ba7ec7e7977
Aytunç Altındal - Vatikan_ın Gizli Yüzü.pdf,Books/Books for Text_TR-20260529T163910Z-3-003/Books for Text_TR/Yazarlar-Tr/Aytunç Altındal/Aytunç Altındal - Vatikan_ın Gizli Yüzü.pdf,Aytunç Altındal - Vatikan_ın Gizli Yüzü.txt,PDF,17,4806,40259,Başarılı,458ba2dda5169e69cefe1aa0a2581526184bbed9f25224009b81721c65133ac4
Aytunç Altındal - Laiklik_ Enigma_ya Dönüşen Paradigma.pdf,Books/Books for Text_TR-20260529T163910Z-3-003/Books for Text_TR/Yazarlar-Tr/Aytunç Altındal/Aytunç Altındal - Laiklik_ Enigma_ya Dönüşen Paradigma.pdf,Aytunç Altındal - Laiklik_ Enigma_ya Dönüşen Paradigma.txt,PDF,257,0,0,Görsel / Taranmış (0 Kelime),1ff86bf0954c08acf555500e14cfbb83df33c4166c5790c0116d0f560dc3caa0
Turkiye`de-Kitle-İletişimi.pdf,Books/Books for Text_TR-20260529T163910Z-3-003/Books for Text_TR/Propaganda ve İkna/Kitle iletisimi/Turkiye`de-Kitle-İletişimi.pdf,Turkiye`de-Kitle-İletişimi.txt,PDF,747,273250,2181344,Başarılı,3741c1d10fb857bb29486a8dbd5e7571fbdc572aa7bf3d316263bf1c55dfb2b7
İknanın Psikolojisi-Robert B. Cialdini.pdf,Books/Books for Text_TR-20260529T163910Z-3-003/Books for Text_TR/Propaganda ve İkna/ikna/İknanın Psikolojisi-Robert B. Cialdini.pdf,İknanın Psikolojisi-Robert B. Cialdini.txt,PDF,358,90234,658640,Başarılı,e97a011657bc8b258f8c3a9e3b216ccca92a5820984e93fac48cec09610f4d7f
Aytunç Altındal - Papa 16. Benedikt Avrupa Birliği ve Türkiye.pdf,Books/Books for Text_TR-20260529T163910Z-3-003/Books for Text_TR/Yazarlar-Tr/Aytunç Altındal/Aytunç Altındal - Papa 16. Benedikt Avrupa Birliği ve Türkiye.pdf,Aytunç Altındal - Papa 16. Benedikt Avrupa Birliği ve Türkiye.txt,PDF,146,32222,232299,Başarılı,bf7132386638184e5df04fae19491f0562c7b7562e0d2d562cbe246eac27ff5d
Aytunç Altındal - Kutsal Kitabın Yorumu-Sir İsaac Newton.pdf,Books/Books for Text_TR-20260529T163910Z-3-003/Books for Text_TR/Yazarlar-Tr/Aytunç Altındal/Aytunç Altındal - Kutsal Kitabın Yorumu-Sir İsaac Newton.pdf,Aytunç Altındal - Kutsal Kitabın Yorumu-Sir İsaac Newton.txt,PDF,241,64784,487807,Başarılı,83e5a2ef62488ee05b4ffc78b8d5908417883cf1881f39d5e69ba3cdea087a70
Caktirmadan-Ikna-Vance-Packard.pdf,Books/Books for Text_TR-20260529T163910Z-3-003/Books for Text_TR/Propaganda ve İkna/ikna/Caktirmadan-Ikna-Vance-Packard.pdf,Caktirmadan-Ikna-Vance-Packard.txt,PDF,288,71136,546819,Başarılı,ea7d73a5830610bf153b2851c7282107b5ce42a1c50d82c8af441ea0020cd60b
Aytunç Altındal - Yoksul Tanrı_ Tyanalı Apollonius.pdf,Books/Books for Text_TR-20260529T163910Z-3-003/Books for Text_TR/Yazarlar-Tr/Aytunç Altındal/Aytunç Altındal - Yoksul Tanrı_ Tyanalı Apollonius.pdf,Aytunç Altındal - Yoksul Tanrı_ Tyanalı Apollonius.txt,PDF,148,33197,243811,Başarılı,ca1a794fa9d1995235c0909d08c314851870d35b592c642c446a293c9130bb6e
Aydınlık-2009-11-22.pdf,Books/Books for Text_TR-20260529T163910Z-3-003/Books for Text_TR/Yazarlar-Tr/Dogu-Perincek/Aydınlık-2009-11-22.pdf,Aydınlık-2009-11-22.txt,PDF,65,31466,232576,Başarılı,a7cf624b281a6452c96ec92db06a24815503b71c0387014519be538d6006a7c1
Aytunç Altındal - Üç İsa.pdf,Books/Books for Text_TR-20260529T163910Z-3-003/Books for Text_TR/Yazarlar-Tr/Aytunç Altındal/Aytunç Altındal - Üç İsa.pdf,Aytunç Altındal - Üç İsa.txt,PDF,78,31878,235455,Başarılı,de4ca84c3f42e32ba9545b2ef7388fa064db059ab5dda9804b2dfe4f2a2733b0
Aydınlık-2009-08-23.pdf,Books/Books for Text_TR-20260529T163910Z-3-003/Books for Text_TR/Yazarlar-Tr/Dogu-Perincek/Aydınlık-2009-08-23.pdf,Aydınlık-2009-08-23.txt,PDF,65,33088,244710,Başarılı,2edcabb95f817f4ba4fe1541bcdef3f979e0cf035fef6ebd92bfd5c39dcd6bd2
Aydınlık-2009-12-27.pdf,Books/Books for Text_TR-20260529T163910Z-3-003/Books for Text_TR/Yazarlar-Tr/Dogu-Perincek/Aydınlık-2009-12-27.pdf,Aydınlık-2009-12-27.txt,PDF,65,30973,229937,Başarılı,5eb1abb83eaf8d6088c9699b80639defb68c95b95c766be0399ff32d919a99fa
Aytunç Altındal - Kehanetler Kitabı.pdf,Books/Books for Text_TR-20260529T163910Z-3-003/Books for Text_TR/Yazarlar-Tr/Aytunç Altındal/Aytunç Altındal - Kehanetler Kitabı.pdf,Aytunç Altındal - Kehanetler Kitabı.txt,PDF,177,10,157,Başarılı,a61ff4e8d7b5e387147412c3e64e8f66bdfca7eeb7ba6016a9d759bd41d57182
Aydınlık-2010-01-03.pdf,Books/Books for Text_TR-20260529T163910Z-3-003/Books for Text_TR/Yazarlar-Tr/Dogu-Perincek/Aydınlık-2010-01-03.pdf,Aydınlık-2010-01-03.txt,PDF,65,32400,240300,Başarılı,23e607e27dd0dfe15b423277a7a2cac553feda09ab483e6a6f30855655d44142
Mahir Kaynak-Bugünü Dünden Okumak.pdf,Books/Books for Text_TR-20260529T163910Z-3-003/Books for Text_TR/Yazarlar-Tr/Mahir Kaynak/Mahir Kaynak-Bugünü Dünden Okumak.pdf,Mahir Kaynak-Bugünü Dünden Okumak.txt,PDF,207,33202,238858,Başarılı,39012961584b6905832a742854c502aada8775ab7d47f908207544114f947074
Mahir-Kaynak-Ergenekon.pdf,Books/Books for Text_TR-20260529T163910Z-3-003/Books for Text_TR/Yazarlar-Tr/Mahir Kaynak/Mahir-Kaynak-Ergenekon.pdf,Mahir-Kaynak-Ergenekon.txt,PDF,184,28240,208817,Başarılı,9414918f219687d4f347e2652ed6b87900ee42b3f265b6f6e4dcd6dc4f8858d7
Dogu-Perincek-Tayyip-Erdoganin-Yuce-Divan-Dosyasi.pdf,Books/Books for Text_TR-20260529T163910Z-3-003/Books for Text_TR/Yazarlar-Tr/Dogu-Perincek/Dogu-Perincek-Tayyip-Erdoganin-Yuce-Divan-Dosyasi.pdf,Dogu-Perincek-Tayyip-Erdoganin-Yuce-Divan-Dosyasi.txt,PDF,273,59004,478284,Başarılı,969c036b24fcb3cee85a10d3492c5ed767adf8570d5a0a567b35708b47b53082
Mahir-Kaynak-Buyuk-Ortadoğu-Projesi.pdf,Books/Books for Text_TR-20260529T163910Z-3-003/Books for Text_TR/Yazarlar-Tr/Mahir Kaynak/Mahir-Kaynak-Buyuk-Ortadoğu-Projesi.pdf,Mahir-Kaynak-Buyuk-Ortadoğu-Projesi.txt,PDF,115,17902,131011,Başarılı,bec312125b7adb536ec83164cdaca6a6bd35537580f3a42f6f512b9a25dbb32e
Mahir-Kaynak-Kurt-Meselesi-Turkiye`nin-Cozumu.pdf,Books/Books for Text_TR-20260529T163910Z-3-003/Books for Text_TR/Yazarlar-Tr/Mahir Kaynak/Mahir-Kaynak-Kurt-Meselesi-Turkiye`nin-Cozumu.pdf,Mahir-Kaynak-Kurt-Meselesi-Turkiye`nin-Cozumu.txt,PDF,154,20856,151030,Başarılı,a311e2cf6b6900f718be95006a0e8c36864aff6b54a56271ce551e4b2785a52d
Mahir-Kaynak-Stratejik-Analizler.pdf,Books/Books for Text_TR-20260529T163910Z-3-003/Books for Text_TR/Yazarlar-Tr/Mahir Kaynak/Mahir-Kaynak-Stratejik-Analizler.pdf,Mahir-Kaynak-Stratejik-Analizler.txt,PDF,229,43765,308951,Başarılı,83d73c9348ce8dee8e17b928ec7362a72d0b7e4ff9f2e18724b63e9cf2d6ea01
Nedim_Şener_-Mahrem_İçinde_Mahrem.pdf,Books/Books for Text_TR-20260529T163910Z-3-003/Books for Text_TR/Yazarlar-Tr/Nedim Sener/Nedim_Şener_-Mahrem_İçinde_Mahrem.pdf,Nedim_Şener_-Mahrem_İçinde_Mahrem.txt,PDF,507,122622,924082,Başarılı,036cc2ba8a29f49763497a8c402183248ac3dca25a1b4302807ae7cdfe06b1e4
Soner-Yalcin-Reis-Gladio-nun-Turk-Tetikcisi.pdf,Books/Books for Text_TR-20260529T163910Z-3-003/Books for Text_TR/Yazarlar-Tr/Soner Yalçın/Soner-Yalcin-Reis-Gladio-nun-Turk-Tetikcisi.pdf,Soner-Yalcin-Reis-Gladio-nun-Turk-Tetikcisi.txt,PDF,302,85926,665739,Başarılı,9d52938be9b53bc0f2bbcab4136e6c31abe930aa465ddeebb560b0aacfbaa366
Soner Yalçın_Bay_Pipo.pdf,Books/Books for Text_TR-20260529T163910Z-3-003/Books for Text_TR/Yazarlar-Tr/Soner Yalçın/Soner Yalçın_Bay_Pipo.pdf,Soner Yalçın_Bay_Pipo.txt,PDF,281,121335,955315,Başarılı,dc9e16da9039fa690e17c80b09283d2e7bf96c26e843b256b95e662df7fb16cb
Soner-Yalcin-Sakli-Secilmisler.pdf,Books/Books for Text_TR-20260529T163910Z-3-003/Books for Text_TR/Yazarlar-Tr/Soner Yalçın/Soner-Yalcin-Sakli-Secilmisler.pdf,Soner-Yalcin-Sakli-Secilmisler.txt,PDF,564,126702,977805,Başarılı,b86786e9d8a32fa827c29ff5a1557ac3881218f4f2f2d5834da8d66774a6f93e
Avrupa ve Biz (İlber Ortaylı) (z-lib.org).epub,Books/Books for Text_TR-20260529T163910Z-3-003/Books for Text_TR/Yazarlar-Tr/İlber Ortaylı/Avrupa ve Biz (İlber Ortaylı) (z-lib.org).epub,Avrupa ve Biz (İlber Ortaylı) (z-lib.org).txt,EPUB,257,0,0,Görsel / Metinsiz EPUB,f1a1b36d6b9bbe393c660a1d9ae9687d2d5cf4c0cd26efc34bad9f91581d3242
Soner-Yalcın-Bay-Pipo.pdf,Books/Books for Text_TR-20260529T163910Z-3-003/Books for Text_TR/Yazarlar-Tr/Soner Yalçın/Soner-Yalcın-Bay-Pipo.pdf,Soner-Yalcın-Bay-Pipo.txt,PDF,443,123372,956912,Başarılı,f9b3ad692536b4c88a4a6b91d832cbf054a59a671a209af3b75058dc73875575
iletisim Modelleri-Denis-McQuail-Sven-Windahl.pdf,Books/Books for Text_TR-20260529T163910Z-3-003/Books for Text_TR/Propaganda ve İkna/Kitle iletisimi/iletisim Modelleri-Denis-McQuail-Sven-Windahl.pdf,iletisim Modelleri-Denis-McQuail-Sven-Windahl.txt,PDF,276,55397,395598,Başarılı,f59fd20a64114761d97371292b8bab397c21ffe736687de205d8d34d1a4d6939
Türkiyenin Yakın Tarihi (İlber Ortaylı) (z-lib.org).epub,Books/Books for Text_TR-20260529T163910Z-3-003/Books for Text_TR/Yazarlar-Tr/İlber Ortaylı/Türkiyenin Yakın Tarihi (İlber Ortaylı) (z-lib.org).epub,Türkiyenin Yakın Tarihi (İlber Ortaylı) (z-lib.org).txt,EPUB,140,36813,285159,Başarılı,47a8a6dbe31846b5a199020ffb2432b5ecd5702316b128e92680dae21faa32ca
"İmparatorluğun En Uzun Yüzyılı (İlber Ortaylı [Ortaylı, İlber]) (z-lib.org).epub","Books/Books for Text_TR-20260529T163910Z-3-003/Books for Text_TR/Yazarlar-Tr/İlber Ortaylı/İmparatorluğun En Uzun Yüzyılı (İlber Ortaylı [Ortaylı, İlber]) (z-lib.org).epub","İmparatorluğun En Uzun Yüzyılı (İlber Ortaylı [Ortaylı, İlber]) (z-lib.org).txt",EPUB,157,71814,567835,Başarılı,1c055ba6873d5edacb8f516e39fd89a99ceb51733334f5e8562d937e70720d44
Dünya Tarihi Kronolojik Zaman Çizelgeli (Kolektif) (z-lib.org).pdf,Books/Books for Text_TR-20260529T163910Z-3-003/Books for Text_TR/Tarih/Dünya Tarihi Kronolojik Zaman Çizelgeli (Kolektif) (z-lib.org).pdf,Dünya Tarihi Kronolojik Zaman Çizelgeli (Kolektif) (z-lib.org).txt,PDF,513,294169,2053165,Başarılı,45a7dbd44c12f1692c384cce1a283d1a5f8bc52eb4a9f55cecdf5957fac3c1cb
Kalın_Seyyid Hüseyin Nasr.pdf,Books/Books for Text_TR-20260529T163910Z-3-003/Books for Text_TR/İstihbarat/Kalin/Kalın_Seyyid Hüseyin Nasr.pdf,Kalın_Seyyid Hüseyin Nasr.txt,PDF,7,2441,17897,Başarılı,e4da503390b486972f1b84849c0c7b1f7af1ebcba8a918249a784d7edc409471
Mahir-Kaynak-Başımıza Çuval Geçirenler.pdf,Books/Books for Text_TR-20260529T163910Z-3-003/Books for Text_TR/Yazarlar-Tr/Mahir Kaynak/Mahir-Kaynak-Başımıza Çuval Geçirenler.pdf,Mahir-Kaynak-Başımıza Çuval Geçirenler.txt,PDF,249,61160,440667,Başarılı,137665313fc2ea0af9dafcccb635216aa479ab8e66314d5cf2a0db8fb9f25029
Soft Power and Public Diplomacy i.pdf,Books/Books for Text_TR-20260529T163910Z-3-003/Books for Text_TR/İstihbarat/Kalin/iKalin Englısh/Soft Power and Public Diplomacy i.pdf,Soft Power and Public Diplomacy i.txt,PDF,19,7430,49313,Başarılı,1b61b2056ec250de4adf2a35c5f293ecb50d663cf68376d641ae0b8d82cdd339
Soner-Yalcın-Kayıp-Sicil.pdf,Books/Books for Text_TR-20260529T163910Z-3-003/Books for Text_TR/Yazarlar-Tr/Soner Yalçın/Soner-Yalcın-Kayıp-Sicil.pdf,Soner-Yalcın-Kayıp-Sicil.txt,PDF,411,146190,749783,Başarılı,93b1ce8612db9bd748bc66482916091b14a3ec12474e37168bcd2a0bb5f1c2ba
Soner-Yalcın-Erbakan.pdf,Books/Books for Text_TR-20260529T163910Z-3-003/Books for Text_TR/Yazarlar-Tr/Soner Yalçın/Soner-Yalcın-Erbakan.pdf,Soner-Yalcın-Erbakan.txt,PDF,369,102658,763870,Başarılı,6045105afca0ea426d94344fd08764077811c46a532efd5126d9dc2bb246025d
iKalin-islam and peace-Ibrahim.pdf,Books/Books for Text_TR-20260529T163910Z-3-003/Books for Text_TR/İstihbarat/Kalin/iKalin Englısh/iKalin-islam and peace-Ibrahim.pdf,iKalin-islam and peace-Ibrahim.txt,PDF,85,18058,110222,Başarılı,074416568cab4bf9b02d565f381773727078a79f7048715c125d6a76f43a8880
Mahir-Kaynak-Devriye-Orta-doğuda-Siren-Sesleri.pdf,Books/Books for Text_TR-20260529T163910Z-3-003/Books for Text_TR/Yazarlar-Tr/Mahir Kaynak/Mahir-Kaynak-Devriye-Orta-doğuda-Siren-Sesleri.pdf,Mahir-Kaynak-Devriye-Orta-doğuda-Siren-Sesleri.txt,PDF,261,63204,461530,Başarılı,b4dd99e1b30bff33c492d2955e5372d02cb2a65b30c07a508541e0bfa23c950d
iKalin-Perde-ve-Mana.pdf,Books/Books for Text_TR-20260529T163910Z-3-003/Books for Text_TR/İstihbarat/Kalin/iKalin-Perde-ve-Mana.pdf,iKalin-Perde-ve-Mana.txt,PDF,60,0,0,Görsel / Taranmış (0 Kelime),17a75524bc161bf25be93f6496c8288ee0d017e62b641f3f40a1e43f93953fa9
iKalin-İslam-Ve-Batı.pdf,Books/Books for Text_TR-20260529T163910Z-3-003/Books for Text_TR/İstihbarat/Kalin/iKalin-İslam-Ve-Batı.pdf,iKalin-İslam-Ve-Batı.txt,PDF,186,43086,311131,Başarılı,211911ffe148e172a6f1a5a20ed9ae8c128bc5dcfc0760ce1a3d58b31664217b
Reason and Rationality in the Quran-Ibrahim Kalin.pdf,Books/Books for Text_TR-20260529T163910Z-3-003/Books for Text_TR/İstihbarat/Kalin/iKalin Englısh/Reason and Rationality in the Quran-Ibrahim Kalin.pdf,Reason and Rationality in the Quran-Ibrahim Kalin.txt,PDF,238,62844,395524,Başarılı,84e50f2eae2d069fcf4f5c996dcd63c22b8228dd82352ae7c0d3302115699993
3. Adam Anlatıyor.pdf,Books/Books for Text_TR-20260529T163910Z-3-003/Books for Text_TR/İstihbarat/Mit/3. Adam Anlatıyor.pdf,3. Adam Anlatıyor.txt,PDF,92,20986,157585,Başarılı,a62d07f8e5de886516061d2025a78ec9df8a82436ceeabff9a12c632ea5ceb96
Soner-Yalcın-Galat-ı-Meşhur-pdf.pdf,Books/Books for Text_TR-20260529T163910Z-3-003/Books for Text_TR/Yazarlar-Tr/Soner Yalçın/Soner-Yalcın-Galat-ı-Meşhur-pdf.pdf,Soner-Yalcın-Galat-ı-Meşhur-pdf.txt,PDF,472,119525,903012,Başarılı,63332c1efb21a1d2b7602d91f3d5c99e666a4912aa27ac4fdb1dd933bef39f3c
iKalin-Varlık-Ve-İdrak.pdf,Books/Books for Text_TR-20260529T163910Z-3-003/Books for Text_TR/İstihbarat/Kalin/iKalin-Varlık-Ve-İdrak.pdf,iKalin-Varlık-Ve-İdrak.txt,PDF,275,97016,692242,Başarılı,de69f64aeda4b39a3f9d98f4a0f9afa017320ab8e6fe5ad20296dd8e6c0c0fd6
iKalin-Barbar-Modern-Medeni-2018.pdf,Books/Books for Text_TR-20260529T163910Z-3-003/Books for Text_TR/İstihbarat/Kalin/iKalin-Barbar-Modern-Medeni-2018.pdf,iKalin-Barbar-Modern-Medeni-2018.txt,PDF,298,95007,687879,Başarılı,a1e246640d0a072250984990c9836b3499a7778d40b4bc46885ee6e0f46b6e39
Manipulasyon-Ama-Nasıl-Josef-Kirschner.pdf,Books/Books for Text_TR-20260529T163910Z-3-003/Books for Text_TR/Propaganda ve İkna/Manipulasyon/Manipulasyon-Ama-Nasıl-Josef-Kirschner.pdf,Manipulasyon-Ama-Nasıl-Josef-Kirschner.txt,PDF,297,62776,343551,Başarılı,c43002d64b15d3e209c3dece95379d7bbe32ae3fcef0919548850745a077d0e8
Tuncay-Ozkan-Mit.pdf,Books/Books for Text_TR-20260529T163910Z-3-003/Books for Text_TR/İstihbarat/Mit/Tuncay-Ozkan-Mit.pdf,Tuncay-Ozkan-Mit.txt,PDF,349,113382,1012135,Başarılı,1e92a0068230c7f981d6e82450ef115c85fb029b2ccd54b243c9538248bdca8c
Gorunmeyen-Hukumet-CIA-David-Wise-Thomas-Bross.pdf,Books/Books for Text_TR-20260529T163910Z-3-003/Books for Text_TR/İstihbarat/ca/Gorunmeyen-Hukumet-CIA-David-Wise-Thomas-Bross.pdf,Gorunmeyen-Hukumet-CIA-David-Wise-Thomas-Bross.txt,PDF,155,32136,239969,Başarılı,5e7bc77fb80b9f98a6f849ef09e69a67a39f473a5288b2be8c61536b67b60a1e
iKalin-War-Peace-Islam.pdf,Books/Books for Text_TR-20260529T163910Z-3-003/Books for Text_TR/İstihbarat/Kalin/iKalin Englısh/iKalin-War-Peace-Islam.pdf,iKalin-War-Peace-Islam.txt,PDF,552,190515,1144212,Başarılı,fb040c2e02474f1b075f984bc607b5b6d4f40147a51acee724ba6a466bbba8a4
100-Soruda-Ahiret-Hayat-U0131.pdf,Books/b-Library_Hzm-20260601T230631Z-3-001/b-Library_Hzm/100-Soruda-Ahiret-Hayat-U0131.pdf,100-Soruda-Ahiret-Hayat-U0131.txt,PDF,133,28245,221695,Başarılı,9015728606c2f14e48bba9d61619172cd543a5e5f058e1fe02d4969b9b164d28
A.Aymaz-Hanimlar-Rehberi.pdf,Books/b-Library_Hzm-20260601T230631Z-3-001/b-Library_Hzm/A.Aymaz-RN/A.Aymaz-Hanimlar-Rehberi.pdf,A.Aymaz-Hanimlar-Rehberi.txt,PDF,208,11876,84771,Başarılı,7c4aac0afae7d6a1389aa1d0527eb587a73a90dc361ef47b8fc89a550a32f04b
iKalin-Ben-Oteki-Ve-Otesi-2016.pdf,Books/Books for Text_TR-20260529T163910Z-3-003/Books for Text_TR/İstihbarat/Kalin/iKalin-Ben-Oteki-Ve-Otesi-2016.pdf,iKalin-Ben-Oteki-Ve-Otesi-2016.txt,PDF,562,187070,1342831,Başarılı,bccc9c80e7e6f129c3474040c64c8c2ae07c1b7fe86f5e8027992f14dc4de480
A.Aymaz-Emirdag-Lahikasi-2.pdf,Books/b-Library_Hzm-20260601T230631Z-3-001/b-Library_Hzm/A.Aymaz-RN/A.Aymaz-Emirdag-Lahikasi-2.pdf,A.Aymaz-Emirdag-Lahikasi-2.txt,PDF,393,114583,847452,Başarılı,14b240ddf4c1cbe69d0479d14872c6411a67e6c3fe209f80fd452d0bb4bafb9e
Enver-Altayli-Cianin-Turk-Casusu-Ruzi-Nezer-2013.pdf,Books/Books for Text_TR-20260529T163910Z-3-003/Books for Text_TR/İstihbarat/ca/Enver-Altayli-Cianin-Turk-Casusu-Ruzi-Nezer-2013.pdf,Enver-Altayli-Cianin-Turk-Casusu-Ruzi-Nezer-2013.txt,PDF,543,149302,1096316,Başarılı,e870b0b2a1d8ffbdde4524081b3d00411363c852f1af8903b97a04df234b58d9
A.Aymaz-Sunuhat.pdf,Books/b-Library_Hzm-20260601T230631Z-3-001/b-Library_Hzm/A.Aymaz-RN/A.Aymaz-Sunuhat.pdf,A.Aymaz-Sunuhat.txt,PDF,83,21272,155210,Başarılı,a84164a09cd8e8feee947a43ec541d86fb460fd25198b2a8b8b4f7ebf64a5749
A.Aymaz-Emirdag-Lahikasi-1.pdf,Books/b-Library_Hzm-20260601T230631Z-3-001/b-Library_Hzm/A.Aymaz-RN/A.Aymaz-Emirdag-Lahikasi-1.pdf,A.Aymaz-Emirdag-Lahikasi-1.txt,PDF,499,146472,1072946,Başarılı,a834925228f7a786655e60ab001fc10c44feca8594f37ce2355992a0097ea19f
A.Aymaz-Muhakemat.pdf,Books/b-Library_Hzm-20260601T230631Z-3-001/b-Library_Hzm/A.Aymaz-RN/A.Aymaz-Muhakemat.pdf,A.Aymaz-Muhakemat.txt,PDF,370,106131,776534,Başarılı,a20e071af369f2774f3027cf607905dbc35050247c16957bdc9b92fa40603709
Ms-Hile-Yolu.pdf,Books/Books for Text_TR-20260529T163910Z-3-003/Books for Text_TR/İstihbarat/ms/Ms-Hile-Yolu.pdf,Ms-Hile-Yolu.txt,PDF,398,93166,699493,Başarılı,f9d5d5c3b48d565e8b5579ce1ad845c68f8f2b4158aa1254510a213cf9d0928c
A.Aymaz-Hizmet-Rehberi.pdf,Books/b-Library_Hzm-20260601T230631Z-3-001/b-Library_Hzm/A.Aymaz-RN/A.Aymaz-Hizmet-Rehberi.pdf,A.Aymaz-Hizmet-Rehberi.txt,PDF,393,115087,831320,Başarılı,f5ed0dceeff452d1c13f4d181dbf912a12aea031f159919d8f22b16328a044bb
A.Aymaz-Gunumuz-Yusuflarina-IsikYayinlari.pdf,Books/b-Library_Hzm-20260601T230631Z-3-001/b-Library_Hzm/A.Aymaz/A.Aymaz-Gunumuz-Yusuflarina-IsikYayinlari.pdf,A.Aymaz-Gunumuz-Yusuflarina-IsikYayinlari.txt,PDF,87,8840,53350,Başarılı,319d2e360578a8cb7fbb42ffcc097ac46b57d0271af16561b6b15a344ebba64b
A.Aymaz-Citlembik-6-Anadolunun-en-Buyuk-Sadakasi-IsikYayinlari.pdf,Books/b-Library_Hzm-20260601T230631Z-3-001/b-Library_Hzm/A.Aymaz/A.Aymaz-Citlembik-6-Anadolunun-en-Buyuk-Sadakasi-IsikYayinlari.pdf,A.Aymaz-Citlembik-6-Anadolunun-en-Buyuk-Sadakasi-IsikYayinlari.txt,PDF,209,39094,275477,Başarılı,880aa76619926c6f40a72ecda6830ab053f7e2c809784c1a95a9cba19ceea207
A.Aymaz-Soz-Saati-IsikYayinlari.pdf,Books/b-Library_Hzm-20260601T230631Z-3-001/b-Library_Hzm/A.Aymaz/A.Aymaz-Soz-Saati-IsikYayinlari.pdf,A.Aymaz-Soz-Saati-IsikYayinlari.txt,PDF,190,31444,216051,Başarılı,674ce2e37ee29bdf5fc688f9a08a64ec852880beaf31df883bebe5bd02ad2367
A.Aymaz-Lemaat-Uzerine.pdf,Books/b-Library_Hzm-20260601T230631Z-3-001/b-Library_Hzm/A.Aymaz-RN/A.Aymaz-Lemaat-Uzerine.pdf,A.Aymaz-Lemaat-Uzerine.txt,PDF,159,49058,357811,Başarılı,a45b97a4578088ddf275fd45a6effadd55e36f52dae2271d285f28d8edcf18c7
A.Aymaz-Kastamonu-Lahikasi.pdf,Books/b-Library_Hzm-20260601T230631Z-3-001/b-Library_Hzm/A.Aymaz-RN/A.Aymaz-Kastamonu-Lahikasi.pdf,A.Aymaz-Kastamonu-Lahikasi.txt,PDF,350,232113,882809,Başarılı,4b9153e21f4d8ee325aab832810bcca9947c071384a6dd374448ce96c400e6ff
Saffet-Senih-Ibadetin-Getirdikleri-IsikYayinlari-pdf.pdf,Books/b-Library_Hzm-20260601T230631Z-3-001/b-Library_Hzm/A.Aymaz/Saffet-Senih-Ibadetin-Getirdikleri-IsikYayinlari-pdf.pdf,Saffet-Senih-Ibadetin-Getirdikleri-IsikYayinlari-pdf.txt,PDF,144,35243,248985,Başarılı,69074622352e7b2bfa6aefeab87dda4fb6aafef2c1d982f91315063ebc75034f
A.Kurucan-Evcilik Oynamiyoruz - GulYurduYayinlari.pdf,Books/b-Library_Hzm-20260601T230631Z-3-001/b-Library_Hzm/Ahmet Kurucan/A.Kurucan-Evcilik Oynamiyoruz - GulYurduYayinlari.pdf,A.Kurucan-Evcilik Oynamiyoruz - GulYurduYayinlari.txt,PDF,142,30145,196932,Başarılı,f9e34cb8acbc8a7bc5364c7469482bffc355168b17796d0b8ecea32e08042d7c
A.Kurucan-Bosanmak icin mi evleniyoruz-GulYurduYayinlari.pdf,Books/b-Library_Hzm-20260601T230631Z-3-001/b-Library_Hzm/Ahmet Kurucan/A.Kurucan-Bosanmak icin mi evleniyoruz-GulYurduYayinlari.pdf,A.Kurucan-Bosanmak icin mi evleniyoruz-GulYurduYayinlari.txt,PDF,177,33281,229799,Başarılı,9bd7fdda9e2ce861326be7674324eac3e03d052c4bbe6f451af45e877fbab6d2
Ahirzaman-ve-Kiyamet-Alametleri-Ayhan-Tekines (1).pdf,Books/b-Library_Hzm-20260601T230631Z-3-001/b-Library_Hzm/Ahirzaman-ve-Kiyamet-Alametleri-Ayhan-Tekines (1).pdf,Ahirzaman-ve-Kiyamet-Alametleri-Ayhan-Tekines (1).txt,PDF,209,47710,338936,Başarılı,d69361264ec840c6932ab884896e431ce3dd9e14b68c449393b9f4b3e7c20fea
A.Kurucan-Rotasiz Evlilik - GulYurduYayinlari.pdf,Books/b-Library_Hzm-20260601T230631Z-3-001/b-Library_Hzm/Ahmet Kurucan/A.Kurucan-Rotasiz Evlilik - GulYurduYayinlari.pdf,A.Kurucan-Rotasiz Evlilik - GulYurduYayinlari.txt,PDF,145,25883,188083,Başarılı,8835c43f98f5e7759f42b0d8f13baf86b48f7986c6d8795e14c1344329b1fbbd
Sızıntı-2012.04.pdf,Books/b-Library_Hzm-20260601T230631Z-3-001/b-Library_Hzm/Dergi-Sızıntı/Sızıntı-2012.04.pdf,Sızıntı-2012.04.txt,PDF,52,19258,158570,Başarılı,3be61d7206eeeda63ffee5729cd0e2d3f92cfedb07d78f1da8080fa44ddd6d6b
Sızıntı-2012-01.pdf,Books/b-Library_Hzm-20260601T230631Z-3-001/b-Library_Hzm/Dergi-Sızıntı/Sızıntı-2012-01.pdf,Sızıntı-2012-01.txt,PDF,52,21334,159777,Başarılı,711b7d70f47028d7847f138fe164eee1db6acf47cdbccc111b0665c5cffd6c56
Caglayan_2019.02.pdf,Books/b-Library_Hzm-20260601T230631Z-3-001/b-Library_Hzm/Dergi-caglayan/Caglayan_2019.02.pdf,Caglayan_2019.02.txt,PDF,53,0,0,Görsel / Taranmış (0 Kelime),a59ac7092a213ff636125a3fad4a878551d36fbda6e6d8a448ed959df0e7a095
Yeni-Umit-Dergisi-004-1989-4.pdf,Books/b-Library_Hzm-20260601T230631Z-3-001/b-Library_Hzm/Dergi-Yeni Ümit/Yeni-Umit-Dergisi-004-1989-4.pdf,Yeni-Umit-Dergisi-004-1989-4.txt,PDF,52,25399,172501,Başarılı,e3f3d838abcac00aee07b8749c4f3cd653abc6e9bff9b8ab7618bbed79e06587
ayetlerde_dua.pdf,Books/b-Library_Hzm-20260601T230631Z-3-001/b-Library_Hzm/Dua-Hzm/ayetlerde_dua.pdf,ayetlerde_dua.txt,PDF,22,3527,26581,Başarılı,216ae5ae1b12c850cc49e66165680907737577a72c3641f4b952967ecd07de35
A.Kurucan-Fıkıh-Dunyamız-1.pdf,Books/b-Library_Hzm-20260601T230631Z-3-001/b-Library_Hzm/Ahmet Kurucan/A.Kurucan-Fıkıh-Dunyamız-1.pdf,A.Kurucan-Fıkıh-Dunyamız-1.txt,PDF,411,110935,835010,Başarılı,2438d380eb2198072cce77e375cda07fa526814374a9b76b1976bc24314e4d38
A.Aymaz-Zor-Zamanlar.pdf,Books/b-Library_Hzm-20260601T230631Z-3-001/b-Library_Hzm/A.Aymaz/A.Aymaz-Zor-Zamanlar.pdf,A.Aymaz-Zor-Zamanlar.txt,PDF,160,28791,204295,Başarılı,095e4615824c031f00600b817ffc7ff29a891b4254b0e88bd1aab6754c528e9b
dua-ufku-m-f-gulen.pdf,Books/b-Library_Hzm-20260601T230631Z-3-001/b-Library_Hzm/Dua-Hzm/dua-ufku-m-f-gulen.pdf,dua-ufku-m-f-gulen.txt,PDF,137,14942,102244,Başarılı,4a590caa6d80584bbb8731c4d933d70cbc9138f071c2db53c60953719020826b
Diyalogun-Dini-Ve-Tarihi-Temelleri-Yeni-Umit.pdf,Books/b-Library_Hzm-20260601T230631Z-3-001/b-Library_Hzm/Diyalog/Diyalogun-Dini-Ve-Tarihi-Temelleri-Yeni-Umit.pdf,Diyalogun-Dini-Ve-Tarihi-Temelleri-Yeni-Umit.txt,PDF,110,43904,337173,Başarılı,b6cd1dfd4caa4abba709b5d53506ac323bc668f596474336c0ac607fc23a70d9
teravih-dualari.pdf,Books/b-Library_Hzm-20260601T230631Z-3-001/b-Library_Hzm/Dua-Oku/teravih-dualari.pdf,teravih-dualari.txt,PDF,8,909,8286,Başarılı,34bd8af250f83bd8d1f35c2a2a17217c0af36ce66544e0b22a50c4513a5f1505
Bir-Kırık-Dilekce-M-Fethullah-Gulen.epub,Books/b-Library_Hzm-20260601T230631Z-3-001/b-Library_Hzm/Dua-Oku/Bir-Kırık-Dilekce-M-Fethullah-Gulen.epub,Bir-Kırık-Dilekce-M-Fethullah-Gulen.txt,EPUB,85,21904,163881,Başarılı,3df420c9a4603d794abdad448515cd3f7e5880677b876aab1a779929e8b7240a
Yahudilik Ansiklopedisi (3 cilt bir arada) (Yusuf Besalel) (z-lib.org).pdf,Books/Books for Text_TR-20260529T163910Z-3-003/Books for Text_TR/Yhd/Yahudilik Ansiklopedisi (3 cilt bir arada) (Yusuf Besalel) (z-lib.org).pdf,Yahudilik Ansiklopedisi (3 cilt bir arada) (Yusuf Besalel) (z-lib.org).txt,PDF,930,450301,3132232,Başarılı,35649d284b1bd49dede55bcc4a9d722aa6966eb9b72a20a2479d9830fa13cd0c
Aile-reisi-ve-baba-olarak-hz-peygamber-ibrahim-canan-gulyurduyayinlari.pdf,Books/b-Library_Hzm-20260601T230631Z-3-001/b-Library_Hzm/Efendimiz Sav-Hzm/Aile-reisi-ve-baba-olarak-hz-peygamber-ibrahim-canan-gulyurduyayinlari.pdf,Aile-reisi-ve-baba-olarak-hz-peygamber-ibrahim-canan-gulyurduyayinlari.txt,PDF,143,29475,222460,Başarılı,471e476cb76ed19ed8664b40d6f7084f53b97b551a17497301c195a2a2e16db3
kisa-sureler-ve-gunluk-dualar-rehberyayinlari.pdf,Books/b-Library_Hzm-20260601T230631Z-3-001/b-Library_Hzm/Dua-Oku/kisa-sureler-ve-gunluk-dualar-rehberyayinlari.pdf,kisa-sureler-ve-gunluk-dualar-rehberyayinlari.txt,PDF,144,14528,110422,Başarılı,f4475dd55dad76eb7ff9e3dc1b5886c03523ef1a9e2b89a77a70317906919176
Efendimiz-in-Bir-Gunu-Abdulhakim-Yuce-Işık-Yayınları-2011.epub,Books/b-Library_Hzm-20260601T230631Z-3-001/b-Library_Hzm/Efendimiz Sav-Hzm/Efendimiz-in-Bir-Gunu-Abdulhakim-Yuce-Işık-Yayınları-2011.epub,Efendimiz-in-Bir-Gunu-Abdulhakim-Yuce-Işık-Yayınları-2011.txt,EPUB,98,32878,237304,Başarılı,1a2bd4a91cea6de405577545e414a644a04f997e3cd492d4b8903ecc3b9f878f
Mustafa Yilmaz - Yanik Sinelerden Dualar - DefineYayinlari (Mustafa Yilmaz) (z-lib.org).pdf,Books/b-Library_Hzm-20260601T230631Z-3-001/b-Library_Hzm/Dua-Oku/Mustafa Yilmaz - Yanik Sinelerden Dualar - DefineYayinlari (Mustafa Yilmaz) (z-lib.org).pdf,Mustafa Yilmaz - Yanik Sinelerden Dualar - DefineYayinlari (Mustafa Yilmaz) (z-lib.org).txt,PDF,208,49469,353968,Başarılı,a36a40d8b98d47a99ee291b15d3e3376909d6bebc395e903be0d012df8b8caa4
Dillerdeki Mujde-resit-haylamaz.pdf,Books/b-Library_Hzm-20260601T230631Z-3-001/b-Library_Hzm/Efendimiz Sav-Hzm/Dillerdeki Mujde-resit-haylamaz.pdf,Dillerdeki Mujde-resit-haylamaz.txt,PDF,265,60196,403677,Başarılı,b262c36a21fa24443d113dda2610088f96057275ccb6fc335e1162afd9efa6ad
Gul-Kokulu-Hikayeler-Kemal-Turan.pdf,Books/b-Library_Hzm-20260601T230631Z-3-001/b-Library_Hzm/Efendimiz Sav-Hzm/Gul-Kokulu-Hikayeler-Kemal-Turan.pdf,Gul-Kokulu-Hikayeler-Kemal-Turan.txt,PDF,184,36687,261544,Başarılı,63ad97efb9febb0ec69a61c4f1bcf1ae9bd09e195930d3b532d452ffb98f0f4c
The-Luminous-Life-of-Our-Prophet-by-Resit-Haylamaz.pdf,Books/b-Library_Hzm-20260601T230631Z-3-001/b-Library_Hzm/Efendimiz Sav-Hzm-English/The-Luminous-Life-of-Our-Prophet-by-Resit-Haylamaz.pdf,The-Luminous-Life-of-Our-Prophet-by-Resit-Haylamaz.txt,PDF,358,100850,546411,Başarılı,6fbb6e2460d5ce0860c631b5751b37251912a7f05b1c436eaa817b5cb483c7fb
Gonullerin Gulu-hz-muhammed-sav-aynur-uraler.pdf,Books/b-Library_Hzm-20260601T230631Z-3-001/b-Library_Hzm/Efendimiz Sav-Hzm/Gonullerin Gulu-hz-muhammed-sav-aynur-uraler.pdf,Gonullerin Gulu-hz-muhammed-sav-aynur-uraler.txt,PDF,175,40293,297725,Başarılı,933e72ca7a35cae6404ba87928e033a998b4ad60822f1886d68f60598999b389
Efendimizin-bir-gunu-abdulhakim-yuce-isikyayinlari.pdf,Books/b-Library_Hzm-20260601T230631Z-3-001/b-Library_Hzm/Efendimiz Sav-Hzm/Efendimizin-bir-gunu-abdulhakim-yuce-isikyayinlari.pdf,Efendimizin-bir-gunu-abdulhakim-yuce-isikyayinlari.txt,PDF,161,38038,260765,Başarılı,dc3bbfbcfc1562c69e620783b055346174f9e3eb1a3353cd2d17c942805a7a05
Hz Peygamber Modeli-insanlar-arasi-iliskilerde-rehberyayinlari.pdf,Books/b-Library_Hzm-20260601T230631Z-3-001/b-Library_Hzm/Efendimiz Sav-Hzm/Hz Peygamber Modeli-insanlar-arasi-iliskilerde-rehberyayinlari.pdf,Hz Peygamber Modeli-insanlar-arasi-iliskilerde-rehberyayinlari.txt,PDF,165,34073,253080,Başarılı,9424f508c6642df5acd8ac63c23cb30985c65704defb2fd9b2b71e8f3eb4aab1
The-messenger-as-Compassion-Resid Haylamaz.pdf,Books/b-Library_Hzm-20260601T230631Z-3-001/b-Library_Hzm/Efendimiz Sav-Hzm-English/The-messenger-as-Compassion-Resid Haylamaz.pdf,The-messenger-as-Compassion-Resid Haylamaz.txt,PDF,311,130024,752394,Başarılı,cbb75fc07a8e642d14d8392957f5b9f5ed74d143e3c7091ee1426a759e37b7aa
Kutlu Dogum-dergisi-2008-sulh-peygamberi-sav-rehberyayinlari.pdf,Books/b-Library_Hzm-20260601T230631Z-3-001/b-Library_Hzm/Efendimiz Sav-Hzm/Kutlu Dogum-dergisi-2008-sulh-peygamberi-sav-rehberyayinlari.pdf,Kutlu Dogum-dergisi-2008-sulh-peygamberi-sav-rehberyayinlari.txt,PDF,64,21983,161533,Başarılı,f95f9c8f3bec4dc4550a336e2a3ffa603b6669c58b254df63c83f14b30f03e79
Kutlu Dogum-o-herkesin-peygamberi-rehberyayinlari.pdf,Books/b-Library_Hzm-20260601T230631Z-3-001/b-Library_Hzm/Efendimiz Sav-Hzm/Kutlu Dogum-o-herkesin-peygamberi-rehberyayinlari.pdf,Kutlu Dogum-o-herkesin-peygamberi-rehberyayinlari.txt,PDF,128,20429,147258,Başarılı,833f64b19c9a8fb3bd17458ef4b6d469b08d6eb53ed8a8061137d3b3c971d3af
Nebevi-Mujdenin-izinde-Huseyin-Algul.pdf,Books/b-Library_Hzm-20260601T230631Z-3-001/b-Library_Hzm/Efendimiz Sav-Hzm/Nebevi-Mujdenin-izinde-Huseyin-Algul.pdf,Nebevi-Mujdenin-izinde-Huseyin-Algul.txt,PDF,143,30154,212911,Başarılı,969ffd58d0156478a8f392c7c9b1ebb65f9e305ce735f21d6dc8b9d26f572aae
VE GAYBIN SON HABERCİSİ.pdf,Books/b-Library_Hzm-20260601T230631Z-3-001/b-Library_Hzm/Efendimiz Sav-Hzm/VE GAYBIN SON HABERCİSİ.pdf,VE GAYBIN SON HABERCİSİ.txt,PDF,24,6578,48371,Başarılı,313e1f63b9d787c5d11373a382c7ebaa2ed1cc27eda0088b7558de4492ba03bd
ilim-ve-sifatlariyla-efendimiz-sav-ali-budak.pdf,Books/b-Library_Hzm-20260601T230631Z-3-001/b-Library_Hzm/Efendimiz Sav-Hzm/ilim-ve-sifatlariyla-efendimiz-sav-ali-budak.pdf,ilim-ve-sifatlariyla-efendimiz-sav-ali-budak.txt,PDF,199,37739,260720,Başarılı,68ef4fcdc166c7f06ea45c46c8f58376eeddc0793bbd67cfef12e5776a6bc072
peygamberimizin-sav-semaili-ahlak-ve-adabi-huseyin-algul.pdf,Books/b-Library_Hzm-20260601T230631Z-3-001/b-Library_Hzm/Efendimiz Sav-Hzm/peygamberimizin-sav-semaili-ahlak-ve-adabi-huseyin-algul.pdf,peygamberimizin-sav-semaili-ahlak-ve-adabi-huseyin-algul.txt,PDF,200,36116,268651,Başarılı,f4e861761e25de9d4e94d74bc92b35a88c8824df1beae13512575685cf1c7e41
Peygamber Sevgisi-zubeyr-tekin-rehberyayinlari.pdf,Books/b-Library_Hzm-20260601T230631Z-3-001/b-Library_Hzm/Efendimiz Sav-Hzm/Peygamber Sevgisi-zubeyr-tekin-rehberyayinlari.pdf,Peygamber Sevgisi-zubeyr-tekin-rehberyayinlari.txt,PDF,209,28525,220694,Başarılı,4d1b4d4e4deb68b23456752c913048cc10b7175905ad52a4418c999c0029ea0a
Çesitli Yonleriyle Hz Peygamber-sav-ibrahim-bayraktar-isikyayinlari.pdf,Books/b-Library_Hzm-20260601T230631Z-3-001/b-Library_Hzm/Efendimiz Sav-Hzm/Çesitli Yonleriyle Hz Peygamber-sav-ibrahim-bayraktar-isikyayinlari.pdf,Çesitli Yonleriyle Hz Peygamber-sav-ibrahim-bayraktar-isikyayinlari.txt,PDF,145,31241,238714,Başarılı,5fa99bc570c75fded4c59f18cebdad6257ff08573919a885d40261b726526b47
hz.-peygamberin-sunnetinde-terbiye.pdf,Books/b-Library_Hzm-20260601T230631Z-3-001/b-Library_Hzm/Aile ve Çocuk-Hzm/hz.-peygamberin-sunnetinde-terbiye.pdf,hz.-peygamberin-sunnetinde-terbiye.txt,PDF,640,189073,1436406,Başarılı,d34e5506166354f76c3172f80ad0543733335006765516f3441369625fce8bcb
Peygamber-Efendimizin-Gunluk-Hayati-Mustafa-Gundogdu-.pdf,Books/b-Library_Hzm-20260601T230631Z-3-001/b-Library_Hzm/Efendimiz Sav-Hzm/Peygamber-Efendimizin-Gunluk-Hayati-Mustafa-Gundogdu-.pdf,Peygamber-Efendimizin-Gunluk-Hayati-Mustafa-Gundogdu-.txt,PDF,232,52759,368075,Başarılı,9013e3fe05938c1145cedfb4e186d8f8be2ed9b59cda12e9ef3beec7af839e07
Şemail-isikyayinlari-faruk-vural.pdf,Books/b-Library_Hzm-20260601T230631Z-3-001/b-Library_Hzm/Efendimiz Sav-Hzm/Şemail-isikyayinlari-faruk-vural.pdf,Şemail-isikyayinlari-faruk-vural.txt,PDF,151,32733,228841,Başarılı,1ded3d32109159db53ed24c4a786321b4d6530d70a51cdde172a0b2fb93b91b8
KURAN-OKUMA-SANATI.pdf,Books/b-Library_Hzm-20260601T230631Z-3-001/b-Library_Hzm/ElifBa-Tecvid-Hzm/KURAN-OKUMA-SANATI.pdf,KURAN-OKUMA-SANATI.txt,PDF,194,37515,266689,Başarılı,a1e9c5402741f0b734f56d4474f73f3e1adddf89c33222d8acb051194b40726a
Efendimiz Sav-muhtasar-resit-haylamaz-mustuy.pdf,Books/b-Library_Hzm-20260601T230631Z-3-001/b-Library_Hzm/Efendimiz_in Sav Hayatı-Hzm/Efendimiz Sav-muhtasar-resit-haylamaz-mustuy.pdf,Efendimiz Sav-muhtasar-resit-haylamaz-mustuy.txt,PDF,617,152120,1001129,Başarılı,687ca337cc0ea8444223410bc9ec050ea1c923d58fa6718eb4e9c4a2b7791e58
Şefkat Gunesi-resit-haylamaz.pdf,Books/b-Library_Hzm-20260601T230631Z-3-001/b-Library_Hzm/Efendimiz Sav-Hzm/Şefkat Gunesi-resit-haylamaz.pdf,Şefkat Gunesi-resit-haylamaz.txt,PDF,321,102351,753779,Başarılı,3065ad1f35f3ae9dff48ca84fa05b2336aa17dbb162e5676812aec28d3cef43e
Kur_an Harflerinin-mahrec-cekimi.pdf,Books/b-Library_Hzm-20260601T230631Z-3-001/b-Library_Hzm/ElifBa-Tecvid-Hzm/Kur_an Harflerinin-mahrec-cekimi.pdf,Kur_an Harflerinin-mahrec-cekimi.txt,PDF,8,1879,11612,Başarılı,7041b7844d2fedd6a79f2ba5444bd9247a09bb06c7e906719c0cc79342b57f5a
tecvid-kitabi.pdf,Books/b-Library_Hzm-20260601T230631Z-3-001/b-Library_Hzm/ElifBa-Tecvid-Hzm/tecvid-kitabi.pdf,tecvid-kitabi.txt,PDF,47,6554,47551,Başarılı,1a3f7bb6bcd16c21e5fe1b2fac6e9112bc0f322270558b465f457d7c6ccce548
Efendimiz Sav-2-resit-haylamaz.pdf,Books/b-Library_Hzm-20260601T230631Z-3-001/b-Library_Hzm/Efendimiz_in Sav Hayatı-Hzm/Efendimiz Sav-2-resit-haylamaz.pdf,Efendimiz Sav-2-resit-haylamaz.txt,PDF,665,206476,1385322,Başarılı,1c635b144de05fcbd5a84ebb0f869955a12134047905ce3c78d6107501f2800b
Hz Muhammed-Sav-ve-İslamiyet-Asım Köksal-.pdf,Books/b-Library_Hzm-20260601T230631Z-3-001/b-Library_Hzm/Efendimiz_in Sav Hayatı-Hzm/Hz Muhammed-Sav-ve-İslamiyet-Asım Köksal-.pdf,Hz Muhammed-Sav-ve-İslamiyet-Asım Köksal-.txt,PDF,705,183091,1342005,Başarılı,b0ce87d25cd5b1bbe2191f448c6ba36ceaceee8e5fafb663d4037d906aaefdd7
kur-an-elifbasi-ilmihalli-mustuy.pdf,Books/b-Library_Hzm-20260601T230631Z-3-001/b-Library_Hzm/ElifBa-Tecvid-Hzm/kur-an-elifbasi-ilmihalli-mustuy.pdf,kur-an-elifbasi-ilmihalli-mustuy.txt,PDF,136,8359,32846,Başarılı,f22659eb49cd029af3414084586d4ff3d0dc95a6b64882e3ba498cb5cb6477ac
Efendimiz Sav-1-resit-haylamaz.pdf,Books/b-Library_Hzm-20260601T230631Z-3-001/b-Library_Hzm/Efendimiz_in Sav Hayatı-Hzm/Efendimiz Sav-1-resit-haylamaz.pdf,Efendimiz Sav-1-resit-haylamaz.txt,PDF,631,160599,1053086,Başarılı,9a55b35af29fd64ef6557d1c9ebdf4c56ed621c16fa0cb058db47a98d408b476
Tecvid-uygulamali-kurani-kerim-elifbasi-defineyayinlari.pdf,Books/b-Library_Hzm-20260601T230631Z-3-001/b-Library_Hzm/ElifBa-Tecvid-Hzm/Tecvid-uygulamali-kurani-kerim-elifbasi-defineyayinlari.pdf,Tecvid-uygulamali-kurani-kerim-elifbasi-defineyayinlari.txt,PDF,49,65,204,Başarılı,72a0d5bb9c0172eb073afb3eb53aef0d2d908edc660bdc97c16479f955e726f0
Sorularla-Acilan-Pencereler-1-MustuY.pdf,Books/b-Library_Hzm-20260601T230631Z-3-001/b-Library_Hzm/Gençler için-Hzm/Sorularla-Acilan-Pencereler-1-MustuY.pdf,Sorularla-Acilan-Pencereler-1-MustuY.txt,PDF,177,30881,218470,Başarılı,001c8dc088fccf2488eff17039538e3aa80202dd27b089866e33ddaf1e76f0ab
genclere-pirlanta-olculer-2-m-fethullah-gulen-mustuy.pdf,Books/b-Library_Hzm-20260601T230631Z-3-001/b-Library_Hzm/Gençler için-Hzm/genclere-pirlanta-olculer-2-m-fethullah-gulen-mustuy.pdf,genclere-pirlanta-olculer-2-m-fethullah-gulen-mustuy.txt,PDF,305,45041,343469,Başarılı,7a3fa10b9eb43e122307e127bb506cddb5afef23ca65459c4a59598343b8f39b
gencin-yol-rehberi-1-mustuy.pdf,Books/b-Library_Hzm-20260601T230631Z-3-001/b-Library_Hzm/Gençler için-Hzm/gencin-yol-rehberi-1-mustuy.pdf,gencin-yol-rehberi-1-mustuy.txt,PDF,268,39221,287096,Başarılı,d9712bd0b6cbeab3479b65dcf51e8035c8b2e094b3f4923cad94f318130212cb
M-Asım-Koksal-Hazreti-Muhammed-S-A-V-ve-İslamiyet-İslam-Tarihi-1-2-.pdf,Books/b-Library_Hzm-20260601T230631Z-3-001/b-Library_Hzm/Efendimiz_in Sav Hayatı-Hzm/M-Asım-Koksal-Hazreti-Muhammed-S-A-V-ve-İslamiyet-İslam-Tarihi-1-2-.pdf,M-Asım-Koksal-Hazreti-Muhammed-S-A-V-ve-İslamiyet-İslam-Tarihi-1-2-.txt,PDF,648,174851,1282030,Başarılı,be02d830a5c49e1853852e75b4fac40dd712a8c93674705e8a996005d80e2f42
Insanlik-Tarihi-Boyunca-Evrim-Adem-Tatli.pdf,Books/b-Library_Hzm-20260601T230631Z-3-001/b-Library_Hzm/Evrim-Hzm/Insanlik-Tarihi-Boyunca-Evrim-Adem-Tatli.pdf,Insanlik-Tarihi-Boyunca-Evrim-Adem-Tatli.txt,PDF,264,61300,458626,Başarılı,3ecbee81b022dd2faf5d0368a6ff9ccc3d1ac5d992d83e37ef0d255c8ca4e806
Kolektif-Siyonizm-Ve-Irkcılık-Cev-Turkkaya-Ataov-Birey-Toplum-1985-2-Basım.pdf,Books/Books for Text_TR-20260529T163910Z-3-003/Books for Text_TR/Yhd/Sion/Kolektif-Siyonizm-Ve-Irkcılık-Cev-Turkkaya-Ataov-Birey-Toplum-1985-2-Basım.pdf,Kolektif-Siyonizm-Ve-Irkcılık-Cev-Turkkaya-Ataov-Birey-Toplum-1985-2-Basım.txt,PDF,304,85258,630776,Başarılı,09bb785348bd54e522d22bb4da308d69251151880418c3dcebca41d6c10aaa2d
genclere-pirlanta-olculer-1-m-fethullah-gulen-mustuy.pdf,Books/b-Library_Hzm-20260601T230631Z-3-001/b-Library_Hzm/Gençler için-Hzm/genclere-pirlanta-olculer-1-m-fethullah-gulen-mustuy.pdf,genclere-pirlanta-olculer-1-m-fethullah-gulen-mustuy.txt,PDF,273,38933,317895,Başarılı,2ad9de36acb59806bdd49a37a0e83061507eaa3d2f6b68a1433655756ad63793
110-Soruda-Yaratilis-ve-Evrim-Tartismasi-Arif-Sarsilmaz-AltinBurcYayinlari-pdf.pdf,Books/b-Library_Hzm-20260601T230631Z-3-001/b-Library_Hzm/Evrim-Hzm/110-Soruda-Yaratilis-ve-Evrim-Tartismasi-Arif-Sarsilmaz-AltinBurcYayinlari-pdf.pdf,110-Soruda-Yaratilis-ve-Evrim-Tartismasi-Arif-Sarsilmaz-AltinBurcYayinlari-pdf.txt,PDF,462,98606,775805,Başarılı,7b3c6d0bdf14526282837887a6e7eddd84e6fcddb68ee9bb5db34d49c59eeaf2
Fethullah-Gulenle-Amerika`da-bir-ay-Ismail-Unal.pdf,Books/b-Library_Hzm-20260601T230631Z-3-001/b-Library_Hzm/HE-Bio-Hzm/Fethullah-Gulenle-Amerika`da-bir-ay-Ismail-Unal.pdf,Fethullah-Gulenle-Amerika`da-bir-ay-Ismail-Unal.txt,PDF,244,49662,354002,Başarılı,d7e69fc8e3ffa5bf602e49e0b7943b4eef3d4c5641d7e6d755576dfe910686a3
genclerle-nur-dersleri-2-mustuy.pdf,Books/b-Library_Hzm-20260601T230631Z-3-001/b-Library_Hzm/Gençler için-Hzm/genclerle-nur-dersleri-2-mustuy.pdf,genclerle-nur-dersleri-2-mustuy.txt,PDF,177,20060,136083,Başarılı,00973c48a41d0190e05596649a5346e4cb723711401d5dc84f68c8f7ae49d575
İbretlik Hatıralar_Osman Şimşek.pdf,Books/b-Library_Hzm-20260601T230631Z-3-001/b-Library_Hzm/HE-Bio-Hzm/İbretlik Hatıralar_Osman Şimşek.pdf,İbretlik Hatıralar_Osman Şimşek.txt,PDF,304,73965,521054,Başarılı,4f6a042dd52510fd433c25dece9f4a8853dfe776fa52bfcc12724fc8c7b85364
M-Asım-Koksal-Hazreti-Muhammed-S-A-V-ve-İslamiyet-İslam-Tarihi-5-6-PDFDrive-com-pdf.pdf,Books/b-Library_Hzm-20260601T230631Z-3-001/b-Library_Hzm/Efendimiz_in Sav Hayatı-Hzm/M-Asım-Koksal-Hazreti-Muhammed-S-A-V-ve-İslamiyet-İslam-Tarihi-5-6-PDFDrive-com-pdf.pdf,M-Asım-Koksal-Hazreti-Muhammed-S-A-V-ve-İslamiyet-İslam-Tarihi-5-6-PDFDrive-com-pdf.txt,PDF,2151,198626,1494452,Başarılı,5d4eac93ff9f5d2dcb46b2f557c937683a068a29736224583c47b497ed9ad194
genclerle-nur-dersleri-1-mustuy.pdf,Books/b-Library_Hzm-20260601T230631Z-3-001/b-Library_Hzm/Gençler için-Hzm/genclerle-nur-dersleri-1-mustuy.pdf,genclerle-nur-dersleri-1-mustuy.txt,PDF,177,30579,191667,Başarılı,252773e50cf076deb765f52032baac1506c2a3236394519cafed72a901fb7e71
Adanmışların-Vasıfları-pdf.pdf,Books/b-Library_Hzm-20260601T230631Z-3-001/b-Library_Hzm/Hizmet İnsanı/Adanmışların-Vasıfları-pdf.pdf,Adanmışların-Vasıfları-pdf.txt,PDF,273,56920,387239,Başarılı,087878defd07aaff2b81b92c4c5df51e087c11c7626c395431c93300c20ebd54
The Sultan-of-Hearts-Prophet-Muhammad-Haylamaz-Resit.pdf,Books/b-Library_Hzm-20260601T230631Z-3-001/b-Library_Hzm/Efendimiz Sav-Hzm-English/The Sultan-of-Hearts-Prophet-Muhammad-Haylamaz-Resit.pdf,The Sultan-of-Hearts-Prophet-Muhammad-Haylamaz-Resit.txt,PDF,976,435551,2372946,Başarılı,4d3dc91a679b22ae1cb87748172b91a81400cfada7d3c1422d0771430cf36973
Vazifelendirmede-Peygamber-Metodu-isikyayinlari.pdf,Books/b-Library_Hzm-20260601T230631Z-3-001/b-Library_Hzm/Hizmet İnsanı/Vazifelendirmede-Peygamber-Metodu-isikyayinlari.pdf,Vazifelendirmede-Peygamber-Metodu-isikyayinlari.txt,PDF,201,52398,348353,Başarılı,6b6178b1ef220fdd4cbeb1619c40798e831c332ab308d777b8e1f1bc8e6bc400
İc-Derinlikleriyle-Hizmet-İnsanı-pdf.pdf,Books/b-Library_Hzm-20260601T230631Z-3-001/b-Library_Hzm/Hizmet İnsanı/İc-Derinlikleriyle-Hizmet-İnsanı-pdf.pdf,İc-Derinlikleriyle-Hizmet-İnsanı-pdf.txt,PDF,321,69937,488854,Başarılı,2102dfa18b9ee2b01840ab8b28e217888870b564e5a08ad810c8a7e1f31a6869
Persecution-of-Hizmet-in-Turkey.pdf,Books/b-Library_Hzm-20260601T230631Z-3-001/b-Library_Hzm/Hzm-Studies/Persecution-of-Hizmet-in-Turkey.pdf,Persecution-of-Hizmet-in-Turkey.txt,PDF,37,13095,90365,Başarılı,f44b76b21112aec71e748970b9370a1aa8cd4e8645ab6ec591a1bd49abdc8412
Hizmet-Studies-Review.pdf,Books/b-Library_Hzm-20260601T230631Z-3-001/b-Library_Hzm/Hzm-Studies/Hizmet-Studies-Review.pdf,Hizmet-Studies-Review.txt,PDF,100,37335,234772,Başarılı,8ba4c2a010829f61f93603b5247393152882b408e3ee7540d272b78e5b92759d
Haris-El-Muhasibi-Kalb-Hayati-2.pdf,Books/b-Library_Hzm-20260601T230631Z-3-001/b-Library_Hzm/Haris-El-Muhasibi-Kalb-Hayati-2.pdf,Haris-El-Muhasibi-Kalb-Hayati-2.txt,PDF,263,56158,377935,Başarılı,76ff7fa6117abd0828cdb146599fbc4d8c79cffdd38a4d6367f98a9261329ae0
Hanim Sahabiler-gulyurduyayinlari.pdf,Books/b-Library_Hzm-20260601T230631Z-3-001/b-Library_Hzm/Kadın Sahabeler/Hanim Sahabiler-gulyurduyayinlari.pdf,Hanim Sahabiler-gulyurduyayinlari.txt,PDF,321,47901,349973,Başarılı,512cfab19f357297b6414207646e8474fa7a4e7b9e2628339db2a478ccc1c23f
Ezvac-ı Tahirat-gulyurduyayinlari.pdf,Books/b-Library_Hzm-20260601T230631Z-3-001/b-Library_Hzm/Kadın Sahabeler/Ezvac-ı Tahirat-gulyurduyayinlari.pdf,Ezvac-ı Tahirat-gulyurduyayinlari.txt,PDF,249,55367,405622,Başarılı,91a1a9eba05d5040d63522005ed2966a13b58c1cc5b3cb6a1f5ab9ab5fef1e6a
Imam-i-Rabbani-KaynakYayinlari.pdf,Books/b-Library_Hzm-20260601T230631Z-3-001/b-Library_Hzm/Imam-i-Rabbani-KaynakYayinlari.pdf,Imam-i-Rabbani-KaynakYayinlari.txt,PDF,184,34998,255667,Başarılı,91ea5d07ba74df5c8ff1dd46a510320fb6fc30b7b8ea64c84db0b9ff8390e290
Riyazus Salihin - Muhtasar.pdf,Books/b-Library_Hzm-20260601T230631Z-3-001/b-Library_Hzm/Hadis-Hzm/Riyazus Salihin - Muhtasar.pdf,Riyazus Salihin - Muhtasar.txt,PDF,575,152927,1132957,Başarılı,e9f13f3cc37157df632bffc758708694c4013dcc5fc0cd37c79f50d3e7f91cee
Zahide-hanimlar-gulyurduyayinlari.pdf,Books/b-Library_Hzm-20260601T230631Z-3-001/b-Library_Hzm/Kadın Sahabeler/Zahide-hanimlar-gulyurduyayinlari.pdf,Zahide-hanimlar-gulyurduyayinlari.txt,PDF,309,67971,491945,Başarılı,ec7f6d4227087b6e0f3c4622a2a90e77cf386da4b08be408af693574c87b7e3e
Riyazu-s-Salihin-Işık-Yayınları-pdf.pdf,Books/b-Library_Hzm-20260601T230631Z-3-001/b-Library_Hzm/Hadis-Hzm/Riyazu-s-Salihin-Işık-Yayınları-pdf.pdf,Riyazu-s-Salihin-Işık-Yayınları-pdf.txt,PDF,574,151182,1122405,Başarılı,d4a8fe41d088d0b1e36f49da0be4a098ff99ac447b06619dc94d0bad8f507499
Rehber Hanimlar-gulyurduyayinlari.pdf,Books/b-Library_Hzm-20260601T230631Z-3-001/b-Library_Hzm/Kadın Sahabeler/Rehber Hanimlar-gulyurduyayinlari.pdf,Rehber Hanimlar-gulyurduyayinlari.txt,PDF,289,68218,499870,Başarılı,a68d74012612fbf0f8cf5b073912606a342fd0988d3ae8fe340f066fe13e90c4
M-Asım-Koksal-Hazreti-Muhammed-S-A-V-ve-İslamiyet-İslam-Tarihi-7-8-.pdf,Books/b-Library_Hzm-20260601T230631Z-3-001/b-Library_Hzm/Efendimiz_in Sav Hayatı-Hzm/M-Asım-Koksal-Hazreti-Muhammed-S-A-V-ve-İslamiyet-İslam-Tarihi-7-8-.pdf,M-Asım-Koksal-Hazreti-Muhammed-S-A-V-ve-İslamiyet-İslam-Tarihi-7-8-.txt,PDF,2256,211164,1571969,Başarılı,8e36b75479c1f7285d756c2051bc69e8fdd6d38f21d3279ba5e39d2e829c028c
Haris-El-Muhasibi-Er-Riaye-1.pdf,Books/b-Library_Hzm-20260601T230631Z-3-001/b-Library_Hzm/Haris-El-Muhasibi-Er-Riaye-1.pdf,Haris-El-Muhasibi-Er-Riaye-1.txt,PDF,312,70635,505671,Başarılı,9fb838bae55673de67dd1cec135dcd97a8acaf6528b602f4ed5032853210721c
Hz Aişe Ra_Reşid Haylamaz.pdf,Books/b-Library_Hzm-20260601T230631Z-3-001/b-Library_Hzm/Kadın Sahabeler/Hz Aişe Ra_Reşid Haylamaz.pdf,Hz Aişe Ra_Reşid Haylamaz.txt,PDF,472,132144,879548,Başarılı,803fbd975ca6a0e9f4a4ee34c32d15e925219984e8d2a50eb7e031b1f9eb85f9
PEYGAMBERİMİZİN-KURANI-TEFSİRİ-Suat-Yıldırım.pdf,Books/b-Library_Hzm-20260601T230631Z-3-001/b-Library_Hzm/Kur_an-Tefsir-Hzm/PEYGAMBERİMİZİN-KURANI-TEFSİRİ-Suat-Yıldırım.pdf,PEYGAMBERİMİZİN-KURANI-TEFSİRİ-Suat-Yıldırım.txt,PDF,83,42843,317876,Başarılı,be622e6e95fa789fc3c57296945694271a576e5a997d090ea84c2b54d8510196
Davut Aydüz-Kısa Surelerin Tefsiri.pdf,Books/b-Library_Hzm-20260601T230631Z-3-001/b-Library_Hzm/Kur_an-Tefsir-Hzm/Davut Aydüz-Kısa Surelerin Tefsiri.pdf,Davut Aydüz-Kısa Surelerin Tefsiri.txt,PDF,260,54706,388515,Başarılı,12fcb567385f41b2c4a6b0124fbff6399d54b1e302c5d7009be125a00b2396c5
Kuranda-Tesbih-Ve-Temsiller-Sadi-Eren.pdf,Books/b-Library_Hzm-20260601T230631Z-3-001/b-Library_Hzm/Kur`an-Hzm/Kuranda-Tesbih-Ve-Temsiller-Sadi-Eren.pdf,Kuranda-Tesbih-Ve-Temsiller-Sadi-Eren.txt,PDF,264,60257,442283,Başarılı,5a850eba474d7c6700a2ed0aa60d77e3e3aaa9046bd8c00366abb4dfac32155c
Peaceful-Coexistence-Fethullah-Gulens-s-Initiatives.pdf,Books/b-Library_Hzm-20260601T230631Z-3-001/b-Library_Hzm/Hzm-Studies/Peaceful-Coexistence-Fethullah-Gulens-s-Initiatives.pdf,Peaceful-Coexistence-Fethullah-Gulens-s-Initiatives.txt,PDF,533,278477,1754627,Başarılı,e6204dc26e8fb34a2116cbb403807c17eca3416abe02c68650aec15765f7978e
Davut-Ayduz-5-Vakit-4-Asir-Namazdan-Sonra-Okunan-Ayetlerin-Tefsiri-DefineYayinlari.pdf,Books/b-Library_Hzm-20260601T230631Z-3-001/b-Library_Hzm/Kur_an-Tefsir-Hzm/Davut-Ayduz-5-Vakit-4-Asir-Namazdan-Sonra-Okunan-Ayetlerin-Tefsiri-DefineYayinlari.pdf,Davut-Ayduz-5-Vakit-4-Asir-Namazdan-Sonra-Okunan-Ayetlerin-Tefsiri-DefineYayinlari.txt,PDF,335,75482,543490,Başarılı,ee4653a40b7ff517f6599a6aa56b6cf42701ab938fb0fd6a07176c3a18313851
Kutlu Zamanlar.pdf,Books/b-Library_Hzm-20260601T230631Z-3-001/b-Library_Hzm/Kutlu Zamanlar.pdf,Kutlu Zamanlar.txt,PDF,208,80232,317080,Başarılı,ba41ffa1475085cba2ed1efe44dea7a0e3b549dcbd84215d4e2bdf7f1814e0a9
Davut-Ayduz-Namazı-Anlayarak-Kılmak.pdf,Books/b-Library_Hzm-20260601T230631Z-3-001/b-Library_Hzm/Namaz/Davut-Ayduz-Namazı-Anlayarak-Kılmak.pdf,Davut-Ayduz-Namazı-Anlayarak-Kılmak.txt,PDF,122,25307,188294,Başarılı,1f9b6c62a70cc0eac502f5628283050d8be64456007d12936b140d7ae6f84c42
Metafizik-Aleminin-Sakinleri-Melekler-ve-Cinler-Mehmet-Seker-IsikYayinlari.pdf,Books/b-Library_Hzm-20260601T230631Z-3-001/b-Library_Hzm/Metafizik-Aleminin-Sakinleri-Melekler-ve-Cinler-Mehmet-Seker-IsikYayinlari.pdf,Metafizik-Aleminin-Sakinleri-Melekler-ve-Cinler-Mehmet-Seker-IsikYayinlari.txt,PDF,137,30600,225228,Başarılı,5aabb1f3b9ddf2c310df8b45c0a412a4bf31b81b96f2b654bc8b6eb644fdeb9e
Meryem-Oglu-Isa-KaynakYayinlari-pdf.pdf,Books/b-Library_Hzm-20260601T230631Z-3-001/b-Library_Hzm/Meryem-Oglu-Isa-KaynakYayinlari-pdf.pdf,Meryem-Oglu-Isa-KaynakYayinlari-pdf.txt,PDF,361,72215,515924,Başarılı,14bb9d23d3490936cda5cfe0cbb363b6bc6a036ddd97f7ac59cbf68aa0be14bb
Kuranda-Ehli-Kitapla-Muhabbet-IsikAkademiY-pdf.pdf,Books/b-Library_Hzm-20260601T230631Z-3-001/b-Library_Hzm/Kuranda-Ehli-Kitapla-Muhabbet-IsikAkademiY-pdf.pdf,Kuranda-Ehli-Kitapla-Muhabbet-IsikAkademiY-pdf.txt,PDF,481,135186,1032942,Başarılı,955531ad3027aeb280220329128478ffdf7fc30b60005210d770271aa4b44bb0
15 Tm_iddianame.pdf,Books/Books for Text_TR-20260529T163910Z-3-003/Books for Text_TR/RTE_15 Temmuz/iddianame_15 Tm/15 Tm_iddianame.pdf,15 Tm_iddianame.txt,PDF,4658,1961064,15550005,Başarılı,32ab03f14a8c5dee07b8623f94d480e56b3e73014454e53fc0217d4f48a17ba3
Nurlardan-secmeler-2-Sözler_den.pdf,Books/b-Library_Hzm-20260601T230631Z-3-001/b-Library_Hzm/RN-Külliyat-Hzm/RN-Seçmeler/Nurlardan-secmeler-2-Sözler_den.pdf,Nurlardan-secmeler-2-Sözler_den.txt,PDF,221,50928,368981,Başarılı,082e6ea397a27884e8132c341ffab519c2470b004718990cf852a70ead334def
sayit-kocer-efendimizin-sav-ramazani-isikyayinlari.pdf,Books/b-Library_Hzm-20260601T230631Z-3-001/b-Library_Hzm/Ramazan-Oruç-Üç aylar/sayit-kocer-efendimizin-sav-ramazani-isikyayinlari.pdf,sayit-kocer-efendimizin-sav-ramazani-isikyayinlari.txt,PDF,111,28370,199139,Başarılı,2b75f7bf14b296552caa9da293f5caa7a7e239d4e15e1dcd795c4c8ab5b9285c
Dinimin-Diregi-Namaz-Suleyman-Bosnali.pdf,Books/b-Library_Hzm-20260601T230631Z-3-001/b-Library_Hzm/Namaz/Dinimin-Diregi-Namaz-Suleyman-Bosnali.pdf,Dinimin-Diregi-Namaz-Suleyman-Bosnali.txt,PDF,226,53992,368381,Başarılı,421a391e343b9edfb80ebabb25dfda60ae89aa3986dbae360e2f18bacafa1e8c
Nurlardan-secmeler-1-Sözler_den.pdf,Books/b-Library_Hzm-20260601T230631Z-3-001/b-Library_Hzm/RN-Külliyat-Hzm/RN-Seçmeler/Nurlardan-secmeler-1-Sözler_den.pdf,Nurlardan-secmeler-1-Sözler_den.txt,PDF,193,43928,317678,Başarılı,c49ac7502861f5e8df79b42218edf32b07973c26ce8cd86aa40b3041d3d46a14
Nicin-Helak-Oldular-Abdullah-Emin-Cimen-.pdf,Books/b-Library_Hzm-20260601T230631Z-3-001/b-Library_Hzm/Kur_an-Tefsir-Hzm/Nicin-Helak-Oldular-Abdullah-Emin-Cimen-.pdf,Nicin-Helak-Oldular-Abdullah-Emin-Cimen-.txt,PDF,633,184146,1386369,Başarılı,9ffa5cdfcd2979439d604b37802dd1e9b37627d7bf25e7e7a54f26b7bb7efa3a
Osmanlılarda-Hilafet-Mustafa-Alkan.pdf,Books/b-Library_Hzm-20260601T230631Z-3-001/b-Library_Hzm/Osmanlılarda-Hilafet-Mustafa-Alkan.pdf,Osmanlılarda-Hilafet-Mustafa-Alkan.txt,PDF,283,60977,451328,Başarılı,8b7514cd895586da8b0d77b7960081b515045c9ded5287e84d170e28712e0fff
Rüya-Hakikat-Penceresi-mi-Hayal-Perdesimi-mi-M-Yusuf-Guven-O-Fatih-Belbagi.pdf,Books/b-Library_Hzm-20260601T230631Z-3-001/b-Library_Hzm/Rüya-Hakikat-Penceresi-mi-Hayal-Perdesimi-mi-M-Yusuf-Guven-O-Fatih-Belbagi.pdf,Rüya-Hakikat-Penceresi-mi-Hayal-Perdesimi-mi-M-Yusuf-Guven-O-Fatih-Belbagi.txt,PDF,273,60647,422832,Başarılı,b74a032164a46700e25916dabbbcd334022f5ef56ac263f8c7d7233feae8e162
Hz Aisha-the-wife-the-companion-the-scholar-Reşit Haylamaz.pdf,Books/b-Library_Hzm-20260601T230631Z-3-001/b-Library_Hzm/Sahabe-Hzm-English/Hz Aisha-the-wife-the-companion-the-scholar-Reşit Haylamaz.pdf,Hz Aisha-the-wife-the-companion-the-scholar-Reşit Haylamaz.txt,PDF,242,73484,422858,Başarılı,eae993ed8cdc320007709b26624f9b07daf170ea95eb942890d1d4a9e74a05a3
Kuran-i_Kerim-OKU.pdf,Books/b-Library_Hzm-20260601T230631Z-3-001/b-Library_Hzm/Kur_an-Meal-Hzm/Kuran-i_Kerim-OKU.pdf,Kuran-i_Kerim-OKU.txt,PDF,623,186030,1623587,Başarılı,4e61cee5fa2e708041affbdfe789a800b0157768866fecf2513e1037cbc3178b
Ali Unal-Kuran-i-Kerim-Meal2.pdf,Books/b-Library_Hzm-20260601T230631Z-3-001/b-Library_Hzm/Kur_an-Meal-Hzm/Ali Unal-Kuran-i-Kerim-Meal2.pdf,Ali Unal-Kuran-i-Kerim-Meal2.txt,PDF,1537,531492,3785828,Başarılı,aa89258f9216ff3618f3d78af5107a13d7795c74ffe2d27d592b6f79042e86a7
Hayatus Sahabe - Muhtasar 2.pdf,Books/b-Library_Hzm-20260601T230631Z-3-001/b-Library_Hzm/Sahabe-Hzm/Hayatus Sahabe - Muhtasar 2.pdf,Hayatus Sahabe - Muhtasar 2.txt,PDF,453,111861,751327,Başarılı,ac434b73b705068b55dc2db96db18e08679e281e1adc783b5af62f63e42560a3
Hz. Ali.pdf,Books/b-Library_Hzm-20260601T230631Z-3-001/b-Library_Hzm/Sahabe-Hzm/Hz. Ali.pdf,Hz. Ali.txt,PDF,138,23482,163498,Başarılı,222ade89267094ad046fc0cd2ec4d6946b1816463f40312b1cbbb28a5ee1ecca
Suat Yildirim-Oryantalistlerin Yanilgilari - UfukYayinlari.pdf,Books/b-Library_Hzm-20260601T230631Z-3-001/b-Library_Hzm/Suat Yıldırım/Suat Yildirim-Oryantalistlerin Yanilgilari - UfukYayinlari.pdf,Suat Yildirim-Oryantalistlerin Yanilgilari - UfukYayinlari.txt,PDF,340,82102,607991,Başarılı,80ee50f22e2e96ac3e09609d72be185385b5e048cb3b168e9d92e7d822450018
Hayatus-Sahabe-Muhtasar-Cilt-1-M-Yusuf-Kandehlevi.pdf,Books/b-Library_Hzm-20260601T230631Z-3-001/b-Library_Hzm/Sahabe-Hzm/Hayatus-Sahabe-Muhtasar-Cilt-1-M-Yusuf-Kandehlevi.pdf,Hayatus-Sahabe-Muhtasar-Cilt-1-M-Yusuf-Kandehlevi.txt,PDF,497,125782,864186,Başarılı,c7134df3223ac8fe02dbd32e676d9aa4b1fbf9432fa5529dc19c088e881a76cc
Asere-i-Mubessere-IsikYayinlari-Ahmet-Kurucan-Zuhtu-Mercan.pdf,Books/b-Library_Hzm-20260601T230631Z-3-001/b-Library_Hzm/Sahabe-Hzm/Asere-i-Mubessere-IsikYayinlari-Ahmet-Kurucan-Zuhtu-Mercan.pdf,Asere-i-Mubessere-IsikYayinlari-Ahmet-Kurucan-Zuhtu-Mercan.txt,PDF,357,91629,630639,Başarılı,d661c9340889a204167c66b0fc48824e5625d8f8e54ac87f318ca6c44286c015
Hazreti Ebu Bekir.pdf,Books/b-Library_Hzm-20260601T230631Z-3-001/b-Library_Hzm/Sahabe-Hzm/Hazreti Ebu Bekir.pdf,Hazreti Ebu Bekir.txt,PDF,192,30996,215047,Başarılı,270b5e89cab9efd25248a62c125db3da7cc82d52eb7bf7de227bcad932b68c8d
Zekamatik-AltinBurcYayinlari.pdf,Books/b-Library_Hzm-20260601T230631Z-3-001/b-Library_Hzm/Tefekkür-Bilim-Hzm/Zekamatik-AltinBurcYayinlari.pdf,Zekamatik-AltinBurcYayinlari.txt,PDF,81,7504,53058,Başarılı,3f461f9e70d2ef153d01ba418d79c37b0041ad3111b4e17edf55665dac041e96
Asli-Kaplan-Kozmik-Perde-AltinBurcYayinlari-pdf.pdf,Books/b-Library_Hzm-20260601T230631Z-3-001/b-Library_Hzm/Tefekkür-Bilim-Hzm/Asli-Kaplan-Kozmik-Perde-AltinBurcYayinlari-pdf.pdf,Asli-Kaplan-Kozmik-Perde-AltinBurcYayinlari-pdf.txt,PDF,140,22610,163760,Başarılı,20c471d772790298ace3b4eaca9324daffe4487617056c1fea453767a845d511
Kainattaki Gizli Imza - Altin Oran - AltinBurcYayinlari (Yilmaz Sadikli) (z-lib.org).pdf,Books/b-Library_Hzm-20260601T230631Z-3-001/b-Library_Hzm/Tefekkür-Bilim-Hzm/Kainattaki Gizli Imza - Altin Oran - AltinBurcYayinlari (Yilmaz Sadikli) (z-lib.org).pdf,Kainattaki Gizli Imza - Altin Oran - AltinBurcYayinlari (Yilmaz Sadikli) (z-lib.org).txt,PDF,81,9397,66517,Başarılı,63aa67ce828af133a99bf1b5b61b4be6ef6ebfb1b9da046d782e58bda6c337be
Yavuz-Sultan-Selim-Feridun-M-Emecan.pdf,Books/b-Library_Hzm-20260601T230631Z-3-001/b-Library_Hzm/Tarih-Hzm/Yavuz-Sultan-Selim-Feridun-M-Emecan.pdf,Yavuz-Sultan-Selim-Feridun-M-Emecan.txt,PDF,449,124773,919697,Başarılı,7869b512a2cb6a106ebd74ed910fb804906b2e12c39793332b1d265089844022
İslam Tarihi_1.pdf,Books/b-Library_Hzm-20260601T230631Z-3-001/b-Library_Hzm/Tarih-Hzm/İslam Tarihi_1.pdf,İslam Tarihi_1.txt,PDF,704,183078,1341912,Başarılı,a2edda59c136de13414a79bb40c344b50ed004254a92fb0bd12993b3f7a415f6
M. Asım Köksal - Peygamberler Tarihi .pdf,Books/b-Library_Hzm-20260601T230631Z-3-001/b-Library_Hzm/Tarih-Hzm/M. Asım Köksal - Peygamberler Tarihi .pdf,M. Asım Köksal - Peygamberler Tarihi.txt,PDF,936,122266,993205,Başarılı,99cf4a9871aceafe17c597103d9bb820e08634f539629b5235e13d7632723bdf
İslam Tarihi_2.pdf,Books/b-Library_Hzm-20260601T230631Z-3-001/b-Library_Hzm/Tarih-Hzm/İslam Tarihi_2.pdf,İslam Tarihi_2.txt,PDF,774,381456,1566289,Başarılı,97203a4ec495da63f502b0b6c3ce505ebf140b88cbd9ad156536128294b79ac6
İslam Tarihi_3.pdf,Books/b-Library_Hzm-20260601T230631Z-3-001/b-Library_Hzm/Tarih-Hzm/İslam Tarihi_3.pdf,İslam Tarihi_3.txt,PDF,889,210980,1590144,Başarılı,cf0d10212d453ba627f0a8d5415cd667ae9add44b486a49820a020ea1a394a2e
Ali Unal-Kur-an-i-Kerim-Meal1.pdf,Books/b-Library_Hzm-20260601T230631Z-3-001/b-Library_Hzm/Kur_an-Meal-Hzm/Ali Unal-Kur-an-i-Kerim-Meal1.pdf,Ali Unal-Kur-an-i-Kerim-Meal1.txt,PDF,3601,483879,3547122,Başarılı,c5bc663ca04d80ac85cc905ee5a29bf28a04d7d8b8efc0fb7f7f08c5cdab4c26
Turkce-Calisma-Kitabi-11-Harmony.pdf,Books/b-Library_Hzm-20260601T230631Z-3-001/b-Library_Hzm/Turkce/Turkce-Calisma-Kitabi-11-Harmony.pdf,Turkce-Calisma-Kitabi-11-Harmony.txt,PDF,67,0,0,Görsel / Taranmış (0 Kelime),0497a28e3c2174db9289bf7ccf7333e906dc744b106ce44cd48d234b523c6187
İslam Tarihi_4.pdf,Books/b-Library_Hzm-20260601T230631Z-3-001/b-Library_Hzm/Tarih-Hzm/İslam Tarihi_4.pdf,İslam Tarihi_4.txt,PDF,930,222129,1652799,Başarılı,a8372330827f025b01272af3946a9154590bbbdad68817d10276946c348be6f3
B Jill Carrol - Medeniyetler Diyalogu - Gulenin islami Ogretisi ve Humanist Soylem - UfukYayinlari.pdf,Books/b-Library_Hzm-20260601T230631Z-3-001/b-Library_Hzm/Ufuk Yayinlari/B Jill Carrol - Medeniyetler Diyalogu - Gulenin islami Ogretisi ve Humanist Soylem - UfukYayinlari.pdf,B Jill Carrol - Medeniyetler Diyalogu - Gulenin islami Ogretisi ve Humanist Soylem - UfukYayinlari.txt,PDF,168,39156,285311,Başarılı,4416f6082435b8db7e52a65b4550c757643ffb6727c83a39685de4e66c8393be
Sultan-of-Hearts-Prophet-Muhammad-Haylamaz-Resit.pdf,Books/b-Library_Hzm-20260601T230631Z-3-001/b-Library_Hzm/Sahabe-Hzm/Sultan-of-Hearts-Prophet-Muhammad-Haylamaz-Resit.pdf,Sultan-of-Hearts-Prophet-Muhammad-Haylamaz-Resit.txt,PDF,892,458059,2487276,Başarılı,494f3d336586ed4ebeea8806e457709fe6a3985f9f80243c1013506a4bc9d6ec
Kuresel Dunyada islam-1 -Vincent Geisser -  islamofobi - UfukYayinlari.pdf,Books/b-Library_Hzm-20260601T230631Z-3-001/b-Library_Hzm/Ufuk Yayinlari/Kuresel Dunyada islam-1 -Vincent Geisser -  islamofobi - UfukYayinlari.pdf,Kuresel Dunyada islam-1 -Vincent Geisser - islamofobi - UfukYayinlari.txt,PDF,134,27955,215551,Başarılı,3c33027527d23e076c7aad3f6d9972708e904ef03dc3c4ef16e79de5bdcb5445
E Mazhar Kurt - Yaratilis Tabiatin ilahi Emirle Varolusu - UfukYayinlari.pdf,Books/b-Library_Hzm-20260601T230631Z-3-001/b-Library_Hzm/Ufuk Yayinlari/E Mazhar Kurt - Yaratilis Tabiatin ilahi Emirle Varolusu - UfukYayinlari.pdf,E Mazhar Kurt - Yaratilis Tabiatin ilahi Emirle Varolusu - UfukYayinlari.txt,PDF,188,41272,305029,Başarılı,d288cd8b23e3d16e2a474d3ff03d593d355b8fbf2a0402c1a5e04e4cb1534dc1
Erkam Tufan Aytav - Demokratiklesme Surecinde Turkiyede Oteki Olmak - UfukYayinlari.pdf,Books/b-Library_Hzm-20260601T230631Z-3-001/b-Library_Hzm/Ufuk Yayinlari/Erkam Tufan Aytav - Demokratiklesme Surecinde Turkiyede Oteki Olmak - UfukYayinlari.pdf,Erkam Tufan Aytav - Demokratiklesme Surecinde Turkiyede Oteki Olmak - UfukYayinlari.txt,PDF,224,46315,331010,Başarılı,8732e8abeb85793ef2db50b9352015626e2eb8b7a92338512aa74d1956c75c46
Hak Dini Kuran Dili Tefsiri Bütün Ciltler.pdf,Books/b-Library_Hzm-20260601T230631Z-3-001/b-Library_Hzm/Tefsir-Elmalılı Tefsiri-ZAMAN.pdf/Hak Dini Kuran Dili Tefsiri Bütün Ciltler.pdf,Hak Dini Kuran Dili Tefsiri Bütün Ciltler.txt,PDF,5596,4444,27129,Başarılı,0175263109ef1d2c13a44dd0a01bd6da929dfb1020ce3b8002c7e9ed4b7130b8
Kuresel Dunyada islam-2 - Ahmet Kurucan - ABD ve Din - UfukYayinlari.pdf,Books/b-Library_Hzm-20260601T230631Z-3-001/b-Library_Hzm/Ufuk Yayinlari/Kuresel Dunyada islam-2 - Ahmet Kurucan - ABD ve Din - UfukYayinlari.pdf,Kuresel Dunyada islam-2 - Ahmet Kurucan - ABD ve Din - UfukYayinlari.txt,PDF,151,34110,252443,Başarılı,c9fe98c60c525036c46b91feeb2d5b6740464d1c8bd266f6f911307642237643
Elmalili - Hak Dini Kuran Dili-10.pdf,Books/b-Library_Hzm-20260601T230631Z-3-001/b-Library_Hzm/Tefsir-Elmalılı Tefsiri-ZAMAN.pdf/Elmalili - Hak Dini Kuran Dili-10.pdf,Elmalili - Hak Dini Kuran Dili-10.txt,PDF,350,117106,781018,Başarılı,bd86d44b39415e5ef77fa1de283dfb6c5528c6fafe7e0ec68b8f1ea4e2ecdbfd
Ekrem Dumanli-Alimler-Ve-Zalimler-Ekrem-Dumanli.pdf,Books/b-Library_Hzm-20260601T230631Z-3-001/b-Library_Hzm/Yazarlar-Hzm/Ekrem Dumanli-Alimler-Ve-Zalimler-Ekrem-Dumanli.pdf,Ekrem Dumanli-Alimler-Ve-Zalimler-Ekrem-Dumanli.txt,PDF,93,25818,191639,Başarılı,1f0a80f3cc7d281360c2e206921471318aad7915855e61429e98a272d383c6fa
Mesnevi Hikayelerinden-2 - Kadir Ozkose - Gafletten Kurtulus - UfukYayinlari.pdf,Books/b-Library_Hzm-20260601T230631Z-3-001/b-Library_Hzm/Ufuk Yayinlari/Mesnevi Hikayelerinden-2 - Kadir Ozkose - Gafletten Kurtulus - UfukYayinlari.pdf,Mesnevi Hikayelerinden-2 - Kadir Ozkose - Gafletten Kurtulus - UfukYayinlari.txt,PDF,246,51211,367620,Başarılı,0d1c7a02a6ade021d2590d964a74ce57477868ed1530f742f573491093e9106a
Abdulhakim-Yuce-Gece-ibadeti.pdf,Books/b-Library_Hzm-20260601T230631Z-3-001/b-Library_Hzm/Yazarlar-Hzm/Abdulhakim-Yuce-Gece-ibadeti.pdf,Abdulhakim-Yuce-Gece-ibadeti.txt,PDF,175,87261,344944,Başarılı,a24c42723a37793d413caf6b8fafe3814e1e543345c1d73503e428b531d92098
Rainer Hermann - Turkiyede Neler Oluyor - Anadolunu Uyanisi ve Yeni Elitler - UfukYayinlari.pdf,Books/b-Library_Hzm-20260601T230631Z-3-001/b-Library_Hzm/Ufuk Yayinlari/Rainer Hermann - Turkiyede Neler Oluyor - Anadolunu Uyanisi ve Yeni Elitler - UfukYayinlari.pdf,Rainer Hermann - Turkiyede Neler Oluyor - Anadolunu Uyanisi ve Yeni Elitler - UfukYayinlari.txt,PDF,351,84693,642305,Başarılı,a0549d7ef08bbed55fb7cf959040df9820f8d4fee48f14666d424b2d2b2c66b0
Mesnevi Hikayelerinden-1 - Kadir Ozkose - Ten Kafesinden Kurtulus - UfukYayinlari.pdf,Books/b-Library_Hzm-20260601T230631Z-3-001/b-Library_Hzm/Ufuk Yayinlari/Mesnevi Hikayelerinden-1 - Kadir Ozkose - Ten Kafesinden Kurtulus - UfukYayinlari.pdf,Mesnevi Hikayelerinden-1 - Kadir Ozkose - Ten Kafesinden Kurtulus - UfukYayinlari.txt,PDF,238,50525,364555,Başarılı,1196c9289cbffd9fe0fc7360c84e2ff8b7b35d46b709f92a6a04e0cb70a25486
Ibrahim-Canan-Islamda-Zaman Tanzimi.pdf,Books/b-Library_Hzm-20260601T230631Z-3-001/b-Library_Hzm/Yazarlar-Hzm/Ibrahim-Canan-Islamda-Zaman Tanzimi.pdf,Ibrahim-Canan-Islamda-Zaman Tanzimi.txt,PDF,201,40592,300961,Başarılı,c96596048b21ac2dd6f1f4a829010dc7d418d79052f6d57deeaf7036afe06a15
Hayrettin Karaman - Hakkani Mehmet Bey - Hilye - Gonullerin Susu Hanelerin Zineti - UfukYayinlari.pdf,Books/b-Library_Hzm-20260601T230631Z-3-001/b-Library_Hzm/Ufuk Yayinlari/Hayrettin Karaman - Hakkani Mehmet Bey - Hilye - Gonullerin Susu Hanelerin Zineti - UfukYayinlari.pdf,Hayrettin Karaman - Hakkani Mehmet Bey - Hilye - Gonullerin Susu Hanelerin Zineti - UfukYayinlari.txt,PDF,217,22055,128482,Başarılı,9dc388c0880f5400c7d9ebb34850973f06b62b2e206f345dc7d6d972e5ecd04f
Elmalili - Hak Dini Kuran Dili-05.pdf,Books/b-Library_Hzm-20260601T230631Z-3-001/b-Library_Hzm/Tefsir-Elmalılı Tefsiri-ZAMAN.pdf/Elmalili - Hak Dini Kuran Dili-05.pdf,Elmalili - Hak Dini Kuran Dili-05.txt,PDF,569,159047,1085857,Başarılı,ce92dd87897267820a12ab0a86d552034042f2753567e0c837d6c1683fca7956
OS-Ibretlik-Hatiralar-M-Fethullah-Gulenin-Ruh-Dunyasina-Ayna-OS.pdf,Books/b-Library_Hzm-20260601T230631Z-3-001/b-Library_Hzm/Yazarlar-Hzm/OS-Ibretlik-Hatiralar-M-Fethullah-Gulenin-Ruh-Dunyasina-Ayna-OS.pdf,OS-Ibretlik-Hatiralar-M-Fethullah-Gulenin-Ruh-Dunyasina-Ayna-OS.txt,PDF,310,74884,527715,Başarılı,832d1c3dbc75a71b48d58734928272b85df526469a611eff81c40b658755e2e8
hac-ve-umre-ilmihali-rehberyayinlari.pdf,Books/b-Library_Hzm-20260601T230631Z-3-001/b-Library_Hzm/ilmihal-Cep-Hzm/hac-ve-umre-ilmihali-rehberyayinlari.pdf,hac-ve-umre-ilmihali-rehberyayinlari.txt,PDF,137,15683,115402,Başarılı,0258658d0603f3493d8245c2eec0cb3a26c437d971e23c94bd9356c615e94ee5
OS-Pennsylvania-Surgununde-Bir-Cocuk.pdf,Books/b-Library_Hzm-20260601T230631Z-3-001/b-Library_Hzm/Yazarlar-Hzm/OS-Pennsylvania-Surgununde-Bir-Cocuk.pdf,OS-Pennsylvania-Surgununde-Bir-Cocuk.txt,PDF,222,52663,361673,Başarılı,9723933b698730e195fb16f68deabfde7ba0e715557996ec7d784f499890128f
İslamda-Resim-Heykel-Musiki-Ahmet-Yakutcan-Cuma-Omur.pdf,Books/b-Library_Hzm-20260601T230631Z-3-001/b-Library_Hzm/Yazarlar-Hzm/İslamda-Resim-Heykel-Musiki-Ahmet-Yakutcan-Cuma-Omur.pdf,İslamda-Resim-Heykel-Musiki-Ahmet-Yakutcan-Cuma-Omur.txt,PDF,135,28066,200029,Başarılı,e37bf5a784ce7ce1d78e79194cd4b44391e306c6fd9c410ab58a7aefccf3faea
oruc-ilmihali-rehberyayinlari.pdf,Books/b-Library_Hzm-20260601T230631Z-3-001/b-Library_Hzm/ilmihal-Cep-Hzm/oruc-ilmihali-rehberyayinlari.pdf,oruc-ilmihali-rehberyayinlari.txt,PDF,183,22658,160768,Başarılı,5fbb61a37f4a4d3eb491bb568f01cb8e661e152f09b16a60d0ecd44a217c3afa
namaz-ilmihali-rehberyayinlari.pdf,Books/b-Library_Hzm-20260601T230631Z-3-001/b-Library_Hzm/ilmihal-Cep-Hzm/namaz-ilmihali-rehberyayinlari.pdf,namaz-ilmihali-rehberyayinlari.txt,PDF,216,26506,183022,Başarılı,5bffabfa9fbbb4c87e58b16991c07715e45ecd3f1a24b6d0e5a806052d575207
pratik-ilmihal-rehberyayinlari.pdf,Books/b-Library_Hzm-20260601T230631Z-3-001/b-Library_Hzm/ilmihal-Cep-Hzm/pratik-ilmihal-rehberyayinlari.pdf,pratik-ilmihal-rehberyayinlari.txt,PDF,217,32275,237758,Başarılı,b39737abc551c69e3debb4f22b9d25ded21ba40fb14dda5209bb90cb2fd7c2ad
Genclik-ilmihali-mustuy.pdf,Books/b-Library_Hzm-20260601T230631Z-3-001/b-Library_Hzm/ilmihal-Hzm/Genclik-ilmihali-mustuy.pdf,Genclik-ilmihali-mustuy.txt,PDF,161,37850,153271,Başarılı,4c019efc4bccec66ee4f11ee643b47b55d0762ef994c9af5de80c4a0d4c3735f
zekat-rehberyayinlari.pdf,Books/b-Library_Hzm-20260601T230631Z-3-001/b-Library_Hzm/ilmihal-Cep-Hzm/zekat-rehberyayinlari.pdf,zekat-rehberyayinlari.txt,PDF,217,41866,312340,Başarılı,da83d225e86c7765f374a951df68e823ea9376b64a237ae97e5163dd7656ae9f
Bir-Muslumanın-Yol-Haritası-Iman-ibadet-Ahlak.pdf,Books/b-Library_Hzm-20260601T230631Z-3-001/b-Library_Hzm/ilmihal-Hzm/Bir-Muslumanın-Yol-Haritası-Iman-ibadet-Ahlak.pdf,Bir-Muslumanın-Yol-Haritası-Iman-ibadet-Ahlak.txt,PDF,470,0,0,Görsel / Taranmış (0 Kelime),e8c46843622977aa28df232fe14e17ce61ef7d45b22aa44c79aedc8371a994fd
Vehbi Yildiz-İlham-kaynakları.pdf,Books/b-Library_Hzm-20260601T230631Z-3-001/b-Library_Hzm/Yazarlar-Hzm/Vehbi Yildiz-İlham-kaynakları.pdf,Vehbi Yildiz-İlham-kaynakları.txt,PDF,249,56040,379190,Başarılı,83a2b77df4df03da5aeaf0b9e194eb53a168527b0dc0095bf3de72d7acc862cd
Pratik-İlmihal-Osman-Bilgin-PDFDrive-com-pdf.pdf,Books/b-Library_Hzm-20260601T230631Z-3-001/b-Library_Hzm/ilmihal-Hzm/Pratik-İlmihal-Osman-Bilgin-PDFDrive-com-pdf.pdf,Pratik-İlmihal-Osman-Bilgin-PDFDrive-com-pdf.txt,PDF,304,29002,211554,Başarılı,f4e10dd77488babea0cfa5dedf9a73feb5154ba48a639ce82bf4777b413c1a7b
Elmalili - Hak Dini Kuran Dili-01.pdf,Books/b-Library_Hzm-20260601T230631Z-3-001/b-Library_Hzm/Tefsir-Elmalılı Tefsiri-ZAMAN.pdf/Elmalili - Hak Dini Kuran Dili-01.pdf,Elmalili - Hak Dini Kuran Dili-01.txt,PDF,561,203373,1404614,Başarılı,b2178b141fba03d5fea54659fb7bd74ba7a06f8011b19c1074079d322da02e36
Elmalili - Hak Dini Kuran Dili-06.pdf,Books/b-Library_Hzm-20260601T230631Z-3-001/b-Library_Hzm/Tefsir-Elmalılı Tefsiri-ZAMAN.pdf/Elmalili - Hak Dini Kuran Dili-06.pdf,Elmalili - Hak Dini Kuran Dili-06.txt,PDF,572,159710,1080670,Başarılı,857e12cb9bb0b3a164c858c95e3ab3856e300eda0d07aa9287281614c758bb06
Ali Unal-The-Quran-with-Annotated-interpretation-.pdf,Books/b-Library_Hzm-20260601T230631Z-3-001/b-Library_Hzm/Kur_an-Meal-Hzm/Ali Unal-The-Quran-with-Annotated-interpretation-.pdf,Ali Unal-The-Quran-with-Annotated-interpretation-.txt,PDF,1327,621459,3541344,Başarılı,b30bdd1369811ae2b43d5d76f4fec1942dd849ad5e2e3f95f6714ac95d7493f6
Peygamberimizin-teblig-metodlari.pdf,Books/b-Library_Hzm-20260601T230631Z-3-001/b-Library_Hzm/irşad-Tebliğ-Hzm/Peygamberimizin-teblig-metodlari.pdf,Peygamberimizin-teblig-metodlari.txt,PDF,572,150784,1111963,Başarılı,1da93e95ff3a57137954c32274f4f5fde4c077eb11a86bf1bfd5b7a93d8f25ea
Bir_Müslümanın_Yol_Haritası.pdf,Books/b-Library_Hzm-20260601T230631Z-3-001/b-Library_Hzm/ilmihal-Hzm/Bir_Müslümanın_Yol_Haritası.pdf,Bir_Müslümanın_Yol_Haritası.txt,PDF,773,216863,1582695,Başarılı,d71dc6743e0dd1060736e7dc5922979c184a8d2c4cc91a7a502d026b106ab781
Doğuştan Günümüze Büyük İslam Tarihi Cilt 03.pdf,Books/b-Library_Hzm-20260601T230631Z-3-001/b-Library_Hzm/islam Tarihi-ZAMAN/Doğuştan Günümüze Büyük İslam Tarihi Cilt 03.pdf,Doğuştan Günümüze Büyük İslam Tarihi Cilt 03.txt,PDF,631,197458,1410366,Başarılı,55c746589061bef69e6f0807abdb9dccbcb2293f4e5c41473213e8fe0be5850a
Doğuştan Günümüze Büyük İslam Tarihi Cilt 02.pdf,Books/b-Library_Hzm-20260601T230631Z-3-001/b-Library_Hzm/islam Tarihi-ZAMAN/Doğuştan Günümüze Büyük İslam Tarihi Cilt 02.pdf,Doğuştan Günümüze Büyük İslam Tarihi Cilt 02.txt,PDF,633,211230,1453450,Başarılı,b70b63f13fc3eafe2755d2fd55644c747933145b279c1dc64fc5ab5c48798f81
Doğuştan Günümüze Büyük İslam Tarihi Cilt 07.pdf,Books/b-Library_Hzm-20260601T230631Z-3-001/b-Library_Hzm/islam Tarihi-ZAMAN/Doğuştan Günümüze Büyük İslam Tarihi Cilt 07.pdf,Doğuştan Günümüze Büyük İslam Tarihi Cilt 07.txt,PDF,617,186884,1344414,Başarılı,e0c978b7f56ee123f18c91c0051dcc9a3551cc71a07f6cf095d79541743c381d
Doğuştan Günümüze Büyük İslam Tarihi Cilt 08.pdf,Books/b-Library_Hzm-20260601T230631Z-3-001/b-Library_Hzm/islam Tarihi-ZAMAN/Doğuştan Günümüze Büyük İslam Tarihi Cilt 08.pdf,Doğuştan Günümüze Büyük İslam Tarihi Cilt 08.txt,PDF,639,196167,1417844,Başarılı,03cb92cf401b08f65d473607abf4f6a07d3e53a91ba51df06265677c89464057
Doğuştan Günümüze Büyük İslam Tarihi Cilt 09.pdf,Books/b-Library_Hzm-20260601T230631Z-3-001/b-Library_Hzm/islam Tarihi-ZAMAN/Doğuştan Günümüze Büyük İslam Tarihi Cilt 09.pdf,Doğuştan Günümüze Büyük İslam Tarihi Cilt 09.txt,PDF,647,192296,1364505,Başarılı,2922d6391e5f506a742028ada7cc2ba1587b24ccffa04a09f448656d048b6183
Doğuştan Günümüze Büyük İslam Tarihi Cilt 05.pdf,Books/b-Library_Hzm-20260601T230631Z-3-001/b-Library_Hzm/islam Tarihi-ZAMAN/Doğuştan Günümüze Büyük İslam Tarihi Cilt 05.pdf,Doğuştan Günümüze Büyük İslam Tarihi Cilt 05.txt,PDF,621,196681,1384958,Başarılı,b7d034df84a9ca4f8a8b0c1b4a2028daae4b64d93cbaa5d97f49aa7e0f43fd5e
Doğuştan Günümüze Büyük İslam Tarihi Cilt 01.pdf,Books/b-Library_Hzm-20260601T230631Z-3-001/b-Library_Hzm/islam Tarihi-ZAMAN/Doğuştan Günümüze Büyük İslam Tarihi Cilt 01.pdf,Doğuştan Günümüze Büyük İslam Tarihi Cilt 01.txt,PDF,623,186888,1321361,Başarılı,03026449810780bcd537621eda1413616c2a6eec3c2a16df45e96292b21df8d5
Doğuştan Günümüze Büyük İslam Tarihi Cilt 11.pdf,Books/b-Library_Hzm-20260601T230631Z-3-001/b-Library_Hzm/islam Tarihi-ZAMAN/Doğuştan Günümüze Büyük İslam Tarihi Cilt 11.pdf,Doğuştan Günümüze Büyük İslam Tarihi Cilt 11.txt,PDF,609,182812,1324138,Başarılı,8b253c766391374050f0a16458f67210e2967c2c42213624435be070ee2a41b6
bereketlenen-yemek-mustuy.pdf,Books/b-Library_Hzm-20260601T230631Z-3-001/b-Library_Hzm/Çocuklar için-Hzm/Peygamberimizin Mucizeleri-Çocuk/bereketlenen-yemek-mustuy.pdf,bereketlenen-yemek-mustuy.txt,PDF,97,8168,58221,Başarılı,f05edfebf30a81575b9dbb3de551a3afc40c3c8dfcfa946a7045b73333dd3e2c
aglayan-kutuk-mustuy.pdf,Books/b-Library_Hzm-20260601T230631Z-3-001/b-Library_Hzm/Çocuklar için-Hzm/Peygamberimizin Mucizeleri-Çocuk/aglayan-kutuk-mustuy.pdf,aglayan-kutuk-mustuy.txt,PDF,97,9188,65259,Başarılı,8511ba2d1ea720fba97cf43e07624ed4c84984feaa3f55b35487aa47495a282f
gokten-inen-su-mustuy.pdf,Books/b-Library_Hzm-20260601T230631Z-3-001/b-Library_Hzm/Çocuklar için-Hzm/Peygamberimizin Mucizeleri-Çocuk/gokten-inen-su-mustuy.pdf,gokten-inen-su-mustuy.txt,PDF,97,7823,55062,Başarılı,bf904d1e1041b89cae7acef50cb5231ab6bf00201f7c6af58005461ffb1794f6
Doğuştan Günümüze Büyük İslam Tarihi Cilt 10.pdf,Books/b-Library_Hzm-20260601T230631Z-3-001/b-Library_Hzm/islam Tarihi-ZAMAN/Doğuştan Günümüze Büyük İslam Tarihi Cilt 10.pdf,Doğuştan Günümüze Büyük İslam Tarihi Cilt 10.txt,PDF,605,188578,1287847,Başarılı,0753f1950e945d7279d304f2766f20213cc01be909721a5b80870e631f14a3bb
konusan-kurt-mustuy.pdf,Books/b-Library_Hzm-20260601T230631Z-3-001/b-Library_Hzm/Çocuklar için-Hzm/Peygamberimizin Mucizeleri-Çocuk/konusan-kurt-mustuy.pdf,konusan-kurt-mustuy.txt,PDF,97,10125,74799,Başarılı,c884e05007ee81a6f17090acd74630c792a03dce8fdcb738afb5422ce01e4802
Doğuştan Günümüze Büyük İslam Tarihi Cilt 12.pdf,Books/b-Library_Hzm-20260601T230631Z-3-001/b-Library_Hzm/islam Tarihi-ZAMAN/Doğuştan Günümüze Büyük İslam Tarihi Cilt 12.pdf,Doğuştan Günümüze Büyük İslam Tarihi Cilt 12.txt,PDF,607,167729,1217997,Başarılı,e4ed8146d7da063e72ee34fc95a3b732591b17b02f0d7adc44b6e7c83ccdf48c
Doğuştan Günümüze Büyük İslam Tarihi Cilt 04.pdf,Books/b-Library_Hzm-20260601T230631Z-3-001/b-Library_Hzm/islam Tarihi-ZAMAN/Doğuştan Günümüze Büyük İslam Tarihi Cilt 04.pdf,Doğuştan Günümüze Büyük İslam Tarihi Cilt 04.txt,PDF,624,195972,1384743,Başarılı,5e0f8a9a2e17843e689299572a4ce6e21213dabdd26995623866f06b20e587ee
akrebin-sifresi-risale-hikayeleri-mustuy.pdf,Books/b-Library_Hzm-20260601T230631Z-3-001/b-Library_Hzm/Çocuklar için-Hzm/Risale Hikayeleri/akrebin-sifresi-risale-hikayeleri-mustuy.pdf,akrebin-sifresi-risale-hikayeleri-mustuy.txt,PDF,121,15733,112300,Başarılı,d958db229807003e903f91cdab1b6cefb1e20ce1e536fc3f783d82316c0c2586
gokkusaginin-ardindaki-ulke-risale-hikayeleri-mustuy.pdf,Books/b-Library_Hzm-20260601T230631Z-3-001/b-Library_Hzm/Çocuklar için-Hzm/Risale Hikayeleri/gokkusaginin-ardindaki-ulke-risale-hikayeleri-mustuy.pdf,gokkusaginin-ardindaki-ulke-risale-hikayeleri-mustuy.txt,PDF,97,13709,98947,Başarılı,b02de103e49fdb4baa06dca37bb43c25b7c31431827d1fb7b1eb4a5704deff95
peygamber-efendimizin-mucizeleri-6-ruhi-demirel-isik-sacan-asa-mustuy.pdf,Books/b-Library_Hzm-20260601T230631Z-3-001/b-Library_Hzm/Çocuklar için-Hzm/Peygamberimizin Mucizeleri-Çocuk/peygamber-efendimizin-mucizeleri-6-ruhi-demirel-isik-sacan-asa-mustuy.pdf,peygamber-efendimizin-mucizeleri-6-ruhi-demirel-isik-sacan-asa-mustuy.txt,PDF,89,7891,55186,Başarılı,b8d9226c1533840aa891660a8b402a81638a28eaf81136d01088a5f1603296c4
zikreden-taslar-mustuy.pdf,Books/b-Library_Hzm-20260601T230631Z-3-001/b-Library_Hzm/Çocuklar için-Hzm/Peygamberimizin Mucizeleri-Çocuk/zikreden-taslar-mustuy.pdf,zikreden-taslar-mustuy.txt,PDF,97,8617,61178,Başarılı,d45d7756c48088c370a398a9aebbda8c46c5e7c37e912cd66785e071f1971f45
5-saadet-asrinda-Dogruluk-ve-sadakat-mustuy.pdf,Books/b-Library_Hzm-20260601T230631Z-3-001/b-Library_Hzm/Çocuklar için-Hzm/Saadet Asrı-Çocuk/5-saadet-asrinda-Dogruluk-ve-sadakat-mustuy.pdf,5-saadet-asrinda-Dogruluk-ve-sadakat-mustuy.txt,PDF,129,14739,88520,Başarılı,7b1f34959c01d27814061b5fca2d4fe042f6a0c78d91008e0bee90edc91ef90c
2-Saadet-Asrinda-Resulullah-Sevgisi-Sahabe-Hayatindan-Mustuy.pdf,Books/b-Library_Hzm-20260601T230631Z-3-001/b-Library_Hzm/Çocuklar için-Hzm/Sahabe Hayatından/2-Saadet-Asrinda-Resulullah-Sevgisi-Sahabe-Hayatindan-Mustuy.pdf,2-Saadet-Asrinda-Resulullah-Sevgisi-Sahabe-Hayatindan-Mustuy.txt,PDF,209,22657,134933,Başarılı,e09a724f39fc0a9f8556d0f3199fd7f1d1c57487d996d1ddc439395235af1fbb
01-hazreti-ebu-bekir-mustuy.pdf,Books/b-Library_Hzm-20260601T230631Z-3-001/b-Library_Hzm/Çocuklar için-Hzm/Sahabeler-Çocuk/01-hazreti-ebu-bekir-mustuy.pdf,01-hazreti-ebu-bekir-mustuy.txt,PDF,63,8493,36249,Başarılı,a9c933f17adc93410955c161265df2d42fedf62d55621f660062454e42ebc59a
02-hazreti-omer-mustuy.pdf,Books/b-Library_Hzm-20260601T230631Z-3-001/b-Library_Hzm/Çocuklar için-Hzm/Sahabeler-Çocuk/02-hazreti-omer-mustuy.pdf,02-hazreti-omer-mustuy.txt,PDF,65,9139,39030,Başarılı,92e6c60ae25a706174181e965e085c3520d143b423d833af5925d617b3210861
1-Saadet-Asrinda-Allah-Sevgisi-Sahabe-Hayatindan-Mustuy.pdf,Books/b-Library_Hzm-20260601T230631Z-3-001/b-Library_Hzm/Çocuklar için-Hzm/Sahabe Hayatından/1-Saadet-Asrinda-Allah-Sevgisi-Sahabe-Hayatindan-Mustuy.pdf,1-Saadet-Asrinda-Allah-Sevgisi-Sahabe-Hayatindan-Mustuy.txt,PDF,201,23466,140726,Başarılı,66b83951a66cc3decdc9681384c6bb2f5b13d48bb150a2f4992ee5bb9639e592
4-Saadet-Asrinda-Fedakarlik-Ve-Sabir-Sahabe-Hayatindan-Mustuy.pdf,Books/b-Library_Hzm-20260601T230631Z-3-001/b-Library_Hzm/Çocuklar için-Hzm/Sahabe Hayatından/4-Saadet-Asrinda-Fedakarlik-Ve-Sabir-Sahabe-Hayatindan-Mustuy.pdf,4-Saadet-Asrinda-Fedakarlik-Ve-Sabir-Sahabe-Hayatindan-Mustuy.txt,PDF,145,16083,95096,Başarılı,73915b16d1ce9e228094691b491914cecc8b7e58a23ade7531c5854d09613d20
04-hazreti-ali-mustuy.pdf,Books/b-Library_Hzm-20260601T230631Z-3-001/b-Library_Hzm/Çocuklar için-Hzm/Sahabeler-Çocuk/04-hazreti-ali-mustuy.pdf,04-hazreti-ali-mustuy.txt,PDF,49,6497,28197,Başarılı,18f9648b439adaa008a6a5b2dd9e02fb95787c5f9f51efd762ec4145ec0bbb1d
6-saadet-asrinda-İlim-ve-ibadet-mustuy.pdf,Books/b-Library_Hzm-20260601T230631Z-3-001/b-Library_Hzm/Çocuklar için-Hzm/Saadet Asrı-Çocuk/6-saadet-asrinda-İlim-ve-ibadet-mustuy.pdf,6-saadet-asrinda-İlim-ve-ibadet-mustuy.txt,PDF,169,16427,85461,Başarılı,7ac9f40fd8a788fda24c7fb856f86487778c52f2cf26b6e80de47f4195228418
03-hazreti-osman-mustuy.pdf,Books/b-Library_Hzm-20260601T230631Z-3-001/b-Library_Hzm/Çocuklar için-Hzm/Sahabeler-Çocuk/03-hazreti-osman-mustuy.pdf,03-hazreti-osman-mustuy.txt,PDF,57,7937,33925,Başarılı,8f9035d2463384c6606abb13bec9c8ce0245708c0332519cd2f85e80df8b92e0
06-musab-ibn-i-umeyr-mustuy.pdf,Books/b-Library_Hzm-20260601T230631Z-3-001/b-Library_Hzm/Çocuklar için-Hzm/Sahabeler-Çocuk/06-musab-ibn-i-umeyr-mustuy.pdf,06-musab-ibn-i-umeyr-mustuy.txt,PDF,49,6528,28964,Başarılı,fc84ad4fbfa0adcfc8bbad333ae95413ae9afb658ce6ed7bb3892b8aaa052b8f
07-hazreti-hasan-ve-hazreti-huseyin-mustuy.pdf,Books/b-Library_Hzm-20260601T230631Z-3-001/b-Library_Hzm/Çocuklar için-Hzm/Sahabeler-Çocuk/07-hazreti-hasan-ve-hazreti-huseyin-mustuy.pdf,07-hazreti-hasan-ve-hazreti-huseyin-mustuy.txt,PDF,49,4120,25670,Başarılı,8547e6b9a055a4ed9607dd0f1dd9118d66e845a474bc2d1c26f330ac2492c403
05-hazreti-ebu-zer-mustuy.pdf,Books/b-Library_Hzm-20260601T230631Z-3-001/b-Library_Hzm/Çocuklar için-Hzm/Sahabeler-Çocuk/05-hazreti-ebu-zer-mustuy.pdf,05-hazreti-ebu-zer-mustuy.txt,PDF,48,5738,25719,Başarılı,3664eb60c6d6d774841e7e5a299eb237c6ed16827a12cf17e183e29e80a048bf
09-dahi-komutan-hazreti-halid-bin-velid-mustuy.pdf,Books/b-Library_Hzm-20260601T230631Z-3-001/b-Library_Hzm/Çocuklar için-Hzm/Sahabeler-Çocuk/09-dahi-komutan-hazreti-halid-bin-velid-mustuy.pdf,09-dahi-komutan-hazreti-halid-bin-velid-mustuy.txt,PDF,57,4412,32658,Başarılı,0d0824fda362932d5feb9b73f404164518624170ebceb36b88bdac0d687c2f30
10-Hz-Ebu-Eyyub-el-Ensari-mustuy.pdf,Books/b-Library_Hzm-20260601T230631Z-3-001/b-Library_Hzm/Çocuklar için-Hzm/Sahabeler-Çocuk/10-Hz-Ebu-Eyyub-el-Ensari-mustuy.pdf,10-Hz-Ebu-Eyyub-el-Ensari-mustuy.txt,PDF,47,3091,21986,Başarılı,f65c9e8eba1e29506593c095f0866baf9db1eec50564074a490149e7588f6bb4
4-gercek-musteri-mustuy.pdf,Books/b-Library_Hzm-20260601T230631Z-3-001/b-Library_Hzm/Çocuklar için-Hzm/Sahabelerin Örnek Hayatı-Çocuk/4-gercek-musteri-mustuy.pdf,4-gercek-musteri-mustuy.txt,PDF,57,4058,28681,Başarılı,e4abc33af671241e4bdaf6a606b0a5cdac442d9308169e211292de03c27ee957
08-bedrin-aslani-hazreti-hamza-mustuy.pdf,Books/b-Library_Hzm-20260601T230631Z-3-001/b-Library_Hzm/Çocuklar için-Hzm/Sahabeler-Çocuk/08-bedrin-aslani-hazreti-hamza-mustuy.pdf,08-bedrin-aslani-hazreti-hamza-mustuy.txt,PDF,59,4435,32797,Başarılı,a61a61a6eaf7022a261be424e6dc0c587e021fcbfb447651332ded2e6e722c0d
3-bir-tas-corba-mustuy.pdf,Books/b-Library_Hzm-20260601T230631Z-3-001/b-Library_Hzm/Çocuklar için-Hzm/Sahabelerin Örnek Hayatı-Çocuk/3-bir-tas-corba-mustuy.pdf,3-bir-tas-corba-mustuy.txt,PDF,57,3738,25639,Başarılı,4321f14916c6200004fac7d23eb0f4ffe6c0168d2b9866fa90eed45dc861fbb2
5-kirilan-kalp-mustuy.pdf,Books/b-Library_Hzm-20260601T230631Z-3-001/b-Library_Hzm/Çocuklar için-Hzm/Sahabelerin Örnek Hayatı-Çocuk/5-kirilan-kalp-mustuy.pdf,5-kirilan-kalp-mustuy.txt,PDF,49,3167,21949,Başarılı,af577990a81cf16a22143e9fba6e9b16bafcdd5fd03bccea43201109d946d113
Doğuştan Günümüze Büyük İslam Tarihi Cilt 06.pdf,Books/b-Library_Hzm-20260601T230631Z-3-001/b-Library_Hzm/islam Tarihi-ZAMAN/Doğuştan Günümüze Büyük İslam Tarihi Cilt 06.pdf,Doğuştan Günümüze Büyük İslam Tarihi Cilt 06.txt,PDF,621,195784,1384353,Başarılı,51eefd3ea749296cfe553821297656a1257bf67f6e511527e84feb28d8ac66ca
1-yetim-yavru-mustuy.pdf,Books/b-Library_Hzm-20260601T230631Z-3-001/b-Library_Hzm/Çocuklar için-Hzm/Sahabelerin Örnek Hayatı-Çocuk/1-yetim-yavru-mustuy.pdf,1-yetim-yavru-mustuy.txt,PDF,129,11174,77966,Başarılı,db484b479b9c523fda8ddef02a3cf7a78d2bf879e356689c1a156c9f354989dd
1-Gozleri Kamastiran Isik-Peygamberimizin Hayati.PDF,Books/b-Library_Hzm-20260601T230631Z-3-001/b-Library_Hzm/Çocuklar için-Hzm/Siyer-Çocuk/1-Gozleri Kamastiran Isik-Peygamberimizin Hayati.PDF,1-Gozleri Kamastiran Isik-Peygamberimizin Hayati.txt,PDF,41,3246,21802,Başarılı,775a3886845d57500b3bde679e6265f4c6d61c8ccf1079a3b8dda4cf59571e2f
3-cocuk-sevgisi-mustuy.pdf,Books/b-Library_Hzm-20260601T230631Z-3-001/b-Library_Hzm/Çocuklar için-Hzm/Sahabelerin Örnek Hayatı-Çocuk/3-cocuk-sevgisi-mustuy.pdf,3-cocuk-sevgisi-mustuy.txt,PDF,113,8345,58309,Başarılı,b02f38d226cc149d0593f990d3416eec638d7f1af9bbdfddf7b0b1563555be46
6-yol-arkadasi-mustuy.pdf,Books/b-Library_Hzm-20260601T230631Z-3-001/b-Library_Hzm/Çocuklar için-Hzm/Sahabelerin Örnek Hayatı-Çocuk/6-yol-arkadasi-mustuy.pdf,6-yol-arkadasi-mustuy.txt,PDF,57,4307,30426,Başarılı,eda6774a1f4a368d28cd1d76d1c845b91e99153bb16632c23b47bc7d3c4d1e34
2-Kutlu Dogum-Peygamberimizin Hayati.PDF,Books/b-Library_Hzm-20260601T230631Z-3-001/b-Library_Hzm/Çocuklar için-Hzm/Siyer-Çocuk/2-Kutlu Dogum-Peygamberimizin Hayati.PDF,2-Kutlu Dogum-Peygamberimizin Hayati.txt,PDF,41,3658,24842,Başarılı,17283c5e623e06a1e055c28e2f82639f6e1298f6f143e515064315f0c567f164
7-sevinc-yili-mustuy.pdf,Books/b-Library_Hzm-20260601T230631Z-3-001/b-Library_Hzm/Çocuklar için-Hzm/Sahabelerin Örnek Hayatı-Çocuk/7-sevinc-yili-mustuy.pdf,7-sevinc-yili-mustuy.txt,PDF,65,3937,27368,Başarılı,8f618f9fe43a9cae34c03c485655dc3b571601552293146ff031a9edc3c09c9a
2-emanet-elbise-mustuy.pdf,Books/b-Library_Hzm-20260601T230631Z-3-001/b-Library_Hzm/Çocuklar için-Hzm/Sahabelerin Örnek Hayatı-Çocuk/2-emanet-elbise-mustuy.pdf,2-emanet-elbise-mustuy.txt,PDF,129,11129,77320,Başarılı,15cef434c734eb50116c57897f17dca832c41f51c9574022beed9271f9ebdef8
3-En Güvenilir Insan-Peygamberimizin Hayati.PDF,Books/b-Library_Hzm-20260601T230631Z-3-001/b-Library_Hzm/Çocuklar için-Hzm/Siyer-Çocuk/3-En Güvenilir Insan-Peygamberimizin Hayati.PDF,3-En Güvenilir Insan-Peygamberimizin Hayati.txt,PDF,41,3755,25762,Başarılı,deaa6ae76d4f104895fbe94fcf9ac0ca85de891114ea1a0a8f0da2c429eab95a
ilk-oykulerim-serisi-01-rabia-kandira-yesil-tespih-mustuy.pdf,Books/b-Library_Hzm-20260601T230631Z-3-001/b-Library_Hzm/Çocuklar için-Hzm/İlk öykülerim/ilk-oykulerim-serisi-01-rabia-kandira-yesil-tespih-mustuy.pdf,ilk-oykulerim-serisi-01-rabia-kandira-yesil-tespih-mustuy.txt,PDF,49,3878,26137,Başarılı,5dd90354dbca5816fcb85b8f96863572b683ac4958e26ebcafb62e673c899c55
ilk-oykulerim-serisi-06-safak-demir-hazine-pesinde-mustuy.pdf,Books/b-Library_Hzm-20260601T230631Z-3-001/b-Library_Hzm/Çocuklar için-Hzm/İlk öykülerim/ilk-oykulerim-serisi-06-safak-demir-hazine-pesinde-mustuy.pdf,ilk-oykulerim-serisi-06-safak-demir-hazine-pesinde-mustuy.txt,PDF,57,3398,22739,Başarılı,5d1aefa9624c630972ac23a74eef7dcfcf41fdbcdbe1bce4707da3040d2c8533
ilk-oykulerim-serisi-02-rabia-kandira-minik-kedi-mustuy.pdf,Books/b-Library_Hzm-20260601T230631Z-3-001/b-Library_Hzm/Çocuklar için-Hzm/İlk öykülerim/ilk-oykulerim-serisi-02-rabia-kandira-minik-kedi-mustuy.pdf,ilk-oykulerim-serisi-02-rabia-kandira-minik-kedi-mustuy.txt,PDF,41,2674,17913,Başarılı,111eade805c372695bc38c3507d54d666f26d44ecc1f478601b998cc0ad642dd
Doğuştan Günümüze Büyük İslam Tarihi Cilt 13.pdf,Books/b-Library_Hzm-20260601T230631Z-3-001/b-Library_Hzm/islam Tarihi-ZAMAN/Doğuştan Günümüze Büyük İslam Tarihi Cilt 13.pdf,Doğuştan Günümüze Büyük İslam Tarihi Cilt 13.txt,PDF,640,184224,1338832,Başarılı,482576ca04bdd29962112a697d03df13d2f7586c5dd1ece326dbbc9998b5acff
ilk-oykulerim-serisi-05-osman-kaplan-yarim-elma-mustuy.pdf,Books/b-Library_Hzm-20260601T230631Z-3-001/b-Library_Hzm/Çocuklar için-Hzm/İlk öykülerim/ilk-oykulerim-serisi-05-osman-kaplan-yarim-elma-mustuy.pdf,ilk-oykulerim-serisi-05-osman-kaplan-yarim-elma-mustuy.txt,PDF,57,2536,17545,Başarılı,caec4142831142fc63614d851fc35c50bd176c5f9374beb88e407164542bdc60
5-Medine Yillari-Peygamberimizin Hayati.PDF,Books/b-Library_Hzm-20260601T230631Z-3-001/b-Library_Hzm/Çocuklar için-Hzm/Siyer-Çocuk/5-Medine Yillari-Peygamberimizin Hayati.PDF,5-Medine Yillari-Peygamberimizin Hayati.txt,PDF,40,3370,23923,Başarılı,da52fa5fbd94fcde639dea7df20c72c0de87ac07ebd14d5160ab9fd55cc81745
ilk-oykulerim-serisi-07-safak-demir-evimizin-forveti-mustuy.pdf,Books/b-Library_Hzm-20260601T230631Z-3-001/b-Library_Hzm/Çocuklar için-Hzm/İlk öykülerim/ilk-oykulerim-serisi-07-safak-demir-evimizin-forveti-mustuy.pdf,ilk-oykulerim-serisi-07-safak-demir-evimizin-forveti-mustuy.txt,PDF,57,3167,20991,Başarılı,77d20e24e2a25f68297645aed3bde72f8f50bf85d32bf871b9fc2e63dd1b9d0c
ilk-oykulerim-serisi-09-aysel-ertan-seftali-agaci-mustuy.pdf,Books/b-Library_Hzm-20260601T230631Z-3-001/b-Library_Hzm/Çocuklar için-Hzm/İlk öykülerim/ilk-oykulerim-serisi-09-aysel-ertan-seftali-agaci-mustuy.pdf,ilk-oykulerim-serisi-09-aysel-ertan-seftali-agaci-mustuy.txt,PDF,57,3023,20540,Başarılı,02c47ce9c1a8764c47dd23a40728ea73f20662dcced494f366ccd4ea04df92e6
ilk-oykulerim-serisi-10-h-ibrahim-cayirli-kaybolan-top-mustuy.pdf,Books/b-Library_Hzm-20260601T230631Z-3-001/b-Library_Hzm/Çocuklar için-Hzm/İlk öykülerim/ilk-oykulerim-serisi-10-h-ibrahim-cayirli-kaybolan-top-mustuy.pdf,ilk-oykulerim-serisi-10-h-ibrahim-cayirli-kaybolan-top-mustuy.txt,PDF,49,2611,17775,Başarılı,ae4b149bb364d69792cf28c566168fa992e66f066a89e08bfdfb1e6dd7b0b4e4
ilk-oykulerim-serisi-08-h-ibrahim-cayirli-babamin-sol-ayagi-mustuy.pdf,Books/b-Library_Hzm-20260601T230631Z-3-001/b-Library_Hzm/Çocuklar için-Hzm/İlk öykülerim/ilk-oykulerim-serisi-08-h-ibrahim-cayirli-babamin-sol-ayagi-mustuy.pdf,ilk-oykulerim-serisi-08-h-ibrahim-cayirli-babamin-sol-ayagi-mustuy.txt,PDF,57,3068,20970,Başarılı,67cef83c928fc0ea2ceadf3e6e2b3001e7c65d7626aec8d5a8a9be4ae62399ec
2-Kitaplara-İman-Hekimoğlu-İsmail.pdf,Books/b-Library_Hzm-20260601T230631Z-3-001/b-Library_Hzm/Çocuklar için-Hzm/İman-Hekimoğlu İsmail/2-Kitaplara-İman-Hekimoğlu-İsmail.pdf,2-Kitaplara-İman-Hekimoğlu-İsmail.txt,PDF,104,11817,83696,Başarılı,bb61d82813f8e1e2bf5a983d2689dc9edb14a08f1c17a5550bb6faac855862f7
sirin-cocuklar-04-mustuy.pdf,Books/b-Library_Hzm-20260601T230631Z-3-001/b-Library_Hzm/Çocuklar için-Hzm/Şirin Çocuklar-Dini/sirin-cocuklar-04-mustuy.pdf,sirin-cocuklar-04-mustuy.txt,PDF,28,2074,14239,Başarılı,262b60f984dcbc81e12b320d57c0d1c91e8366101cbdf60f68d57fea3d2f1aff
1-Allah_a-iman-Hekimoğlu-ismail.pdf,Books/b-Library_Hzm-20260601T230631Z-3-001/b-Library_Hzm/Çocuklar için-Hzm/İman-Hekimoğlu İsmail/1-Allah_a-iman-Hekimoğlu-ismail.pdf,1-Allah_a-iman-Hekimoğlu-ismail.txt,PDF,104,13260,91498,Başarılı,bccd9277dbdc312e25ce5e865534fd0ed8299bca1f96bc5c250eb344780dccaf
sirin-cocuklar-03-mustuy.pdf,Books/b-Library_Hzm-20260601T230631Z-3-001/b-Library_Hzm/Çocuklar için-Hzm/Şirin Çocuklar-Dini/sirin-cocuklar-03-mustuy.pdf,sirin-cocuklar-03-mustuy.txt,PDF,28,2046,14153,Başarılı,1bfb1a354e2234e2a0873c8544022d8467a592d8a961b57e1827b92a5df2021f
sirin-cocuklar-06-mustuy.pdf,Books/b-Library_Hzm-20260601T230631Z-3-001/b-Library_Hzm/Çocuklar için-Hzm/Şirin Çocuklar-Dini/sirin-cocuklar-06-mustuy.pdf,sirin-cocuklar-06-mustuy.txt,PDF,28,2773,17705,Başarılı,df19f80aef9b2e71be2bd5c2c67c42bc6a094bdf60ce76c763a28c0f5f8c2882
sirin-cocuklar-05-mustuy.pdf,Books/b-Library_Hzm-20260601T230631Z-3-001/b-Library_Hzm/Çocuklar için-Hzm/Şirin Çocuklar-Dini/sirin-cocuklar-05-mustuy.pdf,sirin-cocuklar-05-mustuy.txt,PDF,28,2282,15338,Başarılı,a59691822faad6ebffc4e51b8f212222dfa092c2353f89e7b7ef5a9f65715e28
4-Haşre-İman-Hekimoğlu-İsmail.pdf,Books/b-Library_Hzm-20260601T230631Z-3-001/b-Library_Hzm/Çocuklar için-Hzm/İman-Hekimoğlu İsmail/4-Haşre-İman-Hekimoğlu-İsmail.pdf,4-Haşre-İman-Hekimoğlu-İsmail.txt,PDF,104,11584,80458,Başarılı,ac4332d8da0902d90cfe6fb31bf32b57cc4b1bf4d07dbc210b4841646b3c0e78
sirin-cocuklar-07-mustuy.pdf,Books/b-Library_Hzm-20260601T230631Z-3-001/b-Library_Hzm/Çocuklar için-Hzm/Şirin Çocuklar-Dini/sirin-cocuklar-07-mustuy.pdf,sirin-cocuklar-07-mustuy.txt,PDF,28,2276,14205,Başarılı,796d84bf6d00ac3e2aa5aa6022894eb98dc9c7790396b04d715ef66302eb2f39
3-Peygamberlere-İman-Hekimoğlu-İsmail.pdf,Books/b-Library_Hzm-20260601T230631Z-3-001/b-Library_Hzm/Çocuklar için-Hzm/İman-Hekimoğlu İsmail/3-Peygamberlere-İman-Hekimoğlu-İsmail.pdf,3-Peygamberlere-İman-Hekimoğlu-İsmail.txt,PDF,104,11394,81811,Başarılı,a4ad4bb1101e6b3f07834e4b84d1a8926ff119c33d63a358d5385a25b202a00c
sirin-cocuklar-02-mustuy.pdf,Books/b-Library_Hzm-20260601T230631Z-3-001/b-Library_Hzm/Çocuklar için-Hzm/Şirin Çocuklar-Dini/sirin-cocuklar-02-mustuy.pdf,sirin-cocuklar-02-mustuy.txt,PDF,113,9082,57689,Başarılı,ed54cf295d2925d11bd2debe759f66dd2c54385c93a573493bc26f4426f3453e
sirin-cocuklar-08-mustuy.pdf,Books/b-Library_Hzm-20260601T230631Z-3-001/b-Library_Hzm/Çocuklar için-Hzm/Şirin Çocuklar-Dini/sirin-cocuklar-08-mustuy.pdf,sirin-cocuklar-08-mustuy.txt,PDF,28,2554,15240,Başarılı,83c8978c9ae91f7308038ebd4ffc81102ec11c48f87e334a7b12dc8347a16361
Neye-Nasıl-İnanırım-Hekimoğlu-İsmail.pdf,Books/b-Library_Hzm-20260601T230631Z-3-001/b-Library_Hzm/Çocuklar için-Hzm/İman-Hekimoğlu İsmail/Neye-Nasıl-İnanırım-Hekimoğlu-İsmail.pdf,Neye-Nasıl-İnanırım-Hekimoğlu-İsmail.txt,PDF,104,11966,84318,Başarılı,acc8d21c7334079fa7b5520eeb1385c936088986e4873cdd7a5695a464f7b5b8
sirin-cocuklar-01-mustuy.pdf,Books/b-Library_Hzm-20260601T230631Z-3-001/b-Library_Hzm/Çocuklar için-Hzm/Şirin Çocuklar-Dini/sirin-cocuklar-01-mustuy.pdf,sirin-cocuklar-01-mustuy.txt,PDF,113,8726,59515,Başarılı,872444dadfc463ff2d05c6ba3e7bb15aaebc75902417e5d792f719051f74c906
Ahmet Ersöz-Mehmet Özyurt.pdf,Books/b-Library_Hzm-20260601T230631Z-3-001/b-Library_Hzm/Üstad BZ Hz Talebeleri-Hzm/Ahmet Ersöz-Mehmet Özyurt.pdf,Ahmet Ersöz-Mehmet Özyurt.txt,PDF,241,54824,378303,Başarılı,b8d9c891071ce09604c806f0c5d40dfd3fdc36714fc847b0b8ea237e4bf28ae8
abdullah-mahmud-tantavi-bediuzzamana-gore-degisim-ve-yeniden-yapilanma-sahdamary.pdf,Books/b-Library_Hzm-20260601T230631Z-3-001/b-Library_Hzm/Üstad BZ Hz-Hzm/abdullah-mahmud-tantavi-bediuzzamana-gore-degisim-ve-yeniden-yapilanma-sahdamary.pdf,abdullah-mahmud-tantavi-bediuzzamana-gore-degisim-ve-yeniden-yapilanma-sahdamary.txt,PDF,105,20869,156036,Başarılı,4a4a7ade24e1a673e7786d45595ee45cf1b81199eb91ad10db058598af56ccea
Necmettin-Sahiner-Bekir-Berk-sahdamari.pdf,Books/b-Library_Hzm-20260601T230631Z-3-001/b-Library_Hzm/Üstad BZ Hz Talebeleri-Hzm/Necmettin-Sahiner-Bekir-Berk-sahdamari.pdf,Necmettin-Sahiner-Bekir-Berk-sahdamari.txt,PDF,265,43836,331687,Başarılı,9583420d48d95cd221df7e9e92001469f397c49689bdf4406e80171ade5447ae
Doğuştan Günümüze Büyük İslam Tarihi Cilt 14 Ek.pdf,Books/b-Library_Hzm-20260601T230631Z-3-001/b-Library_Hzm/islam Tarihi-ZAMAN/Doğuştan Günümüze Büyük İslam Tarihi Cilt 14 Ek.pdf,Doğuştan Günümüze Büyük İslam Tarihi Cilt 14 Ek.txt,PDF,610,137375,1026997,Başarılı,3ac2f67636d19739889fb2af119fbdffecba3836eff08914ba336976dc0916e3
Ahmet Ozer - Atabeyli Tahiri - Mehmet Tahiri Mutlu (Ahmet Ozer) (z-lib.org).PDF,Books/b-Library_Hzm-20260601T230631Z-3-001/b-Library_Hzm/Üstad BZ Hz Talebeleri-Hzm/Ahmet Ozer - Atabeyli Tahiri - Mehmet Tahiri Mutlu (Ahmet Ozer) (z-lib.org).PDF,Ahmet Ozer - Atabeyli Tahiri - Mehmet Tahiri Mutlu (Ahmet Ozer) (z-lib.org).txt,PDF,181,29750,212642,Başarılı,dab37c4c7b1db7f07f9d4202ef3b5b1d96ca6822c6a7109ff57308cdcc9b5b5a
Ahmet Ozer - iki Unlu Kul  Abdurrahman ve Abdulmecid Nursi (Ahmet Ozer) (z-lib.org).PDF,Books/b-Library_Hzm-20260601T230631Z-3-001/b-Library_Hzm/Üstad BZ Hz Talebeleri-Hzm/Ahmet Ozer - iki Unlu Kul  Abdurrahman ve Abdulmecid Nursi (Ahmet Ozer) (z-lib.org).PDF,Ahmet Ozer - iki Unlu Kul Abdurrahman ve Abdulmecid Nursi (Ahmet Ozer) (z-lib.org).txt,PDF,157,33572,242764,Başarılı,21d98222056ef849e092432732b26ccb01eeaec8a2a6721ef39d32ac6caeb070
mehmet-akar-dava-adami-sahdamary.pdf,Books/b-Library_Hzm-20260601T230631Z-3-001/b-Library_Hzm/Üstad BZ Hz-Hzm/mehmet-akar-dava-adami-sahdamary.pdf,mehmet-akar-dava-adami-sahdamary.txt,PDF,185,34584,260915,Başarılı,18a67879f79d20afa257940de2e92bd2f0f66d1cf9e309fa0e854e0d3ccf6606
Yazarlarin-Kalemi-nden-Bedi-uzzaman-Necmeddin-Şahi-ner.pdf,Books/b-Library_Hzm-20260601T230631Z-3-001/b-Library_Hzm/Üstad BZ Hz-Hzm/Yazarlarin-Kalemi-nden-Bedi-uzzaman-Necmeddin-Şahi-ner.pdf,Yazarlarin-Kalemi-nden-Bedi-uzzaman-Necmeddin-Şahi-ner.txt,PDF,233,47141,357927,Başarılı,9bbea5982d679f4379a4e4dea67e7bd65b07c8b9a44242080ab1f7ba32baf4d4
mehmet-akar-ikram-sahdamary.pdf,Books/b-Library_Hzm-20260601T230631Z-3-001/b-Library_Hzm/Üstad BZ Hz-Hzm/mehmet-akar-ikram-sahdamary.pdf,mehmet-akar-ikram-sahdamary.txt,PDF,151,29587,219359,Başarılı,b3a2782d8bd8faa07675be567247e8024dff306bd084d6c168322861f0d59ec9
mehmet-akar-secdede-bir-omur-sahdamary.pdf,Books/b-Library_Hzm-20260601T230631Z-3-001/b-Library_Hzm/Üstad BZ Hz-Hzm/mehmet-akar-secdede-bir-omur-sahdamary.pdf,mehmet-akar-secdede-bir-omur-sahdamary.txt,PDF,161,76162,281510,Başarılı,61ceea447ffd3dbd5e12c2dd10d8fbd072af1518aa3d1486acc69734ce1bdce7
Necmettin-Sahiner-Uc-Feyizli-Nur-SahdamarY.pdf,Books/b-Library_Hzm-20260601T230631Z-3-001/b-Library_Hzm/Üstad BZ Hz Talebeleri-Hzm/Necmettin-Sahiner-Uc-Feyizli-Nur-SahdamarY.pdf,Necmettin-Sahiner-Uc-Feyizli-Nur-SahdamarY.txt,PDF,261,47219,345685,Başarılı,7257c1373ac53b291ef4344997483883ba141c9eb1cd31f46e58b7ef910140e5
necmettin-sahiner-medresetuz-zehra-bediuzzaman-universitesi-sahdamary.pdf,Books/b-Library_Hzm-20260601T230631Z-3-001/b-Library_Hzm/Üstad BZ Hz-Hzm/necmettin-sahiner-medresetuz-zehra-bediuzzaman-universitesi-sahdamary.pdf,necmettin-sahiner-medresetuz-zehra-bediuzzaman-universitesi-sahdamary.txt,PDF,129,24775,171751,Başarılı,43af7ff322b6bebf97aab1277c4b6430dc1b9942d7e017eee040c1019f1b5278
mahmut-acil-ustadla-hasbihal-sahdamary.pdf,Books/b-Library_Hzm-20260601T230631Z-3-001/b-Library_Hzm/Üstad BZ Hz-Hzm/mahmut-acil-ustadla-hasbihal-sahdamary.pdf,mahmut-acil-ustadla-hasbihal-sahdamary.txt,PDF,276,33235,266012,Başarılı,21e4984cd13c3d6fa7edb3a4b07e3d9cf09749f136093094961c48f8e57a3ad4
mehmet-akar-seyda-sahdamary.pdf,Books/b-Library_Hzm-20260601T230631Z-3-001/b-Library_Hzm/Üstad BZ Hz-Hzm/mehmet-akar-seyda-sahdamary.pdf,mehmet-akar-seyda-sahdamary.txt,PDF,249,56444,407352,Başarılı,8bc20265e99b9c86dd6e63958e627aed455953861ec1e389eff6770a68f42282
mustafa-ozturkcu-bediuezzamanin-bilinmeyen-akrabalari-sahdamary.pdf,Books/b-Library_Hzm-20260601T230631Z-3-001/b-Library_Hzm/Üstad BZ Hz-Hzm/mustafa-ozturkcu-bediuezzamanin-bilinmeyen-akrabalari-sahdamary.pdf,mustafa-ozturkcu-bediuezzamanin-bilinmeyen-akrabalari-sahdamary.txt,PDF,129,16861,130715,Başarılı,f6243042b6e1dc008539c8e6b02227ccfb964f96e6f8a3916e236ffdd60e36da
mehmet-akar-seyda-2-barla-hayati-sahdamary.pdf,Books/b-Library_Hzm-20260601T230631Z-3-001/b-Library_Hzm/Üstad BZ Hz-Hzm/mehmet-akar-seyda-2-barla-hayati-sahdamary.pdf,mehmet-akar-seyda-2-barla-hayati-sahdamary.txt,PDF,481,92487,647739,Başarılı,7154e39009cff0fbff3d08bbe91440204279500f40637b6579a0381ed5a785bf
mehmet-akar-hizmet-ekseni-sahdamary.pdf,Books/b-Library_Hzm-20260601T230631Z-3-001/b-Library_Hzm/Üstad BZ Hz-Hzm/mehmet-akar-hizmet-ekseni-sahdamary.pdf,mehmet-akar-hizmet-ekseni-sahdamary.txt,PDF,249,44615,333507,Başarılı,5ec41dbb3450ce351e57bbd8eea8f45e821b984fd188fbb836f5f7d41bbb17f9
necmettin-sahiner-nurlarin-ilk-dershanesi-aziz-barla-sahdamary.pdf,Books/b-Library_Hzm-20260601T230631Z-3-001/b-Library_Hzm/Üstad BZ Hz-Hzm/necmettin-sahiner-nurlarin-ilk-dershanesi-aziz-barla-sahdamary.pdf,necmettin-sahiner-nurlarin-ilk-dershanesi-aziz-barla-sahdamary.txt,PDF,185,29462,220265,Başarılı,8a3548a15591edd945fbae4cb334a3a7a9c34c1b8b6bb0eb76495db48f2c38d6
Doğuştan Günümüze Büyük İslam Tarihi Cilt 14.pdf,Books/b-Library_Hzm-20260601T230631Z-3-001/b-Library_Hzm/islam Tarihi-ZAMAN/Doğuştan Günümüze Büyük İslam Tarihi Cilt 14.pdf,Doğuştan Günümüze Büyük İslam Tarihi Cilt 14.txt,PDF,618,188658,1358501,Başarılı,c63ad44bc04e4768b5ff6262c9e88ebc41e4da8a5617e0109087b5baa323d47e
necmettin-sahiner-yazarlarin-kaleminden-bediuzzaman-sahdamary.pdf,Books/b-Library_Hzm-20260601T230631Z-3-001/b-Library_Hzm/Üstad BZ Hz-Hzm/necmettin-sahiner-yazarlarin-kaleminden-bediuzzaman-sahdamary.pdf,necmettin-sahiner-yazarlarin-kaleminden-bediuzzaman-sahdamary.txt,PDF,233,47141,357927,Başarılı,166a2ecaf70e795c7f2d4a30f4b94116d8e3c5db9e48df5f46575986ff69ade9
Ali Unal-Din Etrafinda-IsikAkademiY.pdf,Books/b-Library_Hzm-20260601T230631Z-3-002/b-Library_Hzm/Ali Ünal/Ali Unal-Din Etrafinda-IsikAkademiY.pdf,Ali Unal-Din Etrafinda-IsikAkademiY.txt,PDF,289,77166,578325,Başarılı,92b58368528bee4767d7bc3d6778104c02afc198e09d5323748f8a6c66e7c2b2
Ali Unal-Islam-Bilim-Insan-Ve-Tarih.pdf,Books/b-Library_Hzm-20260601T230631Z-3-002/b-Library_Hzm/Ali Ünal/Ali Unal-Islam-Bilim-Insan-Ve-Tarih.pdf,Ali Unal-Islam-Bilim-Insan-Ve-Tarih.txt,PDF,285,84017,626291,Başarılı,09d6108017ca97f0f00b6692cbe2cc2a948ab09b2596998f5c2fec3b6c7c3cb8
Ali Unal-Hizmet-Rehberi.pdf,Books/b-Library_Hzm-20260601T230631Z-3-002/b-Library_Hzm/Ali Ünal/Ali Unal-Hizmet-Rehberi.pdf,Ali Unal-Hizmet-Rehberi.txt,PDF,306,96725,704415,Başarılı,acaed144d17564c499d7fb2e3c1fc71dbc280378f928d12c46fa2b9dfd2075c9
Ali Unal-Risale-i-nur_da-kulli-kaideler-1.pdf,Books/b-Library_Hzm-20260601T230631Z-3-002/b-Library_Hzm/Ali Ünal/Ali Unal-Risale-i-nur_da-kulli-kaideler-1.pdf,Ali Unal-Risale-i-nur_da-kulli-kaideler-1.txt,PDF,710,201359,1482052,Başarılı,825223195c7b31ed77c8ec7331bc0fc50091e05da5ffc533c006b23bc920fa5e
Yeni-Umit-Dergisi-001-1988-7.pdf,Books/b-Library_Hzm-20260601T230631Z-3-002/b-Library_Hzm/Dergi-Yeni Ümit/Yeni-Umit-Dergisi-001-1988-7.pdf,Yeni-Umit-Dergisi-001-1988-7.txt,PDF,52,29155,197046,Başarılı,886729ca69332bb412aaa8eb5b0275c9a8576c0999b996946109361d3d381349
Allah Dostları Cilt 03.pdf,Books/b-Library_Hzm-20260601T230631Z-3-002/b-Library_Hzm/Allah Dostları-ZAMAN/Allah Dostları Cilt 03.pdf,Allah Dostları Cilt 03.txt,PDF,464,106395,751120,Başarılı,37111cdd42290f550d41e83da6c0f8122d226f21826dfe4da46da5b79b3b5422
Allah Dostları Cilt 01.pdf,Books/b-Library_Hzm-20260601T230631Z-3-002/b-Library_Hzm/Allah Dostları-ZAMAN/Allah Dostları Cilt 01.pdf,Allah Dostları Cilt 01.txt,PDF,463,108460,770698,Başarılı,5aebbad4b2e409af4b249ee2d6573e3f1d91c4ed1e5d6cbe5c70cb18aff034ed
Yeni-Umit-Dergisi-002-1988-10.pdf,Books/b-Library_Hzm-20260601T230631Z-3-002/b-Library_Hzm/Dergi-Yeni Ümit/Yeni-Umit-Dergisi-002-1988-10.pdf,Yeni-Umit-Dergisi-002-1988-10.txt,PDF,50,20651,134389,Başarılı,f1ad9afb267c765cf175998ffabf8b459e7611e6087faddc01faf90fe5bcc2b6
Allah Dostları Cilt 02.pdf,Books/b-Library_Hzm-20260601T230631Z-3-002/b-Library_Hzm/Allah Dostları-ZAMAN/Allah Dostları Cilt 02.pdf,Allah Dostları Cilt 02.txt,PDF,462,100858,709100,Başarılı,882719fcd95951bd2c02dd36ffd9d8a1f48ccb7f1298bdd069bfc2a69de097dd
Yeni-Umit-Dergisi-100-2013-4.pdf,Books/b-Library_Hzm-20260601T230631Z-3-002/b-Library_Hzm/Dergi-Yeni Ümit/Yeni-Umit-Dergisi-100-2013-4.pdf,Yeni-Umit-Dergisi-100-2013-4.txt,PDF,68,38287,281247,Başarılı,de86ba0bab0876db8277da1ab1f103e736c70bb8dce76bd3e12fe5300655cf01
Allah Dostları Cilt 10.pdf,Books/b-Library_Hzm-20260601T230631Z-3-002/b-Library_Hzm/Allah Dostları-ZAMAN/Allah Dostları Cilt 10.pdf,Allah Dostları Cilt 10.txt,PDF,431,114116,821028,Başarılı,5244ee3ca78000f1d7bfa13b0f77fefe8dda4958ca1dd34a16733c67b8cea19a
Allah Dostları Cilt 08.pdf,Books/b-Library_Hzm-20260601T230631Z-3-002/b-Library_Hzm/Allah Dostları-ZAMAN/Allah Dostları Cilt 08.pdf,Allah Dostları Cilt 08.txt,PDF,464,118590,868472,Başarılı,369f23c399d084d51546891dc7aa7f49a44edbfa81c45aeb68a616a6876a5d9c
Allah Dostları Cilt 05.pdf,Books/b-Library_Hzm-20260601T230631Z-3-002/b-Library_Hzm/Allah Dostları-ZAMAN/Allah Dostları Cilt 05.pdf,Allah Dostları Cilt 05.txt,PDF,465,106500,741957,Başarılı,33a77e20850870a42d72ff8cfc64daacb9ed62215d424598a41b2e2fa3c18f2f
Yeni-Umit-Dergisi-105-2014-7.pdf,Books/b-Library_Hzm-20260601T230631Z-3-002/b-Library_Hzm/Dergi-Yeni Ümit/Yeni-Umit-Dergisi-105-2014-7.pdf,Yeni-Umit-Dergisi-105-2014-7.txt,PDF,68,0,0,Görsel / Taranmış (0 Kelime),cfb53d5b2c3a1dd065e1a49b850089b1d704145a71fd165f0448fb28fc567ab8
Yeni-Umit-Dergisi-101-2013-7.pdf,Books/b-Library_Hzm-20260601T230631Z-3-002/b-Library_Hzm/Dergi-Yeni Ümit/Yeni-Umit-Dergisi-101-2013-7.pdf,Yeni-Umit-Dergisi-101-2013-7.txt,PDF,68,37796,275103,Başarılı,4207c14af557881f1cce04c1f6d7d88fa96220600c67a86e9e4e96b52f6c651b
Allah Dostları Cilt 06.pdf,Books/b-Library_Hzm-20260601T230631Z-3-002/b-Library_Hzm/Allah Dostları-ZAMAN/Allah Dostları Cilt 06.pdf,Allah Dostları Cilt 06.txt,PDF,464,124601,856851,Başarılı,9e3ab32e902952b96a9bd1afd41aa7c2f4b21dfc1888ea242e247ce2cf205159
Allah Dostları Cilt 09.pdf,Books/b-Library_Hzm-20260601T230631Z-3-002/b-Library_Hzm/Allah Dostları-ZAMAN/Allah Dostları Cilt 09.pdf,Allah Dostları Cilt 09.txt,PDF,479,134203,994619,Başarılı,af567be7bdcb29036ea614160c57af2c08e47998143cc3af2a644bcbc9c95463
Yeni-Umit-Dergisi-103-2014-1.pdf,Books/b-Library_Hzm-20260601T230631Z-3-002/b-Library_Hzm/Dergi-Yeni Ümit/Yeni-Umit-Dergisi-103-2014-1.pdf,Yeni-Umit-Dergisi-103-2014-1.txt,PDF,68,36343,267822,Başarılı,680bf7116bab40acc1e337870054f7f2e3df38473c1018a620f2fa3983162696
Allah Dostları Cilt 04.pdf,Books/b-Library_Hzm-20260601T230631Z-3-002/b-Library_Hzm/Allah Dostları-ZAMAN/Allah Dostları Cilt 04.pdf,Allah Dostları Cilt 04.txt,PDF,463,107932,754781,Başarılı,3ae704b2270d38f8280262ae7eff5eb0c270b24ea781a9273e1b83da4c713c5f
Allah Dostları Cilt 07.pdf,Books/b-Library_Hzm-20260601T230631Z-3-002/b-Library_Hzm/Allah Dostları-ZAMAN/Allah Dostları Cilt 07.pdf,Allah Dostları Cilt 07.txt,PDF,479,131942,962472,Başarılı,1062f016f6d853c74a0716cbce8187b406193d9070db0a9f6b99553aa73eaca6
Yeni-Umit-Dergisi-72-2006-4.pdf,Books/b-Library_Hzm-20260601T230631Z-3-002/b-Library_Hzm/Dergi-Yeni Ümit/Yeni-Umit-Dergisi-72-2006-4.pdf,Yeni-Umit-Dergisi-72-2006-4.txt,PDF,68,36674,266664,Başarılı,8b02ff5bed6859d9dbff8f72a27615654981a7b1fa021f1b83bff70992690f94
Yeni-Umit-Dergisi-74-2006-10.pdf,Books/b-Library_Hzm-20260601T230631Z-3-002/b-Library_Hzm/Dergi-Yeni Ümit/Yeni-Umit-Dergisi-74-2006-10.pdf,Yeni-Umit-Dergisi-74-2006-10.txt,PDF,68,40508,294110,Başarılı,c342c81f097dee6111bcadc67d10f2689526dd9c6117328491f8299dad987f83
Yeni-Umit-Dergisi-71-2006-1.pdf,Books/b-Library_Hzm-20260601T230631Z-3-002/b-Library_Hzm/Dergi-Yeni Ümit/Yeni-Umit-Dergisi-71-2006-1.pdf,Yeni-Umit-Dergisi-71-2006-1.txt,PDF,68,38816,283229,Başarılı,7911e541d7ff771200eacbaeb1e697803d83580c1a8425a0197a46b663c5217d
Yeni-Umit-Dergisi-73-2006-7.pdf,Books/b-Library_Hzm-20260601T230631Z-3-002/b-Library_Hzm/Dergi-Yeni Ümit/Yeni-Umit-Dergisi-73-2006-7.pdf,Yeni-Umit-Dergisi-73-2006-7.txt,PDF,68,37052,271072,Başarılı,9ce50d6ca782cd33921375562d50fb750f3d7ed092edc84d304a1dbc7e184339
Yeni-Umit-Dergisi-75-2007-1.pdf,Books/b-Library_Hzm-20260601T230631Z-3-002/b-Library_Hzm/Dergi-Yeni Ümit/Yeni-Umit-Dergisi-75-2007-1.pdf,Yeni-Umit-Dergisi-75-2007-1.txt,PDF,68,44129,328190,Başarılı,a13644f66cfac657963bc26f915696f398a65f8ac519b3f8f543ac09152ec616
Ali Unal-Kurani-Kerim-Meali.pdf,Books/b-Library_Hzm-20260601T230631Z-3-002/b-Library_Hzm/Ali Ünal/Ali Unal-Kurani-Kerim-Meali.pdf,Ali Unal-Kurani-Kerim-Meali.txt,PDF,1490,532255,3766642,Başarılı,3f1fb04242db5b77a1e07eca653fedcca5acdaf13ff0c83c2eb22af8839b779c
Yeni-Umit-Dergisi-77-2007-7.pdf,Books/b-Library_Hzm-20260601T230631Z-3-002/b-Library_Hzm/Dergi-Yeni Ümit/Yeni-Umit-Dergisi-77-2007-7.pdf,Yeni-Umit-Dergisi-77-2007-7.txt,PDF,68,38382,280802,Başarılı,6696fb5cda235dfb46fe543a71b0d9bec6fc688ff39a90b8faf9572631845779
Yeni-Umit-Dergisi-79-2008-1.pdf,Books/b-Library_Hzm-20260601T230631Z-3-002/b-Library_Hzm/Dergi-Yeni Ümit/Yeni-Umit-Dergisi-79-2008-1.pdf,Yeni-Umit-Dergisi-79-2008-1.txt,PDF,68,38347,280416,Başarılı,2e7836798fad438c6fcd325203b6c95156895035c6a251c059af29f570cfecd7
Yeni-Umit-Dergisi-82-2008-10.pdf,Books/b-Library_Hzm-20260601T230631Z-3-002/b-Library_Hzm/Dergi-Yeni Ümit/Yeni-Umit-Dergisi-82-2008-10.pdf,Yeni-Umit-Dergisi-82-2008-10.txt,PDF,68,38140,280957,Başarılı,74ffc6825442bb68240b347c57396799b3b3a1b674e95bb6c73b186301c50250
Yeni-Umit-Dergisi-84-2009-4.pdf,Books/b-Library_Hzm-20260601T230631Z-3-002/b-Library_Hzm/Dergi-Yeni Ümit/Yeni-Umit-Dergisi-84-2009-4.pdf,Yeni-Umit-Dergisi-84-2009-4.txt,PDF,68,39087,286777,Başarılı,a9f5e4bbd53f1fbac26c180b6271b75c2ba3208ae44014541c000b76a51bfb66
Yeni-Umit-Dergisi-80-2008-4.pdf,Books/b-Library_Hzm-20260601T230631Z-3-002/b-Library_Hzm/Dergi-Yeni Ümit/Yeni-Umit-Dergisi-80-2008-4.pdf,Yeni-Umit-Dergisi-80-2008-4.txt,PDF,68,36942,270307,Başarılı,85940ae68997ee71662c96eecf16ef16a25b847f8107c820c0e693f99c340f52
Yeni-Umit-Dergisi-104-2014-3.pdf,Books/b-Library_Hzm-20260601T230631Z-3-002/b-Library_Hzm/Dergi-Yeni Ümit/Yeni-Umit-Dergisi-104-2014-3.pdf,Yeni-Umit-Dergisi-104-2014-3.txt,PDF,136,76352,545691,Başarılı,aff65d33a1133dac0a82cf8266c3126389a9dbbe55b19048d3c0fcea3422b984
Yeni-Umit-Dergisi-88-2010-4.pdf,Books/b-Library_Hzm-20260601T230631Z-3-002/b-Library_Hzm/Dergi-Yeni Ümit/Yeni-Umit-Dergisi-88-2010-4.pdf,Yeni-Umit-Dergisi-88-2010-4.txt,PDF,68,39622,291627,Başarılı,03937bc51f5828e51aec2520af0717687c8f773cc1ead138910ae17772d27f8d
Yeni-Umit-Dergisi-86-2009-10.pdf,Books/b-Library_Hzm-20260601T230631Z-3-002/b-Library_Hzm/Dergi-Yeni Ümit/Yeni-Umit-Dergisi-86-2009-10.pdf,Yeni-Umit-Dergisi-86-2009-10.txt,PDF,68,41020,305265,Başarılı,4f318588e6a51096a4c91d929998361032810d4ccd6b5cb3974db972be36242e
Yeni-Umit-Dergisi-91-2011-1.pdf,Books/b-Library_Hzm-20260601T230631Z-3-002/b-Library_Hzm/Dergi-Yeni Ümit/Yeni-Umit-Dergisi-91-2011-1.pdf,Yeni-Umit-Dergisi-91-2011-1.txt,PDF,68,38294,281212,Başarılı,ec3fbf17894d921fa1a79b50e76fb06f95fb237954f56a897a9c3704287adfa4
Yeni-Umit-Dergisi-94-2011-10.pdf,Books/b-Library_Hzm-20260601T230631Z-3-002/b-Library_Hzm/Dergi-Yeni Ümit/Yeni-Umit-Dergisi-94-2011-10.pdf,Yeni-Umit-Dergisi-94-2011-10.txt,PDF,68,38555,276419,Başarılı,19961df287066bcaa35be074ba62bdf55f8e4ce3b5e1b39300807565d763dbab
Yeni-Umit-Dergisi-83-2009-1.pdf,Books/b-Library_Hzm-20260601T230631Z-3-002/b-Library_Hzm/Dergi-Yeni Ümit/Yeni-Umit-Dergisi-83-2009-1.pdf,Yeni-Umit-Dergisi-83-2009-1.txt,PDF,68,36112,265742,Başarılı,8be4d794e9fa89090247040b396e3c9970073bbeb49bc99b0894a39bd099f6f9
Yeni-Umit-Dergisi-89-2010-7.pdf,Books/b-Library_Hzm-20260601T230631Z-3-002/b-Library_Hzm/Dergi-Yeni Ümit/Yeni-Umit-Dergisi-89-2010-7.pdf,Yeni-Umit-Dergisi-89-2010-7.txt,PDF,68,40842,303891,Başarılı,c9ed1ccb5b8387b01fbddd2eff79abb136be11527c70fabc90601d638702e65a
Yeni-Umit-Dergisi-96-2012-4.pdf,Books/b-Library_Hzm-20260601T230631Z-3-002/b-Library_Hzm/Dergi-Yeni Ümit/Yeni-Umit-Dergisi-96-2012-4.pdf,Yeni-Umit-Dergisi-96-2012-4.txt,PDF,68,36343,262047,Başarılı,eec91e3bd98c4dc2725235fa0dafaa0c72ae1ba2d0990839beb4b87c7e13eda3
Yeni-Umit-Dergisi-87-2010-1.pdf,Books/b-Library_Hzm-20260601T230631Z-3-002/b-Library_Hzm/Dergi-Yeni Ümit/Yeni-Umit-Dergisi-87-2010-1.pdf,Yeni-Umit-Dergisi-87-2010-1.txt,PDF,68,39633,295554,Başarılı,709e2b51cd295bcc371fbe0898da18a10df80466e90b68f7177baaef9d8e2e5a
Efendiler-Efendisine-salat-ve-selam-mehmet-y-seker-isikyayinlari.pdf,Books/b-Library_Hzm-20260601T230631Z-3-002/b-Library_Hzm/Dua-Hzm/Efendiler-Efendisine-salat-ve-selam-mehmet-y-seker-isikyayinlari.pdf,Efendiler-Efendisine-salat-ve-selam-mehmet-y-seker-isikyayinlari.txt,PDF,161,38131,254055,Başarılı,371eee5d55579ccdcb5934f0698437cd3313a5157fc0ed3545936c105507bb2c
Yeni-Umit-Dergisi-93-2011-7.pdf,Books/b-Library_Hzm-20260601T230631Z-3-002/b-Library_Hzm/Dergi-Yeni Ümit/Yeni-Umit-Dergisi-93-2011-7.pdf,Yeni-Umit-Dergisi-93-2011-7.txt,PDF,68,36348,263812,Başarılı,83b4562febd7499528e59a51befc93c147e82ba3ce909f5913998c40ff4944e0
HE_Evradı_Son_Hali 1.pdf,Books/b-Library_Hzm-20260601T230631Z-3-002/b-Library_Hzm/Dua-Hzm/HE_Evradı_Son_Hali 1.pdf,HE_Evradı_Son_Hali 1.txt,PDF,54,0,0,Görsel / Taranmış (0 Kelime),3981c7c9998e5f45e196207b61ad5483f4db5d941d0f9ee2d38e18431a6907a1
Eninu_l Kalb.pdf,Books/b-Library_Hzm-20260601T230631Z-3-002/b-Library_Hzm/Dua-Hzm/Eninu_l Kalb.pdf,Eninu_l Kalb.txt,PDF,37,6497,59870,Başarılı,f7a248efd8e975110f659d5455bf5d3f301ed24bf3a58b4b98b55a7020156dba
Yeni-Umit-Dergisi-95-2012-01.pdf,Books/b-Library_Hzm-20260601T230631Z-3-002/b-Library_Hzm/Dergi-Yeni Ümit/Yeni-Umit-Dergisi-95-2012-01.pdf,Yeni-Umit-Dergisi-95-2012-01.txt,PDF,68,33201,240387,Başarılı,ceb854486b56a51526869520081a419b3bc1e0856f0b91fadd2de90eda3943a7
hadislerde_dua.pdf,Books/b-Library_Hzm-20260601T230631Z-3-002/b-Library_Hzm/Dua-Hzm/hadislerde_dua.pdf,hadislerde_dua.txt,PDF,37,6388,48556,Başarılı,321021975d31b7eb3ac950fc853c14af237a73f30bcc67e5b65fb12aae163ffc
Yeni-Umit-Dergisi-98-2012-10.pdf,Books/b-Library_Hzm-20260601T230631Z-3-002/b-Library_Hzm/Dergi-Yeni Ümit/Yeni-Umit-Dergisi-98-2012-10.pdf,Yeni-Umit-Dergisi-98-2012-10.txt,PDF,68,16330,273612,Başarılı,713d81d962d4862bda33f9f2976942a4e35be39912e2ba473197b9809ab5c52e
Tevhidname-Eninül Kalb.pdf,Books/b-Library_Hzm-20260601T230631Z-3-002/b-Library_Hzm/Dua-Hzm/Tevhidname-Eninül Kalb.pdf,Tevhidname-Eninül Kalb.txt,PDF,9,1563,12654,Başarılı,e431e8b353cb0195f148c23f8be7f3ff5d87a6b55869e5c133a49da46f5f1891
kuranda-dua-iklimi.pdf,Books/b-Library_Hzm-20260601T230631Z-3-002/b-Library_Hzm/Dua-Hzm/kuranda-dua-iklimi.pdf,kuranda-dua-iklimi.txt,PDF,166,30363,221463,Başarılı,f2ed6735f859bb22ff391aecb9d5c54d6f629d06d32f0981ff478069a50c5964
bir-kutsi-dilekce-dua-selman-unlu-rehberyayinlari.pdf,Books/b-Library_Hzm-20260601T230631Z-3-002/b-Library_Hzm/Dua-Hzm/bir-kutsi-dilekce-dua-selman-unlu-rehberyayinlari.pdf,bir-kutsi-dilekce-dua-selman-unlu-rehberyayinlari.txt,PDF,181,34931,250694,Başarılı,7b65e0eaf8ba03cbbffe5becc5e1bf22e11d8e4f3b6971fa76b665101ff1f993
Tevhidname-mealli.pdf,Books/b-Library_Hzm-20260601T230631Z-3-002/b-Library_Hzm/Dua-Oku/Tevhidname-mealli.pdf,Tevhidname-mealli.txt,PDF,73,6221,47483,Başarılı,53b48b79b1c21ae759050287a64bdf90891ee79047f020099ff8fdcbf0451ad0
Bir-Kırık-Dilekce-pdf.pdf,Books/b-Library_Hzm-20260601T230631Z-3-002/b-Library_Hzm/Dua-Oku/Bir-Kırık-Dilekce-pdf.pdf,Bir-Kırık-Dilekce-pdf.txt,PDF,192,34233,273089,Başarılı,d7809d7fd72c7f04aa9859189d16d4ab281141536db086513b8c4c83208a82e5
Ashab-ı Bedir Duası.pdf,Books/b-Library_Hzm-20260601T230631Z-3-002/b-Library_Hzm/Dua-Oku/Ashab-ı Bedir Duası.pdf,Ashab-ı Bedir Duası.txt,PDF,31,4583,38987,Başarılı,daf7ec7346ca581c5d271914f96fa26c38843527d2a8819369f45e78b852a9d0
Namaz-Tesbihatı.pdf,Books/b-Library_Hzm-20260601T230631Z-3-002/b-Library_Hzm/Dua-Oku/Namaz-Tesbihatı.pdf,Namaz-Tesbihatı.txt,PDF,64,5910,51450,Başarılı,17fd72fb79e91fbee6a95171093f29eb951b766f13ec71fe898bffc274850f97
Cevşen ve Meali-Define.pdf,Books/b-Library_Hzm-20260601T230631Z-3-002/b-Library_Hzm/Dua-Oku/Cevşen ve Meali-Define.pdf,Cevşen ve Meali-Define.txt,PDF,96,16851,110163,Başarılı,1ee36d6108b4409298408c8daa8f7e299eaa6e579eb45e9c9aea7dc6372657db
Peygamber Efendimizin Dilinden Faziletli Dualar (Aydüz Davut) (z-lib.org).epub,Books/b-Library_Hzm-20260601T230631Z-3-002/b-Library_Hzm/Dua-Oku/Peygamber Efendimizin Dilinden Faziletli Dualar (Aydüz Davut) (z-lib.org).epub,Peygamber Efendimizin Dilinden Faziletli Dualar (Aydüz Davut) (z-lib.org).txt,EPUB,147,55583,411751,Başarılı,9bb38600c6867333d27e825c08c8282e941fe8f4d1fb87765d56760d8f0b6666
Dua Kartlari-defineyayinlari.pdf,Books/b-Library_Hzm-20260601T230631Z-3-002/b-Library_Hzm/Dua-Oku/Dua Kartlari-defineyayinlari.pdf,Dua Kartlari-defineyayinlari.txt,PDF,81,2294,18065,Başarılı,5fcd8d5080139ef877ae57569e54221fe8dab744c1e370f53e12a17909f7b394
dua-kartlari.pdf,Books/b-Library_Hzm-20260601T230631Z-3-002/b-Library_Hzm/Dua-Oku/dua-kartlari.pdf,dua-kartlari.txt,PDF,11,4328,33425,Başarılı,1522c3e3dd2e625de149c81c4695c5b06348a7393b11933206e8b75000819672
dua-kitapcik-calismasi-yeni.pdf,Books/b-Library_Hzm-20260601T230631Z-3-002/b-Library_Hzm/Dua-Oku/dua-kitapcik-calismasi-yeni.pdf,dua-kitapcik-calismasi-yeni.txt,PDF,44,19268,158593,Başarılı,cd134edff599bb4ed5683f56605aa0621242c2a4af770a16d16d8da2ea27f6af
Tevhidname.pdf,Books/b-Library_Hzm-20260601T230631Z-3-002/b-Library_Hzm/Dua-Oku/Tevhidname.pdf,Tevhidname.txt,PDF,136,3526,26622,Başarılı,97645d22c3106c56178562f07fac311fc2f3de5a45e1099e9b7bfd152c34192f
Yakaran Gönüller - el Kulûbd Dâria Tercümesi.pdf,Books/b-Library_Hzm-20260601T230631Z-3-002/b-Library_Hzm/Dua-Hzm/Yakaran Gönüller - el Kulûbd Dâria Tercümesi.pdf,Yakaran Gönüller - el Kulûbd Dâria Tercümesi.txt,PDF,1096,235554,1693029,Başarılı,b8f82ca9dda82807157b8735236c02be49e2b3c4573b9dc3d5711738a6f2849b
Hanefi-Fıkhı-1-Vehbe-Zuhayli.pdf,Books/b-Library_Hzm-20260601T230631Z-3-002/b-Library_Hzm/Fikİh-Vehbe-Zuhayli-ZAMAN/Hanefi-Fıkhı-1-Vehbe-Zuhayli.pdf,Hanefi-Fıkhı-1-Vehbe-Zuhayli.txt,PDF,599,227930,1645111,Başarılı,484783946b6f472874cd1e6d1d4f27f4a5a80b777d2f2c104fceca32d7648181
Yakaran_Gonuller-el_Kulubud_Daria_Tercumesi.pdf,Books/b-Library_Hzm-20260601T230631Z-3-002/b-Library_Hzm/Dua-Oku/Yakaran_Gonuller-el_Kulubud_Daria_Tercumesi.pdf,Yakaran_Gonuller-el_Kulubud_Daria_Tercumesi.txt,PDF,718,235494,1694029,Başarılı,8b1a5d092d04c298b62e3cd295473ed637a9872b71a1f55fc64eed1e79bd3257
Dua Mecmuasi Mealli_MFG.pdf,Books/b-Library_Hzm-20260601T230631Z-3-002/b-Library_Hzm/Dua-Oku/Dua Mecmuasi Mealli_MFG.pdf,Dua Mecmuasi Mealli_MFG.txt,PDF,376,52182,424021,Başarılı,1db8e7868dcc8505c4586988e26bb1672ef423e3d68ee5a6177875f8a69f2626
Büyük Cevşen-Define.pdf,Books/b-Library_Hzm-20260601T230631Z-3-002/b-Library_Hzm/Dua-Oku/Büyük Cevşen-Define.pdf,Büyük Cevşen-Define.txt,PDF,463,65809,492068,Başarılı,c7cb11115b19748d39b441dd46d0afb57f5084b2b48157b2cf80ba65c3963921
Vehbe Zuhayli - İslâm Fıkhı Ansiklopedisi Cilt-01.pdf,Books/b-Library_Hzm-20260601T230631Z-3-002/b-Library_Hzm/Fikİh-Vehbe-Zuhayli-ZAMAN/Vehbe Zuhayli - İslâm Fıkhı Ansiklopedisi Cilt-01.pdf,Vehbe Zuhayli - İslâm Fıkhı Ansiklopedisi Cilt-01.txt,PDF,561,149995,1472323,Başarılı,b427d2fe157c8639773b15b58c81c3b0ea228a3a332f0664c8f26dbf0af5364c
Vehbe Zuhayli - İslâm Fıkhı Ansiklopedisi Cilt-02.pdf,Books/b-Library_Hzm-20260601T230631Z-3-002/b-Library_Hzm/Fikİh-Vehbe-Zuhayli-ZAMAN/Vehbe Zuhayli - İslâm Fıkhı Ansiklopedisi Cilt-02.pdf,Vehbe Zuhayli - İslâm Fıkhı Ansiklopedisi Cilt-02.txt,PDF,563,182372,1459316,Başarılı,f0458c68e8fe0de5170ef18378746d4ebe00a21331de0a5500ef5b6dc1af7af6
Vehbe Zuhayli - İslâm Fıkhı Ansiklopedisi Cilt-03.pdf,Books/b-Library_Hzm-20260601T230631Z-3-002/b-Library_Hzm/Fikİh-Vehbe-Zuhayli-ZAMAN/Vehbe Zuhayli - İslâm Fıkhı Ansiklopedisi Cilt-03.pdf,Vehbe Zuhayli - İslâm Fıkhı Ansiklopedisi Cilt-03.txt,PDF,513,164138,1357256,Başarılı,c023db74a13c1d75e9821db2c77818fe035f35d2549a294ddd0991cfbe4bb61c
Vehbe Zuhayli - İslâm Fıkhı Ansiklopedisi Cilt-04.pdf,Books/b-Library_Hzm-20260601T230631Z-3-002/b-Library_Hzm/Fikİh-Vehbe-Zuhayli-ZAMAN/Vehbe Zuhayli - İslâm Fıkhı Ansiklopedisi Cilt-04.pdf,Vehbe Zuhayli - İslâm Fıkhı Ansiklopedisi Cilt-04.txt,PDF,504,140586,1301931,Başarılı,6e7c99b813a1e9f37f6129819f78f621c5846c4a2bf103a6c217969dfdb14b0c
Vehbe Zuhayli - İslâm Fıkhı Ansiklopedisi Cilt-05.pdf,Books/b-Library_Hzm-20260601T230631Z-3-002/b-Library_Hzm/Fikİh-Vehbe-Zuhayli-ZAMAN/Vehbe Zuhayli - İslâm Fıkhı Ansiklopedisi Cilt-05.pdf,Vehbe Zuhayli - İslâm Fıkhı Ansiklopedisi Cilt-05.txt,PDF,553,122404,1466854,Başarılı,9d3c8ffa973c0a36d2ec92b06d2cd2b5061292c47c1bb5f9c166d93364311f6c
flashes.pdf,Books/b-Library_Hzm-20260601T230631Z-3-002/b-Library_Hzm/RN-Külliyat-Hzm/RN-Hzm-Eng/flashes.pdf,flashes.txt,PDF,455,191965,1105676,Başarılı,6f82dd92c33c08cd3dc328ec4a27cbc3aa56863b38f0571e5ea3c28094d2a270
Vehbe Zuhayli - İslâm Fıkhı Ansiklopedisi Cilt-06.pdf,Books/b-Library_Hzm-20260601T230631Z-3-002/b-Library_Hzm/Fikİh-Vehbe-Zuhayli-ZAMAN/Vehbe Zuhayli - İslâm Fıkhı Ansiklopedisi Cilt-06.pdf,Vehbe Zuhayli - İslâm Fıkhı Ansiklopedisi Cilt-06.txt,PDF,579,198200,1553163,Başarılı,8efa7535af76eaeecabf0ec75e5cf0e34a532132dae45ca754318b81fddfc5f3
signsofmiraculousness-vahide.pdf,Books/b-Library_Hzm-20260601T230631Z-3-002/b-Library_Hzm/RN-Külliyat-Hzm/RN-Hzm-Eng/signsofmiraculousness-vahide.pdf,signsofmiraculousness-vahide.txt,PDF,277,111535,662835,Başarılı,16be97e375040bfac28ff1a0a8fdb5fcfc16ddde08d22b710f35346c8f4e8af8
gencin-yol-rehberi-2-mustuy.pdf,Books/b-Library_Hzm-20260601T230631Z-3-002/b-Library_Hzm/Gençler için-Hzm/gencin-yol-rehberi-2-mustuy.pdf,gencin-yol-rehberi-2-mustuy.txt,PDF,371,60214,433485,Başarılı,ff587cbe2290a914d07e06a404c3893cb7b6697d1a98d0ec290153d8cef27ad2
letters.pdf,Books/b-Library_Hzm-20260601T230631Z-3-002/b-Library_Hzm/RN-Külliyat-Hzm/RN-Hzm-Eng/letters.pdf,letters.txt,PDF,528,222293,1274480,Başarılı,a351f54c22ebdafbbe38f9d72aa743508901064a968514ec5f257ab4b85b1da5
Hastalar Risalesi.pdf,Books/b-Library_Hzm-20260601T230631Z-3-002/b-Library_Hzm/RN-Külliyat-Hzm/RN-Hzm-cep/Hastalar Risalesi.pdf,Hastalar Risalesi.txt,PDF,158,17740,128327,Başarılı,4daf7c3cca087e100026d0f8b8d62ca26b95397a3d1553c0b62363e168b0c3b6
Vehbe Zuhayli - İslâm Fıkhı Ansiklopedisi Cilt-07.pdf,Books/b-Library_Hzm-20260601T230631Z-3-002/b-Library_Hzm/Fikİh-Vehbe-Zuhayli-ZAMAN/Vehbe Zuhayli - İslâm Fıkhı Ansiklopedisi Cilt-07.pdf,Vehbe Zuhayli - İslâm Fıkhı Ansiklopedisi Cilt-07.txt,PDF,499,159049,1337792,Başarılı,3af64e7d53fe4b9bc7fa2a6a3222f324e381d8d10da19c396e00527aa3516dd7
Kulubud-Daria.pdf,Books/b-Library_Hzm-20260601T230631Z-3-002/b-Library_Hzm/Dua-Oku/Kulubud-Daria.pdf,Kulubud-Daria.txt,PDF,747,167561,1397191,Başarılı,9c56d47fd9dfaa0c24192d9b48dd51338597646b513f977f91b5aefc353e935f
Ayetu_l-Kubra.pdf,Books/b-Library_Hzm-20260601T230631Z-3-002/b-Library_Hzm/RN-Külliyat-Hzm/RN-Hzm-cep/Ayetu_l-Kubra.pdf,Ayetu_l-Kubra.txt,PDF,320,62099,492059,Başarılı,f139bf541f7222ad22fc1542e123dcd42538f1ea486f6218968b442e21e4b3a0
Hanimlar Rehberi.pdf,Books/b-Library_Hzm-20260601T230631Z-3-002/b-Library_Hzm/RN-Külliyat-Hzm/RN-Hzm-cep/Hanimlar Rehberi.pdf,Hanimlar Rehberi.txt,PDF,223,39732,312471,Başarılı,dbc4f69cd6d315d2800c44658cf2a52b3c6e7c75a344396770bc4c81c029bbb9
Vehbe Zuhayli - İslâm Fıkhı Ansiklopedisi Cilt-08.pdf,Books/b-Library_Hzm-20260601T230631Z-3-002/b-Library_Hzm/Fikİh-Vehbe-Zuhayli-ZAMAN/Vehbe Zuhayli - İslâm Fıkhı Ansiklopedisi Cilt-08.pdf,Vehbe Zuhayli - İslâm Fıkhı Ansiklopedisi Cilt-08.txt,PDF,514,146917,1348007,Başarılı,65991aed3b2d6d33ef5c0873ba1ef85fa24a72b7fb97e870d64c95bf5f647375
Hutuvat-i Sitte Risalesi.pdf,Books/b-Library_Hzm-20260601T230631Z-3-002/b-Library_Hzm/RN-Külliyat-Hzm/RN-Hzm-cep/Hutuvat-i Sitte Risalesi.pdf,Hutuvat-i Sitte Risalesi.txt,PDF,48,4429,32755,Başarılı,af1e895164efd339cc0ddefbc73471f48ae6958d15e5c6c1245e0a3569dbc8cd
Genclik Rehberi.pdf,Books/b-Library_Hzm-20260601T230631Z-3-002/b-Library_Hzm/RN-Külliyat-Hzm/RN-Hzm-cep/Genclik Rehberi.pdf,Genclik Rehberi.txt,PDF,376,70687,556673,Başarılı,001b981d1a6e052af651c3906c8f92505d4ac0a67cbc70248b82b4c7a48c996f
Hucumat-i Sitte Risalesi.pdf,Books/b-Library_Hzm-20260601T230631Z-3-002/b-Library_Hzm/RN-Külliyat-Hzm/RN-Hzm-cep/Hucumat-i Sitte Risalesi.pdf,Hucumat-i Sitte Risalesi.txt,PDF,71,11458,90301,Başarılı,7a5cb919df8fc7c9fda6dba1e0e94f1d705955a328d16fb2c8a0fbbf9b231245
Hizmet Rehberi.pdf,Books/b-Library_Hzm-20260601T230631Z-3-002/b-Library_Hzm/RN-Külliyat-Hzm/RN-Hzm-cep/Hizmet Rehberi.pdf,Hizmet Rehberi.txt,PDF,367,64554,525713,Başarılı,ed48932932031254a9ab7331c70063f98be379242d38062aa1b42e985dc87e6a
rays.pdf,Books/b-Library_Hzm-20260601T230631Z-3-002/b-Library_Hzm/RN-Külliyat-Hzm/RN-Hzm-Eng/rays.pdf,rays.txt,PDF,645,273425,1598235,Başarılı,7d371bd4336fc5b9db0dfeb2c3f312ca6f600737f795ae8c52546aa2cb926a3d
Ihtiyarlar Risalesi.pdf,Books/b-Library_Hzm-20260601T230631Z-3-002/b-Library_Hzm/RN-Külliyat-Hzm/RN-Hzm-cep/Ihtiyarlar Risalesi.pdf,Ihtiyarlar Risalesi.txt,PDF,292,34830,251053,Başarılı,a62f5862e1a86fc39a19f0419882ae1c9c7912b27968bcf5c08f5f29cb6c30cc
Ictihad Risalesi.pdf,Books/b-Library_Hzm-20260601T230631Z-3-002/b-Library_Hzm/RN-Külliyat-Hzm/RN-Hzm-cep/Ictihad Risalesi.pdf,Ictihad Risalesi.txt,PDF,160,28217,233043,Başarılı,4edd758ace18d8313ae24162253db78f213aabf5cb9a14596fdb93695a1cad1f
Vehbe Zuhayli - İslâm Fıkhı Ansiklopedisi Cilt-09.pdf,Books/b-Library_Hzm-20260601T230631Z-3-002/b-Library_Hzm/Fikİh-Vehbe-Zuhayli-ZAMAN/Vehbe Zuhayli - İslâm Fıkhı Ansiklopedisi Cilt-09.pdf,Vehbe Zuhayli - İslâm Fıkhı Ansiklopedisi Cilt-09.txt,PDF,539,182538,1377972,Başarılı,128679ebce6d8da5abe0bf76ffa2451b938bdca0276a27b5d52ce97c60a442a3
Kader Risalesi.pdf,Books/b-Library_Hzm-20260601T230631Z-3-002/b-Library_Hzm/RN-Külliyat-Hzm/RN-Hzm-cep/Kader Risalesi.pdf,Kader Risalesi.txt,PDF,93,10703,78025,Başarılı,772ae37f6eadb0b1c94e4364fe9f4501d37a5608ea46413320004b27dfcbb84c
Kucuk Sozler.pdf,Books/b-Library_Hzm-20260601T230631Z-3-002/b-Library_Hzm/RN-Külliyat-Hzm/RN-Hzm-cep/Kucuk Sozler.pdf,Kucuk Sozler.txt,PDF,216,25594,184188,Başarılı,baff37d54b7cb57d59d11813689873c5503c731d0d88f025ba21c71624fb0818
Telvihat Risalesi.pdf,Books/b-Library_Hzm-20260601T230631Z-3-002/b-Library_Hzm/RN-Külliyat-Hzm/RN-Hzm-cep/Telvihat Risalesi.pdf,Telvihat Risalesi.txt,PDF,119,13211,107476,Başarılı,effaa48e6f19291451465232730be84bf7d9c574f9143ee18ac6174aa5e161c9
Munacat.pdf,Books/b-Library_Hzm-20260601T230631Z-3-002/b-Library_Hzm/RN-Külliyat-Hzm/RN-Hzm-cep/Munacat.pdf,Munacat.txt,PDF,115,12737,93997,Başarılı,7dfd8f8f71c28546f0c6ab0750e8948f18b106d838885827fde1555a1cda94d9
Vesvese Risalesi.pdf,Books/b-Library_Hzm-20260601T230631Z-3-002/b-Library_Hzm/RN-Külliyat-Hzm/RN-Hzm-cep/Vesvese Risalesi.pdf,Vesvese Risalesi.txt,PDF,103,18226,150092,Başarılı,3c09c6142c68a702f0b81e772e741d530f5d4107d44c54c16200e8cedff5cba1
Yirmi Ucuncu Soz.pdf,Books/b-Library_Hzm-20260601T230631Z-3-002/b-Library_Hzm/RN-Külliyat-Hzm/RN-Hzm-cep/Yirmi Ucuncu Soz.pdf,Yirmi Ucuncu Soz.txt,PDF,112,20789,162654,Başarılı,236352b1144cbbd0823d7cdb682272b08b06246f661ea6ce69fec201b2eb4609
Tabiat Risalesi.pdf,Books/b-Library_Hzm-20260601T230631Z-3-002/b-Library_Hzm/RN-Külliyat-Hzm/RN-Hzm-cep/Tabiat Risalesi.pdf,Tabiat Risalesi.txt,PDF,104,11915,84502,Başarılı,7438f761d2615cd6c23bf8a34c2142f3a870a6217201422d361f57a4794dd7f4
Uhuvvet Risalesi.pdf,Books/b-Library_Hzm-20260601T230631Z-3-002/b-Library_Hzm/RN-Külliyat-Hzm/RN-Hzm-cep/Uhuvvet Risalesi.pdf,Uhuvvet Risalesi.txt,PDF,120,13063,93430,Başarılı,10afca2d126466c0d2b319e88a1ed8e2446e22d10e89c99b49e040e1acb43707
Nurun Ilk Kapisi.pdf,Books/b-Library_Hzm-20260601T230631Z-3-002/b-Library_Hzm/RN-Külliyat-Hzm/RN-Hzm-cep/Nurun Ilk Kapisi.pdf,Nurun Ilk Kapisi.txt,PDF,320,58928,466539,Başarılı,bdc00f65d6a6ff5d87fa545f065ec4277b978cc31ff30ace77ba41632ceef8f6
Asa-yi Musa.pdf,Books/b-Library_Hzm-20260601T230631Z-3-002/b-Library_Hzm/RN-Külliyat-Hzm/RN-Hzm/Asa-yi Musa.pdf,Asa-yi Musa.txt,PDF,270,85368,656684,Başarılı,cbf7deba731b1c1ad3441dc8ef01c6d48865ddd1318b5408e272cc424bd82e2e
Ramazan Iktisat ve Sukur.pdf,Books/b-Library_Hzm-20260601T230631Z-3-002/b-Library_Hzm/RN-Külliyat-Hzm/RN-Hzm-cep/Ramazan Iktisat ve Sukur.pdf,Ramazan Iktisat ve Sukur.txt,PDF,146,21255,144719,Başarılı,7f2841cf54ce02385e1b327398ca6b661b2365856df359c97ff550913c0aa7a2
Barla Lahikasi.pdf,Books/b-Library_Hzm-20260601T230631Z-3-002/b-Library_Hzm/RN-Külliyat-Hzm/RN-Hzm/Barla Lahikasi.pdf,Barla Lahikasi.txt,PDF,380,114700,927246,Başarılı,e94c3ab8ef887f5f680b21202a26efe31683b9639c0a12b2f1a7dcbfdce79ce9
Vehbe Zuhayli - İslâm Fıkhı Ansiklopedisi Cilt-10.pdf,Books/b-Library_Hzm-20260601T230631Z-3-002/b-Library_Hzm/Fikİh-Vehbe-Zuhayli-ZAMAN/Vehbe Zuhayli - İslâm Fıkhı Ansiklopedisi Cilt-10.pdf,Vehbe Zuhayli - İslâm Fıkhı Ansiklopedisi Cilt-10.txt,PDF,515,170120,1212976,Başarılı,60dc6e3c5d82d664a93531e7fd3e7446eca1fe64d495e3c8dd69087a618751ef
Sakk-i Kamer.pdf,Books/b-Library_Hzm-20260601T230631Z-3-002/b-Library_Hzm/RN-Külliyat-Hzm/RN-Hzm-cep/Sakk-i Kamer.pdf,Sakk-i Kamer.txt,PDF,175,33206,266326,Başarılı,9d61b54f29e8177c4222fa4262a99d09fc1f093bbb35eb8786b4ff882b3ea9cc
Emirdag Lahikasi.pdf,Books/b-Library_Hzm-20260601T230631Z-3-002/b-Library_Hzm/RN-Külliyat-Hzm/RN-Hzm/Emirdag Lahikasi.pdf,Emirdag Lahikasi.txt,PDF,508,160817,1329857,Başarılı,ec7d40f33ee2407f761846cb07e6797769f00eff3466a427d6eb09b7cb371a6d
Iman ve Kufur Muvazeneleri.pdf,Books/b-Library_Hzm-20260601T230631Z-3-002/b-Library_Hzm/RN-Külliyat-Hzm/RN-Hzm/Iman ve Kufur Muvazeneleri.pdf,Iman ve Kufur Muvazeneleri.txt,PDF,215,64205,490517,Başarılı,16ef0e300e84c8f87d8615755e7a3924336c7628feb11f30e6525ba460b61166
Mesnevi-i Nuriye.pdf,Books/b-Library_Hzm-20260601T230631Z-3-002/b-Library_Hzm/RN-Külliyat-Hzm/RN-Hzm/Mesnevi-i Nuriye.pdf,Mesnevi-i Nuriye.txt,PDF,262,81280,664746,Başarılı,3d3dc0c6257913f7ef5bee23696260ab8c2f8f574efb3a97570009a36e4ce39a
Mu_cizat-ı Ahmediye.pdf,Books/b-Library_Hzm-20260601T230631Z-3-002/b-Library_Hzm/RN-Külliyat-Hzm/RN-Hzm-cep/Mu_cizat-ı Ahmediye.pdf,Mu_cizat-ı Ahmediye.txt,PDF,318,110319,899260,Başarılı,2d3874efa7403410d689bba2371941236a85c1d7481168bfd4710d4abd97c14f
Lemalar.pdf,Books/b-Library_Hzm-20260601T230631Z-3-002/b-Library_Hzm/RN-Külliyat-Hzm/RN-Hzm/Lemalar.pdf,Lemalar.txt,PDF,548,169499,1413068,Başarılı,e6f4731dda2762737649570d9c49d25e2109e88d0b3045ae06b4c44143da25b3
Sunnet-i Seniyye.pdf,Books/b-Library_Hzm-20260601T230631Z-3-002/b-Library_Hzm/RN-Külliyat-Hzm/RN-Hzm-cep/Sunnet-i Seniyye.pdf,Sunnet-i Seniyye.txt,PDF,264,68847,541301,Başarılı,958d7999e765ec0a99d106fdc3667148d40dfee79c5d119cc238835daf7f17c8
Kastamonu Lahikasi.pdf,Books/b-Library_Hzm-20260601T230631Z-3-002/b-Library_Hzm/RN-Külliyat-Hzm/RN-Hzm/Kastamonu Lahikasi.pdf,Kastamonu Lahikasi.txt,PDF,237,73303,579603,Başarılı,7a124fda045a904389798017ee68897dbc679976457d9403d0a2ca204d9bd54d
Isaratu_l-I_caz.pdf,Books/b-Library_Hzm-20260601T230631Z-3-002/b-Library_Hzm/RN-Külliyat-Hzm/RN-Hzm/Isaratu_l-I_caz.pdf,Isaratu_l-I_caz.txt,PDF,239,68376,551061,Başarılı,60d1e3a40cc29fcbde2436445ebd1818c912cb932d36a7349ff37df962f539a0
Muhakemat.pdf,Books/b-Library_Hzm-20260601T230631Z-3-002/b-Library_Hzm/RN-Külliyat-Hzm/RN-Hzm/Muhakemat.pdf,Muhakemat.txt,PDF,141,37244,316235,Başarılı,6ed1bbce42a7eb2ee1de97781e8656e1633e65e50f66d94ddf5c796cc8927352
sadelestirilmis-enne-ve-zerre-risalesi.pdf,Books/b-Library_Hzm-20260601T230631Z-3-002/b-Library_Hzm/RN-Külliyat-Hzm/RN-Sade/sadelestirilmis-enne-ve-zerre-risalesi.pdf,sadelestirilmis-enne-ve-zerre-risalesi.txt,PDF,30,9039,66313,Başarılı,f96ffcd41e1d9f69f333babb1fa228e9537d23626d1c74e9fc38068e1aca1e93
the-words.pdf,Books/b-Library_Hzm-20260601T230631Z-3-002/b-Library_Hzm/RN-Külliyat-Hzm/RN-Hzm-Eng/the-words.pdf,the-words.txt,PDF,784,346678,1990240,Başarılı,9901ef613ea165d8e5d5c62f821a0e609c83bee3bd010a205e00eb1a9a2e0bc4
Sozler.pdf,Books/b-Library_Hzm-20260601T230631Z-3-002/b-Library_Hzm/RN-Külliyat-Hzm/RN-Hzm/Sozler.pdf,Sozler.txt,PDF,877,276611,2230163,Başarılı,367fab8a59f76e94f21663293e7b85cae6487b2cb8e41fec3c0953b4f140feb4
sadelestirilmis-ihlas-risalesi.pdf,Books/b-Library_Hzm-20260601T230631Z-3-002/b-Library_Hzm/RN-Külliyat-Hzm/RN-Sade/sadelestirilmis-ihlas-risalesi.pdf,sadelestirilmis-ihlas-risalesi.txt,PDF,33,9845,73144,Başarılı,4b1c533c06079dce79bedd83009c523fd5ea2e5366cc42f9a4f46ce834e74828
sadelestirilmis-hasir-risalesi.pdf,Books/b-Library_Hzm-20260601T230631Z-3-002/b-Library_Hzm/RN-Külliyat-Hzm/RN-Sade/sadelestirilmis-hasir-risalesi.pdf,sadelestirilmis-hasir-risalesi.txt,PDF,68,24243,175566,Başarılı,6ef52547d4523bad819de3bdd2fd7c668168c5a2d37238302d790f2b833e81b0
sadelestirilmis-otuz-uc-pencere.pdf,Books/b-Library_Hzm-20260601T230631Z-3-002/b-Library_Hzm/RN-Külliyat-Hzm/RN-Sade/sadelestirilmis-otuz-uc-pencere.pdf,sadelestirilmis-otuz-uc-pencere.txt,PDF,58,13057,94825,Başarılı,5e51b2b50dcf7588351f076e4f18a0d0e0f3ffb9b080b329167617a459d861a6
Tarihce-i Hayat.pdf,Books/b-Library_Hzm-20260601T230631Z-3-002/b-Library_Hzm/RN-Külliyat-Hzm/RN-Hzm/Tarihce-i Hayat.pdf,Tarihce-i Hayat.txt,PDF,728,211737,1724083,Başarılı,c2e493f39e3b0eae57f87d9736af65b24b193f855ec7575103dbd732d83e0fe6
sadelestirilmis-tabiat-risalesi.pdf,Books/b-Library_Hzm-20260601T230631Z-3-002/b-Library_Hzm/RN-Külliyat-Hzm/RN-Sade/sadelestirilmis-tabiat-risalesi.pdf,sadelestirilmis-tabiat-risalesi.txt,PDF,22,6965,49480,Başarılı,d98759243d98d09f7b8a319ec65db9bfc4e9403235f6f4fe5fb2394918a8ccfb
Sikke-i Tasdik-i Gaybi.pdf,Books/b-Library_Hzm-20260601T230631Z-3-002/b-Library_Hzm/RN-Külliyat-Hzm/RN-Hzm/Sikke-i Tasdik-i Gaybi.pdf,Sikke-i Tasdik-i Gaybi.txt,PDF,261,78223,618636,Başarılı,23b0ff2cc6d140510fbabb24df6d65f9daa056a4b91e871e4a39406f9639c302
Nurlardan-secmeler-4-Lemalar_dan.pdf,Books/b-Library_Hzm-20260601T230631Z-3-002/b-Library_Hzm/RN-Külliyat-Hzm/RN-Seçmeler/Nurlardan-secmeler-4-Lemalar_dan.pdf,Nurlardan-secmeler-4-Lemalar_dan.txt,PDF,174,39301,282629,Başarılı,07c1b15af03ae22cb86b0639ca2aa199824a603eaea10fb6dc330dcc6ea0acb8
Nurlardan-secmeler-3-Lemalar_dan.pdf,Books/b-Library_Hzm-20260601T230631Z-3-002/b-Library_Hzm/RN-Külliyat-Hzm/RN-Seçmeler/Nurlardan-secmeler-3-Lemalar_dan.pdf,Nurlardan-secmeler-3-Lemalar_dan.txt,PDF,215,52015,374007,Başarılı,a23f49f24ca6d7949e06e4fdc75a50ac18c84f5058c57f7b275a1e095f83d34e
asayi-musa-bediuzzaman-said-nursi.pdf,Books/b-Library_Hzm-20260601T230631Z-3-002/b-Library_Hzm/RN-Külliyat-Hzm/RN-Sade/asayi-musa-bediuzzaman-said-nursi.pdf,asayi-musa-bediuzzaman-said-nursi.txt,PDF,269,82054,596415,Başarılı,05d00749c15163be95ba47ef74f669b229929355c039f144e8ee1870ec79d1b0
Nurlardan-secmeler-5-Mektubat_tan.pdf,Books/b-Library_Hzm-20260601T230631Z-3-002/b-Library_Hzm/RN-Külliyat-Hzm/RN-Seçmeler/Nurlardan-secmeler-5-Mektubat_tan.pdf,Nurlardan-secmeler-5-Mektubat_tan.txt,PDF,193,41022,297547,Başarılı,de90a66b6f9901591185cd415a2cc7543e556d2695cd66c92a06ab5cc073e609
Nurlardan-secmeler-6-Mektubat_tan.pdf,Books/b-Library_Hzm-20260601T230631Z-3-002/b-Library_Hzm/RN-Külliyat-Hzm/RN-Seçmeler/Nurlardan-secmeler-6-Mektubat_tan.pdf,Nurlardan-secmeler-6-Mektubat_tan.txt,PDF,209,47513,346043,Başarılı,f4ee6889f2db949aebddab457a68013c03cfafb29f527ec48c4f8abd917a8cec
Mektubat.pdf,Books/b-Library_Hzm-20260601T230631Z-3-002/b-Library_Hzm/RN-Külliyat-Hzm/RN-Hzm/Mektubat.pdf,Mektubat.txt,PDF,594,180835,1458916,Başarılı,81e1da4417f5440ffaa87e7510ba2d7555d37c0ccbf8c18c9848f99d1714dccb
Sualar.pdf,Books/b-Library_Hzm-20260601T230631Z-3-002/b-Library_Hzm/RN-Külliyat-Hzm/RN-Hzm/Sualar.pdf,Sualar.txt,PDF,755,235760,1906852,Başarılı,e8088ff3aebbbf6a3bb62bacc62630a526bc8edd5f33a182d890fa337ca6e47b
RN_Sozler_Sadeleştirilmiş.pdf,Books/b-Library_Hzm-20260601T230631Z-3-002/b-Library_Hzm/RN-Külliyat-Hzm/RN-Sade/RN_Sozler_Sadeleştirilmiş.pdf,RN_Sozler_Sadeleştirilmiş.txt,PDF,953,284198,1970526,Başarılı,5c6c5a84ec78eac385ab4ce71fbc0a966a01b4f464d499d5bc2f62ac78210851
Elmalili - Hak Dini Kuran Dili-03.pdf,Books/b-Library_Hzm-20260601T230631Z-3-002/b-Library_Hzm/Tefsir-Elmalılı Tefsiri-ZAMAN.pdf/Elmalili - Hak Dini Kuran Dili-03.pdf,Elmalili - Hak Dini Kuran Dili-03.txt,PDF,564,192433,1310920,Başarılı,0479f843456e496426538933d1657b054e44df11bf4726287a612cbc1de7ea49
dort-arkadas-serisi-2-yaramaz-tay-mustuy-6-y.pdf,Books/b-Library_Hzm-20260601T230631Z-3-002/b-Library_Hzm/Çocuklar için-Hzm/Dört Arkadaş Serisi/dort-arkadas-serisi-2-yaramaz-tay-mustuy-6-y.pdf,dort-arkadas-serisi-2-yaramaz-tay-mustuy-6-y.txt,PDF,17,444,3014,Başarılı,139e0435a776bbb44199bb9cabc5cf6234eaa831b11b6ac3eadbd0714f335450
dort-arkadas-serisi-1-fidan-yiyen-bozoglak-mustuy-6-y.pdf,Books/b-Library_Hzm-20260601T230631Z-3-002/b-Library_Hzm/Çocuklar için-Hzm/Dört Arkadaş Serisi/dort-arkadas-serisi-1-fidan-yiyen-bozoglak-mustuy-6-y.pdf,dort-arkadas-serisi-1-fidan-yiyen-bozoglak-mustuy-6-y.txt,PDF,17,506,3465,Başarılı,918a38c41cac9052dd14b9d1ba46b1e051117fb69a8ee42e203352c0292b4e60
Elmalili - Hak Dini Kuran Dili-02.pdf,Books/b-Library_Hzm-20260601T230631Z-3-002/b-Library_Hzm/Tefsir-Elmalılı Tefsiri-ZAMAN.pdf/Elmalili - Hak Dini Kuran Dili-02.pdf,Elmalili - Hak Dini Kuran Dili-02.txt,PDF,572,195292,1349987,Başarılı,c25b6492668608df74218b5602e1c8b1619fa02c9b37d98eee5c28dc5b63b51e
dort-arkadas-serisi-3-dikenli-yol-mustuy-6-y.pdf,Books/b-Library_Hzm-20260601T230631Z-3-002/b-Library_Hzm/Çocuklar için-Hzm/Dört Arkadaş Serisi/dort-arkadas-serisi-3-dikenli-yol-mustuy-6-y.pdf,dort-arkadas-serisi-3-dikenli-yol-mustuy-6-y.txt,PDF,17,602,4145,Başarılı,6fb95c951ec24ec1aa231c970d1e889d93a6e3071d8a708d6602485bd6f80e21
dort-arkadas-serisi-5-hasta-ziyareti-mustuy-6-y.pdf,Books/b-Library_Hzm-20260601T230631Z-3-002/b-Library_Hzm/Çocuklar için-Hzm/Dört Arkadaş Serisi/dort-arkadas-serisi-5-hasta-ziyareti-mustuy-6-y.pdf,dort-arkadas-serisi-5-hasta-ziyareti-mustuy-6-y.txt,PDF,17,490,3371,Başarılı,b46eba9a4f68408d091dd6ae6c38cde3dcd340af8f8a257dbe2a90dd49e8d94c
dort-arkadas-serisi-4-yuruyen-tas-mustuy-6-y.pdf,Books/b-Library_Hzm-20260601T230631Z-3-002/b-Library_Hzm/Çocuklar için-Hzm/Dört Arkadaş Serisi/dort-arkadas-serisi-4-yuruyen-tas-mustuy-6-y.pdf,dort-arkadas-serisi-4-yuruyen-tas-mustuy-6-y.txt,PDF,17,473,3181,Başarılı,150395789cecfdbf047ef53fcd8374ca8d13563830895defa44a87bbff982a2a
dort-arkadas-serisi-6-tehlikeli-oyun-mustuy-6-y.pdf,Books/b-Library_Hzm-20260601T230631Z-3-002/b-Library_Hzm/Çocuklar için-Hzm/Dört Arkadaş Serisi/dort-arkadas-serisi-6-tehlikeli-oyun-mustuy-6-y.pdf,dort-arkadas-serisi-6-tehlikeli-oyun-mustuy-6-y.txt,PDF,17,423,2855,Başarılı,3a636fb45f24bc5d4d5042d9ae30f210a32c0f82d02c05cb1786f1122f66f0bf
cocuklarda-kuran-egitimi-kartanesi-2008-isikyayinlari (1).pdf,Books/b-Library_Hzm-20260601T230631Z-3-002/b-Library_Hzm/Çocuklar için-Hzm/ElifBa-çocuklar için/cocuklarda-kuran-egitimi-kartanesi-2008-isikyayinlari (1).pdf,cocuklarda-kuran-egitimi-kartanesi-2008-isikyayinlari (1).txt,PDF,14,2915,22264,Başarılı,20cbdd0370831e19c07b5170e4346c66d5acc71c8f2f0cc6f5a1feb73704ec54
kuran-ogreniyorum-seti-1-kuran-harflerini-ogreniyorum-mustuy.pdf,Books/b-Library_Hzm-20260601T230631Z-3-002/b-Library_Hzm/Çocuklar için-Hzm/ElifBa-çocuklar için/kuran-ogreniyorum-seti-1-kuran-harflerini-ogreniyorum-mustuy.pdf,kuran-ogreniyorum-seti-1-kuran-harflerini-ogreniyorum-mustuy.txt,PDF,65,3561,25152,Başarılı,a77a0448b01447dccc50d90469e3937dc8bcd73a731761ee114624f6c9b84bf9
sadelestirilmis-mektubat.pdf,Books/b-Library_Hzm-20260601T230631Z-3-002/b-Library_Hzm/RN-Külliyat-Hzm/RN-Sade/sadelestirilmis-mektubat.pdf,sadelestirilmis-mektubat.txt,PDF,461,181220,1313832,Başarılı,2fd2bd67bb92fd04d24f1da47e55b2aabe01ddac3c1d0ac5adec3a1e6052c0ee
kuran-ogreniyorum-seti-2-harekeleri-ogreniyorum-mustuy.pdf,Books/b-Library_Hzm-20260601T230631Z-3-002/b-Library_Hzm/Çocuklar için-Hzm/ElifBa-çocuklar için/kuran-ogreniyorum-seti-2-harekeleri-ogreniyorum-mustuy.pdf,kuran-ogreniyorum-seti-2-harekeleri-ogreniyorum-mustuy.txt,PDF,57,2683,16916,Başarılı,b312bb4e351e21264e6a5a7635fa223fe3b5f46f36af1062c84824e4f51f7af8
gul-devri-1-Hz-Muhammed Sav-mustuy.pdf,Books/b-Library_Hzm-20260601T230631Z-3-002/b-Library_Hzm/Çocuklar için-Hzm/Peygamberimiz ve Halifeleri-Çocuk/gul-devri-1-Hz-Muhammed Sav-mustuy.pdf,gul-devri-1-Hz-Muhammed Sav-mustuy.txt,PDF,145,14229,101369,Başarılı,2de5ef989ca0c7552fc3f765b0d14a1d9e2174c621e0a322aea1cc936cb868e3
etkinlikli-ve-testli-elif-ba.pdf,Books/b-Library_Hzm-20260601T230631Z-3-002/b-Library_Hzm/Çocuklar için-Hzm/ElifBa-çocuklar için/etkinlikli-ve-testli-elif-ba.pdf,etkinlikli-ve-testli-elif-ba.txt,PDF,63,5411,46047,Başarılı,bd9685c647ba6a1ef42deb075fbf4ac642a6b37d66d25497ef0a34957c6385e5
gul-devri-3-Hz-Ömer-mustuy.pdf,Books/b-Library_Hzm-20260601T230631Z-3-002/b-Library_Hzm/Çocuklar için-Hzm/Peygamberimiz ve Halifeleri-Çocuk/gul-devri-3-Hz-Ömer-mustuy.pdf,gul-devri-3-Hz-Ömer-mustuy.txt,PDF,97,9096,62967,Başarılı,935d44fb023956d75f46cda4a3e3ee795e935dfce0680336b2eb77698be38d8f
gul-devri-4-Hz-Osman-mustuy.pdf,Books/b-Library_Hzm-20260601T230631Z-3-002/b-Library_Hzm/Çocuklar için-Hzm/Peygamberimiz ve Halifeleri-Çocuk/gul-devri-4-Hz-Osman-mustuy.pdf,gul-devri-4-Hz-Osman-mustuy.txt,PDF,97,7978,55058,Başarılı,75281c8052a729c0a5641b60019d9484be5818c2011f12e0d298fad79bdc4b37
gul-devri-5-Hz-Ali-mustuy.pdf,Books/b-Library_Hzm-20260601T230631Z-3-002/b-Library_Hzm/Çocuklar için-Hzm/Peygamberimiz ve Halifeleri-Çocuk/gul-devri-5-Hz-Ali-mustuy.pdf,gul-devri-5-Hz-Ali-mustuy.txt,PDF,89,7938,54641,Başarılı,9ef204073f81a1b28ef86149620b591e9df99579ad4ce0c52e49670e13f160f2
gul-devri-2-Hz.-Ebubekir-mustuy.pdf,Books/b-Library_Hzm-20260601T230631Z-3-002/b-Library_Hzm/Çocuklar için-Hzm/Peygamberimiz ve Halifeleri-Çocuk/gul-devri-2-Hz.-Ebubekir-mustuy.pdf,gul-devri-2-Hz.-Ebubekir-mustuy.txt,PDF,97,8993,62567,Başarılı,7b35375acd24f59d5d9782ef0f7a102d473a3d0f4a8e4c3026190f84796bc999
gul-devri-6-Hz-Hatice-mustuy.pdf,Books/b-Library_Hzm-20260601T230631Z-3-002/b-Library_Hzm/Çocuklar için-Hzm/Peygamberimiz ve Halifeleri-Çocuk/gul-devri-6-Hz-Hatice-mustuy.pdf,gul-devri-6-Hz-Hatice-mustuy.txt,PDF,97,8869,62159,Başarılı,44074ee44e9754ea524cb71a62e64d871ac21085c6ef194c4f4de3a995cbb3ef
01-Yavru Deve - Peygamberimizden Hatiralar.PDF,Books/b-Library_Hzm-20260601T230631Z-3-002/b-Library_Hzm/Çocuklar için-Hzm/Peygamberimizden Hatıralar/01-Yavru Deve - Peygamberimizden Hatiralar.PDF,01-Yavru Deve - Peygamberimizden Hatiralar.txt,PDF,49,2899,19773,Başarılı,55afd69309fedec1988aa83fc3f7c4389106ec16501f4854928399d34caa8895
3-Zor Yillar-Peygamberimizin Hayati.pdf,Books/b-Library_Hzm-20260601T230631Z-3-002/b-Library_Hzm/Çocuklar için-Hzm/Peygamberimizin Hayatı-Çocuk/3-Zor Yillar-Peygamberimizin Hayati.pdf,3-Zor Yillar-Peygamberimizin Hayati.txt,PDF,64,6700,47890,Başarılı,fd6df44e7c3c58e97dbf11c3f297c175d7544534da871d35a528ad019cb1f145
1-Kutlu Dogum-Peygamberimizin Hayati.PDF,Books/b-Library_Hzm-20260601T230631Z-3-002/b-Library_Hzm/Çocuklar için-Hzm/Peygamberimizin Hayatı-Çocuk/1-Kutlu Dogum-Peygamberimizin Hayati.PDF,1-Kutlu Dogum-Peygamberimizin Hayati.txt,PDF,64,5908,43445,Başarılı,962e9ccd9b47ab976ade163796066b30e3fb5b0223ae7ad013bb01bb6ad8ce46
sadelestirilmis-lemalar.pdf,Books/b-Library_Hzm-20260601T230631Z-3-002/b-Library_Hzm/RN-Külliyat-Hzm/RN-Sade/sadelestirilmis-lemalar.pdf,sadelestirilmis-lemalar.txt,PDF,434,158891,1171669,Başarılı,400599d1a41cf1e962df8b3fe7212e0657a6f1cd7421fdcf45488acc6498fd34
4-Mirac ve Hicret-Peygamberimizin Hayati-.PDF,Books/b-Library_Hzm-20260601T230631Z-3-002/b-Library_Hzm/Çocuklar için-Hzm/Peygamberimizin Hayatı-Çocuk/4-Mirac ve Hicret-Peygamberimizin Hayati-.PDF,4-Mirac ve Hicret-Peygamberimizin Hayati-.txt,PDF,64,5722,42329,Başarılı,fa231019abe2c7ff04c1a956a3e8bb39d5762007687c9635a2100d2e19720e2c
5-Peygamberimizin Son Yillari-Peygamberimizin Hayati.PDF,Books/b-Library_Hzm-20260601T230631Z-3-002/b-Library_Hzm/Çocuklar için-Hzm/Peygamberimizin Hayatı-Çocuk/5-Peygamberimizin Son Yillari-Peygamberimizin Hayati.PDF,5-Peygamberimizin Son Yillari-Peygamberimizin Hayati.txt,PDF,64,5532,41077,Başarılı,958501e5f98b4da7afd8326b3d132feb99a42cef6acd92db40377fd18bf49f0a
yol-ayrimi-risale-hikayeleri-mustuy.pdf,Books/b-Library_Hzm-20260601T230631Z-3-002/b-Library_Hzm/Çocuklar için-Hzm/Risale Hikayeleri/yol-ayrimi-risale-hikayeleri-mustuy.pdf,yol-ayrimi-risale-hikayeleri-mustuy.txt,PDF,89,11322,79920,Başarılı,035132da05dcf8867ab416b0668e2f3890d856d3bff383ae581d3f8e376870fc
Fotografİk-Hafiza-Teknİklerİ-EĞİtİmİ.pdf,Books/b-Lİbrary_Tr-Gen-20260601T232943Z-3-001/b-Lİbrary_Tr-Gen/Beyin ve Hafıza/Hafiza/Fotografİk-Hafiza-Teknİklerİ-EĞİtİmİ.pdf,Fotografİk-Hafiza-Teknİklerİ-EĞİtİmİ.txt,PDF,2,286,2369,Başarılı,d7a4965257e1816736045e4cea7de1b417e3bdfcadba9eb6cd726ec43c126c66
3-saadet-asrinda-Peygamberimizin-elcileri-mustuy.pdf,Books/b-Library_Hzm-20260601T230631Z-3-002/b-Library_Hzm/Çocuklar için-Hzm/Saadet Asrı-Çocuk/3-saadet-asrinda-Peygamberimizin-elcileri-mustuy.pdf,3-saadet-asrinda-Peygamberimizin-elcileri-mustuy.txt,PDF,73,9664,68259,Başarılı,0f4c88bc39a7e757706e080872961c72d0f71d864c6269714c7cb2f85beb5bd3
hayat-meydani-risale-hikayeleri-mustuy.pdf,Books/b-Library_Hzm-20260601T230631Z-3-002/b-Library_Hzm/Çocuklar için-Hzm/Risale Hikayeleri/hayat-meydani-risale-hikayeleri-mustuy.pdf,hayat-meydani-risale-hikayeleri-mustuy.txt,PDF,78,11927,85290,Başarılı,5239f3bafc0d267a093b2d8f5526c98bd67b5aa54f984503e77c6e46008e1567
2-Islamiyetin Dogusu-Peygamberimizin Hayati.PDF,Books/b-Library_Hzm-20260601T230631Z-3-002/b-Library_Hzm/Çocuklar için-Hzm/Peygamberimizin Hayatı-Çocuk/2-Islamiyetin Dogusu-Peygamberimizin Hayati.PDF,2-Islamiyetin Dogusu-Peygamberimizin Hayati.txt,PDF,64,6550,47787,Başarılı,25d5f5567ea7d80a69cddde2d803b46a6c96f27ab7167d1b769458c08c56fc43
Zihni Gelistirmenin 101 Yolu (Rachel Walker) (z-lib.org).epub,Books/b-Lİbrary_Tr-Gen-20260601T232943Z-3-001/b-Lİbrary_Tr-Gen/Beyin ve Hafıza/Zihni Gelistirmenin 101 Yolu (Rachel Walker) (z-lib.org).epub,Zihni Gelistirmenin 101 Yolu (Rachel Walker) (z-lib.org).txt,EPUB,128,11094,81071,Başarılı,1c7dd969426bfa672ef4210a2a8533796452455327f43ad8dff05ee4608bb46e
Bilim_Teknik-1993.11.pdf,Books/b-Lİbrary_Tr-Gen-20260601T232943Z-3-001/b-Lİbrary_Tr-Gen/Bilim Teknik Dergisi/Bilim_Teknik-1993.11.pdf,Bilim_Teknik-1993.11.txt,PDF,80,0,0,Görsel / Taranmış (0 Kelime),feb097ce69f047745c705570d1f0332a10b3ff22e1c369da61263dc2056ba2e8
Bilim_Teknik_1967.pdf,Books/b-Lİbrary_Tr-Gen-20260601T232943Z-3-001/b-Lİbrary_Tr-Gen/Bilim Teknik Dergisi/Bilim_Teknik_1967.pdf,Bilim_Teknik_1967.txt,PDF,71,0,0,Görsel / Taranmış (0 Kelime),cf1a9551ac01eb9c22046f87678ab2a52f48aa00f1668e9bc4ea4a10f18fa3da
Bilim_Teknik_1968.pdf,Books/b-Lİbrary_Tr-Gen-20260601T232943Z-3-001/b-Lİbrary_Tr-Gen/Bilim Teknik Dergisi/Bilim_Teknik_1968.pdf,Bilim_Teknik_1968.txt,PDF,403,0,0,Görsel / Taranmış (0 Kelime),b886928608776a849dd2d1173b8ac06b9df97ec8a07f9b08ded8cb8d070177da
Rehberim-Sevgili-peygamberim-sav-mustuy.pdf,Books/b-Library_Hzm-20260601T230631Z-3-002/b-Library_Hzm/Çocuklar için-Hzm/Peygamberimizin Hayatı-Çocuk/Rehberim-Sevgili-peygamberim-sav-mustuy.pdf,Rehberim-Sevgili-peygamberim-sav-mustuy.txt,PDF,265,29591,218534,Başarılı,54a1364505df11352bddf1fb0c178a249658cd4269f22d726b637a196fbaaf8f
Bilim_Teknik_1969.pdf,Books/b-Lİbrary_Tr-Gen-20260601T232943Z-3-001/b-Lİbrary_Tr-Gen/Bilim Teknik Dergisi/Bilim_Teknik_1969.pdf,Bilim_Teknik_1969.txt,PDF,464,0,0,Görsel / Taranmış (0 Kelime),cccce7c456ff375f22b57ca7490cbdc69c439dcc80cb4d4abe6bde700a9724ed
RN Lemalar_Sadeleştirilmiş.pdf,Books/b-Library_Hzm-20260601T230631Z-3-002/b-Library_Hzm/RN-Külliyat-Hzm/RN-Sade/RN Lemalar_Sadeleştirilmiş.pdf,RN Lemalar_Sadeleştirilmiş.txt,PDF,589,167966,1181810,Başarılı,244e336c59b1d284cbbb74391c4af7207efad13a8f27296d81a829b982862e3d
Bilim_Teknik_1970.pdf,Books/b-Lİbrary_Tr-Gen-20260601T232943Z-3-001/b-Lİbrary_Tr-Gen/Bilim Teknik Dergisi/Bilim_Teknik_1970.pdf,Bilim_Teknik_1970.txt,PDF,551,0,0,Görsel / Taranmış (0 Kelime),e3e83a46cacc1e75d2b886ee92607da6a7a5592c4c1eaa46ec56a5aadcfc473a
Bilim_Teknik_1974.pdf,Books/b-Lİbrary_Tr-Gen-20260601T232943Z-3-001/b-Lİbrary_Tr-Gen/Bilim Teknik Dergisi/Bilim_Teknik_1974.pdf,Bilim_Teknik_1974.txt,PDF,619,0,0,Görsel / Taranmış (0 Kelime),291fc38a22877a9fea4cd22334ba208432bc2ed90af3a918ebb12bea803f6b2c
sadelestirilmis-sozler.pdf,Books/b-Library_Hzm-20260601T230631Z-3-002/b-Library_Hzm/RN-Külliyat-Hzm/RN-Sade/sadelestirilmis-sozler.pdf,sadelestirilmis-sozler.txt,PDF,721,271701,1970133,Başarılı,172a6ce08c34b08096528aea543311c530bd8a4eaaa8dcb807c21c795711e998
Bilim_Teknik_1975.pdf,Books/b-Lİbrary_Tr-Gen-20260601T232943Z-3-001/b-Lİbrary_Tr-Gen/Bilim Teknik Dergisi/Bilim_Teknik_1975.pdf,Bilim_Teknik_1975.txt,PDF,625,0,0,Görsel / Taranmış (0 Kelime),6b61d03f2bdf506d82332c4584fc6d015cccf759b34f74c54df863ce8b874d8f
Bilim_Teknik_1977.pdf,Books/b-Lİbrary_Tr-Gen-20260601T232943Z-3-001/b-Lİbrary_Tr-Gen/Bilim Teknik Dergisi/Bilim_Teknik_1977.pdf,Bilim_Teknik_1977.txt,PDF,598,0,0,Görsel / Taranmış (0 Kelime),79d8d1807a965be91e9355fa356ecb516fece44021c0e2a75ea9670a549a5a76
Bilim_Teknik_1979.pdf,Books/b-Lİbrary_Tr-Gen-20260601T232943Z-3-001/b-Lİbrary_Tr-Gen/Bilim Teknik Dergisi/Bilim_Teknik_1979.pdf,Bilim_Teknik_1979.txt,PDF,559,0,0,Görsel / Taranmış (0 Kelime),074236087806a1c8d4596a870e38bd971c485597fcb5d9ee4319ab0946cd895b
Bilim_Teknik_1982.pdf,Books/b-Lİbrary_Tr-Gen-20260601T232943Z-3-001/b-Lİbrary_Tr-Gen/Bilim Teknik Dergisi/Bilim_Teknik_1982.pdf,Bilim_Teknik_1982.txt,PDF,592,0,0,Görsel / Taranmış (0 Kelime),1c015d86fdd0c3a98d2ec830def22e9d3bd37e9afaf2799aacf965f7715a3e80
Bilim_Teknik_1983.pdf,Books/b-Lİbrary_Tr-Gen-20260601T232943Z-3-001/b-Lİbrary_Tr-Gen/Bilim Teknik Dergisi/Bilim_Teknik_1983.pdf,Bilim_Teknik_1983.txt,PDF,618,0,0,Görsel / Taranmış (0 Kelime),9579b227e0e38ff91a0178a391491c6696de29a273ddab65045b39fd735373b0
Bilim_Teknik_1984.pdf,Books/b-Lİbrary_Tr-Gen-20260601T232943Z-3-001/b-Lİbrary_Tr-Gen/Bilim Teknik Dergisi/Bilim_Teknik_1984.pdf,Bilim_Teknik_1984.txt,PDF,540,0,0,Görsel / Taranmış (0 Kelime),8661881503fd4d5f9f7da490eb89ee75e9c526a06f843710da578b2b889b9d93
Bilim_Teknik_1985.pdf,Books/b-Lİbrary_Tr-Gen-20260601T232943Z-3-001/b-Lİbrary_Tr-Gen/Bilim Teknik Dergisi/Bilim_Teknik_1985.pdf,Bilim_Teknik_1985.txt,PDF,575,0,0,Görsel / Taranmış (0 Kelime),22d963dd6db98c6ec025d0a8190bc1f5d73bee46e2a78c3bf059e0efd5d2cfce
Elmalili - Hak Dini Kuran Dili-04.pdf,Books/b-Library_Hzm-20260601T230631Z-3-002/b-Library_Hzm/Tefsir-Elmalılı Tefsiri-ZAMAN.pdf/Elmalili - Hak Dini Kuran Dili-04.pdf,Elmalili - Hak Dini Kuran Dili-04.txt,PDF,573,183764,1260800,Başarılı,7074588c9df18bdb3fbe7fed6ac16afb3709b16248909d9dac00ba7a0f729736
Bilim_Teknik_1986.pdf,Books/b-Lİbrary_Tr-Gen-20260601T232943Z-3-001/b-Lİbrary_Tr-Gen/Bilim Teknik Dergisi/Bilim_Teknik_1986.pdf,Bilim_Teknik_1986.txt,PDF,578,0,0,Görsel / Taranmış (0 Kelime),48c8bc0b4477553b19169c8e15b757e13e599b79669f3ed2ab2ef1672e79ee52
Bilim_Teknik_1971.pdf,Books/b-Lİbrary_Tr-Gen-20260601T232943Z-3-001/b-Lİbrary_Tr-Gen/Bilim Teknik Dergisi/Bilim_Teknik_1971.pdf,Bilim_Teknik_1971.txt,PDF,587,0,0,Görsel / Taranmış (0 Kelime),f121518e1d13aacd32b95bbfe34a4cbf6aa54d40abbd85e709e22f90f71791d9
Bilim_Teknik_1987.pdf,Books/b-Lİbrary_Tr-Gen-20260601T232943Z-3-001/b-Lİbrary_Tr-Gen/Bilim Teknik Dergisi/Bilim_Teknik_1987.pdf,Bilim_Teknik_1987.txt,PDF,550,0,0,Görsel / Taranmış (0 Kelime),ee5d9f99029d6c7dd38aacce44dd06b5f6d8a0c799a476e018b342dfd82e1dce
Bilim_Teknik_1976.pdf,Books/b-Lİbrary_Tr-Gen-20260601T232943Z-3-001/b-Lİbrary_Tr-Gen/Bilim Teknik Dergisi/Bilim_Teknik_1976.pdf,Bilim_Teknik_1976.txt,PDF,592,0,0,Görsel / Taranmış (0 Kelime),1ead5d4d93cb94a795c2443e218df4011ad5ef92e72838e1601cbe38b9d2cdd9
Bilim_Teknik_1972.pdf,Books/b-Lİbrary_Tr-Gen-20260601T232943Z-3-001/b-Lİbrary_Tr-Gen/Bilim Teknik Dergisi/Bilim_Teknik_1972.pdf,Bilim_Teknik_1972.txt,PDF,616,0,0,Görsel / Taranmış (0 Kelime),5e39da0aadbd670afd11b847769541575450fb129f8c0e95e468c70307266faf
Bilim_Teknik_1991.pdf,Books/b-Lİbrary_Tr-Gen-20260601T232943Z-3-001/b-Lİbrary_Tr-Gen/Bilim Teknik Dergisi/Bilim_Teknik_1991.pdf,Bilim_Teknik_1991.txt,PDF,685,0,0,Görsel / Taranmış (0 Kelime),b53eedc235fc9ffad34444c404c50565355bbca314f26e47abb157e3205b3f74
Bilim_Teknik_1988.pdf,Books/b-Lİbrary_Tr-Gen-20260601T232943Z-3-001/b-Lİbrary_Tr-Gen/Bilim Teknik Dergisi/Bilim_Teknik_1988.pdf,Bilim_Teknik_1988.txt,PDF,744,0,0,Görsel / Taranmış (0 Kelime),972e4c6bac76a4cd5e228f41d7dd1f43dca308f6ab1d90959aa1d4ffcff66599
Bilim_Teknik_1995.pdf,Books/b-Lİbrary_Tr-Gen-20260601T232943Z-3-001/b-Lİbrary_Tr-Gen/Bilim Teknik Dergisi/Bilim_Teknik_1995.pdf,Bilim_Teknik_1995.txt,PDF,349,0,0,Görsel / Taranmış (0 Kelime),1872c303f32005e28ce40ed9bb1137ee1883304ac20add072c05a5c736b8bc86
Bilim_Teknik_1981.pdf,Books/b-Lİbrary_Tr-Gen-20260601T232943Z-3-001/b-Lİbrary_Tr-Gen/Bilim Teknik Dergisi/Bilim_Teknik_1981.pdf,Bilim_Teknik_1981.txt,PDF,576,0,0,Görsel / Taranmış (0 Kelime),cce2ba50a9bf80b820dc4a3c4e6526cba6358f578facf325d04d9bb7293b7734
Elmalili - Hak Dini Kuran Dili-07.pdf,Books/b-Library_Hzm-20260601T230631Z-3-002/b-Library_Hzm/Tefsir-Elmalılı Tefsiri-ZAMAN.pdf/Elmalili - Hak Dini Kuran Dili-07.pdf,Elmalili - Hak Dini Kuran Dili-07.txt,PDF,566,185618,1258293,Başarılı,2192e48219ae096f622bfa8ac312c4656304a64fde224ce8be242e6807f7bc3c
Elmalili - Hak Dini Kuran Dili-08.pdf,Books/b-Library_Hzm-20260601T230631Z-3-002/b-Library_Hzm/Tefsir-Elmalılı Tefsiri-ZAMAN.pdf/Elmalili - Hak Dini Kuran Dili-08.pdf,Elmalili - Hak Dini Kuran Dili-08.txt,PDF,546,183798,1264902,Başarılı,e31101fc8bb865eb5d9cbe8718e13115fe653db8d7342562c4bedd373f664cab
Bilim_Teknik_1990.pdf,Books/b-Lİbrary_Tr-Gen-20260601T232943Z-3-001/b-Lİbrary_Tr-Gen/Bilim Teknik Dergisi/Bilim_Teknik_1990.pdf,Bilim_Teknik_1990.txt,PDF,725,0,0,Görsel / Taranmış (0 Kelime),7e4abb1cf9c97f550150fba4aad2c3163de1836fcbd5b7a39752c1db881bfc0d
Elmalili - Hak Dini Kuran Dili-09.pdf,Books/b-Library_Hzm-20260601T230631Z-3-002/b-Library_Hzm/Tefsir-Elmalılı Tefsiri-ZAMAN.pdf/Elmalili - Hak Dini Kuran Dili-09.pdf,Elmalili - Hak Dini Kuran Dili-09.txt,PDF,542,186022,1265503,Başarılı,f1c6921871bc5ec9e827dc14e8592c14e16e2f20f2f03949cce0abae0d821e5b
Bilim_Teknik_1992.pdf,Books/b-Lİbrary_Tr-Gen-20260601T232943Z-3-001/b-Lİbrary_Tr-Gen/Bilim Teknik Dergisi/Bilim_Teknik_1992.pdf,Bilim_Teknik_1992.txt,PDF,732,0,0,Görsel / Taranmış (0 Kelime),4754290b7f06e33657d1e3b94dbdb15116167bfdbc5ff8d4a246f2e2e25073be
Bilim_Teknik_2005.pdf,Books/b-Lİbrary_Tr-Gen-20260601T232943Z-3-001/b-Lİbrary_Tr-Gen/Bilim Teknik Dergisi/Bilim_Teknik_2005.pdf,Bilim_Teknik_2005.txt,PDF,107,65871,490895,Başarılı,4ab4b623021ab3b9e434d86451345687af3e2992140a558f36c6e2e3d9cd6840
Bilim_Teknik_2020.03.pdf,Books/b-Lİbrary_Tr-Gen-20260601T232943Z-3-001/b-Lİbrary_Tr-Gen/Bilim Teknik Dergisi/Bilim_Teknik_2020.03.pdf,Bilim_Teknik_2020.03.txt,PDF,97,26159,199288,Başarılı,4dc9f49d513ef21ddf25835b3059e08e22630230f45a1bfff5e1249a15b747ce
Bilim_Teknik_2020.02.pdf,Books/b-Lİbrary_Tr-Gen-20260601T232943Z-3-001/b-Lİbrary_Tr-Gen/Bilim Teknik Dergisi/Bilim_Teknik_2020.02.pdf,Bilim_Teknik_2020.02.txt,PDF,97,25284,192147,Başarılı,a61954982f48d544e360c1b79baa718ce77cbcee852912291395b16406c1c976
Bilim_Teknik_2007b.pdf,Books/b-Lİbrary_Tr-Gen-20260601T232943Z-3-001/b-Lİbrary_Tr-Gen/Bilim Teknik Dergisi/Bilim_Teknik_2007b.pdf,Bilim_Teknik_2007b.txt,PDF,323,183221,1337178,Başarılı,b9c79c54b7180dbbb1df9dac766b5028f9001046d39f8e925fb33286fa662282
Bilim_Teknik_2007c.pdf,Books/b-Lİbrary_Tr-Gen-20260601T232943Z-3-001/b-Lİbrary_Tr-Gen/Bilim Teknik Dergisi/Bilim_Teknik_2007c.pdf,Bilim_Teknik_2007c.txt,PDF,352,193123,1398332,Başarılı,28330678071db957efa6c416dfff971ff6c17cb85055842d7158ff94d5348b48
Bilim_Teknik_2007d.pdf,Books/b-Lİbrary_Tr-Gen-20260601T232943Z-3-001/b-Lİbrary_Tr-Gen/Bilim Teknik Dergisi/Bilim_Teknik_2007d.pdf,Bilim_Teknik_2007d.txt,PDF,323,195567,1425961,Başarılı,08eab77e204125ab80efed7fc07a6133575f22e1e045f5d555fe3c1195a5e670
Stephen-Hawking-Buyuk-Tasarim.pdf,Books/b-Lİbrary_Tr-Gen-20260601T232943Z-3-001/b-Lİbrary_Tr-Gen/Bilim/Stephen-Hawking-Buyuk-Tasarim.pdf,Stephen-Hawking-Buyuk-Tasarim.txt,PDF,154,34415,254345,Başarılı,fd6d338a97ac8fea458bc6714bd6f5e2d40e4a08a14d706d20092d0a0294eb2c
Mahfi-Eğilmez-Orneklerle-Kolay-Ekonomi.pdf,Books/b-Lİbrary_Tr-Gen-20260601T232943Z-3-001/b-Lİbrary_Tr-Gen/Ekonomi/Mahfi-Eğilmez-Orneklerle-Kolay-Ekonomi.pdf,Mahfi-Eğilmez-Orneklerle-Kolay-Ekonomi.txt,PDF,91,19513,144356,Başarılı,6cb3a212dfe29e6453e2192fc3038abae7eb51ef9f145690e389ac50e065376b
Gurdjieff-Ogretisi.pdf,Books/b-Lİbrary_Tr-Gen-20260601T232943Z-3-001/b-Lİbrary_Tr-Gen/Enneagram_PDF/Gurdjieff-Ogretisi.pdf,Gurdjieff-Ogretisi.txt,PDF,3,1107,8219,Başarılı,20a2cd7bee93a9de1ae18350e91ad61ff33efbe069940da829ef97148ec13e7e
Altı-Kolay-Parca-Richard-P-Feynman.pdf,Books/b-Lİbrary_Tr-Gen-20260601T232943Z-3-001/b-Lİbrary_Tr-Gen/Bilim/Altı-Kolay-Parca-Richard-P-Feynman.pdf,Altı-Kolay-Parca-Richard-P-Feynman.txt,PDF,184,40747,292150,Başarılı,9ef9b3a00de1e4c13404510bdc046f0e27130a64e2452e2f4aacdc9e63dea7bd
Enneagram-Ruhun-Aynası-Helen-Palmer.pdf,Books/b-Lİbrary_Tr-Gen-20260601T232943Z-3-001/b-Lİbrary_Tr-Gen/Enneagram_PDF/Enneagram-Ruhun-Aynası-Helen-Palmer.pdf,Enneagram-Ruhun-Aynası-Helen-Palmer.txt,PDF,438,0,0,Görsel / Taranmış (0 Kelime),fdd562298bd6712e4abe776437b840993cff7bbea2e4fa6e4c09dd1b63adba4b
Enneagram ile Kisilik Analizi.pdf,Books/b-Lİbrary_Tr-Gen-20260601T232943Z-3-001/b-Lİbrary_Tr-Gen/Enneagram_PDF/Enneagram ile Kisilik Analizi.pdf,Enneagram ile Kisilik Analizi.txt,PDF,392,82374,618155,Başarılı,f67036db6362c527403ba44d7e7d594e12c62f2e59e71962653f8a9ded0aa4e5
Ergenlerle-İletişim-Sanatı-Janey-Downshire-Naella-Grew.pdf,Books/b-Lİbrary_Tr-Gen-20260601T232943Z-3-001/b-Lİbrary_Tr-Gen/Cocuk Gelisimi/Ergenlerle-İletişim-Sanatı-Janey-Downshire-Naella-Grew.pdf,Ergenlerle-İletişim-Sanatı-Janey-Downshire-Naella-Grew.txt,PDF,212,42524,322488,Başarılı,e0fa3f0c65a8210c0009d1d3ada5f7efc811c3756385dae1a53350334d155042
Simdinin-Gucu-Tolle-Eckhart.epub,Books/b-Lİbrary_Tr-Gen-20260601T232943Z-3-001/b-Lİbrary_Tr-Gen/Kişisel Gelişim/Erteleme/Simdinin-Gucu-Tolle-Eckhart.epub,Simdinin-Gucu-Tolle-Eckhart.txt,EPUB,200,49940,372075,Başarılı,9c32c5d0dd8e61560466c1deac2df3ab2dd93999fd4ec9496e740e641d63be14
Borsa-Psikiloji-Yonetimi.pdf,Books/b-Lİbrary_Tr-Gen-20260601T232943Z-3-001/b-Lİbrary_Tr-Gen/Para-Finans/Borsa/Borsa-Psikiloji-Yonetimi.pdf,Borsa-Psikiloji-Yonetimi.txt,PDF,64,14443,102790,Başarılı,482297b576e8a58754ddce107120f217234d7fe2108c1d9086d261612256493a
iyilestiren-aliskanliklar-gretchen-rubin.pdf,Books/b-Lİbrary_Tr-Gen-20260601T232943Z-3-001/b-Lİbrary_Tr-Gen/Kişisel Gelişim/iyilestiren-aliskanliklar-gretchen-rubin.pdf,iyilestiren-aliskanliklar-gretchen-rubin.txt,PDF,25,2977,22715,Başarılı,ec484e8df707c576f577644f913a1ffa6dd3b42b7f9e329e9684cc64ac6d0597
Enneagram-Kendini-Bilme-Sanat-David-N-Daniels-Virginia-a-Price (1).pdf,Books/b-Lİbrary_Tr-Gen-20260601T232943Z-3-001/b-Lİbrary_Tr-Gen/Enneagram_PDF/Enneagram-Kendini-Bilme-Sanat-David-N-Daniels-Virginia-a-Price (1).pdf,Enneagram-Kendini-Bilme-Sanat-David-N-Daniels-Virginia-a-Price (1).txt,PDF,140,26337,198343,Başarılı,68f24dd7ad5d4acedc2eb0cb9cd615fdbcf8f17a53c18dcdc45febb4a5f3d06f
Enneagram-ile-Kendini-Keşfet.pdf,Books/b-Lİbrary_Tr-Gen-20260601T232943Z-3-001/b-Lİbrary_Tr-Gen/Enneagram_PDF/Enneagram-ile-Kendini-Keşfet.pdf,Enneagram-ile-Kendini-Keşfet.txt,PDF,226,34343,244331,Başarılı,f5ec5ecea9acba840365d74df8d617e6272ff5073bf938a702394d60a304515a
Telefonunuzun Sizi Degistirdigi 12 Sey.pdf,Books/b-Lİbrary_Tr-Gen-20260601T232943Z-3-001/b-Lİbrary_Tr-Gen/Kişisel Gelişim/Telefonunuzun Sizi Degistirdigi 12 Sey.pdf,Telefonunuzun Sizi Degistirdigi 12 Sey.txt,PDF,283,55478,416373,Başarılı,96fbfc0114f1fae89c2aab435a1e663642782b6e76d52f48ad63ed6dfca78dfe
Buyology Satın almaya dair bildiğimiz her şey neden yanlış？ (Martin Lindstrom) (z-lib.org).epub,Books/b-Lİbrary_Tr-Gen-20260601T232943Z-3-001/b-Lİbrary_Tr-Gen/Para-Finans/Buyology Satın almaya dair bildiğimiz her şey neden yanlış？ (Martin Lindstrom) (z-lib.org).epub,Buyology Satın almaya dair bildiğimiz her şey neden yanlış？ (Martin Lindstrom) (z-lib.org).txt,EPUB,158,54704,428239,Başarılı,c7fcfab5d7283c484d0947696ee3bbdabd03417bef866963da598adc0953dad2
Korsanlar-ve-İmparatorlar-Noam-Chomsky.pdf,Books/b-Lİbrary_Tr-Gen-20260601T232943Z-3-001/b-Lİbrary_Tr-Gen/Felsefe-Fikriyat/Noam Chomsky/Korsanlar-ve-İmparatorlar-Noam-Chomsky.pdf,Korsanlar-ve-İmparatorlar-Noam-Chomsky.txt,PDF,87,43018,339769,Başarılı,5aa859f2267be97bc4e9c1c4d1de4b48662f93118ebe17e2349512207b1b03a9
Ekonomi 101 Bir Çırpıda Para ve Finans (Alfred Mill) (z-lib.org).epub,Books/b-Lİbrary_Tr-Gen-20260601T232943Z-3-001/b-Lİbrary_Tr-Gen/Para-Finans/Ekonomi 101 Bir Çırpıda Para ve Finans (Alfred Mill) (z-lib.org).epub,Ekonomi 101 Bir Çırpıda Para ve Finans (Alfred Mill) (z-lib.org).txt,EPUB,522,57714,416515,Başarılı,631857f6c69b1481d4833706163ebfe86eb237c6675d15555be7ea2431e84d62
Görünmeyeni Satmak (Harry Beckwith) (z-lib.org).epub,Books/b-Lİbrary_Tr-Gen-20260601T232943Z-3-001/b-Lİbrary_Tr-Gen/Para-Finans/Görünmeyeni Satmak (Harry Beckwith) (z-lib.org).epub,Görünmeyeni Satmak (Harry Beckwith) (z-lib.org).txt,EPUB,140,38130,287436,Başarılı,a54546f16d01d664a698bf5997d8bbba21ecef05b80911482697f7ace3ae5410
Duygusal Zeka (Daniel Goleman) (z-lib.org).epub,Books/b-Lİbrary_Tr-Gen-20260601T232943Z-3-001/b-Lİbrary_Tr-Gen/Duygusal Zeka-Empati/Duygusal Zeka (Daniel Goleman) (z-lib.org).epub,Duygusal Zeka (Daniel Goleman) (z-lib.org).txt,EPUB,255,111623,874929,Başarılı,a0955c48257fea388219f30cbd0cf4ffc26a701e2b25a1c93f8178cc996e6280
Avrupa`nın-Zihin-Tarihi.pdf,Books/b-Lİbrary_Tr-Gen-20260601T232943Z-3-001/b-Lİbrary_Tr-Gen/Felsefe-Fikriyat/Avrupa`nın-Zihin-Tarihi.pdf,Avrupa`nın-Zihin-Tarihi.txt,PDF,197,38901,292940,Başarılı,87cad9ccbb477552e803136f0a74ab50baa145bdf40b6c96961a2a56548d9be7
Yatırımcının-El-Kitabı.pdf,Books/b-Lİbrary_Tr-Gen-20260601T232943Z-3-001/b-Lİbrary_Tr-Gen/Para-Finans/Yatırımcının-El-Kitabı.pdf,Yatırımcının-El-Kitabı.txt,PDF,199,23270,177432,Başarılı,a9cadf5decc122e8d9a61e70b82cce0fb9349062cb2e605a0e920014f35f74b6
Servet-Oluşturma-Donald-Trump.pdf,Books/b-Lİbrary_Tr-Gen-20260601T232943Z-3-001/b-Lİbrary_Tr-Gen/Para-Finans/Servet-Oluşturma-Donald-Trump.pdf,Servet-Oluşturma-Donald-Trump.txt,PDF,231,60296,465617,Başarılı,89929249034afcb70447fe69b647fcd0520d31e8c506623bd56cf86d67f241e6
Milyoner-Aklın-Sırları-T-harv-Eker (1).pdf,Books/b-Lİbrary_Tr-Gen-20260601T232943Z-3-001/b-Lİbrary_Tr-Gen/Para-Finans/Milyoner-Aklın-Sırları-T-harv-Eker (1).pdf,Milyoner-Aklın-Sırları-T-harv-Eker (1).txt,PDF,183,45178,314049,Başarılı,878e0b6d3c8da92fd99d99d594a435737e94b3aafb9e3b02a90cb680c577d966
Zengin-olma-bilimi.pdf,Books/b-Lİbrary_Tr-Gen-20260601T232943Z-3-001/b-Lİbrary_Tr-Gen/Para-Finans/Zengin-olma-bilimi.pdf,Zengin-olma-bilimi.txt,PDF,88,15946,121899,Başarılı,45c34dc9df77d4dea0422a60a3da5dba3a1ec9bf7dab0ecc7d92b4f616ef29ec
Gelecege-yatirim.pdf,Books/b-Lİbrary_Tr-Gen-20260601T232943Z-3-001/b-Lİbrary_Tr-Gen/Para-Finans/Gelecege-yatirim.pdf,Gelecege-yatirim.txt,PDF,146,28968,220413,Başarılı,84a0bd74e778e036f87cc3c518ae289eac5c0782ee70bdfc965bafde9a9ad4fa
Bilim_Teknik_2007a.pdf,Books/b-Lİbrary_Tr-Gen-20260601T232943Z-3-001/b-Lİbrary_Tr-Gen/Bilim Teknik Dergisi/Bilim_Teknik_2007a.pdf,Bilim_Teknik_2007a.txt,PDF,324,194710,1439812,Başarılı,68ee7f2a2f6d96427f911f9eebb5cc6585a5d02e7218149a8fd8fee3a9b58274
Zenginleşmekten-Cekinmeyin-Marilyn-Jenett.pdf,Books/b-Lİbrary_Tr-Gen-20260601T232943Z-3-001/b-Lİbrary_Tr-Gen/Para-Finans/Zenginleşmekten-Cekinmeyin-Marilyn-Jenett.pdf,Zenginleşmekten-Cekinmeyin-Marilyn-Jenett.txt,PDF,291,52061,440029,Başarılı,9ca7435824e5eabcf47b18c881eda1685bbad1ebb424c39ef37784e5ff71c137
Tuketim-Toplumunda-Reklam-ve-Psikoloji-C (1).pdf,Books/b-Lİbrary_Tr-Gen-20260601T232943Z-3-001/b-Lİbrary_Tr-Gen/Reklam-Pazarlama-Satis/Tuketim-Toplumunda-Reklam-ve-Psikoloji-C (1).pdf,Tuketim-Toplumunda-Reklam-ve-Psikoloji-C (1).txt,PDF,39,7894,63695,Başarılı,fa423ec79b850d34115c4e3f17e682be200b93454b633d942a9d8a5a45433900
Empati-Cağı-Frans-de-Waal.pdf,Books/b-Lİbrary_Tr-Gen-20260601T232943Z-3-001/b-Lİbrary_Tr-Gen/Duygusal Zeka-Empati/Empati-Cağı-Frans-de-Waal.pdf,Empati-Cağı-Frans-de-Waal.txt,PDF,383,104039,770779,Başarılı,34f57fb3ab29ba536769dc075a05deea7d4bb661ce1de0871b40972fc2c1a584
Network`un-Kitabi-Turkiye`de.pdf,Books/b-Lİbrary_Tr-Gen-20260601T232943Z-3-001/b-Lİbrary_Tr-Gen/Reklam-Pazarlama-Satis/Dijital-Pazarlama/Network`un-Kitabi-Turkiye`de.pdf,Network`un-Kitabi-Turkiye`de.txt,PDF,80,10175,75744,Başarılı,f64fa21b454b535ff1fe4614b6ce04d834440cad9134492c6808c2bfbdb24d5b
Sosyal-Kaygı-Ve-Utangaclık-James-Kimberly.pdf,Books/b-Lİbrary_Tr-Gen-20260601T232943Z-3-001/b-Lİbrary_Tr-Gen/Psikoloji/Anksiyete-Kaygi/Sosyal-Kaygı-Ve-Utangaclık-James-Kimberly.pdf,Sosyal-Kaygı-Ve-Utangaclık-James-Kimberly.txt,PDF,138,29361,237408,Başarılı,6528a11e2bd09488f07ea0570a5fcaed64e7ff2a41214023f510ba1aadf030d6
Dusun-ve-Zengin-Ol-Napoleon-Hill.pdf,Books/b-Lİbrary_Tr-Gen-20260601T232943Z-3-001/b-Lİbrary_Tr-Gen/Para-Finans/Dusun-ve-Zengin-Ol-Napoleon-Hill.pdf,Dusun-ve-Zengin-Ol-Napoleon-Hill.txt,PDF,224,47737,354516,Başarılı,4c1d06614c598b7134e098e17750f385369c51b51896c49d421a4e60973d55ec
George-Orwell-Hayvan-Ciftliği-isbankasi.pdf,Books/b-Lİbrary_Tr-Gen-20260601T232943Z-3-001/b-Lİbrary_Tr-Gen/Roman_Ybn/George-Orwell-Hayvan-Ciftliği-isbankasi.pdf,George-Orwell-Hayvan-Ciftliği-isbankasi.txt,PDF,105,22725,167125,Başarılı,fde00f2254538d5e8adbc9089d20ca0c1e57ab2bc5062c6d7073578b16b6d40f
Peyami-Safa-Attila.pdf,Books/b-Lİbrary_Tr-Gen-20260601T232943Z-3-001/b-Lİbrary_Tr-Gen/Roman_Tr/Peyami-Safa-Attila.pdf,Peyami-Safa-Attila.txt,PDF,275,53538,395561,Başarılı,db84a3eca621081d8455bceb26011166b542e9a87173e774704d2d0eacada6d8
Stres-ve-Başacıkma-Yolları-Zuhal-Baltaş-Acar-Baltaş-PDFDrive-com-pdf.pdf,Books/b-Lİbrary_Tr-Gen-20260601T232943Z-3-001/b-Lİbrary_Tr-Gen/Psikoloji/Stres/Stres-ve-Başacıkma-Yolları-Zuhal-Baltaş-Acar-Baltaş-PDFDrive-com-pdf.pdf,Stres-ve-Başacıkma-Yolları-Zuhal-Baltaş-Acar-Baltaş-PDFDrive-com-pdf.txt,PDF,923,82990,641632,Başarılı,985559dfd0b48d27213d52aabecfe82acde2341139bc5342b1e056517d88ed10
Albert Camus-Yabancı.epub,Books/b-Lİbrary_Tr-Gen-20260601T232943Z-3-001/b-Lİbrary_Tr-Gen/Roman_Ybn/Albert Camus-Yabancı.epub,Albert Camus-Yabancı.txt,EPUB,83,22518,166066,Başarılı,0e682b48dc8495cd5ce0e2f9ce99fb4f13401397fd66bb0ade986f657a739720
Dr Aidin-Salihin-Sohbetlerinden-01.pdf,Books/b-Lİbrary_Tr-Gen-20260601T232943Z-3-001/b-Lİbrary_Tr-Gen/Tıp/Dr Aidin-Salihin-Sohbetlerinden-01.pdf,Dr Aidin-Salihin-Sohbetlerinden-01.txt,PDF,5,2128,16091,Başarılı,0a9cc66d9f7089028515b780e89f194b13cabed5cf70c179a4cef1e12439a002
Zengin-Baba-Yoksul-Baba-Robert-Kiyosaki.pdf,Books/b-Lİbrary_Tr-Gen-20260601T232943Z-3-001/b-Lİbrary_Tr-Gen/Para-Finans/Zengin-Baba-Yoksul-Baba-Robert-Kiyosaki.pdf,Zengin-Baba-Yoksul-Baba-Robert-Kiyosaki.txt,PDF,314,49471,370340,Başarılı,13ec3276e93f04cc16e176366f57daf5b8956bacb9ce452c8117a21b3fb16fea
Ibrahim-Adnan-Saracoğlu-Bitkisel-Kurler-Rehberi.pdf,Books/b-Lİbrary_Tr-Gen-20260601T232943Z-3-001/b-Lİbrary_Tr-Gen/Tıp/Ibrahim-Adnan-Saracoğlu-Bitkisel-Kurler-Rehberi.pdf,Ibrahim-Adnan-Saracoğlu-Bitkisel-Kurler-Rehberi.txt,PDF,96,43665,331892,Başarılı,15ee5054462fc6b21c72cb0134954a0355d25858de8870763d6e9a59445feec5
John-Steinbeck-Fareler ve İnsanlar.epub,Books/b-Lİbrary_Tr-Gen-20260601T232943Z-3-001/b-Lİbrary_Tr-Gen/Roman_Ybn/John-Steinbeck-Fareler ve İnsanlar.epub,John-Steinbeck-Fareler ve İnsanlar.txt,EPUB,119,20696,151049,Başarılı,f49a3eaab0690eeb08c748912d73d454708c9cff219d1b552d1b9e3f6ae77bbe
John-Steinbeck-Gazap Üzümleri.epub,Books/b-Lİbrary_Tr-Gen-20260601T232943Z-3-001/b-Lİbrary_Tr-Gen/Roman_Ybn/John-Steinbeck-Gazap Üzümleri.epub,John-Steinbeck-Gazap Üzümleri.txt,EPUB,669,143904,1008329,Başarılı,7c98bbb8ce124c09702dbbe3d39f6d612674ab34c28cc68571bad75bf5c2e884
Suç ve Ceza Hasan Ali Yücel Klasikler (Fyodor Mihayloviç Dostoyevski) (z-lib.org).epub,Books/b-Lİbrary_Tr-Gen-20260601T232943Z-3-001/b-Lİbrary_Tr-Gen/Roman_Ybn/Suç ve Ceza Hasan Ali Yücel Klasikler (Fyodor Mihayloviç Dostoyevski) (z-lib.org).epub,Suç ve Ceza Hasan Ali Yücel Klasikler (Fyodor Mihayloviç Dostoyevski) (z-lib.org).txt,EPUB,592,167566,1216328,Başarılı,a197a4d800accb1bca55e38e454beaf8961fc34e0decf23402490e706805a90e
Tıbb-ı-Nebevi.pdf,Books/b-Lİbrary_Tr-Gen-20260601T232943Z-3-001/b-Lİbrary_Tr-Gen/Tıp/Tıbb-ı-Nebevi.pdf,Tıbb-ı-Nebevi.txt,PDF,122,21020,163141,Başarılı,cd09c086f71c7f9cc06645778b4de2e27d64d43c952106d5491cced5ae296ced
Beden-Dili-Ve-Yalan-Yakalama-Teknikleri.pdf,Books/b-Lİbrary_Tr-Gen-20260601T232943Z-3-002/b-Lİbrary_Tr-Gen/Beden Dili/Beden-Dili-Ve-Yalan-Yakalama-Teknikleri.pdf,Beden-Dili-Ve-Yalan-Yakalama-Teknikleri.txt,PDF,18,1200,9465,Başarılı,de1a50ea9de27dd9d7df4fbb7c2a7c7a5499def29863baa907fbb1b6f8caa507
Beden Dili Sirlari.pdf,Books/b-Lİbrary_Tr-Gen-20260601T232943Z-3-002/b-Lİbrary_Tr-Gen/Beden Dili/Beden Dili Sirlari.pdf,Beden Dili Sirlari.txt,PDF,46,8195,63751,Başarılı,50760c97b1b91ec2b5556b442f3715bba55db114088cd9f32b99fa73460a378e
Hastalıkların-Zihinsel-Nedeni.pdf,Books/b-Lİbrary_Tr-Gen-20260601T232943Z-3-001/b-Lİbrary_Tr-Gen/Tıp/Hastalıkların-Zihinsel-Nedeni.pdf,Hastalıkların-Zihinsel-Nedeni.txt,PDF,93,13151,97674,Başarılı,aa10804057cfa20aac6dd86863ce06d6d807771b53c1b6d1d5def98cbba7bed7
Yuz-Okuma-Sanatı.pdf,Books/b-Lİbrary_Tr-Gen-20260601T232943Z-3-002/b-Lİbrary_Tr-Gen/Beden Dili/Yuz-Okuma-Sanatı.pdf,Yuz-Okuma-Sanatı.txt,PDF,60,13476,110252,Başarılı,e1180e258571ecf6c98ec8cc18466d46d7010ed68ee909db67e1885cd90a78e8
Butun-Yonleriyle-Beden-Dili.pdf,Books/b-Lİbrary_Tr-Gen-20260601T232943Z-3-002/b-Lİbrary_Tr-Gen/Beden Dili/Butun-Yonleriyle-Beden-Dili.pdf,Butun-Yonleriyle-Beden-Dili.txt,PDF,145,24658,181298,Başarılı,f6589e663bc8bb3cd7eab9a68837099adb7e7c5a8b1a7109c2487f71d051a916
Duygusal-Zeka-Daniel-Goleman.pdf,Books/b-Lİbrary_Tr-Gen-20260601T232943Z-3-001/b-Lİbrary_Tr-Gen/Duygusal Zeka-Empati/Duygusal-Zeka-Daniel-Goleman.pdf,Duygusal-Zeka-Daniel-Goleman.txt,PDF,442,117231,890332,Başarılı,9e5f91aa247d7f184e810b5b3f3efe7b24c662b9f9742b9c100472e1d078797e
Beden-Asla-Yalan-Soylemez-Alice-Miller.pdf,Books/b-Lİbrary_Tr-Gen-20260601T232943Z-3-002/b-Lİbrary_Tr-Gen/Beden Dili/Beden-Asla-Yalan-Soylemez-Alice-Miller.pdf,Beden-Asla-Yalan-Soylemez-Alice-Miller.txt,PDF,215,40912,303966,Başarılı,9e20d39a6adcec2208fa94c6f8f59539fc92c912e74956aa0cefdaa0c0ef065d
Hafıza Teknkleri.pdf,Books/b-Lİbrary_Tr-Gen-20260601T232943Z-3-002/b-Lİbrary_Tr-Gen/Beyin ve Hafıza/Hafiza/Hafıza Teknkleri.pdf,Hafıza Teknkleri.txt,PDF,125,18740,126661,Başarılı,d7c42088a06fa9395a02513893c410a24046588830719839fc107e6116c4ab25
Hafızana-Hukmet-Hafızanın-Gucunu-Artırmak-İcin-Yaratıcı-Yontemler-Tony-Buzan.pdf,Books/b-Lİbrary_Tr-Gen-20260601T232943Z-3-002/b-Lİbrary_Tr-Gen/Beyin ve Hafıza/Hafiza/Hafızana-Hukmet-Hafızanın-Gucunu-Artırmak-İcin-Yaratıcı-Yontemler-Tony-Buzan.pdf,Hafızana-Hukmet-Hafızanın-Gucunu-Artırmak-İcin-Yaratıcı-Yontemler-Tony-Buzan.txt,PDF,260,40458,284114,Başarılı,5081358be90057789ba4fb16975b6cede8d2c4838d44d5496d532b6d4e536915
Harry-Alder-21-Gunde-Beyin-Eğitimi.pdf,Books/b-Lİbrary_Tr-Gen-20260601T232943Z-3-002/b-Lİbrary_Tr-Gen/Beyin ve Hafıza/Harry-Alder-21-Gunde-Beyin-Eğitimi.pdf,Harry-Alder-21-Gunde-Beyin-Eğitimi.txt,PDF,193,48374,357263,Başarılı,8c8a095f55c823bb12c17a7cdea98100de6921564420c9661b8ed15192b8b7b8
REKLAMLARDA-KORKU-CEKICILIGI.pdf,Books/b-Lİbrary_Tr-Gen-20260601T232943Z-3-001/b-Lİbrary_Tr-Gen/Reklam-Pazarlama-Satis/REKLAMLARDA-KORKU-CEKICILIGI.pdf,REKLAMLARDA-KORKU-CEKICILIGI.txt,PDF,326,54592,442023,Başarılı,1ecddd1a6d7a09c05eeff73db2eb4f0a221b7554656413f7f72e5bd570c12b6d
Tehlikeli Oyunlar (Oğuz Atay).epub,Books/b-Lİbrary_Tr-Gen-20260601T232943Z-3-001/b-Lİbrary_Tr-Gen/Roman_Tr/Tehlikeli Oyunlar (Oğuz Atay).epub,Tehlikeli Oyunlar (Oğuz Atay).txt,EPUB,323,110889,842484,Başarılı,79f4a7a5f984353400a6bd40fce9c4dff5a14e6172502285d592270427ccc6cd
Bilim_Teknik_1978.pdf,Books/b-Lİbrary_Tr-Gen-20260601T232943Z-3-002/b-Lİbrary_Tr-Gen/Bilim Teknik Dergisi/Bilim_Teknik_1978.pdf,Bilim_Teknik_1978.txt,PDF,625,0,0,Görsel / Taranmış (0 Kelime),ed71fb26040efea1f429920b11f4f2005fd2b7a6e27c03c2091d1f6e2d0b9b3b
Bilim_Teknik_1997.pdf,Books/b-Lİbrary_Tr-Gen-20260601T232943Z-3-002/b-Lİbrary_Tr-Gen/Bilim Teknik Dergisi/Bilim_Teknik_1997.pdf,Bilim_Teknik_1997.txt,PDF,595,0,0,Görsel / Taranmış (0 Kelime),dda81e7681ba4e277184027da878f2efa0145c993d1792e2a01f2ec53ca2984b
Zengin-Cocuk-Akıllı-Cocuk-Robert-Kiyosaki.pdf,Books/b-Lİbrary_Tr-Gen-20260601T232943Z-3-001/b-Lİbrary_Tr-Gen/Para-Finans/Zengin-Cocuk-Akıllı-Cocuk-Robert-Kiyosaki.pdf,Zengin-Cocuk-Akıllı-Cocuk-Robert-Kiyosaki.txt,PDF,403,70274,514560,Başarılı,72c513b288479bdb5c50e010e8cfcdf4c2b56bac4df3dc0ec0a632e74563532c
Bilim_Teknik_1998.pdf,Books/b-Lİbrary_Tr-Gen-20260601T232943Z-3-002/b-Lİbrary_Tr-Gen/Bilim Teknik Dergisi/Bilim_Teknik_1998.pdf,Bilim_Teknik_1998.txt,PDF,616,0,0,Görsel / Taranmış (0 Kelime),6eb284e0aefe93949234b42a37e42df373e205ed11e1ea42018632296b4f499d
On-Derste-Kapitalizm-Michel-Husson.pdf,Books/b-Lİbrary_Tr-Gen-20260601T232943Z-3-001/b-Lİbrary_Tr-Gen/Para-Finans/On-Derste-Kapitalizm-Michel-Husson.pdf,On-Derste-Kapitalizm-Michel-Husson.txt,PDF,258,54004,413857,Başarılı,9c9b618d8cbbae16025eb211d6497bd3c4702cdf94388b3ab4c49431049a8c71
"Beden Dili Eski FBI Ajanından İnsanların Bedenini Okuma Rehberi (Joe Navarro, Marvin Karlins) (z-lib.org).pdf","Books/b-Lİbrary_Tr-Gen-20260601T232943Z-3-002/b-Lİbrary_Tr-Gen/Beden Dili/Beden Dili Eski FBI Ajanından İnsanların Bedenini Okuma Rehberi (Joe Navarro, Marvin Karlins) (z-lib.org).pdf","Beden Dili Eski FBI Ajanından İnsanların Bedenini Okuma Rehberi (Joe Navarro, Marvin Karlins) (z-lib.org).txt",PDF,294,61192,459465,Başarılı,9491d79a61b34860134f37aa85858373f63d3d4b580ab723627e94abb52c43d9
Bilim_Teknik_1973.pdf,Books/b-Lİbrary_Tr-Gen-20260601T232943Z-3-002/b-Lİbrary_Tr-Gen/Bilim Teknik Dergisi/Bilim_Teknik_1973.pdf,Bilim_Teknik_1973.txt,PDF,631,0,0,Görsel / Taranmış (0 Kelime),d791a658b39b9405ae3662629cde29c18112612eca1e0cc93f975a0b1003de0f
Bilim_Teknik_1996.pdf,Books/b-Lİbrary_Tr-Gen-20260601T232943Z-3-002/b-Lİbrary_Tr-Gen/Bilim Teknik Dergisi/Bilim_Teknik_1996.pdf,Bilim_Teknik_1996.txt,PDF,588,0,0,Görsel / Taranmış (0 Kelime),590db8364e9f100f6d859bc7b891e50b99003ee6886ae30e41b458c249c2d94a
Bilim_Teknik_2001.pdf,Books/b-Lİbrary_Tr-Gen-20260601T232943Z-3-002/b-Lİbrary_Tr-Gen/Bilim Teknik Dergisi/Bilim_Teknik_2001.pdf,Bilim_Teknik_2001.txt,PDF,690,440739,3241255,Başarılı,d0c41a168848faf0e862a2cc1a378b0b76fc7a97a6179c32bc26c8eecef25056
Bilim_Teknik_1999.pdf,Books/b-Lİbrary_Tr-Gen-20260601T232943Z-3-002/b-Lİbrary_Tr-Gen/Bilim Teknik Dergisi/Bilim_Teknik_1999.pdf,Bilim_Teknik_1999.txt,PDF,560,353422,2471758,Başarılı,40a33e1e82fad7bf5f118b0aa162e77f002a89fb63a9fff1402bd7b4575d87e1
Normal-Efsanesi-Gabor-Mate.pdf,Books/b-Lİbrary_Tr-Gen-20260601T232943Z-3-001/b-Lİbrary_Tr-Gen/Tıp/Normal-Efsanesi-Gabor-Mate.pdf,Normal-Efsanesi-Gabor-Mate.txt,PDF,546,150664,1065773,Başarılı,456aa89b3fac5178e519bef7b19392c1fc76f36fb66f0078b0e2656c7cb001de
Bilim_Teknik_2011.pdf,Books/b-Lİbrary_Tr-Gen-20260601T232943Z-3-002/b-Lİbrary_Tr-Gen/Bilim Teknik Dergisi/Bilim_Teknik_2011.pdf,Bilim_Teknik_2011.txt,PDF,852,302871,2264019,Başarılı,62ae221e5aa439267524cca3432ed04cb5b9dfb17128d66d55fcbec76ec2d579
Darwin-Ve-Evrim-Teorisi-Şemseddin-AKBULUT.pdf,Books/b-Lİbrary_Tr-Gen-20260601T232943Z-3-002/b-Lİbrary_Tr-Gen/Bilim/Darwin-Ve-Evrim-Teorisi-Şemseddin-AKBULUT.pdf,Darwin-Ve-Evrim-Teorisi-Şemseddin-AKBULUT.txt,PDF,126,23672,165185,Başarılı,10cf1ab33a378dfd9285fbdb7f986750f91aa5c72b291fa5d99f72f82c857850
Bilim_Teknik_2009.pdf,Books/b-Lİbrary_Tr-Gen-20260601T232943Z-3-002/b-Lİbrary_Tr-Gen/Bilim Teknik Dergisi/Bilim_Teknik_2009.pdf,Bilim_Teknik_2009.txt,PDF,793,379930,2899974,Başarılı,f75fa47e300297acafab298a3fcd57a6865f552115d9980a62f753ac49bd9130
Bilim_Teknik_2008.pdf,Books/b-Lİbrary_Tr-Gen-20260601T232943Z-3-002/b-Lİbrary_Tr-Gen/Bilim Teknik Dergisi/Bilim_Teknik_2008.pdf,Bilim_Teknik_2008.txt,PDF,894,500617,3553452,Başarılı,d7d0476f5c6b0c2914030a7619c6356d3eaaf9c637f6d21c4294cf8073ce40d8
Evrenin-Şiiri-Robert-Osserman.pdf,Books/b-Lİbrary_Tr-Gen-20260601T232943Z-3-002/b-Lİbrary_Tr-Gen/Bilim/Evrenin-Şiiri-Robert-Osserman.pdf,Evrenin-Şiiri-Robert-Osserman.txt,PDF,260,45902,326277,Başarılı,9d10be88a98b77c5313d1d3909facf9f1904a1f2ba7f5ecf921592cb56cfe749
Bilim_Teknik_2000.pdf,Books/b-Lİbrary_Tr-Gen-20260601T232943Z-3-002/b-Lİbrary_Tr-Gen/Bilim Teknik Dergisi/Bilim_Teknik_2000.pdf,Bilim_Teknik_2000.txt,PDF,796,521009,3762717,Başarılı,a6012957c92ed6ec1080bb66fa41c33e55efe06ef2bbb75bf7a8cee9d2cd1c45
101-Soruda-Kuantum.pdf,Books/b-Lİbrary_Tr-Gen-20260601T232943Z-3-002/b-Lİbrary_Tr-Gen/Bilim/101-Soruda-Kuantum.pdf,101-Soruda-Kuantum.txt,PDF,344,91012,589435,Başarılı,09dcf113f2ab8bfd68058840dd8b462fa4f044d99116dc4254eb97765c9e08d3
Bilim_Teknik_2006.pdf,Books/b-Lİbrary_Tr-Gen-20260601T232943Z-3-002/b-Lİbrary_Tr-Gen/Bilim Teknik Dergisi/Bilim_Teknik_2006.pdf,Bilim_Teknik_2006.txt,PDF,981,705321,4636515,Başarılı,af6611c7fd77297dee768862d3353d29c3b16c68cc599d3654b70c0b0c1af468
Fizik-Yasaları-Uzerine-Richard-Feynman.pdf,Books/b-Lİbrary_Tr-Gen-20260601T232943Z-3-002/b-Lİbrary_Tr-Gen/Bilim/Fizik-Yasaları-Uzerine-Richard-Feynman.pdf,Fizik-Yasaları-Uzerine-Richard-Feynman.txt,PDF,226,42772,303935,Başarılı,6d7eee1400cb07afb189b3e578a1fb6485571c134d1d1002bc7e126ee8bd843a
Big-Bang.pdf,Books/b-Lİbrary_Tr-Gen-20260601T232943Z-3-002/b-Lİbrary_Tr-Gen/Bilim/Big-Bang.pdf,Big-Bang.txt,PDF,458,103203,746596,Başarılı,4c1c3267a514d007d145d50213ff9058318b57a642a4c9296c5790a013aba156
Cocuklarda-Ofke-Kontrolu.pdf,Books/b-Lİbrary_Tr-Gen-20260601T232943Z-3-002/b-Lİbrary_Tr-Gen/Cocuk Gelisimi/Cocuklarda-Ofke-Kontrolu.pdf,Cocuklarda-Ofke-Kontrolu.txt,PDF,19,2769,21785,Başarılı,1affd81ea29070bd89445bfee0f245f198b8cf833577e9c58861e158783631ab
Bilim_Teknik_2002.pdf,Books/b-Lİbrary_Tr-Gen-20260601T232943Z-3-002/b-Lİbrary_Tr-Gen/Bilim Teknik Dergisi/Bilim_Teknik_2002.pdf,Bilim_Teknik_2002.txt,PDF,1067,677485,4992051,Başarılı,d63d92e1ee688b1f9f97b2fdf1671035a6542641a175fe8ea1a7f26d2dbf9614
Cezasız-Eğitim-Adem-Guneş.pdf,Books/b-Lİbrary_Tr-Gen-20260601T232943Z-3-002/b-Lİbrary_Tr-Gen/Cocuk Gelisimi/Cezasız-Eğitim-Adem-Guneş.pdf,Cezasız-Eğitim-Adem-Guneş.txt,PDF,290,47250,344742,Başarılı,29ef5845803d682076ad0853f6cb343f4d36f132a1a432de91f564876483fdf0
Evrenin-Kısa-Tarihi-Joseph-Silk.pdf,Books/b-Lİbrary_Tr-Gen-20260601T232943Z-3-002/b-Lİbrary_Tr-Gen/Bilim/Evrenin-Kısa-Tarihi-Joseph-Silk.pdf,Evrenin-Kısa-Tarihi-Joseph-Silk.txt,PDF,284,68189,495531,Başarılı,0c44cc3a9372ac34960d4b1091cbab343d1c160d58b698dfc1425ca9acc90ea8
Olgunlasmamis-ebeveynlerin-actigi-yaralari-iyilestirmek-dr-lindsay-gibson-pdf-indir-on-okuma.pdf,Books/b-Lİbrary_Tr-Gen-20260601T232943Z-3-002/b-Lİbrary_Tr-Gen/Cocuk Gelisimi/Olgunlasmamis-ebeveynlerin-actigi-yaralari-iyilestirmek-dr-lindsay-gibson-pdf-indir-on-okuma.pdf,Olgunlasmamis-ebeveynlerin-actigi-yaralari-iyilestirmek-dr-lindsay-gibson-pdf-indir-on-okuma.txt,PDF,25,2860,23881,Başarılı,0627cd51e7ab410b2c8e80936a035c3e5fbc3526f6edac61d81600ae069c648f
Tanrı-Ve-Yeni-Fizik-Paul-Davies.pdf,Books/b-Lİbrary_Tr-Gen-20260601T232943Z-3-002/b-Lİbrary_Tr-Gen/Bilim/Tanrı-Ve-Yeni-Fizik-Paul-Davies.pdf,Tanrı-Ve-Yeni-Fizik-Paul-Davies.txt,PDF,325,87105,619246,Başarılı,ff769d50fca52b6e584a674bb54f7b730eafcebf3d0c387c295cdf8db69fce47
Enneagram_Ali Ünal.pdf,Books/b-Lİbrary_Tr-Gen-20260601T232943Z-3-002/b-Lİbrary_Tr-Gen/Enneagram_PDF/Enneagram_Ali Ünal.pdf,Enneagram_Ali Ünal.txt,PDF,36,5015,38025,Başarılı,e4b62c5fcc3e35100e74e37818e4986e2c7aa58aa9de9f9240a8cec72c4f38a3
Bilim_Teknik_2010.pdf,Books/b-Lİbrary_Tr-Gen-20260601T232943Z-3-002/b-Lİbrary_Tr-Gen/Bilim Teknik Dergisi/Bilim_Teknik_2010.pdf,Bilim_Teknik_2010.txt,PDF,883,405179,3048878,Başarılı,f91c74e742e651828a82fb0d07fb971863d61cc0100437ccecd4c13e78f244a0
Amerikan-Edebiyatı-101.pdf,Books/b-Lİbrary_Tr-Gen-20260601T232943Z-3-002/b-Lİbrary_Tr-Gen/Edebiyat/Amerikan-Edebiyatı-101.pdf,Amerikan-Edebiyatı-101.txt,PDF,247,49166,355253,Başarılı,db5f7a6d54005343f92dbd9c00935090284054939a07569c6a45046dfb0df3b4
ALVİN-TOFFLER-EKONOMİNİN-COKUŞU-pdf.pdf,Books/b-Lİbrary_Tr-Gen-20260601T232943Z-3-002/b-Lİbrary_Tr-Gen/Ekonomi/ALVİN-TOFFLER-EKONOMİNİN-COKUŞU-pdf.pdf,ALVİN-TOFFLER-EKONOMİNİN-COKUŞU-pdf.txt,PDF,125,23729,179290,Başarılı,82a654ccee53e2f63df32a81774971ce24aaa5d1536378e255d4be27a4dd7b84
Mutlu-Olma-Sanatı-Arthur-Schopenhauer.pdf,Books/b-Lİbrary_Tr-Gen-20260601T232943Z-3-002/b-Lİbrary_Tr-Gen/Felsefe-Fikriyat/Mutlu-Olma-Sanatı-Arthur-Schopenhauer.pdf,Mutlu-Olma-Sanatı-Arthur-Schopenhauer.txt,PDF,21,2988,21536,Başarılı,87d89ddf8cf1bbd18bc222857260d1f3968ad3c00d29772bc29dc30c9bca0cbe
Mahremiyet-Eğitimi-Adem-Guneş.pdf,Books/b-Lİbrary_Tr-Gen-20260601T232943Z-3-002/b-Lİbrary_Tr-Gen/Cocuk Gelisimi/Mahremiyet-Eğitimi-Adem-Guneş.pdf,Mahremiyet-Eğitimi-Adem-Guneş.txt,PDF,195,28562,217157,Başarılı,44fe774ef578c1d68c579f40cd0990105a88eaa91425eaf91fb37db6225d65f8
Epiktetos-Kendisinin-Efendisi.pdf,Books/b-Lİbrary_Tr-Gen-20260601T232943Z-3-002/b-Lİbrary_Tr-Gen/Felsefe-Fikriyat/Epictetos/Epiktetos-Kendisinin-Efendisi.pdf,Epiktetos-Kendisinin-Efendisi.txt,PDF,61,8890,64400,Başarılı,616fac867ae2312667ca238a37c4fbfb3f2495980f661f20051355f8ef6ea55d
Mahfi-Eğilmez-Orneklerle-Kolay-Ekonomi-pdf.pdf,Books/b-Lİbrary_Tr-Gen-20260601T232943Z-3-002/b-Lİbrary_Tr-Gen/Ekonomi/Mahfi-Eğilmez-Orneklerle-Kolay-Ekonomi-pdf.pdf,Mahfi-Eğilmez-Orneklerle-Kolay-Ekonomi-pdf.txt,PDF,193,21242,149100,Başarılı,7854a4af4746348c9fc88884902781b8336e4b9a553e13535dc3da0399eea091
Tanrı`nın-Kapısını-Calan-Bilim-Carl-Sagan.pdf,Books/b-Lİbrary_Tr-Gen-20260601T232943Z-3-002/b-Lİbrary_Tr-Gen/Bilim/Tanrı`nın-Kapısını-Calan-Bilim-Carl-Sagan.pdf,Tanrı`nın-Kapısını-Calan-Bilim-Carl-Sagan.txt,PDF,258,58764,420680,Başarılı,adc6310f7c1653652076169875074f18c99a4c17c0477ed6ff9deb3fbb231638
Tartışma Sanatının İncelkleri-ARTHUR-SCHOPENHAUER.pdf,Books/b-Lİbrary_Tr-Gen-20260601T232943Z-3-002/b-Lİbrary_Tr-Gen/Felsefe-Fikriyat/Tartışma Sanatının İncelkleri-ARTHUR-SCHOPENHAUER.pdf,Tartışma Sanatının İncelkleri-ARTHUR-SCHOPENHAUER.txt,PDF,152,32083,226957,Başarılı,dc6e5fe39b1c3c8332935b868bc10e36c81834a7675bcbd61386efeb8c224b27
Bilim_Teknik_2004.pdf,Books/b-Lİbrary_Tr-Gen-20260601T232943Z-3-002/b-Lİbrary_Tr-Gen/Bilim Teknik Dergisi/Bilim_Teknik_2004.pdf,Bilim_Teknik_2004.txt,PDF,1293,839539,6348516,Başarılı,7f8b904426725a4be6f7ef4ed5be1947b7951614bb1d066f399ce764a6f4276d
Demokrasi-Gercek-Ve-Hayal-Noam-Chomsky.pdf,Books/b-Lİbrary_Tr-Gen-20260601T232943Z-3-002/b-Lİbrary_Tr-Gen/Felsefe-Fikriyat/Noam Chomsky/Demokrasi-Gercek-Ve-Hayal-Noam-Chomsky.pdf,Demokrasi-Gercek-Ve-Hayal-Noam-Chomsky.txt,PDF,241,56167,434744,Başarılı,f922e0207ff05c1dfca103022f0d5edbbb972b6b126afbfd61fa973a4b1bf525
Astroloji-Ansiklopedisi-M-Ali-Bulut-Yaşar-Sonmez.pdf,Books/b-Lİbrary_Tr-Gen-20260601T232943Z-3-002/b-Lİbrary_Tr-Gen/Genel Kültür/Astroloji-Ansiklopedisi-M-Ali-Bulut-Yaşar-Sonmez.pdf,Astroloji-Ansiklopedisi-M-Ali-Bulut-Yaşar-Sonmez.txt,PDF,369,0,0,Görsel / Taranmış (0 Kelime),c61df6dc096a61b688031a3be56d1c2bfba22c7c4d4030c56f7dc1ffa6dcface
Zengin Baba Yoksul Baba (Robert T. Kiyosaki) (z-lib.org).epub,Books/b-Lİbrary_Tr-Gen-20260601T232943Z-3-002/b-Lİbrary_Tr-Gen/Para-Finans/Zengin Baba Yoksul Baba (Robert T. Kiyosaki) (z-lib.org).epub,Zengin Baba Yoksul Baba (Robert T. Kiyosaki) (z-lib.org).txt,EPUB,292,0,0,Görsel / Metinsiz EPUB,1e539cad8a1b6046d76604c9c31f34ae7a7cdef9ab0b6a973cdc95be9d5525c5
Bilim_Teknik_2012.pdf,Books/b-Lİbrary_Tr-Gen-20260601T232943Z-3-002/b-Lİbrary_Tr-Gen/Bilim Teknik Dergisi/Bilim_Teknik_2012.pdf,Bilim_Teknik_2012.txt,PDF,715,279905,2097960,Başarılı,bf7a1326b42f4f728a71e27555953b3586dbaf68273ade01fcec69d1a5da8c81
Tarihte-Bireyin-Rolu-Georgi-V-Plehanov.pdf,Books/b-Lİbrary_Tr-Gen-20260601T232943Z-3-002/b-Lİbrary_Tr-Gen/Felsefe-Fikriyat/Tarihte-Bireyin-Rolu-Georgi-V-Plehanov.pdf,Tarihte-Bireyin-Rolu-Georgi-V-Plehanov.txt,PDF,100,23562,172210,Başarılı,c6dde3f2a0f31adee5d70c7843a4d6a2d7953df839001470bab232e6dc5d34bf
Koşmasaydım-Yazamazdım-Haruki-Murakami.pdf,Books/b-Lİbrary_Tr-Gen-20260601T232943Z-3-002/b-Lİbrary_Tr-Gen/Kişisel Gelişim/Koşmasaydım-Yazamazdım-Haruki-Murakami.pdf,Koşmasaydım-Yazamazdım-Haruki-Murakami.txt,PDF,163,37683,279501,Başarılı,54fbef44df4b80a71bac4437a72836d857af9a63f3975e25cc91f0d47e766e2c
yuz-okuma-sanati-rehman-sana_Mir.az_.pdf,Books/b-Lİbrary_Tr-Gen-20260601T232943Z-3-002/b-Lİbrary_Tr-Gen/Genel Kültür/yuz-okuma-sanati-rehman-sana_Mir.az_.pdf,yuz-okuma-sanati-rehman-sana_Mir.az_.txt,PDF,188,44007,320616,Başarılı,299733061ead59115d53603b0d22e41d23da6a82931f04f5708c9abfd511224d
Koşmasaydım Yazamazdım (Haruki Murakami) (z-lib.org) (1).epub,Books/b-Lİbrary_Tr-Gen-20260601T232943Z-3-002/b-Lİbrary_Tr-Gen/Kişisel Gelişim/Koşmasaydım Yazamazdım (Haruki Murakami) (z-lib.org) (1).epub,Koşmasaydım Yazamazdım (Haruki Murakami) (z-lib.org) (1).txt,EPUB,135,37682,279724,Başarılı,56c3c1ffa60766fa786cf2716b334067c673342f944463bfcec5d6ad64c97925
İnsanı-Tanıma-Sanatı-Alfred-Adler.pdf,Books/b-Lİbrary_Tr-Gen-20260601T232943Z-3-002/b-Lİbrary_Tr-Gen/Psikoloji/Alfred-Adler/İnsanı-Tanıma-Sanatı-Alfred-Adler.pdf,İnsanı-Tanıma-Sanatı-Alfred-Adler.txt,PDF,268,71274,548088,Başarılı,805156e41145f091c180b5260f58a5fba203916b24c53ff415da194a5c72c9c1
internetten-para-kazanmanın-21-yolu.pdf,Books/b-Lİbrary_Tr-Gen-20260601T232943Z-3-002/b-Lİbrary_Tr-Gen/Reklam-Pazarlama-Satis/Digital Marketing/internetten-para-kazanmanın-21-yolu.pdf,internetten-para-kazanmanın-21-yolu.txt,PDF,32,2375,19876,Başarılı,6905e813d5e4cef3e46fdb8238413a13dddfa9fb246648994a789bf30d7db339
Mehmet-Ali-Bulut-ELFABE.pdf,Books/b-Lİbrary_Tr-Gen-20260601T232943Z-3-002/b-Lİbrary_Tr-Gen/Genel Kültür/Mehmet-Ali-Bulut-ELFABE.pdf,Mehmet-Ali-Bulut-ELFABE.txt,PDF,370,1110,7770,Başarılı,6618ebdfc43aa832d3eadb0315191bb6576b7e6916c96cb406f8d3d69d17c313
A-Dan-Z-Ye-Pazarlama.pdf,Books/b-Lİbrary_Tr-Gen-20260601T232943Z-3-002/b-Lİbrary_Tr-Gen/Reklam-Pazarlama-Satis/A-Dan-Z-Ye-Pazarlama.pdf,A-Dan-Z-Ye-Pazarlama.txt,PDF,225,45898,339811,Başarılı,dda2eb7bcf90bbb479405df78639e6c5fb29b004f345005a668b510dbeb7da07
Bagimlilik Cagi.pdf,Books/b-Lİbrary_Tr-Gen-20260601T232943Z-3-002/b-Lİbrary_Tr-Gen/Reklam-Pazarlama-Satis/Bagimlilik Cagi.pdf,Bagimlilik Cagi.txt,PDF,406,103642,772202,Başarılı,23d8de3e7ed8076be4df36f5499b4f32503b0171925f19ee8b66ceba92cbc2d2
Insan-Vicuduna-Seyahet-Gavin-Francis-Shiirsel-Dash-1975-144s-pdf.pdf,Books/b-Lİbrary_Tr-Gen-20260601T232943Z-3-002/b-Lİbrary_Tr-Gen/Bilim/Insan-Vicuduna-Seyahet-Gavin-Francis-Shiirsel-Dash-1975-144s-pdf.pdf,Insan-Vicuduna-Seyahet-Gavin-Francis-Shiirsel-Dash-1975-144s-pdf.txt,PDF,274,58191,396432,Başarılı,dc4c00a1a7b58bf44edef108277ba72eb4864fa4cb8d5602498ddc9c938b784f
Gorunmeyeni-Satmak-by-Harry-Beckwith.pdf,Books/b-Lİbrary_Tr-Gen-20260601T232943Z-3-002/b-Lİbrary_Tr-Gen/Reklam-Pazarlama-Satis/Gorunmeyeni-Satmak-by-Harry-Beckwith.pdf,Gorunmeyeni-Satmak-by-Harry-Beckwith.txt,PDF,171,38139,287433,Başarılı,1c1cd7f00f844bff4bbd84caebf951949bbfdf45146b67657314e60a087014e0
Bilincaltını-Ayartmak-Reklam-Psikolojisi-1-Robert-Heath.pdf,Books/b-Lİbrary_Tr-Gen-20260601T232943Z-3-002/b-Lİbrary_Tr-Gen/Reklam-Pazarlama-Satis/Bilincaltını-Ayartmak-Reklam-Psikolojisi-1-Robert-Heath.pdf,Bilincaltını-Ayartmak-Reklam-Psikolojisi-1-Robert-Heath.txt,PDF,289,63759,484311,Başarılı,182ce7152dcac9de38e5c6bae8722e0c21f490c0a5c1115e76f6e7eadec7944d
Satis icin ikna-sanatı.pdf,Books/b-Lİbrary_Tr-Gen-20260601T232943Z-3-002/b-Lİbrary_Tr-Gen/Reklam-Pazarlama-Satis/Satis icin ikna-sanatı.pdf,Satis icin ikna-sanatı.txt,PDF,63,833,6004,Başarılı,70b13888aa9dcfd18c59c237161ca5f14890689f2eb9bf451ea9a7991012fbe1
Pazarlama-Ilkeleri.pdf,Books/b-Lİbrary_Tr-Gen-20260601T232943Z-3-002/b-Lİbrary_Tr-Gen/Reklam-Pazarlama-Satis/Pazarlama-Ilkeleri.pdf,Pazarlama-Ilkeleri.txt,PDF,126,3259,26257,Başarılı,7ad2d2fa48a4ccaa428962e3856d89b076aef1070b822a543c1a4b1dd50f0837
Akıllı-Yatırımcı-Benjamin-Graham.pdf,Books/b-Lİbrary_Tr-Gen-20260601T232943Z-3-002/b-Lİbrary_Tr-Gen/Para-Finans/Akıllı-Yatırımcı-Benjamin-Graham.pdf,Akıllı-Yatırımcı-Benjamin-Graham.txt,PDF,290,83462,605058,Başarılı,4bb32fc31801d594ca4d00a05804f6246746d2a2d70a1c372f2b1a4f61f38bc1
Ofke-Kontrol-Rehberi-Robert-Puff-James-Seghers.pdf,Books/b-Lİbrary_Tr-Gen-20260601T232943Z-3-002/b-Lİbrary_Tr-Gen/Psikoloji/Ofke/Ofke-Kontrol-Rehberi-Robert-Puff-James-Seghers.pdf,Ofke-Kontrol-Rehberi-Robert-Puff-James-Seghers.txt,PDF,382,70161,523906,Başarılı,8fb4f4aa2e962074615561cca2f0251035a17bb0be705ebac8fd4dd3cc6eea2f
Herkes-İcin-Satış-101-Wendy-Connick.pdf,Books/b-Lİbrary_Tr-Gen-20260601T232943Z-3-002/b-Lİbrary_Tr-Gen/Reklam-Pazarlama-Satis/Herkes-İcin-Satış-101-Wendy-Connick.pdf,Herkes-İcin-Satış-101-Wendy-Connick.txt,PDF,239,47104,346556,Başarılı,890c3e89b57c9a7f22f2131e828b0e50876ecb277b04a8674dbb1f355590f3fe
Reklam-Aybike-Serttaş-Ertiken.pdf,Books/b-Lİbrary_Tr-Gen-20260601T232943Z-3-002/b-Lİbrary_Tr-Gen/Reklam-Pazarlama-Satis/Reklam-Aybike-Serttaş-Ertiken.pdf,Reklam-Aybike-Serttaş-Ertiken.txt,PDF,244,44467,346111,Başarılı,1e57d2bfb77a25b8dd86974474aecb94c113a05b4615e97aaf718d2502a6502b
Sosyal-Medya-Dijital-Pazarlama-Yeni-Medya-nın-Felsefesi.pdf,Books/b-Lİbrary_Tr-Gen-20260601T232943Z-3-002/b-Lİbrary_Tr-Gen/Reklam-Pazarlama-Satis/Sosyal Medya Marketing/Sosyal-Medya-Dijital-Pazarlama-Yeni-Medya-nın-Felsefesi.pdf,Sosyal-Medya-Dijital-Pazarlama-Yeni-Medya-nın-Felsefesi.txt,PDF,42,7435,57530,Başarılı,a4ac6ca16ca1dbd86105c35dea9b36292750e467801b635e79f7a1188a115cb0
Pazarlama-Savaşları-Jack-Trout-Al-Ries.pdf,Books/b-Lİbrary_Tr-Gen-20260601T232943Z-3-002/b-Lİbrary_Tr-Gen/Reklam-Pazarlama-Satis/Pazarlama-Savaşları-Jack-Trout-Al-Ries.pdf,Pazarlama-Savaşları-Jack-Trout-Al-Ries.txt,PDF,231,50905,365209,Başarılı,87034a641d7bd40623b8806b39db1406bce832894abaed287d278c956548d019
Instagramda-Organik-Buyume-Taktikleri.pdf,Books/b-Lİbrary_Tr-Gen-20260601T232943Z-3-002/b-Lİbrary_Tr-Gen/Reklam-Pazarlama-Satis/Sosyal Medya Marketing/Instagramda-Organik-Buyume-Taktikleri.pdf,Instagramda-Organik-Buyume-Taktikleri.txt,PDF,96,6086,51617,Başarılı,6efa6e69d1630f43f09c5930c6608b91f3241eb6df8bf6f8fe4b5f54b7096fe4
İcerik-Yazarlığı-Ders-Sunumu.pdf,Books/b-Lİbrary_Tr-Gen-20260601T232943Z-3-002/b-Lİbrary_Tr-Gen/Reklam-Pazarlama-Satis/İcerik-Yazarlığı-Ders-Sunumu.pdf,İcerik-Yazarlığı-Ders-Sunumu.txt,PDF,42,1396,10258,Başarılı,691d5048a9208db682f7c9fd6540b9c356f3fb25551b4d221680cb114aaba095
Simyacı-Paulo-Coelho.pdf,Books/b-Lİbrary_Tr-Gen-20260601T232943Z-3-002/b-Lİbrary_Tr-Gen/Roman_Ybn/Simyacı-Paulo-Coelho.pdf,Simyacı-Paulo-Coelho.txt,PDF,260,30148,223366,Başarılı,0d9bc0dc651e1a7d0d3f61f1ef2163b42898de35d5bcbebac12c4b8f534b410c
iletisim-odakli-pazarlama-izzet-bozkurt.pdf,Books/b-Lİbrary_Tr-Gen-20260601T232943Z-3-002/b-Lİbrary_Tr-Gen/Reklam-Pazarlama-Satis/iletisim-odakli-pazarlama-izzet-bozkurt.pdf,iletisim-odakli-pazarlama-izzet-bozkurt.txt,PDF,288,69634,570191,Başarılı,71ac054de290fca184d0752ae9d4a63d3a82515ed83a020849c98f3d40ac892c
Kemal-Tahir-Kurt-Kanunu.pdf,Books/b-Lİbrary_Tr-Gen-20260601T232943Z-3-002/b-Lİbrary_Tr-Gen/Roman_Tr/Kemal-Tahir-Kurt-Kanunu.pdf,Kemal-Tahir-Kurt-Kanunu.txt,PDF,189,62088,473654,Başarılı,618571bc80fa200a07f27037f539e97181d1ed790e73a5540d6ea997db9afa2b
Sanat-101.pdf,Books/b-Lİbrary_Tr-Gen-20260601T232943Z-3-002/b-Lİbrary_Tr-Gen/Sanat/Sanat-101.pdf,Sanat-101.txt,PDF,296,60919,427190,Başarılı,1416d3182522a31298f979c5445dc5c2531535f3d17da4aba9f584f7ac45e5d4
Dijital-Cağda-Dost-Kazanma-Ve-İnsanları-Etkileme-Dale-Carnegie.pdf,Books/b-Lİbrary_Tr-Gen-20260601T232943Z-3-002/b-Lİbrary_Tr-Gen/İletişim ve catisma/Dijital-Cağda-Dost-Kazanma-Ve-İnsanları-Etkileme-Dale-Carnegie.pdf,Dijital-Cağda-Dost-Kazanma-Ve-İnsanları-Etkileme-Dale-Carnegie.txt,PDF,289,47668,356879,Başarılı,591f123ec298bf0f8bebc0fed16c02356eeaa62901a3829dd3c3a2c10c3931a0
Estetik-Suut-Kemal-Yetkin.pdf,Books/b-Lİbrary_Tr-Gen-20260601T232943Z-3-002/b-Lİbrary_Tr-Gen/Sanat/Estetik-Suut-Kemal-Yetkin.pdf,Estetik-Suut-Kemal-Yetkin.txt,PDF,100,23875,170128,Başarılı,305730c132d9d620e5eeb97d6de8a719f5c1fc02d11d7c29cda9d69813acc93a
Kozmos-Evrenin-ve-Yaşamın-Sırları-Carl-Sagan.pdf,Books/b-Lİbrary_Tr-Gen-20260601T232943Z-3-002/b-Lİbrary_Tr-Gen/Bilim/Kozmos-Evrenin-ve-Yaşamın-Sırları-Carl-Sagan.pdf,Kozmos-Evrenin-ve-Yaşamın-Sırları-Carl-Sagan.txt,PDF,399,91908,691725,Başarılı,01ba1babdb07f95823054bf2dc7de8ddff508b8ba24c5463e1ad9d8d5393265b
En-iyi-Hikayeyi-Anlatan-Kazanir.pdf,Books/b-Lİbrary_Tr-Gen-20260601T232943Z-3-002/b-Lİbrary_Tr-Gen/İletişim ve catisma/En-iyi-Hikayeyi-Anlatan-Kazanir.pdf,En-iyi-Hikayeyi-Anlatan-Kazanir.txt,PDF,327,42260,323269,Başarılı,26c629d514f1333aa00c2284c95d6673f6044c5e860cb4a2fdcc0fb1c66f84d2
Kelimeler-Beyninizi-Değiştirebilir.pdf,Books/b-Lİbrary_Tr-Gen-20260601T232943Z-3-002/b-Lİbrary_Tr-Gen/İletişim ve catisma/Kelimeler-Beyninizi-Değiştirebilir.pdf,Kelimeler-Beyninizi-Değiştirebilir.txt,PDF,250,57330,431966,Başarılı,fb2897021340da714c085f6742ee499f795041bc36438d371348d88b2a7668f6
Evlilik-Psikolojisi-Nevzat-Tarhan.pdf,Books/b-Lİbrary_Tr-Gen-20260601T232943Z-3-003/b-Lİbrary_Tr-Gen/Aile/Evlilik-Psikolojisi-Nevzat-Tarhan.pdf,Evlilik-Psikolojisi-Nevzat-Tarhan.txt,PDF,163,0,0,Görsel / Taranmış (0 Kelime),de5b8a87c75d080252fd7e8087b9d3a96438daa74db3c24186afce327f2377b5
İnsanların-Oynadığı-Oyunlar-Eric-Berne.pdf,Books/b-Lİbrary_Tr-Gen-20260601T232943Z-3-002/b-Lİbrary_Tr-Gen/İletişim ve catisma/İnsanların-Oynadığı-Oyunlar-Eric-Berne.pdf,İnsanların-Oynadığı-Oyunlar-Eric-Berne.txt,PDF,268,54302,390701,Başarılı,59914d5564ea0c410d3a05740b756ccb35a0ff9c0f741d751f0d7be7536ce14f
iyi-Gunde-Kotu-Gunde-Evlilik-Farika-Teymur-Artir.pdf,Books/b-Lİbrary_Tr-Gen-20260601T232943Z-3-003/b-Lİbrary_Tr-Gen/Aile/iyi-Gunde-Kotu-Gunde-Evlilik-Farika-Teymur-Artir.pdf,iyi-Gunde-Kotu-Gunde-Evlilik-Farika-Teymur-Artir.txt,PDF,184,33033,240261,Başarılı,ff94cdab4a123775842c5f7b70e13c151fd4407ff2ebddcc53ec47d4aa9c7cb7
Tutunamayanlar (Atay Oğuz) (z-lib.org).epub,Books/b-Lİbrary_Tr-Gen-20260601T232943Z-3-002/b-Lİbrary_Tr-Gen/Roman_Tr/Tutunamayanlar (Atay Oğuz) (z-lib.org).epub,Tutunamayanlar (Atay Oğuz) (z-lib.org).txt,EPUB,512,161945,1235536,Başarılı,3ce69eeba757f53ff0687e1febea81afa3e45c597a313890ff99d044426946dc
Başarıya-Goturen-Aile-Doğan-Cuceloğlu.pdf,Books/b-Lİbrary_Tr-Gen-20260601T232943Z-3-003/b-Lİbrary_Tr-Gen/Aile/Başarıya-Goturen-Aile-Doğan-Cuceloğlu.pdf,Başarıya-Goturen-Aile-Doğan-Cuceloğlu.txt,PDF,141,31381,225677,Başarılı,acbfd42891f0b138f392327801b5d1864cff714ada6bc28fc40bb2bbcff51bf4
Kemal-Tahir-Yorgun-Savaşcı.pdf,Books/b-Lİbrary_Tr-Gen-20260601T232943Z-3-002/b-Lİbrary_Tr-Gen/Roman_Tr/Kemal-Tahir-Yorgun-Savaşcı.pdf,Kemal-Tahir-Yorgun-Savaşcı.txt,PDF,951,104985,780032,Başarılı,7031b868969dc36c813ccfa7d900e1f7c0ef319b41e297b52a0a816cd8cb934f
Tutunamayanlar (Oğuz Atay) (z-lib.org).pdf,Books/b-Lİbrary_Tr-Gen-20260601T232943Z-3-002/b-Lİbrary_Tr-Gen/Roman_Tr/Tutunamayanlar (Oğuz Atay) (z-lib.org).pdf,Tutunamayanlar (Oğuz Atay) (z-lib.org).txt,PDF,712,172179,1258275,Başarılı,8a756a854a034fd67ddfedfee0676963176d7d3548bd627221e0018d50586864
ABD-Tarihi.pdf,Books/b-Lİbrary_Tr-Gen-20260601T232943Z-3-002/b-Lİbrary_Tr-Gen/Us Book/ABD-Tarihi.pdf,ABD-Tarihi.txt,PDF,555,141056,1049370,Başarılı,3942b188daa79ba36671893bd15f4365d771cf3017e1deee51b8e10d57a870df
Kazanmayı-Oğren-Peter-Lynch-John-Rothchild (1).pdf,Books/b-Lİbrary_Tr-Gen-20260601T232943Z-3-002/b-Lİbrary_Tr-Gen/Para-Finans/Kazanmayı-Oğren-Peter-Lynch-John-Rothchild (1).pdf,Kazanmayı-Oğren-Peter-Lynch-John-Rothchild (1).txt,PDF,298,72300,518443,Başarılı,a25dea1bfb8b9aff2cae3bd3582c56b2d31eace6a27828e530624416f7e83778
3 Saniyede-Karşınızdaki-İnsanı-Nasıl-Anlarsınız-pdf.pdf,Books/b-Lİbrary_Tr-Gen-20260601T232943Z-3-003/b-Lİbrary_Tr-Gen/Beden Dili/3 Saniyede-Karşınızdaki-İnsanı-Nasıl-Anlarsınız-pdf.pdf,3 Saniyede-Karşınızdaki-İnsanı-Nasıl-Anlarsınız-pdf.txt,PDF,221,47822,333363,Başarılı,761f5f0e00c966994d4ffa1054f3e32712dbb42520161a7fba002cfe449cb875
"Dikkat Vücudunuz Konuşuyor (İzgören, Ahmet Şerif) (z-lib.org).epub","Books/b-Lİbrary_Tr-Gen-20260601T232943Z-3-003/b-Lİbrary_Tr-Gen/Beden Dili/Dikkat Vücudunuz Konuşuyor (İzgören, Ahmet Şerif) (z-lib.org).epub","Dikkat Vücudunuz Konuşuyor (İzgören, Ahmet Şerif) (z-lib.org).txt",EPUB,197,30986,227354,Başarılı,ef92c5aa8caab45c75738723eb8353d5d422463719f27bb86256e60639586aa6
Beden-Dili-Joe-Navarro.pdf,Books/b-Lİbrary_Tr-Gen-20260601T232943Z-3-003/b-Lİbrary_Tr-Gen/Beden Dili/Beden-Dili-Joe-Navarro.pdf,Beden-Dili-Joe-Navarro.txt,PDF,294,61192,459465,Başarılı,6c6610339f298c066dc384acefa851546c7d771253c206e962ca4f5ba4652127
Kısa-ABD-Tarihi-James-West-Davidson.pdf,Books/b-Lİbrary_Tr-Gen-20260601T232943Z-3-002/b-Lİbrary_Tr-Gen/Us Book/Kısa-ABD-Tarihi-James-West-Davidson.pdf,Kısa-ABD-Tarihi-James-West-Davidson.txt,PDF,418,96444,714553,Başarılı,a20e81b22f6fdb5b69c56bffd60c8e5764765cb741de1d4d9849d8a15622f133
Beden-Dili-Allan-Pease.pdf,Books/b-Lİbrary_Tr-Gen-20260601T232943Z-3-003/b-Lİbrary_Tr-Gen/Beden Dili/Beden-Dili-Allan-Pease.pdf,Beden-Dili-Allan-Pease.txt,PDF,204,33800,248811,Başarılı,3b24d7906e79beb14a2a513aee0f4a9aa326314b3f66f3399b46f58882624380
Beyin-gucu.pdf,Books/b-Lİbrary_Tr-Gen-20260601T232943Z-3-003/b-Lİbrary_Tr-Gen/Beyin ve Hafıza/Beyin/Beyin-gucu.pdf,Beyin-gucu.txt,PDF,64,9245,68029,Başarılı,10f5485cd32aa2967710eb34972e86725a35b0813a0119b18c1e32e3bfe21270
Bilincaltinin-Gucu-Joseph-Murphy-PDF.pdf,Books/b-Lİbrary_Tr-Gen-20260601T232943Z-3-003/b-Lİbrary_Tr-Gen/Beyin ve Hafıza/Bilincalti/Bilincaltinin-Gucu-Joseph-Murphy-PDF.pdf,Bilincaltinin-Gucu-Joseph-Murphy-PDF.txt,PDF,14,973,7722,Başarılı,85d6d54ae38e5dd42cc5ff8a32e114cc44e3ea30367f4315c4dd049a1c338ace
insanları-Okumak-Jo-Ellan-Dimitrius.pdf,Books/b-Lİbrary_Tr-Gen-20260601T232943Z-3-003/b-Lİbrary_Tr-Gen/Beden Dili/insanları-Okumak-Jo-Ellan-Dimitrius.pdf,insanları-Okumak-Jo-Ellan-Dimitrius.txt,PDF,458,111365,817737,Başarılı,7feae354a6d66f318e295372ff4d6660dc2e031a88c19b18dca4ca21c5ce04e6
Beyin Bagırsak Baglantısı-Emeran-Mayer.pdf,Books/b-Lİbrary_Tr-Gen-20260601T232943Z-3-003/b-Lİbrary_Tr-Gen/Beyin ve Hafıza/Beyin/Beyin Bagırsak Baglantısı-Emeran-Mayer.pdf,Beyin Bagırsak Baglantısı-Emeran-Mayer.txt,PDF,305,72050,565606,Başarılı,104bb8525fdbd68e6d27c5b248a875533030e5cd1d9282de8a6b124124924150
Aptal-Beyin-Dean-Burnett.pdf,Books/b-Lİbrary_Tr-Gen-20260601T232943Z-3-003/b-Lİbrary_Tr-Gen/Beyin ve Hafıza/Beyin/Aptal-Beyin-Dean-Burnett.pdf,Aptal-Beyin-Dean-Burnett.txt,PDF,251,75287,567104,Başarılı,d617150acda46cc4f2fa02ad5b1e745687d12cdd22bcdbea6a660715937c6a30
Mutlu-Beyin-Loretta-Graziano-Breuning.pdf,Books/b-Lİbrary_Tr-Gen-20260601T232943Z-3-003/b-Lİbrary_Tr-Gen/Beyin ve Hafıza/Beyin/Mutlu-Beyin-Loretta-Graziano-Breuning.pdf,Mutlu-Beyin-Loretta-Graziano-Breuning.txt,PDF,175,37220,296387,Başarılı,30c313cfaae56315204b19213835e57447edd561a43dd490463b554f54305396
Kulahıma-Anlat-Yalan-Dunyasında-ve-Sosyal-Hayatta-Beden-Emrah-Akcay.pdf,Books/b-Lİbrary_Tr-Gen-20260601T232943Z-3-003/b-Lİbrary_Tr-Gen/Beden Dili/Kulahıma-Anlat-Yalan-Dunyasında-ve-Sosyal-Hayatta-Beden-Emrah-Akcay.pdf,Kulahıma-Anlat-Yalan-Dunyasında-ve-Sosyal-Hayatta-Beden-Emrah-Akcay.txt,PDF,385,99837,740062,Başarılı,d1fe7fd5804d451f6760868435679cde5f1f53b01c476ff0a996a834eca7e011
Bilincaltının-Gucu-Joseph-Murphy-K.pdf,Books/b-Lİbrary_Tr-Gen-20260601T232943Z-3-003/b-Lİbrary_Tr-Gen/Beyin ve Hafıza/Bilincalti/Bilincaltının-Gucu-Joseph-Murphy-K.pdf,Bilincaltının-Gucu-Joseph-Murphy-K.txt,PDF,276,55994,413656,Başarılı,22dbbc514fed27dd98b195bfb690b35da73f814059182ab551b720657d62e864
Guclu-Hafıza-Teknikleri-A-William-Deckard.pdf,Books/b-Lİbrary_Tr-Gen-20260601T232943Z-3-003/b-Lİbrary_Tr-Gen/Beyin ve Hafıza/Hafiza/Guclu-Hafıza-Teknikleri-A-William-Deckard.pdf,Guclu-Hafıza-Teknikleri-A-William-Deckard.txt,PDF,233,29570,209644,Başarılı,02679d359dac5aeba04678ae20b18dfe2c429e4c46b37e30d0e7ff390c2708bb
Gizli-Hipnoz-Tekniklerine-Giriş.pdf,Books/b-Lİbrary_Tr-Gen-20260601T232943Z-3-003/b-Lİbrary_Tr-Gen/Beyin ve Hafıza/Hipnoz/Gizli-Hipnoz-Tekniklerine-Giriş.pdf,Gizli-Hipnoz-Tekniklerine-Giriş.txt,PDF,8,671,5294,Başarılı,bb5e49799d18fa572b141018147a8562b09bc169644598b3895099d4c3b606d6
En-Derin-Hipnozumuz-Değersizlik-Inanci-Bulent-Uran.pdf,Books/b-Lİbrary_Tr-Gen-20260601T232943Z-3-003/b-Lİbrary_Tr-Gen/Beyin ve Hafıza/Hipnoz/En-Derin-Hipnozumuz-Değersizlik-Inanci-Bulent-Uran.pdf,En-Derin-Hipnozumuz-Değersizlik-Inanci-Bulent-Uran.txt,PDF,348,0,0,Görsel / Taranmış (0 Kelime),64c148282336fe1411f5f4cfaf13c7b349ec17a7203a450cbf15ee5f75fcc3d6
Beyin-ve-Zihin-Jeffrey-M-Schwartz-Sharon-Begley.pdf,Books/b-Lİbrary_Tr-Gen-20260601T232943Z-3-003/b-Lİbrary_Tr-Gen/Beyin ve Hafıza/Beyin/Beyin-ve-Zihin-Jeffrey-M-Schwartz-Sharon-Begley.pdf,Beyin-ve-Zihin-Jeffrey-M-Schwartz-Sharon-Begley.txt,PDF,348,111251,803609,Başarılı,1d623bac46fd106a76c1595dc7fd68e6aa891d8c64e7a15e947cbea5bbdb274a
Herkes-icin-Hipnoz.pdf,Books/b-Lİbrary_Tr-Gen-20260601T232943Z-3-003/b-Lİbrary_Tr-Gen/Beyin ve Hafıza/Hipnoz/Herkes-icin-Hipnoz.pdf,Herkes-icin-Hipnoz.txt,PDF,103,0,0,Görsel / Taranmış (0 Kelime),2119fa0275260495e8c69943eeab6ff59ce435f7216d00adbd3f253fa1456d38
Hipnoz-Tahir-Ozakkaş.pdf,Books/b-Lİbrary_Tr-Gen-20260601T232943Z-3-003/b-Lİbrary_Tr-Gen/Beyin ve Hafıza/Hipnoz/Hipnoz-Tahir-Ozakkaş.pdf,Hipnoz-Tahir-Ozakkaş.txt,PDF,501,0,0,Görsel / Taranmış (0 Kelime),d374c1736808cc00dc9d5bce7712dbf28972e811657f2d87cac85d499728af18
Hipnoz-Bruce-Goldberg.pdf,Books/b-Lİbrary_Tr-Gen-20260601T232943Z-3-003/b-Lİbrary_Tr-Gen/Beyin ve Hafıza/Hipnoz/Hipnoz-Bruce-Goldberg.pdf,Hipnoz-Bruce-Goldberg.txt,PDF,273,28639,219682,Başarılı,cd6b40d71423078e27ec4ee2261479fc884938ece64878c169e54900cec2cf9c
Hipnoz-Ve-Beyin-Bulend-Uran.pdf,Books/b-Lİbrary_Tr-Gen-20260601T232943Z-3-003/b-Lİbrary_Tr-Gen/Beyin ve Hafıza/Hipnoz/Hipnoz-Ve-Beyin-Bulend-Uran.pdf,Hipnoz-Ve-Beyin-Bulend-Uran.txt,PDF,263,64155,499248,Başarılı,011682a641d869f8f830ade5a1419e3da2d60917b297f8926d76df9ffb818cfb
NLP-Zihninizi-Kullanma-Kilavuzu.pdf,Books/b-Lİbrary_Tr-Gen-20260601T232943Z-3-003/b-Lİbrary_Tr-Gen/Beyin ve Hafıza/NLP/NLP-Zihninizi-Kullanma-Kilavuzu.pdf,NLP-Zihninizi-Kullanma-Kilavuzu.txt,PDF,224,0,0,Görsel / Taranmış (0 Kelime),cf75fb2507dc076f6f64c95b73aabf4ce6606ca38c70ae3dd7900883ce306ffe
NLP-Potansiyelinizi-En-Ust-Duzeye-Cıkarın-Victoria-Price.pdf,Books/b-Lİbrary_Tr-Gen-20260601T232943Z-3-003/b-Lİbrary_Tr-Gen/Beyin ve Hafıza/NLP/NLP-Potansiyelinizi-En-Ust-Duzeye-Cıkarın-Victoria-Price.pdf,NLP-Potansiyelinizi-En-Ust-Duzeye-Cıkarın-Victoria-Price.txt,PDF,89,16342,130050,Başarılı,88f8348c5c8fa87186cdacc983bd8c7ae6be6600db807ba50e5957f624b654c4
Hipnoz-Telkinleri-Bulend-Uran.pdf,Books/b-Lİbrary_Tr-Gen-20260601T232943Z-3-003/b-Lİbrary_Tr-Gen/Beyin ve Hafıza/Hipnoz/Hipnoz-Telkinleri-Bulend-Uran.pdf,Hipnoz-Telkinleri-Bulend-Uran.txt,PDF,370,58792,376921,Başarılı,b11026567f2fdc9c474a66ef72762744464ae50afb4f276a9ccee1ab70e9ef00
NLP-ye-Nihai-Giriş-Başarılı-bir-yaşam-nasıl-kurulur.pdf,Books/b-Lİbrary_Tr-Gen-20260601T232943Z-3-003/b-Lİbrary_Tr-Gen/Beyin ve Hafıza/NLP/NLP-ye-Nihai-Giriş-Başarılı-bir-yaşam-nasıl-kurulur.pdf,NLP-ye-Nihai-Giriş-Başarılı-bir-yaşam-nasıl-kurulur.txt,PDF,134,23666,178324,Başarılı,dc6a867cc5844d21b90c944a6e43a71467d1e3cc7535692673ba11410b8ef598
Nlp-ile-Hafiza.pdf,Books/b-Lİbrary_Tr-Gen-20260601T232943Z-3-003/b-Lİbrary_Tr-Gen/Beyin ve Hafıza/NLP/Nlp-ile-Hafiza.pdf,Nlp-ile-Hafiza.txt,PDF,139,20078,148120,Başarılı,7c50da1ef0bff40d51ecf7c6d30cd13d86ef3d7853eaa173b27c3c7853d54740
Bilincaltı-Zihninizin-Gucu-C-James-Jensen.pdf,Books/b-Lİbrary_Tr-Gen-20260601T232943Z-3-003/b-Lİbrary_Tr-Gen/Beyin ve Hafıza/Bilincalti/Bilincaltı-Zihninizin-Gucu-C-James-Jensen.pdf,Bilincaltı-Zihninizin-Gucu-C-James-Jensen.txt,PDF,218,42258,321267,Başarılı,4ae9ad4e45bf61ffa4873de2c23921ce4c221f41902b00d62c231add2241e0e4
Nlp-yeni-baslayanlar.pdf,Books/b-Lİbrary_Tr-Gen-20260601T232943Z-3-003/b-Lİbrary_Tr-Gen/Beyin ve Hafıza/NLP/Nlp-yeni-baslayanlar.pdf,Nlp-yeni-baslayanlar.txt,PDF,21,11069,77780,Başarılı,c3dcac3a7317d93cdbc0ee95bf0dc6741475adb10d5c2dbd2e544d0f80c3c2e4
Zihnin-Anahtarları-Hipnoz.pdf,Books/b-Lİbrary_Tr-Gen-20260601T232943Z-3-003/b-Lİbrary_Tr-Gen/Beyin ve Hafıza/Hipnoz/Zihnin-Anahtarları-Hipnoz.pdf,Zihnin-Anahtarları-Hipnoz.txt,PDF,262,58237,457162,Başarılı,6aef791e3d6af8864e0c10ba27bf5a70a18bf0769b6f7528b7e1daa88e4e7c1b
Beynin-Şifa-Bulma-Gucu-Norman-Doidge.pdf,Books/b-Lİbrary_Tr-Gen-20260601T232943Z-3-003/b-Lİbrary_Tr-Gen/Beyin ve Hafıza/Beyin/Beynin-Şifa-Bulma-Gucu-Norman-Doidge.pdf,Beynin-Şifa-Bulma-Gucu-Norman-Doidge.txt,PDF,523,136443,1029550,Başarılı,f9d2cfd00016104b1f07df2d259bda390faaf82696f0119da10411eccf2ecd96
Uygulamalarla-NLP-Sue-Knight.pdf,Books/b-Lİbrary_Tr-Gen-20260601T232943Z-3-003/b-Lİbrary_Tr-Gen/Beyin ve Hafıza/NLP/Uygulamalarla-NLP-Sue-Knight.pdf,Uygulamalarla-NLP-Sue-Knight.txt,PDF,302,47760,370354,Başarılı,1fe3b9ce15e99f9e37340e30b4cc262ddf2cc72c290905ddbd7bab42fce4971a
Avrupada Aydınlanma (Ulrich Im Hof) (z-lib.org).pdf,Books/b-Lİbrary_Tr-Gen-20260601T232943Z-3-003/b-Lİbrary_Tr-Gen/Felsefe-Fikriyat/Avrupada Aydınlanma (Ulrich Im Hof) (z-lib.org).pdf,Avrupada Aydınlanma (Ulrich Im Hof) (z-lib.org).txt,PDF,279,70242,521695,Başarılı,7ac06f1216e3f43fce92d54adad768abf2dd2722b356aabd3fa8764baab2da6e
Kişilik-Tipleri-Richard-riso.pdf,Books/b-Lİbrary_Tr-Gen-20260601T232943Z-3-003/b-Lİbrary_Tr-Gen/Enneagram_PDF/Kişilik-Tipleri-Richard-riso.pdf,Kişilik-Tipleri-Richard-riso.txt,PDF,375,86529,626066,Başarılı,4673c601360a4f95d1b16a2ffbca7f76678d8ddef91a9b3dd29063fd94661723
Enneagram-Don-Richard-Riso-Russ-Hudson.pdf,Books/b-Lİbrary_Tr-Gen-20260601T232943Z-3-003/b-Lİbrary_Tr-Gen/Enneagram_PDF/Enneagram-Don-Richard-Riso-Russ-Hudson.pdf,Enneagram-Don-Richard-Riso-Russ-Hudson.txt,PDF,291,73704,580432,Başarılı,ad04e6cf70c88a545a8ac94daa2d722544dd49bdc738611a426bdc7c283f53a5
Bertrand-Russell-Neden-Hristiyan-Değilim.pdf,Books/b-Lİbrary_Tr-Gen-20260601T232943Z-3-003/b-Lİbrary_Tr-Gen/Felsefe-Fikriyat/Bertrand-Russell-Neden-Hristiyan-Değilim.pdf,Bertrand-Russell-Neden-Hristiyan-Değilim.txt,PDF,212,46326,348211,Başarılı,a508caa18d1fc9df111bd74089dba3d1955039ecdcd101dae56e2b5ab48bb8e0
Eşitsizliğin-Bedeli.pdf,Books/b-Lİbrary_Tr-Gen-20260601T232943Z-3-003/b-Lİbrary_Tr-Gen/Ekonomi/Eşitsizliğin-Bedeli.pdf,Eşitsizliğin-Bedeli.txt,PDF,378,146507,1108746,Başarılı,56d9277865ac20f066da8ea2f12d957b0afda3a74586151aaeb71d85f6353a69
Burokrasi-Ludwig-von-Mises.pdf,Books/b-Lİbrary_Tr-Gen-20260601T232943Z-3-003/b-Lİbrary_Tr-Gen/Felsefe-Fikriyat/Burokrasi-Ludwig-von-Mises.pdf,Burokrasi-Ludwig-von-Mises.txt,PDF,174,32925,259304,Başarılı,e9cdc494ecc18b19812accc1d45c4573f23498cdf064848a5a7f4b1d6493d5c6
Dıiyojen-Sen-Beni-Asagılayabilirsin-Ama-Ben-Asagılanmam.pdf,Books/b-Lİbrary_Tr-Gen-20260601T232943Z-3-003/b-Lİbrary_Tr-Gen/Felsefe-Fikriyat/Dıiyojen-Sen-Beni-Asagılayabilirsin-Ama-Ben-Asagılanmam.pdf,Dıiyojen-Sen-Beni-Asagılayabilirsin-Ama-Ben-Asagılanmam.txt,PDF,73,9615,64670,Başarılı,550c0db9b7818f27fb5b0dd1fe4c2192e705196a243eb093317e4d17da3b451f
Evlilik-Hipnozu-Bulent-Uran.pdf,Books/b-Lİbrary_Tr-Gen-20260601T232943Z-3-003/b-Lİbrary_Tr-Gen/Beyin ve Hafıza/Hipnoz/Evlilik-Hipnozu-Bulent-Uran.pdf,Evlilik-Hipnozu-Bulent-Uran.txt,PDF,226,52791,375165,Başarılı,a271feb6ddecec28df8ab3e6db76bec4d9f20e900de29ec48b5637184862b524
Curumenin-Kitabı-E-M-Cioran.pdf,Books/b-Lİbrary_Tr-Gen-20260601T232943Z-3-003/b-Lİbrary_Tr-Gen/Felsefe-Fikriyat/Curumenin-Kitabı-E-M-Cioran.pdf,Curumenin-Kitabı-E-M-Cioran.txt,PDF,170,51325,365555,Başarılı,4aeed6ef86e54a93800afbf996ab2c5b0f23b2135220dd410075f378715f09b0
Beden-Dili-Kutsal-Kitabı-Judi-James.pdf,Books/b-Lİbrary_Tr-Gen-20260601T232943Z-3-003/b-Lİbrary_Tr-Gen/Beden Dili/Beden-Dili-Kutsal-Kitabı-Judi-James.pdf,Beden-Dili-Kutsal-Kitabı-Judi-James.txt,PDF,321,64494,471554,Başarılı,2a61fba1137102184cf8b3f3f75ca7bd8e6973b2530baeb856a8e29406161819
Einstein-Fikirler-ve-Tercihler.pdf,Books/b-Lİbrary_Tr-Gen-20260601T232943Z-3-003/b-Lİbrary_Tr-Gen/Felsefe-Fikriyat/Einstein-Fikirler-ve-Tercihler.pdf,Einstein-Fikirler-ve-Tercihler.txt,PDF,240,48729,356079,Başarılı,9f8f5b8ea4cb0175bb584c537f28f44cfb0829a40245faef68d81af594e17095
Erıc-Hoffer-Kesin-İnanclılar.pdf,Books/b-Lİbrary_Tr-Gen-20260601T232943Z-3-003/b-Lİbrary_Tr-Gen/Felsefe-Fikriyat/Erıc-Hoffer-Kesin-İnanclılar.pdf,Erıc-Hoffer-Kesin-İnanclılar.txt,PDF,193,39086,283928,Başarılı,f2d808a27fa130d53ae59c4089f306e655efb9f9f7246af3240eaae6305a6ec5
Epiktetos-Duşunceler-ve-Sohbetler.pdf,Books/b-Lİbrary_Tr-Gen-20260601T232943Z-3-003/b-Lİbrary_Tr-Gen/Felsefe-Fikriyat/Epictetos/Epiktetos-Duşunceler-ve-Sohbetler.pdf,Epiktetos-Duşunceler-ve-Sohbetler.txt,PDF,146,26556,183460,Başarılı,56007789e843964089abdc3df3777a775103cf17fb32c11cb9fb39546d15781a
Felsefe-Yeni-Baslayanlar-Icin-Richard-Osborne.pdf,Books/b-Lİbrary_Tr-Gen-20260601T232943Z-3-003/b-Lİbrary_Tr-Gen/Felsefe-Fikriyat/Felsefe-Genel/Felsefe-Yeni-Baslayanlar-Icin-Richard-Osborne.pdf,Felsefe-Yeni-Baslayanlar-Icin-Richard-Osborne.txt,PDF,188,27681,208817,Başarılı,220c0e52c0746717c4aec5f111dad315af648de405ab374627bf2e606092bf0c
Epiktetos-Duşunceler-Ve-Konuşmalar-İnkılap-Yayınları.pdf,Books/b-Lİbrary_Tr-Gen-20260601T232943Z-3-003/b-Lİbrary_Tr-Gen/Felsefe-Fikriyat/Epictetos/Epiktetos-Duşunceler-Ve-Konuşmalar-İnkılap-Yayınları.pdf,Epiktetos-Duşunceler-Ve-Konuşmalar-İnkılap-Yayınları.txt,PDF,487,90857,647276,Başarılı,ba02823d6c9b52b46729ed51a4bac93f0c1cb2d1d2a69ddc7467ec286809e08d
Cocuklarda-Dil-Ve-Konuşma-Bozuklukları-Barış-Korkmaz.pdf,Books/b-Lİbrary_Tr-Gen-20260601T232943Z-3-003/b-Lİbrary_Tr-Gen/Cocuk Gelisimi/Cocuklarda-Dil-Ve-Konuşma-Bozuklukları-Barış-Korkmaz.pdf,Cocuklarda-Dil-Ve-Konuşma-Bozuklukları-Barış-Korkmaz.txt,PDF,348,175593,1258411,Başarılı,751a5800a06d3eae007fc32c7e581d58801a398c8ac78ba1f0bc04eebe53b708
Felsefenin-Kisa-Tarihi-Nigel-Warburton.pdf,Books/b-Lİbrary_Tr-Gen-20260601T232943Z-3-003/b-Lİbrary_Tr-Gen/Felsefe-Fikriyat/Felsefe-Genel/Felsefenin-Kisa-Tarihi-Nigel-Warburton.pdf,Felsefenin-Kisa-Tarihi-Nigel-Warburton.txt,PDF,359,59028,424119,Başarılı,9c14fd7623c0e5b95bcd20a20c2139bcfd6346523fcb1fda7eb9e78e0a719393
Felsefenin-Kısa-Tarihi-Peter-Gibson.pdf,Books/b-Lİbrary_Tr-Gen-20260601T232943Z-3-003/b-Lİbrary_Tr-Gen/Felsefe-Fikriyat/Felsefe-Genel/Felsefenin-Kısa-Tarihi-Peter-Gibson.pdf,Felsefenin-Kısa-Tarihi-Peter-Gibson.txt,PDF,252,50712,378479,Başarılı,8d8d26d774e9e823a9787bf55b58665701833664e4dffe4a2e981ab456fccd39
Felsefe-101.pdf,Books/b-Lİbrary_Tr-Gen-20260601T232943Z-3-003/b-Lİbrary_Tr-Gen/Felsefe-Fikriyat/Felsefe-Genel/Felsefe-101.pdf,Felsefe-101.txt,PDF,297,62881,438049,Başarılı,5812a3495d762ea97d249ecc02841e89639af5626a2ae1840960e72e7f76a4d2
Dilin Mimarisi-Noam Chomsky.pdf,Books/b-Lİbrary_Tr-Gen-20260601T232943Z-3-003/b-Lİbrary_Tr-Gen/Felsefe-Fikriyat/Noam Chomsky/Dilin Mimarisi-Noam Chomsky.pdf,Dilin Mimarisi-Noam Chomsky.txt,PDF,95,24243,168227,Başarılı,d24314a8712db37ec101663f0ef245e2a57957cdfb33278531dcceeca2e0e58b
Dil ve Zihin-Noam Chomsky.pdf,Books/b-Lİbrary_Tr-Gen-20260601T232943Z-3-003/b-Lİbrary_Tr-Gen/Felsefe-Fikriyat/Noam Chomsky/Dil ve Zihin-Noam Chomsky.pdf,Dil ve Zihin-Noam Chomsky.txt,PDF,294,77652,583289,Başarılı,cec448ce72670c81d3483dc4d1ce1973b318201e3c5ea781833e71e6b89fc55a
Karl-R-Popper-Daha-İyi-Bir-Dunya-Arayışı.pdf,Books/b-Lİbrary_Tr-Gen-20260601T232943Z-3-003/b-Lİbrary_Tr-Gen/Felsefe-Fikriyat/Karl Popper/Karl-R-Popper-Daha-İyi-Bir-Dunya-Arayışı.pdf,Karl-R-Popper-Daha-İyi-Bir-Dunya-Arayışı.txt,PDF,227,59932,467315,Başarılı,90207ae496192a4b96e9de2bd099a0baf58dd16c6979534bec60cda6e8c07bea
Kendileriyle-Savaşanlar-Stefan-Zweig.pdf,Books/b-Lİbrary_Tr-Gen-20260601T232943Z-3-003/b-Lİbrary_Tr-Gen/Felsefe-Fikriyat/Kendileriyle-Savaşanlar-Stefan-Zweig.pdf,Kendileriyle-Savaşanlar-Stefan-Zweig.txt,PDF,368,76203,533627,Başarılı,4528c723d520de702f49cdf4f987ec29e3764b207de064b8aca0e0250fc174f8
Ouspensky-İnsanın-Gerceği-Kendini-Bilmek-pdf.pdf,Books/b-Lİbrary_Tr-Gen-20260601T232943Z-3-003/b-Lİbrary_Tr-Gen/Enneagram_PDF/Ouspensky-İnsanın-Gerceği-Kendini-Bilmek-pdf.pdf,Ouspensky-İnsanın-Gerceği-Kendini-Bilmek-pdf.txt,PDF,535,119375,871811,Başarılı,2fc3c58871b273307c8c6cdf1e47e44a533905cca8bd82486696472ac47149ef
Karl-Popper-Bitmeyen-Arayış-Plato-Yayınları.pdf,Books/b-Lİbrary_Tr-Gen-20260601T232943Z-3-003/b-Lİbrary_Tr-Gen/Felsefe-Fikriyat/Karl Popper/Karl-Popper-Bitmeyen-Arayış-Plato-Yayınları.pdf,Karl-Popper-Bitmeyen-Arayış-Plato-Yayınları.txt,PDF,400,90325,647868,Başarılı,edc8f36fb0b0e87fec8febe796f4e655191c708bae7dd3174ebf0301ce8281af
Medya-Denetimi-Noam-Chomsky.pdf,Books/b-Lİbrary_Tr-Gen-20260601T232943Z-3-003/b-Lİbrary_Tr-Gen/Felsefe-Fikriyat/Noam Chomsky/Medya-Denetimi-Noam-Chomsky.pdf,Medya-Denetimi-Noam-Chomsky.txt,PDF,26,13027,99912,Başarılı,52c762afc053a344aaa90543bc9af5476f490ef3e6e2e3d410f25a75652eb0b7
Felsefe Kitabi.pdf,Books/b-Lİbrary_Tr-Gen-20260601T232943Z-3-003/b-Lİbrary_Tr-Gen/Felsefe-Fikriyat/Felsefe-Genel/Felsefe Kitabi.pdf,Felsefe Kitabi.txt,PDF,350,113420,792414,Başarılı,591e1ed1dd8138a49958234b673c1b35f8a743efc435880750fae4e9bd3b7fa6
Entelektuellerin-Sorumluluğu-Noam Chomsky.pdf,Books/b-Lİbrary_Tr-Gen-20260601T232943Z-3-003/b-Lİbrary_Tr-Gen/Felsefe-Fikriyat/Noam Chomsky/Entelektuellerin-Sorumluluğu-Noam Chomsky.pdf,Entelektuellerin-Sorumluluğu-Noam Chomsky.txt,PDF,105,27197,171369,Başarılı,c9bc557a26e6b92490977928e99e29377f1963986681c7572282d16431970ee7
"Tehlikeli Güç ABDnin Dış Siyaseti ve Ortadoğu (Terör, Demokrasi, Savaş ve Adalet Üzerine Diyaloglar-Noam Chomsky, Gilbert Achcar.pdf","Books/b-Lİbrary_Tr-Gen-20260601T232943Z-3-003/b-Lİbrary_Tr-Gen/Felsefe-Fikriyat/Noam Chomsky/Tehlikeli Güç ABDnin Dış Siyaseti ve Ortadoğu (Terör, Demokrasi, Savaş ve Adalet Üzerine Diyaloglar-Noam Chomsky, Gilbert Achcar.pdf","Tehlikeli Güç ABDnin Dış Siyaseti ve Ortadoğu (Terör, Demokrasi, Savaş ve Adalet Üzerine Diyaloglar-Noam Chomsky, Gilbert Achcar.txt",PDF,429,0,0,Görsel / Taranmış (0 Kelime),5022351d875948bd107d214caf269741f2ba1f63e118be4ba7335127984482f6
Rene-Girard-Kulturun-Kokenleri.pdf,Books/b-Lİbrary_Tr-Gen-20260601T232943Z-3-003/b-Lİbrary_Tr-Gen/Felsefe-Fikriyat/Rene-Girard-Kulturun-Kokenleri.pdf,Rene-Girard-Kulturun-Kokenleri.txt,PDF,192,56535,431834,Başarılı,af4601fd09e5e3077449eb9a9295db61af7b104b5a800d1f6029b0cbd5bd0b0d
Alemin-Hukumdarı-Rene-Guenon.pdf,Books/b-Lİbrary_Tr-Gen-20260601T232943Z-3-003/b-Lİbrary_Tr-Gen/Felsefe-Fikriyat/Rene-Guenon-Felsefe/Alemin-Hukumdarı-Rene-Guenon.pdf,Alemin-Hukumdarı-Rene-Guenon.txt,PDF,85,24619,170764,Başarılı,2b08e110846605462f9fb616856f6430f0c5a3d3f3587dce44c90550acfc708e
Karl Popper-Bilimsel Araştırmanın Mantığı.pdf,Books/b-Lİbrary_Tr-Gen-20260601T232943Z-3-003/b-Lİbrary_Tr-Gen/Felsefe-Fikriyat/Karl Popper/Karl Popper-Bilimsel Araştırmanın Mantığı.pdf,Karl Popper-Bilimsel Araştırmanın Mantığı.txt,PDF,623,171796,1260899,Başarılı,f59200cc734922b36a3c16e61b4b31092b7d714ce242c7f9e6916a485ebd037d
Maddi-İktidar-Manevi-Otorite-Rene-Guenon.pdf,Books/b-Lİbrary_Tr-Gen-20260601T232943Z-3-003/b-Lİbrary_Tr-Gen/Felsefe-Fikriyat/Rene-Guenon-Felsefe/Maddi-İktidar-Manevi-Otorite-Rene-Guenon.pdf,Maddi-İktidar-Manevi-Otorite-Rene-Guenon.txt,PDF,97,22443,174470,Başarılı,510721ec28e8dcd32b1ca60d77bdadc39403ed44cf1d9387343d973f30a95d69
Varlığın-Mertebeleri-Rene-Guenon.pdf,Books/b-Lİbrary_Tr-Gen-20260601T232943Z-3-003/b-Lİbrary_Tr-Gen/Felsefe-Fikriyat/Rene-Guenon-Felsefe/Varlığın-Mertebeleri-Rene-Guenon.pdf,Varlığın-Mertebeleri-Rene-Guenon.txt,PDF,86,10996,81597,Başarılı,d2d20a0e454b82957c4d46d79d5859d3c25bb6713726e40678c434d34681ac49
Hıristiyan-Ezoterizmi-Rene-Guenon.pdf,Books/b-Lİbrary_Tr-Gen-20260601T232943Z-3-003/b-Lİbrary_Tr-Gen/Felsefe-Fikriyat/Rene-Guenon-Felsefe/Hıristiyan-Ezoterizmi-Rene-Guenon.pdf,Hıristiyan-Ezoterizmi-Rene-Guenon.txt,PDF,135,28569,207916,Başarılı,84147503295389da32d3dc4233dbb1dee0230e1a6fa7a48716c2e320e05b15e3
Rene-Girard-Şiddet-ve-Kutsal.pdf,Books/b-Lİbrary_Tr-Gen-20260601T232943Z-3-003/b-Lİbrary_Tr-Gen/Felsefe-Fikriyat/Rene-Girard-Şiddet-ve-Kutsal.pdf,Rene-Girard-Şiddet-ve-Kutsal.txt,PDF,481,128448,909972,Başarılı,3889631f9d6714b80754af254f002442961805f38b609fea7c510a289e3bad17
Jean-Paul-Sartre-Varlık-ve-Hiclik-pdf.pdf,Books/b-Lİbrary_Tr-Gen-20260601T232943Z-3-003/b-Lİbrary_Tr-Gen/Felsefe-Fikriyat/Jean-Paul-Sartre-Varlık-ve-Hiclik-pdf.pdf,Jean-Paul-Sartre-Varlık-ve-Hiclik-pdf.txt,PDF,772,273321,2004942,Başarılı,d6572d00555ae1ad49c6105e8365208943999073ba97eab6bc454b3f971c07b0
NE-DUŞUNDUGUNU-BiLiYORUM.pdf,Books/b-Lİbrary_Tr-Gen-20260601T232943Z-3-003/b-Lİbrary_Tr-Gen/Beden Dili/NE-DUŞUNDUGUNU-BiLiYORUM.pdf,NE-DUŞUNDUGUNU-BiLiYORUM.txt,PDF,401,94387,713019,Başarılı,a6157d8d827fd241620d0d9b6f8f234bfd5f38f314dfe33ed46d09008d3e8a12
Terrizm Kültürü-Noam Chomsky.pdf,Books/b-Lİbrary_Tr-Gen-20260601T232943Z-3-003/b-Lİbrary_Tr-Gen/Felsefe-Fikriyat/Noam Chomsky/Terrizm Kültürü-Noam Chomsky.pdf,Terrizm Kültürü-Noam Chomsky.txt,PDF,299,85002,671023,Başarılı,52704de96ab652be1d1475b4de496676796bca1a8df10cd58ca10a561f415c88
Modern-Dunyanin-Bunalimi-Rene-Guenon.pdf,Books/b-Lİbrary_Tr-Gen-20260601T232943Z-3-003/b-Lİbrary_Tr-Gen/Felsefe-Fikriyat/Rene-Guenon-Felsefe/Modern-Dunyanin-Bunalimi-Rene-Guenon.pdf,Modern-Dunyanin-Bunalimi-Rene-Guenon.txt,PDF,217,44056,315380,Başarılı,c1e6659a3a3a5ded46825e9ad085f305b6a372f1764798f6d9911120ffa65adf
Rizanin Imalati-Noam Chomsky.pdf,Books/b-Lİbrary_Tr-Gen-20260601T232943Z-3-003/b-Lİbrary_Tr-Gen/Felsefe-Fikriyat/Noam Chomsky/Rizanin Imalati-Noam Chomsky.pdf,Rizanin Imalati-Noam Chomsky.txt,PDF,483,196476,1372330,Başarılı,a55f1ff9ffdefc2121a12feb226d0a845f782480f4089a4bec6784170d44e479
Tarihin-Sonu-Ve-Son-Insan-Francis-Fukuyama.pdf,Books/b-Lİbrary_Tr-Gen-20260601T232943Z-3-003/b-Lİbrary_Tr-Gen/Felsefe-Fikriyat/Tarihin-Sonu-Ve-Son-Insan-Francis-Fukuyama.pdf,Tarihin-Sonu-Ve-Son-Insan-Francis-Fukuyama.txt,PDF,516,140172,1010688,Başarılı,44376b28ec582e5e0b7be176968ce15480bf0198758c3c2247cf792630c50fb3
Sofinin-Dunyası-Jostein-Gaarder.pdf,Books/b-Lİbrary_Tr-Gen-20260601T232943Z-3-003/b-Lİbrary_Tr-Gen/Felsefe-Fikriyat/Sofinin-Dunyası-Jostein-Gaarder.pdf,Sofinin-Dunyası-Jostein-Gaarder.txt,PDF,964,127157,901390,Başarılı,496e2ccadc7871a9f6e336f396861dd826e5c2cea7555df6e5fa9cd596437546
Umberto Eco-Felsefe Tarihi-1 Antik Yunan.pdf,Books/b-Lİbrary_Tr-Gen-20260601T232943Z-3-003/b-Lİbrary_Tr-Gen/Felsefe-Fikriyat/Umberto Eco/Umberto Eco-Felsefe Tarihi-1 Antik Yunan.pdf,Umberto Eco-Felsefe Tarihi-1 Antik Yunan.txt,PDF,323,80794,589485,Başarılı,078db02ae2fc149f3fb2282941a6882e8c6ae9ac200d273c214c238feedf22fc
Umberto Eco-Tez-Nasıl-Yazılır.pdf,Books/b-Lİbrary_Tr-Gen-20260601T232943Z-3-003/b-Lİbrary_Tr-Gen/Felsefe-Fikriyat/Umberto Eco/Umberto Eco-Tez-Nasıl-Yazılır.pdf,Umberto Eco-Tez-Nasıl-Yazılır.txt,PDF,319,58685,421848,Başarılı,250e6aa3a7a46bd797d214fc99600f766ef84eabc002357c2c81b77a62ecfb8a
Umberto Eco-Felsefe Tarihi-5.pdf,Books/b-Lİbrary_Tr-Gen-20260601T232943Z-3-003/b-Lİbrary_Tr-Gen/Felsefe-Fikriyat/Umberto Eco/Umberto Eco-Felsefe Tarihi-5.pdf,Umberto Eco-Felsefe Tarihi-5.txt,PDF,345,86072,626573,Başarılı,81e0958c0932246529988c7ff33a37a3fe647e00c5d53213153a85bc9e6c822d
Umberto Eco-Felsefe Tarihi-2 Antik Yunan.pdf,Books/b-Lİbrary_Tr-Gen-20260601T232943Z-3-003/b-Lİbrary_Tr-Gen/Felsefe-Fikriyat/Umberto Eco/Umberto Eco-Felsefe Tarihi-2 Antik Yunan.pdf,Umberto Eco-Felsefe Tarihi-2 Antik Yunan.txt,PDF,351,83321,611525,Başarılı,90c8c972e2507fe19c14e999ded8e07775c1c98bddae87880b1541df18529188
Basarinin-Sihirli-Merdiveni-Napoleon-Hill.pdf,Books/b-Lİbrary_Tr-Gen-20260601T232943Z-3-003/b-Lİbrary_Tr-Gen/Kişisel Gelişim/Basarinin-Sihirli-Merdiveni-Napoleon-Hill.pdf,Basarinin-Sihirli-Merdiveni-Napoleon-Hill.txt,PDF,13,927,7901,Başarılı,76408c94708f09476d456fd517e6c535f6548607f4c49951859ce1c1268d677e
Ego Düşmanındır-Ryan-Holiday.pdf,Books/b-Lİbrary_Tr-Gen-20260601T232943Z-3-003/b-Lİbrary_Tr-Gen/Kişisel Gelişim/Ego Düşmanındır-Ryan-Holiday.pdf,Ego Düşmanındır-Ryan-Holiday.txt,PDF,221,35402,255365,Başarılı,9341caaf7c36fe559f33480e74c6a1a54bc47dc5b9ed1eba5f2b06308acf35ae
Erteleme-Sanatı-John-Perry.pdf,Books/b-Lİbrary_Tr-Gen-20260601T232943Z-3-003/b-Lİbrary_Tr-Gen/Kişisel Gelişim/Erteleme/Erteleme-Sanatı-John-Perry.pdf,Erteleme-Sanatı-John-Perry.txt,PDF,110,10,65,Başarılı,c9e23d97e600e50dae3e435443576339bfeab04e57d4cf66b40e314569aa2e26
İnsanın Anlam Arayışı-Viktor Emil Frankl.pdf,Books/b-Lİbrary_Tr-Gen-20260601T232943Z-3-003/b-Lİbrary_Tr-Gen/Felsefe-Fikriyat/İnsanın Anlam Arayışı-Viktor Emil Frankl.pdf,İnsanın Anlam Arayışı-Viktor Emil Frankl.txt,PDF,167,34649,255077,Başarılı,6d880ccf3353a0d42f0f1b8b5291f8dcde240c19768c10f8561ff651a8c21991
Umberto Eco-Felsefe Tarihi-4.pdf,Books/b-Lİbrary_Tr-Gen-20260601T232943Z-3-003/b-Lİbrary_Tr-Gen/Felsefe-Fikriyat/Umberto Eco/Umberto Eco-Felsefe Tarihi-4.pdf,Umberto Eco-Felsefe Tarihi-4.txt,PDF,404,111500,806560,Başarılı,a187a53c0139154ecaf8e1c4224e9d3a3d6dd14cf3c7dfd3eb9290b8e6c19261
Toynbee-Tarih-Bilinci.pdf,Books/b-Lİbrary_Tr-Gen-20260601T232943Z-3-003/b-Lİbrary_Tr-Gen/Felsefe-Fikriyat/Toynbee-Tarih-Bilinci.pdf,Toynbee-Tarih-Bilinci.txt,PDF,557,202574,1477939,Başarılı,9c8a6c42ae750a370fac40d9c42903413be66ce28d642b653dc45b9beaaccf3b
Umberto Eco-Gulun-Adı.pdf,Books/b-Lİbrary_Tr-Gen-20260601T232943Z-3-003/b-Lİbrary_Tr-Gen/Felsefe-Fikriyat/Umberto Eco/Umberto Eco-Gulun-Adı.pdf,Umberto Eco-Gulun-Adı.txt,PDF,358,148066,1140308,Başarılı,d93c66567a8488cfee971c4e16d6cba2cdab7b88ddb420961e5329968a381817
Dil-İlluzyonları-Robert-Dilts.pdf,Books/b-Lİbrary_Tr-Gen-20260601T232943Z-3-003/b-Lİbrary_Tr-Gen/Kişisel Gelişim/Dil-İlluzyonları-Robert-Dilts.pdf,Dil-İlluzyonları-Robert-Dilts.txt,PDF,289,58116,428558,Başarılı,31055ef1d6ca0a75ffa432f62a4bd1dc03df2f825f228de44698b07bfe316a58
5-Gun-5-Saniye-Kuralı.pdf,Books/b-Lİbrary_Tr-Gen-20260601T232943Z-3-003/b-Lİbrary_Tr-Gen/Kişisel Gelişim/Erteleme/5-Gun-5-Saniye-Kuralı.pdf,5-Gun-5-Saniye-Kuralı.txt,PDF,18,3289,24919,Başarılı,96a4f4fa946816bcf1658e1fd20d07508ea820eb4fb50e3cc79e3129c0d36981
Şimdinin-Gucu-Uygulama-Kitabı-Eckhart-Tolle.pdf,Books/b-Lİbrary_Tr-Gen-20260601T232943Z-3-003/b-Lİbrary_Tr-Gen/Kişisel Gelişim/Erteleme/Şimdinin-Gucu-Uygulama-Kitabı-Eckhart-Tolle.pdf,Şimdinin-Gucu-Uygulama-Kitabı-Eckhart-Tolle.txt,PDF,125,19951,143012,Başarılı,97561c9cd1e507975786a980710224b7aff9376658a3b20a8c0852955a8a7039
Gabor Mate - Dağınık Zihinler.pdf,Books/b-Lİbrary_Tr-Gen-20260601T232943Z-3-003/b-Lİbrary_Tr-Gen/Kişisel Gelişim/Konsantrasyon/Gabor Mate - Dağınık Zihinler.pdf,Gabor Mate - Dağınık Zihinler.txt,PDF,348,88239,616425,Başarılı,ac7de4e4609c646f79852a3fce3c3c17fe394d52f2e79a8f2599a120d0723d74
Iyi Hissetmek (Turkish Edition) (David Burns) (z-lib.org).epub,Books/b-Lİbrary_Tr-Gen-20260601T232943Z-3-003/b-Lİbrary_Tr-Gen/Kişisel Gelişim/Iyi Hissetmek (Turkish Edition) (David Burns) (z-lib.org).epub,Iyi Hissetmek (Turkish Edition) (David Burns) (z-lib.org).txt,EPUB,1048,102491,740512,Başarılı,95f69a9ed4c271125d3e232e841e905347766cac7f561812770a3588cff82ee3
Etkili-Insanlarin-7-Aliskanligi-Stephen-R.-Covey-E.pdf,Books/b-Lİbrary_Tr-Gen-20260601T232943Z-3-003/b-Lİbrary_Tr-Gen/Kişisel Gelişim/Etkili-Insanlarin-7-Aliskanligi-Stephen-R.-Covey-E.pdf,Etkili-Insanlarin-7-Aliskanligi-Stephen-R.-Covey-E.txt,PDF,250,81452,634787,Başarılı,084c9c6e61f90af7e8a29e152251c6bb2858a03c5c2a77f0f6806139a55cc879
Hizli Okuma.pdf,Books/b-Lİbrary_Tr-Gen-20260601T232943Z-3-003/b-Lİbrary_Tr-Gen/Kişisel Gelişim/Hizli Okuma.pdf,Hizli Okuma.txt,PDF,267,40095,272936,Başarılı,34bde1be91a3900ea500ade8183be25befd77055084ffb14ae7737053bb4eb2e
Odak-Daniel-Goleman.pdf,Books/b-Lİbrary_Tr-Gen-20260601T232943Z-3-003/b-Lİbrary_Tr-Gen/Kişisel Gelişim/Konsantrasyon/Odak-Daniel-Goleman.pdf,Odak-Daniel-Goleman.txt,PDF,254,65811,515198,Başarılı,af491df62573213b31e2edc4610eadccf8f1c350c8b2b9083e9ef599c0dddcc8
Erteleme-Steve-Chandler.pdf,Books/b-Lİbrary_Tr-Gen-20260601T232943Z-3-003/b-Lİbrary_Tr-Gen/Kişisel Gelişim/Erteleme/Erteleme-Steve-Chandler.pdf,Erteleme-Steve-Chandler.txt,PDF,239,31466,224219,Başarılı,4d20a10e61153a6fb9b84285f0733d353a0f4ed93795dedc5d0cf1b46f1b3e27
Buyuk Dusunmenin Buyusu.pdf,Books/b-Lİbrary_Tr-Gen-20260601T232943Z-3-003/b-Lİbrary_Tr-Gen/Kişisel Gelişim/Motivasyon/Buyuk Dusunmenin Buyusu.pdf,Buyuk Dusunmenin Buyusu.txt,PDF,29,7948,61427,Başarılı,508272e06f40965eaaf749d06723e1ebdece1605fda43c7b178ebaf9d29c2cdb
Purdikkat-Indistractable-Nir-Eyal.pdf,Books/b-Lİbrary_Tr-Gen-20260601T232943Z-3-003/b-Lİbrary_Tr-Gen/Kişisel Gelişim/Konsantrasyon/Purdikkat-Indistractable-Nir-Eyal.pdf,Purdikkat-Indistractable-Nir-Eyal.txt,PDF,308,51817,395088,Başarılı,e2f03220cd94647423a4479556ee94ea8981b8630c90ccc36dfb2994fbd2ac1e
Icindeki-Devi-Uyandır-Tony-Robbins.pdf,Books/b-Lİbrary_Tr-Gen-20260601T232943Z-3-003/b-Lİbrary_Tr-Gen/Kişisel Gelişim/Motivasyon/Icindeki-Devi-Uyandır-Tony-Robbins.pdf,Icindeki-Devi-Uyandır-Tony-Robbins.txt,PDF,14,4194,32758,Başarılı,d888efae397c76832fead468f60fa88e3006b4ad1e84503cb761745ce6211176
Ted Gibi Konuş (Gallo Carmine) (z-lib.org) (1).epub,Books/b-Lİbrary_Tr-Gen-20260601T232943Z-3-003/b-Lİbrary_Tr-Gen/Kişisel Gelişim/Konuşma-Sunum-Hitap/Ted Gibi Konuş (Gallo Carmine) (z-lib.org) (1).epub,Ted Gibi Konuş (Gallo Carmine) (z-lib.org) (1).txt,EPUB,200,53465,412759,Başarılı,b13ae4c5fbfa9a93e03ba16158a6541735123a2d4d57e9d2bfa1b58b7ef5b6d7
Hikaye Anlatıcısının Sırrı.pdf,Books/b-Lİbrary_Tr-Gen-20260601T232943Z-3-003/b-Lİbrary_Tr-Gen/Kişisel Gelişim/Konuşma-Sunum-Hitap/Hikaye Anlatıcısının Sırrı.pdf,Hikaye Anlatıcısının Sırrı.txt,PDF,348,73666,551984,Başarılı,ce6ee8bf18f32d6f4f3c36ff6e68e633a5e1cb7e27d4d41991801f6e0c1f836a
Cocuk-Psikolojisi-Haluk-Yavuzer.pdf,Books/b-Lİbrary_Tr-Gen-20260601T232943Z-3-003/b-Lİbrary_Tr-Gen/Cocuk Gelisimi/Cocuk-Psikolojisi-Haluk-Yavuzer.pdf,Cocuk-Psikolojisi-Haluk-Yavuzer.txt,PDF,345,88866,662188,Başarılı,528310ef70eae14f5f65cf07ae68081c69baf82631f4a58a8886ddfa979bc5b9
Basit-Duşun-Owain-Service-Rory-Gallagher (1).pdf,Books/b-Lİbrary_Tr-Gen-20260601T232943Z-3-003/b-Lİbrary_Tr-Gen/Kişisel Gelişim/Motivasyon/Basit-Duşun-Owain-Service-Rory-Gallagher (1).pdf,Basit-Duşun-Owain-Service-Rory-Gallagher (1).txt,PDF,225,49769,375007,Başarılı,d87db575a973e2099bfecb3a506743a95110ded47f5cc4357925d923d161dd70
Ted-Gibi-Konuş-Carmine-Gallo.pdf,Books/b-Lİbrary_Tr-Gen-20260601T232943Z-3-003/b-Lİbrary_Tr-Gen/Kişisel Gelişim/Konuşma-Sunum-Hitap/Ted-Gibi-Konuş-Carmine-Gallo.pdf,Ted-Gibi-Konuş-Carmine-Gallo.txt,PDF,281,63474,456899,Başarılı,e1326e87c09797db9adfe29b274cb8fa7404b16d1a4f77b71cfc41f6b6fdf357
Üxüntüyü Bırak Yaşamaya Bak-Dale Carnegie.pdf,Books/b-Lİbrary_Tr-Gen-20260601T232943Z-3-003/b-Lİbrary_Tr-Gen/Kişisel Gelişim/Motivasyon/Üxüntüyü Bırak Yaşamaya Bak-Dale Carnegie.pdf,Üxüntüyü Bırak Yaşamaya Bak-Dale Carnegie.txt,PDF,285,56854,416032,Başarılı,f7273cec1beac743ae4789fbb5b59cf8a2a46eb81f0b201bb9319849c846e1bc
Calınan-Dikkat-Johann-Hari.pdf,Books/b-Lİbrary_Tr-Gen-20260601T232943Z-3-003/b-Lİbrary_Tr-Gen/Kişisel Gelişim/Konsantrasyon/Calınan-Dikkat-Johann-Hari.pdf,Calınan-Dikkat-Johann-Hari.txt,PDF,325,89734,664995,Başarılı,27585b13988b82eea42b7af91d1dd5fcbfbabcd3fefeab65be61693dee21e1ba
Sınırsız-guc-Anthony-Robbins-.pdf,Books/b-Lİbrary_Tr-Gen-20260601T232943Z-3-003/b-Lİbrary_Tr-Gen/Kişisel Gelişim/Motivasyon/Sınırsız-guc-Anthony-Robbins-.pdf,Sınırsız-guc-Anthony-Robbins-.txt,PDF,449,99758,801661,Başarılı,7fc392ec176f0c763edbde6cd6d918c9b6252178c5b4d8cd1747242e9df695b9
Zafer Sızlanarak Kazanılmaz (Haluk Tatar) (z-lib.org).pdf,Books/b-Lİbrary_Tr-Gen-20260601T232943Z-3-003/b-Lİbrary_Tr-Gen/Kişisel Gelişim/Motivasyon/Zafer Sızlanarak Kazanılmaz (Haluk Tatar) (z-lib.org).pdf,Zafer Sızlanarak Kazanılmaz (Haluk Tatar) (z-lib.org).txt,PDF,397,99571,697278,Başarılı,f8c981f1899bf33ce1ccea5843df55a61a1fcd9c3e736f5c0c9d2fe719bc17ed
Irade-Terbiyesi-Jules-Payot.pdf,Books/b-Lİbrary_Tr-Gen-20260601T232943Z-3-003/b-Lİbrary_Tr-Gen/Kişisel Gelişim/irade-Disiplin/Irade-Terbiyesi-Jules-Payot.pdf,Irade-Terbiyesi-Jules-Payot.txt,PDF,202,38691,289175,Başarılı,3ba56fcf3c3dff347c76777afff22eb340f08efdec3a7ac6c39cf5ee48d43c6c
Atomik Alıskanlıklar-james-clear-pdf-indir-5909.pdf,Books/b-Lİbrary_Tr-Gen-20260601T232943Z-3-003/b-Lİbrary_Tr-Gen/Kişisel Gelişim/irade-Disiplin/Atomik Alıskanlıklar-james-clear-pdf-indir-5909.pdf,Atomik Alıskanlıklar-james-clear-pdf-indir-5909.txt,PDF,258,60390,465115,Başarılı,b3a66f991a19125ce8be97bc085b75c24aab2bdf49ffa1a2f153bb9d3259075d
insan-muhendisligi-Nuvit Osmay.pdf,Books/b-Lİbrary_Tr-Gen-20260601T232943Z-3-003/b-Lİbrary_Tr-Gen/Kişisel Gelişim/insan-muhendisligi-Nuvit Osmay.pdf,insan-muhendisligi-Nuvit Osmay.txt,PDF,379,99446,736177,Başarılı,fc75c5838b66c7544ec49e15d334488cd3070f4b21bb9eb72d823f0c4ea0a10d
Kendinizi-Yonetmek-Peter-F-Drucker.pdf,Books/b-Lİbrary_Tr-Gen-20260601T232943Z-3-003/b-Lİbrary_Tr-Gen/Kişisel Gelişim/irade-Disiplin/Kendinizi-Yonetmek-Peter-F-Drucker.pdf,Kendinizi-Yonetmek-Peter-F-Drucker.txt,PDF,295,105,718,Başarılı,fe30db2e92def5b7bfe72f660e53f8fd2695a7c000a354513d1659957b13c6d2
Robert Greene-Ustalık.pdf,Books/b-Lİbrary_Tr-Gen-20260601T232943Z-3-003/b-Lİbrary_Tr-Gen/Kişisel Gelişim/Robert Greene-Ustalık.pdf,Robert Greene-Ustalık.txt,PDF,420,110405,835739,Başarılı,1604f302346c7d149fdaafb0bc9de831a72029018d7f3df72586ea1488b0b1fd
Kendinle-Savaşma-Sanatı.pdf,Books/b-Lİbrary_Tr-Gen-20260601T232943Z-3-003/b-Lİbrary_Tr-Gen/Kişisel Gelişim/irade-Disiplin/Kendinle-Savaşma-Sanatı.pdf,Kendinle-Savaşma-Sanatı.txt,PDF,299,47353,339382,Başarılı,6861672b0d74b09e536598f6882756de9f051aa9fcb77478c9774b878fd24ab2
Şimdinin-Gucu-Eckhart-Tolle.pdf,Books/b-Lİbrary_Tr-Gen-20260601T232943Z-3-003/b-Lİbrary_Tr-Gen/Kişisel Gelişim/irade-Disiplin/Şimdinin-Gucu-Eckhart-Tolle.pdf,Şimdinin-Gucu-Eckhart-Tolle.txt,PDF,113,50660,378012,Başarılı,52b8b40d383439bcf967330aa4237b8f35a79374fcdbddd9a7242813f02e7866
Umberto Eco-Budalalıktan Deliliğe.pdf,Books/b-Lİbrary_Tr-Gen-20260601T232943Z-3-003/b-Lİbrary_Tr-Gen/Felsefe-Fikriyat/Umberto Eco/Umberto Eco-Budalalıktan Deliliğe.pdf,Umberto Eco-Budalalıktan Deliliğe.txt,PDF,485,106988,793364,Başarılı,fd5eccd3d461af404bdef0eacaf576577366eecd369a3fd5839ea94177d7afb9
Kendiniz-Olma-Aliskanligini-Kirmak-Joe-Dispenza.pdf,Books/b-Lİbrary_Tr-Gen-20260601T232943Z-3-003/b-Lİbrary_Tr-Gen/Kişisel Gelişim/irade-Disiplin/Kendiniz-Olma-Aliskanligini-Kirmak-Joe-Dispenza.pdf,Kendiniz-Olma-Aliskanligini-Kirmak-Joe-Dispenza.txt,PDF,415,77017,596136,Başarılı,f8b004cc7e1bca5cce5aabe4522f872cac62d8fbce8057fb5337cc580e7fd238
Vazgecebilmek-Guy-Finley.pdf,Books/b-Lİbrary_Tr-Gen-20260601T232943Z-3-003/b-Lİbrary_Tr-Gen/Kişisel Gelişim/irade-Disiplin/Vazgecebilmek-Guy-Finley.pdf,Vazgecebilmek-Guy-Finley.txt,PDF,305,60875,449966,Başarılı,ce430451e24e558781fd27f27b575530a80943e8f6b0d1638e49890378c9d197
Matematiğin-Sihirli-Dunyası-Arthur-Benjamin.pdf,Books/b-Lİbrary_Tr-Gen-20260601T232943Z-3-003/b-Lİbrary_Tr-Gen/Matematik/Matematiğin-Sihirli-Dunyası-Arthur-Benjamin.pdf,Matematiğin-Sihirli-Dunyası-Arthur-Benjamin.txt,PDF,343,80814,475911,Başarılı,c77af0bb9be3ea4c556476c9ab3df1dfdc6a23f5b3dea98a935ecf9beab695dd
Akıllı-Borsacı.pdf,Books/b-Lİbrary_Tr-Gen-20260601T232943Z-3-003/b-Lİbrary_Tr-Gen/Para-Finans/Borsa/Akıllı-Borsacı.pdf,Akıllı-Borsacı.txt,PDF,67,14565,112947,Başarılı,f1ceff18dee127ba42b6d4d29ecdbbe13b5982cef5a278c4576723c3fdcbbfb0
Borsa Okulu.pdf,Books/b-Lİbrary_Tr-Gen-20260601T232943Z-3-003/b-Lİbrary_Tr-Gen/Para-Finans/Borsa/Borsa Okulu.pdf,Borsa Okulu.txt,PDF,164,42617,338304,Başarılı,685f950ef4cb8a3a8a65c3855d8a4a197fb0461e34c72a1d2b1b1d07c0109721
Numeroloji-Sayılarda-Saklı-Yas-amımız.pdf,Books/b-Lİbrary_Tr-Gen-20260601T232943Z-3-003/b-Lİbrary_Tr-Gen/Matematik/Numeroloji-Sayılarda-Saklı-Yas-amımız.pdf,Numeroloji-Sayılarda-Saklı-Yas-amımız.txt,PDF,240,43421,307106,Başarılı,e69f1284df04facc6b551cfe9052d780f2722317d9c5134a3dcf7f2520f158f0
Robert-Greene-Insan-Doğasının-Yasaları.pdf,Books/b-Lİbrary_Tr-Gen-20260601T232943Z-3-003/b-Lİbrary_Tr-Gen/Kişisel Gelişim/Robert-Greene-Insan-Doğasının-Yasaları.pdf,Robert-Greene-Insan-Doğasının-Yasaları.txt,PDF,706,195040,1488362,Başarılı,8917891e8c17a4d5d436bb61c4486d46d1bd8f4477d284a116fd832bae67fee4
Duzenli-Olmanın-Yolları-John-Caunt.pdf,Books/b-Lİbrary_Tr-Gen-20260601T232943Z-3-003/b-Lİbrary_Tr-Gen/Kişisel Gelişim/irade-Disiplin/Duzenli-Olmanın-Yolları-John-Caunt.pdf,Duzenli-Olmanın-Yolları-John-Caunt.txt,PDF,213,35677,276024,Başarılı,cf063dccbea060cb2a5f0008a8eee373da2ee4fdd8f055e9ca5b1e7c43fc1e53
Borsada-Tek-Başına-Peter-Lynch.pdf,Books/b-Lİbrary_Tr-Gen-20260601T232943Z-3-003/b-Lİbrary_Tr-Gen/Para-Finans/Borsa/Borsada-Tek-Başına-Peter-Lynch.pdf,Borsada-Tek-Başına-Peter-Lynch.txt,PDF,331,72670,537476,Başarılı,8265743faf2736993e21cd4e4b907b133fc5c30667a70fbc10f20d021c1b9fa4
Bir-Borsacinin-Itiraflari.pdf,Books/b-Lİbrary_Tr-Gen-20260601T232943Z-3-003/b-Lİbrary_Tr-Gen/Para-Finans/Borsa/Bir-Borsacinin-Itiraflari.pdf,Bir-Borsacinin-Itiraflari.txt,PDF,177,23867,168767,Başarılı,5206fd03426cb969b5ea1f7c1bd67743b5510e6ea8fe73654f726122e4e6eaf7
Niyet-Etmenin-Gucu-Wayne-W-Dyer.pdf,Books/b-Lİbrary_Tr-Gen-20260601T232943Z-3-003/b-Lİbrary_Tr-Gen/Kişisel Gelişim/Motivasyon/Niyet-Etmenin-Gucu-Wayne-W-Dyer.pdf,Niyet-Etmenin-Gucu-Wayne-W-Dyer.txt,PDF,313,78358,548513,Başarılı,0e9f80cf6d09d02085d6b77f2e8987744bcdb4c98ef3017cf19304ab7ef8fd85
Borsa-Sihirbazlari-Jack-Schwager.pdf,Books/b-Lİbrary_Tr-Gen-20260601T232943Z-3-003/b-Lİbrary_Tr-Gen/Para-Finans/Borsa/Borsa-Sihirbazlari-Jack-Schwager.pdf,Borsa-Sihirbazlari-Jack-Schwager.txt,PDF,524,110419,799934,Başarılı,3b24f95851e136a753201bc7fa58a31268ded9654f775c2d609f312a2ac3ac34
Carl-Gustav-Jung-Keşfedilmemiş-Benlik.pdf,Books/b-Lİbrary_Tr-Gen-20260601T232943Z-3-003/b-Lİbrary_Tr-Gen/Psikoloji/Carl-Gustav-Jung-Keşfedilmemiş-Benlik.pdf,Carl-Gustav-Jung-Keşfedilmemiş-Benlik.txt,PDF,117,26529,190168,Başarılı,c258109db0fa879c8b9083573d48caa16cd4c5125f4efe9d64ae70e215cf1924
Ne-İcin-Yaşıyoruz-Alfred-Adler.pdf,Books/b-Lİbrary_Tr-Gen-20260601T232943Z-3-003/b-Lİbrary_Tr-Gen/Psikoloji/Alfred-Adler/Ne-İcin-Yaşıyoruz-Alfred-Adler.pdf,Ne-İcin-Yaşıyoruz-Alfred-Adler.txt,PDF,276,72307,502305,Başarılı,91d7041ad251b3b9c7fed1e6dcc81e005a0f3c357ca462ff2652c9618fa105de
Depresyon-Terapisi-Irvin-D-Yalom.pdf,Books/b-Lİbrary_Tr-Gen-20260601T232943Z-3-003/b-Lİbrary_Tr-Gen/Psikoloji/Depresyon/Depresyon-Terapisi-Irvin-D-Yalom.pdf,Depresyon-Terapisi-Irvin-D-Yalom.txt,PDF,244,56989,433410,Başarılı,f7b92b12a3050f186639b38c00159c5f11629366e0bc2751b9905a39d792636e
İlacsız-Anksiyete-Terapisi-Dr-David-Burns.pdf,Books/b-Lİbrary_Tr-Gen-20260601T232943Z-3-003/b-Lİbrary_Tr-Gen/Psikoloji/Anksiyete-Kaygi/İlacsız-Anksiyete-Terapisi-Dr-David-Burns.pdf,İlacsız-Anksiyete-Terapisi-Dr-David-Burns.txt,PDF,560,119827,835184,Başarılı,230828155fd0b98d2e86f6abe7d36bbc3a698c9d791d59351f14f7b4e15d9942
Erich-Fromm-İtaatsizlik-Uzerine.pdf,Books/b-Lİbrary_Tr-Gen-20260601T232943Z-3-003/b-Lİbrary_Tr-Gen/Psikoloji/Erich-Fromm/Erich-Fromm-İtaatsizlik-Uzerine.pdf,Erich-Fromm-İtaatsizlik-Uzerine.txt,PDF,81,14668,112155,Başarılı,ea4ad60cf76157555776a1fdc35596b27d0e3fa77d4471acb7bb7d735616fe8d
Erich-Fromm-Dinleme-Sanatı-Say.pdf,Books/b-Lİbrary_Tr-Gen-20260601T232943Z-3-003/b-Lİbrary_Tr-Gen/Psikoloji/Erich-Fromm/Erich-Fromm-Dinleme-Sanatı-Say.pdf,Erich-Fromm-Dinleme-Sanatı-Say.txt,PDF,201,47246,338879,Başarılı,9749965d83b694867c105ed19a0ef2dd8e33fa49fd1527701b1ef5e8d3c7dca6
Erich-Fromm-Sevme Sanati.pdf,Books/b-Lİbrary_Tr-Gen-20260601T232943Z-3-003/b-Lİbrary_Tr-Gen/Psikoloji/Erich-Fromm/Erich-Fromm-Sevme Sanati.pdf,Erich-Fromm-Sevme Sanati.txt,PDF,201,40456,294649,Başarılı,ad1e17d0afa5e5cf2c60bb64378000e3f13a8cebaa10f932211e30435c15f982
Erich-Fromm-Olma-Sanatı.pdf,Books/b-Lİbrary_Tr-Gen-20260601T232943Z-3-003/b-Lİbrary_Tr-Gen/Psikoloji/Erich-Fromm/Erich-Fromm-Olma-Sanatı.pdf,Erich-Fromm-Olma-Sanatı.txt,PDF,177,36582,269154,Başarılı,72f86d99140758c128805e70f9db6b51ddce23cfeea6b15fc25b788646e5de46
Doğan-Cuceloğlu-Evlenmeden-Once.pdf,Books/b-Lİbrary_Tr-Gen-20260601T232943Z-3-003/b-Lİbrary_Tr-Gen/Psikoloji/Doğan-Cuceloğlu/Doğan-Cuceloğlu-Evlenmeden-Once.pdf,Doğan-Cuceloğlu-Evlenmeden-Once.txt,PDF,214,43790,308896,Başarılı,5ab0f5feb716c1a444f0759a3c3dc313798c56a012b67fddee930afa78a204aa
Musluman-Psikologların-Cıkmazı.pdf,Books/b-Lİbrary_Tr-Gen-20260601T232943Z-3-003/b-Lİbrary_Tr-Gen/Psikoloji/Musluman-Psikologların-Cıkmazı.pdf,Musluman-Psikologların-Cıkmazı.txt,PDF,115,20460,155705,Başarılı,e3e1d987542190cb0cd9744f5aebdb5fa8805643a9701d0b5e771f2d4c9af053
Hepimiz-Narsistiz-Sule-Oncu.pdf,Books/b-Lİbrary_Tr-Gen-20260601T232943Z-3-003/b-Lİbrary_Tr-Gen/Psikoloji/Hepimiz-Narsistiz-Sule-Oncu.pdf,Hepimiz-Narsistiz-Sule-Oncu.txt,PDF,147,38389,301299,Başarılı,e9ef5ac15a98b4029a2be0f0bd7a5f9636697458b8d345eb1ed95f0a77a1082f
Ustalik-Gerektiren-Kafaya-Takmama-Sanati-Mark-Manson.pdf,Books/b-Lİbrary_Tr-Gen-20260601T232943Z-3-003/b-Lİbrary_Tr-Gen/Psikoloji/Stres/Ustalik-Gerektiren-Kafaya-Takmama-Sanati-Mark-Manson.pdf,Ustalik-Gerektiren-Kafaya-Takmama-Sanati-Mark-Manson.txt,PDF,195,39154,297736,Başarılı,d74c03acbfa759443cb74308169143b221722c4aad109f47bc6100be6589cffe
Erich-Fromm-Ozgurlukten-Kacış.pdf,Books/b-Lİbrary_Tr-Gen-20260601T232943Z-3-003/b-Lİbrary_Tr-Gen/Psikoloji/Erich-Fromm/Erich-Fromm-Ozgurlukten-Kacış.pdf,Erich-Fromm-Ozgurlukten-Kacış.txt,PDF,304,69627,526624,Başarılı,e640313fdca806a014ebd5ab9ff2e5560c3ff750aa93a09dd9a138a7d6cf2c5f
Dropshippingde-Markalasma.pdf,Books/b-Lİbrary_Tr-Gen-20260601T232943Z-3-003/b-Lİbrary_Tr-Gen/Reklam-Pazarlama-Satis/Digital Marketing/Dropshippingde-Markalasma.pdf,Dropshippingde-Markalasma.txt,PDF,47,8975,72334,Başarılı,59731ca3261a80e5f733b8fc39754858a2f95e770ceb4c37fd80f0fd699ee66b
Ustalık Gerektiren Kafaya Takmama Sanatı (Mark Manson) (z-lib.org).epub,Books/b-Lİbrary_Tr-Gen-20260601T232943Z-3-003/b-Lİbrary_Tr-Gen/Psikoloji/Ustalık Gerektiren Kafaya Takmama Sanatı (Mark Manson) (z-lib.org).epub,Ustalık Gerektiren Kafaya Takmama Sanatı (Mark Manson) (z-lib.org).txt,EPUB,407,44943,311439,Başarılı,2c4e5accf98a4020a559f467103ba6ee332888d97d51e3499297c0497aa54b78
Gabor-Mate-Vucudunuz-Hayr-Diyorsa_compress.pdf,Books/b-Lİbrary_Tr-Gen-20260601T232943Z-3-003/b-Lİbrary_Tr-Gen/Psikoloji/Stres/Gabor-Mate-Vucudunuz-Hayr-Diyorsa_compress.pdf,Gabor-Mate-Vucudunuz-Hayr-Diyorsa_compress.txt,PDF,384,99330,723866,Başarılı,3109e9054492f2051eada7af41fffe0d9e0485c55fcd8e3882f0006c963d6f5b
Utangaclık-ve-Sosyal-Fobinin-Ustesinden-Gelmek-Overcoming-shyness-and-social-phobia-Ronald-M-Rapee.pdf,Books/b-Lİbrary_Tr-Gen-20260601T232943Z-3-003/b-Lİbrary_Tr-Gen/Psikoloji/Utangaclık-ve-Sosyal-Fobinin-Ustesinden-Gelmek-Overcoming-shyness-and-social-phobia-Ronald-M-Rapee.pdf,Utangaclık-ve-Sosyal-Fobinin-Ustesinden-Gelmek-Overcoming-shyness-and-social-phobia-Ronald-M-Rapee.txt,PDF,119,29706,220805,Başarılı,740b085834c3b1657f942dda22d12d32d1b1ed89f1c28c48b7652cc829aefa1c
Etsy-Baslangic-Rehberi-2023.pdf,Books/b-Lİbrary_Tr-Gen-20260601T232943Z-3-003/b-Lİbrary_Tr-Gen/Reklam-Pazarlama-Satis/Digital Marketing/Etsy-Baslangic-Rehberi-2023.pdf,Etsy-Baslangic-Rehberi-2023.txt,PDF,18,743,5381,Başarılı,faf1c5630b1cb401ff5416bc0d31a6b844fd625df5173c2c66eb7d741d330193
Shopify-Dropshipping-E-Kitap.pdf,Books/b-Lİbrary_Tr-Gen-20260601T232943Z-3-003/b-Lİbrary_Tr-Gen/Reklam-Pazarlama-Satis/Digital Marketing/Shopify-Dropshipping-E-Kitap.pdf,Shopify-Dropshipping-E-Kitap.txt,PDF,21,1423,11104,Başarılı,6a294568f16749e8e27ac3347edba2eee0b5ce3b064910ca4bd7af1d0257dab4
E-Ticaret-Yeni-Baslayanlar-Icin.pdf,Books/b-Lİbrary_Tr-Gen-20260601T232943Z-3-003/b-Lİbrary_Tr-Gen/Reklam-Pazarlama-Satis/Digital Marketing/E-Ticaret-Yeni-Baslayanlar-Icin.pdf,E-Ticaret-Yeni-Baslayanlar-Icin.txt,PDF,60,9510,76058,Başarılı,04ca4f3e49097cc28b2b21bed3dd45d7471bd87133f55a33247b4395c8e4284d
Shopify-Dropshipping-Erdens-Com.pdf,Books/b-Lİbrary_Tr-Gen-20260601T232943Z-3-003/b-Lİbrary_Tr-Gen/Reklam-Pazarlama-Satis/Digital Marketing/Shopify-Dropshipping-Erdens-Com.pdf,Shopify-Dropshipping-Erdens-Com.txt,PDF,21,2017,16426,Başarılı,45a570d425815b71141af68a6fa817167b3608019f2399dc6179df872eeab7ed
Psikoloji-Nasıl-Calışır-Alfa-Yayınları.pdf,Books/b-Lİbrary_Tr-Gen-20260601T232943Z-3-003/b-Lİbrary_Tr-Gen/Psikoloji/Psikoloji-Nasıl-Calışır-Alfa-Yayınları.pdf,Psikoloji-Nasıl-Calışır-Alfa-Yayınları.txt,PDF,248,71938,537708,Başarılı,1383eac9d44de62af42471b5e365ffaa56f2c085e76b418bb503902d0fc9d1b8
etsy-kurallari.pdf,Books/b-Lİbrary_Tr-Gen-20260601T232943Z-3-003/b-Lİbrary_Tr-Gen/Reklam-Pazarlama-Satis/Digital Marketing/etsy-kurallari.pdf,etsy-kurallari.txt,PDF,8,623,4696,Başarılı,d9bf5480fc8b4fdadee072dabfc8342a241ac7ca1272ace32523e0dacd1624cd
ETSY-Baslangic-Rehberi.pdf,Books/b-Lİbrary_Tr-Gen-20260601T232943Z-3-003/b-Lİbrary_Tr-Gen/Reklam-Pazarlama-Satis/Digital Marketing/ETSY-Baslangic-Rehberi.pdf,ETSY-Baslangic-Rehberi.txt,PDF,101,9002,74868,Başarılı,201e4dfe7a5d16a9ceb6a206c6e1fb82bca33e1ea22cd6767172bcbb47fd5647
İnternet-ten-Para-Kazandıran-20-Yontem-E-Kitabı.pdf,Books/b-Lİbrary_Tr-Gen-20260601T232943Z-3-003/b-Lİbrary_Tr-Gen/Reklam-Pazarlama-Satis/Digital Marketing/İnternet-ten-Para-Kazandıran-20-Yontem-E-Kitabı.pdf,İnternet-ten-Para-Kazandıran-20-Yontem-E-Kitabı.txt,PDF,20,1407,10834,Başarılı,118138bdaf34a9358ef2499566e97c9cd9e2f90fb924f7743d0891d56d515b4e
İnsan-Olmanın-Psikolojisi-Maslow.pdf,Books/b-Lİbrary_Tr-Gen-20260601T232943Z-3-003/b-Lİbrary_Tr-Gen/Psikoloji/İnsan-Olmanın-Psikolojisi-Maslow.pdf,İnsan-Olmanın-Psikolojisi-Maslow.txt,PDF,245,57359,423591,Başarılı,91b25074441107375d1181106a1c404db443e525b5afc612471dd753092898b7
Dijital-Pazarlama-Dan-manl.pdf,Books/b-Lİbrary_Tr-Gen-20260601T232943Z-3-003/b-Lİbrary_Tr-Gen/Reklam-Pazarlama-Satis/Dijital-Pazarlama/Dijital-Pazarlama-Dan-manl.pdf,Dijital-Pazarlama-Dan-manl.txt,PDF,13,2325,18316,Başarılı,a5a4c229498205de54fa481c9032c3ba81e94779dea9d494e68d8eabcdbfbcc1
Dijital-Girişimciliğe-Giriş.pdf,Books/b-Lİbrary_Tr-Gen-20260601T232943Z-3-003/b-Lİbrary_Tr-Gen/Reklam-Pazarlama-Satis/Dijital-Pazarlama/Dijital-Girişimciliğe-Giriş.pdf,Dijital-Girişimciliğe-Giriş.txt,PDF,16,2216,16610,Başarılı,58c5630119ccc1be8f905eafb67cf610b96464545fb1f8d61f700eca03c5a739
Dijital-Girişimcilik-Rehberi.pdf,Books/b-Lİbrary_Tr-Gen-20260601T232943Z-3-003/b-Lİbrary_Tr-Gen/Reklam-Pazarlama-Satis/Dijital-Pazarlama/Dijital-Girişimcilik-Rehberi.pdf,Dijital-Girişimcilik-Rehberi.txt,PDF,48,7602,58659,Başarılı,5776489377487f938746abef35c8591c33ca3da54ce3d8507a982906a15bd1a4
Psikoloji Kitabi.pdf,Books/b-Lİbrary_Tr-Gen-20260601T232943Z-3-003/b-Lİbrary_Tr-Gen/Psikoloji/Psikoloji Kitabi.pdf,Psikoloji Kitabi.txt,PDF,346,105383,798697,Başarılı,3c3001914a37436f19223662a171995f7a80173e8d9927d5b1d77fecb92dc3b6
Chatgpt-Satış-ve-Pazarlamada.pdf,Books/b-Lİbrary_Tr-Gen-20260601T232943Z-3-003/b-Lİbrary_Tr-Gen/Reklam-Pazarlama-Satis/Dijital-Pazarlama/Chatgpt-Satış-ve-Pazarlamada.pdf,Chatgpt-Satış-ve-Pazarlamada.txt,PDF,30,0,0,Görsel / Taranmış (0 Kelime),9ba13d77059829f48fcbf0493f9b50a9669c1126d2740bae1f75fa66b0ae5519
Dijital-Girisimcilik-101-pdf.pdf,Books/b-Lİbrary_Tr-Gen-20260601T232943Z-3-003/b-Lİbrary_Tr-Gen/Reklam-Pazarlama-Satis/Dijital-Pazarlama/Dijital-Girisimcilik-101-pdf.pdf,Dijital-Girisimcilik-101-pdf.txt,PDF,96,12262,95446,Başarılı,93635411b1925a414ca10315dfab66808dd9e6aa28be522a4af0979e8553506b
Dijital-Pazarlama-Nedir-1.pdf,Books/b-Lİbrary_Tr-Gen-20260601T232943Z-3-003/b-Lİbrary_Tr-Gen/Reklam-Pazarlama-Satis/Dijital-Pazarlama/Dijital-Pazarlama-Nedir-1.pdf,Dijital-Pazarlama-Nedir-1.txt,PDF,14,113,927,Başarılı,dd8fb4efb8633a33ce36aeed51ad2f20535eb9ca444114030bb26330eb45599c
Dijital-pazarlama.pdf,Books/b-Lİbrary_Tr-Gen-20260601T232943Z-3-003/b-Lİbrary_Tr-Gen/Reklam-Pazarlama-Satis/Dijital-Pazarlama/Dijital-pazarlama.pdf,Dijital-pazarlama.txt,PDF,9,1376,10370,Başarılı,0d68bc6acda45967592ea2cbcd9befa6c7fba356adae29e4ec798654c5c7c538
Network-Marketing-Doğrular-Yanlışlar.pdf,Books/b-Lİbrary_Tr-Gen-20260601T232943Z-3-003/b-Lİbrary_Tr-Gen/Reklam-Pazarlama-Satis/Dijital-Pazarlama/Network-Marketing-Doğrular-Yanlışlar.pdf,Network-Marketing-Doğrular-Yanlışlar.txt,PDF,16,367,2998,Başarılı,ea0b0db2a230cecab44a95f5c5882c5904cd6d8c00a171ce812f850ed2892960
E-Ticaret-Akademisi.pdf,Books/b-Lİbrary_Tr-Gen-20260601T232943Z-3-003/b-Lİbrary_Tr-Gen/Reklam-Pazarlama-Satis/Digital Marketing/E-Ticaret-Akademisi.pdf,E-Ticaret-Akademisi.txt,PDF,225,59215,483159,Başarılı,04f1a1c3258b40e62a75bd9d56526ee3eaef6d184732739d57ebbbfc4d097bc7
Dijital-Pazarlama-Uzmanlık-Eğitimi.pdf,Books/b-Lİbrary_Tr-Gen-20260601T232943Z-3-003/b-Lİbrary_Tr-Gen/Reklam-Pazarlama-Satis/Dijital-Pazarlama/Dijital-Pazarlama-Uzmanlık-Eğitimi.pdf,Dijital-Pazarlama-Uzmanlık-Eğitimi.txt,PDF,79,2942,21806,Başarılı,bc04709abc6a55897e2712e76b367af3d0df8fd5d11b63013770ffd9307cd1c6
Network-Marketing-Kazanc-Rehberi.pdf,Books/b-Lİbrary_Tr-Gen-20260601T232943Z-3-003/b-Lİbrary_Tr-Gen/Reklam-Pazarlama-Satis/Dijital-Pazarlama/Network-Marketing-Kazanc-Rehberi.pdf,Network-Marketing-Kazanc-Rehberi.txt,PDF,20,5460,41505,Başarılı,9d276b8459971a44b1558ec020edeb1ddfa2f178d8d271239d4ef619a554995f
Icerik Pazarlamasi.pdf,Books/b-Lİbrary_Tr-Gen-20260601T232943Z-3-003/b-Lİbrary_Tr-Gen/Reklam-Pazarlama-Satis/Dijital-Pazarlama/Icerik Pazarlamasi.pdf,Icerik Pazarlamasi.txt,PDF,37,4413,36380,Başarılı,32b0fc8d4dc8a23f1d5c1b1d01c7c591dae69f230b7f785483f891e3010086de
Umberto Eco-Felsefe Tarihi-3.pdf,Books/b-Lİbrary_Tr-Gen-20260601T232943Z-3-003/b-Lİbrary_Tr-Gen/Felsefe-Fikriyat/Umberto Eco/Umberto Eco-Felsefe Tarihi-3.pdf,Umberto Eco-Felsefe Tarihi-3.txt,PDF,416,112308,784588,Başarılı,38022229bdd163f528164bb38dfd2b479f34ebdb349e4ac522ca615045a0d261
Instagram-E-Kitap-Sifirdan.pdf,Books/b-Lİbrary_Tr-Gen-20260601T232943Z-3-003/b-Lİbrary_Tr-Gen/Reklam-Pazarlama-Satis/Sosyal Medya Marketing/Instagram-E-Kitap-Sifirdan.pdf,Instagram-E-Kitap-Sifirdan.txt,PDF,24,3472,27667,Başarılı,fcf2d4a0da6dd9193db58d3eaf9e5122c9bf2dea8cf07cb9ac15d78b6efb9f8f
SMMA-Baslangic egitimi.pdf,Books/b-Lİbrary_Tr-Gen-20260601T232943Z-3-003/b-Lİbrary_Tr-Gen/Reklam-Pazarlama-Satis/Sosyal Medya Marketing/SMMA-Baslangic egitimi.pdf,SMMA-Baslangic egitimi.txt,PDF,17,0,0,Görsel / Taranmış (0 Kelime),3d90b1580fc8f8a900ebf542b5ee313a15242846988e53fa60f6342ccb67dfb7
SMMA-Sosyal Medya Marketing-Nedir.pdf,Books/b-Lİbrary_Tr-Gen-20260601T232943Z-3-003/b-Lİbrary_Tr-Gen/Reklam-Pazarlama-Satis/Sosyal Medya Marketing/SMMA-Sosyal Medya Marketing-Nedir.pdf,SMMA-Sosyal Medya Marketing-Nedir.txt,PDF,95,14765,121768,Başarılı,5f7c4b013cb359f448abf779ea92659543dfad83e18216da4a0528e8de0af16c
SMMA-Başlangıc-E-Kitabı.pdf,Books/b-Lİbrary_Tr-Gen-20260601T232943Z-3-003/b-Lİbrary_Tr-Gen/Reklam-Pazarlama-Satis/Sosyal Medya Marketing/SMMA-Başlangıc-E-Kitabı.pdf,SMMA-Başlangıc-E-Kitabı.txt,PDF,23,4207,32067,Başarılı,5ae10fcfebd4c9b9c52f51cb295b925b5aeff340ab703c1555566d01e99af197
Sosyalmedya-Reklamciliginin-El-Kitabi.pdf,Books/b-Lİbrary_Tr-Gen-20260601T232943Z-3-003/b-Lİbrary_Tr-Gen/Reklam-Pazarlama-Satis/Sosyal Medya Marketing/Sosyalmedya-Reklamciliginin-El-Kitabi.pdf,Sosyalmedya-Reklamciliginin-El-Kitabi.txt,PDF,23,2029,16231,Başarılı,a62113f1448175f1501d2c2c69b8e13f06183780007cfd417af0ec5f783b9229
Yeniden-Duşun-Adam-Grant.pdf,Books/b-Lİbrary_Tr-Gen-20260601T232943Z-3-003/b-Lİbrary_Tr-Gen/Kişisel Gelişim/Yeniden-Duşun-Adam-Grant.pdf,Yeniden-Duşun-Adam-Grant.txt,PDF,397,90202,676885,Başarılı,1d5ecabc522a396d8a1fd8d0010bf9886bc5f07be13524c7a55b6b2436f457e2
Hak Dini Kuran Dili Tefsiri 1-10.pdf,Books/b-Library_Hzm-20260601T230631Z-3-002/b-Library_Hzm/Tefsir-Elmalılı Tefsiri-ZAMAN.pdf/Hak Dini Kuran Dili Tefsiri 1-10.pdf,Hak Dini Kuran Dili Tefsiri 1-10.txt,PDF,6138,1810452,12303454,Başarılı,1488e930af5815dd7f38a9b15d92cc9c6b1aec75cd83e429658000e7e424d9d6
Youtube-Para-Kazanma-Rehberi.pdf,Books/b-Lİbrary_Tr-Gen-20260601T232943Z-3-003/b-Lİbrary_Tr-Gen/Reklam-Pazarlama-Satis/Sosyal Medya Marketing/Youtube-Para-Kazanma-Rehberi.pdf,Youtube-Para-Kazanma-Rehberi.txt,PDF,16,2029,16527,Başarılı,a18c0ab5691d9349b459640cdedb27500d8e1f379cd7d090a1bde469f064f867
Instegram-E-TICARET MARKETING.pdf,Books/b-Lİbrary_Tr-Gen-20260601T232943Z-3-003/b-Lİbrary_Tr-Gen/Reklam-Pazarlama-Satis/Sosyal Medya Marketing/Instegram-E-TICARET MARKETING.pdf,Instegram-E-TICARET MARKETING.txt,PDF,99,7935,63441,Başarılı,d2c12cbe59df592883cd646961742d93af591bba65ee4e3d840b83e7b3806e47
Youtube-ve-Instagramda-Gelir-Oluşturma.pdf,Books/b-Lİbrary_Tr-Gen-20260601T232943Z-3-003/b-Lİbrary_Tr-Gen/Reklam-Pazarlama-Satis/Sosyal Medya Marketing/Youtube-ve-Instagramda-Gelir-Oluşturma.pdf,Youtube-ve-Instagramda-Gelir-Oluşturma.txt,PDF,55,5797,44353,Başarılı,a963e271338967785729a9bc5ebb779bd2d0f3e6915c905d2ef1a29acfdecfa6
Beyaz-Zambaklar-Ulkesinde-Grigoriy-Petrov.pdf,Books/b-Lİbrary_Tr-Gen-20260601T232943Z-3-003/b-Lİbrary_Tr-Gen/Roman_Ybn/Beyaz-Zambaklar-Ulkesinde-Grigoriy-Petrov.pdf,Beyaz-Zambaklar-Ulkesinde-Grigoriy-Petrov.txt,PDF,18,2994,21906,Başarılı,042a1d32bd547cd8550dd9cd5f426072e9088763884a7052cb4f3153c8ee4ecd
Instegram Algoritma ve Gelir.pdf,Books/b-Lİbrary_Tr-Gen-20260601T232943Z-3-003/b-Lİbrary_Tr-Gen/Reklam-Pazarlama-Satis/Sosyal Medya Marketing/Instegram Algoritma ve Gelir.pdf,Instegram Algoritma ve Gelir.txt,PDF,46,7496,59770,Başarılı,a6d6b20b099badd7719d66078d9f56d1aa15a946351fa30b90317c80715a6990
İnstagram-Buyume-Sırları-Finansal-Gelişim.pdf,Books/b-Lİbrary_Tr-Gen-20260601T232943Z-3-003/b-Lİbrary_Tr-Gen/Reklam-Pazarlama-Satis/Sosyal Medya Marketing/İnstagram-Buyume-Sırları-Finansal-Gelişim.pdf,İnstagram-Buyume-Sırları-Finansal-Gelişim.txt,PDF,97,6436,49416,Başarılı,a06b6bb10dc59e1da1019dd2019b3e3f29c4669d5a04042c20c4d37e4b9dadc3
Doğan-Cuceloğlu-İnsan-Ve-Davranışı.pdf,Books/b-Lİbrary_Tr-Gen-20260601T232943Z-3-003/b-Lİbrary_Tr-Gen/Psikoloji/Doğan-Cuceloğlu/Doğan-Cuceloğlu-İnsan-Ve-Davranışı.pdf,Doğan-Cuceloğlu-İnsan-Ve-Davranışı.txt,PDF,566,193161,1446955,Başarılı,b886535356005edb3fe500cc453cc016ea672d61fec3614233f274356a5d0e0c
Dostoyevski-Beyaz-Geceler.pdf,Books/b-Lİbrary_Tr-Gen-20260601T232943Z-3-003/b-Lİbrary_Tr-Gen/Roman_Ybn/Dostoyevski-Beyaz-Geceler.pdf,Dostoyevski-Beyaz-Geceler.txt,PDF,127,26569,194421,Başarılı,08b638e2ddb2b8aafc6704bb0cf1be42af00afc1ee5617c4a16136b32c7c4c10
George-Orwell-Hayvan-Ciftligi-Can.pdf,Books/b-Lİbrary_Tr-Gen-20260601T232943Z-3-003/b-Lİbrary_Tr-Gen/Roman_Ybn/George-Orwell-Hayvan-Ciftligi-Can.pdf,George-Orwell-Hayvan-Ciftligi-Can.txt,PDF,80,22398,178207,Başarılı,f6dfa7b85c3b903df4f14ee9f71060494030a47e3ce087017c59fa9999cc455f
Youtube Gizli-Konseptler-2-Akademi.pdf,Books/b-Lİbrary_Tr-Gen-20260601T232943Z-3-003/b-Lİbrary_Tr-Gen/Reklam-Pazarlama-Satis/Sosyal Medya Marketing/Youtube Gizli-Konseptler-2-Akademi.pdf,Youtube Gizli-Konseptler-2-Akademi.txt,PDF,46,22141,174764,Başarılı,f7d077af8f2c1ca5c190ad48d62c77b490be613da5cce37068b1d7f88a6ea3bf
George Orwell-1984.epub,Books/b-Lİbrary_Tr-Gen-20260601T232943Z-3-003/b-Lİbrary_Tr-Gen/Roman_Ybn/George Orwell-1984.epub,George Orwell-1984.txt,EPUB,215,64917,499112,Başarılı,69fa578977bc665fbfb510dec461225c0bc9765f8bd2d6f03232a73be6f5fff3
Etsy-Rehberi-Sıfırdan-Profesyonelliğe-Giden-Yol-3-1 (1).pdf,Books/b-Lİbrary_Tr-Gen-20260601T232943Z-3-003/b-Lİbrary_Tr-Gen/Reklam-Pazarlama-Satis/Etsy/Etsy-Rehberi-Sıfırdan-Profesyonelliğe-Giden-Yol-3-1 (1).pdf,Etsy-Rehberi-Sıfırdan-Profesyonelliğe-Giden-Yol-3-1 (1).txt,PDF,79,8201,56505,Başarılı,4ca1edcb2cec75fe96e1f0b6e1df1f62d9fc8d27db4059d98818fb73ce6bdf87
Charles Dickens-İki Şehrin Hikayesi.epub,Books/b-Lİbrary_Tr-Gen-20260601T232943Z-3-003/b-Lİbrary_Tr-Gen/Roman_Ybn/Charles Dickens-İki Şehrin Hikayesi.epub,Charles Dickens-İki Şehrin Hikayesi.txt,EPUB,420,100517,720847,Başarılı,b2bf89b6b5b1fec88491f51eef04c8969573ee491028ac0c205e9023902839b9
Martı-Richard-Bach.pdf,Books/b-Lİbrary_Tr-Gen-20260601T232943Z-3-003/b-Lİbrary_Tr-Gen/Roman_Ybn/Martı-Richard-Bach.pdf,Martı-Richard-Bach.txt,PDF,101,7043,52563,Başarılı,8d78fbefa60b5ea6a4fb14c37682ed19025e2928176af147470a7bdbf7f2fbd4
John-Steinbeck-Fareler-Ve-İnsanlar.pdf,Books/b-Lİbrary_Tr-Gen-20260601T232943Z-3-003/b-Lİbrary_Tr-Gen/Roman_Ybn/John-Steinbeck-Fareler-Ve-İnsanlar.pdf,John-Steinbeck-Fareler-Ve-İnsanlar.txt,PDF,127,26434,182331,Başarılı,a0aabf222e032bef27e9d0e2f9f7c8903eb904b8d479709c4711c61f3139072a
George-Orwell-1984-isbankasi.pdf,Books/b-Lİbrary_Tr-Gen-20260601T232943Z-3-003/b-Lİbrary_Tr-Gen/Roman_Ybn/George-Orwell-1984-isbankasi.pdf,George-Orwell-1984-isbankasi.txt,PDF,352,82874,601943,Başarılı,0220f2cd89c10800bb42d772bea106351e9407c3e0831bdbd7515d2cd0142ce1
Cengiz-Aytmatov-Gün Olur Asra Bedel.pdf,Books/b-Lİbrary_Tr-Gen-20260601T232943Z-3-003/b-Lİbrary_Tr-Gen/Roman_Ybn/Cengiz-Aytmatov-Gün Olur Asra Bedel.pdf,Cengiz-Aytmatov-Gün Olur Asra Bedel.txt,PDF,607,94760,698027,Başarılı,33869255b4ddd8cbe2ea2fb11dca78c0a18c5f4f954c9d4a735be08dcee0f05c
Şeker Portakalı-Jose-Mauro-de-Vasconcelos.pdf,Books/b-Lİbrary_Tr-Gen-20260601T232943Z-3-003/b-Lİbrary_Tr-Gen/Roman_Ybn/Şeker Portakalı-Jose-Mauro-de-Vasconcelos.pdf,Şeker Portakalı-Jose-Mauro-de-Vasconcelos.txt,PDF,186,32565,229490,Başarılı,70cc565a1c17bb8fc1cec8eadfddd13f38e4814f6ae573f7cc8c51d26d6a9b2f
DUSUNCE-GUCUYLE-TEDAVi.pdf,Books/b-Lİbrary_Tr-Gen-20260601T232943Z-3-003/b-Lİbrary_Tr-Gen/Tıp/DUSUNCE-GUCUYLE-TEDAVi.pdf,DUSUNCE-GUCUYLE-TEDAVi.txt,PDF,52,10993,86173,Başarılı,2d3d9c60c85018409f1d7f8ae8ff934f7d1f51e2cc1a794aae28561d0a6b36a1
George-Orwell-1984-Can.pdf,Books/b-Lİbrary_Tr-Gen-20260601T232943Z-3-003/b-Lİbrary_Tr-Gen/Roman_Ybn/George-Orwell-1984-Can.pdf,George-Orwell-1984-Can.txt,PDF,353,81038,593609,Başarılı,c14020d908a1fc1138cc2f8e6259583ee73703e7175006304a89e2d4e630e1ad
HASTALIKLARIN-ESAS-SEBEPLERİ-docx.pdf,Books/b-Lİbrary_Tr-Gen-20260601T232943Z-3-003/b-Lİbrary_Tr-Gen/Tıp/HASTALIKLARIN-ESAS-SEBEPLERİ-docx.pdf,HASTALIKLARIN-ESAS-SEBEPLERİ-docx.txt,PDF,17,12299,89585,Başarılı,226b794dab8f4ea4fc494e46831e1db0a510b472064f01607c3c5904c88b0054
Hacamat-pdf.pdf,Books/b-Lİbrary_Tr-Gen-20260601T232943Z-3-003/b-Lİbrary_Tr-Gen/Tıp/Hacamat-pdf.pdf,Hacamat-pdf.txt,PDF,4,863,6431,Başarılı,d24f015b46fa127ba6b7b6117e8820993699cc0ce14ab1f12a3cf2ef87269fa7
Sefiller-Bordo-Siyah-Victor-Hugo.pdf,Books/b-Lİbrary_Tr-Gen-20260601T232943Z-3-003/b-Lİbrary_Tr-Gen/Roman_Ybn/Sefiller-Bordo-Siyah-Victor-Hugo.pdf,Sefiller-Bordo-Siyah-Victor-Hugo.txt,PDF,372,68663,511480,Başarılı,3c2b839a6b89bfad0e5c03da46edd2b0634bf7ff4f4269d2450ec54c3d20c04b
Hastaliklar-Ve-Sebepleri.pdf,Books/b-Lİbrary_Tr-Gen-20260601T232943Z-3-003/b-Lİbrary_Tr-Gen/Tıp/Hastaliklar-Ve-Sebepleri.pdf,Hastaliklar-Ve-Sebepleri.txt,PDF,7,1807,12671,Başarılı,b90a573857bd9b8692d8b4fe0bcffb2e8e60834aac97ee6a52dd40aaf337d4f6
Ibni Sina-Beslenme.pdf,Books/b-Lİbrary_Tr-Gen-20260601T232943Z-3-003/b-Lİbrary_Tr-Gen/Tıp/Ibni Sina-Beslenme.pdf,Ibni Sina-Beslenme.txt,PDF,21,0,0,Görsel / Taranmış (0 Kelime),91fec5855cac76df25051c27cc8c2af7316f567878c03cdc4176730067ab72a4
John-Steinbeck-Gazap-Uzumleri-Sel-pdf.pdf,Books/b-Lİbrary_Tr-Gen-20260601T232943Z-3-003/b-Lİbrary_Tr-Gen/Roman_Ybn/John-Steinbeck-Gazap-Uzumleri-Sel-pdf.pdf,John-Steinbeck-Gazap-Uzumleri-Sel-pdf.txt,PDF,558,142041,990616,Başarılı,dd3a72ad340e045b3251c24ed4613232296c7a7666a59dc6aeb758fae0cc4b3f
Ibni Sina-El-Kanun-Fit-Tıb-Ozeti.pdf,Books/b-Lİbrary_Tr-Gen-20260601T232943Z-3-003/b-Lİbrary_Tr-Gen/Tıp/Ibni Sina-El-Kanun-Fit-Tıb-Ozeti.pdf,Ibni Sina-El-Kanun-Fit-Tıb-Ozeti.txt,PDF,69,24040,174976,Başarılı,b7bfdd47fc7bf748af002efce01507122603dfd3234f4d59de33c575f95f2f2c
Fitoterapi-Doğanın-Iyileştirici-Gucu.pdf,Books/b-Lİbrary_Tr-Gen-20260601T232943Z-3-003/b-Lİbrary_Tr-Gen/Tıp/Fitoterapi-Doğanın-Iyileştirici-Gucu.pdf,Fitoterapi-Doğanın-Iyileştirici-Gucu.txt,PDF,192,34232,233860,Başarılı,ad214e9ef4958b49ae51b5dae330129da9d6713a271121d168857dfa83dd8f2e
Dr Aidin Salih-Gerçek Tıp Yitik Şifanın İzinde-.pdf,Books/b-Lİbrary_Tr-Gen-20260601T232943Z-3-003/b-Lİbrary_Tr-Gen/Tıp/Dr Aidin Salih-Gerçek Tıp Yitik Şifanın İzinde-.pdf,Dr Aidin Salih-Gerçek Tıp Yitik Şifanın İzinde-.txt,PDF,449,128154,906834,Başarılı,54c8c43a50d1212342a14b9cc13545fb21c52d99e525dca0865ec5eae8decba1
Kendini-İyileştirme-İşi-Nasıl-Yapılır-Nicole-LePera.pdf,Books/b-Lİbrary_Tr-Gen-20260601T232943Z-3-003/b-Lİbrary_Tr-Gen/Tıp/Kendini-İyileştirme-İşi-Nasıl-Yapılır-Nicole-LePera.pdf,Kendini-İyileştirme-İşi-Nasıl-Yapılır-Nicole-LePera.txt,PDF,304,72775,527477,Başarılı,63190854a04aca9614906186420c80e49b7f238ac066010c236694f816bf6787
Kinesioloji.pdf,Books/b-Lİbrary_Tr-Gen-20260601T232943Z-3-003/b-Lİbrary_Tr-Gen/Tıp/Kinesioloji.pdf,Kinesioloji.txt,PDF,282,59380,439878,Başarılı,175ef162b2764ce27982ca40269db3a0e85bc47edd93e35f8965fdbfef6f7490
Refleksoloji-Yogasaka.pdf,Books/b-Lİbrary_Tr-Gen-20260601T232943Z-3-003/b-Lİbrary_Tr-Gen/Tıp/Refleksoloji-Yogasaka.pdf,Refleksoloji-Yogasaka.txt,PDF,26,109,670,Başarılı,b2568d56d5636d792a9478a621ad62f419d1a75ae48560a8e31241f7820f65b7
Nefes.pdf,Books/b-Lİbrary_Tr-Gen-20260601T232943Z-3-003/b-Lİbrary_Tr-Gen/Tıp/Nefes.pdf,Nefes.txt,PDF,109,14052,104200,Başarılı,13190c2cfbb6997a9c48ed6b99831abf84a2a9c468cb4b5235144dd5e83dcceb
Refleksoloji-Zeynep-Aksel-Wilhelm.pdf,Books/b-Lİbrary_Tr-Gen-20260601T232943Z-3-003/b-Lİbrary_Tr-Gen/Tıp/Refleksoloji-Zeynep-Aksel-Wilhelm.pdf,Refleksoloji-Zeynep-Aksel-Wilhelm.txt,PDF,104,14695,109837,Başarılı,127da0287a16e65aa1cd5c55e5e06daabf041079f407e2ef0b6ca3e9e7f0fa69
Savaş ve Barış-Tolstoy.epub,Books/b-Lİbrary_Tr-Gen-20260601T232943Z-3-003/b-Lİbrary_Tr-Gen/Roman_Ybn/Savaş ve Barış-Tolstoy.epub,Savaş ve Barış-Tolstoy.txt,EPUB,1779,400225,3012176,Başarılı,cd0b4e97ca80472a07593543dbe6a6abf4084a01d47f98b94be35c2e5f7dacd4
SefillerTek-Cilt-Victor-Hugo.pdf,Books/b-Lİbrary_Tr-Gen-20260601T232943Z-3-003/b-Lİbrary_Tr-Gen/Roman_Ybn/SefillerTek-Cilt-Victor-Hugo.pdf,SefillerTek-Cilt-Victor-Hugo.txt,PDF,922,328589,2448152,Başarılı,958a53495442a5ee413609197c3aba7bca636762ab9ae6d6b586b3277e7bd1ca
Monte-Kristo-Kontu1-Alexandre-Dumas.pdf,Books/b-Lİbrary_Tr-Gen-20260601T232943Z-3-003/b-Lİbrary_Tr-Gen/Roman_Ybn/Monte-Kristo-Kontu1-Alexandre-Dumas.pdf,Monte-Kristo-Kontu1-Alexandre-Dumas.txt,PDF,1783,356317,2577378,Başarılı,a31578bb13bc36fc4aa18931ff3fd6310c6bb05218a83d8a3f52e1a565bb85ca
Zihin Gücüyle İyileşme (Debbie Shapiro) (z-lib.org).epub,Books/b-Lİbrary_Tr-Gen-20260601T232943Z-3-003/b-Lİbrary_Tr-Gen/Tıp/Zihin Gücüyle İyileşme (Debbie Shapiro) (z-lib.org).epub,Zihin Gücüyle İyileşme (Debbie Shapiro) (z-lib.org).txt,EPUB,366,65242,521719,Başarılı,7b17b99082eb359e2a912aa457627a8f8cdbc987726be28b7b739acaa881dce3
Sanat-Kitabı-Alfa-Yayınları.pdf,Books/b-Lİbrary_Tr-Gen-20260601T232943Z-3-003/b-Lİbrary_Tr-Gen/Sanat/Sanat-Kitabı-Alfa-Yayınları.pdf,Sanat-Kitabı-Alfa-Yayınları.txt,PDF,352,114140,824598,Başarılı,cfbd14f840cd7e72486065b95533cdc413ea0a7ee5647d9e92a5443b53fb2011
Astroloji-nasıl-oğrenilir-e-kitap.pdf,Books/b-Lİbrary_Tr-Gen-20260601T232943Z-3-003/b-Lİbrary_Tr-Gen/Yildiz ilmi/Astroloji-nasıl-oğrenilir-e-kitap.pdf,Astroloji-nasıl-oğrenilir-e-kitap.txt,PDF,49,12370,95386,Başarılı,3542fd45dd1c717c2a51da96a324a823ac71c51d7b56e1e2a4ce4651ef678e50
Zihin-Gucuyle-İyileşme-Debbie-Shapiro.pdf,Books/b-Lİbrary_Tr-Gen-20260601T232943Z-3-003/b-Lİbrary_Tr-Gen/Tıp/Zihin-Gucuyle-İyileşme-Debbie-Shapiro.pdf,Zihin-Gucuyle-İyileşme-Debbie-Shapiro.txt,PDF,309,68482,529361,Başarılı,e359b8531da5b82bb7a5766145107a95c51f862c994b89ba9548022deaefb230
BURCLAR-VE-ASTROLOJİ (1).pdf,Books/b-Lİbrary_Tr-Gen-20260601T232943Z-3-003/b-Lİbrary_Tr-Gen/Yildiz ilmi/BURCLAR-VE-ASTROLOJİ (1).pdf,BURCLAR-VE-ASTROLOJİ (1).txt,PDF,63,13734,104374,Başarılı,83aef37e0812081b3d8810eaec7225b8a6580eb1d047e4bf24a5addb4848109c
Amerika-Dersleri--Italo-Calvino.pdf,Books/b-Lİbrary_Tr-Gen-20260601T232943Z-3-003/b-Lİbrary_Tr-Gen/Us Book/Amerika-Dersleri--Italo-Calvino.pdf,Amerika-Dersleri--Italo-Calvino.txt,PDF,151,34773,243679,Başarılı,65244c64b4f53a2c30c9ef3c9ab5a4d4ce7bfbc5b2d629601fba83783ede46fe
Sifali-Bitkiler-PDF.pdf,Books/b-Lİbrary_Tr-Gen-20260601T232943Z-3-003/b-Lİbrary_Tr-Gen/Tıp/Sifali-Bitkiler-PDF.pdf,Sifali-Bitkiler-PDF.txt,PDF,367,184220,1146724,Başarılı,f0a16fa62aad84e6bdcf622838c24df544fd6a754e50edba9426f7a5eaea5fd2
İyileştiren-Bitkiler-Prof-Dr-Erdem-Yeşilada-pdf.pdf,Books/b-Lİbrary_Tr-Gen-20260601T232943Z-3-003/b-Lİbrary_Tr-Gen/Tıp/İyileştiren-Bitkiler-Prof-Dr-Erdem-Yeşilada-pdf.pdf,İyileştiren-Bitkiler-Prof-Dr-Erdem-Yeşilada-pdf.txt,PDF,386,96736,756088,Başarılı,a09856a1442a646b409f951767ab40725aa919de97915cb0b3e226361ddee573
Aidin-Salih-Gerc-ek-Tıp-SON-BASKI-pdf.pdf,Books/b-Lİbrary_Tr-Gen-20260601T232943Z-3-003/b-Lİbrary_Tr-Gen/Tıp/Aidin-Salih-Gerc-ek-Tıp-SON-BASKI-pdf.pdf,Aidin-Salih-Gerc-ek-Tıp-SON-BASKI-pdf.txt,PDF,449,126492,906133,Başarılı,498fa83c52f795abcc22bdc2af11f77e2cdbc9987430b0e61add28fb5be327a4
Etkili Iletisimin 13-Kuralı.pdf,Books/b-Lİbrary_Tr-Gen-20260601T232943Z-3-003/b-Lİbrary_Tr-Gen/İletişim ve catisma/Etkili Iletisimin 13-Kuralı.pdf,Etkili Iletisimin 13-Kuralı.txt,PDF,320,59533,444828,Başarılı,59d7d8ccd4c62c38231f2693d27324c746fd2de81d2c5380c2b96f96353bbbfa
Zor-Kişiliklerle-Yaşamak-Christophe-Andre.pdf,Books/b-Lİbrary_Tr-Gen-20260601T232943Z-3-003/b-Lİbrary_Tr-Gen/İletişim ve catisma/Zor-Kişiliklerle-Yaşamak-Christophe-Andre.pdf,Zor-Kişiliklerle-Yaşamak-Christophe-Andre.txt,PDF,331,78925,583278,Başarılı,4e0d90bbb55ea9cc43b85b85894ad015a1d2dd2b65204879d20d5b319ab48678
Erkekler-Mars-tan-Kadınlar-Venus-ten-John-Gray.pdf,Books/b-Lİbrary_Tr-Gen-20260601T232943Z-3-003/b-Lİbrary_Tr-Gen/İletişim ve catisma/Erkekler-Mars-tan-Kadınlar-Venus-ten-John-Gray.pdf,Erkekler-Mars-tan-Kadınlar-Venus-ten-John-Gray.txt,PDF,290,66374,492502,Başarılı,3aec813c58e509f959d03a58d89aa5daeca3441d528efbc88ba87ba37d26f0ab
İletişim-Dehası-Henrik-Fexeus.pdf,Books/b-Lİbrary_Tr-Gen-20260601T232943Z-3-003/b-Lİbrary_Tr-Gen/İletişim ve catisma/İletişim-Dehası-Henrik-Fexeus.pdf,İletişim-Dehası-Henrik-Fexeus.txt,PDF,302,66277,477116,Başarılı,e198476a8179406dd134201acaaca890255948d13ed5dadeba8ccf53ae948e73
The Merck Manual Hasta Belirtileri Pratik Tanı ve Tedavi Rehberi (Nurver Tufaner Sipahioğlu) (z-lib.org).pdf,Books/b-Lİbrary_Tr-Gen-20260601T232943Z-3-003/b-Lİbrary_Tr-Gen/Tıp/The Merck Manual Hasta Belirtileri Pratik Tanı ve Tedavi Rehberi (Nurver Tufaner Sipahioğlu) (z-lib.org).pdf,The Merck Manual Hasta Belirtileri Pratik Tanı ve Tedavi Rehberi (Nurver Tufaner Sipahioğlu) (z-lib.org).txt,PDF,637,156905,1195185,Başarılı,5bc6437df9acc8fce794282cdc887f9a69fdf3672781e7726ce98b9725b57fd3
Kadim-Cin-Tıbbı-İle-Şifa-Mantak-Chia-Dena-Saxer.pdf,Books/b-Lİbrary_Tr-Gen-20260601T232943Z-3-003/b-Lİbrary_Tr-Gen/Tıp/Kadim-Cin-Tıbbı-İle-Şifa-Mantak-Chia-Dena-Saxer.pdf,Kadim-Cin-Tıbbı-İle-Şifa-Mantak-Chia-Dena-Saxer.txt,PDF,231,34167,246243,Başarılı,fad8909f66673a07174b5ffd35173d902ec5733b2a8096401c99873e55aa3ba6
Monte-Kristo-Kontu2-Alexandre-Dumas.pdf,Books/b-Lİbrary_Tr-Gen-20260601T232943Z-3-003/b-Lİbrary_Tr-Gen/Roman_Ybn/Monte-Kristo-Kontu2-Alexandre-Dumas.pdf,Monte-Kristo-Kontu2-Alexandre-Dumas.txt,PDF,1370,348722,2550130,Başarılı,86c3bfb989ef7d956355bab8cd9c3085c0f64444552157b513d0d63c2a465b93
İletişimSizlik-Becerisi-A-Kadir-Ozer.pdf,Books/b-Lİbrary_Tr-Gen-20260601T232943Z-3-003/b-Lİbrary_Tr-Gen/İletişim ve catisma/İletişimSizlik-Becerisi-A-Kadir-Ozer.pdf,İletişimSizlik-Becerisi-A-Kadir-Ozer.txt,PDF,153,41891,291748,Başarılı,a5910740490b77a37cb51600258e913fe72d4cdeb5b850b60dd318bdcb019b32
Doğum-Haritası-Yorumlama-Sanatı-Tracy-Marks.pdf,Books/b-Lİbrary_Tr-Gen-20260601T232943Z-3-003/b-Lİbrary_Tr-Gen/Yildiz ilmi/Doğum-Haritası-Yorumlama-Sanatı-Tracy-Marks.pdf,Doğum-Haritası-Yorumlama-Sanatı-Tracy-Marks.txt,PDF,231,38357,264871,Başarılı,457367642d2519a936127cda64e699b58bba25731fba6f4b9a8a0c2441839443
Dost-Kazanmak-ve-insanlar-Uzerinde-Tesir-Yapmak-Dale-Carnegie.pdf,Books/b-Lİbrary_Tr-Gen-20260601T232943Z-3-003/b-Lİbrary_Tr-Gen/İletişim ve catisma/Dost-Kazanmak-ve-insanlar-Uzerinde-Tesir-Yapmak-Dale-Carnegie.pdf,Dost-Kazanmak-ve-insanlar-Uzerinde-Tesir-Yapmak-Dale-Carnegie.txt,PDF,288,55120,389372,Başarılı,fe7a2a14069a55f8aeb3ddb89c9c120b7a07eba1474b9007c3f35da5bea92693
Vagus-Sinirinin-Şifa-Gucunu-Keşfetmek-Stanley-Rosenberg.pdf,Books/b-Lİbrary_Tr-Gen-20260601T232943Z-3-003/b-Lİbrary_Tr-Gen/Tıp/Vagus-Sinirinin-Şifa-Gucunu-Keşfetmek-Stanley-Rosenberg.pdf,Vagus-Sinirinin-Şifa-Gucunu-Keşfetmek-Stanley-Rosenberg.txt,PDF,327,68145,518600,Başarılı,345679fb6e46084a75914f847bbaa56f25b8e63244479ec8f962092ab21e55bf
Durtme-Richard-H-Thaler.pdf,Books/b-Lİbrary_Tr-Gen-20260601T232943Z-3-003/b-Lİbrary_Tr-Gen/Reklam-Pazarlama-Satis/Durtme-Richard-H-Thaler.pdf,Durtme-Richard-H-Thaler.txt,PDF,337,73287,539786,Başarılı,12400ef38e3cd368a9f075283579707d92f063a15632a3f45479d57319d18eb0
TheHiddenPowerOfFreemasonry.pdf,Books/Books for Text_Eng-20260529T160906Z-3-001/Books for Text_Eng/DUVAR-Eng/Msn_Eng_Pdf/TheHiddenPowerOfFreemasonry.pdf,TheHiddenPowerOfFreemasonry.txt,PDF,0,0,0,Mükerrer (Atlandı),11ca8dcdc3751fb81c18d01e08f51567a77a5d0686d664c8124869e67a4811c6
Secret Ritual of the Thirty-third and Last Degree (Freemasonry) (z-lib.org) (1).pdf,Books/Books for Text_Eng-20260529T160906Z-3-001/Books for Text_Eng/DUVAR-Eng/Msn_Rules/Degree/Secret Ritual of the Thirty-third and Last Degree (Freemasonry) (z-lib.org) (1).pdf,Secret-Ritual-of-the-33-Degree-Mason.txt,PDF,0,0,0,Mükerrer (Atlandı),635f3bf45065bf8e578d6b2307d29c548096a0b81f24425842fd396adbcfd70e
candidate-booklet (1).pdf,Books/Books for Text_Eng-20260529T160906Z-3-001/Books for Text_Eng/DUVAR-Eng/Msn_Shrn/candidate-booklet (1).pdf,Kora Shriners.txt,PDF,0,0,0,Mükerrer (Atlandı),8a0d89e9b35bc1a556804ce3ddc519282659de26790829f548b11be3d17d4b83
The+Future+of+Freemasonry+-+SIRC+Report+-+Embargoed+until+00.01hrs+9+March+2012.pdf,Books/Books for Text_Eng-20260529T160906Z-3-001/Books for Text_Eng/DUVAR-Eng/The+Future+of+Freemasonry+-+SIRC+Report+-+Embargoed+until+00.01hrs+9+March+2012.pdf,The+Future+of+Freemasonry+-+SIRC+Report+-+Embargoed+until+00.01hrs+9+March+2012.txt,PDF,0,0,0,Mükerrer (Atlandı),ced435051c1e789075adf90479a022339373bed72a0a59523cdcc9c9dd96ae8d
Compleat Strategyst_Game Theory_Rand_1954.pdf,Books/Books for Text_Eng-20260529T160906Z-3-001/Books for Text_Eng/Rand/Compleat Strategyst_Game Theory_Rand_1954.pdf,Compleat Strategyst_Game Theory_Rand_1954.txt,PDF,0,0,0,Mükerrer (Atlandı),b14ba10e061b49ac38cee6abd6ea5b8d7aba8fd13c71d0f039f9742f64be3e68
Game Theory_Rand_1979.pdf,Books/Books for Text_Eng-20260529T160906Z-3-001/Books for Text_Eng/Rand/Game Theory_Rand_1979.pdf,Game Theory_Rand_1979.txt,PDF,0,0,0,Mükerrer (Atlandı),fd3ca8e62d6fa26a6bf66dc5fcf76fc4a66acdb270baded5c0fde92a14bbcb1a
Game Theory_Rand_1987.pdf,Books/Books for Text_Eng-20260529T160906Z-3-001/Books for Text_Eng/Rand/Game Theory_Rand_1987.pdf,Game Theory_Rand_1987.txt,PDF,0,0,0,Mükerrer (Atlandı),1bd47378f83aa67cc4349534b337a9861398e77eec65f2eb9cbe918d2e53fe4d
Game of Strategy_Rand_1961.pdf,Books/Books for Text_Eng-20260529T160906Z-3-001/Books for Text_Eng/Rand/Game of Strategy_Rand_1961.pdf,Game of Strategy_Rand_1961.txt,PDF,0,0,0,Mükerrer (Atlandı),adb8cb6b822893cf96ef54ad0b12e19d5851de6be00255ab8dcebca50c19e14c
Yusuf_Suresi-MFG.pdf,Books/Books for Text_Hzm-20260529T161525Z-3-001/Books for Text_Hzm/PRL/Yusuf_Suresi-MFG.pdf,Kur_an_ın_Sihirli_Ufku_Yusuf_Suresi-MFG.txt,PDF,0,0,0,Mükerrer (Atlandı),c7f8565728fa0954164fea49d438887a406b49515f303d3569b5d99a0f2b315d
Secret Ritual of the Thirty-third and Last Degree (Freemasonry) (z-lib.org) (1).pdf,Books/Books for Text_TR-20260529T163910Z-3-001/Books for Text_TR/Duvar_TR/Msn-English/Secret Ritual of the Thirty-third and Last Degree (Freemasonry) (z-lib.org) (1).pdf,Secret-Ritual-of-the-33-Degree-Mason.txt,PDF,0,0,0,Mükerrer (Atlandı),635f3bf45065bf8e578d6b2307d29c548096a0b81f24425842fd396adbcfd70e
MASONLUK TARIHIMIZDE 1970LI YILLAR.pdf,Books/Books for Text_TR-20260529T163910Z-3-001/Books for Text_TR/Duvar_TR/Msn_TR/MASONLUK TARIHIMIZDE 1970LI YILLAR.pdf,MASONLUK TARIHIMIZDE 1970LI YILLAR (1).txt,PDF,0,0,0,Mükerrer (Atlandı),729a09984bec1db61a79d5eca97be6be28f25dc14bcaea2619cdde8bead5c48b
MASONLUK_TARIHI.pdf,Books/Books for Text_TR-20260529T163910Z-3-001/Books for Text_TR/Duvar_TR/Msn_TR/MASONLUK_TARIHI.pdf,MASONLUK_TARIHI.txt,PDF,0,0,0,Mükerrer (Atlandı),77c5d4b310b2ef770d77a739997431aa321241e4819c9568b80c823302b354b2
Populer-Masonlar-Suleyman-Yesilyurt.pdf,Books/Books for Text_TR-20260529T163910Z-3-001/Books for Text_TR/Duvar_TR/Msn_TR/Populer-Masonlar-Suleyman-Yesilyurt.pdf,Populer-Masonlar-Suleyman-Yesilyurt.txt,PDF,0,0,0,Mükerrer (Atlandı),13a2af958c46cff4f39311831a7267747d4bc0aa15ee5f5a59c1e710b6a4df44
Yahudilik Masonluk Dönmelik-Necip Fazıl Kısakürek.pdf,Books/Books for Text_TR-20260529T163910Z-3-001/Books for Text_TR/Duvar_TR/Msn_TR/Yahudilik Masonluk Dönmelik-Necip Fazıl Kısakürek.pdf,Yahudilik Masonluk Dönmelik (Necip Fazıl Kısakürek) (z-lib.org).txt,PDF,0,0,0,Mükerrer (Atlandı),619f95d00c7a19f7cc6aacc178e30703aca8e4980a19b2c140b70b766e77be92
isigi-arayanlarin-hikayesi.pdf,Books/Books for Text_TR-20260529T163910Z-3-001/Books for Text_TR/Duvar_TR/Msn_TR/isigi-arayanlarin-hikayesi.pdf,isigi-arayanlarin-hikayesi-RSanver.txt,PDF,0,0,0,Mükerrer (Atlandı),b9803e929e11fed193d26fc1ca3c63a25115bedcd534442dea213791b5c7c158
12-Eylul-Saat-4-00-Mehmet-Ali-Birand.pdf,Books/Books for Text_TR-20260529T163910Z-3-001/Books for Text_TR/Gld-Tr/12-Eylul-Saat-4-00-Mehmet-Ali-Birand.pdf,Mehmet-Ali-Birand-12-Eylul-Saat-4-00.txt,PDF,0,0,0,Mükerrer (Atlandı),da6401d2a0ff5f4fba2515625e9f658ec458f6bb180265cd07a68836ea04e63c
Talat Turhan_Derin-Devlet.pdf,Books/Books for Text_TR-20260529T163910Z-3-001/Books for Text_TR/Gld-Tr/Talat Turhan_Derin-Devlet.pdf,Derin-Devlet-Talat Turhan.txt,PDF,0,0,0,Mükerrer (Atlandı),82ffc43ca9d9adf49067bd1ddb9b7e802cf511b75f97efcd36b3fe9b8048aa9b
Umit-Sayın-Derin-Devletler-Gizli-Projeler-Ve-Kirli-Gercekler.pdf,Books/Books for Text_TR-20260529T163910Z-3-001/Books for Text_TR/Gld-Tr/Umit-Sayın-Derin-Devletler-Gizli-Projeler-Ve-Kirli-Gercekler.pdf,Derin-Devletler-Gizli-Projeler-Ve-Kirli-Gercekler-Umit-Sayın.txt,PDF,0,0,0,Mükerrer (Atlandı),a52618d2085cb0274f2168ec9938b4cc687e001d0f77ac3c0d6ca43d8c525129
SCF_15-Temmuz-Erdoganın-darbesi_05.07.2017.pdf,Books/Books for Text_TR-20260529T163910Z-3-001/Books for Text_TR/Hzm_15Tm/SCF_15-Temmuz-Erdoganın-darbesi_05.07.2017.pdf,15-Temmuz-Erdoganın-darbesi-05-07-2017.txt,PDF,0,0,0,Mükerrer (Atlandı),af27ba4020b3914b4de4c7a0e67c8f4fcc49eb7c45e3cc679c245bfd4aeeede2
Zihin_Okuma_Teknikleri-Insanlarin_Gerchek_Dushuncelerini_Chozumlemenin_Yollari-Stan_B.Walters-Ipek_Ibik-2000-214s.pdf,Books/Books for Text_TR-20260529T163910Z-3-001/Books for Text_TR/Propaganda ve İkna/Zihin Okuma/Zihin_Okuma_Teknikleri-Insanlarin_Gerchek_Dushuncelerini_Chozumlemenin_Yollari-Stan_B.Walters-Ipek_Ibik-2000-214s.pdf,Zihin-Okuma-Teknikleri-Stan-B-Walters.txt,PDF,0,0,0,Mükerrer (Atlandı),babec3449f655d34d57fceb584487fb3815746270ff6941dc5c36c26f057f30f
Fikret Bila-Karşı Devrim-1923ten 2023e.pdf,Books/Books for Text_TR-20260529T163910Z-3-001/Books for Text_TR/Yazarlar-Tr/Fikret Bila-Karşı Devrim-1923ten 2023e.pdf,Karşı-Devrim-1923-Ten-2023-e-Fikret-Bila.txt,PDF,0,0,0,Mükerrer (Atlandı),a4c7afd186daadaa81ae52b3bdb60448084edb9e4758c83170e6bd36fb68f6d7
Buyuk-Cokuş-Zbigniew-Brzezinski.pdf,Books/Books for Text_TR-20260529T163910Z-3-001/Books for Text_TR/Yazarlar-Ybnc/Zbigniew-Brzezinski/Buyuk-Cokuş-Zbigniew-Brzezinski.pdf,Buyuk-Cokuş-Zbigniew-Brzezinski.txt,PDF,0,0,0,Mükerrer (Atlandı),782e488198ae0c10a13aefb67d194c78f3cf8a204f463917581a80f66d76d59a
Roger-Garaudy-Siyasi-siyonizm.pdf,Books/Books for Text_TR-20260529T163910Z-3-001/Books for Text_TR/Yhd/Sion/Roger-Garaudy-Siyasi-siyonizm.pdf,israil-sorunu-siyasi-siyonizm (1).txt,PDF,0,0,0,Mükerrer (Atlandı),79d3da58b458c326a53439e5c44f2b8d05e74e15ecad36a8d1804cafe8bec739
Yalanın-Siyaseti-Yalın-Alpay.pdf,Books/Books for Text_TR-20260529T163910Z-3-001/Books for Text_TR/Zulum ve Adalet/Yalanın-Siyaseti-Yalın-Alpay.pdf,Yalanın-Siyaseti-Yalın-Alpay.txt,PDF,0,0,0,Mükerrer (Atlandı),cef55a5012a06c09aa01fa2e23a3ade56a1162ce7c7d88a62187de03ef39eb0e
İstihbarat-Ve-Teror-Oyunları-Mahir-Kaynak.pdf,Books/Books for Text_TR-20260529T163910Z-3-001/Books for Text_TR/İstihbarat/İstihbarat-Ve-Teror-Oyunları-Mahir-Kaynak.pdf,Mahir-Kaynak-İstihbarat-Ve-Teror-Oyunları.txt,PDF,0,0,0,Mükerrer (Atlandı),b12cf912280ea05ea1c35c69f5cb40301d7e44f8c63bc964e41a9daee6d7f42c
TR_de Msn Tarhi-1_1721-1956a.pdf,Books/Books for Text_TR-20260529T163910Z-3-002/Books for Text_TR/Duvar_TR/M-CLayktez/TR_de Msn Tarhi-1_1721-1956a.pdf,cl-tmt_1721-1956a.txt,PDF,0,0,0,Mükerrer (Atlandı),15d280f7b7b22ba4828b96eb0c9788a0d7f0f2d8800b6f1b53ace4be957f206b
A general history of Freemasonry in Europe (Emmanuel Rebold) (z-lib.org).pdf,Books/Books for Text_TR-20260529T163910Z-3-002/Books for Text_TR/Duvar_TR/Msn-English/A general history of Freemasonry in Europe (Emmanuel Rebold) (z-lib.org).pdf,A general history of Freemasonry in Europe (Emmanuel Rebold) (z-lib.org).txt,PDF,0,0,0,Mükerrer (Atlandı),887153a8c0a135321c907091e9d3e2d0a1951e22ca4b5dddcaa5e395c5d494f6
"An Encyclopedia of Freemasonry Volume 1 (Albert G. MacKey 33, William J. Hughan 32 etc.) (z-lib.org).pdf","Books/Books for Text_TR-20260529T163910Z-3-002/Books for Text_TR/Duvar_TR/Msn-English/An Encyclopedia of Freemasonry Volume 1 (Albert G. MacKey 33, William J. Hughan 32 etc.) (z-lib.org).pdf","An Encyclopedia of Freemasonry Volume 1 (Albert G. MacKey 33, William J. Hughan 32 etc.) (z-lib.org).txt",PDF,0,0,0,Mükerrer (Atlandı),271f7b22460fd3d5b73698b01f870ab33c42d69ae053a024d95fff31b3037f9b
"Constitution of the United Supreme Council, 33rd degree Freemasonry ( etc.) (z-lib.org).pdf","Books/Books for Text_TR-20260529T163910Z-3-002/Books for Text_TR/Duvar_TR/Msn-English/Constitution of the United Supreme Council, 33rd degree Freemasonry ( etc.) (z-lib.org).pdf","Constitution of the United Supreme Council, 33rd degree Freemasonry ( etc.) (z-lib.org).txt",PDF,0,0,0,Mükerrer (Atlandı),ad58461169922c5d63ed43fe0fa6aa4b38047710c5de4477d5b1dbc1b4086375
Freemasonry Quest for Immortality - Christopher Earnshaw (Christopher Earnshaw) (z-lib.org).pdf,Books/Books for Text_TR-20260529T163910Z-3-002/Books for Text_TR/Duvar_TR/Msn-English/Freemasonry Quest for Immortality - Christopher Earnshaw (Christopher Earnshaw) (z-lib.org).pdf,Freemasonry Quest for Immortality - Christopher Earnshaw (Christopher Earnshaw) (z-lib.org).txt,PDF,0,0,0,Mükerrer (Atlandı),f03a85d1ceedf94a791de8de7731b8e2fea3c6fae3a52727c57de242b6a01be6
Inside the Brotherhood Further Secrets of the Freemasons (Martin Short) (z-lib.org).pdf,Books/Books for Text_TR-20260529T163910Z-3-002/Books for Text_TR/Duvar_TR/Msn-English/Inside the Brotherhood Further Secrets of the Freemasons (Martin Short) (z-lib.org).pdf,Inside the Brotherhood Further Secrets of the Freemasons (Martin Short) (z-lib.org).txt,PDF,0,0,0,Mükerrer (Atlandı),215ccf0f75a8c1c3dbd3b5f856322a6aa09fce7edd589cfd7d768e0478bd8041
"Morals and dogma of the ancient and accepted Scottish Rite of freemasonry (Pike, Albert, 1809-1891, comp) (z-lib.org).pdf","Books/Books for Text_TR-20260529T163910Z-3-002/Books for Text_TR/Duvar_TR/Msn-English/Morals and dogma of the ancient and accepted Scottish Rite of freemasonry (Pike, Albert, 1809-1891, comp) (z-lib.org).pdf","Morals and dogma of the ancient and accepted Scottish Rite of freemasonry (Pike, Albert, 1809-1891, comp) (z-lib.org).txt",PDF,0,0,0,Mükerrer (Atlandı),b2cf7f69f204c52eaba1f92789f5127abaf3ddfa71f67b4f8bd26f2fc7acd1e7
"The Origins of Freemasonry Scotlands Century, 1590 to 1710 (David Stevenson) (z-lib.org).pdf","Books/Books for Text_TR-20260529T163910Z-3-002/Books for Text_TR/Duvar_TR/Msn-English/The Origins of Freemasonry Scotlands Century, 1590 to 1710 (David Stevenson) (z-lib.org).pdf","The Origins of Freemasonry Scotlands Century, 1590 to 1710 (David Stevenson) (z-lib.org).txt",PDF,0,0,0,Mükerrer (Atlandı),a727f9e9f0101436ebac5b7f0ef595741f15da3f70c4d1ad2ca47eafba054ba0
The Secrets of Freemasonry (Elijah Muhammad) (z-lib.org).pdf,Books/Books for Text_TR-20260529T163910Z-3-002/Books for Text_TR/Duvar_TR/Msn-English/The Secrets of Freemasonry (Elijah Muhammad) (z-lib.org).pdf,The Secrets of Freemasonry (Elijah Muhammad) (z-lib.org).txt,PDF,0,0,0,Mükerrer (Atlandı),147e267d0eddaf1f902ebe5afcad99cde3b47472c2496ef4c4dd26296eb10529
The Secrets of Solomons Temple Discover the Hidden Truth that Lies at the Heart of Freemasonry (Kevin L Gest) (z-lib.org).pdf,Books/Books for Text_TR-20260529T163910Z-3-002/Books for Text_TR/Duvar_TR/Msn-English/The Secrets of Solomons Temple Discover the Hidden Truth that Lies at the Heart of Freemasonry (Kevin L Gest) (z-lib.org).pdf,The Secrets of Solomons Temple Discover the Hidden Truth that Lies at the Heart of Freemasonry (Kevin L Gest) (z-lib.org).txt,PDF,0,0,0,Mükerrer (Atlandı),40f137fbbe4e4922127cca46032d513fe709b947a2c6e4c02b2432b84c465022
"The beginning of masonry. A collection of forty papers on the hidden mysteries of ancient freemasonry, reprinted from the... (Frank C Higgins) (z-lib.org).pdf","Books/Books for Text_TR-20260529T163910Z-3-002/Books for Text_TR/Duvar_TR/Msn-English/The beginning of masonry. A collection of forty papers on the hidden mysteries of ancient freemasonry, reprinted from the... (Frank C Higgins) (z-lib.org).pdf","The beginning of masonry. A collection of forty papers on the hidden mysteries of ancient freemasonry, reprinted from the... (Frank C Higgins) (z-lib.org).txt",PDF,0,0,0,Mükerrer (Atlandı),a01ab59458f2ff1eb25ae20f288060a697a1f28a3d5f3bc8bd3ee309cc9d15ad
The-32-Secret-Paths-of-Solomon_A-New-Examination-of-the-Qabbalah-in-Freemasonry (Timothy Hogan) (z-lib.org).pdf,Books/Books for Text_TR-20260529T163910Z-3-002/Books for Text_TR/Duvar_TR/Msn-English/The-32-Secret-Paths-of-Solomon_A-New-Examination-of-the-Qabbalah-in-Freemasonry (Timothy Hogan) (z-lib.org).pdf,The-32-Secret-Paths-of-Solomon_A-New-Examination-of-the-Qabbalah-in-Freemasonry (Timothy Hogan) (z-lib.org).txt,PDF,0,0,0,Mükerrer (Atlandı),3cf56a8c15e6ac5a6364aefbefb6e2d4806b4dc9be0f77be9c8d2f3ad9c6dc08
Dunyanın-Gizli-Tarihi-2-pdf-1-surumu.pdf,Books/Books for Text_TR-20260529T163910Z-3-002/Books for Text_TR/Duvar_TR/illumint/Dunyanın-Gizli-Tarihi-2-pdf-1-surumu.pdf,Dunyanın-Gizli-Tarihi-2.txt,PDF,0,0,0,Mükerrer (Atlandı),6f74cec455bf596cc442bd5726af0f3a4c0bf10907f2c1fb3d4f9a997088c206
Gizli Cemiyetler.pdf,Books/Books for Text_TR-20260529T163910Z-3-002/Books for Text_TR/Duvar_TR/illumint/Gizli Cemiyetler.pdf,Gizli-Cemiyetler-S-Hutin.txt,PDF,0,0,0,Mükerrer (Atlandı),c6883b037df1dd7dd625740d7b0d3020f8158b1383e58ce71219e179326797f4
Natonun-gizli-ordular-daniele-ganser.pdf,Books/Books for Text_TR-20260529T163910Z-3-002/Books for Text_TR/Gld-World/Natonun-gizli-ordular-daniele-ganser.pdf,Natonun-gizli-ordular-daniele-ganser - Kopya.txt,PDF,0,0,0,Mükerrer (Atlandı),50926b152eca80f86e9d35822537ac43e6531d6692fc0bf4ba78f055ddaa31a7
Uğur-Mumcu-Kontrgerilla-Oğretileri.pdf,Books/Books for Text_TR-20260529T163910Z-3-002/Books for Text_TR/Yazarlar-Tr/Uğur Mumcu/Uğur-Mumcu-Kontrgerilla-Oğretileri.pdf,Kontrgerilla Öğretileri (Uğur Mumcu) (z-lib.org).txt,PDF,0,0,0,Mükerrer (Atlandı),e5cf2262d79b4c1f348f642ef8116871e88abd244aff9afaa0e881994594fa8c
EKSR_HD_33_Derece_209-2015 Dönemnde Adalet.pdf,Books/Books for Text_TR-20260529T163910Z-3-003/Books for Text_TR/Duvar_TR/Dergi-MSinan/EKSR_HD_33_Derece_209-2015 Dönemnde Adalet.pdf,EKSR_HD_33_Derece_209-2015 Döneminde Adalet.txt,PDF,0,0,0,Mükerrer (Atlandı),94aeecd398015ef4e4d9c7040e6390771756493ca716459ad8407b33dff8cfa5
Mahir-Kaynak-İstihbarat-Ve-Teror-Oyunları.pdf,Books/Books for Text_TR-20260529T163910Z-3-003/Books for Text_TR/Yazarlar-Tr/Mahir Kaynak/Mahir-Kaynak-İstihbarat-Ve-Teror-Oyunları.pdf,Mahir-Kaynak-İstihbarat-Ve-Teror-Oyunları.txt,PDF,0,0,0,Mükerrer (Atlandı),b12cf912280ea05ea1c35c69f5cb40301d7e44f8c63bc964e41a9daee6d7f42c
iKalin-Mulla-Shadra-Existence-Intellect-and-Intuiton.pdf,Books/Books for Text_TR-20260529T163910Z-3-003/Books for Text_TR/İstihbarat/Kalin/iKalin Englısh/iKalin-Mulla-Shadra-Existence-Intellect-and-Intuiton.pdf,iKalin-Knowledge-in-Later-Islamic-Philosophy-Mulla-Sadra-on-Existence-Intellect-and-Intuition-2010-pdf.txt,PDF,0,0,0,Mükerrer (Atlandı),320d36ab37e129e3a790c875dc9bda235e36597e1a57a0e91b921da1a8472823
Peygamber-Sevgisi-RehberYayinlari.pdf,Books/b-Library_Hzm-20260601T230631Z-3-001/b-Library_Hzm/Efendimiz Sav-Hzm/Peygamber-Sevgisi-RehberYayinlari.pdf,Peygamber Sevgisi-zubeyr-tekin-rehberyayinlari.txt,PDF,0,0,0,Mükerrer (Atlandı),4d1b4d4e4deb68b23456752c913048cc10b7175905ad52a4418c999c0029ea0a
Understanding-Fethullah-Gulen.pdf,Books/b-Library_Hzm-20260601T230631Z-3-001/b-Library_Hzm/HE-Bio-Hzm-eng/Understanding-Fethullah-Gulen.pdf,Understanding-Fethullah-Gulen.txt,PDF,0,0,0,Mükerrer (Atlandı),6af74924a1a9c861305fd72928c4eae74cfff3dba23e59cbda41d458c6800a11
Fethullah Gülen Röportajı (Ekrem Dumanlı) (z-lib.org).epub,Books/b-Library_Hzm-20260601T230631Z-3-001/b-Library_Hzm/HE-Bio-Hzm/Fethullah Gülen Röportajı (Ekrem Dumanlı) (z-lib.org).epub,Fethullah Gülen Röportajı (Ekrem Dumanlı) (z-lib.org).txt,EPUB,0,0,0,Mükerrer (Atlandı),aa31b3391f60b2fbb4757364e739a16eccab4c7859d5271bea5d99ddf7fecc66
Fikir ve Aksiyon İnsanı Olarak Fethullah Gülen - Yüksel Çayıroğlu.pdf,Books/b-Library_Hzm-20260601T230631Z-3-001/b-Library_Hzm/HE-Bio-Hzm/Fikir ve Aksiyon İnsanı Olarak Fethullah Gülen - Yüksel Çayıroğlu.pdf,Fikir ve Aksiyon İnsanı Olarak Fethullah Gülen - Yüksel Çayıroğlu.txt,PDF,0,0,0,Mükerrer (Atlandı),dbf20c6776637f0fc83159349966d0695c3db21729c071e61f3332f4fd913aad
Gurbette-Fethullah-Gulen-Nuriye-Akman.pdf,Books/b-Library_Hzm-20260601T230631Z-3-001/b-Library_Hzm/HE-Bio-Hzm/Gurbette-Fethullah-Gulen-Nuriye-Akman.pdf,Gurbette-Fethullah-Gulen-Nuriye-Akman.txt,PDF,0,0,0,Mükerrer (Atlandı),833b49bb6ae652ff2f219c6ec68873353cb76ee4c92e0eaf7ae62e3661d22dba
Gurbetteki-Ogretmen-M-Fethulllah-Gulen-MustuY.pdf,Books/b-Library_Hzm-20260601T230631Z-3-001/b-Library_Hzm/HE-Bio-Hzm/Gurbetteki-Ogretmen-M-Fethulllah-Gulen-MustuY.pdf,Gurbetteki-Ogretmen-M-Fethulllah-Gulen-MustuY.txt,PDF,0,0,0,Mükerrer (Atlandı),cf535b502387ced35bb28d1eb98a7aacfe9aeb2af5dcda08f5d4829afa940e9a
Nicin-Helak-Oldular-Abdullah-Emin-Cimen.pdf,Books/b-Library_Hzm-20260601T230631Z-3-001/b-Library_Hzm/Kur`an-Hzm/Nicin-Helak-Oldular-Abdullah-Emin-Cimen.pdf,Nicin-Helak-Oldular-Abdullah-Emin-Cimen-.txt,PDF,0,0,0,Mükerrer (Atlandı),9ffa5cdfcd2979439d604b37802dd1e9b37627d7bf25e7e7a54f26b7bb7efa3a
Fethullah Gülen’s Teaching and Practice-Paul Weller.pdf,Books/b-Library_Hzm-20260601T230631Z-3-001/b-Library_Hzm/MFG/Fethullah Gülen’s Teaching and Practice-Paul Weller.pdf,Fethullah Gülen’s Teaching and Practice-Paul Weller.txt,PDF,0,0,0,Mükerrer (Atlandı),8b02232e9475591dc063fdb3ca0842430ffd6360aa4977b75b56b67bd1a925af
Fethullah-Gulen-Biography.pdf,Books/b-Library_Hzm-20260601T230631Z-3-001/b-Library_Hzm/MFG/Fethullah-Gulen-Biography.pdf,Fethullah-Gulen-Biography.txt,PDF,0,0,0,Mükerrer (Atlandı),20c2a58dbad0e26ffe7c04f07dbcef0bbda202c32d0277a581e835c1038adbec
Gulen-Hareketi-1-Farkli-Seslerin-Ahengi-M-F-Gulen.pdf,Books/b-Library_Hzm-20260601T230631Z-3-001/b-Library_Hzm/MFG/Gulen-Hareketi-1-Farkli-Seslerin-Ahengi-M-F-Gulen.pdf,Gulen-Hareketi-1-Farkli-Seslerin-Ahengi-M-F-Gulen.txt,PDF,0,0,0,Mükerrer (Atlandı),6009d73f8921c1ac01d1e7d5e14c596ef74e4ec78bbb95116b6ea3b5517b0fac
An-Analysis-of-the-Prophet-s-Life-The-Messenger-Of-God-Muhammad-Fethullah-Gulen.pdf,Books/b-Library_Hzm-20260601T230631Z-3-001/b-Library_Hzm/PRL-English/An-Analysis-of-the-Prophet-s-Life-The-Messenger-Of-God-Muhammad-Fethullah-Gulen.pdf,An-Analysis-of-the-Prophet-s-Life-The-Messenger-Of-God-Muhammad-Fethullah-Gulen.txt,PDF,0,0,0,Mükerrer (Atlandı),0987e3bf64c5a2223a3624e9cc3cc3cb564f0eeb0e99de3a84d31423f6dc02a8
Questions-and-Answers-About-Islam-Vol-1-M-Fethullah-Gulen.pdf,Books/b-Library_Hzm-20260601T230631Z-3-001/b-Library_Hzm/PRL-English/Questions-and-Answers-About-Islam-Vol-1-M-Fethullah-Gulen.pdf,Questions-and-Answers-About-Islam-Vol-1-M-Fethullah-Gulen.txt,PDF,0,0,0,Mükerrer (Atlandı),dfaf98416a0a0cf71f6bdf9baebcced4f49013d7c988db8ac4423df515451cb0
Questions-and-Answers-About-Islam-Vol-2-M-Fethullah-Gulen.pdf,Books/b-Library_Hzm-20260601T230631Z-3-001/b-Library_Hzm/PRL-English/Questions-and-Answers-About-Islam-Vol-2-M-Fethullah-Gulen.pdf,Questions-and-Answers-About-Islam-Vol-2-M-Fethullah-Gulen.txt,PDF,0,0,0,Mükerrer (Atlandı),d615cd9a43c20e75e97518dc84416333644a8fb991a4520c49897f8429c9bde6
The-Essentials-of-the-Islamic-Faith-Fethullah-Gulen.pdf,Books/b-Library_Hzm-20260601T230631Z-3-001/b-Library_Hzm/PRL-English/The-Essentials-of-the-Islamic-Faith-Fethullah-Gulen.pdf,The-Essentials-of-the-Islamic-Faith-Fethullah-Gulen.txt,PDF,0,0,0,Mükerrer (Atlandı),487f4ff7987e4aca8769bf3bc72d15f792066c0fe091c26af8b125bdd6285c57
The-Messenger-of-God-Muhammad-An-Analysis-of-the-Prophet-s-Life.pdf,Books/b-Library_Hzm-20260601T230631Z-3-001/b-Library_Hzm/PRL-English/The-Messenger-of-God-Muhammad-An-Analysis-of-the-Prophet-s-Life.pdf,The-Messenger-of-God-Muhammad-An-Analysis-of-the-Prophet-s-Life.txt,PDF,0,0,0,Mükerrer (Atlandı),8953b1ebdb718c7401d488d963d610be940ba5fa199d860f9b855f5feabbd102
Asrin Getirdigi Tereddutler_1.pdf,Books/b-Library_Hzm-20260601T230631Z-3-001/b-Library_Hzm/PRL/Asrin Getirdigi Tereddutler_1.pdf,Asrin Getirdigi Tereddutler_1.txt,PDF,0,0,0,Mükerrer (Atlandı),f81b113cbaefa3f71d526a83dc46cd141e8a529b7f44c9aab229a6f553d0a8ad
Asrin Getirdigi Tereddutler_2.pdf,Books/b-Library_Hzm-20260601T230631Z-3-001/b-Library_Hzm/PRL/Asrin Getirdigi Tereddutler_2.pdf,Asrin Getirdigi Tereddutler_2.txt,PDF,0,0,0,Mükerrer (Atlandı),8d9b2be8554e196655813ea2c86136b5f1ef579e8972fb2e93c81305b1779dda
Asrin Getirdigi Tereddutler_3.pdf,Books/b-Library_Hzm-20260601T230631Z-3-001/b-Library_Hzm/PRL/Asrin Getirdigi Tereddutler_3.pdf,Asrin Getirdigi Tereddutler_3.txt,PDF,0,0,0,Mükerrer (Atlandı),d293e83304d67107d5794a5e9a10ffe7e30d12837fe19afcecc3a9c0ac64816e
Beyan.pdf,Books/b-Library_Hzm-20260601T230631Z-3-001/b-Library_Hzm/PRL/Beyan.pdf,Beyan.txt,PDF,0,0,0,Mükerrer (Atlandı),bad722958ccd2269ab488a75a455b815f1864f74eab5f78b6a77842db8875823
CN_1_Cag ve Nesil.pdf,Books/b-Library_Hzm-20260601T230631Z-3-001/b-Library_Hzm/PRL/CN_1_Cag ve Nesil.pdf,CN_1_Cag ve Nesil.txt,PDF,0,0,0,Mükerrer (Atlandı),7f1e6946829a0ff95dad8e907eca98ee8cf2d8308ea557a680e215e9da41e1e6
CN_2_Buhranlar Anaforunda Insan.pdf,Books/b-Library_Hzm-20260601T230631Z-3-001/b-Library_Hzm/PRL/CN_2_Buhranlar Anaforunda Insan.pdf,CN_2_Buhranlar Anaforunda Insan.txt,PDF,0,0,0,Mükerrer (Atlandı),71a9d97697489e684cafbbf10ff3b778679905a76d09a3dff7e468833c5ab00a
CN_3_Yitirilmiş Cennete Doğru.pdf,Books/b-Library_Hzm-20260601T230631Z-3-001/b-Library_Hzm/PRL/CN_3_Yitirilmiş Cennete Doğru.pdf,CN_3_Yitirilmiş Cennete Doğru.txt,PDF,0,0,0,Mükerrer (Atlandı),2ed02edf1d209d19da2dd5237dc764bdac5121e370edb0fb63f6ecc5aeeb4736
CN_4_Zamanin Altin Dilimi.pdf,Books/b-Library_Hzm-20260601T230631Z-3-001/b-Library_Hzm/PRL/CN_4_Zamanin Altin Dilimi.pdf,CN_4_Zamanin Altin Dilimi.txt,PDF,0,0,0,Mükerrer (Atlandı),dd1aa4f1f1959acd2452ab6dfa98c2be5a6da544241e303d14e98f6a880b1874
CN_5_Gunler Bahari Soluklarken.pdf,Books/b-Library_Hzm-20260601T230631Z-3-001/b-Library_Hzm/PRL/CN_5_Gunler Bahari Soluklarken.pdf,CN_5_Gunler Bahari Soluklarken.txt,PDF,0,0,0,Mükerrer (Atlandı),3d00c7040112ca0de6f819b5059c399a77dd028b1617ba26d347ade4714e5de1
CN_6_Yeseren Dusunceler.pdf,Books/b-Library_Hzm-20260601T230631Z-3-001/b-Library_Hzm/PRL/CN_6_Yeseren Dusunceler.pdf,CN_6_Yeseren Dusunceler.txt,PDF,0,0,0,Mükerrer (Atlandı),f4bd4f31547455608a14a9c2be18c270db49a8532a507c233f0a36f614cecf48
CN_7_Isigin Gorundugu Ufuk.pdf,Books/b-Library_Hzm-20260601T230631Z-3-001/b-Library_Hzm/PRL/CN_7_Isigin Gorundugu Ufuk.pdf,CN_7_Isigin Gorundugu Ufuk.txt,PDF,0,0,0,Mükerrer (Atlandı),864f49f96a42679dc2e612f031c98595111c40e9e81951629453fe932b143480
Cekirdekten-Cinara-M.-Fethullah-Gulen.pdf,Books/b-Library_Hzm-20260601T230631Z-3-001/b-Library_Hzm/PRL/Cekirdekten-Cinara-M.-Fethullah-Gulen.pdf,Cekirdekten-Cinara-M.-Fethullah-Gulen.txt,PDF,0,0,0,Mükerrer (Atlandı),dcd953576c7e46dee06abdbdb08233547c7c9e7839f88a34ef7d3e8b2f9abd0e
Fasıldan Fasıla-1.pdf,Books/b-Library_Hzm-20260601T230631Z-3-001/b-Library_Hzm/PRL/Fasıldan Fasıla-1.pdf,Fasıldan Fasıla-1.txt,PDF,0,0,0,Mükerrer (Atlandı),88c1caa141e953b7339367906eaabc230d04f1d8bafebe14caffbbb2ded8f317
Fasıldan Fasıla-5 - Fikir Atlası.pdf,Books/b-Library_Hzm-20260601T230631Z-3-001/b-Library_Hzm/PRL/Fasıldan Fasıla-5 - Fikir Atlası.pdf,Fasıldan Fasıla-5 - Fikir Atlası.txt,PDF,0,0,0,Mükerrer (Atlandı),f386ce6b7edce71db6dc7935f0022c77050ce5e6c6905eb454c9b49819ba1af8
Gaybın Son Habercisi.pdf,Books/b-Library_Hzm-20260601T230631Z-3-001/b-Library_Hzm/PRL/Gaybın Son Habercisi.pdf,Gaybın Son Habercisi.txt,PDF,0,0,0,Mükerrer (Atlandı),bb8503b8f7bf1506722c077bae555dcb77576b3e8b3b544da4055e773061cb07
Hüzmeler ve İktibaslar.pdf,Books/b-Library_Hzm-20260601T230631Z-3-001/b-Library_Hzm/PRL/Hüzmeler ve İktibaslar.pdf,Hüzmeler ve İktibaslar.txt,PDF,0,0,0,Mükerrer (Atlandı),e96e521c9aa7ecdbf845b453bf1d59d832ee62a7fe7c9fdee792fb945156f835
KT-1-Kırık Testi.pdf,Books/b-Library_Hzm-20260601T230631Z-3-001/b-Library_Hzm/PRL/KT-1-Kırık Testi.pdf,KT-1-Kırık Testi.txt,PDF,0,0,0,Mükerrer (Atlandı),fabd5df6cd034fbd8a63329c672b155f3eb08afe3efb9ed55e436a730589cb2b
KT-14-Buhranlı Günler ve Ümit Atlası.pdf,Books/b-Library_Hzm-20260601T230631Z-3-001/b-Library_Hzm/PRL/KT-14-Buhranlı Günler ve Ümit Atlası.pdf,KT-14-Buhranlı Günler ve Ümit Atlası.txt,PDF,0,0,0,Mükerrer (Atlandı),834423e659b6ce65608ccc2d0b945286154a31659686a5c23f832e8f2c54caa7
KT-17-İstikamet Çizgisi.pdf,Books/b-Library_Hzm-20260601T230631Z-3-001/b-Library_Hzm/PRL/KT-17-İstikamet Çizgisi.pdf,KT-17-İstikamet Çizgisi.txt,PDF,0,0,0,Mükerrer (Atlandı),7ff4e535573dcb44ce58beb2e0a7b1f1921f2dfe4c656438d7d7b01d8a78fa91
KT-18-İmtihanlar Kuşağı.pdf,Books/b-Library_Hzm-20260601T230631Z-3-001/b-Library_Hzm/PRL/KT-18-İmtihanlar Kuşağı.pdf,KT-18-İmtihanlar Kuşağı.txt,PDF,0,0,0,Mükerrer (Atlandı),695d2ba3de270bfc4d472198f015640094bffb8f8401ee8843cb94e067b556ab
KT-2-Sohbeti Canan.pdf,Books/b-Library_Hzm-20260601T230631Z-3-001/b-Library_Hzm/PRL/KT-2-Sohbeti Canan.pdf,KT-2-Sohbeti Canan.txt,PDF,0,0,0,Mükerrer (Atlandı),21af07252d8e2e56fac423ce3b3f5c4ba59eb72bea8cff28ae5f84768d68c254
KT-4-Ümit Burcu.pdf,Books/b-Library_Hzm-20260601T230631Z-3-001/b-Library_Hzm/PRL/KT-4-Ümit Burcu.pdf,KT-4-Ümit Burcu.txt,PDF,0,0,0,Mükerrer (Atlandı),cd245cf925daf63c3626caba35b57f18c750b39c83db8d58aca0fac3a239fef4
Kalbin Solukları.pdf,Books/b-Library_Hzm-20260601T230631Z-3-001/b-Library_Hzm/PRL/Kalbin Solukları.pdf,Kalbin Solukları.txt,PDF,0,0,0,Mükerrer (Atlandı),74f6c7d8bf4f072c81135eacfe247f5a8320d58e9ef47b2182f44b81905e79bf
Kuranin-Altin-Ikliminde-M.-Fethullah-Gulen.pdf,Books/b-Library_Hzm-20260601T230631Z-3-001/b-Library_Hzm/PRL/Kuranin-Altin-Ikliminde-M.-Fethullah-Gulen.pdf,Kuranin-Altin-Ikliminde-M.-Fethullah-Gulen.txt,PDF,0,0,0,Mükerrer (Atlandı),32ffafcce73040f79696bdedbbaee207e1d8e00a9e78ef0e6a815484f0549a01
Olcu-veya-Yoldaki-Isiklar-M.-Fethullah-Gulen.pdf,Books/b-Library_Hzm-20260601T230631Z-3-001/b-Library_Hzm/PRL/Olcu-veya-Yoldaki-Isiklar-M.-Fethullah-Gulen.pdf,Olcu-veya-Yoldaki-Isiklar-M.-Fethullah-Gulen.txt,PDF,0,0,0,Mükerrer (Atlandı),efbe62e61a4ed2f4501469afcf9c4b5da91dca1363dff3d7e9c9cf192eeda81d
Olum-ve-Otesi-Hayat-M.-Fethullah-Gulen.pdf,Books/b-Library_Hzm-20260601T230631Z-3-001/b-Library_Hzm/PRL/Olum-ve-Otesi-Hayat-M.-Fethullah-Gulen.pdf,Olum-ve-Otesi-Hayat-M.-Fethullah-Gulen.txt,PDF,0,0,0,Mükerrer (Atlandı),a69617ec5b20cb12abc73ef9bbf21751c4781658c9e2a3bb57488106f51ee850
Oruç-Gufranla Tüllenen İbadet.pdf,Books/b-Library_Hzm-20260601T230631Z-3-001/b-Library_Hzm/PRL/Oruç-Gufranla Tüllenen İbadet.pdf,Oruç-Gufranla Tüllenen İbadet.txt,PDF,0,0,0,Mükerrer (Atlandı),8dc00fdb46d9a95d7e202f60dcb7ad2b1ebc81957796b819cd4f8436225c42ba
SA-2_Bahar Neşidesi.pdf,Books/b-Library_Hzm-20260601T230631Z-3-001/b-Library_Hzm/PRL/SA-2_Bahar Neşidesi.pdf,SA-2_Bahar Neşidesi.txt,PDF,0,0,0,Mükerrer (Atlandı),7b1c262e5ae9fcd8df11e9f51974104aba2adeb8fae45ee30db7881784be7b08
Sonsuz-Nur-1-M.-Fethullah-Gulen.pdf,Books/b-Library_Hzm-20260601T230631Z-3-001/b-Library_Hzm/PRL/Sonsuz-Nur-1-M.-Fethullah-Gulen.pdf,Sonsuz-Nur-1-M.-Fethullah-Gulen.txt,PDF,0,0,0,Mükerrer (Atlandı),9688733c66d6bd0d0138be02accbe457b8fa7861ed875031494c0a878576abd1
5-Saadet-Asrinda-Dogruluk-Ve-Sadakat-Sahabe-Hayatindan-Mustuy.pdf,Books/b-Library_Hzm-20260601T230631Z-3-001/b-Library_Hzm/Çocuklar için-Hzm/Sahabe Hayatından/5-Saadet-Asrinda-Dogruluk-Ve-Sadakat-Sahabe-Hayatindan-Mustuy.pdf,5-saadet-asrinda-Dogruluk-ve-sadakat-mustuy.txt,PDF,0,0,0,Mükerrer (Atlandı),7b1f34959c01d27814061b5fca2d4fe042f6a0c78d91008e0bee90edc91ef90c
6-Saadet-Asrinda-Ilim-Ve-Ibadet-Sahabe-Hayatindan-Mustuy.pdf,Books/b-Library_Hzm-20260601T230631Z-3-001/b-Library_Hzm/Çocuklar için-Hzm/Sahabe Hayatından/6-Saadet-Asrinda-Ilim-Ve-Ibadet-Sahabe-Hayatindan-Mustuy.pdf,6-saadet-asrinda-İlim-ve-ibadet-mustuy.txt,PDF,0,0,0,Mükerrer (Atlandı),7ac9f40fd8a788fda24c7fb856f86487778c52f2cf26b6e80de47f4195228418
Ali Unal-Gecmisten-Gelecege-Kopru-Fethullah-Gulen.pdf,Books/b-Library_Hzm-20260601T230631Z-3-002/b-Library_Hzm/Ali Ünal/Ali Unal-Gecmisten-Gelecege-Kopru-Fethullah-Gulen.pdf,Ali Unal-Gecmisten-Gelecege-Kopru-Fethullah-Gulen.txt,PDF,0,0,0,Mükerrer (Atlandı),e37dce9d74f6dc075b31b793b2ea2d2045ebc0111957b39d9fa152c3683c0b40
Yeni-Umit-Dergisi-97-2012-7.pdf,Books/b-Library_Hzm-20260601T230631Z-3-002/b-Library_Hzm/Dergi-Yeni Ümit/Yeni-Umit-Dergisi-97-2012-7.pdf,Yeni-Umit-Dergisi-104-2014-3.txt,PDF,0,0,0,Mükerrer (Atlandı),aff65d33a1133dac0a82cf8266c3126389a9dbbe55b19048d3c0fcea3422b984
yanik-sinelerden-dualar-mustafa-yilmaz-defineyayinlari.pdf,Books/b-Library_Hzm-20260601T230631Z-3-002/b-Library_Hzm/Dua-Hzm/yanik-sinelerden-dualar-mustafa-yilmaz-defineyayinlari.pdf,Mustafa Yilmaz - Yanik Sinelerden Dualar - DefineYayinlari (Mustafa Yilmaz) (z-lib.org).txt,PDF,0,0,0,Mükerrer (Atlandı),a36a40d8b98d47a99ee291b15d3e3376909d6bebc395e903be0d012df8b8caa4
Asrin Getirdigi Tereddutler_4.pdf,Books/b-Library_Hzm-20260601T230631Z-3-002/b-Library_Hzm/PRL/Asrin Getirdigi Tereddutler_4.pdf,Asrin Getirdigi Tereddutler_4.txt,PDF,0,0,0,Mükerrer (Atlandı),0a189c5b5192093faffb4c850c608bc3f7e8284814041e0671ba7fe0a9b23fc7
Bir İ_caz Hecelemesi.pdf,Books/b-Library_Hzm-20260601T230631Z-3-002/b-Library_Hzm/PRL/Bir İ_caz Hecelemesi.pdf,Bir İ_caz Hecelemesi.txt,PDF,0,0,0,Mükerrer (Atlandı),64df79c38434413f4fe9d9fc1d66182f180d80d62e71bdd5835ea002b8d1dd85
CN-10_Hakka Adanmışlar Yolu.pdf,Books/b-Library_Hzm-20260601T230631Z-3-002/b-Library_Hzm/PRL/CN-10_Hakka Adanmışlar Yolu.pdf,CN-10_Hakka Adanmışlar Yolu.txt,PDF,0,0,0,Mükerrer (Atlandı),2692f5c7e4998966a69094eb08c7bad24eba564384bda313af3693af47e18a8d
CN_8_Ornekleri Kendinden Bir Hareket.pdf,Books/b-Library_Hzm-20260601T230631Z-3-002/b-Library_Hzm/PRL/CN_8_Ornekleri Kendinden Bir Hareket.pdf,CN_8_Ornekleri Kendinden Bir Hareket.txt,PDF,0,0,0,Mükerrer (Atlandı),f33d4aea45b604d988c387f919c8090889037eaceaddd8c07cf9355f41cf262c
CN_9_Sükûtun Çığlıkları.pdf,Books/b-Library_Hzm-20260601T230631Z-3-002/b-Library_Hzm/PRL/CN_9_Sükûtun Çığlıkları.pdf,CN_9_Sükûtun Çığlıkları.txt,PDF,0,0,0,Mükerrer (Atlandı),b0aa35037f693146d2acd3cc5a477c440c66c83f0374bb29666666e372511066
Enginligiyle-Bizim-Dunyamiz-Iktisadi-Mulahazalar.pdf,Books/b-Library_Hzm-20260601T230631Z-3-002/b-Library_Hzm/PRL/Enginligiyle-Bizim-Dunyamiz-Iktisadi-Mulahazalar.pdf,Enginligiyle-Bizim-Dunyamiz-Iktisadi-Mulahazalar.txt,PDF,0,0,0,Mükerrer (Atlandı),e6445362ffa593f31e951316ebec16bb5c657ccd08827737f1b2af538108f43b
Fasıldan Fasıla-2.pdf,Books/b-Library_Hzm-20260601T230631Z-3-002/b-Library_Hzm/PRL/Fasıldan Fasıla-2.pdf,Fasıldan Fasıla-2.txt,PDF,0,0,0,Mükerrer (Atlandı),4eb2b7c78c4ecfcf7d73434fc77cf09d995f3c840c573a0ebaff94b1710bcc24
Fasıldan Fasıla-3.pdf,Books/b-Library_Hzm-20260601T230631Z-3-002/b-Library_Hzm/PRL/Fasıldan Fasıla-3.pdf,Fasıldan Fasıla-3.txt,PDF,0,0,0,Mükerrer (Atlandı),26a4e6393c28a2d9d96f7681fe733b1cbcfd27abfe466da01f7b04915d0c2f08
Fasıldan Fasıla-4.pdf,Books/b-Library_Hzm-20260601T230631Z-3-002/b-Library_Hzm/PRL/Fasıldan Fasıla-4.pdf,Fasıldan Fasıla-4.txt,PDF,0,0,0,Mükerrer (Atlandı),d28fceb44873d35af4b9d75b817b076bb2e058e130c2aabceaf15f152337d7bc
Fatiha Üzerine Mülahazalar.pdf,Books/b-Library_Hzm-20260601T230631Z-3-002/b-Library_Hzm/PRL/Fatiha Üzerine Mülahazalar.pdf,Fatiha Üzerine Mülahazalar.txt,PDF,0,0,0,Mükerrer (Atlandı),c1e16a64ab8396877bca9626fb9a334c3e8e1d8c371b9ece7f9d07fb6d521317
Hitap Çiçekleri.pdf,Books/b-Library_Hzm-20260601T230631Z-3-002/b-Library_Hzm/PRL/Hitap Çiçekleri.pdf,Hitap Çiçekleri.txt,PDF,0,0,0,Mükerrer (Atlandı),7c716b33122f32d96a269285c592aacd749c96d0f3f266c1471d49322d31ab96
Hutbeler-Gönül_Nağmeleri-MFG.pdf,Books/b-Library_Hzm-20260601T230631Z-3-002/b-Library_Hzm/PRL/Hutbeler-Gönül_Nağmeleri-MFG.pdf,Hutbeler-Gönül_Nağmeleri-MFG.txt,PDF,0,0,0,Mükerrer (Atlandı),45eea1386abace78983431ad62a186c0270918f8be82e319575ebd2909eb3f5f
KT-10-Cemre Beklentisi.pdf,Books/b-Library_Hzm-20260601T230631Z-3-002/b-Library_Hzm/PRL/KT-10-Cemre Beklentisi.pdf,KT-10-Cemre Beklentisi.txt,PDF,0,0,0,Mükerrer (Atlandı),1b0925b6408655cdddb50c0d196c35135431ce761e4da2094b7b832f21d6dbe4
KT-11-Yaşatma İdeali.pdf,Books/b-Library_Hzm-20260601T230631Z-3-002/b-Library_Hzm/PRL/KT-11-Yaşatma İdeali.pdf,KT-11-Yaşatma İdeali.txt,PDF,0,0,0,Mükerrer (Atlandı),fc2a40f18564e241d0af2e74fb00f1c90b097691b55a1cca69298d4c050e7ebe
KT-12-Yenilenme Cehdi.pdf,Books/b-Library_Hzm-20260601T230631Z-3-002/b-Library_Hzm/PRL/KT-12-Yenilenme Cehdi.pdf,KT-12-Yenilenme Cehdi.txt,PDF,0,0,0,Mükerrer (Atlandı),27f1b11b6f18fb26b4001a7be6c9b24fe3df66af407785af27ea23f6b772aaed
KT-13-Mefkure Yolculuğu.pdf,Books/b-Library_Hzm-20260601T230631Z-3-002/b-Library_Hzm/PRL/KT-13-Mefkure Yolculuğu.pdf,KT-13-Mefkure Yolculuğu.txt,PDF,0,0,0,Mükerrer (Atlandı),57adbbf9c1ddddd54f4282a0b440023fcc594b9ba600de46e32fd193c17c17c9
KT-15-Yolun Kaderi.pdf,Books/b-Library_Hzm-20260601T230631Z-3-002/b-Library_Hzm/PRL/KT-15-Yolun Kaderi.pdf,KT-15-Yolun Kaderi.txt,PDF,0,0,0,Mükerrer (Atlandı),dc56739b08b64773c81c9ec84bd8b6104c54b04394693903505fd900ce8b8944
KT-16-Dert Musikisi.pdf,Books/b-Library_Hzm-20260601T230631Z-3-002/b-Library_Hzm/PRL/KT-16-Dert Musikisi.pdf,KT-16-Dert Musikisi.txt,PDF,0,0,0,Mükerrer (Atlandı),ff831b9d5963966f4fb5ce5bf6c659087e7f06128a2e94d366aae23efb9db824
KT-19-Işık Karanlığı Boğarken.pdf,Books/b-Library_Hzm-20260601T230631Z-3-002/b-Library_Hzm/PRL/KT-19-Işık Karanlığı Boğarken.pdf,KT-19-Işık Karanlığı Boğarken.txt,PDF,0,0,0,Mükerrer (Atlandı),cb1441df6962b465f5c430779c6846aef25febdfd226016bcb5397450f909f79
KT-20-Işık-Karanlık Devr-i Daimi.pdf,Books/b-Library_Hzm-20260601T230631Z-3-002/b-Library_Hzm/PRL/KT-20-Işık-Karanlık Devr-i Daimi.pdf,KT-20-Işık-Karanlık Devr-i Daimi.txt,PDF,0,0,0,Mükerrer (Atlandı),20c535cefc9332617d6716816f06e132822f3bd6dc6ef6cc7ea5960504089fef
KT-3-Gurbet Ufukları.pdf,Books/b-Library_Hzm-20260601T230631Z-3-002/b-Library_Hzm/PRL/KT-3-Gurbet Ufukları.pdf,KT-3-Gurbet Ufukları.txt,PDF,0,0,0,Mükerrer (Atlandı),706161a39cda4c7a71dcf3578107dcd29008f04edd0fcef35117319028074c68
KT-5-İkindi Yağmurları.pdf,Books/b-Library_Hzm-20260601T230631Z-3-002/b-Library_Hzm/PRL/KT-5-İkindi Yağmurları.pdf,KT-5-İkindi Yağmurları.txt,PDF,0,0,0,Mükerrer (Atlandı),4f8996fde5d4049ed8c95e9ef16a28075aeb218356c6d8450383e8a1e44e4438
KT-6-Diriliş Çağrısı.pdf,Books/b-Library_Hzm-20260601T230631Z-3-002/b-Library_Hzm/PRL/KT-6-Diriliş Çağrısı.pdf,KT-6-Diriliş Çağrısı.txt,PDF,0,0,0,Mükerrer (Atlandı),3b272bc672383d4d19d520b7326a9ecb178c2155d75a577a511a3ee0ab7af287
KT-7-Ölümsüzlük İksiri.pdf,Books/b-Library_Hzm-20260601T230631Z-3-002/b-Library_Hzm/PRL/KT-7-Ölümsüzlük İksiri.pdf,KT-7-Ölümsüzlük İksiri.txt,PDF,0,0,0,Mükerrer (Atlandı),788081759802c94988ab95ee6e9bfa00932399d2fcf046be4132898a9636f363
KT-8-Vuslat Muştusu.pdf,Books/b-Library_Hzm-20260601T230631Z-3-002/b-Library_Hzm/PRL/KT-8-Vuslat Muştusu.pdf,KT-8-Vuslat Muştusu.txt,PDF,0,0,0,Mükerrer (Atlandı),f61ea338e82e7572481f25ea4ca911e1a07df27ecabe76b2ee14a291e6fcc626
KT-9-Kalb İbresi.pdf,Books/b-Library_Hzm-20260601T230631Z-3-002/b-Library_Hzm/PRL/KT-9-Kalb İbresi.pdf,KT-9-Kalb İbresi.txt,PDF,0,0,0,Mükerrer (Atlandı),c3ee9bc7af475184ac2d691894d7b6aa8a5cebf5548a84b0ea292ae789c7a617
Kader-Kitap ve Sünnet Perspektifinde Kader .pdf,Books/b-Library_Hzm-20260601T230631Z-3-002/b-Library_Hzm/PRL/Kader-Kitap ve Sünnet Perspektifinde Kader .pdf,Kader-Kitap ve Sünnet Perspektifinde Kader.txt,PDF,0,0,0,Mükerrer (Atlandı),c8aafafdedea62f8e6ec4bbeefc33a211b2b1b3c71f783923fb0110e7a3ccd66
Kalbin Zümrüt Tepeleri - 1.pdf,Books/b-Library_Hzm-20260601T230631Z-3-002/b-Library_Hzm/PRL/Kalbin Zümrüt Tepeleri - 1.pdf,Kalbin Zümrüt Tepeleri - 1.txt,PDF,0,0,0,Mükerrer (Atlandı),b4a5ae672c9d69acf99afae63f41e28fa96e5f18ba0e519a0a316972e3fe2954
Kalbin Zümrüt Tepeleri - 2.pdf,Books/b-Library_Hzm-20260601T230631Z-3-002/b-Library_Hzm/PRL/Kalbin Zümrüt Tepeleri - 2.pdf,Kalbin Zümrüt Tepeleri - 2.txt,PDF,0,0,0,Mükerrer (Atlandı),09872c93d094f476c507c56faa1defc82eeeb0592e2c3468264c25d71bd8447b
Kalbin Zümrüt Tepeleri - 3.pdf,Books/b-Library_Hzm-20260601T230631Z-3-002/b-Library_Hzm/PRL/Kalbin Zümrüt Tepeleri - 3.pdf,Kalbin Zümrüt Tepeleri - 3.txt,PDF,0,0,0,Mükerrer (Atlandı),f18eafb675ac9856b6eca91c3cc7712ae1a431c987efc5bf72e7e5aa0830674f
Kalbin Zümrüt Tepeleri - 4.pdf,Books/b-Library_Hzm-20260601T230631Z-3-002/b-Library_Hzm/PRL/Kalbin Zümrüt Tepeleri - 4.pdf,Kalbin Zümrüt Tepeleri - 4.txt,PDF,0,0,0,Mükerrer (Atlandı),f73139c407c829d48bc83653a3930ea6965ff67dceaff5ed99487195c7ab5fa1
Kur_an_dan İdrake Yansıyanlar.pdf,Books/b-Library_Hzm-20260601T230631Z-3-002/b-Library_Hzm/PRL/Kur_an_dan İdrake Yansıyanlar.pdf,Kur_an_dan İdrake Yansıyanlar.txt,PDF,0,0,0,Mükerrer (Atlandı),32d3c1b122ae4114ec0e17b923bb0bd22f7f1b4e1a062b2cfaf251feefdd0a5c
Kur_an_ın_Sihirli_Ufku_Yusuf_Suresi-MFG.pdf,Books/b-Library_Hzm-20260601T230631Z-3-002/b-Library_Hzm/PRL/Kur_an_ın_Sihirli_Ufku_Yusuf_Suresi-MFG.pdf,Kur_an_ın_Sihirli_Ufku_Yusuf_Suresi-MFG.txt,PDF,0,0,0,Mükerrer (Atlandı),c7f8565728fa0954164fea49d438887a406b49515f303d3569b5d99a0f2b315d
Kırık Mızrap.pdf,Books/b-Library_Hzm-20260601T230631Z-3-002/b-Library_Hzm/PRL/Kırık Mızrap.pdf,Kırık Mızrap.txt,PDF,0,0,0,Mükerrer (Atlandı),e7d12bbfb7dafa6bbe472f0fc7036005584b755e96c94ce7a2b3b7cd89f21f89
Namaz-Miraç Enginlikli İbadet.pdf,Books/b-Library_Hzm-20260601T230631Z-3-002/b-Library_Hzm/PRL/Namaz-Miraç Enginlikli İbadet.pdf,Namaz-Miraç Enginlikli İbadet.txt,PDF,0,0,0,Mükerrer (Atlandı),e4e57169a21a8065616e27ee46dbf7b62b7accbb1af620fca0c83a6d1eeaa22b
Prizma-1-M.-Fethullah-Gulen.pdf,Books/b-Library_Hzm-20260601T230631Z-3-002/b-Library_Hzm/PRL/Prizma-1-M.-Fethullah-Gulen.pdf,Prizma-1-M.-Fethullah-Gulen.txt,PDF,0,0,0,Mükerrer (Atlandı),7ea68a5ce3bc14764fc6552c56b1479e7f013a4ebbe08157e68dd7312f7bbde6
Prizma-2-M.-Fethullah-Gulen.pdf,Books/b-Library_Hzm-20260601T230631Z-3-002/b-Library_Hzm/PRL/Prizma-2-M.-Fethullah-Gulen.pdf,Prizma-2-M.-Fethullah-Gulen.txt,PDF,0,0,0,Mükerrer (Atlandı),0f6147d8f262733022b9d615411d6e0f861c0750a74a308c28ada67277808f51
Prizma-3-M.-Fethullah-Gulen.pdf,Books/b-Library_Hzm-20260601T230631Z-3-002/b-Library_Hzm/PRL/Prizma-3-M.-Fethullah-Gulen.pdf,Prizma-3-M.-Fethullah-Gulen.txt,PDF,0,0,0,Mükerrer (Atlandı),c79275f071c38d6d22471f265c343bd4b1950b5a9b4b4bc829a0e3316126adfe
Prizma-4-M.-Fethullah-Gulen.pdf,Books/b-Library_Hzm-20260601T230631Z-3-002/b-Library_Hzm/PRL/Prizma-4-M.-Fethullah-Gulen.pdf,Prizma-4-M.-Fethullah-Gulen.txt,PDF,0,0,0,Mükerrer (Atlandı),57a77ff702a7ee86a6d60091fd62eb44a0659a4f0abfcaca503c4064c36576e5
Prizma-5-Kendi-Iklimimiz-M.-Fethullah-Gulen.pdf,Books/b-Library_Hzm-20260601T230631Z-3-002/b-Library_Hzm/PRL/Prizma-5-Kendi-Iklimimiz-M.-Fethullah-Gulen.pdf,Prizma-5-Kendi-Iklimimiz-M.-Fethullah-Gulen.txt,PDF,0,0,0,Mükerrer (Atlandı),c42a8087981b87060053a8ffc6f17d46da97b205b8fd946b2e3550f42bca87a1
Prizma-6-Yol-Mulahazalari-M.-Fethullah-Gulen.pdf,Books/b-Library_Hzm-20260601T230631Z-3-002/b-Library_Hzm/PRL/Prizma-6-Yol-Mulahazalari-M.-Fethullah-Gulen.pdf,Prizma-6-Yol-Mulahazalari-M.-Fethullah-Gulen.txt,PDF,0,0,0,Mükerrer (Atlandı),49b4307b86bc58d6a60d8f300acb049d3aca2e4abada22333c3811277289a6dc
Prizma-7-Zihin-Harmani-M.-Fethullah-Gulen.pdf,Books/b-Library_Hzm-20260601T230631Z-3-002/b-Library_Hzm/PRL/Prizma-7-Zihin-Harmani-M.-Fethullah-Gulen.pdf,Prizma-7-Zihin-Harmani-M.-Fethullah-Gulen.txt,PDF,0,0,0,Mükerrer (Atlandı),b35e958b841f0627386d541c714558b6d4268a67df42c660206ee1bafe32d3c8
Prizma-8-Cizgimizi-Hecelerken-M.-Fethullah-Gulen.pdf,Books/b-Library_Hzm-20260601T230631Z-3-002/b-Library_Hzm/PRL/Prizma-8-Cizgimizi-Hecelerken-M.-Fethullah-Gulen.pdf,Prizma-8-Cizgimizi-Hecelerken-M.-Fethullah-Gulen.txt,PDF,0,0,0,Mükerrer (Atlandı),d446011717f1f90ee6ff72de5239e0f9c7bd5bafdbc665fdb5df054343ea421a
Prizma-9-Kendi-Ruhumuzu-Ararken-M.-Fethullah-Gulen.pdf,Books/b-Library_Hzm-20260601T230631Z-3-002/b-Library_Hzm/PRL/Prizma-9-Kendi-Ruhumuzu-Ararken-M.-Fethullah-Gulen.pdf,Prizma-9-Kendi-Ruhumuzu-Ararken-M.-Fethullah-Gulen.txt,PDF,0,0,0,Mükerrer (Atlandı),2ecaa2d159b963589a7e38b24d8d8af4dd02ca28c6ded2f36f8bebf43ff57c1d
Ruhumuzun-Heykelini-Dikerken-1-M.-Fethullah-Gulen.pdf,Books/b-Library_Hzm-20260601T230631Z-3-002/b-Library_Hzm/PRL/Ruhumuzun-Heykelini-Dikerken-1-M.-Fethullah-Gulen.pdf,Ruhumuzun-Heykelini-Dikerken-1-M.-Fethullah-Gulen.txt,PDF,0,0,0,Mükerrer (Atlandı),2a8e4925b668206901d234bee7626260c431343d2a826dd02647556c0317bce1
Ruhumuzun-Heykelini-Dikerken-2-Kendi-Dunyamiza-Dogru-M.-Fethullah-Gulen.pdf,Books/b-Library_Hzm-20260601T230631Z-3-002/b-Library_Hzm/PRL/Ruhumuzun-Heykelini-Dikerken-2-Kendi-Dunyamiza-Dogru-M.-Fethullah-Gulen.pdf,Ruhumuzun-Heykelini-Dikerken-2-Kendi-Dunyamiza-Dogru-M.-Fethullah-Gulen.txt,PDF,0,0,0,Mükerrer (Atlandı),7fa52270d3a474eb7763c0bdf95f7c4576dba95700749c1711dceca6ee9fcbfa
SA-1_Sohbet-Atmosferi-M.-Fethullah-Gulen.pdf,Books/b-Library_Hzm-20260601T230631Z-3-002/b-Library_Hzm/PRL/SA-1_Sohbet-Atmosferi-M.-Fethullah-Gulen.pdf,SA-1_Sohbet-Atmosferi-M.-Fethullah-Gulen.txt,PDF,0,0,0,Mükerrer (Atlandı),014ec19a3ea89a24c3355f0edb4ef2318f16227e99d736edc8e671afb0a5bf72
Sonsuz-Nur-2-M.-Fethullah-Gulen.pdf,Books/b-Library_Hzm-20260601T230631Z-3-002/b-Library_Hzm/PRL/Sonsuz-Nur-2-M.-Fethullah-Gulen.pdf,Sonsuz-Nur-2-M.-Fethullah-Gulen.txt,PDF,0,0,0,Mükerrer (Atlandı),fbf8391204fb8adf784694b75a20dff655c201340b2683fe370635c33cda890e
Varligin-Metafizik-Boyutu-M.-Fethullah-Gulen.pdf,Books/b-Library_Hzm-20260601T230631Z-3-002/b-Library_Hzm/PRL/Varligin-Metafizik-Boyutu-M.-Fethullah-Gulen.pdf,Varligin-Metafizik-Boyutu-M.-Fethullah-Gulen.txt,PDF,0,0,0,Mükerrer (Atlandı),8764fecf921280f1be4826b8cd6025a3c3a82ea1c571d12a02648dbbbe7cf38f
Yaratilis-Gercegi-ve-Evrim-M.-Fethullah-Gulen.pdf,Books/b-Library_Hzm-20260601T230631Z-3-002/b-Library_Hzm/PRL/Yaratilis-Gercegi-ve-Evrim-M.-Fethullah-Gulen.pdf,Yaratilis-Gercegi-ve-Evrim-M.-Fethullah-Gulen.txt,PDF,0,0,0,Mükerrer (Atlandı),633c3343bce39e5327c79a69f0be05689605c1959f0ba8bd275b9361a0f0591a
Yusuf_Suresi-MFG.pdf,Books/b-Library_Hzm-20260601T230631Z-3-002/b-Library_Hzm/PRL/Yusuf_Suresi-MFG.pdf,Kur_an_ın_Sihirli_Ufku_Yusuf_Suresi-MFG.txt,PDF,0,0,0,Mükerrer (Atlandı),c7f8565728fa0954164fea49d438887a406b49515f303d3569b5d99a0f2b315d
İla-yı Kelimetullah veya Cihad.pdf,Books/b-Library_Hzm-20260601T230631Z-3-002/b-Library_Hzm/PRL/İla-yı Kelimetullah veya Cihad.pdf,İla-yı Kelimetullah veya Cihad.txt,PDF,0,0,0,Mükerrer (Atlandı),84040640974c84eb25059e5eee89a57acfc406198c8fb81ebf754f589113bca7
İnancın Gölgesinde-1.pdf,Books/b-Library_Hzm-20260601T230631Z-3-002/b-Library_Hzm/PRL/İnancın Gölgesinde-1.pdf,İnancın Gölgesinde-1.txt,PDF,0,0,0,Mükerrer (Atlandı),0ca5c4df3fb2d4e1bbcfab183bb9d72f50800a228fb6a91d34903d86e7aae0fb
İnancın Gölgesinde-2.pdf,Books/b-Library_Hzm-20260601T230631Z-3-002/b-Library_Hzm/PRL/İnancın Gölgesinde-2.pdf,İnancın Gölgesinde-2.txt,PDF,0,0,0,Mükerrer (Atlandı),eb953c675b0027fe8dbbf326081a49afdafcc14a72e02d7c92463b509257f7ad
İrşad Ekseni.pdf,Books/b-Library_Hzm-20260601T230631Z-3-002/b-Library_Hzm/PRL/İrşad Ekseni.pdf,İrşad Ekseni.txt,PDF,0,0,0,Mükerrer (Atlandı),f9a490d4152167b179f1acc3585a1ec3309b0578368787c7a8263b2ba0abcd25
Sari-Lemalar.pdf,Books/b-Library_Hzm-20260601T230631Z-3-002/b-Library_Hzm/RN-Külliyat-Hzm/RN-Sade/Sari-Lemalar.pdf,RN Lemalar_Sadeleştirilmiş.txt,PDF,0,0,0,Mükerrer (Atlandı),244e336c59b1d284cbbb74391c4af7207efad13a8f27296d81a829b982862e3d
Sari-Sozler.pdf,Books/b-Library_Hzm-20260601T230631Z-3-002/b-Library_Hzm/RN-Külliyat-Hzm/RN-Sade/Sari-Sozler.pdf,RN_Sozler_Sadeleştirilmiş.txt,PDF,0,0,0,Mükerrer (Atlandı),5c6c5a84ec78eac385ab4ce71fbc0a966a01b4f464d499d5bc2f62ac78210851
kur-an-elifbasi-ilmihalli-mustuy.pdf,Books/b-Library_Hzm-20260601T230631Z-3-002/b-Library_Hzm/Çocuklar için-Hzm/ElifBa-çocuklar için/kur-an-elifbasi-ilmihalli-mustuy.pdf,kur-an-elifbasi-ilmihalli-mustuy.txt,PDF,0,0,0,Mükerrer (Atlandı),f22659eb49cd029af3414084586d4ff3d0dc95a6b64882e3ba498cb5cb6477ac
1-saadet-asrinda-Allah-sevgisi-mustuy.pdf,Books/b-Library_Hzm-20260601T230631Z-3-002/b-Library_Hzm/Çocuklar için-Hzm/Saadet Asrı-Çocuk/1-saadet-asrinda-Allah-sevgisi-mustuy.pdf,1-Saadet-Asrinda-Allah-Sevgisi-Sahabe-Hayatindan-Mustuy.txt,PDF,0,0,0,Mükerrer (Atlandı),66b83951a66cc3decdc9681384c6bb2f5b13d48bb150a2f4992ee5bb9639e592
2-saadet-asrinda-Resulullah-sevgisi-mustuy.pdf,Books/b-Library_Hzm-20260601T230631Z-3-002/b-Library_Hzm/Çocuklar için-Hzm/Saadet Asrı-Çocuk/2-saadet-asrinda-Resulullah-sevgisi-mustuy.pdf,2-Saadet-Asrinda-Resulullah-Sevgisi-Sahabe-Hayatindan-Mustuy.txt,PDF,0,0,0,Mükerrer (Atlandı),e09a724f39fc0a9f8556d0f3199fd7f1d1c57487d996d1ddc439395235af1fbb
4-saadet-asrinda-Fedakarlik-ve-sabir-mustuy.pdf,Books/b-Library_Hzm-20260601T230631Z-3-002/b-Library_Hzm/Çocuklar için-Hzm/Saadet Asrı-Çocuk/4-saadet-asrinda-Fedakarlik-ve-sabir-mustuy.pdf,4-Saadet-Asrinda-Fedakarlik-Ve-Sabir-Sahabe-Hayatindan-Mustuy.txt,PDF,0,0,0,Mükerrer (Atlandı),73915b16d1ce9e228094691b491914cecc8b7e58a23ade7531c5854d09613d20
100-Soruda-Ahiret-Hayat-U0131.pdf,Books/b-Library_Hzm-20260601T235628Z-3-001/b-Library_Hzm/100-Soruda-Ahiret-Hayat-U0131.pdf,100-Soruda-Ahiret-Hayat-U0131.txt,PDF,0,0,0,Mükerrer (Atlandı),9015728606c2f14e48bba9d61619172cd543a5e5f058e1fe02d4969b9b164d28
A.Aymaz-Citlembik-6-Anadolunun-en-Buyuk-Sadakasi-IsikYayinlari.pdf,Books/b-Library_Hzm-20260601T235628Z-3-001/b-Library_Hzm/A.Aymaz/A.Aymaz-Citlembik-6-Anadolunun-en-Buyuk-Sadakasi-IsikYayinlari.pdf,A.Aymaz-Citlembik-6-Anadolunun-en-Buyuk-Sadakasi-IsikYayinlari.txt,PDF,0,0,0,Mükerrer (Atlandı),880aa76619926c6f40a72ecda6830ab053f7e2c809784c1a95a9cba19ceea207
A.Aymaz-Gunumuz-Yusuflarina-IsikYayinlari.pdf,Books/b-Library_Hzm-20260601T235628Z-3-001/b-Library_Hzm/A.Aymaz/A.Aymaz-Gunumuz-Yusuflarina-IsikYayinlari.pdf,A.Aymaz-Gunumuz-Yusuflarina-IsikYayinlari.txt,PDF,0,0,0,Mükerrer (Atlandı),319d2e360578a8cb7fbb42ffcc097ac46b57d0271af16561b6b15a344ebba64b
A.Aymaz-Soz-Saati-IsikYayinlari.pdf,Books/b-Library_Hzm-20260601T235628Z-3-001/b-Library_Hzm/A.Aymaz/A.Aymaz-Soz-Saati-IsikYayinlari.pdf,A.Aymaz-Soz-Saati-IsikYayinlari.txt,PDF,0,0,0,Mükerrer (Atlandı),674ce2e37ee29bdf5fc688f9a08a64ec852880beaf31df883bebe5bd02ad2367
A.Aymaz-Zor-Zamanlar.pdf,Books/b-Library_Hzm-20260601T235628Z-3-001/b-Library_Hzm/A.Aymaz/A.Aymaz-Zor-Zamanlar.pdf,A.Aymaz-Zor-Zamanlar.txt,PDF,0,0,0,Mükerrer (Atlandı),095e4615824c031f00600b817ffc7ff29a891b4254b0e88bd1aab6754c528e9b
Saffet-Senih-Ibadetin-Getirdikleri-IsikYayinlari-pdf.pdf,Books/b-Library_Hzm-20260601T235628Z-3-001/b-Library_Hzm/A.Aymaz/Saffet-Senih-Ibadetin-Getirdikleri-IsikYayinlari-pdf.pdf,Saffet-Senih-Ibadetin-Getirdikleri-IsikYayinlari-pdf.txt,PDF,0,0,0,Mükerrer (Atlandı),69074622352e7b2bfa6aefeab87dda4fb6aafef2c1d982f91315063ebc75034f
Ahirzaman-ve-Kiyamet-Alametleri-Ayhan-Tekines (1).pdf,Books/b-Library_Hzm-20260601T235628Z-3-001/b-Library_Hzm/Ahirzaman-ve-Kiyamet-Alametleri-Ayhan-Tekines (1).pdf,Ahirzaman-ve-Kiyamet-Alametleri-Ayhan-Tekines (1).txt,PDF,0,0,0,Mükerrer (Atlandı),d69361264ec840c6932ab884896e431ce3dd9e14b68c449393b9f4b3e7c20fea
Diyalogun-Dini-Ve-Tarihi-Temelleri-Yeni-Umit.pdf,Books/b-Library_Hzm-20260601T235628Z-3-001/b-Library_Hzm/Diyalog/Diyalogun-Dini-Ve-Tarihi-Temelleri-Yeni-Umit.pdf,Diyalogun-Dini-Ve-Tarihi-Temelleri-Yeni-Umit.txt,PDF,0,0,0,Mükerrer (Atlandı),b6cd1dfd4caa4abba709b5d53506ac323bc668f596474336c0ac607fc23a70d9
Efendiler-Efendisine-salat-ve-selam-mehmet-y-seker-isikyayinlari.pdf,Books/b-Library_Hzm-20260601T235628Z-3-001/b-Library_Hzm/Dua-Hzm/Efendiler-Efendisine-salat-ve-selam-mehmet-y-seker-isikyayinlari.pdf,Efendiler-Efendisine-salat-ve-selam-mehmet-y-seker-isikyayinlari.txt,PDF,0,0,0,Mükerrer (Atlandı),371eee5d55579ccdcb5934f0698437cd3313a5157fc0ed3545936c105507bb2c
Eninu_l Kalb.pdf,Books/b-Library_Hzm-20260601T235628Z-3-001/b-Library_Hzm/Dua-Hzm/Eninu_l Kalb.pdf,Eninu_l Kalb.txt,PDF,0,0,0,Mükerrer (Atlandı),f7a248efd8e975110f659d5455bf5d3f301ed24bf3a58b4b98b55a7020156dba
HE_Evradı_Son_Hali 1.pdf,Books/b-Library_Hzm-20260601T235628Z-3-001/b-Library_Hzm/Dua-Hzm/HE_Evradı_Son_Hali 1.pdf,HE_Evradı_Son_Hali 1.txt,PDF,0,0,0,Mükerrer (Atlandı),3981c7c9998e5f45e196207b61ad5483f4db5d941d0f9ee2d38e18431a6907a1
Tevhidname-Eninül Kalb.pdf,Books/b-Library_Hzm-20260601T235628Z-3-001/b-Library_Hzm/Dua-Hzm/Tevhidname-Eninül Kalb.pdf,Tevhidname-Eninül Kalb.txt,PDF,0,0,0,Mükerrer (Atlandı),e431e8b353cb0195f148c23f8be7f3ff5d87a6b55869e5c133a49da46f5f1891
ayetlerde_dua.pdf,Books/b-Library_Hzm-20260601T235628Z-3-001/b-Library_Hzm/Dua-Hzm/ayetlerde_dua.pdf,ayetlerde_dua.txt,PDF,0,0,0,Mükerrer (Atlandı),216ae5ae1b12c850cc49e66165680907737577a72c3641f4b952967ecd07de35
bir-kutsi-dilekce-dua-selman-unlu-rehberyayinlari.pdf,Books/b-Library_Hzm-20260601T235628Z-3-001/b-Library_Hzm/Dua-Hzm/bir-kutsi-dilekce-dua-selman-unlu-rehberyayinlari.pdf,bir-kutsi-dilekce-dua-selman-unlu-rehberyayinlari.txt,PDF,0,0,0,Mükerrer (Atlandı),7b65e0eaf8ba03cbbffe5becc5e1bf22e11d8e4f3b6971fa76b665101ff1f993
dua-ufku-m-f-gulen.pdf,Books/b-Library_Hzm-20260601T235628Z-3-001/b-Library_Hzm/Dua-Hzm/dua-ufku-m-f-gulen.pdf,dua-ufku-m-f-gulen.txt,PDF,0,0,0,Mükerrer (Atlandı),4a590caa6d80584bbb8731c4d933d70cbc9138f071c2db53c60953719020826b
hadislerde_dua.pdf,Books/b-Library_Hzm-20260601T235628Z-3-001/b-Library_Hzm/Dua-Hzm/hadislerde_dua.pdf,hadislerde_dua.txt,PDF,0,0,0,Mükerrer (Atlandı),321021975d31b7eb3ac950fc853c14af237a73f30bcc67e5b65fb12aae163ffc
kuranda-dua-iklimi.pdf,Books/b-Library_Hzm-20260601T235628Z-3-001/b-Library_Hzm/Dua-Hzm/kuranda-dua-iklimi.pdf,kuranda-dua-iklimi.txt,PDF,0,0,0,Mükerrer (Atlandı),f2ed6735f859bb22ff391aecb9d5c54d6f629d06d32f0981ff478069a50c5964
yanik-sinelerden-dualar-mustafa-yilmaz-defineyayinlari.pdf,Books/b-Library_Hzm-20260601T235628Z-3-001/b-Library_Hzm/Dua-Hzm/yanik-sinelerden-dualar-mustafa-yilmaz-defineyayinlari.pdf,Mustafa Yilmaz - Yanik Sinelerden Dualar - DefineYayinlari (Mustafa Yilmaz) (z-lib.org).txt,PDF,0,0,0,Mükerrer (Atlandı),a36a40d8b98d47a99ee291b15d3e3376909d6bebc395e903be0d012df8b8caa4
Efendimiz Sav-1-resit-haylamaz.pdf,Books/b-Library_Hzm-20260601T235628Z-3-001/b-Library_Hzm/Efendimiz_in Sav Hayatı-Hzm/Efendimiz Sav-1-resit-haylamaz.pdf,Efendimiz Sav-1-resit-haylamaz.txt,PDF,0,0,0,Mükerrer (Atlandı),9a55b35af29fd64ef6557d1c9ebdf4c56ed621c16fa0cb058db47a98d408b476
Efendimiz Sav-2-resit-haylamaz.pdf,Books/b-Library_Hzm-20260601T235628Z-3-001/b-Library_Hzm/Efendimiz_in Sav Hayatı-Hzm/Efendimiz Sav-2-resit-haylamaz.pdf,Efendimiz Sav-2-resit-haylamaz.txt,PDF,0,0,0,Mükerrer (Atlandı),1c635b144de05fcbd5a84ebb0f869955a12134047905ce3c78d6107501f2800b
Efendimiz Sav-muhtasar-resit-haylamaz-mustuy.pdf,Books/b-Library_Hzm-20260601T235628Z-3-001/b-Library_Hzm/Efendimiz_in Sav Hayatı-Hzm/Efendimiz Sav-muhtasar-resit-haylamaz-mustuy.pdf,Efendimiz Sav-muhtasar-resit-haylamaz-mustuy.txt,PDF,0,0,0,Mükerrer (Atlandı),687ca337cc0ea8444223410bc9ec050ea1c923d58fa6718eb4e9c4a2b7791e58
Hz Muhammed-Sav-ve-İslamiyet-Asım Köksal-.pdf,Books/b-Library_Hzm-20260601T235628Z-3-001/b-Library_Hzm/Efendimiz_in Sav Hayatı-Hzm/Hz Muhammed-Sav-ve-İslamiyet-Asım Köksal-.pdf,Hz Muhammed-Sav-ve-İslamiyet-Asım Köksal-.txt,PDF,0,0,0,Mükerrer (Atlandı),b0ce87d25cd5b1bbe2191f448c6ba36ceaceee8e5fafb663d4037d906aaefdd7
M-Asım-Koksal-Hazreti-Muhammed-S-A-V-ve-İslamiyet-İslam-Tarihi-1-2-.pdf,Books/b-Library_Hzm-20260601T235628Z-3-001/b-Library_Hzm/Efendimiz_in Sav Hayatı-Hzm/M-Asım-Koksal-Hazreti-Muhammed-S-A-V-ve-İslamiyet-İslam-Tarihi-1-2-.pdf,M-Asım-Koksal-Hazreti-Muhammed-S-A-V-ve-İslamiyet-İslam-Tarihi-1-2-.txt,PDF,0,0,0,Mükerrer (Atlandı),be02d830a5c49e1853852e75b4fac40dd712a8c93674705e8a996005d80e2f42
M-Asım-Koksal-Hazreti-Muhammed-S-A-V-ve-İslamiyet-İslam-Tarihi-5-6-PDFDrive-com-pdf.pdf,Books/b-Library_Hzm-20260601T235628Z-3-001/b-Library_Hzm/Efendimiz_in Sav Hayatı-Hzm/M-Asım-Koksal-Hazreti-Muhammed-S-A-V-ve-İslamiyet-İslam-Tarihi-5-6-PDFDrive-com-pdf.pdf,M-Asım-Koksal-Hazreti-Muhammed-S-A-V-ve-İslamiyet-İslam-Tarihi-5-6-PDFDrive-com-pdf.txt,PDF,0,0,0,Mükerrer (Atlandı),5d4eac93ff9f5d2dcb46b2f557c937683a068a29736224583c47b497ed9ad194
KURAN-OKUMA-SANATI.pdf,Books/b-Library_Hzm-20260601T235628Z-3-001/b-Library_Hzm/ElifBa-Tecvid-Hzm/KURAN-OKUMA-SANATI.pdf,KURAN-OKUMA-SANATI.txt,PDF,0,0,0,Mükerrer (Atlandı),a1e9c5402741f0b734f56d4474f73f3e1adddf89c33222d8acb051194b40726a
Kur_an Harflerinin-mahrec-cekimi.pdf,Books/b-Library_Hzm-20260601T235628Z-3-001/b-Library_Hzm/ElifBa-Tecvid-Hzm/Kur_an Harflerinin-mahrec-cekimi.pdf,Kur_an Harflerinin-mahrec-cekimi.txt,PDF,0,0,0,Mükerrer (Atlandı),7041b7844d2fedd6a79f2ba5444bd9247a09bb06c7e906719c0cc79342b57f5a
Tecvid-uygulamali-kurani-kerim-elifbasi-defineyayinlari.pdf,Books/b-Library_Hzm-20260601T235628Z-3-001/b-Library_Hzm/ElifBa-Tecvid-Hzm/Tecvid-uygulamali-kurani-kerim-elifbasi-defineyayinlari.pdf,Tecvid-uygulamali-kurani-kerim-elifbasi-defineyayinlari.txt,PDF,0,0,0,Mükerrer (Atlandı),72a0d5bb9c0172eb073afb3eb53aef0d2d908edc660bdc97c16479f955e726f0
kur-an-elifbasi-ilmihalli-mustuy.pdf,Books/b-Library_Hzm-20260601T235628Z-3-001/b-Library_Hzm/ElifBa-Tecvid-Hzm/kur-an-elifbasi-ilmihalli-mustuy.pdf,kur-an-elifbasi-ilmihalli-mustuy.txt,PDF,0,0,0,Mükerrer (Atlandı),f22659eb49cd029af3414084586d4ff3d0dc95a6b64882e3ba498cb5cb6477ac
tecvid-kitabi.pdf,Books/b-Library_Hzm-20260601T235628Z-3-001/b-Library_Hzm/ElifBa-Tecvid-Hzm/tecvid-kitabi.pdf,tecvid-kitabi.txt,PDF,0,0,0,Mükerrer (Atlandı),1a3f7bb6bcd16c21e5fe1b2fac6e9112bc0f322270558b465f457d7c6ccce548
110-Soruda-Yaratilis-ve-Evrim-Tartismasi-Arif-Sarsilmaz-AltinBurcYayinlari-pdf.pdf,Books/b-Library_Hzm-20260601T235628Z-3-001/b-Library_Hzm/Evrim-Hzm/110-Soruda-Yaratilis-ve-Evrim-Tartismasi-Arif-Sarsilmaz-AltinBurcYayinlari-pdf.pdf,110-Soruda-Yaratilis-ve-Evrim-Tartismasi-Arif-Sarsilmaz-AltinBurcYayinlari-pdf.txt,PDF,0,0,0,Mükerrer (Atlandı),7b3c6d0bdf14526282837887a6e7eddd84e6fcddb68ee9bb5db34d49c59eeaf2
Insanlik-Tarihi-Boyunca-Evrim-Adem-Tatli.pdf,Books/b-Library_Hzm-20260601T235628Z-3-001/b-Library_Hzm/Evrim-Hzm/Insanlik-Tarihi-Boyunca-Evrim-Adem-Tatli.pdf,Insanlik-Tarihi-Boyunca-Evrim-Adem-Tatli.txt,PDF,0,0,0,Mükerrer (Atlandı),3ecbee81b022dd2faf5d0368a6ff9ccc3d1ac5d992d83e37ef0d255c8ca4e806
Hanefi-Fıkhı-1-Vehbe-Zuhayli.pdf,Books/b-Library_Hzm-20260601T235628Z-3-001/b-Library_Hzm/Fikİh-Vehbe-Zuhayli-ZAMAN/Hanefi-Fıkhı-1-Vehbe-Zuhayli.pdf,Hanefi-Fıkhı-1-Vehbe-Zuhayli.txt,PDF,0,0,0,Mükerrer (Atlandı),484783946b6f472874cd1e6d1d4f27f4a5a80b777d2f2c104fceca32d7648181
Vehbe Zuhayli - İslâm Fıkhı Ansiklopedisi Cilt-05.pdf,Books/b-Library_Hzm-20260601T235628Z-3-001/b-Library_Hzm/Fikİh-Vehbe-Zuhayli-ZAMAN/Vehbe Zuhayli - İslâm Fıkhı Ansiklopedisi Cilt-05.pdf,Vehbe Zuhayli - İslâm Fıkhı Ansiklopedisi Cilt-05.txt,PDF,0,0,0,Mükerrer (Atlandı),9d3c8ffa973c0a36d2ec92b06d2cd2b5061292c47c1bb5f9c166d93364311f6c
Sorularla-Acilan-Pencereler-1-MustuY.pdf,Books/b-Library_Hzm-20260601T235628Z-3-001/b-Library_Hzm/Gençler için-Hzm/Sorularla-Acilan-Pencereler-1-MustuY.pdf,Sorularla-Acilan-Pencereler-1-MustuY.txt,PDF,0,0,0,Mükerrer (Atlandı),001c8dc088fccf2488eff17039538e3aa80202dd27b089866e33ddaf1e76f0ab
gencin-yol-rehberi-1-mustuy.pdf,Books/b-Library_Hzm-20260601T235628Z-3-001/b-Library_Hzm/Gençler için-Hzm/gencin-yol-rehberi-1-mustuy.pdf,gencin-yol-rehberi-1-mustuy.txt,PDF,0,0,0,Mükerrer (Atlandı),d9712bd0b6cbeab3479b65dcf51e8035c8b2e094b3f4923cad94f318130212cb
gencin-yol-rehberi-2-mustuy.pdf,Books/b-Library_Hzm-20260601T235628Z-3-001/b-Library_Hzm/Gençler için-Hzm/gencin-yol-rehberi-2-mustuy.pdf,gencin-yol-rehberi-2-mustuy.txt,PDF,0,0,0,Mükerrer (Atlandı),ff587cbe2290a914d07e06a404c3893cb7b6697d1a98d0ec290153d8cef27ad2
genclere-pirlanta-olculer-1-m-fethullah-gulen-mustuy.pdf,Books/b-Library_Hzm-20260601T235628Z-3-001/b-Library_Hzm/Gençler için-Hzm/genclere-pirlanta-olculer-1-m-fethullah-gulen-mustuy.pdf,genclere-pirlanta-olculer-1-m-fethullah-gulen-mustuy.txt,PDF,0,0,0,Mükerrer (Atlandı),2ad9de36acb59806bdd49a37a0e83061507eaa3d2f6b68a1433655756ad63793
genclere-pirlanta-olculer-2-m-fethullah-gulen-mustuy.pdf,Books/b-Library_Hzm-20260601T235628Z-3-001/b-Library_Hzm/Gençler için-Hzm/genclere-pirlanta-olculer-2-m-fethullah-gulen-mustuy.pdf,genclere-pirlanta-olculer-2-m-fethullah-gulen-mustuy.txt,PDF,0,0,0,Mükerrer (Atlandı),7a3fa10b9eb43e122307e127bb506cddb5afef23ca65459c4a59598343b8f39b
genclerle-nur-dersleri-1-mustuy.pdf,Books/b-Library_Hzm-20260601T235628Z-3-001/b-Library_Hzm/Gençler için-Hzm/genclerle-nur-dersleri-1-mustuy.pdf,genclerle-nur-dersleri-1-mustuy.txt,PDF,0,0,0,Mükerrer (Atlandı),252773e50cf076deb765f52032baac1506c2a3236394519cafed72a901fb7e71
genclerle-nur-dersleri-2-mustuy.pdf,Books/b-Library_Hzm-20260601T235628Z-3-001/b-Library_Hzm/Gençler için-Hzm/genclerle-nur-dersleri-2-mustuy.pdf,genclerle-nur-dersleri-2-mustuy.txt,PDF,0,0,0,Mükerrer (Atlandı),00973c48a41d0190e05596649a5346e4cb723711401d5dc84f68c8f7ae49d575
Fethullah Gülen Röportajı (Ekrem Dumanlı) (z-lib.org).epub,Books/b-Library_Hzm-20260601T235628Z-3-001/b-Library_Hzm/HE-Bio-Hzm/Fethullah Gülen Röportajı (Ekrem Dumanlı) (z-lib.org).epub,Fethullah Gülen Röportajı (Ekrem Dumanlı) (z-lib.org).txt,EPUB,0,0,0,Mükerrer (Atlandı),aa31b3391f60b2fbb4757364e739a16eccab4c7859d5271bea5d99ddf7fecc66
Fethullah-Gulenle-Amerika`da-bir-ay-Ismail-Unal.pdf,Books/b-Library_Hzm-20260601T235628Z-3-001/b-Library_Hzm/HE-Bio-Hzm/Fethullah-Gulenle-Amerika`da-bir-ay-Ismail-Unal.pdf,Fethullah-Gulenle-Amerika`da-bir-ay-Ismail-Unal.txt,PDF,0,0,0,Mükerrer (Atlandı),d7e69fc8e3ffa5bf602e49e0b7943b4eef3d4c5641d7e6d755576dfe910686a3
Fikir ve Aksiyon İnsanı Olarak Fethullah Gülen - Yüksel Çayıroğlu.pdf,Books/b-Library_Hzm-20260601T235628Z-3-001/b-Library_Hzm/HE-Bio-Hzm/Fikir ve Aksiyon İnsanı Olarak Fethullah Gülen - Yüksel Çayıroğlu.pdf,Fikir ve Aksiyon İnsanı Olarak Fethullah Gülen - Yüksel Çayıroğlu.txt,PDF,0,0,0,Mükerrer (Atlandı),dbf20c6776637f0fc83159349966d0695c3db21729c071e61f3332f4fd913aad
Gurbette-Fethullah-Gulen-Nuriye-Akman.pdf,Books/b-Library_Hzm-20260601T235628Z-3-001/b-Library_Hzm/HE-Bio-Hzm/Gurbette-Fethullah-Gulen-Nuriye-Akman.pdf,Gurbette-Fethullah-Gulen-Nuriye-Akman.txt,PDF,0,0,0,Mükerrer (Atlandı),833b49bb6ae652ff2f219c6ec68873353cb76ee4c92e0eaf7ae62e3661d22dba
Gurbetteki-Ogretmen-M-Fethulllah-Gulen-MustuY.pdf,Books/b-Library_Hzm-20260601T235628Z-3-001/b-Library_Hzm/HE-Bio-Hzm/Gurbetteki-Ogretmen-M-Fethulllah-Gulen-MustuY.pdf,Gurbetteki-Ogretmen-M-Fethulllah-Gulen-MustuY.txt,PDF,0,0,0,Mükerrer (Atlandı),cf535b502387ced35bb28d1eb98a7aacfe9aeb2af5dcda08f5d4829afa940e9a
İbretlik Hatıralar_Osman Şimşek.pdf,Books/b-Library_Hzm-20260601T235628Z-3-001/b-Library_Hzm/HE-Bio-Hzm/İbretlik Hatıralar_Osman Şimşek.pdf,İbretlik Hatıralar_Osman Şimşek.txt,PDF,0,0,0,Mükerrer (Atlandı),4f6a042dd52510fd433c25dece9f4a8853dfe776fa52bfcc12724fc8c7b85364
Riyazu-s-Salihin-Işık-Yayınları-pdf.pdf,Books/b-Library_Hzm-20260601T235628Z-3-001/b-Library_Hzm/Hadis-Hzm/Riyazu-s-Salihin-Işık-Yayınları-pdf.pdf,Riyazu-s-Salihin-Işık-Yayınları-pdf.txt,PDF,0,0,0,Mükerrer (Atlandı),d4a8fe41d088d0b1e36f49da0be4a098ff99ac447b06619dc94d0bad8f507499
Riyazus Salihin - Muhtasar.pdf,Books/b-Library_Hzm-20260601T235628Z-3-001/b-Library_Hzm/Hadis-Hzm/Riyazus Salihin - Muhtasar.pdf,Riyazus Salihin - Muhtasar.txt,PDF,0,0,0,Mükerrer (Atlandı),e9f13f3cc37157df632bffc758708694c4013dcc5fc0cd37c79f50d3e7f91cee
Haris-El-Muhasibi-Er-Riaye-1.pdf,Books/b-Library_Hzm-20260601T235628Z-3-001/b-Library_Hzm/Haris-El-Muhasibi-Er-Riaye-1.pdf,Haris-El-Muhasibi-Er-Riaye-1.txt,PDF,0,0,0,Mükerrer (Atlandı),9fb838bae55673de67dd1cec135dcd97a8acaf6528b602f4ed5032853210721c
Haris-El-Muhasibi-Kalb-Hayati-2.pdf,Books/b-Library_Hzm-20260601T235628Z-3-001/b-Library_Hzm/Haris-El-Muhasibi-Kalb-Hayati-2.pdf,Haris-El-Muhasibi-Kalb-Hayati-2.txt,PDF,0,0,0,Mükerrer (Atlandı),76ff7fa6117abd0828cdb146599fbc4d8c79cffdd38a4d6367f98a9261329ae0
Adanmışların-Vasıfları-pdf.pdf,Books/b-Library_Hzm-20260601T235628Z-3-001/b-Library_Hzm/Hizmet İnsanı/Adanmışların-Vasıfları-pdf.pdf,Adanmışların-Vasıfları-pdf.txt,PDF,0,0,0,Mükerrer (Atlandı),087878defd07aaff2b81b92c4c5df51e087c11c7626c395431c93300c20ebd54
Vazifelendirmede-Peygamber-Metodu-isikyayinlari.pdf,Books/b-Library_Hzm-20260601T235628Z-3-001/b-Library_Hzm/Hizmet İnsanı/Vazifelendirmede-Peygamber-Metodu-isikyayinlari.pdf,Vazifelendirmede-Peygamber-Metodu-isikyayinlari.txt,PDF,0,0,0,Mükerrer (Atlandı),6b6178b1ef220fdd4cbeb1619c40798e831c332ab308d777b8e1f1bc8e6bc400
İc-Derinlikleriyle-Hizmet-İnsanı-pdf.pdf,Books/b-Library_Hzm-20260601T235628Z-3-001/b-Library_Hzm/Hizmet İnsanı/İc-Derinlikleriyle-Hizmet-İnsanı-pdf.pdf,İc-Derinlikleriyle-Hizmet-İnsanı-pdf.txt,PDF,0,0,0,Mükerrer (Atlandı),2102dfa18b9ee2b01840ab8b28e217888870b564e5a08ad810c8a7e1f31a6869
Hizmet-Studies-Review.pdf,Books/b-Library_Hzm-20260601T235628Z-3-001/b-Library_Hzm/Hzm-Studies/Hizmet-Studies-Review.pdf,Hizmet-Studies-Review.txt,PDF,0,0,0,Mükerrer (Atlandı),8ba4c2a010829f61f93603b5247393152882b408e3ee7540d272b78e5b92759d
Peaceful-Coexistence-Fethullah-Gulens-s-Initiatives.pdf,Books/b-Library_Hzm-20260601T235628Z-3-001/b-Library_Hzm/Hzm-Studies/Peaceful-Coexistence-Fethullah-Gulens-s-Initiatives.pdf,Peaceful-Coexistence-Fethullah-Gulens-s-Initiatives.txt,PDF,0,0,0,Mükerrer (Atlandı),e6204dc26e8fb34a2116cbb403807c17eca3416abe02c68650aec15765f7978e
Persecution-of-Hizmet-in-Turkey.pdf,Books/b-Library_Hzm-20260601T235628Z-3-001/b-Library_Hzm/Hzm-Studies/Persecution-of-Hizmet-in-Turkey.pdf,Persecution-of-Hizmet-in-Turkey.txt,PDF,0,0,0,Mükerrer (Atlandı),f44b76b21112aec71e748970b9370a1aa8cd4e8645ab6ec591a1bd49abdc8412
Imam-i-Rabbani-KaynakYayinlari.pdf,Books/b-Library_Hzm-20260601T235628Z-3-001/b-Library_Hzm/Imam-i-Rabbani-KaynakYayinlari.pdf,Imam-i-Rabbani-KaynakYayinlari.txt,PDF,0,0,0,Mükerrer (Atlandı),91ea5d07ba74df5c8ff1dd46a510320fb6fc30b7b8ea64c84db0b9ff8390e290
Ezvac-ı Tahirat-gulyurduyayinlari.pdf,Books/b-Library_Hzm-20260601T235628Z-3-001/b-Library_Hzm/Kadın Sahabeler/Ezvac-ı Tahirat-gulyurduyayinlari.pdf,Ezvac-ı Tahirat-gulyurduyayinlari.txt,PDF,0,0,0,Mükerrer (Atlandı),91a1a9eba05d5040d63522005ed2966a13b58c1cc5b3cb6a1f5ab9ab5fef1e6a
Hanim Sahabiler-gulyurduyayinlari.pdf,Books/b-Library_Hzm-20260601T235628Z-3-001/b-Library_Hzm/Kadın Sahabeler/Hanim Sahabiler-gulyurduyayinlari.pdf,Hanim Sahabiler-gulyurduyayinlari.txt,PDF,0,0,0,Mükerrer (Atlandı),512cfab19f357297b6414207646e8474fa7a4e7b9e2628339db2a478ccc1c23f
Hz Aişe Ra_Reşid Haylamaz.pdf,Books/b-Library_Hzm-20260601T235628Z-3-001/b-Library_Hzm/Kadın Sahabeler/Hz Aişe Ra_Reşid Haylamaz.pdf,Hz Aişe Ra_Reşid Haylamaz.txt,PDF,0,0,0,Mükerrer (Atlandı),803fbd975ca6a0e9f4a4ee34c32d15e925219984e8d2a50eb7e031b1f9eb85f9
Rehber Hanimlar-gulyurduyayinlari.pdf,Books/b-Library_Hzm-20260601T235628Z-3-001/b-Library_Hzm/Kadın Sahabeler/Rehber Hanimlar-gulyurduyayinlari.pdf,Rehber Hanimlar-gulyurduyayinlari.txt,PDF,0,0,0,Mükerrer (Atlandı),a68d74012612fbf0f8cf5b073912606a342fd0988d3ae8fe340f066fe13e90c4
Zahide-hanimlar-gulyurduyayinlari.pdf,Books/b-Library_Hzm-20260601T235628Z-3-001/b-Library_Hzm/Kadın Sahabeler/Zahide-hanimlar-gulyurduyayinlari.pdf,Zahide-hanimlar-gulyurduyayinlari.txt,PDF,0,0,0,Mükerrer (Atlandı),ec7f6d4227087b6e0f3c4622a2a90e77cf386da4b08be408af693574c87b7e3e
Ali Unal-Kur-an-i-Kerim-Meal1.pdf,Books/b-Library_Hzm-20260601T235628Z-3-001/b-Library_Hzm/Kur_an-Meal-Hzm/Ali Unal-Kur-an-i-Kerim-Meal1.pdf,Ali Unal-Kur-an-i-Kerim-Meal1.txt,PDF,0,0,0,Mükerrer (Atlandı),c5bc663ca04d80ac85cc905ee5a29bf28a04d7d8b8efc0fb7f7f08c5cdab4c26
Ali Unal-Kuran-i-Kerim-Meal2.pdf,Books/b-Library_Hzm-20260601T235628Z-3-001/b-Library_Hzm/Kur_an-Meal-Hzm/Ali Unal-Kuran-i-Kerim-Meal2.pdf,Ali Unal-Kuran-i-Kerim-Meal2.txt,PDF,0,0,0,Mükerrer (Atlandı),aa89258f9216ff3618f3d78af5107a13d7795c74ffe2d27d592b6f79042e86a7
Ali Unal-The-Quran-with-Annotated-interpretation-.pdf,Books/b-Library_Hzm-20260601T235628Z-3-001/b-Library_Hzm/Kur_an-Meal-Hzm/Ali Unal-The-Quran-with-Annotated-interpretation-.pdf,Ali Unal-The-Quran-with-Annotated-interpretation-.txt,PDF,0,0,0,Mükerrer (Atlandı),b30bdd1369811ae2b43d5d76f4fec1942dd849ad5e2e3f95f6714ac95d7493f6
Kuran-i_Kerim-OKU.pdf,Books/b-Library_Hzm-20260601T235628Z-3-001/b-Library_Hzm/Kur_an-Meal-Hzm/Kuran-i_Kerim-OKU.pdf,Kuran-i_Kerim-OKU.txt,PDF,0,0,0,Mükerrer (Atlandı),4e61cee5fa2e708041affbdfe789a800b0157768866fecf2513e1037cbc3178b
Davut Aydüz-Kısa Surelerin Tefsiri.pdf,Books/b-Library_Hzm-20260601T235628Z-3-001/b-Library_Hzm/Kur_an-Tefsir-Hzm/Davut Aydüz-Kısa Surelerin Tefsiri.pdf,Davut Aydüz-Kısa Surelerin Tefsiri.txt,PDF,0,0,0,Mükerrer (Atlandı),12fcb567385f41b2c4a6b0124fbff6399d54b1e302c5d7009be125a00b2396c5
Davut-Ayduz-5-Vakit-4-Asir-Namazdan-Sonra-Okunan-Ayetlerin-Tefsiri-DefineYayinlari.pdf,Books/b-Library_Hzm-20260601T235628Z-3-001/b-Library_Hzm/Kur_an-Tefsir-Hzm/Davut-Ayduz-5-Vakit-4-Asir-Namazdan-Sonra-Okunan-Ayetlerin-Tefsiri-DefineYayinlari.pdf,Davut-Ayduz-5-Vakit-4-Asir-Namazdan-Sonra-Okunan-Ayetlerin-Tefsiri-DefineYayinlari.txt,PDF,0,0,0,Mükerrer (Atlandı),ee4653a40b7ff517f6599a6aa56b6cf42701ab938fb0fd6a07176c3a18313851
Nicin-Helak-Oldular-Abdullah-Emin-Cimen-.pdf,Books/b-Library_Hzm-20260601T235628Z-3-001/b-Library_Hzm/Kur_an-Tefsir-Hzm/Nicin-Helak-Oldular-Abdullah-Emin-Cimen-.pdf,Nicin-Helak-Oldular-Abdullah-Emin-Cimen-.txt,PDF,0,0,0,Mükerrer (Atlandı),9ffa5cdfcd2979439d604b37802dd1e9b37627d7bf25e7e7a54f26b7bb7efa3a
PEYGAMBERİMİZİN-KURANI-TEFSİRİ-Suat-Yıldırım.pdf,Books/b-Library_Hzm-20260601T235628Z-3-001/b-Library_Hzm/Kur_an-Tefsir-Hzm/PEYGAMBERİMİZİN-KURANI-TEFSİRİ-Suat-Yıldırım.pdf,PEYGAMBERİMİZİN-KURANI-TEFSİRİ-Suat-Yıldırım.txt,PDF,0,0,0,Mükerrer (Atlandı),be622e6e95fa789fc3c57296945694271a576e5a997d090ea84c2b54d8510196
Kuranda-Tesbih-Ve-Temsiller-Sadi-Eren.pdf,Books/b-Library_Hzm-20260601T235628Z-3-001/b-Library_Hzm/Kur`an-Hzm/Kuranda-Tesbih-Ve-Temsiller-Sadi-Eren.pdf,Kuranda-Tesbih-Ve-Temsiller-Sadi-Eren.txt,PDF,0,0,0,Mükerrer (Atlandı),5a850eba474d7c6700a2ed0aa60d77e3e3aaa9046bd8c00366abb4dfac32155c
Nicin-Helak-Oldular-Abdullah-Emin-Cimen.pdf,Books/b-Library_Hzm-20260601T235628Z-3-001/b-Library_Hzm/Kur`an-Hzm/Nicin-Helak-Oldular-Abdullah-Emin-Cimen.pdf,Nicin-Helak-Oldular-Abdullah-Emin-Cimen-.txt,PDF,0,0,0,Mükerrer (Atlandı),9ffa5cdfcd2979439d604b37802dd1e9b37627d7bf25e7e7a54f26b7bb7efa3a
Kuranda-Ehli-Kitapla-Muhabbet-IsikAkademiY-pdf.pdf,Books/b-Library_Hzm-20260601T235628Z-3-001/b-Library_Hzm/Kuranda-Ehli-Kitapla-Muhabbet-IsikAkademiY-pdf.pdf,Kuranda-Ehli-Kitapla-Muhabbet-IsikAkademiY-pdf.txt,PDF,0,0,0,Mükerrer (Atlandı),955531ad3027aeb280220329128478ffdf7fc30b60005210d770271aa4b44bb0
Kutlu Zamanlar.pdf,Books/b-Library_Hzm-20260601T235628Z-3-001/b-Library_Hzm/Kutlu Zamanlar.pdf,Kutlu Zamanlar.txt,PDF,0,0,0,Mükerrer (Atlandı),ba41ffa1475085cba2ed1efe44dea7a0e3b549dcbd84215d4e2bdf7f1814e0a9
Fethullah Gülen’s Teaching and Practice-Paul Weller.pdf,Books/b-Library_Hzm-20260601T235628Z-3-001/b-Library_Hzm/MFG/Fethullah Gülen’s Teaching and Practice-Paul Weller.pdf,Fethullah Gülen’s Teaching and Practice-Paul Weller.txt,PDF,0,0,0,Mükerrer (Atlandı),8b02232e9475591dc063fdb3ca0842430ffd6360aa4977b75b56b67bd1a925af
Fethullah-Gulen-Biography.pdf,Books/b-Library_Hzm-20260601T235628Z-3-001/b-Library_Hzm/MFG/Fethullah-Gulen-Biography.pdf,Fethullah-Gulen-Biography.txt,PDF,0,0,0,Mükerrer (Atlandı),20c2a58dbad0e26ffe7c04f07dbcef0bbda202c32d0277a581e835c1038adbec
Gulen-Hareketi-1-Farkli-Seslerin-Ahengi-M-F-Gulen.pdf,Books/b-Library_Hzm-20260601T235628Z-3-001/b-Library_Hzm/MFG/Gulen-Hareketi-1-Farkli-Seslerin-Ahengi-M-F-Gulen.pdf,Gulen-Hareketi-1-Farkli-Seslerin-Ahengi-M-F-Gulen.txt,PDF,0,0,0,Mükerrer (Atlandı),6009d73f8921c1ac01d1e7d5e14c596ef74e4ec78bbb95116b6ea3b5517b0fac
Meryem-Oglu-Isa-KaynakYayinlari-pdf.pdf,Books/b-Library_Hzm-20260601T235628Z-3-001/b-Library_Hzm/Meryem-Oglu-Isa-KaynakYayinlari-pdf.pdf,Meryem-Oglu-Isa-KaynakYayinlari-pdf.txt,PDF,0,0,0,Mükerrer (Atlandı),14bb9d23d3490936cda5cfe0cbb363b6bc6a036ddd97f7ac59cbf68aa0be14bb
Metafizik-Aleminin-Sakinleri-Melekler-ve-Cinler-Mehmet-Seker-IsikYayinlari.pdf,Books/b-Library_Hzm-20260601T235628Z-3-001/b-Library_Hzm/Metafizik-Aleminin-Sakinleri-Melekler-ve-Cinler-Mehmet-Seker-IsikYayinlari.pdf,Metafizik-Aleminin-Sakinleri-Melekler-ve-Cinler-Mehmet-Seker-IsikYayinlari.txt,PDF,0,0,0,Mükerrer (Atlandı),5aabb1f3b9ddf2c310df8b45c0a412a4bf31b81b96f2b654bc8b6eb644fdeb9e
Davut-Ayduz-Namazı-Anlayarak-Kılmak.pdf,Books/b-Library_Hzm-20260601T235628Z-3-001/b-Library_Hzm/Namaz/Davut-Ayduz-Namazı-Anlayarak-Kılmak.pdf,Davut-Ayduz-Namazı-Anlayarak-Kılmak.txt,PDF,0,0,0,Mükerrer (Atlandı),1f9b6c62a70cc0eac502f5628283050d8be64456007d12936b140d7ae6f84c42
Dinimin-Diregi-Namaz-Suleyman-Bosnali.pdf,Books/b-Library_Hzm-20260601T235628Z-3-001/b-Library_Hzm/Namaz/Dinimin-Diregi-Namaz-Suleyman-Bosnali.pdf,Dinimin-Diregi-Namaz-Suleyman-Bosnali.txt,PDF,0,0,0,Mükerrer (Atlandı),421a391e343b9edfb80ebabb25dfda60ae89aa3986dbae360e2f18bacafa1e8c
Osmanlılarda-Hilafet-Mustafa-Alkan.pdf,Books/b-Library_Hzm-20260601T235628Z-3-001/b-Library_Hzm/Osmanlılarda-Hilafet-Mustafa-Alkan.pdf,Osmanlılarda-Hilafet-Mustafa-Alkan.txt,PDF,0,0,0,Mükerrer (Atlandı),8b7514cd895586da8b0d77b7960081b515045c9ded5287e84d170e28712e0fff
An-Analysis-of-the-Prophet-s-Life-The-Messenger-Of-God-Muhammad-Fethullah-Gulen.pdf,Books/b-Library_Hzm-20260601T235628Z-3-001/b-Library_Hzm/PRL-English/An-Analysis-of-the-Prophet-s-Life-The-Messenger-Of-God-Muhammad-Fethullah-Gulen.pdf,An-Analysis-of-the-Prophet-s-Life-The-Messenger-Of-God-Muhammad-Fethullah-Gulen.txt,PDF,0,0,0,Mükerrer (Atlandı),0987e3bf64c5a2223a3624e9cc3cc3cb564f0eeb0e99de3a84d31423f6dc02a8
Questions-and-Answers-About-Islam-Vol-1-M-Fethullah-Gulen.pdf,Books/b-Library_Hzm-20260601T235628Z-3-001/b-Library_Hzm/PRL-English/Questions-and-Answers-About-Islam-Vol-1-M-Fethullah-Gulen.pdf,Questions-and-Answers-About-Islam-Vol-1-M-Fethullah-Gulen.txt,PDF,0,0,0,Mükerrer (Atlandı),dfaf98416a0a0cf71f6bdf9baebcced4f49013d7c988db8ac4423df515451cb0
Questions-and-Answers-About-Islam-Vol-2-M-Fethullah-Gulen.pdf,Books/b-Library_Hzm-20260601T235628Z-3-001/b-Library_Hzm/PRL-English/Questions-and-Answers-About-Islam-Vol-2-M-Fethullah-Gulen.pdf,Questions-and-Answers-About-Islam-Vol-2-M-Fethullah-Gulen.txt,PDF,0,0,0,Mükerrer (Atlandı),d615cd9a43c20e75e97518dc84416333644a8fb991a4520c49897f8429c9bde6
The-Essentials-of-the-Islamic-Faith-Fethullah-Gulen.pdf,Books/b-Library_Hzm-20260601T235628Z-3-001/b-Library_Hzm/PRL-English/The-Essentials-of-the-Islamic-Faith-Fethullah-Gulen.pdf,The-Essentials-of-the-Islamic-Faith-Fethullah-Gulen.txt,PDF,0,0,0,Mükerrer (Atlandı),487f4ff7987e4aca8769bf3bc72d15f792066c0fe091c26af8b125bdd6285c57
The-Messenger-of-God-Muhammad-An-Analysis-of-the-Prophet-s-Life.pdf,Books/b-Library_Hzm-20260601T235628Z-3-001/b-Library_Hzm/PRL-English/The-Messenger-of-God-Muhammad-An-Analysis-of-the-Prophet-s-Life.pdf,The-Messenger-of-God-Muhammad-An-Analysis-of-the-Prophet-s-Life.txt,PDF,0,0,0,Mükerrer (Atlandı),8953b1ebdb718c7401d488d963d610be940ba5fa199d860f9b855f5feabbd102
Asrin Getirdigi Tereddutler_1.pdf,Books/b-Library_Hzm-20260601T235628Z-3-001/b-Library_Hzm/PRL/Asrin Getirdigi Tereddutler_1.pdf,Asrin Getirdigi Tereddutler_1.txt,PDF,0,0,0,Mükerrer (Atlandı),f81b113cbaefa3f71d526a83dc46cd141e8a529b7f44c9aab229a6f553d0a8ad
Asrin Getirdigi Tereddutler_2.pdf,Books/b-Library_Hzm-20260601T235628Z-3-001/b-Library_Hzm/PRL/Asrin Getirdigi Tereddutler_2.pdf,Asrin Getirdigi Tereddutler_2.txt,PDF,0,0,0,Mükerrer (Atlandı),8d9b2be8554e196655813ea2c86136b5f1ef579e8972fb2e93c81305b1779dda
Asrin Getirdigi Tereddutler_3.pdf,Books/b-Library_Hzm-20260601T235628Z-3-001/b-Library_Hzm/PRL/Asrin Getirdigi Tereddutler_3.pdf,Asrin Getirdigi Tereddutler_3.txt,PDF,0,0,0,Mükerrer (Atlandı),d293e83304d67107d5794a5e9a10ffe7e30d12837fe19afcecc3a9c0ac64816e
Asrin Getirdigi Tereddutler_4.pdf,Books/b-Library_Hzm-20260601T235628Z-3-001/b-Library_Hzm/PRL/Asrin Getirdigi Tereddutler_4.pdf,Asrin Getirdigi Tereddutler_4.txt,PDF,0,0,0,Mükerrer (Atlandı),0a189c5b5192093faffb4c850c608bc3f7e8284814041e0671ba7fe0a9b23fc7
Beyan.pdf,Books/b-Library_Hzm-20260601T235628Z-3-001/b-Library_Hzm/PRL/Beyan.pdf,Beyan.txt,PDF,0,0,0,Mükerrer (Atlandı),bad722958ccd2269ab488a75a455b815f1864f74eab5f78b6a77842db8875823
Bir İ_caz Hecelemesi.pdf,Books/b-Library_Hzm-20260601T235628Z-3-001/b-Library_Hzm/PRL/Bir İ_caz Hecelemesi.pdf,Bir İ_caz Hecelemesi.txt,PDF,0,0,0,Mükerrer (Atlandı),64df79c38434413f4fe9d9fc1d66182f180d80d62e71bdd5835ea002b8d1dd85
CN-10_Hakka Adanmışlar Yolu.pdf,Books/b-Library_Hzm-20260601T235628Z-3-001/b-Library_Hzm/PRL/CN-10_Hakka Adanmışlar Yolu.pdf,CN-10_Hakka Adanmışlar Yolu.txt,PDF,0,0,0,Mükerrer (Atlandı),2692f5c7e4998966a69094eb08c7bad24eba564384bda313af3693af47e18a8d
CN_1_Cag ve Nesil.pdf,Books/b-Library_Hzm-20260601T235628Z-3-001/b-Library_Hzm/PRL/CN_1_Cag ve Nesil.pdf,CN_1_Cag ve Nesil.txt,PDF,0,0,0,Mükerrer (Atlandı),7f1e6946829a0ff95dad8e907eca98ee8cf2d8308ea557a680e215e9da41e1e6
CN_2_Buhranlar Anaforunda Insan.pdf,Books/b-Library_Hzm-20260601T235628Z-3-001/b-Library_Hzm/PRL/CN_2_Buhranlar Anaforunda Insan.pdf,CN_2_Buhranlar Anaforunda Insan.txt,PDF,0,0,0,Mükerrer (Atlandı),71a9d97697489e684cafbbf10ff3b778679905a76d09a3dff7e468833c5ab00a
CN_3_Yitirilmiş Cennete Doğru.pdf,Books/b-Library_Hzm-20260601T235628Z-3-001/b-Library_Hzm/PRL/CN_3_Yitirilmiş Cennete Doğru.pdf,CN_3_Yitirilmiş Cennete Doğru.txt,PDF,0,0,0,Mükerrer (Atlandı),2ed02edf1d209d19da2dd5237dc764bdac5121e370edb0fb63f6ecc5aeeb4736
CN_4_Zamanin Altin Dilimi.pdf,Books/b-Library_Hzm-20260601T235628Z-3-001/b-Library_Hzm/PRL/CN_4_Zamanin Altin Dilimi.pdf,CN_4_Zamanin Altin Dilimi.txt,PDF,0,0,0,Mükerrer (Atlandı),dd1aa4f1f1959acd2452ab6dfa98c2be5a6da544241e303d14e98f6a880b1874
CN_5_Gunler Bahari Soluklarken.pdf,Books/b-Library_Hzm-20260601T235628Z-3-001/b-Library_Hzm/PRL/CN_5_Gunler Bahari Soluklarken.pdf,CN_5_Gunler Bahari Soluklarken.txt,PDF,0,0,0,Mükerrer (Atlandı),3d00c7040112ca0de6f819b5059c399a77dd028b1617ba26d347ade4714e5de1
CN_6_Yeseren Dusunceler.pdf,Books/b-Library_Hzm-20260601T235628Z-3-001/b-Library_Hzm/PRL/CN_6_Yeseren Dusunceler.pdf,CN_6_Yeseren Dusunceler.txt,PDF,0,0,0,Mükerrer (Atlandı),f4bd4f31547455608a14a9c2be18c270db49a8532a507c233f0a36f614cecf48
CN_7_Isigin Gorundugu Ufuk.pdf,Books/b-Library_Hzm-20260601T235628Z-3-001/b-Library_Hzm/PRL/CN_7_Isigin Gorundugu Ufuk.pdf,CN_7_Isigin Gorundugu Ufuk.txt,PDF,0,0,0,Mükerrer (Atlandı),864f49f96a42679dc2e612f031c98595111c40e9e81951629453fe932b143480
CN_8_Ornekleri Kendinden Bir Hareket.pdf,Books/b-Library_Hzm-20260601T235628Z-3-001/b-Library_Hzm/PRL/CN_8_Ornekleri Kendinden Bir Hareket.pdf,CN_8_Ornekleri Kendinden Bir Hareket.txt,PDF,0,0,0,Mükerrer (Atlandı),f33d4aea45b604d988c387f919c8090889037eaceaddd8c07cf9355f41cf262c
CN_9_Sükûtun Çığlıkları.pdf,Books/b-Library_Hzm-20260601T235628Z-3-001/b-Library_Hzm/PRL/CN_9_Sükûtun Çığlıkları.pdf,CN_9_Sükûtun Çığlıkları.txt,PDF,0,0,0,Mükerrer (Atlandı),b0aa35037f693146d2acd3cc5a477c440c66c83f0374bb29666666e372511066
Cekirdekten-Cinara-M.-Fethullah-Gulen.pdf,Books/b-Library_Hzm-20260601T235628Z-3-001/b-Library_Hzm/PRL/Cekirdekten-Cinara-M.-Fethullah-Gulen.pdf,Cekirdekten-Cinara-M.-Fethullah-Gulen.txt,PDF,0,0,0,Mükerrer (Atlandı),dcd953576c7e46dee06abdbdb08233547c7c9e7839f88a34ef7d3e8b2f9abd0e
Enginligiyle-Bizim-Dunyamiz-Iktisadi-Mulahazalar.pdf,Books/b-Library_Hzm-20260601T235628Z-3-001/b-Library_Hzm/PRL/Enginligiyle-Bizim-Dunyamiz-Iktisadi-Mulahazalar.pdf,Enginligiyle-Bizim-Dunyamiz-Iktisadi-Mulahazalar.txt,PDF,0,0,0,Mükerrer (Atlandı),e6445362ffa593f31e951316ebec16bb5c657ccd08827737f1b2af538108f43b
Fasıldan Fasıla-1.pdf,Books/b-Library_Hzm-20260601T235628Z-3-001/b-Library_Hzm/PRL/Fasıldan Fasıla-1.pdf,Fasıldan Fasıla-1.txt,PDF,0,0,0,Mükerrer (Atlandı),88c1caa141e953b7339367906eaabc230d04f1d8bafebe14caffbbb2ded8f317
Fasıldan Fasıla-2.pdf,Books/b-Library_Hzm-20260601T235628Z-3-001/b-Library_Hzm/PRL/Fasıldan Fasıla-2.pdf,Fasıldan Fasıla-2.txt,PDF,0,0,0,Mükerrer (Atlandı),4eb2b7c78c4ecfcf7d73434fc77cf09d995f3c840c573a0ebaff94b1710bcc24
Fasıldan Fasıla-3.pdf,Books/b-Library_Hzm-20260601T235628Z-3-001/b-Library_Hzm/PRL/Fasıldan Fasıla-3.pdf,Fasıldan Fasıla-3.txt,PDF,0,0,0,Mükerrer (Atlandı),26a4e6393c28a2d9d96f7681fe733b1cbcfd27abfe466da01f7b04915d0c2f08
Fasıldan Fasıla-4.pdf,Books/b-Library_Hzm-20260601T235628Z-3-001/b-Library_Hzm/PRL/Fasıldan Fasıla-4.pdf,Fasıldan Fasıla-4.txt,PDF,0,0,0,Mükerrer (Atlandı),d28fceb44873d35af4b9d75b817b076bb2e058e130c2aabceaf15f152337d7bc
Fasıldan Fasıla-5 - Fikir Atlası.pdf,Books/b-Library_Hzm-20260601T235628Z-3-001/b-Library_Hzm/PRL/Fasıldan Fasıla-5 - Fikir Atlası.pdf,Fasıldan Fasıla-5 - Fikir Atlası.txt,PDF,0,0,0,Mükerrer (Atlandı),f386ce6b7edce71db6dc7935f0022c77050ce5e6c6905eb454c9b49819ba1af8
Fatiha Üzerine Mülahazalar.pdf,Books/b-Library_Hzm-20260601T235628Z-3-001/b-Library_Hzm/PRL/Fatiha Üzerine Mülahazalar.pdf,Fatiha Üzerine Mülahazalar.txt,PDF,0,0,0,Mükerrer (Atlandı),c1e16a64ab8396877bca9626fb9a334c3e8e1d8c371b9ece7f9d07fb6d521317
Gaybın Son Habercisi.pdf,Books/b-Library_Hzm-20260601T235628Z-3-001/b-Library_Hzm/PRL/Gaybın Son Habercisi.pdf,Gaybın Son Habercisi.txt,PDF,0,0,0,Mükerrer (Atlandı),bb8503b8f7bf1506722c077bae555dcb77576b3e8b3b544da4055e773061cb07
Hitap Çiçekleri.pdf,Books/b-Library_Hzm-20260601T235628Z-3-001/b-Library_Hzm/PRL/Hitap Çiçekleri.pdf,Hitap Çiçekleri.txt,PDF,0,0,0,Mükerrer (Atlandı),7c716b33122f32d96a269285c592aacd749c96d0f3f266c1471d49322d31ab96
Hutbeler-Gönül_Nağmeleri-MFG.pdf,Books/b-Library_Hzm-20260601T235628Z-3-001/b-Library_Hzm/PRL/Hutbeler-Gönül_Nağmeleri-MFG.pdf,Hutbeler-Gönül_Nağmeleri-MFG.txt,PDF,0,0,0,Mükerrer (Atlandı),45eea1386abace78983431ad62a186c0270918f8be82e319575ebd2909eb3f5f
Hüzmeler ve İktibaslar.pdf,Books/b-Library_Hzm-20260601T235628Z-3-001/b-Library_Hzm/PRL/Hüzmeler ve İktibaslar.pdf,Hüzmeler ve İktibaslar.txt,PDF,0,0,0,Mükerrer (Atlandı),e96e521c9aa7ecdbf845b453bf1d59d832ee62a7fe7c9fdee792fb945156f835
KT-1-Kırık Testi.pdf,Books/b-Library_Hzm-20260601T235628Z-3-001/b-Library_Hzm/PRL/KT-1-Kırık Testi.pdf,KT-1-Kırık Testi.txt,PDF,0,0,0,Mükerrer (Atlandı),fabd5df6cd034fbd8a63329c672b155f3eb08afe3efb9ed55e436a730589cb2b
KT-10-Cemre Beklentisi.pdf,Books/b-Library_Hzm-20260601T235628Z-3-001/b-Library_Hzm/PRL/KT-10-Cemre Beklentisi.pdf,KT-10-Cemre Beklentisi.txt,PDF,0,0,0,Mükerrer (Atlandı),1b0925b6408655cdddb50c0d196c35135431ce761e4da2094b7b832f21d6dbe4
KT-11-Yaşatma İdeali.pdf,Books/b-Library_Hzm-20260601T235628Z-3-001/b-Library_Hzm/PRL/KT-11-Yaşatma İdeali.pdf,KT-11-Yaşatma İdeali.txt,PDF,0,0,0,Mükerrer (Atlandı),fc2a40f18564e241d0af2e74fb00f1c90b097691b55a1cca69298d4c050e7ebe
KT-12-Yenilenme Cehdi.pdf,Books/b-Library_Hzm-20260601T235628Z-3-001/b-Library_Hzm/PRL/KT-12-Yenilenme Cehdi.pdf,KT-12-Yenilenme Cehdi.txt,PDF,0,0,0,Mükerrer (Atlandı),27f1b11b6f18fb26b4001a7be6c9b24fe3df66af407785af27ea23f6b772aaed
KT-13-Mefkure Yolculuğu.pdf,Books/b-Library_Hzm-20260601T235628Z-3-001/b-Library_Hzm/PRL/KT-13-Mefkure Yolculuğu.pdf,KT-13-Mefkure Yolculuğu.txt,PDF,0,0,0,Mükerrer (Atlandı),57adbbf9c1ddddd54f4282a0b440023fcc594b9ba600de46e32fd193c17c17c9
KT-14-Buhranlı Günler ve Ümit Atlası.pdf,Books/b-Library_Hzm-20260601T235628Z-3-001/b-Library_Hzm/PRL/KT-14-Buhranlı Günler ve Ümit Atlası.pdf,KT-14-Buhranlı Günler ve Ümit Atlası.txt,PDF,0,0,0,Mükerrer (Atlandı),834423e659b6ce65608ccc2d0b945286154a31659686a5c23f832e8f2c54caa7
KT-15-Yolun Kaderi.pdf,Books/b-Library_Hzm-20260601T235628Z-3-001/b-Library_Hzm/PRL/KT-15-Yolun Kaderi.pdf,KT-15-Yolun Kaderi.txt,PDF,0,0,0,Mükerrer (Atlandı),dc56739b08b64773c81c9ec84bd8b6104c54b04394693903505fd900ce8b8944
KT-16-Dert Musikisi.pdf,Books/b-Library_Hzm-20260601T235628Z-3-001/b-Library_Hzm/PRL/KT-16-Dert Musikisi.pdf,KT-16-Dert Musikisi.txt,PDF,0,0,0,Mükerrer (Atlandı),ff831b9d5963966f4fb5ce5bf6c659087e7f06128a2e94d366aae23efb9db824
KT-17-İstikamet Çizgisi.pdf,Books/b-Library_Hzm-20260601T235628Z-3-001/b-Library_Hzm/PRL/KT-17-İstikamet Çizgisi.pdf,KT-17-İstikamet Çizgisi.txt,PDF,0,0,0,Mükerrer (Atlandı),7ff4e535573dcb44ce58beb2e0a7b1f1921f2dfe4c656438d7d7b01d8a78fa91
KT-18-İmtihanlar Kuşağı.pdf,Books/b-Library_Hzm-20260601T235628Z-3-001/b-Library_Hzm/PRL/KT-18-İmtihanlar Kuşağı.pdf,KT-18-İmtihanlar Kuşağı.txt,PDF,0,0,0,Mükerrer (Atlandı),695d2ba3de270bfc4d472198f015640094bffb8f8401ee8843cb94e067b556ab
KT-19-Işık Karanlığı Boğarken.pdf,Books/b-Library_Hzm-20260601T235628Z-3-001/b-Library_Hzm/PRL/KT-19-Işık Karanlığı Boğarken.pdf,KT-19-Işık Karanlığı Boğarken.txt,PDF,0,0,0,Mükerrer (Atlandı),cb1441df6962b465f5c430779c6846aef25febdfd226016bcb5397450f909f79
KT-2-Sohbeti Canan.pdf,Books/b-Library_Hzm-20260601T235628Z-3-001/b-Library_Hzm/PRL/KT-2-Sohbeti Canan.pdf,KT-2-Sohbeti Canan.txt,PDF,0,0,0,Mükerrer (Atlandı),21af07252d8e2e56fac423ce3b3f5c4ba59eb72bea8cff28ae5f84768d68c254
KT-20-Işık-Karanlık Devr-i Daimi.pdf,Books/b-Library_Hzm-20260601T235628Z-3-001/b-Library_Hzm/PRL/KT-20-Işık-Karanlık Devr-i Daimi.pdf,KT-20-Işık-Karanlık Devr-i Daimi.txt,PDF,0,0,0,Mükerrer (Atlandı),20c535cefc9332617d6716816f06e132822f3bd6dc6ef6cc7ea5960504089fef
KT-3-Gurbet Ufukları.pdf,Books/b-Library_Hzm-20260601T235628Z-3-001/b-Library_Hzm/PRL/KT-3-Gurbet Ufukları.pdf,KT-3-Gurbet Ufukları.txt,PDF,0,0,0,Mükerrer (Atlandı),706161a39cda4c7a71dcf3578107dcd29008f04edd0fcef35117319028074c68
KT-4-Ümit Burcu.pdf,Books/b-Library_Hzm-20260601T235628Z-3-001/b-Library_Hzm/PRL/KT-4-Ümit Burcu.pdf,KT-4-Ümit Burcu.txt,PDF,0,0,0,Mükerrer (Atlandı),cd245cf925daf63c3626caba35b57f18c750b39c83db8d58aca0fac3a239fef4
KT-5-İkindi Yağmurları.pdf,Books/b-Library_Hzm-20260601T235628Z-3-001/b-Library_Hzm/PRL/KT-5-İkindi Yağmurları.pdf,KT-5-İkindi Yağmurları.txt,PDF,0,0,0,Mükerrer (Atlandı),4f8996fde5d4049ed8c95e9ef16a28075aeb218356c6d8450383e8a1e44e4438
KT-6-Diriliş Çağrısı.pdf,Books/b-Library_Hzm-20260601T235628Z-3-001/b-Library_Hzm/PRL/KT-6-Diriliş Çağrısı.pdf,KT-6-Diriliş Çağrısı.txt,PDF,0,0,0,Mükerrer (Atlandı),3b272bc672383d4d19d520b7326a9ecb178c2155d75a577a511a3ee0ab7af287
KT-7-Ölümsüzlük İksiri.pdf,Books/b-Library_Hzm-20260601T235628Z-3-001/b-Library_Hzm/PRL/KT-7-Ölümsüzlük İksiri.pdf,KT-7-Ölümsüzlük İksiri.txt,PDF,0,0,0,Mükerrer (Atlandı),788081759802c94988ab95ee6e9bfa00932399d2fcf046be4132898a9636f363
KT-8-Vuslat Muştusu.pdf,Books/b-Library_Hzm-20260601T235628Z-3-001/b-Library_Hzm/PRL/KT-8-Vuslat Muştusu.pdf,KT-8-Vuslat Muştusu.txt,PDF,0,0,0,Mükerrer (Atlandı),f61ea338e82e7572481f25ea4ca911e1a07df27ecabe76b2ee14a291e6fcc626
KT-9-Kalb İbresi.pdf,Books/b-Library_Hzm-20260601T235628Z-3-001/b-Library_Hzm/PRL/KT-9-Kalb İbresi.pdf,KT-9-Kalb İbresi.txt,PDF,0,0,0,Mükerrer (Atlandı),c3ee9bc7af475184ac2d691894d7b6aa8a5cebf5548a84b0ea292ae789c7a617
Kader-Kitap ve Sünnet Perspektifinde Kader .pdf,Books/b-Library_Hzm-20260601T235628Z-3-001/b-Library_Hzm/PRL/Kader-Kitap ve Sünnet Perspektifinde Kader .pdf,Kader-Kitap ve Sünnet Perspektifinde Kader.txt,PDF,0,0,0,Mükerrer (Atlandı),c8aafafdedea62f8e6ec4bbeefc33a211b2b1b3c71f783923fb0110e7a3ccd66
Kalbin Solukları.pdf,Books/b-Library_Hzm-20260601T235628Z-3-001/b-Library_Hzm/PRL/Kalbin Solukları.pdf,Kalbin Solukları.txt,PDF,0,0,0,Mükerrer (Atlandı),74f6c7d8bf4f072c81135eacfe247f5a8320d58e9ef47b2182f44b81905e79bf
Kalbin Zümrüt Tepeleri - 1.pdf,Books/b-Library_Hzm-20260601T235628Z-3-001/b-Library_Hzm/PRL/Kalbin Zümrüt Tepeleri - 1.pdf,Kalbin Zümrüt Tepeleri - 1.txt,PDF,0,0,0,Mükerrer (Atlandı),b4a5ae672c9d69acf99afae63f41e28fa96e5f18ba0e519a0a316972e3fe2954
Kalbin Zümrüt Tepeleri - 2.pdf,Books/b-Library_Hzm-20260601T235628Z-3-001/b-Library_Hzm/PRL/Kalbin Zümrüt Tepeleri - 2.pdf,Kalbin Zümrüt Tepeleri - 2.txt,PDF,0,0,0,Mükerrer (Atlandı),09872c93d094f476c507c56faa1defc82eeeb0592e2c3468264c25d71bd8447b
Kalbin Zümrüt Tepeleri - 3.pdf,Books/b-Library_Hzm-20260601T235628Z-3-001/b-Library_Hzm/PRL/Kalbin Zümrüt Tepeleri - 3.pdf,Kalbin Zümrüt Tepeleri - 3.txt,PDF,0,0,0,Mükerrer (Atlandı),f18eafb675ac9856b6eca91c3cc7712ae1a431c987efc5bf72e7e5aa0830674f
Kalbin Zümrüt Tepeleri - 4.pdf,Books/b-Library_Hzm-20260601T235628Z-3-001/b-Library_Hzm/PRL/Kalbin Zümrüt Tepeleri - 4.pdf,Kalbin Zümrüt Tepeleri - 4.txt,PDF,0,0,0,Mükerrer (Atlandı),f73139c407c829d48bc83653a3930ea6965ff67dceaff5ed99487195c7ab5fa1
Kur_an_dan İdrake Yansıyanlar.pdf,Books/b-Library_Hzm-20260601T235628Z-3-001/b-Library_Hzm/PRL/Kur_an_dan İdrake Yansıyanlar.pdf,Kur_an_dan İdrake Yansıyanlar.txt,PDF,0,0,0,Mükerrer (Atlandı),32d3c1b122ae4114ec0e17b923bb0bd22f7f1b4e1a062b2cfaf251feefdd0a5c
Kur_an_ın_Sihirli_Ufku_Yusuf_Suresi-MFG.pdf,Books/b-Library_Hzm-20260601T235628Z-3-001/b-Library_Hzm/PRL/Kur_an_ın_Sihirli_Ufku_Yusuf_Suresi-MFG.pdf,Kur_an_ın_Sihirli_Ufku_Yusuf_Suresi-MFG.txt,PDF,0,0,0,Mükerrer (Atlandı),c7f8565728fa0954164fea49d438887a406b49515f303d3569b5d99a0f2b315d
Kuranin-Altin-Ikliminde-M.-Fethullah-Gulen.pdf,Books/b-Library_Hzm-20260601T235628Z-3-001/b-Library_Hzm/PRL/Kuranin-Altin-Ikliminde-M.-Fethullah-Gulen.pdf,Kuranin-Altin-Ikliminde-M.-Fethullah-Gulen.txt,PDF,0,0,0,Mükerrer (Atlandı),32ffafcce73040f79696bdedbbaee207e1d8e00a9e78ef0e6a815484f0549a01
Kırık Mızrap.pdf,Books/b-Library_Hzm-20260601T235628Z-3-001/b-Library_Hzm/PRL/Kırık Mızrap.pdf,Kırık Mızrap.txt,PDF,0,0,0,Mükerrer (Atlandı),e7d12bbfb7dafa6bbe472f0fc7036005584b755e96c94ce7a2b3b7cd89f21f89
Namaz-Miraç Enginlikli İbadet.pdf,Books/b-Library_Hzm-20260601T235628Z-3-001/b-Library_Hzm/PRL/Namaz-Miraç Enginlikli İbadet.pdf,Namaz-Miraç Enginlikli İbadet.txt,PDF,0,0,0,Mükerrer (Atlandı),e4e57169a21a8065616e27ee46dbf7b62b7accbb1af620fca0c83a6d1eeaa22b
Olcu-veya-Yoldaki-Isiklar-M.-Fethullah-Gulen.pdf,Books/b-Library_Hzm-20260601T235628Z-3-001/b-Library_Hzm/PRL/Olcu-veya-Yoldaki-Isiklar-M.-Fethullah-Gulen.pdf,Olcu-veya-Yoldaki-Isiklar-M.-Fethullah-Gulen.txt,PDF,0,0,0,Mükerrer (Atlandı),efbe62e61a4ed2f4501469afcf9c4b5da91dca1363dff3d7e9c9cf192eeda81d
Olum-ve-Otesi-Hayat-M.-Fethullah-Gulen.pdf,Books/b-Library_Hzm-20260601T235628Z-3-001/b-Library_Hzm/PRL/Olum-ve-Otesi-Hayat-M.-Fethullah-Gulen.pdf,Olum-ve-Otesi-Hayat-M.-Fethullah-Gulen.txt,PDF,0,0,0,Mükerrer (Atlandı),a69617ec5b20cb12abc73ef9bbf21751c4781658c9e2a3bb57488106f51ee850
Oruç-Gufranla Tüllenen İbadet.pdf,Books/b-Library_Hzm-20260601T235628Z-3-001/b-Library_Hzm/PRL/Oruç-Gufranla Tüllenen İbadet.pdf,Oruç-Gufranla Tüllenen İbadet.txt,PDF,0,0,0,Mükerrer (Atlandı),8dc00fdb46d9a95d7e202f60dcb7ad2b1ebc81957796b819cd4f8436225c42ba
Prizma-1-M.-Fethullah-Gulen.pdf,Books/b-Library_Hzm-20260601T235628Z-3-001/b-Library_Hzm/PRL/Prizma-1-M.-Fethullah-Gulen.pdf,Prizma-1-M.-Fethullah-Gulen.txt,PDF,0,0,0,Mükerrer (Atlandı),7ea68a5ce3bc14764fc6552c56b1479e7f013a4ebbe08157e68dd7312f7bbde6
Prizma-2-M.-Fethullah-Gulen.pdf,Books/b-Library_Hzm-20260601T235628Z-3-001/b-Library_Hzm/PRL/Prizma-2-M.-Fethullah-Gulen.pdf,Prizma-2-M.-Fethullah-Gulen.txt,PDF,0,0,0,Mükerrer (Atlandı),0f6147d8f262733022b9d615411d6e0f861c0750a74a308c28ada67277808f51
Prizma-3-M.-Fethullah-Gulen.pdf,Books/b-Library_Hzm-20260601T235628Z-3-001/b-Library_Hzm/PRL/Prizma-3-M.-Fethullah-Gulen.pdf,Prizma-3-M.-Fethullah-Gulen.txt,PDF,0,0,0,Mükerrer (Atlandı),c79275f071c38d6d22471f265c343bd4b1950b5a9b4b4bc829a0e3316126adfe
Prizma-4-M.-Fethullah-Gulen.pdf,Books/b-Library_Hzm-20260601T235628Z-3-001/b-Library_Hzm/PRL/Prizma-4-M.-Fethullah-Gulen.pdf,Prizma-4-M.-Fethullah-Gulen.txt,PDF,0,0,0,Mükerrer (Atlandı),57a77ff702a7ee86a6d60091fd62eb44a0659a4f0abfcaca503c4064c36576e5
Prizma-5-Kendi-Iklimimiz-M.-Fethullah-Gulen.pdf,Books/b-Library_Hzm-20260601T235628Z-3-001/b-Library_Hzm/PRL/Prizma-5-Kendi-Iklimimiz-M.-Fethullah-Gulen.pdf,Prizma-5-Kendi-Iklimimiz-M.-Fethullah-Gulen.txt,PDF,0,0,0,Mükerrer (Atlandı),c42a8087981b87060053a8ffc6f17d46da97b205b8fd946b2e3550f42bca87a1
Prizma-6-Yol-Mulahazalari-M.-Fethullah-Gulen.pdf,Books/b-Library_Hzm-20260601T235628Z-3-001/b-Library_Hzm/PRL/Prizma-6-Yol-Mulahazalari-M.-Fethullah-Gulen.pdf,Prizma-6-Yol-Mulahazalari-M.-Fethullah-Gulen.txt,PDF,0,0,0,Mükerrer (Atlandı),49b4307b86bc58d6a60d8f300acb049d3aca2e4abada22333c3811277289a6dc
Prizma-7-Zihin-Harmani-M.-Fethullah-Gulen.pdf,Books/b-Library_Hzm-20260601T235628Z-3-001/b-Library_Hzm/PRL/Prizma-7-Zihin-Harmani-M.-Fethullah-Gulen.pdf,Prizma-7-Zihin-Harmani-M.-Fethullah-Gulen.txt,PDF,0,0,0,Mükerrer (Atlandı),b35e958b841f0627386d541c714558b6d4268a67df42c660206ee1bafe32d3c8
Prizma-8-Cizgimizi-Hecelerken-M.-Fethullah-Gulen.pdf,Books/b-Library_Hzm-20260601T235628Z-3-001/b-Library_Hzm/PRL/Prizma-8-Cizgimizi-Hecelerken-M.-Fethullah-Gulen.pdf,Prizma-8-Cizgimizi-Hecelerken-M.-Fethullah-Gulen.txt,PDF,0,0,0,Mükerrer (Atlandı),d446011717f1f90ee6ff72de5239e0f9c7bd5bafdbc665fdb5df054343ea421a
Prizma-9-Kendi-Ruhumuzu-Ararken-M.-Fethullah-Gulen.pdf,Books/b-Library_Hzm-20260601T235628Z-3-001/b-Library_Hzm/PRL/Prizma-9-Kendi-Ruhumuzu-Ararken-M.-Fethullah-Gulen.pdf,Prizma-9-Kendi-Ruhumuzu-Ararken-M.-Fethullah-Gulen.txt,PDF,0,0,0,Mükerrer (Atlandı),2ecaa2d159b963589a7e38b24d8d8af4dd02ca28c6ded2f36f8bebf43ff57c1d
Ruhumuzun-Heykelini-Dikerken-1-M.-Fethullah-Gulen.pdf,Books/b-Library_Hzm-20260601T235628Z-3-001/b-Library_Hzm/PRL/Ruhumuzun-Heykelini-Dikerken-1-M.-Fethullah-Gulen.pdf,Ruhumuzun-Heykelini-Dikerken-1-M.-Fethullah-Gulen.txt,PDF,0,0,0,Mükerrer (Atlandı),2a8e4925b668206901d234bee7626260c431343d2a826dd02647556c0317bce1
Ruhumuzun-Heykelini-Dikerken-2-Kendi-Dunyamiza-Dogru-M.-Fethullah-Gulen.pdf,Books/b-Library_Hzm-20260601T235628Z-3-001/b-Library_Hzm/PRL/Ruhumuzun-Heykelini-Dikerken-2-Kendi-Dunyamiza-Dogru-M.-Fethullah-Gulen.pdf,Ruhumuzun-Heykelini-Dikerken-2-Kendi-Dunyamiza-Dogru-M.-Fethullah-Gulen.txt,PDF,0,0,0,Mükerrer (Atlandı),7fa52270d3a474eb7763c0bdf95f7c4576dba95700749c1711dceca6ee9fcbfa
SA-1_Sohbet-Atmosferi-M.-Fethullah-Gulen.pdf,Books/b-Library_Hzm-20260601T235628Z-3-001/b-Library_Hzm/PRL/SA-1_Sohbet-Atmosferi-M.-Fethullah-Gulen.pdf,SA-1_Sohbet-Atmosferi-M.-Fethullah-Gulen.txt,PDF,0,0,0,Mükerrer (Atlandı),014ec19a3ea89a24c3355f0edb4ef2318f16227e99d736edc8e671afb0a5bf72
SA-2_Bahar Neşidesi.pdf,Books/b-Library_Hzm-20260601T235628Z-3-001/b-Library_Hzm/PRL/SA-2_Bahar Neşidesi.pdf,SA-2_Bahar Neşidesi.txt,PDF,0,0,0,Mükerrer (Atlandı),7b1c262e5ae9fcd8df11e9f51974104aba2adeb8fae45ee30db7881784be7b08
Sonsuz-Nur-1-M.-Fethullah-Gulen.pdf,Books/b-Library_Hzm-20260601T235628Z-3-001/b-Library_Hzm/PRL/Sonsuz-Nur-1-M.-Fethullah-Gulen.pdf,Sonsuz-Nur-1-M.-Fethullah-Gulen.txt,PDF,0,0,0,Mükerrer (Atlandı),9688733c66d6bd0d0138be02accbe457b8fa7861ed875031494c0a878576abd1
Sonsuz-Nur-2-M.-Fethullah-Gulen.pdf,Books/b-Library_Hzm-20260601T235628Z-3-001/b-Library_Hzm/PRL/Sonsuz-Nur-2-M.-Fethullah-Gulen.pdf,Sonsuz-Nur-2-M.-Fethullah-Gulen.txt,PDF,0,0,0,Mükerrer (Atlandı),fbf8391204fb8adf784694b75a20dff655c201340b2683fe370635c33cda890e
Varligin-Metafizik-Boyutu-M.-Fethullah-Gulen.pdf,Books/b-Library_Hzm-20260601T235628Z-3-001/b-Library_Hzm/PRL/Varligin-Metafizik-Boyutu-M.-Fethullah-Gulen.pdf,Varligin-Metafizik-Boyutu-M.-Fethullah-Gulen.txt,PDF,0,0,0,Mükerrer (Atlandı),8764fecf921280f1be4826b8cd6025a3c3a82ea1c571d12a02648dbbbe7cf38f
Yaratilis-Gercegi-ve-Evrim-M.-Fethullah-Gulen.pdf,Books/b-Library_Hzm-20260601T235628Z-3-001/b-Library_Hzm/PRL/Yaratilis-Gercegi-ve-Evrim-M.-Fethullah-Gulen.pdf,Yaratilis-Gercegi-ve-Evrim-M.-Fethullah-Gulen.txt,PDF,0,0,0,Mükerrer (Atlandı),633c3343bce39e5327c79a69f0be05689605c1959f0ba8bd275b9361a0f0591a
Yusuf_Suresi-MFG.pdf,Books/b-Library_Hzm-20260601T235628Z-3-001/b-Library_Hzm/PRL/Yusuf_Suresi-MFG.pdf,Kur_an_ın_Sihirli_Ufku_Yusuf_Suresi-MFG.txt,PDF,0,0,0,Mükerrer (Atlandı),c7f8565728fa0954164fea49d438887a406b49515f303d3569b5d99a0f2b315d
İla-yı Kelimetullah veya Cihad.pdf,Books/b-Library_Hzm-20260601T235628Z-3-001/b-Library_Hzm/PRL/İla-yı Kelimetullah veya Cihad.pdf,İla-yı Kelimetullah veya Cihad.txt,PDF,0,0,0,Mükerrer (Atlandı),84040640974c84eb25059e5eee89a57acfc406198c8fb81ebf754f589113bca7
İnancın Gölgesinde-1.pdf,Books/b-Library_Hzm-20260601T235628Z-3-001/b-Library_Hzm/PRL/İnancın Gölgesinde-1.pdf,İnancın Gölgesinde-1.txt,PDF,0,0,0,Mükerrer (Atlandı),0ca5c4df3fb2d4e1bbcfab183bb9d72f50800a228fb6a91d34903d86e7aae0fb
İnancın Gölgesinde-2.pdf,Books/b-Library_Hzm-20260601T235628Z-3-001/b-Library_Hzm/PRL/İnancın Gölgesinde-2.pdf,İnancın Gölgesinde-2.txt,PDF,0,0,0,Mükerrer (Atlandı),eb953c675b0027fe8dbbf326081a49afdafcc14a72e02d7c92463b509257f7ad
İrşad Ekseni.pdf,Books/b-Library_Hzm-20260601T235628Z-3-001/b-Library_Hzm/PRL/İrşad Ekseni.pdf,İrşad Ekseni.txt,PDF,0,0,0,Mükerrer (Atlandı),f9a490d4152167b179f1acc3585a1ec3309b0578368787c7a8263b2ba0abcd25
Asa-yi Musa.pdf,Books/b-Library_Hzm-20260601T235628Z-3-001/b-Library_Hzm/RN-Külliyat-Hzm/RN-Hzm/Asa-yi Musa.pdf,Asa-yi Musa.txt,PDF,0,0,0,Mükerrer (Atlandı),cbf7deba731b1c1ad3441dc8ef01c6d48865ddd1318b5408e272cc424bd82e2e
Barla Lahikasi.pdf,Books/b-Library_Hzm-20260601T235628Z-3-001/b-Library_Hzm/RN-Külliyat-Hzm/RN-Hzm/Barla Lahikasi.pdf,Barla Lahikasi.txt,PDF,0,0,0,Mükerrer (Atlandı),e94c3ab8ef887f5f680b21202a26efe31683b9639c0a12b2f1a7dcbfdce79ce9
Emirdag Lahikasi.pdf,Books/b-Library_Hzm-20260601T235628Z-3-001/b-Library_Hzm/RN-Külliyat-Hzm/RN-Hzm/Emirdag Lahikasi.pdf,Emirdag Lahikasi.txt,PDF,0,0,0,Mükerrer (Atlandı),ec7d40f33ee2407f761846cb07e6797769f00eff3466a427d6eb09b7cb371a6d
Kastamonu Lahikasi.pdf,Books/b-Library_Hzm-20260601T235628Z-3-001/b-Library_Hzm/RN-Külliyat-Hzm/RN-Hzm/Kastamonu Lahikasi.pdf,Kastamonu Lahikasi.txt,PDF,0,0,0,Mükerrer (Atlandı),7a124fda045a904389798017ee68897dbc679976457d9403d0a2ca204d9bd54d
Mesnevi-i Nuriye.pdf,Books/b-Library_Hzm-20260601T235628Z-3-001/b-Library_Hzm/RN-Külliyat-Hzm/RN-Hzm/Mesnevi-i Nuriye.pdf,Mesnevi-i Nuriye.txt,PDF,0,0,0,Mükerrer (Atlandı),3d3dc0c6257913f7ef5bee23696260ab8c2f8f574efb3a97570009a36e4ce39a
Muhakemat.pdf,Books/b-Library_Hzm-20260601T235628Z-3-001/b-Library_Hzm/RN-Külliyat-Hzm/RN-Hzm/Muhakemat.pdf,Muhakemat.txt,PDF,0,0,0,Mükerrer (Atlandı),6ed1bbce42a7eb2ee1de97781e8656e1633e65e50f66d94ddf5c796cc8927352
Sikke-i Tasdik-i Gaybi.pdf,Books/b-Library_Hzm-20260601T235628Z-3-001/b-Library_Hzm/RN-Külliyat-Hzm/RN-Hzm/Sikke-i Tasdik-i Gaybi.pdf,Sikke-i Tasdik-i Gaybi.txt,PDF,0,0,0,Mükerrer (Atlandı),23b0ff2cc6d140510fbabb24df6d65f9daa056a4b91e871e4a39406f9639c302
Nurlardan-secmeler-1-Sözler_den.pdf,Books/b-Library_Hzm-20260601T235628Z-3-001/b-Library_Hzm/RN-Külliyat-Hzm/RN-Seçmeler/Nurlardan-secmeler-1-Sözler_den.pdf,Nurlardan-secmeler-1-Sözler_den.txt,PDF,0,0,0,Mükerrer (Atlandı),c49ac7502861f5e8df79b42218edf32b07973c26ce8cd86aa40b3041d3d46a14
Nurlardan-secmeler-2-Sözler_den.pdf,Books/b-Library_Hzm-20260601T235628Z-3-001/b-Library_Hzm/RN-Külliyat-Hzm/RN-Seçmeler/Nurlardan-secmeler-2-Sözler_den.pdf,Nurlardan-secmeler-2-Sözler_den.txt,PDF,0,0,0,Mükerrer (Atlandı),082e6ea397a27884e8132c341ffab519c2470b004718990cf852a70ead334def
Nurlardan-secmeler-3-Lemalar_dan.pdf,Books/b-Library_Hzm-20260601T235628Z-3-001/b-Library_Hzm/RN-Külliyat-Hzm/RN-Seçmeler/Nurlardan-secmeler-3-Lemalar_dan.pdf,Nurlardan-secmeler-3-Lemalar_dan.txt,PDF,0,0,0,Mükerrer (Atlandı),a23f49f24ca6d7949e06e4fdc75a50ac18c84f5058c57f7b275a1e095f83d34e
Nurlardan-secmeler-4-Lemalar_dan.pdf,Books/b-Library_Hzm-20260601T235628Z-3-001/b-Library_Hzm/RN-Külliyat-Hzm/RN-Seçmeler/Nurlardan-secmeler-4-Lemalar_dan.pdf,Nurlardan-secmeler-4-Lemalar_dan.txt,PDF,0,0,0,Mükerrer (Atlandı),07c1b15af03ae22cb86b0639ca2aa199824a603eaea10fb6dc330dcc6ea0acb8
Nurlardan-secmeler-5-Mektubat_tan.pdf,Books/b-Library_Hzm-20260601T235628Z-3-001/b-Library_Hzm/RN-Külliyat-Hzm/RN-Seçmeler/Nurlardan-secmeler-5-Mektubat_tan.pdf,Nurlardan-secmeler-5-Mektubat_tan.txt,PDF,0,0,0,Mükerrer (Atlandı),de90a66b6f9901591185cd415a2cc7543e556d2695cd66c92a06ab5cc073e609
Nurlardan-secmeler-6-Mektubat_tan.pdf,Books/b-Library_Hzm-20260601T235628Z-3-001/b-Library_Hzm/RN-Külliyat-Hzm/RN-Seçmeler/Nurlardan-secmeler-6-Mektubat_tan.pdf,Nurlardan-secmeler-6-Mektubat_tan.txt,PDF,0,0,0,Mükerrer (Atlandı),f4ee6889f2db949aebddab457a68013c03cfafb29f527ec48c4f8abd917a8cec
sayit-kocer-efendimizin-sav-ramazani-isikyayinlari.pdf,Books/b-Library_Hzm-20260601T235628Z-3-001/b-Library_Hzm/Ramazan-Oruç-Üç aylar/sayit-kocer-efendimizin-sav-ramazani-isikyayinlari.pdf,sayit-kocer-efendimizin-sav-ramazani-isikyayinlari.txt,PDF,0,0,0,Mükerrer (Atlandı),2b75f7bf14b296552caa9da293f5caa7a7e239d4e15e1dcd795c4c8ab5b9285c
Rüya-Hakikat-Penceresi-mi-Hayal-Perdesimi-mi-M-Yusuf-Guven-O-Fatih-Belbagi.pdf,Books/b-Library_Hzm-20260601T235628Z-3-001/b-Library_Hzm/Rüya-Hakikat-Penceresi-mi-Hayal-Perdesimi-mi-M-Yusuf-Guven-O-Fatih-Belbagi.pdf,Rüya-Hakikat-Penceresi-mi-Hayal-Perdesimi-mi-M-Yusuf-Guven-O-Fatih-Belbagi.txt,PDF,0,0,0,Mükerrer (Atlandı),b74a032164a46700e25916dabbbcd334022f5ef56ac263f8c7d7233feae8e162
Hz Aisha-the-wife-the-companion-the-scholar-Reşit Haylamaz.pdf,Books/b-Library_Hzm-20260601T235628Z-3-001/b-Library_Hzm/Sahabe-Hzm-English/Hz Aisha-the-wife-the-companion-the-scholar-Reşit Haylamaz.pdf,Hz Aisha-the-wife-the-companion-the-scholar-Reşit Haylamaz.txt,PDF,0,0,0,Mükerrer (Atlandı),eae993ed8cdc320007709b26624f9b07daf170ea95eb942890d1d4a9e74a05a3
Asere-i-Mubessere-IsikYayinlari-Ahmet-Kurucan-Zuhtu-Mercan.pdf,Books/b-Library_Hzm-20260601T235628Z-3-001/b-Library_Hzm/Sahabe-Hzm/Asere-i-Mubessere-IsikYayinlari-Ahmet-Kurucan-Zuhtu-Mercan.pdf,Asere-i-Mubessere-IsikYayinlari-Ahmet-Kurucan-Zuhtu-Mercan.txt,PDF,0,0,0,Mükerrer (Atlandı),d661c9340889a204167c66b0fc48824e5625d8f8e54ac87f318ca6c44286c015
Hayatus Sahabe - Muhtasar 2.pdf,Books/b-Library_Hzm-20260601T235628Z-3-001/b-Library_Hzm/Sahabe-Hzm/Hayatus Sahabe - Muhtasar 2.pdf,Hayatus Sahabe - Muhtasar 2.txt,PDF,0,0,0,Mükerrer (Atlandı),ac434b73b705068b55dc2db96db18e08679e281e1adc783b5af62f63e42560a3
Hayatus-Sahabe-Muhtasar-Cilt-1-M-Yusuf-Kandehlevi.pdf,Books/b-Library_Hzm-20260601T235628Z-3-001/b-Library_Hzm/Sahabe-Hzm/Hayatus-Sahabe-Muhtasar-Cilt-1-M-Yusuf-Kandehlevi.pdf,Hayatus-Sahabe-Muhtasar-Cilt-1-M-Yusuf-Kandehlevi.txt,PDF,0,0,0,Mükerrer (Atlandı),c7134df3223ac8fe02dbd32e676d9aa4b1fbf9432fa5529dc19c088e881a76cc
Hazreti Ebu Bekir.pdf,Books/b-Library_Hzm-20260601T235628Z-3-001/b-Library_Hzm/Sahabe-Hzm/Hazreti Ebu Bekir.pdf,Hazreti Ebu Bekir.txt,PDF,0,0,0,Mükerrer (Atlandı),270b5e89cab9efd25248a62c125db3da7cc82d52eb7bf7de227bcad932b68c8d
Hz. Ali.pdf,Books/b-Library_Hzm-20260601T235628Z-3-001/b-Library_Hzm/Sahabe-Hzm/Hz. Ali.pdf,Hz. Ali.txt,PDF,0,0,0,Mükerrer (Atlandı),222ade89267094ad046fc0cd2ec4d6946b1816463f40312b1cbbb28a5ee1ecca
Sultan-of-Hearts-Prophet-Muhammad-Haylamaz-Resit.pdf,Books/b-Library_Hzm-20260601T235628Z-3-001/b-Library_Hzm/Sahabe-Hzm/Sultan-of-Hearts-Prophet-Muhammad-Haylamaz-Resit.pdf,Sultan-of-Hearts-Prophet-Muhammad-Haylamaz-Resit.txt,PDF,0,0,0,Mükerrer (Atlandı),494f3d336586ed4ebeea8806e457709fe6a3985f9f80243c1013506a4bc9d6ec
Suat Yildirim-Oryantalistlerin Yanilgilari - UfukYayinlari.pdf,Books/b-Library_Hzm-20260601T235628Z-3-001/b-Library_Hzm/Suat Yıldırım/Suat Yildirim-Oryantalistlerin Yanilgilari - UfukYayinlari.pdf,Suat Yildirim-Oryantalistlerin Yanilgilari - UfukYayinlari.txt,PDF,0,0,0,Mükerrer (Atlandı),80ee50f22e2e96ac3e09609d72be185385b5e048cb3b168e9d92e7d822450018
M. Asım Köksal - Peygamberler Tarihi .pdf,Books/b-Library_Hzm-20260601T235628Z-3-001/b-Library_Hzm/Tarih-Hzm/M. Asım Köksal - Peygamberler Tarihi .pdf,M. Asım Köksal - Peygamberler Tarihi.txt,PDF,0,0,0,Mükerrer (Atlandı),99cf4a9871aceafe17c597103d9bb820e08634f539629b5235e13d7632723bdf
Yavuz-Sultan-Selim-Feridun-M-Emecan.pdf,Books/b-Library_Hzm-20260601T235628Z-3-001/b-Library_Hzm/Tarih-Hzm/Yavuz-Sultan-Selim-Feridun-M-Emecan.pdf,Yavuz-Sultan-Selim-Feridun-M-Emecan.txt,PDF,0,0,0,Mükerrer (Atlandı),7869b512a2cb6a106ebd74ed910fb804906b2e12c39793332b1d265089844022
İslam Tarihi_1.pdf,Books/b-Library_Hzm-20260601T235628Z-3-001/b-Library_Hzm/Tarih-Hzm/İslam Tarihi_1.pdf,İslam Tarihi_1.txt,PDF,0,0,0,Mükerrer (Atlandı),a2edda59c136de13414a79bb40c344b50ed004254a92fb0bd12993b3f7a415f6
İslam Tarihi_2.pdf,Books/b-Library_Hzm-20260601T235628Z-3-001/b-Library_Hzm/Tarih-Hzm/İslam Tarihi_2.pdf,İslam Tarihi_2.txt,PDF,0,0,0,Mükerrer (Atlandı),97203a4ec495da63f502b0b6c3ce505ebf140b88cbd9ad156536128294b79ac6
İslam Tarihi_3.pdf,Books/b-Library_Hzm-20260601T235628Z-3-001/b-Library_Hzm/Tarih-Hzm/İslam Tarihi_3.pdf,İslam Tarihi_3.txt,PDF,0,0,0,Mükerrer (Atlandı),cf0d10212d453ba627f0a8d5415cd667ae9add44b486a49820a020ea1a394a2e
İslam Tarihi_4.pdf,Books/b-Library_Hzm-20260601T235628Z-3-001/b-Library_Hzm/Tarih-Hzm/İslam Tarihi_4.pdf,İslam Tarihi_4.txt,PDF,0,0,0,Mükerrer (Atlandı),a8372330827f025b01272af3946a9154590bbbdad68817d10276946c348be6f3
Asli-Kaplan-Kozmik-Perde-AltinBurcYayinlari-pdf.pdf,Books/b-Library_Hzm-20260601T235628Z-3-001/b-Library_Hzm/Tefekkür-Bilim-Hzm/Asli-Kaplan-Kozmik-Perde-AltinBurcYayinlari-pdf.pdf,Asli-Kaplan-Kozmik-Perde-AltinBurcYayinlari-pdf.txt,PDF,0,0,0,Mükerrer (Atlandı),20c471d772790298ace3b4eaca9324daffe4487617056c1fea453767a845d511
Kainattaki Gizli Imza - Altin Oran - AltinBurcYayinlari (Yilmaz Sadikli) (z-lib.org).pdf,Books/b-Library_Hzm-20260601T235628Z-3-001/b-Library_Hzm/Tefekkür-Bilim-Hzm/Kainattaki Gizli Imza - Altin Oran - AltinBurcYayinlari (Yilmaz Sadikli) (z-lib.org).pdf,Kainattaki Gizli Imza - Altin Oran - AltinBurcYayinlari (Yilmaz Sadikli) (z-lib.org).txt,PDF,0,0,0,Mükerrer (Atlandı),63aa67ce828af133a99bf1b5b61b4be6ef6ebfb1b9da046d782e58bda6c337be
Zekamatik-AltinBurcYayinlari.pdf,Books/b-Library_Hzm-20260601T235628Z-3-001/b-Library_Hzm/Tefekkür-Bilim-Hzm/Zekamatik-AltinBurcYayinlari.pdf,Zekamatik-AltinBurcYayinlari.txt,PDF,0,0,0,Mükerrer (Atlandı),3f461f9e70d2ef153d01ba418d79c37b0041ad3111b4e17edf55665dac041e96
Elmalili - Hak Dini Kuran Dili-01.pdf,Books/b-Library_Hzm-20260601T235628Z-3-001/b-Library_Hzm/Tefsir-Elmalılı Tefsiri-ZAMAN.pdf/Elmalili - Hak Dini Kuran Dili-01.pdf,Elmalili - Hak Dini Kuran Dili-01.txt,PDF,0,0,0,Mükerrer (Atlandı),b2178b141fba03d5fea54659fb7bd74ba7a06f8011b19c1074079d322da02e36
Elmalili - Hak Dini Kuran Dili-04.pdf,Books/b-Library_Hzm-20260601T235628Z-3-001/b-Library_Hzm/Tefsir-Elmalılı Tefsiri-ZAMAN.pdf/Elmalili - Hak Dini Kuran Dili-04.pdf,Elmalili - Hak Dini Kuran Dili-04.txt,PDF,0,0,0,Mükerrer (Atlandı),7074588c9df18bdb3fbe7fed6ac16afb3709b16248909d9dac00ba7a0f729736
Elmalili - Hak Dini Kuran Dili-05.pdf,Books/b-Library_Hzm-20260601T235628Z-3-001/b-Library_Hzm/Tefsir-Elmalılı Tefsiri-ZAMAN.pdf/Elmalili - Hak Dini Kuran Dili-05.pdf,Elmalili - Hak Dini Kuran Dili-05.txt,PDF,0,0,0,Mükerrer (Atlandı),ce92dd87897267820a12ab0a86d552034042f2753567e0c837d6c1683fca7956
Elmalili - Hak Dini Kuran Dili-06.pdf,Books/b-Library_Hzm-20260601T235628Z-3-001/b-Library_Hzm/Tefsir-Elmalılı Tefsiri-ZAMAN.pdf/Elmalili - Hak Dini Kuran Dili-06.pdf,Elmalili - Hak Dini Kuran Dili-06.txt,PDF,0,0,0,Mükerrer (Atlandı),857e12cb9bb0b3a164c858c95e3ab3856e300eda0d07aa9287281614c758bb06
Elmalili - Hak Dini Kuran Dili-07.pdf,Books/b-Library_Hzm-20260601T235628Z-3-001/b-Library_Hzm/Tefsir-Elmalılı Tefsiri-ZAMAN.pdf/Elmalili - Hak Dini Kuran Dili-07.pdf,Elmalili - Hak Dini Kuran Dili-07.txt,PDF,0,0,0,Mükerrer (Atlandı),2192e48219ae096f622bfa8ac312c4656304a64fde224ce8be242e6807f7bc3c
Elmalili - Hak Dini Kuran Dili-08.pdf,Books/b-Library_Hzm-20260601T235628Z-3-001/b-Library_Hzm/Tefsir-Elmalılı Tefsiri-ZAMAN.pdf/Elmalili - Hak Dini Kuran Dili-08.pdf,Elmalili - Hak Dini Kuran Dili-08.txt,PDF,0,0,0,Mükerrer (Atlandı),e31101fc8bb865eb5d9cbe8718e13115fe653db8d7342562c4bedd373f664cab
Elmalili - Hak Dini Kuran Dili-09.pdf,Books/b-Library_Hzm-20260601T235628Z-3-001/b-Library_Hzm/Tefsir-Elmalılı Tefsiri-ZAMAN.pdf/Elmalili - Hak Dini Kuran Dili-09.pdf,Elmalili - Hak Dini Kuran Dili-09.txt,PDF,0,0,0,Mükerrer (Atlandı),f1c6921871bc5ec9e827dc14e8592c14e16e2f20f2f03949cce0abae0d821e5b
Elmalili - Hak Dini Kuran Dili-10.pdf,Books/b-Library_Hzm-20260601T235628Z-3-001/b-Library_Hzm/Tefsir-Elmalılı Tefsiri-ZAMAN.pdf/Elmalili - Hak Dini Kuran Dili-10.pdf,Elmalili - Hak Dini Kuran Dili-10.txt,PDF,0,0,0,Mükerrer (Atlandı),bd86d44b39415e5ef77fa1de283dfb6c5528c6fafe7e0ec68b8f1ea4e2ecdbfd
Hak Dini Kuran Dili Tefsiri Bütün Ciltler.pdf,Books/b-Library_Hzm-20260601T235628Z-3-001/b-Library_Hzm/Tefsir-Elmalılı Tefsiri-ZAMAN.pdf/Hak Dini Kuran Dili Tefsiri Bütün Ciltler.pdf,Hak Dini Kuran Dili Tefsiri Bütün Ciltler.txt,PDF,0,0,0,Mükerrer (Atlandı),0175263109ef1d2c13a44dd0a01bd6da929dfb1020ce3b8002c7e9ed4b7130b8
Turkce-Calisma-Kitabi-11-Harmony.pdf,Books/b-Library_Hzm-20260601T235628Z-3-001/b-Library_Hzm/Turkce/Turkce-Calisma-Kitabi-11-Harmony.pdf,Turkce-Calisma-Kitabi-11-Harmony.txt,PDF,0,0,0,Mükerrer (Atlandı),0497a28e3c2174db9289bf7ccf7333e906dc744b106ce44cd48d234b523c6187
B Jill Carrol - Medeniyetler Diyalogu - Gulenin islami Ogretisi ve Humanist Soylem - UfukYayinlari.pdf,Books/b-Library_Hzm-20260601T235628Z-3-001/b-Library_Hzm/Ufuk Yayinlari/B Jill Carrol - Medeniyetler Diyalogu - Gulenin islami Ogretisi ve Humanist Soylem - UfukYayinlari.pdf,B Jill Carrol - Medeniyetler Diyalogu - Gulenin islami Ogretisi ve Humanist Soylem - UfukYayinlari.txt,PDF,0,0,0,Mükerrer (Atlandı),4416f6082435b8db7e52a65b4550c757643ffb6727c83a39685de4e66c8393be
E Mazhar Kurt - Yaratilis Tabiatin ilahi Emirle Varolusu - UfukYayinlari.pdf,Books/b-Library_Hzm-20260601T235628Z-3-001/b-Library_Hzm/Ufuk Yayinlari/E Mazhar Kurt - Yaratilis Tabiatin ilahi Emirle Varolusu - UfukYayinlari.pdf,E Mazhar Kurt - Yaratilis Tabiatin ilahi Emirle Varolusu - UfukYayinlari.txt,PDF,0,0,0,Mükerrer (Atlandı),d288cd8b23e3d16e2a474d3ff03d593d355b8fbf2a0402c1a5e04e4cb1534dc1
Erkam Tufan Aytav - Demokratiklesme Surecinde Turkiyede Oteki Olmak - UfukYayinlari.pdf,Books/b-Library_Hzm-20260601T235628Z-3-001/b-Library_Hzm/Ufuk Yayinlari/Erkam Tufan Aytav - Demokratiklesme Surecinde Turkiyede Oteki Olmak - UfukYayinlari.pdf,Erkam Tufan Aytav - Demokratiklesme Surecinde Turkiyede Oteki Olmak - UfukYayinlari.txt,PDF,0,0,0,Mükerrer (Atlandı),8732e8abeb85793ef2db50b9352015626e2eb8b7a92338512aa74d1956c75c46
Hayrettin Karaman - Hakkani Mehmet Bey - Hilye - Gonullerin Susu Hanelerin Zineti - UfukYayinlari.pdf,Books/b-Library_Hzm-20260601T235628Z-3-001/b-Library_Hzm/Ufuk Yayinlari/Hayrettin Karaman - Hakkani Mehmet Bey - Hilye - Gonullerin Susu Hanelerin Zineti - UfukYayinlari.pdf,Hayrettin Karaman - Hakkani Mehmet Bey - Hilye - Gonullerin Susu Hanelerin Zineti - UfukYayinlari.txt,PDF,0,0,0,Mükerrer (Atlandı),9dc388c0880f5400c7d9ebb34850973f06b62b2e206f345dc7d6d972e5ecd04f
Kuresel Dunyada islam-1 -Vincent Geisser -  islamofobi - UfukYayinlari.pdf,Books/b-Library_Hzm-20260601T235628Z-3-001/b-Library_Hzm/Ufuk Yayinlari/Kuresel Dunyada islam-1 -Vincent Geisser -  islamofobi - UfukYayinlari.pdf,Kuresel Dunyada islam-1 -Vincent Geisser - islamofobi - UfukYayinlari.txt,PDF,0,0,0,Mükerrer (Atlandı),3c33027527d23e076c7aad3f6d9972708e904ef03dc3c4ef16e79de5bdcb5445
Kuresel Dunyada islam-2 - Ahmet Kurucan - ABD ve Din - UfukYayinlari.pdf,Books/b-Library_Hzm-20260601T235628Z-3-001/b-Library_Hzm/Ufuk Yayinlari/Kuresel Dunyada islam-2 - Ahmet Kurucan - ABD ve Din - UfukYayinlari.pdf,Kuresel Dunyada islam-2 - Ahmet Kurucan - ABD ve Din - UfukYayinlari.txt,PDF,0,0,0,Mükerrer (Atlandı),c9fe98c60c525036c46b91feeb2d5b6740464d1c8bd266f6f911307642237643
Mesnevi Hikayelerinden-1 - Kadir Ozkose - Ten Kafesinden Kurtulus - UfukYayinlari.pdf,Books/b-Library_Hzm-20260601T235628Z-3-001/b-Library_Hzm/Ufuk Yayinlari/Mesnevi Hikayelerinden-1 - Kadir Ozkose - Ten Kafesinden Kurtulus - UfukYayinlari.pdf,Mesnevi Hikayelerinden-1 - Kadir Ozkose - Ten Kafesinden Kurtulus - UfukYayinlari.txt,PDF,0,0,0,Mükerrer (Atlandı),1196c9289cbffd9fe0fc7360c84e2ff8b7b35d46b709f92a6a04e0cb70a25486
Mesnevi Hikayelerinden-2 - Kadir Ozkose - Gafletten Kurtulus - UfukYayinlari.pdf,Books/b-Library_Hzm-20260601T235628Z-3-001/b-Library_Hzm/Ufuk Yayinlari/Mesnevi Hikayelerinden-2 - Kadir Ozkose - Gafletten Kurtulus - UfukYayinlari.pdf,Mesnevi Hikayelerinden-2 - Kadir Ozkose - Gafletten Kurtulus - UfukYayinlari.txt,PDF,0,0,0,Mükerrer (Atlandı),0d1c7a02a6ade021d2590d964a74ce57477868ed1530f742f573491093e9106a
Rainer Hermann - Turkiyede Neler Oluyor - Anadolunu Uyanisi ve Yeni Elitler - UfukYayinlari.pdf,Books/b-Library_Hzm-20260601T235628Z-3-001/b-Library_Hzm/Ufuk Yayinlari/Rainer Hermann - Turkiyede Neler Oluyor - Anadolunu Uyanisi ve Yeni Elitler - UfukYayinlari.pdf,Rainer Hermann - Turkiyede Neler Oluyor - Anadolunu Uyanisi ve Yeni Elitler - UfukYayinlari.txt,PDF,0,0,0,Mükerrer (Atlandı),a0549d7ef08bbed55fb7cf959040df9820f8d4fee48f14666d424b2d2b2c66b0
Abdulhakim-Yuce-Gece-ibadeti.pdf,Books/b-Library_Hzm-20260601T235628Z-3-001/b-Library_Hzm/Yazarlar-Hzm/Abdulhakim-Yuce-Gece-ibadeti.pdf,Abdulhakim-Yuce-Gece-ibadeti.txt,PDF,0,0,0,Mükerrer (Atlandı),a24c42723a37793d413caf6b8fafe3814e1e543345c1d73503e428b531d92098
Ekrem Dumanli-Alimler-Ve-Zalimler-Ekrem-Dumanli.pdf,Books/b-Library_Hzm-20260601T235628Z-3-001/b-Library_Hzm/Yazarlar-Hzm/Ekrem Dumanli-Alimler-Ve-Zalimler-Ekrem-Dumanli.pdf,Ekrem Dumanli-Alimler-Ve-Zalimler-Ekrem-Dumanli.txt,PDF,0,0,0,Mükerrer (Atlandı),1f0a80f3cc7d281360c2e206921471318aad7915855e61429e98a272d383c6fa
Ibrahim-Canan-Islamda-Zaman Tanzimi.pdf,Books/b-Library_Hzm-20260601T235628Z-3-001/b-Library_Hzm/Yazarlar-Hzm/Ibrahim-Canan-Islamda-Zaman Tanzimi.pdf,Ibrahim-Canan-Islamda-Zaman Tanzimi.txt,PDF,0,0,0,Mükerrer (Atlandı),c96596048b21ac2dd6f1f4a829010dc7d418d79052f6d57deeaf7036afe06a15
OS-Ibretlik-Hatiralar-M-Fethullah-Gulenin-Ruh-Dunyasina-Ayna-OS.pdf,Books/b-Library_Hzm-20260601T235628Z-3-001/b-Library_Hzm/Yazarlar-Hzm/OS-Ibretlik-Hatiralar-M-Fethullah-Gulenin-Ruh-Dunyasina-Ayna-OS.pdf,OS-Ibretlik-Hatiralar-M-Fethullah-Gulenin-Ruh-Dunyasina-Ayna-OS.txt,PDF,0,0,0,Mükerrer (Atlandı),832d1c3dbc75a71b48d58734928272b85df526469a611eff81c40b658755e2e8
OS-Pennsylvania-Surgununde-Bir-Cocuk.pdf,Books/b-Library_Hzm-20260601T235628Z-3-001/b-Library_Hzm/Yazarlar-Hzm/OS-Pennsylvania-Surgununde-Bir-Cocuk.pdf,OS-Pennsylvania-Surgununde-Bir-Cocuk.txt,PDF,0,0,0,Mükerrer (Atlandı),9723933b698730e195fb16f68deabfde7ba0e715557996ec7d784f499890128f
Vehbi Yildiz-İlham-kaynakları.pdf,Books/b-Library_Hzm-20260601T235628Z-3-001/b-Library_Hzm/Yazarlar-Hzm/Vehbi Yildiz-İlham-kaynakları.pdf,Vehbi Yildiz-İlham-kaynakları.txt,PDF,0,0,0,Mükerrer (Atlandı),83a2b77df4df03da5aeaf0b9e194eb53a168527b0dc0095bf3de72d7acc862cd
İslamda-Resim-Heykel-Musiki-Ahmet-Yakutcan-Cuma-Omur.pdf,Books/b-Library_Hzm-20260601T235628Z-3-001/b-Library_Hzm/Yazarlar-Hzm/İslamda-Resim-Heykel-Musiki-Ahmet-Yakutcan-Cuma-Omur.pdf,İslamda-Resim-Heykel-Musiki-Ahmet-Yakutcan-Cuma-Omur.txt,PDF,0,0,0,Mükerrer (Atlandı),e37bf5a784ce7ce1d78e79194cd4b44391e306c6fd9c410ab58a7aefccf3faea
hac-ve-umre-ilmihali-rehberyayinlari.pdf,Books/b-Library_Hzm-20260601T235628Z-3-001/b-Library_Hzm/ilmihal-Cep-Hzm/hac-ve-umre-ilmihali-rehberyayinlari.pdf,hac-ve-umre-ilmihali-rehberyayinlari.txt,PDF,0,0,0,Mükerrer (Atlandı),0258658d0603f3493d8245c2eec0cb3a26c437d971e23c94bd9356c615e94ee5
namaz-ilmihali-rehberyayinlari.pdf,Books/b-Library_Hzm-20260601T235628Z-3-001/b-Library_Hzm/ilmihal-Cep-Hzm/namaz-ilmihali-rehberyayinlari.pdf,namaz-ilmihali-rehberyayinlari.txt,PDF,0,0,0,Mükerrer (Atlandı),5bffabfa9fbbb4c87e58b16991c07715e45ecd3f1a24b6d0e5a806052d575207
oruc-ilmihali-rehberyayinlari.pdf,Books/b-Library_Hzm-20260601T235628Z-3-001/b-Library_Hzm/ilmihal-Cep-Hzm/oruc-ilmihali-rehberyayinlari.pdf,oruc-ilmihali-rehberyayinlari.txt,PDF,0,0,0,Mükerrer (Atlandı),5fbb61a37f4a4d3eb491bb568f01cb8e661e152f09b16a60d0ecd44a217c3afa
pratik-ilmihal-rehberyayinlari.pdf,Books/b-Library_Hzm-20260601T235628Z-3-001/b-Library_Hzm/ilmihal-Cep-Hzm/pratik-ilmihal-rehberyayinlari.pdf,pratik-ilmihal-rehberyayinlari.txt,PDF,0,0,0,Mükerrer (Atlandı),b39737abc551c69e3debb4f22b9d25ded21ba40fb14dda5209bb90cb2fd7c2ad
zekat-rehberyayinlari.pdf,Books/b-Library_Hzm-20260601T235628Z-3-001/b-Library_Hzm/ilmihal-Cep-Hzm/zekat-rehberyayinlari.pdf,zekat-rehberyayinlari.txt,PDF,0,0,0,Mükerrer (Atlandı),da83d225e86c7765f374a951df68e823ea9376b64a237ae97e5163dd7656ae9f
Peygamberimizin-teblig-metodlari.pdf,Books/b-Library_Hzm-20260601T235628Z-3-001/b-Library_Hzm/irşad-Tebliğ-Hzm/Peygamberimizin-teblig-metodlari.pdf,Peygamberimizin-teblig-metodlari.txt,PDF,0,0,0,Mükerrer (Atlandı),1da93e95ff3a57137954c32274f4f5fde4c077eb11a86bf1bfd5b7a93d8f25ea
Doğuştan Günümüze Büyük İslam Tarihi Cilt 01.pdf,Books/b-Library_Hzm-20260601T235628Z-3-001/b-Library_Hzm/islam Tarihi-ZAMAN/Doğuştan Günümüze Büyük İslam Tarihi Cilt 01.pdf,Doğuştan Günümüze Büyük İslam Tarihi Cilt 01.txt,PDF,0,0,0,Mükerrer (Atlandı),03026449810780bcd537621eda1413616c2a6eec3c2a16df45e96292b21df8d5
Doğuştan Günümüze Büyük İslam Tarihi Cilt 02.pdf,Books/b-Library_Hzm-20260601T235628Z-3-001/b-Library_Hzm/islam Tarihi-ZAMAN/Doğuştan Günümüze Büyük İslam Tarihi Cilt 02.pdf,Doğuştan Günümüze Büyük İslam Tarihi Cilt 02.txt,PDF,0,0,0,Mükerrer (Atlandı),b70b63f13fc3eafe2755d2fd55644c747933145b279c1dc64fc5ab5c48798f81
Doğuştan Günümüze Büyük İslam Tarihi Cilt 03.pdf,Books/b-Library_Hzm-20260601T235628Z-3-001/b-Library_Hzm/islam Tarihi-ZAMAN/Doğuştan Günümüze Büyük İslam Tarihi Cilt 03.pdf,Doğuştan Günümüze Büyük İslam Tarihi Cilt 03.txt,PDF,0,0,0,Mükerrer (Atlandı),55c746589061bef69e6f0807abdb9dccbcb2293f4e5c41473213e8fe0be5850a
Doğuştan Günümüze Büyük İslam Tarihi Cilt 04.pdf,Books/b-Library_Hzm-20260601T235628Z-3-001/b-Library_Hzm/islam Tarihi-ZAMAN/Doğuştan Günümüze Büyük İslam Tarihi Cilt 04.pdf,Doğuştan Günümüze Büyük İslam Tarihi Cilt 04.txt,PDF,0,0,0,Mükerrer (Atlandı),5e0f8a9a2e17843e689299572a4ce6e21213dabdd26995623866f06b20e587ee
Doğuştan Günümüze Büyük İslam Tarihi Cilt 05.pdf,Books/b-Library_Hzm-20260601T235628Z-3-001/b-Library_Hzm/islam Tarihi-ZAMAN/Doğuştan Günümüze Büyük İslam Tarihi Cilt 05.pdf,Doğuştan Günümüze Büyük İslam Tarihi Cilt 05.txt,PDF,0,0,0,Mükerrer (Atlandı),b7d034df84a9ca4f8a8b0c1b4a2028daae4b64d93cbaa5d97f49aa7e0f43fd5e
Doğuştan Günümüze Büyük İslam Tarihi Cilt 06.pdf,Books/b-Library_Hzm-20260601T235628Z-3-001/b-Library_Hzm/islam Tarihi-ZAMAN/Doğuştan Günümüze Büyük İslam Tarihi Cilt 06.pdf,Doğuştan Günümüze Büyük İslam Tarihi Cilt 06.txt,PDF,0,0,0,Mükerrer (Atlandı),51eefd3ea749296cfe553821297656a1257bf67f6e511527e84feb28d8ac66ca
Doğuştan Günümüze Büyük İslam Tarihi Cilt 07.pdf,Books/b-Library_Hzm-20260601T235628Z-3-001/b-Library_Hzm/islam Tarihi-ZAMAN/Doğuştan Günümüze Büyük İslam Tarihi Cilt 07.pdf,Doğuştan Günümüze Büyük İslam Tarihi Cilt 07.txt,PDF,0,0,0,Mükerrer (Atlandı),e0c978b7f56ee123f18c91c0051dcc9a3551cc71a07f6cf095d79541743c381d
Doğuştan Günümüze Büyük İslam Tarihi Cilt 08.pdf,Books/b-Library_Hzm-20260601T235628Z-3-001/b-Library_Hzm/islam Tarihi-ZAMAN/Doğuştan Günümüze Büyük İslam Tarihi Cilt 08.pdf,Doğuştan Günümüze Büyük İslam Tarihi Cilt 08.txt,PDF,0,0,0,Mükerrer (Atlandı),03cb92cf401b08f65d473607abf4f6a07d3e53a91ba51df06265677c89464057
Doğuştan Günümüze Büyük İslam Tarihi Cilt 09.pdf,Books/b-Library_Hzm-20260601T235628Z-3-001/b-Library_Hzm/islam Tarihi-ZAMAN/Doğuştan Günümüze Büyük İslam Tarihi Cilt 09.pdf,Doğuştan Günümüze Büyük İslam Tarihi Cilt 09.txt,PDF,0,0,0,Mükerrer (Atlandı),2922d6391e5f506a742028ada7cc2ba1587b24ccffa04a09f448656d048b6183
Doğuştan Günümüze Büyük İslam Tarihi Cilt 10.pdf,Books/b-Library_Hzm-20260601T235628Z-3-001/b-Library_Hzm/islam Tarihi-ZAMAN/Doğuştan Günümüze Büyük İslam Tarihi Cilt 10.pdf,Doğuştan Günümüze Büyük İslam Tarihi Cilt 10.txt,PDF,0,0,0,Mükerrer (Atlandı),0753f1950e945d7279d304f2766f20213cc01be909721a5b80870e631f14a3bb
Doğuştan Günümüze Büyük İslam Tarihi Cilt 11.pdf,Books/b-Library_Hzm-20260601T235628Z-3-001/b-Library_Hzm/islam Tarihi-ZAMAN/Doğuştan Günümüze Büyük İslam Tarihi Cilt 11.pdf,Doğuştan Günümüze Büyük İslam Tarihi Cilt 11.txt,PDF,0,0,0,Mükerrer (Atlandı),8b253c766391374050f0a16458f67210e2967c2c42213624435be070ee2a41b6
Doğuştan Günümüze Büyük İslam Tarihi Cilt 12.pdf,Books/b-Library_Hzm-20260601T235628Z-3-001/b-Library_Hzm/islam Tarihi-ZAMAN/Doğuştan Günümüze Büyük İslam Tarihi Cilt 12.pdf,Doğuştan Günümüze Büyük İslam Tarihi Cilt 12.txt,PDF,0,0,0,Mükerrer (Atlandı),e4ed8146d7da063e72ee34fc95a3b732591b17b02f0d7adc44b6e7c83ccdf48c
Doğuştan Günümüze Büyük İslam Tarihi Cilt 13.pdf,Books/b-Library_Hzm-20260601T235628Z-3-001/b-Library_Hzm/islam Tarihi-ZAMAN/Doğuştan Günümüze Büyük İslam Tarihi Cilt 13.pdf,Doğuştan Günümüze Büyük İslam Tarihi Cilt 13.txt,PDF,0,0,0,Mükerrer (Atlandı),482576ca04bdd29962112a697d03df13d2f7586c5dd1ece326dbbc9998b5acff
Doğuştan Günümüze Büyük İslam Tarihi Cilt 14 Ek.pdf,Books/b-Library_Hzm-20260601T235628Z-3-001/b-Library_Hzm/islam Tarihi-ZAMAN/Doğuştan Günümüze Büyük İslam Tarihi Cilt 14 Ek.pdf,Doğuştan Günümüze Büyük İslam Tarihi Cilt 14 Ek.txt,PDF,0,0,0,Mükerrer (Atlandı),3ac2f67636d19739889fb2af119fbdffecba3836eff08914ba336976dc0916e3
Doğuştan Günümüze Büyük İslam Tarihi Cilt 14.pdf,Books/b-Library_Hzm-20260601T235628Z-3-001/b-Library_Hzm/islam Tarihi-ZAMAN/Doğuştan Günümüze Büyük İslam Tarihi Cilt 14.pdf,Doğuştan Günümüze Büyük İslam Tarihi Cilt 14.txt,PDF,0,0,0,Mükerrer (Atlandı),c63ad44bc04e4768b5ff6262c9e88ebc41e4da8a5617e0109087b5baa323d47e
ilk-oykulerim-serisi-10-h-ibrahim-cayirli-kaybolan-top-mustuy.pdf,Books/b-Library_Hzm-20260601T235628Z-3-001/b-Library_Hzm/Çocuklar için-Hzm/İlk öykülerim/ilk-oykulerim-serisi-10-h-ibrahim-cayirli-kaybolan-top-mustuy.pdf,ilk-oykulerim-serisi-10-h-ibrahim-cayirli-kaybolan-top-mustuy.txt,PDF,0,0,0,Mükerrer (Atlandı),ae4b149bb364d69792cf28c566168fa992e66f066a89e08bfdfb1e6dd7b0b4e4
Ahmet Ersöz-Mehmet Özyurt.pdf,Books/b-Library_Hzm-20260601T235628Z-3-001/b-Library_Hzm/Üstad BZ Hz Talebeleri-Hzm/Ahmet Ersöz-Mehmet Özyurt.pdf,Ahmet Ersöz-Mehmet Özyurt.txt,PDF,0,0,0,Mükerrer (Atlandı),b8d9c891071ce09604c806f0c5d40dfd3fdc36714fc847b0b8ea237e4bf28ae8
Ahmet Ozer - Atabeyli Tahiri - Mehmet Tahiri Mutlu (Ahmet Ozer) (z-lib.org).PDF,Books/b-Library_Hzm-20260601T235628Z-3-001/b-Library_Hzm/Üstad BZ Hz Talebeleri-Hzm/Ahmet Ozer - Atabeyli Tahiri - Mehmet Tahiri Mutlu (Ahmet Ozer) (z-lib.org).PDF,Ahmet Ozer - Atabeyli Tahiri - Mehmet Tahiri Mutlu (Ahmet Ozer) (z-lib.org).txt,PDF,0,0,0,Mükerrer (Atlandı),dab37c4c7b1db7f07f9d4202ef3b5b1d96ca6822c6a7109ff57308cdcc9b5b5a
Ahmet Ozer - iki Unlu Kul  Abdurrahman ve Abdulmecid Nursi (Ahmet Ozer) (z-lib.org).PDF,Books/b-Library_Hzm-20260601T235628Z-3-001/b-Library_Hzm/Üstad BZ Hz Talebeleri-Hzm/Ahmet Ozer - iki Unlu Kul  Abdurrahman ve Abdulmecid Nursi (Ahmet Ozer) (z-lib.org).PDF,Ahmet Ozer - iki Unlu Kul Abdurrahman ve Abdulmecid Nursi (Ahmet Ozer) (z-lib.org).txt,PDF,0,0,0,Mükerrer (Atlandı),21d98222056ef849e092432732b26ccb01eeaec8a2a6721ef39d32ac6caeb070
Necmettin-Sahiner-Bekir-Berk-sahdamari.pdf,Books/b-Library_Hzm-20260601T235628Z-3-001/b-Library_Hzm/Üstad BZ Hz Talebeleri-Hzm/Necmettin-Sahiner-Bekir-Berk-sahdamari.pdf,Necmettin-Sahiner-Bekir-Berk-sahdamari.txt,PDF,0,0,0,Mükerrer (Atlandı),9583420d48d95cd221df7e9e92001469f397c49689bdf4406e80171ade5447ae
Necmettin-Sahiner-Uc-Feyizli-Nur-SahdamarY.pdf,Books/b-Library_Hzm-20260601T235628Z-3-001/b-Library_Hzm/Üstad BZ Hz Talebeleri-Hzm/Necmettin-Sahiner-Uc-Feyizli-Nur-SahdamarY.pdf,Necmettin-Sahiner-Uc-Feyizli-Nur-SahdamarY.txt,PDF,0,0,0,Mükerrer (Atlandı),7257c1373ac53b291ef4344997483883ba141c9eb1cd31f46e58b7ef910140e5
Yazarlarin-Kalemi-nden-Bedi-uzzaman-Necmeddin-Şahi-ner.pdf,Books/b-Library_Hzm-20260601T235628Z-3-001/b-Library_Hzm/Üstad BZ Hz-Hzm/Yazarlarin-Kalemi-nden-Bedi-uzzaman-Necmeddin-Şahi-ner.pdf,Yazarlarin-Kalemi-nden-Bedi-uzzaman-Necmeddin-Şahi-ner.txt,PDF,0,0,0,Mükerrer (Atlandı),9bbea5982d679f4379a4e4dea67e7bd65b07c8b9a44242080ab1f7ba32baf4d4
abdullah-mahmud-tantavi-bediuzzamana-gore-degisim-ve-yeniden-yapilanma-sahdamary.pdf,Books/b-Library_Hzm-20260601T235628Z-3-001/b-Library_Hzm/Üstad BZ Hz-Hzm/abdullah-mahmud-tantavi-bediuzzamana-gore-degisim-ve-yeniden-yapilanma-sahdamary.pdf,abdullah-mahmud-tantavi-bediuzzamana-gore-degisim-ve-yeniden-yapilanma-sahdamary.txt,PDF,0,0,0,Mükerrer (Atlandı),4a4a7ade24e1a673e7786d45595ee45cf1b81199eb91ad10db058598af56ccea
mahmut-acil-ustadla-hasbihal-sahdamary.pdf,Books/b-Library_Hzm-20260601T235628Z-3-001/b-Library_Hzm/Üstad BZ Hz-Hzm/mahmut-acil-ustadla-hasbihal-sahdamary.pdf,mahmut-acil-ustadla-hasbihal-sahdamary.txt,PDF,0,0,0,Mükerrer (Atlandı),21e4984cd13c3d6fa7edb3a4b07e3d9cf09749f136093094961c48f8e57a3ad4
mehmet-akar-dava-adami-sahdamary.pdf,Books/b-Library_Hzm-20260601T235628Z-3-001/b-Library_Hzm/Üstad BZ Hz-Hzm/mehmet-akar-dava-adami-sahdamary.pdf,mehmet-akar-dava-adami-sahdamary.txt,PDF,0,0,0,Mükerrer (Atlandı),18a67879f79d20afa257940de2e92bd2f0f66d1cf9e309fa0e854e0d3ccf6606
mehmet-akar-hizmet-ekseni-sahdamary.pdf,Books/b-Library_Hzm-20260601T235628Z-3-001/b-Library_Hzm/Üstad BZ Hz-Hzm/mehmet-akar-hizmet-ekseni-sahdamary.pdf,mehmet-akar-hizmet-ekseni-sahdamary.txt,PDF,0,0,0,Mükerrer (Atlandı),5ec41dbb3450ce351e57bbd8eea8f45e821b984fd188fbb836f5f7d41bbb17f9
mehmet-akar-ikram-sahdamary.pdf,Books/b-Library_Hzm-20260601T235628Z-3-001/b-Library_Hzm/Üstad BZ Hz-Hzm/mehmet-akar-ikram-sahdamary.pdf,mehmet-akar-ikram-sahdamary.txt,PDF,0,0,0,Mükerrer (Atlandı),b3a2782d8bd8faa07675be567247e8024dff306bd084d6c168322861f0d59ec9
mehmet-akar-secdede-bir-omur-sahdamary.pdf,Books/b-Library_Hzm-20260601T235628Z-3-001/b-Library_Hzm/Üstad BZ Hz-Hzm/mehmet-akar-secdede-bir-omur-sahdamary.pdf,mehmet-akar-secdede-bir-omur-sahdamary.txt,PDF,0,0,0,Mükerrer (Atlandı),61ceea447ffd3dbd5e12c2dd10d8fbd072af1518aa3d1486acc69734ce1bdce7
mehmet-akar-seyda-2-barla-hayati-sahdamary.pdf,Books/b-Library_Hzm-20260601T235628Z-3-001/b-Library_Hzm/Üstad BZ Hz-Hzm/mehmet-akar-seyda-2-barla-hayati-sahdamary.pdf,mehmet-akar-seyda-2-barla-hayati-sahdamary.txt,PDF,0,0,0,Mükerrer (Atlandı),7154e39009cff0fbff3d08bbe91440204279500f40637b6579a0381ed5a785bf
mehmet-akar-seyda-sahdamary.pdf,Books/b-Library_Hzm-20260601T235628Z-3-001/b-Library_Hzm/Üstad BZ Hz-Hzm/mehmet-akar-seyda-sahdamary.pdf,mehmet-akar-seyda-sahdamary.txt,PDF,0,0,0,Mükerrer (Atlandı),8bc20265e99b9c86dd6e63958e627aed455953861ec1e389eff6770a68f42282
mustafa-ozturkcu-bediuezzamanin-bilinmeyen-akrabalari-sahdamary.pdf,Books/b-Library_Hzm-20260601T235628Z-3-001/b-Library_Hzm/Üstad BZ Hz-Hzm/mustafa-ozturkcu-bediuezzamanin-bilinmeyen-akrabalari-sahdamary.pdf,mustafa-ozturkcu-bediuezzamanin-bilinmeyen-akrabalari-sahdamary.txt,PDF,0,0,0,Mükerrer (Atlandı),f6243042b6e1dc008539c8e6b02227ccfb964f96e6f8a3916e236ffdd60e36da
necmettin-sahiner-medresetuz-zehra-bediuzzaman-universitesi-sahdamary.pdf,Books/b-Library_Hzm-20260601T235628Z-3-001/b-Library_Hzm/Üstad BZ Hz-Hzm/necmettin-sahiner-medresetuz-zehra-bediuzzaman-universitesi-sahdamary.pdf,necmettin-sahiner-medresetuz-zehra-bediuzzaman-universitesi-sahdamary.txt,PDF,0,0,0,Mükerrer (Atlandı),43af7ff322b6bebf97aab1277c4b6430dc1b9942d7e017eee040c1019f1b5278
necmettin-sahiner-nurlarin-ilk-dershanesi-aziz-barla-sahdamary.pdf,Books/b-Library_Hzm-20260601T235628Z-3-001/b-Library_Hzm/Üstad BZ Hz-Hzm/necmettin-sahiner-nurlarin-ilk-dershanesi-aziz-barla-sahdamary.pdf,necmettin-sahiner-nurlarin-ilk-dershanesi-aziz-barla-sahdamary.txt,PDF,0,0,0,Mükerrer (Atlandı),8a3548a15591edd945fbae4cb334a3a7a9c34c1b8b6bb0eb76495db48f2c38d6
necmettin-sahiner-yazarlarin-kaleminden-bediuzzaman-sahdamary.pdf,Books/b-Library_Hzm-20260601T235628Z-3-001/b-Library_Hzm/Üstad BZ Hz-Hzm/necmettin-sahiner-yazarlarin-kaleminden-bediuzzaman-sahdamary.pdf,necmettin-sahiner-yazarlarin-kaleminden-bediuzzaman-sahdamary.txt,PDF,0,0,0,Mükerrer (Atlandı),166a2ecaf70e795c7f2d4a30f4b94116d8e3c5db9e48df5f46575986ff69ade9
A.Aymaz-Emirdag-Lahikasi-1.pdf,Books/b-Library_Hzm-20260601T235628Z-3-002/b-Library_Hzm/A.Aymaz-RN/A.Aymaz-Emirdag-Lahikasi-1.pdf,A.Aymaz-Emirdag-Lahikasi-1.txt,PDF,0,0,0,Mükerrer (Atlandı),a834925228f7a786655e60ab001fc10c44feca8594f37ce2355992a0097ea19f
A.Aymaz-Emirdag-Lahikasi-2.pdf,Books/b-Library_Hzm-20260601T235628Z-3-002/b-Library_Hzm/A.Aymaz-RN/A.Aymaz-Emirdag-Lahikasi-2.pdf,A.Aymaz-Emirdag-Lahikasi-2.txt,PDF,0,0,0,Mükerrer (Atlandı),14b240ddf4c1cbe69d0479d14872c6411a67e6c3fe209f80fd452d0bb4bafb9e
A.Aymaz-Hanimlar-Rehberi.pdf,Books/b-Library_Hzm-20260601T235628Z-3-002/b-Library_Hzm/A.Aymaz-RN/A.Aymaz-Hanimlar-Rehberi.pdf,A.Aymaz-Hanimlar-Rehberi.txt,PDF,0,0,0,Mükerrer (Atlandı),7c4aac0afae7d6a1389aa1d0527eb587a73a90dc361ef47b8fc89a550a32f04b
A.Aymaz-Hizmet-Rehberi.pdf,Books/b-Library_Hzm-20260601T235628Z-3-002/b-Library_Hzm/A.Aymaz-RN/A.Aymaz-Hizmet-Rehberi.pdf,A.Aymaz-Hizmet-Rehberi.txt,PDF,0,0,0,Mükerrer (Atlandı),f5ed0dceeff452d1c13f4d181dbf912a12aea031f159919d8f22b16328a044bb
A.Aymaz-Kastamonu-Lahikasi.pdf,Books/b-Library_Hzm-20260601T235628Z-3-002/b-Library_Hzm/A.Aymaz-RN/A.Aymaz-Kastamonu-Lahikasi.pdf,A.Aymaz-Kastamonu-Lahikasi.txt,PDF,0,0,0,Mükerrer (Atlandı),4b9153e21f4d8ee325aab832810bcca9947c071384a6dd374448ce96c400e6ff
A.Aymaz-Lemaat-Uzerine.pdf,Books/b-Library_Hzm-20260601T235628Z-3-002/b-Library_Hzm/A.Aymaz-RN/A.Aymaz-Lemaat-Uzerine.pdf,A.Aymaz-Lemaat-Uzerine.txt,PDF,0,0,0,Mükerrer (Atlandı),a45b97a4578088ddf275fd45a6effadd55e36f52dae2271d285f28d8edcf18c7
A.Aymaz-Muhakemat.pdf,Books/b-Library_Hzm-20260601T235628Z-3-002/b-Library_Hzm/A.Aymaz-RN/A.Aymaz-Muhakemat.pdf,A.Aymaz-Muhakemat.txt,PDF,0,0,0,Mükerrer (Atlandı),a20e071af369f2774f3027cf607905dbc35050247c16957bdc9b92fa40603709
A.Aymaz-Sunuhat.pdf,Books/b-Library_Hzm-20260601T235628Z-3-002/b-Library_Hzm/A.Aymaz-RN/A.Aymaz-Sunuhat.pdf,A.Aymaz-Sunuhat.txt,PDF,0,0,0,Mükerrer (Atlandı),a84164a09cd8e8feee947a43ec541d86fb460fd25198b2a8b8b4f7ebf64a5749
A.Kurucan-Bosanmak icin mi evleniyoruz-GulYurduYayinlari.pdf,Books/b-Library_Hzm-20260601T235628Z-3-002/b-Library_Hzm/Ahmet Kurucan/A.Kurucan-Bosanmak icin mi evleniyoruz-GulYurduYayinlari.pdf,A.Kurucan-Bosanmak icin mi evleniyoruz-GulYurduYayinlari.txt,PDF,0,0,0,Mükerrer (Atlandı),9bd7fdda9e2ce861326be7674324eac3e03d052c4bbe6f451af45e877fbab6d2
A.Kurucan-Evcilik Oynamiyoruz - GulYurduYayinlari.pdf,Books/b-Library_Hzm-20260601T235628Z-3-002/b-Library_Hzm/Ahmet Kurucan/A.Kurucan-Evcilik Oynamiyoruz - GulYurduYayinlari.pdf,A.Kurucan-Evcilik Oynamiyoruz - GulYurduYayinlari.txt,PDF,0,0,0,Mükerrer (Atlandı),f9e34cb8acbc8a7bc5364c7469482bffc355168b17796d0b8ecea32e08042d7c
A.Kurucan-Fıkıh-Dunyamız-1.pdf,Books/b-Library_Hzm-20260601T235628Z-3-002/b-Library_Hzm/Ahmet Kurucan/A.Kurucan-Fıkıh-Dunyamız-1.pdf,A.Kurucan-Fıkıh-Dunyamız-1.txt,PDF,0,0,0,Mükerrer (Atlandı),2438d380eb2198072cce77e375cda07fa526814374a9b76b1976bc24314e4d38
A.Kurucan-Rotasiz Evlilik - GulYurduYayinlari.pdf,Books/b-Library_Hzm-20260601T235628Z-3-002/b-Library_Hzm/Ahmet Kurucan/A.Kurucan-Rotasiz Evlilik - GulYurduYayinlari.pdf,A.Kurucan-Rotasiz Evlilik - GulYurduYayinlari.txt,PDF,0,0,0,Mükerrer (Atlandı),8835c43f98f5e7759f42b0d8f13baf86b48f7986c6d8795e14c1344329b1fbbd
hz.-peygamberin-sunnetinde-terbiye.pdf,Books/b-Library_Hzm-20260601T235628Z-3-002/b-Library_Hzm/Aile ve Çocuk-Hzm/hz.-peygamberin-sunnetinde-terbiye.pdf,hz.-peygamberin-sunnetinde-terbiye.txt,PDF,0,0,0,Mükerrer (Atlandı),d34e5506166354f76c3172f80ad0543733335006765516f3441369625fce8bcb
Ali Unal-Din Etrafinda-IsikAkademiY.pdf,Books/b-Library_Hzm-20260601T235628Z-3-002/b-Library_Hzm/Ali Ünal/Ali Unal-Din Etrafinda-IsikAkademiY.pdf,Ali Unal-Din Etrafinda-IsikAkademiY.txt,PDF,0,0,0,Mükerrer (Atlandı),92b58368528bee4767d7bc3d6778104c02afc198e09d5323748f8a6c66e7c2b2
Ali Unal-Gecmisten-Gelecege-Kopru-Fethullah-Gulen.pdf,Books/b-Library_Hzm-20260601T235628Z-3-002/b-Library_Hzm/Ali Ünal/Ali Unal-Gecmisten-Gelecege-Kopru-Fethullah-Gulen.pdf,Ali Unal-Gecmisten-Gelecege-Kopru-Fethullah-Gulen.txt,PDF,0,0,0,Mükerrer (Atlandı),e37dce9d74f6dc075b31b793b2ea2d2045ebc0111957b39d9fa152c3683c0b40
Ali Unal-Hizmet-Rehberi.pdf,Books/b-Library_Hzm-20260601T235628Z-3-002/b-Library_Hzm/Ali Ünal/Ali Unal-Hizmet-Rehberi.pdf,Ali Unal-Hizmet-Rehberi.txt,PDF,0,0,0,Mükerrer (Atlandı),acaed144d17564c499d7fb2e3c1fc71dbc280378f928d12c46fa2b9dfd2075c9
Ali Unal-Islam-Bilim-Insan-Ve-Tarih.pdf,Books/b-Library_Hzm-20260601T235628Z-3-002/b-Library_Hzm/Ali Ünal/Ali Unal-Islam-Bilim-Insan-Ve-Tarih.pdf,Ali Unal-Islam-Bilim-Insan-Ve-Tarih.txt,PDF,0,0,0,Mükerrer (Atlandı),09d6108017ca97f0f00b6692cbe2cc2a948ab09b2596998f5c2fec3b6c7c3cb8
Ali Unal-Kurani-Kerim-Meali.pdf,Books/b-Library_Hzm-20260601T235628Z-3-002/b-Library_Hzm/Ali Ünal/Ali Unal-Kurani-Kerim-Meali.pdf,Ali Unal-Kurani-Kerim-Meali.txt,PDF,0,0,0,Mükerrer (Atlandı),3f1fb04242db5b77a1e07eca653fedcca5acdaf13ff0c83c2eb22af8839b779c
Ali Unal-Risale-i-nur_da-kulli-kaideler-1.pdf,Books/b-Library_Hzm-20260601T235628Z-3-002/b-Library_Hzm/Ali Ünal/Ali Unal-Risale-i-nur_da-kulli-kaideler-1.pdf,Ali Unal-Risale-i-nur_da-kulli-kaideler-1.txt,PDF,0,0,0,Mükerrer (Atlandı),825223195c7b31ed77c8ec7331bc0fc50091e05da5ffc533c006b23bc920fa5e
Allah Dostları Cilt 01.pdf,Books/b-Library_Hzm-20260601T235628Z-3-002/b-Library_Hzm/Allah Dostları-ZAMAN/Allah Dostları Cilt 01.pdf,Allah Dostları Cilt 01.txt,PDF,0,0,0,Mükerrer (Atlandı),5aebbad4b2e409af4b249ee2d6573e3f1d91c4ed1e5d6cbe5c70cb18aff034ed
Allah Dostları Cilt 02.pdf,Books/b-Library_Hzm-20260601T235628Z-3-002/b-Library_Hzm/Allah Dostları-ZAMAN/Allah Dostları Cilt 02.pdf,Allah Dostları Cilt 02.txt,PDF,0,0,0,Mükerrer (Atlandı),882719fcd95951bd2c02dd36ffd9d8a1f48ccb7f1298bdd069bfc2a69de097dd
Allah Dostları Cilt 03.pdf,Books/b-Library_Hzm-20260601T235628Z-3-002/b-Library_Hzm/Allah Dostları-ZAMAN/Allah Dostları Cilt 03.pdf,Allah Dostları Cilt 03.txt,PDF,0,0,0,Mükerrer (Atlandı),37111cdd42290f550d41e83da6c0f8122d226f21826dfe4da46da5b79b3b5422
Allah Dostları Cilt 04.pdf,Books/b-Library_Hzm-20260601T235628Z-3-002/b-Library_Hzm/Allah Dostları-ZAMAN/Allah Dostları Cilt 04.pdf,Allah Dostları Cilt 04.txt,PDF,0,0,0,Mükerrer (Atlandı),3ae704b2270d38f8280262ae7eff5eb0c270b24ea781a9273e1b83da4c713c5f
Allah Dostları Cilt 05.pdf,Books/b-Library_Hzm-20260601T235628Z-3-002/b-Library_Hzm/Allah Dostları-ZAMAN/Allah Dostları Cilt 05.pdf,Allah Dostları Cilt 05.txt,PDF,0,0,0,Mükerrer (Atlandı),33a77e20850870a42d72ff8cfc64daacb9ed62215d424598a41b2e2fa3c18f2f
Allah Dostları Cilt 06.pdf,Books/b-Library_Hzm-20260601T235628Z-3-002/b-Library_Hzm/Allah Dostları-ZAMAN/Allah Dostları Cilt 06.pdf,Allah Dostları Cilt 06.txt,PDF,0,0,0,Mükerrer (Atlandı),9e3ab32e902952b96a9bd1afd41aa7c2f4b21dfc1888ea242e247ce2cf205159
Allah Dostları Cilt 07.pdf,Books/b-Library_Hzm-20260601T235628Z-3-002/b-Library_Hzm/Allah Dostları-ZAMAN/Allah Dostları Cilt 07.pdf,Allah Dostları Cilt 07.txt,PDF,0,0,0,Mükerrer (Atlandı),1062f016f6d853c74a0716cbce8187b406193d9070db0a9f6b99553aa73eaca6
Allah Dostları Cilt 08.pdf,Books/b-Library_Hzm-20260601T235628Z-3-002/b-Library_Hzm/Allah Dostları-ZAMAN/Allah Dostları Cilt 08.pdf,Allah Dostları Cilt 08.txt,PDF,0,0,0,Mükerrer (Atlandı),369f23c399d084d51546891dc7aa7f49a44edbfa81c45aeb68a616a6876a5d9c
Allah Dostları Cilt 09.pdf,Books/b-Library_Hzm-20260601T235628Z-3-002/b-Library_Hzm/Allah Dostları-ZAMAN/Allah Dostları Cilt 09.pdf,Allah Dostları Cilt 09.txt,PDF,0,0,0,Mükerrer (Atlandı),af567be7bdcb29036ea614160c57af2c08e47998143cc3af2a644bcbc9c95463
Allah Dostları Cilt 10.pdf,Books/b-Library_Hzm-20260601T235628Z-3-002/b-Library_Hzm/Allah Dostları-ZAMAN/Allah Dostları Cilt 10.pdf,Allah Dostları Cilt 10.txt,PDF,0,0,0,Mükerrer (Atlandı),5244ee3ca78000f1d7bfa13b0f77fefe8dda4958ca1dd34a16733c67b8cea19a
Sızıntı-2012-01.pdf,Books/b-Library_Hzm-20260601T235628Z-3-002/b-Library_Hzm/Dergi-Sızıntı/Sızıntı-2012-01.pdf,Sızıntı-2012-01.txt,PDF,0,0,0,Mükerrer (Atlandı),711b7d70f47028d7847f138fe164eee1db6acf47cdbccc111b0665c5cffd6c56
Sızıntı-2012.04.pdf,Books/b-Library_Hzm-20260601T235628Z-3-002/b-Library_Hzm/Dergi-Sızıntı/Sızıntı-2012.04.pdf,Sızıntı-2012.04.txt,PDF,0,0,0,Mükerrer (Atlandı),3be61d7206eeeda63ffee5729cd0e2d3f92cfedb07d78f1da8080fa44ddd6d6b
Yeni-Umit-Dergisi-001-1988-7.pdf,Books/b-Library_Hzm-20260601T235628Z-3-002/b-Library_Hzm/Dergi-Yeni Ümit/Yeni-Umit-Dergisi-001-1988-7.pdf,Yeni-Umit-Dergisi-001-1988-7.txt,PDF,0,0,0,Mükerrer (Atlandı),886729ca69332bb412aaa8eb5b0275c9a8576c0999b996946109361d3d381349
Yeni-Umit-Dergisi-002-1988-10.pdf,Books/b-Library_Hzm-20260601T235628Z-3-002/b-Library_Hzm/Dergi-Yeni Ümit/Yeni-Umit-Dergisi-002-1988-10.pdf,Yeni-Umit-Dergisi-002-1988-10.txt,PDF,0,0,0,Mükerrer (Atlandı),f1ad9afb267c765cf175998ffabf8b459e7611e6087faddc01faf90fe5bcc2b6
Yeni-Umit-Dergisi-004-1989-4.pdf,Books/b-Library_Hzm-20260601T235628Z-3-002/b-Library_Hzm/Dergi-Yeni Ümit/Yeni-Umit-Dergisi-004-1989-4.pdf,Yeni-Umit-Dergisi-004-1989-4.txt,PDF,0,0,0,Mükerrer (Atlandı),e3f3d838abcac00aee07b8749c4f3cd653abc6e9bff9b8ab7618bbed79e06587
Yeni-Umit-Dergisi-100-2013-4.pdf,Books/b-Library_Hzm-20260601T235628Z-3-002/b-Library_Hzm/Dergi-Yeni Ümit/Yeni-Umit-Dergisi-100-2013-4.pdf,Yeni-Umit-Dergisi-100-2013-4.txt,PDF,0,0,0,Mükerrer (Atlandı),de86ba0bab0876db8277da1ab1f103e736c70bb8dce76bd3e12fe5300655cf01
Yeni-Umit-Dergisi-101-2013-7.pdf,Books/b-Library_Hzm-20260601T235628Z-3-002/b-Library_Hzm/Dergi-Yeni Ümit/Yeni-Umit-Dergisi-101-2013-7.pdf,Yeni-Umit-Dergisi-101-2013-7.txt,PDF,0,0,0,Mükerrer (Atlandı),4207c14af557881f1cce04c1f6d7d88fa96220600c67a86e9e4e96b52f6c651b
Yeni-Umit-Dergisi-103-2014-1.pdf,Books/b-Library_Hzm-20260601T235628Z-3-002/b-Library_Hzm/Dergi-Yeni Ümit/Yeni-Umit-Dergisi-103-2014-1.pdf,Yeni-Umit-Dergisi-103-2014-1.txt,PDF,0,0,0,Mükerrer (Atlandı),680bf7116bab40acc1e337870054f7f2e3df38473c1018a620f2fa3983162696
Yeni-Umit-Dergisi-104-2014-3.pdf,Books/b-Library_Hzm-20260601T235628Z-3-002/b-Library_Hzm/Dergi-Yeni Ümit/Yeni-Umit-Dergisi-104-2014-3.pdf,Yeni-Umit-Dergisi-104-2014-3.txt,PDF,0,0,0,Mükerrer (Atlandı),aff65d33a1133dac0a82cf8266c3126389a9dbbe55b19048d3c0fcea3422b984
Yeni-Umit-Dergisi-105-2014-7.pdf,Books/b-Library_Hzm-20260601T235628Z-3-002/b-Library_Hzm/Dergi-Yeni Ümit/Yeni-Umit-Dergisi-105-2014-7.pdf,Yeni-Umit-Dergisi-105-2014-7.txt,PDF,0,0,0,Mükerrer (Atlandı),cfb53d5b2c3a1dd065e1a49b850089b1d704145a71fd165f0448fb28fc567ab8
Yeni-Umit-Dergisi-71-2006-1.pdf,Books/b-Library_Hzm-20260601T235628Z-3-002/b-Library_Hzm/Dergi-Yeni Ümit/Yeni-Umit-Dergisi-71-2006-1.pdf,Yeni-Umit-Dergisi-71-2006-1.txt,PDF,0,0,0,Mükerrer (Atlandı),7911e541d7ff771200eacbaeb1e697803d83580c1a8425a0197a46b663c5217d
Yeni-Umit-Dergisi-72-2006-4.pdf,Books/b-Library_Hzm-20260601T235628Z-3-002/b-Library_Hzm/Dergi-Yeni Ümit/Yeni-Umit-Dergisi-72-2006-4.pdf,Yeni-Umit-Dergisi-72-2006-4.txt,PDF,0,0,0,Mükerrer (Atlandı),8b02ff5bed6859d9dbff8f72a27615654981a7b1fa021f1b83bff70992690f94
Yeni-Umit-Dergisi-73-2006-7.pdf,Books/b-Library_Hzm-20260601T235628Z-3-002/b-Library_Hzm/Dergi-Yeni Ümit/Yeni-Umit-Dergisi-73-2006-7.pdf,Yeni-Umit-Dergisi-73-2006-7.txt,PDF,0,0,0,Mükerrer (Atlandı),9ce50d6ca782cd33921375562d50fb750f3d7ed092edc84d304a1dbc7e184339
Yeni-Umit-Dergisi-74-2006-10.pdf,Books/b-Library_Hzm-20260601T235628Z-3-002/b-Library_Hzm/Dergi-Yeni Ümit/Yeni-Umit-Dergisi-74-2006-10.pdf,Yeni-Umit-Dergisi-74-2006-10.txt,PDF,0,0,0,Mükerrer (Atlandı),c342c81f097dee6111bcadc67d10f2689526dd9c6117328491f8299dad987f83
Yeni-Umit-Dergisi-75-2007-1.pdf,Books/b-Library_Hzm-20260601T235628Z-3-002/b-Library_Hzm/Dergi-Yeni Ümit/Yeni-Umit-Dergisi-75-2007-1.pdf,Yeni-Umit-Dergisi-75-2007-1.txt,PDF,0,0,0,Mükerrer (Atlandı),a13644f66cfac657963bc26f915696f398a65f8ac519b3f8f543ac09152ec616
Yeni-Umit-Dergisi-77-2007-7.pdf,Books/b-Library_Hzm-20260601T235628Z-3-002/b-Library_Hzm/Dergi-Yeni Ümit/Yeni-Umit-Dergisi-77-2007-7.pdf,Yeni-Umit-Dergisi-77-2007-7.txt,PDF,0,0,0,Mükerrer (Atlandı),6696fb5cda235dfb46fe543a71b0d9bec6fc688ff39a90b8faf9572631845779
Yeni-Umit-Dergisi-79-2008-1.pdf,Books/b-Library_Hzm-20260601T235628Z-3-002/b-Library_Hzm/Dergi-Yeni Ümit/Yeni-Umit-Dergisi-79-2008-1.pdf,Yeni-Umit-Dergisi-79-2008-1.txt,PDF,0,0,0,Mükerrer (Atlandı),2e7836798fad438c6fcd325203b6c95156895035c6a251c059af29f570cfecd7
Yeni-Umit-Dergisi-80-2008-4.pdf,Books/b-Library_Hzm-20260601T235628Z-3-002/b-Library_Hzm/Dergi-Yeni Ümit/Yeni-Umit-Dergisi-80-2008-4.pdf,Yeni-Umit-Dergisi-80-2008-4.txt,PDF,0,0,0,Mükerrer (Atlandı),85940ae68997ee71662c96eecf16ef16a25b847f8107c820c0e693f99c340f52
Yeni-Umit-Dergisi-82-2008-10.pdf,Books/b-Library_Hzm-20260601T235628Z-3-002/b-Library_Hzm/Dergi-Yeni Ümit/Yeni-Umit-Dergisi-82-2008-10.pdf,Yeni-Umit-Dergisi-82-2008-10.txt,PDF,0,0,0,Mükerrer (Atlandı),74ffc6825442bb68240b347c57396799b3b3a1b674e95bb6c73b186301c50250
Yeni-Umit-Dergisi-83-2009-1.pdf,Books/b-Library_Hzm-20260601T235628Z-3-002/b-Library_Hzm/Dergi-Yeni Ümit/Yeni-Umit-Dergisi-83-2009-1.pdf,Yeni-Umit-Dergisi-83-2009-1.txt,PDF,0,0,0,Mükerrer (Atlandı),8be4d794e9fa89090247040b396e3c9970073bbeb49bc99b0894a39bd099f6f9
Yeni-Umit-Dergisi-84-2009-4.pdf,Books/b-Library_Hzm-20260601T235628Z-3-002/b-Library_Hzm/Dergi-Yeni Ümit/Yeni-Umit-Dergisi-84-2009-4.pdf,Yeni-Umit-Dergisi-84-2009-4.txt,PDF,0,0,0,Mükerrer (Atlandı),a9f5e4bbd53f1fbac26c180b6271b75c2ba3208ae44014541c000b76a51bfb66
Yeni-Umit-Dergisi-86-2009-10.pdf,Books/b-Library_Hzm-20260601T235628Z-3-002/b-Library_Hzm/Dergi-Yeni Ümit/Yeni-Umit-Dergisi-86-2009-10.pdf,Yeni-Umit-Dergisi-86-2009-10.txt,PDF,0,0,0,Mükerrer (Atlandı),4f318588e6a51096a4c91d929998361032810d4ccd6b5cb3974db972be36242e
Yeni-Umit-Dergisi-87-2010-1.pdf,Books/b-Library_Hzm-20260601T235628Z-3-002/b-Library_Hzm/Dergi-Yeni Ümit/Yeni-Umit-Dergisi-87-2010-1.pdf,Yeni-Umit-Dergisi-87-2010-1.txt,PDF,0,0,0,Mükerrer (Atlandı),709e2b51cd295bcc371fbe0898da18a10df80466e90b68f7177baaef9d8e2e5a
Yeni-Umit-Dergisi-88-2010-4.pdf,Books/b-Library_Hzm-20260601T235628Z-3-002/b-Library_Hzm/Dergi-Yeni Ümit/Yeni-Umit-Dergisi-88-2010-4.pdf,Yeni-Umit-Dergisi-88-2010-4.txt,PDF,0,0,0,Mükerrer (Atlandı),03937bc51f5828e51aec2520af0717687c8f773cc1ead138910ae17772d27f8d
Yeni-Umit-Dergisi-89-2010-7.pdf,Books/b-Library_Hzm-20260601T235628Z-3-002/b-Library_Hzm/Dergi-Yeni Ümit/Yeni-Umit-Dergisi-89-2010-7.pdf,Yeni-Umit-Dergisi-89-2010-7.txt,PDF,0,0,0,Mükerrer (Atlandı),c9ed1ccb5b8387b01fbddd2eff79abb136be11527c70fabc90601d638702e65a
Yeni-Umit-Dergisi-91-2011-1.pdf,Books/b-Library_Hzm-20260601T235628Z-3-002/b-Library_Hzm/Dergi-Yeni Ümit/Yeni-Umit-Dergisi-91-2011-1.pdf,Yeni-Umit-Dergisi-91-2011-1.txt,PDF,0,0,0,Mükerrer (Atlandı),ec3fbf17894d921fa1a79b50e76fb06f95fb237954f56a897a9c3704287adfa4
Yeni-Umit-Dergisi-93-2011-7.pdf,Books/b-Library_Hzm-20260601T235628Z-3-002/b-Library_Hzm/Dergi-Yeni Ümit/Yeni-Umit-Dergisi-93-2011-7.pdf,Yeni-Umit-Dergisi-93-2011-7.txt,PDF,0,0,0,Mükerrer (Atlandı),83b4562febd7499528e59a51befc93c147e82ba3ce909f5913998c40ff4944e0
Yeni-Umit-Dergisi-94-2011-10.pdf,Books/b-Library_Hzm-20260601T235628Z-3-002/b-Library_Hzm/Dergi-Yeni Ümit/Yeni-Umit-Dergisi-94-2011-10.pdf,Yeni-Umit-Dergisi-94-2011-10.txt,PDF,0,0,0,Mükerrer (Atlandı),19961df287066bcaa35be074ba62bdf55f8e4ce3b5e1b39300807565d763dbab
Yeni-Umit-Dergisi-95-2012-01.pdf,Books/b-Library_Hzm-20260601T235628Z-3-002/b-Library_Hzm/Dergi-Yeni Ümit/Yeni-Umit-Dergisi-95-2012-01.pdf,Yeni-Umit-Dergisi-95-2012-01.txt,PDF,0,0,0,Mükerrer (Atlandı),ceb854486b56a51526869520081a419b3bc1e0856f0b91fadd2de90eda3943a7
Yeni-Umit-Dergisi-96-2012-4.pdf,Books/b-Library_Hzm-20260601T235628Z-3-002/b-Library_Hzm/Dergi-Yeni Ümit/Yeni-Umit-Dergisi-96-2012-4.pdf,Yeni-Umit-Dergisi-96-2012-4.txt,PDF,0,0,0,Mükerrer (Atlandı),eec91e3bd98c4dc2725235fa0dafaa0c72ae1ba2d0990839beb4b87c7e13eda3
Yeni-Umit-Dergisi-97-2012-7.pdf,Books/b-Library_Hzm-20260601T235628Z-3-002/b-Library_Hzm/Dergi-Yeni Ümit/Yeni-Umit-Dergisi-97-2012-7.pdf,Yeni-Umit-Dergisi-104-2014-3.txt,PDF,0,0,0,Mükerrer (Atlandı),aff65d33a1133dac0a82cf8266c3126389a9dbbe55b19048d3c0fcea3422b984
Yeni-Umit-Dergisi-98-2012-10.pdf,Books/b-Library_Hzm-20260601T235628Z-3-002/b-Library_Hzm/Dergi-Yeni Ümit/Yeni-Umit-Dergisi-98-2012-10.pdf,Yeni-Umit-Dergisi-98-2012-10.txt,PDF,0,0,0,Mükerrer (Atlandı),713d81d962d4862bda33f9f2976942a4e35be39912e2ba473197b9809ab5c52e
Caglayan_2019.02.pdf,Books/b-Library_Hzm-20260601T235628Z-3-002/b-Library_Hzm/Dergi-caglayan/Caglayan_2019.02.pdf,Caglayan_2019.02.txt,PDF,0,0,0,Mükerrer (Atlandı),a59ac7092a213ff636125a3fad4a878551d36fbda6e6d8a448ed959df0e7a095
Yakaran Gönüller - el Kulûbd Dâria Tercümesi.pdf,Books/b-Library_Hzm-20260601T235628Z-3-002/b-Library_Hzm/Dua-Hzm/Yakaran Gönüller - el Kulûbd Dâria Tercümesi.pdf,Yakaran Gönüller - el Kulûbd Dâria Tercümesi.txt,PDF,0,0,0,Mükerrer (Atlandı),b8f82ca9dda82807157b8735236c02be49e2b3c4573b9dc3d5711738a6f2849b
Ashab-ı Bedir Duası.pdf,Books/b-Library_Hzm-20260601T235628Z-3-002/b-Library_Hzm/Dua-Oku/Ashab-ı Bedir Duası.pdf,Ashab-ı Bedir Duası.txt,PDF,0,0,0,Mükerrer (Atlandı),daf7ec7346ca581c5d271914f96fa26c38843527d2a8819369f45e78b852a9d0
Bir-Kırık-Dilekce-M-Fethullah-Gulen.epub,Books/b-Library_Hzm-20260601T235628Z-3-002/b-Library_Hzm/Dua-Oku/Bir-Kırık-Dilekce-M-Fethullah-Gulen.epub,Bir-Kırık-Dilekce-M-Fethullah-Gulen.txt,EPUB,0,0,0,Mükerrer (Atlandı),3df420c9a4603d794abdad448515cd3f7e5880677b876aab1a779929e8b7240a
Bir-Kırık-Dilekce-pdf.pdf,Books/b-Library_Hzm-20260601T235628Z-3-002/b-Library_Hzm/Dua-Oku/Bir-Kırık-Dilekce-pdf.pdf,Bir-Kırık-Dilekce-pdf.txt,PDF,0,0,0,Mükerrer (Atlandı),d7809d7fd72c7f04aa9859189d16d4ab281141536db086513b8c4c83208a82e5
Büyük Cevşen-Define.pdf,Books/b-Library_Hzm-20260601T235628Z-3-002/b-Library_Hzm/Dua-Oku/Büyük Cevşen-Define.pdf,Büyük Cevşen-Define.txt,PDF,0,0,0,Mükerrer (Atlandı),c7cb11115b19748d39b441dd46d0afb57f5084b2b48157b2cf80ba65c3963921
Cevşen ve Meali-Define.pdf,Books/b-Library_Hzm-20260601T235628Z-3-002/b-Library_Hzm/Dua-Oku/Cevşen ve Meali-Define.pdf,Cevşen ve Meali-Define.txt,PDF,0,0,0,Mükerrer (Atlandı),1ee36d6108b4409298408c8daa8f7e299eaa6e579eb45e9c9aea7dc6372657db
Dua Kartlari-defineyayinlari.pdf,Books/b-Library_Hzm-20260601T235628Z-3-002/b-Library_Hzm/Dua-Oku/Dua Kartlari-defineyayinlari.pdf,Dua Kartlari-defineyayinlari.txt,PDF,0,0,0,Mükerrer (Atlandı),5fcd8d5080139ef877ae57569e54221fe8dab744c1e370f53e12a17909f7b394
Dua Mecmuasi Mealli_MFG.pdf,Books/b-Library_Hzm-20260601T235628Z-3-002/b-Library_Hzm/Dua-Oku/Dua Mecmuasi Mealli_MFG.pdf,Dua Mecmuasi Mealli_MFG.txt,PDF,0,0,0,Mükerrer (Atlandı),1db8e7868dcc8505c4586988e26bb1672ef423e3d68ee5a6177875f8a69f2626
Kulubud-Daria.pdf,Books/b-Library_Hzm-20260601T235628Z-3-002/b-Library_Hzm/Dua-Oku/Kulubud-Daria.pdf,Kulubud-Daria.txt,PDF,0,0,0,Mükerrer (Atlandı),9c56d47fd9dfaa0c24192d9b48dd51338597646b513f977f91b5aefc353e935f
Mustafa Yilmaz - Yanik Sinelerden Dualar - DefineYayinlari (Mustafa Yilmaz) (z-lib.org).pdf,Books/b-Library_Hzm-20260601T235628Z-3-002/b-Library_Hzm/Dua-Oku/Mustafa Yilmaz - Yanik Sinelerden Dualar - DefineYayinlari (Mustafa Yilmaz) (z-lib.org).pdf,Mustafa Yilmaz - Yanik Sinelerden Dualar - DefineYayinlari (Mustafa Yilmaz) (z-lib.org).txt,PDF,0,0,0,Mükerrer (Atlandı),a36a40d8b98d47a99ee291b15d3e3376909d6bebc395e903be0d012df8b8caa4
Namaz-Tesbihatı.pdf,Books/b-Library_Hzm-20260601T235628Z-3-002/b-Library_Hzm/Dua-Oku/Namaz-Tesbihatı.pdf,Namaz-Tesbihatı.txt,PDF,0,0,0,Mükerrer (Atlandı),17fd72fb79e91fbee6a95171093f29eb951b766f13ec71fe898bffc274850f97
Peygamber Efendimizin Dilinden Faziletli Dualar (Aydüz Davut) (z-lib.org).epub,Books/b-Library_Hzm-20260601T235628Z-3-002/b-Library_Hzm/Dua-Oku/Peygamber Efendimizin Dilinden Faziletli Dualar (Aydüz Davut) (z-lib.org).epub,Peygamber Efendimizin Dilinden Faziletli Dualar (Aydüz Davut) (z-lib.org).txt,EPUB,0,0,0,Mükerrer (Atlandı),9bb38600c6867333d27e825c08c8282e941fe8f4d1fb87765d56760d8f0b6666
Tevhidname-mealli.pdf,Books/b-Library_Hzm-20260601T235628Z-3-002/b-Library_Hzm/Dua-Oku/Tevhidname-mealli.pdf,Tevhidname-mealli.txt,PDF,0,0,0,Mükerrer (Atlandı),53b48b79b1c21ae759050287a64bdf90891ee79047f020099ff8fdcbf0451ad0
Tevhidname.pdf,Books/b-Library_Hzm-20260601T235628Z-3-002/b-Library_Hzm/Dua-Oku/Tevhidname.pdf,Tevhidname.txt,PDF,0,0,0,Mükerrer (Atlandı),97645d22c3106c56178562f07fac311fc2f3de5a45e1099e9b7bfd152c34192f
Yakaran_Gonuller-el_Kulubud_Daria_Tercumesi.pdf,Books/b-Library_Hzm-20260601T235628Z-3-002/b-Library_Hzm/Dua-Oku/Yakaran_Gonuller-el_Kulubud_Daria_Tercumesi.pdf,Yakaran_Gonuller-el_Kulubud_Daria_Tercumesi.txt,PDF,0,0,0,Mükerrer (Atlandı),8b1a5d092d04c298b62e3cd295473ed637a9872b71a1f55fc64eed1e79bd3257
dua-kartlari.pdf,Books/b-Library_Hzm-20260601T235628Z-3-002/b-Library_Hzm/Dua-Oku/dua-kartlari.pdf,dua-kartlari.txt,PDF,0,0,0,Mükerrer (Atlandı),1522c3e3dd2e625de149c81c4695c5b06348a7393b11933206e8b75000819672
dua-kitapcik-calismasi-yeni.pdf,Books/b-Library_Hzm-20260601T235628Z-3-002/b-Library_Hzm/Dua-Oku/dua-kitapcik-calismasi-yeni.pdf,dua-kitapcik-calismasi-yeni.txt,PDF,0,0,0,Mükerrer (Atlandı),cd134edff599bb4ed5683f56605aa0621242c2a4af770a16d16d8da2ea27f6af
kisa-sureler-ve-gunluk-dualar-rehberyayinlari.pdf,Books/b-Library_Hzm-20260601T235628Z-3-002/b-Library_Hzm/Dua-Oku/kisa-sureler-ve-gunluk-dualar-rehberyayinlari.pdf,kisa-sureler-ve-gunluk-dualar-rehberyayinlari.txt,PDF,0,0,0,Mükerrer (Atlandı),f4475dd55dad76eb7ff9e3dc1b5886c03523ef1a9e2b89a77a70317906919176
teravih-dualari.pdf,Books/b-Library_Hzm-20260601T235628Z-3-002/b-Library_Hzm/Dua-Oku/teravih-dualari.pdf,teravih-dualari.txt,PDF,0,0,0,Mükerrer (Atlandı),34bd8af250f83bd8d1f35c2a2a17217c0af36ce66544e0b22a50c4513a5f1505
The Sultan-of-Hearts-Prophet-Muhammad-Haylamaz-Resit.pdf,Books/b-Library_Hzm-20260601T235628Z-3-002/b-Library_Hzm/Efendimiz Sav-Hzm-English/The Sultan-of-Hearts-Prophet-Muhammad-Haylamaz-Resit.pdf,The Sultan-of-Hearts-Prophet-Muhammad-Haylamaz-Resit.txt,PDF,0,0,0,Mükerrer (Atlandı),4d3dc91a679b22ae1cb87748172b91a81400cfada7d3c1422d0771430cf36973
The-Luminous-Life-of-Our-Prophet-by-Resit-Haylamaz.pdf,Books/b-Library_Hzm-20260601T235628Z-3-002/b-Library_Hzm/Efendimiz Sav-Hzm-English/The-Luminous-Life-of-Our-Prophet-by-Resit-Haylamaz.pdf,The-Luminous-Life-of-Our-Prophet-by-Resit-Haylamaz.txt,PDF,0,0,0,Mükerrer (Atlandı),6fbb6e2460d5ce0860c631b5751b37251912a7f05b1c436eaa817b5cb483c7fb
The-messenger-as-Compassion-Resid Haylamaz.pdf,Books/b-Library_Hzm-20260601T235628Z-3-002/b-Library_Hzm/Efendimiz Sav-Hzm-English/The-messenger-as-Compassion-Resid Haylamaz.pdf,The-messenger-as-Compassion-Resid Haylamaz.txt,PDF,0,0,0,Mükerrer (Atlandı),cbb75fc07a8e642d14d8392957f5b9f5ed74d143e3c7091ee1426a759e37b7aa
Aile-reisi-ve-baba-olarak-hz-peygamber-ibrahim-canan-gulyurduyayinlari.pdf,Books/b-Library_Hzm-20260601T235628Z-3-002/b-Library_Hzm/Efendimiz Sav-Hzm/Aile-reisi-ve-baba-olarak-hz-peygamber-ibrahim-canan-gulyurduyayinlari.pdf,Aile-reisi-ve-baba-olarak-hz-peygamber-ibrahim-canan-gulyurduyayinlari.txt,PDF,0,0,0,Mükerrer (Atlandı),471e476cb76ed19ed8664b40d6f7084f53b97b551a17497301c195a2a2e16db3
Dillerdeki Mujde-resit-haylamaz.pdf,Books/b-Library_Hzm-20260601T235628Z-3-002/b-Library_Hzm/Efendimiz Sav-Hzm/Dillerdeki Mujde-resit-haylamaz.pdf,Dillerdeki Mujde-resit-haylamaz.txt,PDF,0,0,0,Mükerrer (Atlandı),b262c36a21fa24443d113dda2610088f96057275ccb6fc335e1162afd9efa6ad
Efendimiz-in-Bir-Gunu-Abdulhakim-Yuce-Işık-Yayınları-2011.epub,Books/b-Library_Hzm-20260601T235628Z-3-002/b-Library_Hzm/Efendimiz Sav-Hzm/Efendimiz-in-Bir-Gunu-Abdulhakim-Yuce-Işık-Yayınları-2011.epub,Efendimiz-in-Bir-Gunu-Abdulhakim-Yuce-Işık-Yayınları-2011.txt,EPUB,0,0,0,Mükerrer (Atlandı),1a2bd4a91cea6de405577545e414a644a04f997e3cd492d4b8903ecc3b9f878f
Efendimizin-bir-gunu-abdulhakim-yuce-isikyayinlari.pdf,Books/b-Library_Hzm-20260601T235628Z-3-002/b-Library_Hzm/Efendimiz Sav-Hzm/Efendimizin-bir-gunu-abdulhakim-yuce-isikyayinlari.pdf,Efendimizin-bir-gunu-abdulhakim-yuce-isikyayinlari.txt,PDF,0,0,0,Mükerrer (Atlandı),dc3bbfbcfc1562c69e620783b055346174f9e3eb1a3353cd2d17c942805a7a05
Gonullerin Gulu-hz-muhammed-sav-aynur-uraler.pdf,Books/b-Library_Hzm-20260601T235628Z-3-002/b-Library_Hzm/Efendimiz Sav-Hzm/Gonullerin Gulu-hz-muhammed-sav-aynur-uraler.pdf,Gonullerin Gulu-hz-muhammed-sav-aynur-uraler.txt,PDF,0,0,0,Mükerrer (Atlandı),933e72ca7a35cae6404ba87928e033a998b4ad60822f1886d68f60598999b389
Gul-Kokulu-Hikayeler-Kemal-Turan.pdf,Books/b-Library_Hzm-20260601T235628Z-3-002/b-Library_Hzm/Efendimiz Sav-Hzm/Gul-Kokulu-Hikayeler-Kemal-Turan.pdf,Gul-Kokulu-Hikayeler-Kemal-Turan.txt,PDF,0,0,0,Mükerrer (Atlandı),63ad97efb9febb0ec69a61c4f1bcf1ae9bd09e195930d3b532d452ffb98f0f4c
Hz Peygamber Modeli-insanlar-arasi-iliskilerde-rehberyayinlari.pdf,Books/b-Library_Hzm-20260601T235628Z-3-002/b-Library_Hzm/Efendimiz Sav-Hzm/Hz Peygamber Modeli-insanlar-arasi-iliskilerde-rehberyayinlari.pdf,Hz Peygamber Modeli-insanlar-arasi-iliskilerde-rehberyayinlari.txt,PDF,0,0,0,Mükerrer (Atlandı),9424f508c6642df5acd8ac63c23cb30985c65704defb2fd9b2b71e8f3eb4aab1
Kutlu Dogum-dergisi-2008-sulh-peygamberi-sav-rehberyayinlari.pdf,Books/b-Library_Hzm-20260601T235628Z-3-002/b-Library_Hzm/Efendimiz Sav-Hzm/Kutlu Dogum-dergisi-2008-sulh-peygamberi-sav-rehberyayinlari.pdf,Kutlu Dogum-dergisi-2008-sulh-peygamberi-sav-rehberyayinlari.txt,PDF,0,0,0,Mükerrer (Atlandı),f95f9c8f3bec4dc4550a336e2a3ffa603b6669c58b254df63c83f14b30f03e79
Kutlu Dogum-o-herkesin-peygamberi-rehberyayinlari.pdf,Books/b-Library_Hzm-20260601T235628Z-3-002/b-Library_Hzm/Efendimiz Sav-Hzm/Kutlu Dogum-o-herkesin-peygamberi-rehberyayinlari.pdf,Kutlu Dogum-o-herkesin-peygamberi-rehberyayinlari.txt,PDF,0,0,0,Mükerrer (Atlandı),833f64b19c9a8fb3bd17458ef4b6d469b08d6eb53ed8a8061137d3b3c971d3af
Nebevi-Mujdenin-izinde-Huseyin-Algul.pdf,Books/b-Library_Hzm-20260601T235628Z-3-002/b-Library_Hzm/Efendimiz Sav-Hzm/Nebevi-Mujdenin-izinde-Huseyin-Algul.pdf,Nebevi-Mujdenin-izinde-Huseyin-Algul.txt,PDF,0,0,0,Mükerrer (Atlandı),969ffd58d0156478a8f392c7c9b1ebb65f9e305ce735f21d6dc8b9d26f572aae
Peygamber Sevgisi-zubeyr-tekin-rehberyayinlari.pdf,Books/b-Library_Hzm-20260601T235628Z-3-002/b-Library_Hzm/Efendimiz Sav-Hzm/Peygamber Sevgisi-zubeyr-tekin-rehberyayinlari.pdf,Peygamber Sevgisi-zubeyr-tekin-rehberyayinlari.txt,PDF,0,0,0,Mükerrer (Atlandı),4d1b4d4e4deb68b23456752c913048cc10b7175905ad52a4418c999c0029ea0a
Peygamber-Efendimizin-Gunluk-Hayati-Mustafa-Gundogdu-.pdf,Books/b-Library_Hzm-20260601T235628Z-3-002/b-Library_Hzm/Efendimiz Sav-Hzm/Peygamber-Efendimizin-Gunluk-Hayati-Mustafa-Gundogdu-.pdf,Peygamber-Efendimizin-Gunluk-Hayati-Mustafa-Gundogdu-.txt,PDF,0,0,0,Mükerrer (Atlandı),9013e3fe05938c1145cedfb4e186d8f8be2ed9b59cda12e9ef3beec7af839e07
Peygamber-Sevgisi-RehberYayinlari.pdf,Books/b-Library_Hzm-20260601T235628Z-3-002/b-Library_Hzm/Efendimiz Sav-Hzm/Peygamber-Sevgisi-RehberYayinlari.pdf,Peygamber Sevgisi-zubeyr-tekin-rehberyayinlari.txt,PDF,0,0,0,Mükerrer (Atlandı),4d1b4d4e4deb68b23456752c913048cc10b7175905ad52a4418c999c0029ea0a
VE GAYBIN SON HABERCİSİ.pdf,Books/b-Library_Hzm-20260601T235628Z-3-002/b-Library_Hzm/Efendimiz Sav-Hzm/VE GAYBIN SON HABERCİSİ.pdf,VE GAYBIN SON HABERCİSİ.txt,PDF,0,0,0,Mükerrer (Atlandı),313e1f63b9d787c5d11373a382c7ebaa2ed1cc27eda0088b7558de4492ba03bd
ilim-ve-sifatlariyla-efendimiz-sav-ali-budak.pdf,Books/b-Library_Hzm-20260601T235628Z-3-002/b-Library_Hzm/Efendimiz Sav-Hzm/ilim-ve-sifatlariyla-efendimiz-sav-ali-budak.pdf,ilim-ve-sifatlariyla-efendimiz-sav-ali-budak.txt,PDF,0,0,0,Mükerrer (Atlandı),68ef4fcdc166c7f06ea45c46c8f58376eeddc0793bbd67cfef12e5776a6bc072
peygamberimizin-sav-semaili-ahlak-ve-adabi-huseyin-algul.pdf,Books/b-Library_Hzm-20260601T235628Z-3-002/b-Library_Hzm/Efendimiz Sav-Hzm/peygamberimizin-sav-semaili-ahlak-ve-adabi-huseyin-algul.pdf,peygamberimizin-sav-semaili-ahlak-ve-adabi-huseyin-algul.txt,PDF,0,0,0,Mükerrer (Atlandı),f4e861761e25de9d4e94d74bc92b35a88c8824df1beae13512575685cf1c7e41
Çesitli Yonleriyle Hz Peygamber-sav-ibrahim-bayraktar-isikyayinlari.pdf,Books/b-Library_Hzm-20260601T235628Z-3-002/b-Library_Hzm/Efendimiz Sav-Hzm/Çesitli Yonleriyle Hz Peygamber-sav-ibrahim-bayraktar-isikyayinlari.pdf,Çesitli Yonleriyle Hz Peygamber-sav-ibrahim-bayraktar-isikyayinlari.txt,PDF,0,0,0,Mükerrer (Atlandı),5fa99bc570c75fded4c59f18cebdad6257ff08573919a885d40261b726526b47
Şefkat Gunesi-resit-haylamaz.pdf,Books/b-Library_Hzm-20260601T235628Z-3-002/b-Library_Hzm/Efendimiz Sav-Hzm/Şefkat Gunesi-resit-haylamaz.pdf,Şefkat Gunesi-resit-haylamaz.txt,PDF,0,0,0,Mükerrer (Atlandı),3065ad1f35f3ae9dff48ca84fa05b2336aa17dbb162e5676812aec28d3cef43e
Şemail-isikyayinlari-faruk-vural.pdf,Books/b-Library_Hzm-20260601T235628Z-3-002/b-Library_Hzm/Efendimiz Sav-Hzm/Şemail-isikyayinlari-faruk-vural.pdf,Şemail-isikyayinlari-faruk-vural.txt,PDF,0,0,0,Mükerrer (Atlandı),1ded3d32109159db53ed24c4a786321b4d6530d70a51cdde172a0b2fb93b91b8
M-Asım-Koksal-Hazreti-Muhammed-S-A-V-ve-İslamiyet-İslam-Tarihi-7-8-.pdf,Books/b-Library_Hzm-20260601T235628Z-3-002/b-Library_Hzm/Efendimiz_in Sav Hayatı-Hzm/M-Asım-Koksal-Hazreti-Muhammed-S-A-V-ve-İslamiyet-İslam-Tarihi-7-8-.pdf,M-Asım-Koksal-Hazreti-Muhammed-S-A-V-ve-İslamiyet-İslam-Tarihi-7-8-.txt,PDF,0,0,0,Mükerrer (Atlandı),8e36b75479c1f7285d756c2051bc69e8fdd6d38f21d3279ba5e39d2e829c028c
Vehbe Zuhayli - İslâm Fıkhı Ansiklopedisi Cilt-01.pdf,Books/b-Library_Hzm-20260601T235628Z-3-002/b-Library_Hzm/Fikİh-Vehbe-Zuhayli-ZAMAN/Vehbe Zuhayli - İslâm Fıkhı Ansiklopedisi Cilt-01.pdf,Vehbe Zuhayli - İslâm Fıkhı Ansiklopedisi Cilt-01.txt,PDF,0,0,0,Mükerrer (Atlandı),b427d2fe157c8639773b15b58c81c3b0ea228a3a332f0664c8f26dbf0af5364c
Vehbe Zuhayli - İslâm Fıkhı Ansiklopedisi Cilt-02.pdf,Books/b-Library_Hzm-20260601T235628Z-3-002/b-Library_Hzm/Fikİh-Vehbe-Zuhayli-ZAMAN/Vehbe Zuhayli - İslâm Fıkhı Ansiklopedisi Cilt-02.pdf,Vehbe Zuhayli - İslâm Fıkhı Ansiklopedisi Cilt-02.txt,PDF,0,0,0,Mükerrer (Atlandı),f0458c68e8fe0de5170ef18378746d4ebe00a21331de0a5500ef5b6dc1af7af6
Vehbe Zuhayli - İslâm Fıkhı Ansiklopedisi Cilt-03.pdf,Books/b-Library_Hzm-20260601T235628Z-3-002/b-Library_Hzm/Fikİh-Vehbe-Zuhayli-ZAMAN/Vehbe Zuhayli - İslâm Fıkhı Ansiklopedisi Cilt-03.pdf,Vehbe Zuhayli - İslâm Fıkhı Ansiklopedisi Cilt-03.txt,PDF,0,0,0,Mükerrer (Atlandı),c023db74a13c1d75e9821db2c77818fe035f35d2549a294ddd0991cfbe4bb61c
Vehbe Zuhayli - İslâm Fıkhı Ansiklopedisi Cilt-04.pdf,Books/b-Library_Hzm-20260601T235628Z-3-002/b-Library_Hzm/Fikİh-Vehbe-Zuhayli-ZAMAN/Vehbe Zuhayli - İslâm Fıkhı Ansiklopedisi Cilt-04.pdf,Vehbe Zuhayli - İslâm Fıkhı Ansiklopedisi Cilt-04.txt,PDF,0,0,0,Mükerrer (Atlandı),6e7c99b813a1e9f37f6129819f78f621c5846c4a2bf103a6c217969dfdb14b0c
Vehbe Zuhayli - İslâm Fıkhı Ansiklopedisi Cilt-06.pdf,Books/b-Library_Hzm-20260601T235628Z-3-002/b-Library_Hzm/Fikİh-Vehbe-Zuhayli-ZAMAN/Vehbe Zuhayli - İslâm Fıkhı Ansiklopedisi Cilt-06.pdf,Vehbe Zuhayli - İslâm Fıkhı Ansiklopedisi Cilt-06.txt,PDF,0,0,0,Mükerrer (Atlandı),8efa7535af76eaeecabf0ec75e5cf0e34a532132dae45ca754318b81fddfc5f3
Vehbe Zuhayli - İslâm Fıkhı Ansiklopedisi Cilt-07.pdf,Books/b-Library_Hzm-20260601T235628Z-3-002/b-Library_Hzm/Fikİh-Vehbe-Zuhayli-ZAMAN/Vehbe Zuhayli - İslâm Fıkhı Ansiklopedisi Cilt-07.pdf,Vehbe Zuhayli - İslâm Fıkhı Ansiklopedisi Cilt-07.txt,PDF,0,0,0,Mükerrer (Atlandı),3af64e7d53fe4b9bc7fa2a6a3222f324e381d8d10da19c396e00527aa3516dd7
Vehbe Zuhayli - İslâm Fıkhı Ansiklopedisi Cilt-08.pdf,Books/b-Library_Hzm-20260601T235628Z-3-002/b-Library_Hzm/Fikİh-Vehbe-Zuhayli-ZAMAN/Vehbe Zuhayli - İslâm Fıkhı Ansiklopedisi Cilt-08.pdf,Vehbe Zuhayli - İslâm Fıkhı Ansiklopedisi Cilt-08.txt,PDF,0,0,0,Mükerrer (Atlandı),65991aed3b2d6d33ef5c0873ba1ef85fa24a72b7fb97e870d64c95bf5f647375
Vehbe Zuhayli - İslâm Fıkhı Ansiklopedisi Cilt-09.pdf,Books/b-Library_Hzm-20260601T235628Z-3-002/b-Library_Hzm/Fikİh-Vehbe-Zuhayli-ZAMAN/Vehbe Zuhayli - İslâm Fıkhı Ansiklopedisi Cilt-09.pdf,Vehbe Zuhayli - İslâm Fıkhı Ansiklopedisi Cilt-09.txt,PDF,0,0,0,Mükerrer (Atlandı),128679ebce6d8da5abe0bf76ffa2451b938bdca0276a27b5d52ce97c60a442a3
Vehbe Zuhayli - İslâm Fıkhı Ansiklopedisi Cilt-10.pdf,Books/b-Library_Hzm-20260601T235628Z-3-002/b-Library_Hzm/Fikİh-Vehbe-Zuhayli-ZAMAN/Vehbe Zuhayli - İslâm Fıkhı Ansiklopedisi Cilt-10.pdf,Vehbe Zuhayli - İslâm Fıkhı Ansiklopedisi Cilt-10.txt,PDF,0,0,0,Mükerrer (Atlandı),60dc6e3c5d82d664a93531e7fd3e7446eca1fe64d495e3c8dd69087a618751ef
Understanding-Fethullah-Gulen.pdf,Books/b-Library_Hzm-20260601T235628Z-3-002/b-Library_Hzm/HE-Bio-Hzm-eng/Understanding-Fethullah-Gulen.pdf,Understanding-Fethullah-Gulen.txt,PDF,0,0,0,Mükerrer (Atlandı),6af74924a1a9c861305fd72928c4eae74cfff3dba23e59cbda41d458c6800a11
flashes.pdf,Books/b-Library_Hzm-20260601T235628Z-3-002/b-Library_Hzm/RN-Külliyat-Hzm/RN-Hzm-Eng/flashes.pdf,flashes.txt,PDF,0,0,0,Mükerrer (Atlandı),6f82dd92c33c08cd3dc328ec4a27cbc3aa56863b38f0571e5ea3c28094d2a270
letters.pdf,Books/b-Library_Hzm-20260601T235628Z-3-002/b-Library_Hzm/RN-Külliyat-Hzm/RN-Hzm-Eng/letters.pdf,letters.txt,PDF,0,0,0,Mükerrer (Atlandı),a351f54c22ebdafbbe38f9d72aa743508901064a968514ec5f257ab4b85b1da5
rays.pdf,Books/b-Library_Hzm-20260601T235628Z-3-002/b-Library_Hzm/RN-Külliyat-Hzm/RN-Hzm-Eng/rays.pdf,rays.txt,PDF,0,0,0,Mükerrer (Atlandı),7d371bd4336fc5b9db0dfeb2c3f312ca6f600737f795ae8c52546aa2cb926a3d
signsofmiraculousness-vahide.pdf,Books/b-Library_Hzm-20260601T235628Z-3-002/b-Library_Hzm/RN-Külliyat-Hzm/RN-Hzm-Eng/signsofmiraculousness-vahide.pdf,signsofmiraculousness-vahide.txt,PDF,0,0,0,Mükerrer (Atlandı),16be97e375040bfac28ff1a0a8fdb5fcfc16ddde08d22b710f35346c8f4e8af8
the-words.pdf,Books/b-Library_Hzm-20260601T235628Z-3-002/b-Library_Hzm/RN-Külliyat-Hzm/RN-Hzm-Eng/the-words.pdf,the-words.txt,PDF,0,0,0,Mükerrer (Atlandı),9901ef613ea165d8e5d5c62f821a0e609c83bee3bd010a205e00eb1a9a2e0bc4
Ayetu_l-Kubra.pdf,Books/b-Library_Hzm-20260601T235628Z-3-002/b-Library_Hzm/RN-Külliyat-Hzm/RN-Hzm-cep/Ayetu_l-Kubra.pdf,Ayetu_l-Kubra.txt,PDF,0,0,0,Mükerrer (Atlandı),f139bf541f7222ad22fc1542e123dcd42538f1ea486f6218968b442e21e4b3a0
Genclik Rehberi.pdf,Books/b-Library_Hzm-20260601T235628Z-3-002/b-Library_Hzm/RN-Külliyat-Hzm/RN-Hzm-cep/Genclik Rehberi.pdf,Genclik Rehberi.txt,PDF,0,0,0,Mükerrer (Atlandı),001b981d1a6e052af651c3906c8f92505d4ac0a67cbc70248b82b4c7a48c996f
Hanimlar Rehberi.pdf,Books/b-Library_Hzm-20260601T235628Z-3-002/b-Library_Hzm/RN-Külliyat-Hzm/RN-Hzm-cep/Hanimlar Rehberi.pdf,Hanimlar Rehberi.txt,PDF,0,0,0,Mükerrer (Atlandı),dbc4f69cd6d315d2800c44658cf2a52b3c6e7c75a344396770bc4c81c029bbb9
Hastalar Risalesi.pdf,Books/b-Library_Hzm-20260601T235628Z-3-002/b-Library_Hzm/RN-Külliyat-Hzm/RN-Hzm-cep/Hastalar Risalesi.pdf,Hastalar Risalesi.txt,PDF,0,0,0,Mükerrer (Atlandı),4daf7c3cca087e100026d0f8b8d62ca26b95397a3d1553c0b62363e168b0c3b6
Hizmet Rehberi.pdf,Books/b-Library_Hzm-20260601T235628Z-3-002/b-Library_Hzm/RN-Külliyat-Hzm/RN-Hzm-cep/Hizmet Rehberi.pdf,Hizmet Rehberi.txt,PDF,0,0,0,Mükerrer (Atlandı),ed48932932031254a9ab7331c70063f98be379242d38062aa1b42e985dc87e6a
Hucumat-i Sitte Risalesi.pdf,Books/b-Library_Hzm-20260601T235628Z-3-002/b-Library_Hzm/RN-Külliyat-Hzm/RN-Hzm-cep/Hucumat-i Sitte Risalesi.pdf,Hucumat-i Sitte Risalesi.txt,PDF,0,0,0,Mükerrer (Atlandı),7a5cb919df8fc7c9fda6dba1e0e94f1d705955a328d16fb2c8a0fbbf9b231245
Hutuvat-i Sitte Risalesi.pdf,Books/b-Library_Hzm-20260601T235628Z-3-002/b-Library_Hzm/RN-Külliyat-Hzm/RN-Hzm-cep/Hutuvat-i Sitte Risalesi.pdf,Hutuvat-i Sitte Risalesi.txt,PDF,0,0,0,Mükerrer (Atlandı),af1e895164efd339cc0ddefbc73471f48ae6958d15e5c6c1245e0a3569dbc8cd
Ictihad Risalesi.pdf,Books/b-Library_Hzm-20260601T235628Z-3-002/b-Library_Hzm/RN-Külliyat-Hzm/RN-Hzm-cep/Ictihad Risalesi.pdf,Ictihad Risalesi.txt,PDF,0,0,0,Mükerrer (Atlandı),4edd758ace18d8313ae24162253db78f213aabf5cb9a14596fdb93695a1cad1f
Ihtiyarlar Risalesi.pdf,Books/b-Library_Hzm-20260601T235628Z-3-002/b-Library_Hzm/RN-Külliyat-Hzm/RN-Hzm-cep/Ihtiyarlar Risalesi.pdf,Ihtiyarlar Risalesi.txt,PDF,0,0,0,Mükerrer (Atlandı),a62f5862e1a86fc39a19f0419882ae1c9c7912b27968bcf5c08f5f29cb6c30cc
Kader Risalesi.pdf,Books/b-Library_Hzm-20260601T235628Z-3-002/b-Library_Hzm/RN-Külliyat-Hzm/RN-Hzm-cep/Kader Risalesi.pdf,Kader Risalesi.txt,PDF,0,0,0,Mükerrer (Atlandı),772ae37f6eadb0b1c94e4364fe9f4501d37a5608ea46413320004b27dfcbb84c
Kucuk Sozler.pdf,Books/b-Library_Hzm-20260601T235628Z-3-002/b-Library_Hzm/RN-Külliyat-Hzm/RN-Hzm-cep/Kucuk Sozler.pdf,Kucuk Sozler.txt,PDF,0,0,0,Mükerrer (Atlandı),baff37d54b7cb57d59d11813689873c5503c731d0d88f025ba21c71624fb0818
Mu_cizat-ı Ahmediye.pdf,Books/b-Library_Hzm-20260601T235628Z-3-002/b-Library_Hzm/RN-Külliyat-Hzm/RN-Hzm-cep/Mu_cizat-ı Ahmediye.pdf,Mu_cizat-ı Ahmediye.txt,PDF,0,0,0,Mükerrer (Atlandı),2d3874efa7403410d689bba2371941236a85c1d7481168bfd4710d4abd97c14f
Munacat.pdf,Books/b-Library_Hzm-20260601T235628Z-3-002/b-Library_Hzm/RN-Külliyat-Hzm/RN-Hzm-cep/Munacat.pdf,Munacat.txt,PDF,0,0,0,Mükerrer (Atlandı),7dfd8f8f71c28546f0c6ab0750e8948f18b106d838885827fde1555a1cda94d9
Nurun Ilk Kapisi.pdf,Books/b-Library_Hzm-20260601T235628Z-3-002/b-Library_Hzm/RN-Külliyat-Hzm/RN-Hzm-cep/Nurun Ilk Kapisi.pdf,Nurun Ilk Kapisi.txt,PDF,0,0,0,Mükerrer (Atlandı),bdc00f65d6a6ff5d87fa545f065ec4277b978cc31ff30ace77ba41632ceef8f6
Ramazan Iktisat ve Sukur.pdf,Books/b-Library_Hzm-20260601T235628Z-3-002/b-Library_Hzm/RN-Külliyat-Hzm/RN-Hzm-cep/Ramazan Iktisat ve Sukur.pdf,Ramazan Iktisat ve Sukur.txt,PDF,0,0,0,Mükerrer (Atlandı),7f2841cf54ce02385e1b327398ca6b661b2365856df359c97ff550913c0aa7a2
Sakk-i Kamer.pdf,Books/b-Library_Hzm-20260601T235628Z-3-002/b-Library_Hzm/RN-Külliyat-Hzm/RN-Hzm-cep/Sakk-i Kamer.pdf,Sakk-i Kamer.txt,PDF,0,0,0,Mükerrer (Atlandı),9d61b54f29e8177c4222fa4262a99d09fc1f093bbb35eb8786b4ff882b3ea9cc
Sunnet-i Seniyye.pdf,Books/b-Library_Hzm-20260601T235628Z-3-002/b-Library_Hzm/RN-Külliyat-Hzm/RN-Hzm-cep/Sunnet-i Seniyye.pdf,Sunnet-i Seniyye.txt,PDF,0,0,0,Mükerrer (Atlandı),958d7999e765ec0a99d106fdc3667148d40dfee79c5d119cc238835daf7f17c8
Tabiat Risalesi.pdf,Books/b-Library_Hzm-20260601T235628Z-3-002/b-Library_Hzm/RN-Külliyat-Hzm/RN-Hzm-cep/Tabiat Risalesi.pdf,Tabiat Risalesi.txt,PDF,0,0,0,Mükerrer (Atlandı),7438f761d2615cd6c23bf8a34c2142f3a870a6217201422d361f57a4794dd7f4
Telvihat Risalesi.pdf,Books/b-Library_Hzm-20260601T235628Z-3-002/b-Library_Hzm/RN-Külliyat-Hzm/RN-Hzm-cep/Telvihat Risalesi.pdf,Telvihat Risalesi.txt,PDF,0,0,0,Mükerrer (Atlandı),effaa48e6f19291451465232730be84bf7d9c574f9143ee18ac6174aa5e161c9
Uhuvvet Risalesi.pdf,Books/b-Library_Hzm-20260601T235628Z-3-002/b-Library_Hzm/RN-Külliyat-Hzm/RN-Hzm-cep/Uhuvvet Risalesi.pdf,Uhuvvet Risalesi.txt,PDF,0,0,0,Mükerrer (Atlandı),10afca2d126466c0d2b319e88a1ed8e2446e22d10e89c99b49e040e1acb43707
Vesvese Risalesi.pdf,Books/b-Library_Hzm-20260601T235628Z-3-002/b-Library_Hzm/RN-Külliyat-Hzm/RN-Hzm-cep/Vesvese Risalesi.pdf,Vesvese Risalesi.txt,PDF,0,0,0,Mükerrer (Atlandı),3c09c6142c68a702f0b81e772e741d530f5d4107d44c54c16200e8cedff5cba1
Yirmi Ucuncu Soz.pdf,Books/b-Library_Hzm-20260601T235628Z-3-002/b-Library_Hzm/RN-Külliyat-Hzm/RN-Hzm-cep/Yirmi Ucuncu Soz.pdf,Yirmi Ucuncu Soz.txt,PDF,0,0,0,Mükerrer (Atlandı),236352b1144cbbd0823d7cdb682272b08b06246f661ea6ce69fec201b2eb4609
Iman ve Kufur Muvazeneleri.pdf,Books/b-Library_Hzm-20260601T235628Z-3-002/b-Library_Hzm/RN-Külliyat-Hzm/RN-Hzm/Iman ve Kufur Muvazeneleri.pdf,Iman ve Kufur Muvazeneleri.txt,PDF,0,0,0,Mükerrer (Atlandı),16ef0e300e84c8f87d8615755e7a3924336c7628feb11f30e6525ba460b61166
Isaratu_l-I_caz.pdf,Books/b-Library_Hzm-20260601T235628Z-3-002/b-Library_Hzm/RN-Külliyat-Hzm/RN-Hzm/Isaratu_l-I_caz.pdf,Isaratu_l-I_caz.txt,PDF,0,0,0,Mükerrer (Atlandı),60d1e3a40cc29fcbde2436445ebd1818c912cb932d36a7349ff37df962f539a0
Lemalar.pdf,Books/b-Library_Hzm-20260601T235628Z-3-002/b-Library_Hzm/RN-Külliyat-Hzm/RN-Hzm/Lemalar.pdf,Lemalar.txt,PDF,0,0,0,Mükerrer (Atlandı),e6f4731dda2762737649570d9c49d25e2109e88d0b3045ae06b4c44143da25b3
Mektubat.pdf,Books/b-Library_Hzm-20260601T235628Z-3-002/b-Library_Hzm/RN-Külliyat-Hzm/RN-Hzm/Mektubat.pdf,Mektubat.txt,PDF,0,0,0,Mükerrer (Atlandı),81e1da4417f5440ffaa87e7510ba2d7555d37c0ccbf8c18c9848f99d1714dccb
Sozler.pdf,Books/b-Library_Hzm-20260601T235628Z-3-002/b-Library_Hzm/RN-Külliyat-Hzm/RN-Hzm/Sozler.pdf,Sozler.txt,PDF,0,0,0,Mükerrer (Atlandı),367fab8a59f76e94f21663293e7b85cae6487b2cb8e41fec3c0953b4f140feb4
Sualar.pdf,Books/b-Library_Hzm-20260601T235628Z-3-002/b-Library_Hzm/RN-Külliyat-Hzm/RN-Hzm/Sualar.pdf,Sualar.txt,PDF,0,0,0,Mükerrer (Atlandı),e8088ff3aebbbf6a3bb62bacc62630a526bc8edd5f33a182d890fa337ca6e47b
Tarihce-i Hayat.pdf,Books/b-Library_Hzm-20260601T235628Z-3-002/b-Library_Hzm/RN-Külliyat-Hzm/RN-Hzm/Tarihce-i Hayat.pdf,Tarihce-i Hayat.txt,PDF,0,0,0,Mükerrer (Atlandı),c2e493f39e3b0eae57f87d9736af65b24b193f855ec7575103dbd732d83e0fe6
RN Lemalar_Sadeleştirilmiş.pdf,Books/b-Library_Hzm-20260601T235628Z-3-002/b-Library_Hzm/RN-Külliyat-Hzm/RN-Sade/RN Lemalar_Sadeleştirilmiş.pdf,RN Lemalar_Sadeleştirilmiş.txt,PDF,0,0,0,Mükerrer (Atlandı),244e336c59b1d284cbbb74391c4af7207efad13a8f27296d81a829b982862e3d
RN_Sozler_Sadeleştirilmiş.pdf,Books/b-Library_Hzm-20260601T235628Z-3-002/b-Library_Hzm/RN-Külliyat-Hzm/RN-Sade/RN_Sozler_Sadeleştirilmiş.pdf,RN_Sozler_Sadeleştirilmiş.txt,PDF,0,0,0,Mükerrer (Atlandı),5c6c5a84ec78eac385ab4ce71fbc0a966a01b4f464d499d5bc2f62ac78210851
Sari-Lemalar.pdf,Books/b-Library_Hzm-20260601T235628Z-3-002/b-Library_Hzm/RN-Külliyat-Hzm/RN-Sade/Sari-Lemalar.pdf,RN Lemalar_Sadeleştirilmiş.txt,PDF,0,0,0,Mükerrer (Atlandı),244e336c59b1d284cbbb74391c4af7207efad13a8f27296d81a829b982862e3d
Sari-Sozler.pdf,Books/b-Library_Hzm-20260601T235628Z-3-002/b-Library_Hzm/RN-Külliyat-Hzm/RN-Sade/Sari-Sozler.pdf,RN_Sozler_Sadeleştirilmiş.txt,PDF,0,0,0,Mükerrer (Atlandı),5c6c5a84ec78eac385ab4ce71fbc0a966a01b4f464d499d5bc2f62ac78210851
asayi-musa-bediuzzaman-said-nursi.pdf,Books/b-Library_Hzm-20260601T235628Z-3-002/b-Library_Hzm/RN-Külliyat-Hzm/RN-Sade/asayi-musa-bediuzzaman-said-nursi.pdf,asayi-musa-bediuzzaman-said-nursi.txt,PDF,0,0,0,Mükerrer (Atlandı),05d00749c15163be95ba47ef74f669b229929355c039f144e8ee1870ec79d1b0
sadelestirilmis-enne-ve-zerre-risalesi.pdf,Books/b-Library_Hzm-20260601T235628Z-3-002/b-Library_Hzm/RN-Külliyat-Hzm/RN-Sade/sadelestirilmis-enne-ve-zerre-risalesi.pdf,sadelestirilmis-enne-ve-zerre-risalesi.txt,PDF,0,0,0,Mükerrer (Atlandı),f96ffcd41e1d9f69f333babb1fa228e9537d23626d1c74e9fc38068e1aca1e93
sadelestirilmis-hasir-risalesi.pdf,Books/b-Library_Hzm-20260601T235628Z-3-002/b-Library_Hzm/RN-Külliyat-Hzm/RN-Sade/sadelestirilmis-hasir-risalesi.pdf,sadelestirilmis-hasir-risalesi.txt,PDF,0,0,0,Mükerrer (Atlandı),6ef52547d4523bad819de3bdd2fd7c668168c5a2d37238302d790f2b833e81b0
sadelestirilmis-ihlas-risalesi.pdf,Books/b-Library_Hzm-20260601T235628Z-3-002/b-Library_Hzm/RN-Külliyat-Hzm/RN-Sade/sadelestirilmis-ihlas-risalesi.pdf,sadelestirilmis-ihlas-risalesi.txt,PDF,0,0,0,Mükerrer (Atlandı),4b1c533c06079dce79bedd83009c523fd5ea2e5366cc42f9a4f46ce834e74828
sadelestirilmis-lemalar.pdf,Books/b-Library_Hzm-20260601T235628Z-3-002/b-Library_Hzm/RN-Külliyat-Hzm/RN-Sade/sadelestirilmis-lemalar.pdf,sadelestirilmis-lemalar.txt,PDF,0,0,0,Mükerrer (Atlandı),400599d1a41cf1e962df8b3fe7212e0657a6f1cd7421fdcf45488acc6498fd34
sadelestirilmis-mektubat.pdf,Books/b-Library_Hzm-20260601T235628Z-3-002/b-Library_Hzm/RN-Külliyat-Hzm/RN-Sade/sadelestirilmis-mektubat.pdf,sadelestirilmis-mektubat.txt,PDF,0,0,0,Mükerrer (Atlandı),2fd2bd67bb92fd04d24f1da47e55b2aabe01ddac3c1d0ac5adec3a1e6052c0ee
sadelestirilmis-otuz-uc-pencere.pdf,Books/b-Library_Hzm-20260601T235628Z-3-002/b-Library_Hzm/RN-Külliyat-Hzm/RN-Sade/sadelestirilmis-otuz-uc-pencere.pdf,sadelestirilmis-otuz-uc-pencere.txt,PDF,0,0,0,Mükerrer (Atlandı),5e51b2b50dcf7588351f076e4f18a0d0e0f3ffb9b080b329167617a459d861a6
sadelestirilmis-sozler.pdf,Books/b-Library_Hzm-20260601T235628Z-3-002/b-Library_Hzm/RN-Külliyat-Hzm/RN-Sade/sadelestirilmis-sozler.pdf,sadelestirilmis-sozler.txt,PDF,0,0,0,Mükerrer (Atlandı),172a6ce08c34b08096528aea543311c530bd8a4eaaa8dcb807c21c795711e998
sadelestirilmis-tabiat-risalesi.pdf,Books/b-Library_Hzm-20260601T235628Z-3-002/b-Library_Hzm/RN-Külliyat-Hzm/RN-Sade/sadelestirilmis-tabiat-risalesi.pdf,sadelestirilmis-tabiat-risalesi.txt,PDF,0,0,0,Mükerrer (Atlandı),d98759243d98d09f7b8a319ec65db9bfc4e9403235f6f4fe5fb2394918a8ccfb
Elmalili - Hak Dini Kuran Dili-02.pdf,Books/b-Library_Hzm-20260601T235628Z-3-002/b-Library_Hzm/Tefsir-Elmalılı Tefsiri-ZAMAN.pdf/Elmalili - Hak Dini Kuran Dili-02.pdf,Elmalili - Hak Dini Kuran Dili-02.txt,PDF,0,0,0,Mükerrer (Atlandı),c25b6492668608df74218b5602e1c8b1619fa02c9b37d98eee5c28dc5b63b51e
Elmalili - Hak Dini Kuran Dili-03.pdf,Books/b-Library_Hzm-20260601T235628Z-3-002/b-Library_Hzm/Tefsir-Elmalılı Tefsiri-ZAMAN.pdf/Elmalili - Hak Dini Kuran Dili-03.pdf,Elmalili - Hak Dini Kuran Dili-03.txt,PDF,0,0,0,Mükerrer (Atlandı),0479f843456e496426538933d1657b054e44df11bf4726287a612cbc1de7ea49
Hak Dini Kuran Dili Tefsiri 1-10.pdf,Books/b-Library_Hzm-20260601T235628Z-3-002/b-Library_Hzm/Tefsir-Elmalılı Tefsiri-ZAMAN.pdf/Hak Dini Kuran Dili Tefsiri 1-10.pdf,Hak Dini Kuran Dili Tefsiri 1-10.txt,PDF,0,0,0,Mükerrer (Atlandı),1488e930af5815dd7f38a9b15d92cc9c6b1aec75cd83e429658000e7e424d9d6
Bir-Muslumanın-Yol-Haritası-Iman-ibadet-Ahlak.pdf,Books/b-Library_Hzm-20260601T235628Z-3-002/b-Library_Hzm/ilmihal-Hzm/Bir-Muslumanın-Yol-Haritası-Iman-ibadet-Ahlak.pdf,Bir-Muslumanın-Yol-Haritası-Iman-ibadet-Ahlak.txt,PDF,0,0,0,Mükerrer (Atlandı),e8c46843622977aa28df232fe14e17ce61ef7d45b22aa44c79aedc8371a994fd
Bir_Müslümanın_Yol_Haritası.pdf,Books/b-Library_Hzm-20260601T235628Z-3-002/b-Library_Hzm/ilmihal-Hzm/Bir_Müslümanın_Yol_Haritası.pdf,Bir_Müslümanın_Yol_Haritası.txt,PDF,0,0,0,Mükerrer (Atlandı),d71dc6743e0dd1060736e7dc5922979c184a8d2c4cc91a7a502d026b106ab781
Genclik-ilmihali-mustuy.pdf,Books/b-Library_Hzm-20260601T235628Z-3-002/b-Library_Hzm/ilmihal-Hzm/Genclik-ilmihali-mustuy.pdf,Genclik-ilmihali-mustuy.txt,PDF,0,0,0,Mükerrer (Atlandı),4c019efc4bccec66ee4f11ee643b47b55d0762ef994c9af5de80c4a0d4c3735f
Pratik-İlmihal-Osman-Bilgin-PDFDrive-com-pdf.pdf,Books/b-Library_Hzm-20260601T235628Z-3-002/b-Library_Hzm/ilmihal-Hzm/Pratik-İlmihal-Osman-Bilgin-PDFDrive-com-pdf.pdf,Pratik-İlmihal-Osman-Bilgin-PDFDrive-com-pdf.txt,PDF,0,0,0,Mükerrer (Atlandı),f4e10dd77488babea0cfa5dedf9a73feb5154ba48a639ce82bf4777b413c1a7b
dort-arkadas-serisi-1-fidan-yiyen-bozoglak-mustuy-6-y.pdf,Books/b-Library_Hzm-20260601T235628Z-3-002/b-Library_Hzm/Çocuklar için-Hzm/Dört Arkadaş Serisi/dort-arkadas-serisi-1-fidan-yiyen-bozoglak-mustuy-6-y.pdf,dort-arkadas-serisi-1-fidan-yiyen-bozoglak-mustuy-6-y.txt,PDF,0,0,0,Mükerrer (Atlandı),918a38c41cac9052dd14b9d1ba46b1e051117fb69a8ee42e203352c0292b4e60
dort-arkadas-serisi-2-yaramaz-tay-mustuy-6-y.pdf,Books/b-Library_Hzm-20260601T235628Z-3-002/b-Library_Hzm/Çocuklar için-Hzm/Dört Arkadaş Serisi/dort-arkadas-serisi-2-yaramaz-tay-mustuy-6-y.pdf,dort-arkadas-serisi-2-yaramaz-tay-mustuy-6-y.txt,PDF,0,0,0,Mükerrer (Atlandı),139e0435a776bbb44199bb9cabc5cf6234eaa831b11b6ac3eadbd0714f335450
dort-arkadas-serisi-3-dikenli-yol-mustuy-6-y.pdf,Books/b-Library_Hzm-20260601T235628Z-3-002/b-Library_Hzm/Çocuklar için-Hzm/Dört Arkadaş Serisi/dort-arkadas-serisi-3-dikenli-yol-mustuy-6-y.pdf,dort-arkadas-serisi-3-dikenli-yol-mustuy-6-y.txt,PDF,0,0,0,Mükerrer (Atlandı),6fb95c951ec24ec1aa231c970d1e889d93a6e3071d8a708d6602485bd6f80e21
dort-arkadas-serisi-4-yuruyen-tas-mustuy-6-y.pdf,Books/b-Library_Hzm-20260601T235628Z-3-002/b-Library_Hzm/Çocuklar için-Hzm/Dört Arkadaş Serisi/dort-arkadas-serisi-4-yuruyen-tas-mustuy-6-y.pdf,dort-arkadas-serisi-4-yuruyen-tas-mustuy-6-y.txt,PDF,0,0,0,Mükerrer (Atlandı),150395789cecfdbf047ef53fcd8374ca8d13563830895defa44a87bbff982a2a
dort-arkadas-serisi-5-hasta-ziyareti-mustuy-6-y.pdf,Books/b-Library_Hzm-20260601T235628Z-3-002/b-Library_Hzm/Çocuklar için-Hzm/Dört Arkadaş Serisi/dort-arkadas-serisi-5-hasta-ziyareti-mustuy-6-y.pdf,dort-arkadas-serisi-5-hasta-ziyareti-mustuy-6-y.txt,PDF,0,0,0,Mükerrer (Atlandı),b46eba9a4f68408d091dd6ae6c38cde3dcd340af8f8a257dbe2a90dd49e8d94c
dort-arkadas-serisi-6-tehlikeli-oyun-mustuy-6-y.pdf,Books/b-Library_Hzm-20260601T235628Z-3-002/b-Library_Hzm/Çocuklar için-Hzm/Dört Arkadaş Serisi/dort-arkadas-serisi-6-tehlikeli-oyun-mustuy-6-y.pdf,dort-arkadas-serisi-6-tehlikeli-oyun-mustuy-6-y.txt,PDF,0,0,0,Mükerrer (Atlandı),3a636fb45f24bc5d4d5042d9ae30f210a32c0f82d02c05cb1786f1122f66f0bf
cocuklarda-kuran-egitimi-kartanesi-2008-isikyayinlari (1).pdf,Books/b-Library_Hzm-20260601T235628Z-3-002/b-Library_Hzm/Çocuklar için-Hzm/ElifBa-çocuklar için/cocuklarda-kuran-egitimi-kartanesi-2008-isikyayinlari (1).pdf,cocuklarda-kuran-egitimi-kartanesi-2008-isikyayinlari (1).txt,PDF,0,0,0,Mükerrer (Atlandı),20cbdd0370831e19c07b5170e4346c66d5acc71c8f2f0cc6f5a1feb73704ec54
etkinlikli-ve-testli-elif-ba.pdf,Books/b-Library_Hzm-20260601T235628Z-3-002/b-Library_Hzm/Çocuklar için-Hzm/ElifBa-çocuklar için/etkinlikli-ve-testli-elif-ba.pdf,etkinlikli-ve-testli-elif-ba.txt,PDF,0,0,0,Mükerrer (Atlandı),bd9685c647ba6a1ef42deb075fbf4ac642a6b37d66d25497ef0a34957c6385e5
kur-an-elifbasi-ilmihalli-mustuy.pdf,Books/b-Library_Hzm-20260601T235628Z-3-002/b-Library_Hzm/Çocuklar için-Hzm/ElifBa-çocuklar için/kur-an-elifbasi-ilmihalli-mustuy.pdf,kur-an-elifbasi-ilmihalli-mustuy.txt,PDF,0,0,0,Mükerrer (Atlandı),f22659eb49cd029af3414084586d4ff3d0dc95a6b64882e3ba498cb5cb6477ac
kuran-ogreniyorum-seti-1-kuran-harflerini-ogreniyorum-mustuy.pdf,Books/b-Library_Hzm-20260601T235628Z-3-002/b-Library_Hzm/Çocuklar için-Hzm/ElifBa-çocuklar için/kuran-ogreniyorum-seti-1-kuran-harflerini-ogreniyorum-mustuy.pdf,kuran-ogreniyorum-seti-1-kuran-harflerini-ogreniyorum-mustuy.txt,PDF,0,0,0,Mükerrer (Atlandı),a77a0448b01447dccc50d90469e3937dc8bcd73a731761ee114624f6c9b84bf9
kuran-ogreniyorum-seti-2-harekeleri-ogreniyorum-mustuy.pdf,Books/b-Library_Hzm-20260601T235628Z-3-002/b-Library_Hzm/Çocuklar için-Hzm/ElifBa-çocuklar için/kuran-ogreniyorum-seti-2-harekeleri-ogreniyorum-mustuy.pdf,kuran-ogreniyorum-seti-2-harekeleri-ogreniyorum-mustuy.txt,PDF,0,0,0,Mükerrer (Atlandı),b312bb4e351e21264e6a5a7635fa223fe3b5f46f36af1062c84824e4f51f7af8
gul-devri-1-Hz-Muhammed Sav-mustuy.pdf,Books/b-Library_Hzm-20260601T235628Z-3-002/b-Library_Hzm/Çocuklar için-Hzm/Peygamberimiz ve Halifeleri-Çocuk/gul-devri-1-Hz-Muhammed Sav-mustuy.pdf,gul-devri-1-Hz-Muhammed Sav-mustuy.txt,PDF,0,0,0,Mükerrer (Atlandı),2de5ef989ca0c7552fc3f765b0d14a1d9e2174c621e0a322aea1cc936cb868e3
gul-devri-2-Hz.-Ebubekir-mustuy.pdf,Books/b-Library_Hzm-20260601T235628Z-3-002/b-Library_Hzm/Çocuklar için-Hzm/Peygamberimiz ve Halifeleri-Çocuk/gul-devri-2-Hz.-Ebubekir-mustuy.pdf,gul-devri-2-Hz.-Ebubekir-mustuy.txt,PDF,0,0,0,Mükerrer (Atlandı),7b35375acd24f59d5d9782ef0f7a102d473a3d0f4a8e4c3026190f84796bc999
gul-devri-3-Hz-Ömer-mustuy.pdf,Books/b-Library_Hzm-20260601T235628Z-3-002/b-Library_Hzm/Çocuklar için-Hzm/Peygamberimiz ve Halifeleri-Çocuk/gul-devri-3-Hz-Ömer-mustuy.pdf,gul-devri-3-Hz-Ömer-mustuy.txt,PDF,0,0,0,Mükerrer (Atlandı),935d44fb023956d75f46cda4a3e3ee795e935dfce0680336b2eb77698be38d8f
gul-devri-4-Hz-Osman-mustuy.pdf,Books/b-Library_Hzm-20260601T235628Z-3-002/b-Library_Hzm/Çocuklar için-Hzm/Peygamberimiz ve Halifeleri-Çocuk/gul-devri-4-Hz-Osman-mustuy.pdf,gul-devri-4-Hz-Osman-mustuy.txt,PDF,0,0,0,Mükerrer (Atlandı),75281c8052a729c0a5641b60019d9484be5818c2011f12e0d298fad79bdc4b37
gul-devri-5-Hz-Ali-mustuy.pdf,Books/b-Library_Hzm-20260601T235628Z-3-002/b-Library_Hzm/Çocuklar için-Hzm/Peygamberimiz ve Halifeleri-Çocuk/gul-devri-5-Hz-Ali-mustuy.pdf,gul-devri-5-Hz-Ali-mustuy.txt,PDF,0,0,0,Mükerrer (Atlandı),9ef204073f81a1b28ef86149620b591e9df99579ad4ce0c52e49670e13f160f2
gul-devri-6-Hz-Hatice-mustuy.pdf,Books/b-Library_Hzm-20260601T235628Z-3-002/b-Library_Hzm/Çocuklar için-Hzm/Peygamberimiz ve Halifeleri-Çocuk/gul-devri-6-Hz-Hatice-mustuy.pdf,gul-devri-6-Hz-Hatice-mustuy.txt,PDF,0,0,0,Mükerrer (Atlandı),44074ee44e9754ea524cb71a62e64d871ac21085c6ef194c4f4de3a995cbb3ef
01-Yavru Deve - Peygamberimizden Hatiralar.PDF,Books/b-Library_Hzm-20260601T235628Z-3-002/b-Library_Hzm/Çocuklar için-Hzm/Peygamberimizden Hatıralar/01-Yavru Deve - Peygamberimizden Hatiralar.PDF,01-Yavru Deve - Peygamberimizden Hatiralar.txt,PDF,0,0,0,Mükerrer (Atlandı),55afd69309fedec1988aa83fc3f7c4389106ec16501f4854928399d34caa8895
1-Kutlu Dogum-Peygamberimizin Hayati.PDF,Books/b-Library_Hzm-20260601T235628Z-3-002/b-Library_Hzm/Çocuklar için-Hzm/Peygamberimizin Hayatı-Çocuk/1-Kutlu Dogum-Peygamberimizin Hayati.PDF,1-Kutlu Dogum-Peygamberimizin Hayati.txt,PDF,0,0,0,Mükerrer (Atlandı),962e9ccd9b47ab976ade163796066b30e3fb5b0223ae7ad013bb01bb6ad8ce46
2-Islamiyetin Dogusu-Peygamberimizin Hayati.PDF,Books/b-Library_Hzm-20260601T235628Z-3-002/b-Library_Hzm/Çocuklar için-Hzm/Peygamberimizin Hayatı-Çocuk/2-Islamiyetin Dogusu-Peygamberimizin Hayati.PDF,2-Islamiyetin Dogusu-Peygamberimizin Hayati.txt,PDF,0,0,0,Mükerrer (Atlandı),25d5f5567ea7d80a69cddde2d803b46a6c96f27ab7167d1b769458c08c56fc43
3-Zor Yillar-Peygamberimizin Hayati.pdf,Books/b-Library_Hzm-20260601T235628Z-3-002/b-Library_Hzm/Çocuklar için-Hzm/Peygamberimizin Hayatı-Çocuk/3-Zor Yillar-Peygamberimizin Hayati.pdf,3-Zor Yillar-Peygamberimizin Hayati.txt,PDF,0,0,0,Mükerrer (Atlandı),fd6df44e7c3c58e97dbf11c3f297c175d7544534da871d35a528ad019cb1f145
4-Mirac ve Hicret-Peygamberimizin Hayati-.PDF,Books/b-Library_Hzm-20260601T235628Z-3-002/b-Library_Hzm/Çocuklar için-Hzm/Peygamberimizin Hayatı-Çocuk/4-Mirac ve Hicret-Peygamberimizin Hayati-.PDF,4-Mirac ve Hicret-Peygamberimizin Hayati-.txt,PDF,0,0,0,Mükerrer (Atlandı),fa231019abe2c7ff04c1a956a3e8bb39d5762007687c9635a2100d2e19720e2c
5-Peygamberimizin Son Yillari-Peygamberimizin Hayati.PDF,Books/b-Library_Hzm-20260601T235628Z-3-002/b-Library_Hzm/Çocuklar için-Hzm/Peygamberimizin Hayatı-Çocuk/5-Peygamberimizin Son Yillari-Peygamberimizin Hayati.PDF,5-Peygamberimizin Son Yillari-Peygamberimizin Hayati.txt,PDF,0,0,0,Mükerrer (Atlandı),958501e5f98b4da7afd8326b3d132feb99a42cef6acd92db40377fd18bf49f0a
Rehberim-Sevgili-peygamberim-sav-mustuy.pdf,Books/b-Library_Hzm-20260601T235628Z-3-002/b-Library_Hzm/Çocuklar için-Hzm/Peygamberimizin Hayatı-Çocuk/Rehberim-Sevgili-peygamberim-sav-mustuy.pdf,Rehberim-Sevgili-peygamberim-sav-mustuy.txt,PDF,0,0,0,Mükerrer (Atlandı),54a1364505df11352bddf1fb0c178a249658cd4269f22d726b637a196fbaaf8f
aglayan-kutuk-mustuy.pdf,Books/b-Library_Hzm-20260601T235628Z-3-002/b-Library_Hzm/Çocuklar için-Hzm/Peygamberimizin Mucizeleri-Çocuk/aglayan-kutuk-mustuy.pdf,aglayan-kutuk-mustuy.txt,PDF,0,0,0,Mükerrer (Atlandı),8511ba2d1ea720fba97cf43e07624ed4c84984feaa3f55b35487aa47495a282f
bereketlenen-yemek-mustuy.pdf,Books/b-Library_Hzm-20260601T235628Z-3-002/b-Library_Hzm/Çocuklar için-Hzm/Peygamberimizin Mucizeleri-Çocuk/bereketlenen-yemek-mustuy.pdf,bereketlenen-yemek-mustuy.txt,PDF,0,0,0,Mükerrer (Atlandı),f05edfebf30a81575b9dbb3de551a3afc40c3c8dfcfa946a7045b73333dd3e2c
gokten-inen-su-mustuy.pdf,Books/b-Library_Hzm-20260601T235628Z-3-002/b-Library_Hzm/Çocuklar için-Hzm/Peygamberimizin Mucizeleri-Çocuk/gokten-inen-su-mustuy.pdf,gokten-inen-su-mustuy.txt,PDF,0,0,0,Mükerrer (Atlandı),bf904d1e1041b89cae7acef50cb5231ab6bf00201f7c6af58005461ffb1794f6
konusan-kurt-mustuy.pdf,Books/b-Library_Hzm-20260601T235628Z-3-002/b-Library_Hzm/Çocuklar için-Hzm/Peygamberimizin Mucizeleri-Çocuk/konusan-kurt-mustuy.pdf,konusan-kurt-mustuy.txt,PDF,0,0,0,Mükerrer (Atlandı),c884e05007ee81a6f17090acd74630c792a03dce8fdcb738afb5422ce01e4802
peygamber-efendimizin-mucizeleri-6-ruhi-demirel-isik-sacan-asa-mustuy.pdf,Books/b-Library_Hzm-20260601T235628Z-3-002/b-Library_Hzm/Çocuklar için-Hzm/Peygamberimizin Mucizeleri-Çocuk/peygamber-efendimizin-mucizeleri-6-ruhi-demirel-isik-sacan-asa-mustuy.pdf,peygamber-efendimizin-mucizeleri-6-ruhi-demirel-isik-sacan-asa-mustuy.txt,PDF,0,0,0,Mükerrer (Atlandı),b8d9226c1533840aa891660a8b402a81638a28eaf81136d01088a5f1603296c4
zikreden-taslar-mustuy.pdf,Books/b-Library_Hzm-20260601T235628Z-3-002/b-Library_Hzm/Çocuklar için-Hzm/Peygamberimizin Mucizeleri-Çocuk/zikreden-taslar-mustuy.pdf,zikreden-taslar-mustuy.txt,PDF,0,0,0,Mükerrer (Atlandı),d45d7756c48088c370a398a9aebbda8c46c5e7c37e912cd66785e071f1971f45
akrebin-sifresi-risale-hikayeleri-mustuy.pdf,Books/b-Library_Hzm-20260601T235628Z-3-002/b-Library_Hzm/Çocuklar için-Hzm/Risale Hikayeleri/akrebin-sifresi-risale-hikayeleri-mustuy.pdf,akrebin-sifresi-risale-hikayeleri-mustuy.txt,PDF,0,0,0,Mükerrer (Atlandı),d958db229807003e903f91cdab1b6cefb1e20ce1e536fc3f783d82316c0c2586
gokkusaginin-ardindaki-ulke-risale-hikayeleri-mustuy.pdf,Books/b-Library_Hzm-20260601T235628Z-3-002/b-Library_Hzm/Çocuklar için-Hzm/Risale Hikayeleri/gokkusaginin-ardindaki-ulke-risale-hikayeleri-mustuy.pdf,gokkusaginin-ardindaki-ulke-risale-hikayeleri-mustuy.txt,PDF,0,0,0,Mükerrer (Atlandı),b02de103e49fdb4baa06dca37bb43c25b7c31431827d1fb7b1eb4a5704deff95
hayat-meydani-risale-hikayeleri-mustuy.pdf,Books/b-Library_Hzm-20260601T235628Z-3-002/b-Library_Hzm/Çocuklar için-Hzm/Risale Hikayeleri/hayat-meydani-risale-hikayeleri-mustuy.pdf,hayat-meydani-risale-hikayeleri-mustuy.txt,PDF,0,0,0,Mükerrer (Atlandı),5239f3bafc0d267a093b2d8f5526c98bd67b5aa54f984503e77c6e46008e1567
yol-ayrimi-risale-hikayeleri-mustuy.pdf,Books/b-Library_Hzm-20260601T235628Z-3-002/b-Library_Hzm/Çocuklar için-Hzm/Risale Hikayeleri/yol-ayrimi-risale-hikayeleri-mustuy.pdf,yol-ayrimi-risale-hikayeleri-mustuy.txt,PDF,0,0,0,Mükerrer (Atlandı),035132da05dcf8867ab416b0668e2f3890d856d3bff383ae581d3f8e376870fc
1-saadet-asrinda-Allah-sevgisi-mustuy.pdf,Books/b-Library_Hzm-20260601T235628Z-3-002/b-Library_Hzm/Çocuklar için-Hzm/Saadet Asrı-Çocuk/1-saadet-asrinda-Allah-sevgisi-mustuy.pdf,1-Saadet-Asrinda-Allah-Sevgisi-Sahabe-Hayatindan-Mustuy.txt,PDF,0,0,0,Mükerrer (Atlandı),66b83951a66cc3decdc9681384c6bb2f5b13d48bb150a2f4992ee5bb9639e592
2-saadet-asrinda-Resulullah-sevgisi-mustuy.pdf,Books/b-Library_Hzm-20260601T235628Z-3-002/b-Library_Hzm/Çocuklar için-Hzm/Saadet Asrı-Çocuk/2-saadet-asrinda-Resulullah-sevgisi-mustuy.pdf,2-Saadet-Asrinda-Resulullah-Sevgisi-Sahabe-Hayatindan-Mustuy.txt,PDF,0,0,0,Mükerrer (Atlandı),e09a724f39fc0a9f8556d0f3199fd7f1d1c57487d996d1ddc439395235af1fbb
3-saadet-asrinda-Peygamberimizin-elcileri-mustuy.pdf,Books/b-Library_Hzm-20260601T235628Z-3-002/b-Library_Hzm/Çocuklar için-Hzm/Saadet Asrı-Çocuk/3-saadet-asrinda-Peygamberimizin-elcileri-mustuy.pdf,3-saadet-asrinda-Peygamberimizin-elcileri-mustuy.txt,PDF,0,0,0,Mükerrer (Atlandı),0f4c88bc39a7e757706e080872961c72d0f71d864c6269714c7cb2f85beb5bd3
4-saadet-asrinda-Fedakarlik-ve-sabir-mustuy.pdf,Books/b-Library_Hzm-20260601T235628Z-3-002/b-Library_Hzm/Çocuklar için-Hzm/Saadet Asrı-Çocuk/4-saadet-asrinda-Fedakarlik-ve-sabir-mustuy.pdf,4-Saadet-Asrinda-Fedakarlik-Ve-Sabir-Sahabe-Hayatindan-Mustuy.txt,PDF,0,0,0,Mükerrer (Atlandı),73915b16d1ce9e228094691b491914cecc8b7e58a23ade7531c5854d09613d20
5-saadet-asrinda-Dogruluk-ve-sadakat-mustuy.pdf,Books/b-Library_Hzm-20260601T235628Z-3-002/b-Library_Hzm/Çocuklar için-Hzm/Saadet Asrı-Çocuk/5-saadet-asrinda-Dogruluk-ve-sadakat-mustuy.pdf,5-saadet-asrinda-Dogruluk-ve-sadakat-mustuy.txt,PDF,0,0,0,Mükerrer (Atlandı),7b1f34959c01d27814061b5fca2d4fe042f6a0c78d91008e0bee90edc91ef90c
6-saadet-asrinda-İlim-ve-ibadet-mustuy.pdf,Books/b-Library_Hzm-20260601T235628Z-3-002/b-Library_Hzm/Çocuklar için-Hzm/Saadet Asrı-Çocuk/6-saadet-asrinda-İlim-ve-ibadet-mustuy.pdf,6-saadet-asrinda-İlim-ve-ibadet-mustuy.txt,PDF,0,0,0,Mükerrer (Atlandı),7ac9f40fd8a788fda24c7fb856f86487778c52f2cf26b6e80de47f4195228418
1-Saadet-Asrinda-Allah-Sevgisi-Sahabe-Hayatindan-Mustuy.pdf,Books/b-Library_Hzm-20260601T235628Z-3-002/b-Library_Hzm/Çocuklar için-Hzm/Sahabe Hayatından/1-Saadet-Asrinda-Allah-Sevgisi-Sahabe-Hayatindan-Mustuy.pdf,1-Saadet-Asrinda-Allah-Sevgisi-Sahabe-Hayatindan-Mustuy.txt,PDF,0,0,0,Mükerrer (Atlandı),66b83951a66cc3decdc9681384c6bb2f5b13d48bb150a2f4992ee5bb9639e592
2-Saadet-Asrinda-Resulullah-Sevgisi-Sahabe-Hayatindan-Mustuy.pdf,Books/b-Library_Hzm-20260601T235628Z-3-002/b-Library_Hzm/Çocuklar için-Hzm/Sahabe Hayatından/2-Saadet-Asrinda-Resulullah-Sevgisi-Sahabe-Hayatindan-Mustuy.pdf,2-Saadet-Asrinda-Resulullah-Sevgisi-Sahabe-Hayatindan-Mustuy.txt,PDF,0,0,0,Mükerrer (Atlandı),e09a724f39fc0a9f8556d0f3199fd7f1d1c57487d996d1ddc439395235af1fbb
4-Saadet-Asrinda-Fedakarlik-Ve-Sabir-Sahabe-Hayatindan-Mustuy.pdf,Books/b-Library_Hzm-20260601T235628Z-3-002/b-Library_Hzm/Çocuklar için-Hzm/Sahabe Hayatından/4-Saadet-Asrinda-Fedakarlik-Ve-Sabir-Sahabe-Hayatindan-Mustuy.pdf,4-Saadet-Asrinda-Fedakarlik-Ve-Sabir-Sahabe-Hayatindan-Mustuy.txt,PDF,0,0,0,Mükerrer (Atlandı),73915b16d1ce9e228094691b491914cecc8b7e58a23ade7531c5854d09613d20
5-Saadet-Asrinda-Dogruluk-Ve-Sadakat-Sahabe-Hayatindan-Mustuy.pdf,Books/b-Library_Hzm-20260601T235628Z-3-002/b-Library_Hzm/Çocuklar için-Hzm/Sahabe Hayatından/5-Saadet-Asrinda-Dogruluk-Ve-Sadakat-Sahabe-Hayatindan-Mustuy.pdf,5-saadet-asrinda-Dogruluk-ve-sadakat-mustuy.txt,PDF,0,0,0,Mükerrer (Atlandı),7b1f34959c01d27814061b5fca2d4fe042f6a0c78d91008e0bee90edc91ef90c
6-Saadet-Asrinda-Ilim-Ve-Ibadet-Sahabe-Hayatindan-Mustuy.pdf,Books/b-Library_Hzm-20260601T235628Z-3-002/b-Library_Hzm/Çocuklar için-Hzm/Sahabe Hayatından/6-Saadet-Asrinda-Ilim-Ve-Ibadet-Sahabe-Hayatindan-Mustuy.pdf,6-saadet-asrinda-İlim-ve-ibadet-mustuy.txt,PDF,0,0,0,Mükerrer (Atlandı),7ac9f40fd8a788fda24c7fb856f86487778c52f2cf26b6e80de47f4195228418
01-hazreti-ebu-bekir-mustuy.pdf,Books/b-Library_Hzm-20260601T235628Z-3-002/b-Library_Hzm/Çocuklar için-Hzm/Sahabeler-Çocuk/01-hazreti-ebu-bekir-mustuy.pdf,01-hazreti-ebu-bekir-mustuy.txt,PDF,0,0,0,Mükerrer (Atlandı),a9c933f17adc93410955c161265df2d42fedf62d55621f660062454e42ebc59a
02-hazreti-omer-mustuy.pdf,Books/b-Library_Hzm-20260601T235628Z-3-002/b-Library_Hzm/Çocuklar için-Hzm/Sahabeler-Çocuk/02-hazreti-omer-mustuy.pdf,02-hazreti-omer-mustuy.txt,PDF,0,0,0,Mükerrer (Atlandı),92e6c60ae25a706174181e965e085c3520d143b423d833af5925d617b3210861
03-hazreti-osman-mustuy.pdf,Books/b-Library_Hzm-20260601T235628Z-3-002/b-Library_Hzm/Çocuklar için-Hzm/Sahabeler-Çocuk/03-hazreti-osman-mustuy.pdf,03-hazreti-osman-mustuy.txt,PDF,0,0,0,Mükerrer (Atlandı),8f9035d2463384c6606abb13bec9c8ce0245708c0332519cd2f85e80df8b92e0
04-hazreti-ali-mustuy.pdf,Books/b-Library_Hzm-20260601T235628Z-3-002/b-Library_Hzm/Çocuklar için-Hzm/Sahabeler-Çocuk/04-hazreti-ali-mustuy.pdf,04-hazreti-ali-mustuy.txt,PDF,0,0,0,Mükerrer (Atlandı),18f9648b439adaa008a6a5b2dd9e02fb95787c5f9f51efd762ec4145ec0bbb1d
05-hazreti-ebu-zer-mustuy.pdf,Books/b-Library_Hzm-20260601T235628Z-3-002/b-Library_Hzm/Çocuklar için-Hzm/Sahabeler-Çocuk/05-hazreti-ebu-zer-mustuy.pdf,05-hazreti-ebu-zer-mustuy.txt,PDF,0,0,0,Mükerrer (Atlandı),3664eb60c6d6d774841e7e5a299eb237c6ed16827a12cf17e183e29e80a048bf
06-musab-ibn-i-umeyr-mustuy.pdf,Books/b-Library_Hzm-20260601T235628Z-3-002/b-Library_Hzm/Çocuklar için-Hzm/Sahabeler-Çocuk/06-musab-ibn-i-umeyr-mustuy.pdf,06-musab-ibn-i-umeyr-mustuy.txt,PDF,0,0,0,Mükerrer (Atlandı),fc84ad4fbfa0adcfc8bbad333ae95413ae9afb658ce6ed7bb3892b8aaa052b8f
07-hazreti-hasan-ve-hazreti-huseyin-mustuy.pdf,Books/b-Library_Hzm-20260601T235628Z-3-002/b-Library_Hzm/Çocuklar için-Hzm/Sahabeler-Çocuk/07-hazreti-hasan-ve-hazreti-huseyin-mustuy.pdf,07-hazreti-hasan-ve-hazreti-huseyin-mustuy.txt,PDF,0,0,0,Mükerrer (Atlandı),8547e6b9a055a4ed9607dd0f1dd9118d66e845a474bc2d1c26f330ac2492c403
08-bedrin-aslani-hazreti-hamza-mustuy.pdf,Books/b-Library_Hzm-20260601T235628Z-3-002/b-Library_Hzm/Çocuklar için-Hzm/Sahabeler-Çocuk/08-bedrin-aslani-hazreti-hamza-mustuy.pdf,08-bedrin-aslani-hazreti-hamza-mustuy.txt,PDF,0,0,0,Mükerrer (Atlandı),a61a61a6eaf7022a261be424e6dc0c587e021fcbfb447651332ded2e6e722c0d
09-dahi-komutan-hazreti-halid-bin-velid-mustuy.pdf,Books/b-Library_Hzm-20260601T235628Z-3-002/b-Library_Hzm/Çocuklar için-Hzm/Sahabeler-Çocuk/09-dahi-komutan-hazreti-halid-bin-velid-mustuy.pdf,09-dahi-komutan-hazreti-halid-bin-velid-mustuy.txt,PDF,0,0,0,Mükerrer (Atlandı),0d0824fda362932d5feb9b73f404164518624170ebceb36b88bdac0d687c2f30
10-Hz-Ebu-Eyyub-el-Ensari-mustuy.pdf,Books/b-Library_Hzm-20260601T235628Z-3-002/b-Library_Hzm/Çocuklar için-Hzm/Sahabeler-Çocuk/10-Hz-Ebu-Eyyub-el-Ensari-mustuy.pdf,10-Hz-Ebu-Eyyub-el-Ensari-mustuy.txt,PDF,0,0,0,Mükerrer (Atlandı),f65c9e8eba1e29506593c095f0866baf9db1eec50564074a490149e7588f6bb4
1-yetim-yavru-mustuy.pdf,Books/b-Library_Hzm-20260601T235628Z-3-002/b-Library_Hzm/Çocuklar için-Hzm/Sahabelerin Örnek Hayatı-Çocuk/1-yetim-yavru-mustuy.pdf,1-yetim-yavru-mustuy.txt,PDF,0,0,0,Mükerrer (Atlandı),db484b479b9c523fda8ddef02a3cf7a78d2bf879e356689c1a156c9f354989dd
2-emanet-elbise-mustuy.pdf,Books/b-Library_Hzm-20260601T235628Z-3-002/b-Library_Hzm/Çocuklar için-Hzm/Sahabelerin Örnek Hayatı-Çocuk/2-emanet-elbise-mustuy.pdf,2-emanet-elbise-mustuy.txt,PDF,0,0,0,Mükerrer (Atlandı),15cef434c734eb50116c57897f17dca832c41f51c9574022beed9271f9ebdef8
3-bir-tas-corba-mustuy.pdf,Books/b-Library_Hzm-20260601T235628Z-3-002/b-Library_Hzm/Çocuklar için-Hzm/Sahabelerin Örnek Hayatı-Çocuk/3-bir-tas-corba-mustuy.pdf,3-bir-tas-corba-mustuy.txt,PDF,0,0,0,Mükerrer (Atlandı),4321f14916c6200004fac7d23eb0f4ffe6c0168d2b9866fa90eed45dc861fbb2
3-cocuk-sevgisi-mustuy.pdf,Books/b-Library_Hzm-20260601T235628Z-3-002/b-Library_Hzm/Çocuklar için-Hzm/Sahabelerin Örnek Hayatı-Çocuk/3-cocuk-sevgisi-mustuy.pdf,3-cocuk-sevgisi-mustuy.txt,PDF,0,0,0,Mükerrer (Atlandı),b02f38d226cc149d0593f990d3416eec638d7f1af9bbdfddf7b0b1563555be46
4-gercek-musteri-mustuy.pdf,Books/b-Library_Hzm-20260601T235628Z-3-002/b-Library_Hzm/Çocuklar için-Hzm/Sahabelerin Örnek Hayatı-Çocuk/4-gercek-musteri-mustuy.pdf,4-gercek-musteri-mustuy.txt,PDF,0,0,0,Mükerrer (Atlandı),e4abc33af671241e4bdaf6a606b0a5cdac442d9308169e211292de03c27ee957
5-kirilan-kalp-mustuy.pdf,Books/b-Library_Hzm-20260601T235628Z-3-002/b-Library_Hzm/Çocuklar için-Hzm/Sahabelerin Örnek Hayatı-Çocuk/5-kirilan-kalp-mustuy.pdf,5-kirilan-kalp-mustuy.txt,PDF,0,0,0,Mükerrer (Atlandı),af577990a81cf16a22143e9fba6e9b16bafcdd5fd03bccea43201109d946d113
6-yol-arkadasi-mustuy.pdf,Books/b-Library_Hzm-20260601T235628Z-3-002/b-Library_Hzm/Çocuklar için-Hzm/Sahabelerin Örnek Hayatı-Çocuk/6-yol-arkadasi-mustuy.pdf,6-yol-arkadasi-mustuy.txt,PDF,0,0,0,Mükerrer (Atlandı),eda6774a1f4a368d28cd1d76d1c845b91e99153bb16632c23b47bc7d3c4d1e34
7-sevinc-yili-mustuy.pdf,Books/b-Library_Hzm-20260601T235628Z-3-002/b-Library_Hzm/Çocuklar için-Hzm/Sahabelerin Örnek Hayatı-Çocuk/7-sevinc-yili-mustuy.pdf,7-sevinc-yili-mustuy.txt,PDF,0,0,0,Mükerrer (Atlandı),8f618f9fe43a9cae34c03c485655dc3b571601552293146ff031a9edc3c09c9a
1-Gozleri Kamastiran Isik-Peygamberimizin Hayati.PDF,Books/b-Library_Hzm-20260601T235628Z-3-002/b-Library_Hzm/Çocuklar için-Hzm/Siyer-Çocuk/1-Gozleri Kamastiran Isik-Peygamberimizin Hayati.PDF,1-Gozleri Kamastiran Isik-Peygamberimizin Hayati.txt,PDF,0,0,0,Mükerrer (Atlandı),775a3886845d57500b3bde679e6265f4c6d61c8ccf1079a3b8dda4cf59571e2f
2-Kutlu Dogum-Peygamberimizin Hayati.PDF,Books/b-Library_Hzm-20260601T235628Z-3-002/b-Library_Hzm/Çocuklar için-Hzm/Siyer-Çocuk/2-Kutlu Dogum-Peygamberimizin Hayati.PDF,2-Kutlu Dogum-Peygamberimizin Hayati.txt,PDF,0,0,0,Mükerrer (Atlandı),17283c5e623e06a1e055c28e2f82639f6e1298f6f143e515064315f0c567f164
3-En Güvenilir Insan-Peygamberimizin Hayati.PDF,Books/b-Library_Hzm-20260601T235628Z-3-002/b-Library_Hzm/Çocuklar için-Hzm/Siyer-Çocuk/3-En Güvenilir Insan-Peygamberimizin Hayati.PDF,3-En Güvenilir Insan-Peygamberimizin Hayati.txt,PDF,0,0,0,Mükerrer (Atlandı),deaa6ae76d4f104895fbe94fcf9ac0ca85de891114ea1a0a8f0da2c429eab95a
5-Medine Yillari-Peygamberimizin Hayati.PDF,Books/b-Library_Hzm-20260601T235628Z-3-002/b-Library_Hzm/Çocuklar için-Hzm/Siyer-Çocuk/5-Medine Yillari-Peygamberimizin Hayati.PDF,5-Medine Yillari-Peygamberimizin Hayati.txt,PDF,0,0,0,Mükerrer (Atlandı),da52fa5fbd94fcde639dea7df20c72c0de87ac07ebd14d5160ab9fd55cc81745
ilk-oykulerim-serisi-01-rabia-kandira-yesil-tespih-mustuy.pdf,Books/b-Library_Hzm-20260601T235628Z-3-002/b-Library_Hzm/Çocuklar için-Hzm/İlk öykülerim/ilk-oykulerim-serisi-01-rabia-kandira-yesil-tespih-mustuy.pdf,ilk-oykulerim-serisi-01-rabia-kandira-yesil-tespih-mustuy.txt,PDF,0,0,0,Mükerrer (Atlandı),5dd90354dbca5816fcb85b8f96863572b683ac4958e26ebcafb62e673c899c55
ilk-oykulerim-serisi-02-rabia-kandira-minik-kedi-mustuy.pdf,Books/b-Library_Hzm-20260601T235628Z-3-002/b-Library_Hzm/Çocuklar için-Hzm/İlk öykülerim/ilk-oykulerim-serisi-02-rabia-kandira-minik-kedi-mustuy.pdf,ilk-oykulerim-serisi-02-rabia-kandira-minik-kedi-mustuy.txt,PDF,0,0,0,Mükerrer (Atlandı),111eade805c372695bc38c3507d54d666f26d44ecc1f478601b998cc0ad642dd
ilk-oykulerim-serisi-05-osman-kaplan-yarim-elma-mustuy.pdf,Books/b-Library_Hzm-20260601T235628Z-3-002/b-Library_Hzm/Çocuklar için-Hzm/İlk öykülerim/ilk-oykulerim-serisi-05-osman-kaplan-yarim-elma-mustuy.pdf,ilk-oykulerim-serisi-05-osman-kaplan-yarim-elma-mustuy.txt,PDF,0,0,0,Mükerrer (Atlandı),caec4142831142fc63614d851fc35c50bd176c5f9374beb88e407164542bdc60
ilk-oykulerim-serisi-06-safak-demir-hazine-pesinde-mustuy.pdf,Books/b-Library_Hzm-20260601T235628Z-3-002/b-Library_Hzm/Çocuklar için-Hzm/İlk öykülerim/ilk-oykulerim-serisi-06-safak-demir-hazine-pesinde-mustuy.pdf,ilk-oykulerim-serisi-06-safak-demir-hazine-pesinde-mustuy.txt,PDF,0,0,0,Mükerrer (Atlandı),5d1aefa9624c630972ac23a74eef7dcfcf41fdbcdbe1bce4707da3040d2c8533
ilk-oykulerim-serisi-07-safak-demir-evimizin-forveti-mustuy.pdf,Books/b-Library_Hzm-20260601T235628Z-3-002/b-Library_Hzm/Çocuklar için-Hzm/İlk öykülerim/ilk-oykulerim-serisi-07-safak-demir-evimizin-forveti-mustuy.pdf,ilk-oykulerim-serisi-07-safak-demir-evimizin-forveti-mustuy.txt,PDF,0,0,0,Mükerrer (Atlandı),77d20e24e2a25f68297645aed3bde72f8f50bf85d32bf871b9fc2e63dd1b9d0c
ilk-oykulerim-serisi-08-h-ibrahim-cayirli-babamin-sol-ayagi-mustuy.pdf,Books/b-Library_Hzm-20260601T235628Z-3-002/b-Library_Hzm/Çocuklar için-Hzm/İlk öykülerim/ilk-oykulerim-serisi-08-h-ibrahim-cayirli-babamin-sol-ayagi-mustuy.pdf,ilk-oykulerim-serisi-08-h-ibrahim-cayirli-babamin-sol-ayagi-mustuy.txt,PDF,0,0,0,Mükerrer (Atlandı),67cef83c928fc0ea2ceadf3e6e2b3001e7c65d7626aec8d5a8a9be4ae62399ec
ilk-oykulerim-serisi-09-aysel-ertan-seftali-agaci-mustuy.pdf,Books/b-Library_Hzm-20260601T235628Z-3-002/b-Library_Hzm/Çocuklar için-Hzm/İlk öykülerim/ilk-oykulerim-serisi-09-aysel-ertan-seftali-agaci-mustuy.pdf,ilk-oykulerim-serisi-09-aysel-ertan-seftali-agaci-mustuy.txt,PDF,0,0,0,Mükerrer (Atlandı),02c47ce9c1a8764c47dd23a40728ea73f20662dcced494f366ccd4ea04df92e6
1-Allah_a-iman-Hekimoğlu-ismail.pdf,Books/b-Library_Hzm-20260601T235628Z-3-002/b-Library_Hzm/Çocuklar için-Hzm/İman-Hekimoğlu İsmail/1-Allah_a-iman-Hekimoğlu-ismail.pdf,1-Allah_a-iman-Hekimoğlu-ismail.txt,PDF,0,0,0,Mükerrer (Atlandı),bccd9277dbdc312e25ce5e865534fd0ed8299bca1f96bc5c250eb344780dccaf
2-Kitaplara-İman-Hekimoğlu-İsmail.pdf,Books/b-Library_Hzm-20260601T235628Z-3-002/b-Library_Hzm/Çocuklar için-Hzm/İman-Hekimoğlu İsmail/2-Kitaplara-İman-Hekimoğlu-İsmail.pdf,2-Kitaplara-İman-Hekimoğlu-İsmail.txt,PDF,0,0,0,Mükerrer (Atlandı),bb61d82813f8e1e2bf5a983d2689dc9edb14a08f1c17a5550bb6faac855862f7
3-Peygamberlere-İman-Hekimoğlu-İsmail.pdf,Books/b-Library_Hzm-20260601T235628Z-3-002/b-Library_Hzm/Çocuklar için-Hzm/İman-Hekimoğlu İsmail/3-Peygamberlere-İman-Hekimoğlu-İsmail.pdf,3-Peygamberlere-İman-Hekimoğlu-İsmail.txt,PDF,0,0,0,Mükerrer (Atlandı),a4ad4bb1101e6b3f07834e4b84d1a8926ff119c33d63a358d5385a25b202a00c
4-Haşre-İman-Hekimoğlu-İsmail.pdf,Books/b-Library_Hzm-20260601T235628Z-3-002/b-Library_Hzm/Çocuklar için-Hzm/İman-Hekimoğlu İsmail/4-Haşre-İman-Hekimoğlu-İsmail.pdf,4-Haşre-İman-Hekimoğlu-İsmail.txt,PDF,0,0,0,Mükerrer (Atlandı),ac4332d8da0902d90cfe6fb31bf32b57cc4b1bf4d07dbc210b4841646b3c0e78
Neye-Nasıl-İnanırım-Hekimoğlu-İsmail.pdf,Books/b-Library_Hzm-20260601T235628Z-3-002/b-Library_Hzm/Çocuklar için-Hzm/İman-Hekimoğlu İsmail/Neye-Nasıl-İnanırım-Hekimoğlu-İsmail.pdf,Neye-Nasıl-İnanırım-Hekimoğlu-İsmail.txt,PDF,0,0,0,Mükerrer (Atlandı),acc8d21c7334079fa7b5520eeb1385c936088986e4873cdd7a5695a464f7b5b8
sirin-cocuklar-01-mustuy.pdf,Books/b-Library_Hzm-20260601T235628Z-3-002/b-Library_Hzm/Çocuklar için-Hzm/Şirin Çocuklar-Dini/sirin-cocuklar-01-mustuy.pdf,sirin-cocuklar-01-mustuy.txt,PDF,0,0,0,Mükerrer (Atlandı),872444dadfc463ff2d05c6ba3e7bb15aaebc75902417e5d792f719051f74c906
sirin-cocuklar-02-mustuy.pdf,Books/b-Library_Hzm-20260601T235628Z-3-002/b-Library_Hzm/Çocuklar için-Hzm/Şirin Çocuklar-Dini/sirin-cocuklar-02-mustuy.pdf,sirin-cocuklar-02-mustuy.txt,PDF,0,0,0,Mükerrer (Atlandı),ed54cf295d2925d11bd2debe759f66dd2c54385c93a573493bc26f4426f3453e
sirin-cocuklar-03-mustuy.pdf,Books/b-Library_Hzm-20260601T235628Z-3-002/b-Library_Hzm/Çocuklar için-Hzm/Şirin Çocuklar-Dini/sirin-cocuklar-03-mustuy.pdf,sirin-cocuklar-03-mustuy.txt,PDF,0,0,0,Mükerrer (Atlandı),1bfb1a354e2234e2a0873c8544022d8467a592d8a961b57e1827b92a5df2021f
sirin-cocuklar-04-mustuy.pdf,Books/b-Library_Hzm-20260601T235628Z-3-002/b-Library_Hzm/Çocuklar için-Hzm/Şirin Çocuklar-Dini/sirin-cocuklar-04-mustuy.pdf,sirin-cocuklar-04-mustuy.txt,PDF,0,0,0,Mükerrer (Atlandı),262b60f984dcbc81e12b320d57c0d1c91e8366101cbdf60f68d57fea3d2f1aff
sirin-cocuklar-05-mustuy.pdf,Books/b-Library_Hzm-20260601T235628Z-3-002/b-Library_Hzm/Çocuklar için-Hzm/Şirin Çocuklar-Dini/sirin-cocuklar-05-mustuy.pdf,sirin-cocuklar-05-mustuy.txt,PDF,0,0,0,Mükerrer (Atlandı),a59691822faad6ebffc4e51b8f212222dfa092c2353f89e7b7ef5a9f65715e28
sirin-cocuklar-06-mustuy.pdf,Books/b-Library_Hzm-20260601T235628Z-3-002/b-Library_Hzm/Çocuklar için-Hzm/Şirin Çocuklar-Dini/sirin-cocuklar-06-mustuy.pdf,sirin-cocuklar-06-mustuy.txt,PDF,0,0,0,Mükerrer (Atlandı),df19f80aef9b2e71be2bd5c2c67c42bc6a094bdf60ce76c763a28c0f5f8c2882
sirin-cocuklar-07-mustuy.pdf,Books/b-Library_Hzm-20260601T235628Z-3-002/b-Library_Hzm/Çocuklar için-Hzm/Şirin Çocuklar-Dini/sirin-cocuklar-07-mustuy.pdf,sirin-cocuklar-07-mustuy.txt,PDF,0,0,0,Mükerrer (Atlandı),796d84bf6d00ac3e2aa5aa6022894eb98dc9c7790396b04d715ef66302eb2f39
sirin-cocuklar-08-mustuy.pdf,Books/b-Library_Hzm-20260601T235628Z-3-002/b-Library_Hzm/Çocuklar için-Hzm/Şirin Çocuklar-Dini/sirin-cocuklar-08-mustuy.pdf,sirin-cocuklar-08-mustuy.txt,PDF,0,0,0,Mükerrer (Atlandı),83c8978c9ae91f7308038ebd4ffc81102ec11c48f87e334a7b12dc8347a16361
gavin-francis-insan-vucuduna-seyahat_Mir.az_.pdf,Books/b-Lİbrary_Tr-Gen-20260601T232943Z-3-002/b-Lİbrary_Tr-Gen/Genel Kültür/gavin-francis-insan-vucuduna-seyahat_Mir.az_.pdf,Insan-Vicuduna-Seyahet-Gavin-Francis-Shiirsel-Dash-1975-144s-pdf.txt,PDF,0,0,0,Mükerrer (Atlandı),dc4c00a1a7b58bf44edef108277ba72eb4864fa4cb8d5602498ddc9c938b784f
Beden-Dili-Karşınızdakinin-Davranışlearından-Duşuncelerini-Anlamanın-Yolu-Allan-Pease.pdf,Books/b-Lİbrary_Tr-Gen-20260601T232943Z-3-003/b-Lİbrary_Tr-Gen/Beden Dili/Beden-Dili-Karşınızdakinin-Davranışlearından-Duşuncelerini-Anlamanın-Yolu-Allan-Pease.pdf,Beden-Dili-Allan-Pease.txt,PDF,0,0,0,Mükerrer (Atlandı),3b24d7906e79beb14a2a513aee0f4a9aa326314b3f66f3399b46f58882624380
Hafızana-Hukmet-Tony-Buzan.pdf,Books/b-Lİbrary_Tr-Gen-20260601T232943Z-3-003/b-Lİbrary_Tr-Gen/Beyin ve Hafıza/Hafiza/Hafızana-Hukmet-Tony-Buzan.pdf,Hafızana-Hukmet-Hafızanın-Gucunu-Artırmak-İcin-Yaratıcı-Yontemler-Tony-Buzan.txt,PDF,0,0,0,Mükerrer (Atlandı),5081358be90057789ba4fb16975b6cede8d2c4838d44d5496d532b6d4e536915
Albert-Camus-Başkaldıran-İnsan.pdf,Books/b-Lİbrary_Tr-Gen-20260601T232943Z-3-003/b-Lİbrary_Tr-Gen/Felsefe-Fikriyat/Albert-Camus-Başkaldıran-İnsan.pdf,Başkaldıran-İnsan-Albert-Camus.txt,PDF,0,0,0,Mükerrer (Atlandı),06479b404ac55d698d8918bf7c576bb09c82adb93b975da3673938b2c631607f
Richard-Sennett-Yeni-Kapitalizmin-Kulturu.pdf,Books/b-Lİbrary_Tr-Gen-20260601T232943Z-3-003/b-Lİbrary_Tr-Gen/Felsefe-Fikriyat/Richard-Sennett-Yeni-Kapitalizmin-Kulturu.pdf,Yeni-Kapitalizmin-Kulturu-Richard-Sennett.txt,PDF,0,0,0,Mükerrer (Atlandı),57ecf51505195cf924252a6ab8025469fd0e334a2b82c3e959b2ea638bf5e191
-ETSY-Baslangic-Rehberi (1).pdf,Books/b-Lİbrary_Tr-Gen-20260601T232943Z-3-003/b-Lİbrary_Tr-Gen/Reklam-Pazarlama-Satis/Etsy/-ETSY-Baslangic-Rehberi (1).pdf,ETSY-Baslangic-Rehberi.txt,PDF,0,0,0,Mükerrer (Atlandı),201e4dfe7a5d16a9ceb6a206c6e1fb82bca33e1ea22cd6767172bcbb47fd5647
Etsy-Rehberi-Sıfırdan-Profesyonelliğe-Giden-Yol-3-1.pdf,Books/b-Lİbrary_Tr-Gen-20260601T232943Z-3-003/b-Lİbrary_Tr-Gen/Reklam-Pazarlama-Satis/Etsy/Etsy-Rehberi-Sıfırdan-Profesyonelliğe-Giden-Yol-3-1.pdf,Etsy-Rehberi-Sıfırdan-Profesyonelliğe-Giden-Yol-3-1 (1).txt,PDF,0,0,0,Mükerrer (Atlandı),4ca1edcb2cec75fe96e1f0b6e1df1f62d9fc8d27db4059d98818fb73ce6bdf87
Etsy-kurallari.pdf,Books/b-Lİbrary_Tr-Gen-20260601T232943Z-3-003/b-Lİbrary_Tr-Gen/Reklam-Pazarlama-Satis/Etsy/Etsy-kurallari.pdf,etsy-kurallari.txt,PDF,0,0,0,Mükerrer (Atlandı),d9bf5480fc8b4fdadee072dabfc8342a241ac7ca1272ace32523e0dacd1624cd
SOSYAL-MEDYA-UZMANLIK-PROGRAMI.pdf,Books/b-Lİbrary_Tr-Gen-20260601T232943Z-3-003/b-Lİbrary_Tr-Gen/Reklam-Pazarlama-Satis/Sosyal Medya Marketing/SOSYAL-MEDYA-UZMANLIK-PROGRAMI.pdf,SOSYAL-MEDYA-UZMANLIK-PROGRAMI-pptx (1).txt,PDF,0,0,0,Mükerrer (Atlandı),069a719fc78f73ad08a70a8c0c5d57a336554a8fc852d3a098f1fe841fd639e7
İnstagram-Finansal-Gelişim.pdf,Books/b-Lİbrary_Tr-Gen-20260601T232943Z-3-003/b-Lİbrary_Tr-Gen/Reklam-Pazarlama-Satis/Sosyal Medya Marketing/İnstagram-Finansal-Gelişim.pdf,İnstagram-Buyume-Sırları-Finansal-Gelişim.txt,PDF,0,0,0,Mükerrer (Atlandı),a06b6bb10dc59e1da1019dd2019b3e3f29c4669d5a04042c20c4d37e4b9dadc3
Refleksoloji-pdf.pdf,Books/b-Lİbrary_Tr-Gen-20260601T232943Z-3-003/b-Lİbrary_Tr-Gen/Tıp/Refleksoloji-pdf.pdf,Refleksoloji-Zeynep-Aksel-Wilhelm.txt,PDF,0,0,0,Mükerrer (Atlandı),127da0287a16e65aa1cd5c55e5e06daabf041079f407e2ef0b6ca3e9e7f0fa69
