Kitap Adı,Dosya Tipi,Kaynak / Durum,Tam Dosya Yolu,Bulunduğu Klasör,Boyut (MB)
sayit-kocer-efendimizin-sav-ramazani-isikyayinlari.pdf,PDF,ZIP Arşivi İçinde (b-Library_Hzm-20260601T230631Z-3-001.zip),C:\Users\default.LAPTOP-OBA1HVU9\.antigravity-ide\Books\b-Library_Hzm-20260601T230631Z-3-001.zip -> b-Library_Hzm/Ramazan-Oruç-Üç aylar/sayit-kocer-efendimizin-sav-ramazani-isikyayinlari.pdf,b-Library_Hzm/Ramazan-Oruç-Üç aylar,0.88
Questions-and-Answers-About-Islam-Vol-2-M-Fethullah-Gulen.pdf,PDF,ZIP Arşivi İçinde (b-Library_Hzm-20260601T230631Z-3-001.zip),C:\Users\default.LAPTOP-OBA1HVU9\.antigravity-ide\Books\b-Library_Hzm-20260601T230631Z-3-001.zip -> b-Library_Hzm/PRL-English/Questions-and-Answers-About-Islam-Vol-2-M-Fethullah-Gulen.pdf,b-Library_Hzm/PRL-English,0.52
Hizmet-Studies-Review.pdf,PDF,ZIP Arşivi İçinde (b-Library_Hzm-20260601T230631Z-3-001.zip),C:\Users\default.LAPTOP-OBA1HVU9\.antigravity-ide\Books\b-Library_Hzm-20260601T230631Z-3-001.zip -> b-Library_Hzm/Hzm-Studies/Hizmet-Studies-Review.pdf,b-Library_Hzm/Hzm-Studies,0.61
Kutlu Zamanlar.pdf,PDF,ZIP Arşivi İçinde (b-Library_Hzm-20260601T230631Z-3-001.zip),C:\Users\default.LAPTOP-OBA1HVU9\.antigravity-ide\Books\b-Library_Hzm-20260601T230631Z-3-001.zip -> b-Library_Hzm/Kutlu Zamanlar.pdf,b-Library_Hzm,0.85
Ahirzaman-ve-Kiyamet-Alametleri-Ayhan-Tekines (1).pdf,PDF,ZIP Arşivi İçinde (b-Library_Hzm-20260601T230631Z-3-001.zip),C:\Users\default.LAPTOP-OBA1HVU9\.antigravity-ide\Books\b-Library_Hzm-20260601T230631Z-3-001.zip -> b-Library_Hzm/Ahirzaman-ve-Kiyamet-Alametleri-Ayhan-Tekines (1).pdf,b-Library_Hzm,0.86
OS-Pennsylvania-Surgununde-Bir-Cocuk.pdf,PDF,ZIP Arşivi İçinde (b-Library_Hzm-20260601T230631Z-3-001.zip),C:\Users\default.LAPTOP-OBA1HVU9\.antigravity-ide\Books\b-Library_Hzm-20260601T230631Z-3-001.zip -> b-Library_Hzm/Yazarlar-Hzm/OS-Pennsylvania-Surgununde-Bir-Cocuk.pdf,b-Library_Hzm/Yazarlar-Hzm,0.77
Questions-and-Answers-About-Islam-Vol-1-M-Fethullah-Gulen.pdf,PDF,ZIP Arşivi İçinde (b-Library_Hzm-20260601T230631Z-3-001.zip),C:\Users\default.LAPTOP-OBA1HVU9\.antigravity-ide\Books\b-Library_Hzm-20260601T230631Z-3-001.zip -> b-Library_Hzm/PRL-English/Questions-and-Answers-About-Islam-Vol-1-M-Fethullah-Gulen.pdf,b-Library_Hzm/PRL-English,0.89
Metafizik-Aleminin-Sakinleri-Melekler-ve-Cinler-Mehmet-Seker-IsikYayinlari.pdf,PDF,ZIP Arşivi İçinde (b-Library_Hzm-20260601T230631Z-3-001.zip),C:\Users\default.LAPTOP-OBA1HVU9\.antigravity-ide\Books\b-Library_Hzm-20260601T230631Z-3-001.zip -> b-Library_Hzm/Metafizik-Aleminin-Sakinleri-Melekler-ve-Cinler-Mehmet-Seker-IsikYayinlari.pdf,b-Library_Hzm,0.75
Ahmet Ersöz-Mehmet Özyurt.pdf,PDF,ZIP Arşivi İçinde (b-Library_Hzm-20260601T230631Z-3-001.zip),C:\Users\default.LAPTOP-OBA1HVU9\.antigravity-ide\Books\b-Library_Hzm-20260601T230631Z-3-001.zip -> b-Library_Hzm/Üstad BZ Hz Talebeleri-Hzm/Ahmet Ersöz-Mehmet Özyurt.pdf,b-Library_Hzm/Üstad BZ Hz Talebeleri-Hzm,1.83
The-Essentials-of-the-Islamic-Faith-Fethullah-Gulen.pdf,PDF,ZIP Arşivi İçinde (b-Library_Hzm-20260601T230631Z-3-001.zip),C:\Users\default.LAPTOP-OBA1HVU9\.antigravity-ide\Books\b-Library_Hzm-20260601T230631Z-3-001.zip -> b-Library_Hzm/PRL-English/The-Essentials-of-the-Islamic-Faith-Fethullah-Gulen.pdf,b-Library_Hzm/PRL-English,0.7
100-Soruda-Ahiret-Hayat-U0131.pdf,PDF,ZIP Arşivi İçinde (b-Library_Hzm-20260601T230631Z-3-001.zip),C:\Users\default.LAPTOP-OBA1HVU9\.antigravity-ide\Books\b-Library_Hzm-20260601T230631Z-3-001.zip -> b-Library_Hzm/100-Soruda-Ahiret-Hayat-U0131.pdf,b-Library_Hzm,1.78
Mesnevi Hikayelerinden-2 - Kadir Ozkose - Gafletten Kurtulus - UfukYayinlari.pdf,PDF,ZIP Arşivi İçinde (b-Library_Hzm-20260601T230631Z-3-001.zip),C:\Users\default.LAPTOP-OBA1HVU9\.antigravity-ide\Books\b-Library_Hzm-20260601T230631Z-3-001.zip -> b-Library_Hzm/Ufuk Yayinlari/Mesnevi Hikayelerinden-2 - Kadir Ozkose - Gafletten Kurtulus - UfukYayinlari.pdf,b-Library_Hzm/Ufuk Yayinlari,0.75
Imam-i-Rabbani-KaynakYayinlari.pdf,PDF,ZIP Arşivi İçinde (b-Library_Hzm-20260601T230631Z-3-001.zip),C:\Users\default.LAPTOP-OBA1HVU9\.antigravity-ide\Books\b-Library_Hzm-20260601T230631Z-3-001.zip -> b-Library_Hzm/Imam-i-Rabbani-KaynakYayinlari.pdf,b-Library_Hzm,0.77
Rüya-Hakikat-Penceresi-mi-Hayal-Perdesimi-mi-M-Yusuf-Guven-O-Fatih-Belbagi.pdf,PDF,ZIP Arşivi İçinde (b-Library_Hzm-20260601T230631Z-3-001.zip),C:\Users\default.LAPTOP-OBA1HVU9\.antigravity-ide\Books\b-Library_Hzm-20260601T230631Z-3-001.zip -> b-Library_Hzm/Rüya-Hakikat-Penceresi-mi-Hayal-Perdesimi-mi-M-Yusuf-Guven-O-Fatih-Belbagi.pdf,b-Library_Hzm,0.67
Rainer Hermann - Turkiyede Neler Oluyor - Anadolunu Uyanisi ve Yeni Elitler - UfukYayinlari.pdf,PDF,ZIP Arşivi İçinde (b-Library_Hzm-20260601T230631Z-3-001.zip),C:\Users\default.LAPTOP-OBA1HVU9\.antigravity-ide\Books\b-Library_Hzm-20260601T230631Z-3-001.zip -> b-Library_Hzm/Ufuk Yayinlari/Rainer Hermann - Turkiyede Neler Oluyor - Anadolunu Uyanisi ve Yeni Elitler - UfukYayinlari.pdf,b-Library_Hzm/Ufuk Yayinlari,0.78
OS-Ibretlik-Hatiralar-M-Fethullah-Gulenin-Ruh-Dunyasina-Ayna-OS.pdf,PDF,ZIP Arşivi İçinde (b-Library_Hzm-20260601T230631Z-3-001.zip),C:\Users\default.LAPTOP-OBA1HVU9\.antigravity-ide\Books\b-Library_Hzm-20260601T230631Z-3-001.zip -> b-Library_Hzm/Yazarlar-Hzm/OS-Ibretlik-Hatiralar-M-Fethullah-Gulenin-Ruh-Dunyasina-Ayna-OS.pdf,b-Library_Hzm/Yazarlar-Hzm,1.13
Suat Yildirim-Oryantalistlerin Yanilgilari - UfukYayinlari.pdf,PDF,ZIP Arşivi İçinde (b-Library_Hzm-20260601T230631Z-3-001.zip),C:\Users\default.LAPTOP-OBA1HVU9\.antigravity-ide\Books\b-Library_Hzm-20260601T230631Z-3-001.zip -> b-Library_Hzm/Suat Yıldırım/Suat Yildirim-Oryantalistlerin Yanilgilari - UfukYayinlari.pdf,b-Library_Hzm/Suat Yıldırım,1.4
Necmettin-Sahiner-Uc-Feyizli-Nur-SahdamarY.pdf,PDF,ZIP Arşivi İçinde (b-Library_Hzm-20260601T230631Z-3-001.zip),C:\Users\default.LAPTOP-OBA1HVU9\.antigravity-ide\Books\b-Library_Hzm-20260601T230631Z-3-001.zip -> b-Library_Hzm/Üstad BZ Hz Talebeleri-Hzm/Necmettin-Sahiner-Uc-Feyizli-Nur-SahdamarY.pdf,b-Library_Hzm/Üstad BZ Hz Talebeleri-Hzm,15.66
Fethullah-Gulen-Biography.pdf,PDF,ZIP Arşivi İçinde (b-Library_Hzm-20260601T230631Z-3-001.zip),C:\Users\default.LAPTOP-OBA1HVU9\.antigravity-ide\Books\b-Library_Hzm-20260601T230631Z-3-001.zip -> b-Library_Hzm/MFG/Fethullah-Gulen-Biography.pdf,b-Library_Hzm/MFG,2.94
An-Analysis-of-the-Prophet-s-Life-The-Messenger-Of-God-Muhammad-Fethullah-Gulen.pdf,PDF,ZIP Arşivi İçinde (b-Library_Hzm-20260601T230631Z-3-001.zip),C:\Users\default.LAPTOP-OBA1HVU9\.antigravity-ide\Books\b-Library_Hzm-20260601T230631Z-3-001.zip -> b-Library_Hzm/PRL-English/An-Analysis-of-the-Prophet-s-Life-The-Messenger-Of-God-Muhammad-Fethullah-Gulen.pdf,b-Library_Hzm/PRL-English,1.14
Asli-Kaplan-Kozmik-Perde-AltinBurcYayinlari-pdf.pdf,PDF,ZIP Arşivi İçinde (b-Library_Hzm-20260601T230631Z-3-001.zip),C:\Users\default.LAPTOP-OBA1HVU9\.antigravity-ide\Books\b-Library_Hzm-20260601T230631Z-3-001.zip -> b-Library_Hzm/Tefekkür-Bilim-Hzm/Asli-Kaplan-Kozmik-Perde-AltinBurcYayinlari-pdf.pdf,b-Library_Hzm/Tefekkür-Bilim-Hzm,8.28
Abdulhakim-Yuce-Gece-ibadeti.pdf,PDF,ZIP Arşivi İçinde (b-Library_Hzm-20260601T230631Z-3-001.zip),C:\Users\default.LAPTOP-OBA1HVU9\.antigravity-ide\Books\b-Library_Hzm-20260601T230631Z-3-001.zip -> b-Library_Hzm/Yazarlar-Hzm/Abdulhakim-Yuce-Gece-ibadeti.pdf,b-Library_Hzm/Yazarlar-Hzm,0.83
Ibrahim-Canan-Islamda-Zaman Tanzimi.pdf,PDF,ZIP Arşivi İçinde (b-Library_Hzm-20260601T230631Z-3-001.zip),C:\Users\default.LAPTOP-OBA1HVU9\.antigravity-ide\Books\b-Library_Hzm-20260601T230631Z-3-001.zip -> b-Library_Hzm/Yazarlar-Hzm/Ibrahim-Canan-Islamda-Zaman Tanzimi.pdf,b-Library_Hzm/Yazarlar-Hzm,1.65
Meryem-Oglu-Isa-KaynakYayinlari-pdf.pdf,PDF,ZIP Arşivi İçinde (b-Library_Hzm-20260601T230631Z-3-001.zip),C:\Users\default.LAPTOP-OBA1HVU9\.antigravity-ide\Books\b-Library_Hzm-20260601T230631Z-3-001.zip -> b-Library_Hzm/Meryem-Oglu-Isa-KaynakYayinlari-pdf.pdf,b-Library_Hzm,0.91
Fethullah Gülen’s Teaching and Practice-Paul Weller.pdf,PDF,ZIP Arşivi İçinde (b-Library_Hzm-20260601T230631Z-3-001.zip),C:\Users\default.LAPTOP-OBA1HVU9\.antigravity-ide\Books\b-Library_Hzm-20260601T230631Z-3-001.zip -> b-Library_Hzm/MFG/Fethullah Gülen’s Teaching and Practice-Paul Weller.pdf,b-Library_Hzm/MFG,1.8
Davut-Ayduz-Namazı-Anlayarak-Kılmak.pdf,PDF,ZIP Arşivi İçinde (b-Library_Hzm-20260601T230631Z-3-001.zip),C:\Users\default.LAPTOP-OBA1HVU9\.antigravity-ide\Books\b-Library_Hzm-20260601T230631Z-3-001.zip -> b-Library_Hzm/Namaz/Davut-Ayduz-Namazı-Anlayarak-Kılmak.pdf,b-Library_Hzm/Namaz,0.99
Ahmet Ozer - Atabeyli Tahiri - Mehmet Tahiri Mutlu (Ahmet Ozer) (z-lib.org).PDF,PDF,ZIP Arşivi İçinde (b-Library_Hzm-20260601T230631Z-3-001.zip),C:\Users\default.LAPTOP-OBA1HVU9\.antigravity-ide\Books\b-Library_Hzm-20260601T230631Z-3-001.zip -> b-Library_Hzm/Üstad BZ Hz Talebeleri-Hzm/Ahmet Ozer - Atabeyli Tahiri - Mehmet Tahiri Mutlu (Ahmet Ozer) (z-lib.org).PDF,b-Library_Hzm/Üstad BZ Hz Talebeleri-Hzm,0.84
Gulen-Hareketi-1-Farkli-Seslerin-Ahengi-M-F-Gulen.pdf,PDF,ZIP Arşivi İçinde (b-Library_Hzm-20260601T230631Z-3-001.zip),C:\Users\default.LAPTOP-OBA1HVU9\.antigravity-ide\Books\b-Library_Hzm-20260601T230631Z-3-001.zip -> b-Library_Hzm/MFG/Gulen-Hareketi-1-Farkli-Seslerin-Ahengi-M-F-Gulen.pdf,b-Library_Hzm/MFG,0.93
Ekrem Dumanli-Alimler-Ve-Zalimler-Ekrem-Dumanli.pdf,PDF,ZIP Arşivi İçinde (b-Library_Hzm-20260601T230631Z-3-001.zip),C:\Users\default.LAPTOP-OBA1HVU9\.antigravity-ide\Books\b-Library_Hzm-20260601T230631Z-3-001.zip -> b-Library_Hzm/Yazarlar-Hzm/Ekrem Dumanli-Alimler-Ve-Zalimler-Ekrem-Dumanli.pdf,b-Library_Hzm/Yazarlar-Hzm,0.97
Kuranda-Ehli-Kitapla-Muhabbet-IsikAkademiY-pdf.pdf,PDF,ZIP Arşivi İçinde (b-Library_Hzm-20260601T230631Z-3-001.zip),C:\Users\default.LAPTOP-OBA1HVU9\.antigravity-ide\Books\b-Library_Hzm-20260601T230631Z-3-001.zip -> b-Library_Hzm/Kuranda-Ehli-Kitapla-Muhabbet-IsikAkademiY-pdf.pdf,b-Library_Hzm,1.47
İslamda-Resim-Heykel-Musiki-Ahmet-Yakutcan-Cuma-Omur.pdf,PDF,ZIP Arşivi İçinde (b-Library_Hzm-20260601T230631Z-3-001.zip),C:\Users\default.LAPTOP-OBA1HVU9\.antigravity-ide\Books\b-Library_Hzm-20260601T230631Z-3-001.zip -> b-Library_Hzm/Yazarlar-Hzm/İslamda-Resim-Heykel-Musiki-Ahmet-Yakutcan-Cuma-Omur.pdf,b-Library_Hzm/Yazarlar-Hzm,3.47
Vehbi Yildiz-İlham-kaynakları.pdf,PDF,ZIP Arşivi İçinde (b-Library_Hzm-20260601T230631Z-3-001.zip),C:\Users\default.LAPTOP-OBA1HVU9\.antigravity-ide\Books\b-Library_Hzm-20260601T230631Z-3-001.zip -> b-Library_Hzm/Yazarlar-Hzm/Vehbi Yildiz-İlham-kaynakları.pdf,b-Library_Hzm/Yazarlar-Hzm,1.08
Persecution-of-Hizmet-in-Turkey.pdf,PDF,ZIP Arşivi İçinde (b-Library_Hzm-20260601T230631Z-3-001.zip),C:\Users\default.LAPTOP-OBA1HVU9\.antigravity-ide\Books\b-Library_Hzm-20260601T230631Z-3-001.zip -> b-Library_Hzm/Hzm-Studies/Persecution-of-Hizmet-in-Turkey.pdf,b-Library_Hzm/Hzm-Studies,0.89
Turkce-Calisma-Kitabi-11-Harmony.pdf,PDF,ZIP Arşivi İçinde (b-Library_Hzm-20260601T230631Z-3-001.zip),C:\Users\default.LAPTOP-OBA1HVU9\.antigravity-ide\Books\b-Library_Hzm-20260601T230631Z-3-001.zip -> b-Library_Hzm/Turkce/Turkce-Calisma-Kitabi-11-Harmony.pdf,b-Library_Hzm/Turkce,70.09
Zekamatik-AltinBurcYayinlari.pdf,PDF,ZIP Arşivi İçinde (b-Library_Hzm-20260601T230631Z-3-001.zip),C:\Users\default.LAPTOP-OBA1HVU9\.antigravity-ide\Books\b-Library_Hzm-20260601T230631Z-3-001.zip -> b-Library_Hzm/Tefekkür-Bilim-Hzm/Zekamatik-AltinBurcYayinlari.pdf,b-Library_Hzm/Tefekkür-Bilim-Hzm,3.66
Ahmet Ozer - iki Unlu Kul  Abdurrahman ve Abdulmecid Nursi (Ahmet Ozer) (z-lib.org).PDF,PDF,ZIP Arşivi İçinde (b-Library_Hzm-20260601T230631Z-3-001.zip),C:\Users\default.LAPTOP-OBA1HVU9\.antigravity-ide\Books\b-Library_Hzm-20260601T230631Z-3-001.zip -> b-Library_Hzm/Üstad BZ Hz Talebeleri-Hzm/Ahmet Ozer - iki Unlu Kul  Abdurrahman ve Abdulmecid Nursi (Ahmet Ozer) (z-lib.org).PDF,b-Library_Hzm/Üstad BZ Hz Talebeleri-Hzm,2.1
Osmanlılarda-Hilafet-Mustafa-Alkan.pdf,PDF,ZIP Arşivi İçinde (b-Library_Hzm-20260601T230631Z-3-001.zip),C:\Users\default.LAPTOP-OBA1HVU9\.antigravity-ide\Books\b-Library_Hzm-20260601T230631Z-3-001.zip -> b-Library_Hzm/Osmanlılarda-Hilafet-Mustafa-Alkan.pdf,b-Library_Hzm,11.34
Haris-El-Muhasibi-Kalb-Hayati-2.pdf,PDF,ZIP Arşivi İçinde (b-Library_Hzm-20260601T230631Z-3-001.zip),C:\Users\default.LAPTOP-OBA1HVU9\.antigravity-ide\Books\b-Library_Hzm-20260601T230631Z-3-001.zip -> b-Library_Hzm/Haris-El-Muhasibi-Kalb-Hayati-2.pdf,b-Library_Hzm,26.74
mehmet-akar-ikram-sahdamary.pdf,PDF,ZIP Arşivi İçinde (b-Library_Hzm-20260601T230631Z-3-001.zip),C:\Users\default.LAPTOP-OBA1HVU9\.antigravity-ide\Books\b-Library_Hzm-20260601T230631Z-3-001.zip -> b-Library_Hzm/Üstad BZ Hz-Hzm/mehmet-akar-ikram-sahdamary.pdf,b-Library_Hzm/Üstad BZ Hz-Hzm,0.4
abdullah-mahmud-tantavi-bediuzzamana-gore-degisim-ve-yeniden-yapilanma-sahdamary.pdf,PDF,ZIP Arşivi İçinde (b-Library_Hzm-20260601T230631Z-3-001.zip),C:\Users\default.LAPTOP-OBA1HVU9\.antigravity-ide\Books\b-Library_Hzm-20260601T230631Z-3-001.zip -> b-Library_Hzm/Üstad BZ Hz-Hzm/abdullah-mahmud-tantavi-bediuzzamana-gore-degisim-ve-yeniden-yapilanma-sahdamary.pdf,b-Library_Hzm/Üstad BZ Hz-Hzm,0.41
Kainattaki Gizli Imza - Altin Oran - AltinBurcYayinlari (Yilmaz Sadikli) (z-lib.org).pdf,PDF,ZIP Arşivi İçinde (b-Library_Hzm-20260601T230631Z-3-001.zip),C:\Users\default.LAPTOP-OBA1HVU9\.antigravity-ide\Books\b-Library_Hzm-20260601T230631Z-3-001.zip -> b-Library_Hzm/Tefekkür-Bilim-Hzm/Kainattaki Gizli Imza - Altin Oran - AltinBurcYayinlari (Yilmaz Sadikli) (z-lib.org).pdf,b-Library_Hzm/Tefekkür-Bilim-Hzm,13.76
mustafa-ozturkcu-bediuezzamanin-bilinmeyen-akrabalari-sahdamary.pdf,PDF,ZIP Arşivi İçinde (b-Library_Hzm-20260601T230631Z-3-001.zip),C:\Users\default.LAPTOP-OBA1HVU9\.antigravity-ide\Books\b-Library_Hzm-20260601T230631Z-3-001.zip -> b-Library_Hzm/Üstad BZ Hz-Hzm/mustafa-ozturkcu-bediuezzamanin-bilinmeyen-akrabalari-sahdamary.pdf,b-Library_Hzm/Üstad BZ Hz-Hzm,16.56
İslam Tarihi_1.pdf,PDF,ZIP Arşivi İçinde (b-Library_Hzm-20260601T230631Z-3-001.zip),C:\Users\default.LAPTOP-OBA1HVU9\.antigravity-ide\Books\b-Library_Hzm-20260601T230631Z-3-001.zip -> b-Library_Hzm/Tarih-Hzm/İslam Tarihi_1.pdf,b-Library_Hzm/Tarih-Hzm,3.53
Hz Aisha-the-wife-the-companion-the-scholar-Reşit Haylamaz.pdf,PDF,ZIP Arşivi İçinde (b-Library_Hzm-20260601T230631Z-3-001.zip),C:\Users\default.LAPTOP-OBA1HVU9\.antigravity-ide\Books\b-Library_Hzm-20260601T230631Z-3-001.zip -> b-Library_Hzm/Sahabe-Hzm-English/Hz Aisha-the-wife-the-companion-the-scholar-Reşit Haylamaz.pdf,b-Library_Hzm/Sahabe-Hzm-English,1.4
necmettin-sahiner-yazarlarin-kaleminden-bediuzzaman-sahdamary.pdf,PDF,ZIP Arşivi İçinde (b-Library_Hzm-20260601T230631Z-3-001.zip),C:\Users\default.LAPTOP-OBA1HVU9\.antigravity-ide\Books\b-Library_Hzm-20260601T230631Z-3-001.zip -> b-Library_Hzm/Üstad BZ Hz-Hzm/necmettin-sahiner-yazarlarin-kaleminden-bediuzzaman-sahdamary.pdf,b-Library_Hzm/Üstad BZ Hz-Hzm,3.76
mehmet-akar-seyda-sahdamary.pdf,PDF,ZIP Arşivi İçinde (b-Library_Hzm-20260601T230631Z-3-001.zip),C:\Users\default.LAPTOP-OBA1HVU9\.antigravity-ide\Books\b-Library_Hzm-20260601T230631Z-3-001.zip -> b-Library_Hzm/Üstad BZ Hz-Hzm/mehmet-akar-seyda-sahdamary.pdf,b-Library_Hzm/Üstad BZ Hz-Hzm,0.79
mehmet-akar-dava-adami-sahdamary.pdf,PDF,ZIP Arşivi İçinde (b-Library_Hzm-20260601T230631Z-3-001.zip),C:\Users\default.LAPTOP-OBA1HVU9\.antigravity-ide\Books\b-Library_Hzm-20260601T230631Z-3-001.zip -> b-Library_Hzm/Üstad BZ Hz-Hzm/mehmet-akar-dava-adami-sahdamary.pdf,b-Library_Hzm/Üstad BZ Hz-Hzm,0.66
Fethullah-Gulenle-Amerika`da-bir-ay-Ismail-Unal.pdf,PDF,ZIP Arşivi İçinde (b-Library_Hzm-20260601T230631Z-3-001.zip),C:\Users\default.LAPTOP-OBA1HVU9\.antigravity-ide\Books\b-Library_Hzm-20260601T230631Z-3-001.zip -> b-Library_Hzm/HE-Bio-Hzm/Fethullah-Gulenle-Amerika`da-bir-ay-Ismail-Unal.pdf,b-Library_Hzm/HE-Bio-Hzm,9.19
mehmet-akar-seyda-2-barla-hayati-sahdamary.pdf,PDF,ZIP Arşivi İçinde (b-Library_Hzm-20260601T230631Z-3-001.zip),C:\Users\default.LAPTOP-OBA1HVU9\.antigravity-ide\Books\b-Library_Hzm-20260601T230631Z-3-001.zip -> b-Library_Hzm/Üstad BZ Hz-Hzm/mehmet-akar-seyda-2-barla-hayati-sahdamary.pdf,b-Library_Hzm/Üstad BZ Hz-Hzm,0.9
necmettin-sahiner-medresetuz-zehra-bediuzzaman-universitesi-sahdamary.pdf,PDF,ZIP Arşivi İçinde (b-Library_Hzm-20260601T230631Z-3-001.zip),C:\Users\default.LAPTOP-OBA1HVU9\.antigravity-ide\Books\b-Library_Hzm-20260601T230631Z-3-001.zip -> b-Library_Hzm/Üstad BZ Hz-Hzm/necmettin-sahiner-medresetuz-zehra-bediuzzaman-universitesi-sahdamary.pdf,b-Library_Hzm/Üstad BZ Hz-Hzm,5.25
Insanlik-Tarihi-Boyunca-Evrim-Adem-Tatli.pdf,PDF,ZIP Arşivi İçinde (b-Library_Hzm-20260601T230631Z-3-001.zip),C:\Users\default.LAPTOP-OBA1HVU9\.antigravity-ide\Books\b-Library_Hzm-20260601T230631Z-3-001.zip -> b-Library_Hzm/Evrim-Hzm/Insanlik-Tarihi-Boyunca-Evrim-Adem-Tatli.pdf,b-Library_Hzm/Evrim-Hzm,1.03
İslam Tarihi_4.pdf,PDF,ZIP Arşivi İçinde (b-Library_Hzm-20260601T230631Z-3-001.zip),C:\Users\default.LAPTOP-OBA1HVU9\.antigravity-ide\Books\b-Library_Hzm-20260601T230631Z-3-001.zip -> b-Library_Hzm/Tarih-Hzm/İslam Tarihi_4.pdf,b-Library_Hzm/Tarih-Hzm,3.97
Hak Dini Kuran Dili Tefsiri Bütün Ciltler.pdf,PDF,ZIP Arşivi İçinde (b-Library_Hzm-20260601T230631Z-3-001.zip),C:\Users\default.LAPTOP-OBA1HVU9\.antigravity-ide\Books\b-Library_Hzm-20260601T230631Z-3-001.zip -> b-Library_Hzm/Tefsir-Elmalılı Tefsiri-ZAMAN.pdf/Hak Dini Kuran Dili Tefsiri Bütün Ciltler.pdf,b-Library_Hzm/Tefsir-Elmalılı Tefsiri-ZAMAN.pdf,115.03
Necmettin-Sahiner-Bekir-Berk-sahdamari.pdf,PDF,ZIP Arşivi İçinde (b-Library_Hzm-20260601T230631Z-3-001.zip),C:\Users\default.LAPTOP-OBA1HVU9\.antigravity-ide\Books\b-Library_Hzm-20260601T230631Z-3-001.zip -> b-Library_Hzm/Üstad BZ Hz Talebeleri-Hzm/Necmettin-Sahiner-Bekir-Berk-sahdamari.pdf,b-Library_Hzm/Üstad BZ Hz Talebeleri-Hzm,58.36
İslam Tarihi_3.pdf,PDF,ZIP Arşivi İçinde (b-Library_Hzm-20260601T230631Z-3-001.zip),C:\Users\default.LAPTOP-OBA1HVU9\.antigravity-ide\Books\b-Library_Hzm-20260601T230631Z-3-001.zip -> b-Library_Hzm/Tarih-Hzm/İslam Tarihi_3.pdf,b-Library_Hzm/Tarih-Hzm,3.83
Peygamberimizin-teblig-metodlari.pdf,PDF,ZIP Arşivi İçinde (b-Library_Hzm-20260601T230631Z-3-001.zip),C:\Users\default.LAPTOP-OBA1HVU9\.antigravity-ide\Books\b-Library_Hzm-20260601T230631Z-3-001.zip -> b-Library_Hzm/irşad-Tebliğ-Hzm/Peygamberimizin-teblig-metodlari.pdf,b-Library_Hzm/irşad-Tebliğ-Hzm,2.28
Dinimin-Diregi-Namaz-Suleyman-Bosnali.pdf,PDF,ZIP Arşivi İçinde (b-Library_Hzm-20260601T230631Z-3-001.zip),C:\Users\default.LAPTOP-OBA1HVU9\.antigravity-ide\Books\b-Library_Hzm-20260601T230631Z-3-001.zip -> b-Library_Hzm/Namaz/Dinimin-Diregi-Namaz-Suleyman-Bosnali.pdf,b-Library_Hzm/Namaz,30.7
Hanim Sahabiler-gulyurduyayinlari.pdf,PDF,ZIP Arşivi İçinde (b-Library_Hzm-20260601T230631Z-3-001.zip),C:\Users\default.LAPTOP-OBA1HVU9\.antigravity-ide\Books\b-Library_Hzm-20260601T230631Z-3-001.zip -> b-Library_Hzm/Kadın Sahabeler/Hanim Sahabiler-gulyurduyayinlari.pdf,b-Library_Hzm/Kadın Sahabeler,0.99
Ezvac-ı Tahirat-gulyurduyayinlari.pdf,PDF,ZIP Arşivi İçinde (b-Library_Hzm-20260601T230631Z-3-001.zip),C:\Users\default.LAPTOP-OBA1HVU9\.antigravity-ide\Books\b-Library_Hzm-20260601T230631Z-3-001.zip -> b-Library_Hzm/Kadın Sahabeler/Ezvac-ı Tahirat-gulyurduyayinlari.pdf,b-Library_Hzm/Kadın Sahabeler,0.93
necmettin-sahiner-nurlarin-ilk-dershanesi-aziz-barla-sahdamary.pdf,PDF,ZIP Arşivi İçinde (b-Library_Hzm-20260601T230631Z-3-001.zip),C:\Users\default.LAPTOP-OBA1HVU9\.antigravity-ide\Books\b-Library_Hzm-20260601T230631Z-3-001.zip -> b-Library_Hzm/Üstad BZ Hz-Hzm/necmettin-sahiner-nurlarin-ilk-dershanesi-aziz-barla-sahdamary.pdf,b-Library_Hzm/Üstad BZ Hz-Hzm,26.91
Rehber Hanimlar-gulyurduyayinlari.pdf,PDF,ZIP Arşivi İçinde (b-Library_Hzm-20260601T230631Z-3-001.zip),C:\Users\default.LAPTOP-OBA1HVU9\.antigravity-ide\Books\b-Library_Hzm-20260601T230631Z-3-001.zip -> b-Library_Hzm/Kadın Sahabeler/Rehber Hanimlar-gulyurduyayinlari.pdf,b-Library_Hzm/Kadın Sahabeler,0.99
Yavuz-Sultan-Selim-Feridun-M-Emecan.pdf,PDF,ZIP Arşivi İçinde (b-Library_Hzm-20260601T230631Z-3-001.zip),C:\Users\default.LAPTOP-OBA1HVU9\.antigravity-ide\Books\b-Library_Hzm-20260601T230631Z-3-001.zip -> b-Library_Hzm/Tarih-Hzm/Yavuz-Sultan-Selim-Feridun-M-Emecan.pdf,b-Library_Hzm/Tarih-Hzm,10.21
Kuresel Dunyada islam-1 -Vincent Geisser -  islamofobi - UfukYayinlari.pdf,PDF,ZIP Arşivi İçinde (b-Library_Hzm-20260601T230631Z-3-001.zip),C:\Users\default.LAPTOP-OBA1HVU9\.antigravity-ide\Books\b-Library_Hzm-20260601T230631Z-3-001.zip -> b-Library_Hzm/Ufuk Yayinlari/Kuresel Dunyada islam-1 -Vincent Geisser -  islamofobi - UfukYayinlari.pdf,b-Library_Hzm/Ufuk Yayinlari,0.62
Kuresel Dunyada islam-2 - Ahmet Kurucan - ABD ve Din - UfukYayinlari.pdf,PDF,ZIP Arşivi İçinde (b-Library_Hzm-20260601T230631Z-3-001.zip),C:\Users\default.LAPTOP-OBA1HVU9\.antigravity-ide\Books\b-Library_Hzm-20260601T230631Z-3-001.zip -> b-Library_Hzm/Ufuk Yayinlari/Kuresel Dunyada islam-2 - Ahmet Kurucan - ABD ve Din - UfukYayinlari.pdf,b-Library_Hzm/Ufuk Yayinlari,0.66
Zahide-hanimlar-gulyurduyayinlari.pdf,PDF,ZIP Arşivi İçinde (b-Library_Hzm-20260601T230631Z-3-001.zip),C:\Users\default.LAPTOP-OBA1HVU9\.antigravity-ide\Books\b-Library_Hzm-20260601T230631Z-3-001.zip -> b-Library_Hzm/Kadın Sahabeler/Zahide-hanimlar-gulyurduyayinlari.pdf,b-Library_Hzm/Kadın Sahabeler,1.19
Peaceful-Coexistence-Fethullah-Gulens-s-Initiatives.pdf,PDF,ZIP Arşivi İçinde (b-Library_Hzm-20260601T230631Z-3-001.zip),C:\Users\default.LAPTOP-OBA1HVU9\.antigravity-ide\Books\b-Library_Hzm-20260601T230631Z-3-001.zip -> b-Library_Hzm/Hzm-Studies/Peaceful-Coexistence-Fethullah-Gulens-s-Initiatives.pdf,b-Library_Hzm/Hzm-Studies,4.85
Mesnevi Hikayelerinden-1 - Kadir Ozkose - Ten Kafesinden Kurtulus - UfukYayinlari.pdf,PDF,ZIP Arşivi İçinde (b-Library_Hzm-20260601T230631Z-3-001.zip),C:\Users\default.LAPTOP-OBA1HVU9\.antigravity-ide\Books\b-Library_Hzm-20260601T230631Z-3-001.zip -> b-Library_Hzm/Ufuk Yayinlari/Mesnevi Hikayelerinden-1 - Kadir Ozkose - Ten Kafesinden Kurtulus - UfukYayinlari.pdf,b-Library_Hzm/Ufuk Yayinlari,0.96
B Jill Carrol - Medeniyetler Diyalogu - Gulenin islami Ogretisi ve Humanist Soylem - UfukYayinlari.pdf,PDF,ZIP Arşivi İçinde (b-Library_Hzm-20260601T230631Z-3-001.zip),C:\Users\default.LAPTOP-OBA1HVU9\.antigravity-ide\Books\b-Library_Hzm-20260601T230631Z-3-001.zip -> b-Library_Hzm/Ufuk Yayinlari/B Jill Carrol - Medeniyetler Diyalogu - Gulenin islami Ogretisi ve Humanist Soylem - UfukYayinlari.pdf,b-Library_Hzm/Ufuk Yayinlari,0.96
E Mazhar Kurt - Yaratilis Tabiatin ilahi Emirle Varolusu - UfukYayinlari.pdf,PDF,ZIP Arşivi İçinde (b-Library_Hzm-20260601T230631Z-3-001.zip),C:\Users\default.LAPTOP-OBA1HVU9\.antigravity-ide\Books\b-Library_Hzm-20260601T230631Z-3-001.zip -> b-Library_Hzm/Ufuk Yayinlari/E Mazhar Kurt - Yaratilis Tabiatin ilahi Emirle Varolusu - UfukYayinlari.pdf,b-Library_Hzm/Ufuk Yayinlari,0.78
Davut Aydüz-Kısa Surelerin Tefsiri.pdf,PDF,ZIP Arşivi İçinde (b-Library_Hzm-20260601T230631Z-3-001.zip),C:\Users\default.LAPTOP-OBA1HVU9\.antigravity-ide\Books\b-Library_Hzm-20260601T230631Z-3-001.zip -> b-Library_Hzm/Kur_an-Tefsir-Hzm/Davut Aydüz-Kısa Surelerin Tefsiri.pdf,b-Library_Hzm/Kur_an-Tefsir-Hzm,1.49
Davut-Ayduz-5-Vakit-4-Asir-Namazdan-Sonra-Okunan-Ayetlerin-Tefsiri-DefineYayinlari.pdf,PDF,ZIP Arşivi İçinde (b-Library_Hzm-20260601T230631Z-3-001.zip),C:\Users\default.LAPTOP-OBA1HVU9\.antigravity-ide\Books\b-Library_Hzm-20260601T230631Z-3-001.zip -> b-Library_Hzm/Kur_an-Tefsir-Hzm/Davut-Ayduz-5-Vakit-4-Asir-Namazdan-Sonra-Okunan-Ayetlerin-Tefsiri-DefineYayinlari.pdf,b-Library_Hzm/Kur_an-Tefsir-Hzm,1.39
Hz Aişe Ra_Reşid Haylamaz.pdf,PDF,ZIP Arşivi İçinde (b-Library_Hzm-20260601T230631Z-3-001.zip),C:\Users\default.LAPTOP-OBA1HVU9\.antigravity-ide\Books\b-Library_Hzm-20260601T230631Z-3-001.zip -> b-Library_Hzm/Kadın Sahabeler/Hz Aişe Ra_Reşid Haylamaz.pdf,b-Library_Hzm/Kadın Sahabeler,1.8
hac-ve-umre-ilmihali-rehberyayinlari.pdf,PDF,ZIP Arşivi İçinde (b-Library_Hzm-20260601T230631Z-3-001.zip),C:\Users\default.LAPTOP-OBA1HVU9\.antigravity-ide\Books\b-Library_Hzm-20260601T230631Z-3-001.zip -> b-Library_Hzm/ilmihal-Cep-Hzm/hac-ve-umre-ilmihali-rehberyayinlari.pdf,b-Library_Hzm/ilmihal-Cep-Hzm,0.56
Erkam Tufan Aytav - Demokratiklesme Surecinde Turkiyede Oteki Olmak - UfukYayinlari.pdf,PDF,ZIP Arşivi İçinde (b-Library_Hzm-20260601T230631Z-3-001.zip),C:\Users\default.LAPTOP-OBA1HVU9\.antigravity-ide\Books\b-Library_Hzm-20260601T230631Z-3-001.zip -> b-Library_Hzm/Ufuk Yayinlari/Erkam Tufan Aytav - Demokratiklesme Surecinde Turkiyede Oteki Olmak - UfukYayinlari.pdf,b-Library_Hzm/Ufuk Yayinlari,0.61
oruc-ilmihali-rehberyayinlari.pdf,PDF,ZIP Arşivi İçinde (b-Library_Hzm-20260601T230631Z-3-001.zip),C:\Users\default.LAPTOP-OBA1HVU9\.antigravity-ide\Books\b-Library_Hzm-20260601T230631Z-3-001.zip -> b-Library_Hzm/ilmihal-Cep-Hzm/oruc-ilmihali-rehberyayinlari.pdf,b-Library_Hzm/ilmihal-Cep-Hzm,0.66
Bir-Muslumanın-Yol-Haritası-Iman-ibadet-Ahlak.pdf,PDF,ZIP Arşivi İçinde (b-Library_Hzm-20260601T230631Z-3-001.zip),C:\Users\default.LAPTOP-OBA1HVU9\.antigravity-ide\Books\b-Library_Hzm-20260601T230631Z-3-001.zip -> b-Library_Hzm/ilmihal-Hzm/Bir-Muslumanın-Yol-Haritası-Iman-ibadet-Ahlak.pdf,b-Library_Hzm/ilmihal-Hzm,3.22
110-Soruda-Yaratilis-ve-Evrim-Tartismasi-Arif-Sarsilmaz-AltinBurcYayinlari-pdf.pdf,PDF,ZIP Arşivi İçinde (b-Library_Hzm-20260601T230631Z-3-001.zip),C:\Users\default.LAPTOP-OBA1HVU9\.antigravity-ide\Books\b-Library_Hzm-20260601T230631Z-3-001.zip -> b-Library_Hzm/Evrim-Hzm/110-Soruda-Yaratilis-ve-Evrim-Tartismasi-Arif-Sarsilmaz-AltinBurcYayinlari-pdf.pdf,b-Library_Hzm/Evrim-Hzm,33.88
Genclik-ilmihali-mustuy.pdf,PDF,ZIP Arşivi İçinde (b-Library_Hzm-20260601T230631Z-3-001.zip),C:\Users\default.LAPTOP-OBA1HVU9\.antigravity-ide\Books\b-Library_Hzm-20260601T230631Z-3-001.zip -> b-Library_Hzm/ilmihal-Hzm/Genclik-ilmihali-mustuy.pdf,b-Library_Hzm/ilmihal-Hzm,4.46
namaz-ilmihali-rehberyayinlari.pdf,PDF,ZIP Arşivi İçinde (b-Library_Hzm-20260601T230631Z-3-001.zip),C:\Users\default.LAPTOP-OBA1HVU9\.antigravity-ide\Books\b-Library_Hzm-20260601T230631Z-3-001.zip -> b-Library_Hzm/ilmihal-Cep-Hzm/namaz-ilmihali-rehberyayinlari.pdf,b-Library_Hzm/ilmihal-Cep-Hzm,0.72
zekat-rehberyayinlari.pdf,PDF,ZIP Arşivi İçinde (b-Library_Hzm-20260601T230631Z-3-001.zip),C:\Users\default.LAPTOP-OBA1HVU9\.antigravity-ide\Books\b-Library_Hzm-20260601T230631Z-3-001.zip -> b-Library_Hzm/ilmihal-Cep-Hzm/zekat-rehberyayinlari.pdf,b-Library_Hzm/ilmihal-Cep-Hzm,0.86
Asere-i-Mubessere-IsikYayinlari-Ahmet-Kurucan-Zuhtu-Mercan.pdf,PDF,ZIP Arşivi İçinde (b-Library_Hzm-20260601T230631Z-3-001.zip),C:\Users\default.LAPTOP-OBA1HVU9\.antigravity-ide\Books\b-Library_Hzm-20260601T230631Z-3-001.zip -> b-Library_Hzm/Sahabe-Hzm/Asere-i-Mubessere-IsikYayinlari-Ahmet-Kurucan-Zuhtu-Mercan.pdf,b-Library_Hzm/Sahabe-Hzm,0.91
pratik-ilmihal-rehberyayinlari.pdf,PDF,ZIP Arşivi İçinde (b-Library_Hzm-20260601T230631Z-3-001.zip),C:\Users\default.LAPTOP-OBA1HVU9\.antigravity-ide\Books\b-Library_Hzm-20260601T230631Z-3-001.zip -> b-Library_Hzm/ilmihal-Cep-Hzm/pratik-ilmihal-rehberyayinlari.pdf,b-Library_Hzm/ilmihal-Cep-Hzm,2.76
İslam Tarihi_2.pdf,PDF,ZIP Arşivi İçinde (b-Library_Hzm-20260601T230631Z-3-001.zip),C:\Users\default.LAPTOP-OBA1HVU9\.antigravity-ide\Books\b-Library_Hzm-20260601T230631Z-3-001.zip -> b-Library_Hzm/Tarih-Hzm/İslam Tarihi_2.pdf,b-Library_Hzm/Tarih-Hzm,4.56
Pratik-İlmihal-Osman-Bilgin-PDFDrive-com-pdf.pdf,PDF,ZIP Arşivi İçinde (b-Library_Hzm-20260601T230631Z-3-001.zip),C:\Users\default.LAPTOP-OBA1HVU9\.antigravity-ide\Books\b-Library_Hzm-20260601T230631Z-3-001.zip -> b-Library_Hzm/ilmihal-Hzm/Pratik-İlmihal-Osman-Bilgin-PDFDrive-com-pdf.pdf,b-Library_Hzm/ilmihal-Hzm,2.77
M. Asım Köksal - Peygamberler Tarihi .pdf,PDF,ZIP Arşivi İçinde (b-Library_Hzm-20260601T230631Z-3-001.zip),C:\Users\default.LAPTOP-OBA1HVU9\.antigravity-ide\Books\b-Library_Hzm-20260601T230631Z-3-001.zip -> b-Library_Hzm/Tarih-Hzm/M. Asım Köksal - Peygamberler Tarihi .pdf,b-Library_Hzm/Tarih-Hzm,7.9
Bir_Müslümanın_Yol_Haritası.pdf,PDF,ZIP Arşivi İçinde (b-Library_Hzm-20260601T230631Z-3-001.zip),C:\Users\default.LAPTOP-OBA1HVU9\.antigravity-ide\Books\b-Library_Hzm-20260601T230631Z-3-001.zip -> b-Library_Hzm/ilmihal-Hzm/Bir_Müslümanın_Yol_Haritası.pdf,b-Library_Hzm/ilmihal-Hzm,4.52
Hayatus Sahabe - Muhtasar 2.pdf,PDF,ZIP Arşivi İçinde (b-Library_Hzm-20260601T230631Z-3-001.zip),C:\Users\default.LAPTOP-OBA1HVU9\.antigravity-ide\Books\b-Library_Hzm-20260601T230631Z-3-001.zip -> b-Library_Hzm/Sahabe-Hzm/Hayatus Sahabe - Muhtasar 2.pdf,b-Library_Hzm/Sahabe-Hzm,2.07
Hayrettin Karaman - Hakkani Mehmet Bey - Hilye - Gonullerin Susu Hanelerin Zineti - UfukYayinlari.pdf,PDF,ZIP Arşivi İçinde (b-Library_Hzm-20260601T230631Z-3-001.zip),C:\Users\default.LAPTOP-OBA1HVU9\.antigravity-ide\Books\b-Library_Hzm-20260601T230631Z-3-001.zip -> b-Library_Hzm/Ufuk Yayinlari/Hayrettin Karaman - Hakkani Mehmet Bey - Hilye - Gonullerin Susu Hanelerin Zineti - UfukYayinlari.pdf,b-Library_Hzm/Ufuk Yayinlari,56.17
Gurbette-Fethullah-Gulen-Nuriye-Akman.pdf,PDF,ZIP Arşivi İçinde (b-Library_Hzm-20260601T230631Z-3-001.zip),C:\Users\default.LAPTOP-OBA1HVU9\.antigravity-ide\Books\b-Library_Hzm-20260601T230631Z-3-001.zip -> b-Library_Hzm/HE-Bio-Hzm/Gurbette-Fethullah-Gulen-Nuriye-Akman.pdf,b-Library_Hzm/HE-Bio-Hzm,9.45
Hayatus-Sahabe-Muhtasar-Cilt-1-M-Yusuf-Kandehlevi.pdf,PDF,ZIP Arşivi İçinde (b-Library_Hzm-20260601T230631Z-3-001.zip),C:\Users\default.LAPTOP-OBA1HVU9\.antigravity-ide\Books\b-Library_Hzm-20260601T230631Z-3-001.zip -> b-Library_Hzm/Sahabe-Hzm/Hayatus-Sahabe-Muhtasar-Cilt-1-M-Yusuf-Kandehlevi.pdf,b-Library_Hzm/Sahabe-Hzm,1.75
Nicin-Helak-Oldular-Abdullah-Emin-Cimen-.pdf,PDF,ZIP Arşivi İçinde (b-Library_Hzm-20260601T230631Z-3-001.zip),C:\Users\default.LAPTOP-OBA1HVU9\.antigravity-ide\Books\b-Library_Hzm-20260601T230631Z-3-001.zip -> b-Library_Hzm/Kur_an-Tefsir-Hzm/Nicin-Helak-Oldular-Abdullah-Emin-Cimen-.pdf,b-Library_Hzm/Kur_an-Tefsir-Hzm,7.06
Fethullah Gülen Röportajı (Ekrem Dumanlı) (z-lib.org).epub,EPUB,ZIP Arşivi İçinde (b-Library_Hzm-20260601T230631Z-3-001.zip),C:\Users\default.LAPTOP-OBA1HVU9\.antigravity-ide\Books\b-Library_Hzm-20260601T230631Z-3-001.zip -> b-Library_Hzm/HE-Bio-Hzm/Fethullah Gülen Röportajı (Ekrem Dumanlı) (z-lib.org).epub,b-Library_Hzm/HE-Bio-Hzm,0.09
The-Messenger-of-God-Muhammad-An-Analysis-of-the-Prophet-s-Life.pdf,PDF,ZIP Arşivi İçinde (b-Library_Hzm-20260601T230631Z-3-001.zip),C:\Users\default.LAPTOP-OBA1HVU9\.antigravity-ide\Books\b-Library_Hzm-20260601T230631Z-3-001.zip -> b-Library_Hzm/PRL-English/The-Messenger-of-God-Muhammad-An-Analysis-of-the-Prophet-s-Life.pdf,b-Library_Hzm/PRL-English,2.19
PEYGAMBERİMİZİN-KURANI-TEFSİRİ-Suat-Yıldırım.pdf,PDF,ZIP Arşivi İçinde (b-Library_Hzm-20260601T230631Z-3-001.zip),C:\Users\default.LAPTOP-OBA1HVU9\.antigravity-ide\Books\b-Library_Hzm-20260601T230631Z-3-001.zip -> b-Library_Hzm/Kur_an-Tefsir-Hzm/PEYGAMBERİMİZİN-KURANI-TEFSİRİ-Suat-Yıldırım.pdf,b-Library_Hzm/Kur_an-Tefsir-Hzm,2.03
Ali Unal-The-Quran-with-Annotated-interpretation-.pdf,PDF,ZIP Arşivi İçinde (b-Library_Hzm-20260601T230631Z-3-001.zip),C:\Users\default.LAPTOP-OBA1HVU9\.antigravity-ide\Books\b-Library_Hzm-20260601T230631Z-3-001.zip -> b-Library_Hzm/Kur_an-Meal-Hzm/Ali Unal-The-Quran-with-Annotated-interpretation-.pdf,b-Library_Hzm/Kur_an-Meal-Hzm,6.27
İbretlik Hatıralar_Osman Şimşek.pdf,PDF,ZIP Arşivi İçinde (b-Library_Hzm-20260601T230631Z-3-001.zip),C:\Users\default.LAPTOP-OBA1HVU9\.antigravity-ide\Books\b-Library_Hzm-20260601T230631Z-3-001.zip -> b-Library_Hzm/HE-Bio-Hzm/İbretlik Hatıralar_Osman Şimşek.pdf,b-Library_Hzm/HE-Bio-Hzm,1.22
Fikir ve Aksiyon İnsanı Olarak Fethullah Gülen - Yüksel Çayıroğlu.pdf,PDF,ZIP Arşivi İçinde (b-Library_Hzm-20260601T230631Z-3-001.zip),C:\Users\default.LAPTOP-OBA1HVU9\.antigravity-ide\Books\b-Library_Hzm-20260601T230631Z-3-001.zip -> b-Library_Hzm/HE-Bio-Hzm/Fikir ve Aksiyon İnsanı Olarak Fethullah Gülen - Yüksel Çayıroğlu.pdf,b-Library_Hzm/HE-Bio-Hzm,13.34
Gurbetteki-Ogretmen-M-Fethulllah-Gulen-MustuY.pdf,PDF,ZIP Arşivi İçinde (b-Library_Hzm-20260601T230631Z-3-001.zip),C:\Users\default.LAPTOP-OBA1HVU9\.antigravity-ide\Books\b-Library_Hzm-20260601T230631Z-3-001.zip -> b-Library_Hzm/HE-Bio-Hzm/Gurbetteki-Ogretmen-M-Fethulllah-Gulen-MustuY.pdf,b-Library_Hzm/HE-Bio-Hzm,44.49
Ali Unal-Kur-an-i-Kerim-Meal1.pdf,PDF,ZIP Arşivi İçinde (b-Library_Hzm-20260601T230631Z-3-001.zip),C:\Users\default.LAPTOP-OBA1HVU9\.antigravity-ide\Books\b-Library_Hzm-20260601T230631Z-3-001.zip -> b-Library_Hzm/Kur_an-Meal-Hzm/Ali Unal-Kur-an-i-Kerim-Meal1.pdf,b-Library_Hzm/Kur_an-Meal-Hzm,74.48
Doğuştan Günümüze Büyük İslam Tarihi Cilt 07.pdf,PDF,ZIP Arşivi İçinde (b-Library_Hzm-20260601T230631Z-3-001.zip),C:\Users\default.LAPTOP-OBA1HVU9\.antigravity-ide\Books\b-Library_Hzm-20260601T230631Z-3-001.zip -> b-Library_Hzm/islam Tarihi-ZAMAN/Doğuştan Günümüze Büyük İslam Tarihi Cilt 07.pdf,b-Library_Hzm/islam Tarihi-ZAMAN,25.1
Doğuştan Günümüze Büyük İslam Tarihi Cilt 08.pdf,PDF,ZIP Arşivi İçinde (b-Library_Hzm-20260601T230631Z-3-001.zip),C:\Users\default.LAPTOP-OBA1HVU9\.antigravity-ide\Books\b-Library_Hzm-20260601T230631Z-3-001.zip -> b-Library_Hzm/islam Tarihi-ZAMAN/Doğuştan Günümüze Büyük İslam Tarihi Cilt 08.pdf,b-Library_Hzm/islam Tarihi-ZAMAN,23.09
Kuranda-Tesbih-Ve-Temsiller-Sadi-Eren.pdf,PDF,ZIP Arşivi İçinde (b-Library_Hzm-20260601T230631Z-3-001.zip),C:\Users\default.LAPTOP-OBA1HVU9\.antigravity-ide\Books\b-Library_Hzm-20260601T230631Z-3-001.zip -> b-Library_Hzm/Kur`an-Hzm/Kuranda-Tesbih-Ve-Temsiller-Sadi-Eren.pdf,b-Library_Hzm/Kur`an-Hzm,1.04
mehmet-akar-hizmet-ekseni-sahdamary.pdf,PDF,ZIP Arşivi İçinde (b-Library_Hzm-20260601T230631Z-3-001.zip),C:\Users\default.LAPTOP-OBA1HVU9\.antigravity-ide\Books\b-Library_Hzm-20260601T230631Z-3-001.zip -> b-Library_Hzm/Üstad BZ Hz-Hzm/mehmet-akar-hizmet-ekseni-sahdamary.pdf,b-Library_Hzm/Üstad BZ Hz-Hzm,0.55
Nicin-Helak-Oldular-Abdullah-Emin-Cimen.pdf,PDF,ZIP Arşivi İçinde (b-Library_Hzm-20260601T230631Z-3-001.zip),C:\Users\default.LAPTOP-OBA1HVU9\.antigravity-ide\Books\b-Library_Hzm-20260601T230631Z-3-001.zip -> b-Library_Hzm/Kur`an-Hzm/Nicin-Helak-Oldular-Abdullah-Emin-Cimen.pdf,b-Library_Hzm/Kur`an-Hzm,7.06
Hz. Ali.pdf,PDF,ZIP Arşivi İçinde (b-Library_Hzm-20260601T230631Z-3-001.zip),C:\Users\default.LAPTOP-OBA1HVU9\.antigravity-ide\Books\b-Library_Hzm-20260601T230631Z-3-001.zip -> b-Library_Hzm/Sahabe-Hzm/Hz. Ali.pdf,b-Library_Hzm/Sahabe-Hzm,4.12
mehmet-akar-secdede-bir-omur-sahdamary.pdf,PDF,ZIP Arşivi İçinde (b-Library_Hzm-20260601T230631Z-3-001.zip),C:\Users\default.LAPTOP-OBA1HVU9\.antigravity-ide\Books\b-Library_Hzm-20260601T230631Z-3-001.zip -> b-Library_Hzm/Üstad BZ Hz-Hzm/mehmet-akar-secdede-bir-omur-sahdamary.pdf,b-Library_Hzm/Üstad BZ Hz-Hzm,0.69
Doğuştan Günümüze Büyük İslam Tarihi Cilt 03.pdf,PDF,ZIP Arşivi İçinde (b-Library_Hzm-20260601T230631Z-3-001.zip),C:\Users\default.LAPTOP-OBA1HVU9\.antigravity-ide\Books\b-Library_Hzm-20260601T230631Z-3-001.zip -> b-Library_Hzm/islam Tarihi-ZAMAN/Doğuştan Günümüze Büyük İslam Tarihi Cilt 03.pdf,b-Library_Hzm/islam Tarihi-ZAMAN,26.66
Doğuştan Günümüze Büyük İslam Tarihi Cilt 05.pdf,PDF,ZIP Arşivi İçinde (b-Library_Hzm-20260601T230631Z-3-001.zip),C:\Users\default.LAPTOP-OBA1HVU9\.antigravity-ide\Books\b-Library_Hzm-20260601T230631Z-3-001.zip -> b-Library_Hzm/islam Tarihi-ZAMAN/Doğuştan Günümüze Büyük İslam Tarihi Cilt 05.pdf,b-Library_Hzm/islam Tarihi-ZAMAN,25.47
Doğuştan Günümüze Büyük İslam Tarihi Cilt 06.pdf,PDF,ZIP Arşivi İçinde (b-Library_Hzm-20260601T230631Z-3-001.zip),C:\Users\default.LAPTOP-OBA1HVU9\.antigravity-ide\Books\b-Library_Hzm-20260601T230631Z-3-001.zip -> b-Library_Hzm/islam Tarihi-ZAMAN/Doğuştan Günümüze Büyük İslam Tarihi Cilt 06.pdf,b-Library_Hzm/islam Tarihi-ZAMAN,27.32
Haris-El-Muhasibi-Er-Riaye-1.pdf,PDF,ZIP Arşivi İçinde (b-Library_Hzm-20260601T230631Z-3-001.zip),C:\Users\default.LAPTOP-OBA1HVU9\.antigravity-ide\Books\b-Library_Hzm-20260601T230631Z-3-001.zip -> b-Library_Hzm/Haris-El-Muhasibi-Er-Riaye-1.pdf,b-Library_Hzm,4.66
Sultan-of-Hearts-Prophet-Muhammad-Haylamaz-Resit.pdf,PDF,ZIP Arşivi İçinde (b-Library_Hzm-20260601T230631Z-3-001.zip),C:\Users\default.LAPTOP-OBA1HVU9\.antigravity-ide\Books\b-Library_Hzm-20260601T230631Z-3-001.zip -> b-Library_Hzm/Sahabe-Hzm/Sultan-of-Hearts-Prophet-Muhammad-Haylamaz-Resit.pdf,b-Library_Hzm/Sahabe-Hzm,57.18
Doğuştan Günümüze Büyük İslam Tarihi Cilt 02.pdf,PDF,ZIP Arşivi İçinde (b-Library_Hzm-20260601T230631Z-3-001.zip),C:\Users\default.LAPTOP-OBA1HVU9\.antigravity-ide\Books\b-Library_Hzm-20260601T230631Z-3-001.zip -> b-Library_Hzm/islam Tarihi-ZAMAN/Doğuştan Günümüze Büyük İslam Tarihi Cilt 02.pdf,b-Library_Hzm/islam Tarihi-ZAMAN,28.28
mahmut-acil-ustadla-hasbihal-sahdamary.pdf,PDF,ZIP Arşivi İçinde (b-Library_Hzm-20260601T230631Z-3-001.zip),C:\Users\default.LAPTOP-OBA1HVU9\.antigravity-ide\Books\b-Library_Hzm-20260601T230631Z-3-001.zip -> b-Library_Hzm/Üstad BZ Hz-Hzm/mahmut-acil-ustadla-hasbihal-sahdamary.pdf,b-Library_Hzm/Üstad BZ Hz-Hzm,6.34
2-Kutlu Dogum-Peygamberimizin Hayati.PDF,PDF,ZIP Arşivi İçinde (b-Library_Hzm-20260601T230631Z-3-001.zip),C:\Users\default.LAPTOP-OBA1HVU9\.antigravity-ide\Books\b-Library_Hzm-20260601T230631Z-3-001.zip -> b-Library_Hzm/Çocuklar için-Hzm/Siyer-Çocuk/2-Kutlu Dogum-Peygamberimizin Hayati.PDF,b-Library_Hzm/Çocuklar için-Hzm/Siyer-Çocuk,2.32
Understanding-Fethullah-Gulen.pdf,PDF,ZIP Arşivi İçinde (b-Library_Hzm-20260601T230631Z-3-001.zip),C:\Users\default.LAPTOP-OBA1HVU9\.antigravity-ide\Books\b-Library_Hzm-20260601T230631Z-3-001.zip -> b-Library_Hzm/HE-Bio-Hzm-eng/Understanding-Fethullah-Gulen.pdf,b-Library_Hzm/HE-Bio-Hzm-eng,85.33
Yazarlarin-Kalemi-nden-Bedi-uzzaman-Necmeddin-Şahi-ner.pdf,PDF,ZIP Arşivi İçinde (b-Library_Hzm-20260601T230631Z-3-001.zip),C:\Users\default.LAPTOP-OBA1HVU9\.antigravity-ide\Books\b-Library_Hzm-20260601T230631Z-3-001.zip -> b-Library_Hzm/Üstad BZ Hz-Hzm/Yazarlarin-Kalemi-nden-Bedi-uzzaman-Necmeddin-Şahi-ner.pdf,b-Library_Hzm/Üstad BZ Hz-Hzm,3.76
Doğuştan Günümüze Büyük İslam Tarihi Cilt 01.pdf,PDF,ZIP Arşivi İçinde (b-Library_Hzm-20260601T230631Z-3-001.zip),C:\Users\default.LAPTOP-OBA1HVU9\.antigravity-ide\Books\b-Library_Hzm-20260601T230631Z-3-001.zip -> b-Library_Hzm/islam Tarihi-ZAMAN/Doğuştan Günümüze Büyük İslam Tarihi Cilt 01.pdf,b-Library_Hzm/islam Tarihi-ZAMAN,28.7
5-Medine Yillari-Peygamberimizin Hayati.PDF,PDF,ZIP Arşivi İçinde (b-Library_Hzm-20260601T230631Z-3-001.zip),C:\Users\default.LAPTOP-OBA1HVU9\.antigravity-ide\Books\b-Library_Hzm-20260601T230631Z-3-001.zip -> b-Library_Hzm/Çocuklar için-Hzm/Siyer-Çocuk/5-Medine Yillari-Peygamberimizin Hayati.PDF,b-Library_Hzm/Çocuklar için-Hzm/Siyer-Çocuk,3.18
3-En Güvenilir Insan-Peygamberimizin Hayati.PDF,PDF,ZIP Arşivi İçinde (b-Library_Hzm-20260601T230631Z-3-001.zip),C:\Users\default.LAPTOP-OBA1HVU9\.antigravity-ide\Books\b-Library_Hzm-20260601T230631Z-3-001.zip -> b-Library_Hzm/Çocuklar için-Hzm/Siyer-Çocuk/3-En Güvenilir Insan-Peygamberimizin Hayati.PDF,b-Library_Hzm/Çocuklar için-Hzm/Siyer-Çocuk,2.42
Caglayan_2019.02.pdf,PDF,ZIP Arşivi İçinde (b-Library_Hzm-20260601T230631Z-3-001.zip),C:\Users\default.LAPTOP-OBA1HVU9\.antigravity-ide\Books\b-Library_Hzm-20260601T230631Z-3-001.zip -> b-Library_Hzm/Dergi-caglayan/Caglayan_2019.02.pdf,b-Library_Hzm/Dergi-caglayan,131.24
1-Gozleri Kamastiran Isik-Peygamberimizin Hayati.PDF,PDF,ZIP Arşivi İçinde (b-Library_Hzm-20260601T230631Z-3-001.zip),C:\Users\default.LAPTOP-OBA1HVU9\.antigravity-ide\Books\b-Library_Hzm-20260601T230631Z-3-001.zip -> b-Library_Hzm/Çocuklar için-Hzm/Siyer-Çocuk/1-Gozleri Kamastiran Isik-Peygamberimizin Hayati.PDF,b-Library_Hzm/Çocuklar için-Hzm/Siyer-Çocuk,2.68
Hazreti Ebu Bekir.pdf,PDF,ZIP Arşivi İçinde (b-Library_Hzm-20260601T230631Z-3-001.zip),C:\Users\default.LAPTOP-OBA1HVU9\.antigravity-ide\Books\b-Library_Hzm-20260601T230631Z-3-001.zip -> b-Library_Hzm/Sahabe-Hzm/Hazreti Ebu Bekir.pdf,b-Library_Hzm/Sahabe-Hzm,5.3
Kur_an Harflerinin-mahrec-cekimi.pdf,PDF,ZIP Arşivi İçinde (b-Library_Hzm-20260601T230631Z-3-001.zip),C:\Users\default.LAPTOP-OBA1HVU9\.antigravity-ide\Books\b-Library_Hzm-20260601T230631Z-3-001.zip -> b-Library_Hzm/ElifBa-Tecvid-Hzm/Kur_an Harflerinin-mahrec-cekimi.pdf,b-Library_Hzm/ElifBa-Tecvid-Hzm,0.43
3-Peygamberlere-İman-Hekimoğlu-İsmail.pdf,PDF,ZIP Arşivi İçinde (b-Library_Hzm-20260601T230631Z-3-001.zip),C:\Users\default.LAPTOP-OBA1HVU9\.antigravity-ide\Books\b-Library_Hzm-20260601T230631Z-3-001.zip -> b-Library_Hzm/Çocuklar için-Hzm/İman-Hekimoğlu İsmail/3-Peygamberlere-İman-Hekimoğlu-İsmail.pdf,b-Library_Hzm/Çocuklar için-Hzm/İman-Hekimoğlu İsmail,1.74
kur-an-elifbasi-ilmihalli-mustuy.pdf,PDF,ZIP Arşivi İçinde (b-Library_Hzm-20260601T230631Z-3-001.zip),C:\Users\default.LAPTOP-OBA1HVU9\.antigravity-ide\Books\b-Library_Hzm-20260601T230631Z-3-001.zip -> b-Library_Hzm/ElifBa-Tecvid-Hzm/kur-an-elifbasi-ilmihalli-mustuy.pdf,b-Library_Hzm/ElifBa-Tecvid-Hzm,42.66
tecvid-kitabi.pdf,PDF,ZIP Arşivi İçinde (b-Library_Hzm-20260601T230631Z-3-001.zip),C:\Users\default.LAPTOP-OBA1HVU9\.antigravity-ide\Books\b-Library_Hzm-20260601T230631Z-3-001.zip -> b-Library_Hzm/ElifBa-Tecvid-Hzm/tecvid-kitabi.pdf,b-Library_Hzm/ElifBa-Tecvid-Hzm,1.77
Ali Unal-Kuran-i-Kerim-Meal2.pdf,PDF,ZIP Arşivi İçinde (b-Library_Hzm-20260601T230631Z-3-001.zip),C:\Users\default.LAPTOP-OBA1HVU9\.antigravity-ide\Books\b-Library_Hzm-20260601T230631Z-3-001.zip -> b-Library_Hzm/Kur_an-Meal-Hzm/Ali Unal-Kuran-i-Kerim-Meal2.pdf,b-Library_Hzm/Kur_an-Meal-Hzm,19.58
KURAN-OKUMA-SANATI.pdf,PDF,ZIP Arşivi İçinde (b-Library_Hzm-20260601T230631Z-3-001.zip),C:\Users\default.LAPTOP-OBA1HVU9\.antigravity-ide\Books\b-Library_Hzm-20260601T230631Z-3-001.zip -> b-Library_Hzm/ElifBa-Tecvid-Hzm/KURAN-OKUMA-SANATI.pdf,b-Library_Hzm/ElifBa-Tecvid-Hzm,0.96
1-Allah_a-iman-Hekimoğlu-ismail.pdf,PDF,ZIP Arşivi İçinde (b-Library_Hzm-20260601T230631Z-3-001.zip),C:\Users\default.LAPTOP-OBA1HVU9\.antigravity-ide\Books\b-Library_Hzm-20260601T230631Z-3-001.zip -> b-Library_Hzm/Çocuklar için-Hzm/İman-Hekimoğlu İsmail/1-Allah_a-iman-Hekimoğlu-ismail.pdf,b-Library_Hzm/Çocuklar için-Hzm/İman-Hekimoğlu İsmail,2.0
4-Haşre-İman-Hekimoğlu-İsmail.pdf,PDF,ZIP Arşivi İçinde (b-Library_Hzm-20260601T230631Z-3-001.zip),C:\Users\default.LAPTOP-OBA1HVU9\.antigravity-ide\Books\b-Library_Hzm-20260601T230631Z-3-001.zip -> b-Library_Hzm/Çocuklar için-Hzm/İman-Hekimoğlu İsmail/4-Haşre-İman-Hekimoğlu-İsmail.pdf,b-Library_Hzm/Çocuklar için-Hzm/İman-Hekimoğlu İsmail,1.7
Doğuştan Günümüze Büyük İslam Tarihi Cilt 04.pdf,PDF,ZIP Arşivi İçinde (b-Library_Hzm-20260601T230631Z-3-001.zip),C:\Users\default.LAPTOP-OBA1HVU9\.antigravity-ide\Books\b-Library_Hzm-20260601T230631Z-3-001.zip -> b-Library_Hzm/islam Tarihi-ZAMAN/Doğuştan Günümüze Büyük İslam Tarihi Cilt 04.pdf,b-Library_Hzm/islam Tarihi-ZAMAN,26.44
Elmalili - Hak Dini Kuran Dili-10.pdf,PDF,ZIP Arşivi İçinde (b-Library_Hzm-20260601T230631Z-3-001.zip),C:\Users\default.LAPTOP-OBA1HVU9\.antigravity-ide\Books\b-Library_Hzm-20260601T230631Z-3-001.zip -> b-Library_Hzm/Tefsir-Elmalılı Tefsiri-ZAMAN.pdf/Elmalili - Hak Dini Kuran Dili-10.pdf,b-Library_Hzm/Tefsir-Elmalılı Tefsiri-ZAMAN.pdf,20.93
hz.-peygamberin-sunnetinde-terbiye.pdf,PDF,ZIP Arşivi İçinde (b-Library_Hzm-20260601T230631Z-3-001.zip),C:\Users\default.LAPTOP-OBA1HVU9\.antigravity-ide\Books\b-Library_Hzm-20260601T230631Z-3-001.zip -> b-Library_Hzm/Aile ve Çocuk-Hzm/hz.-peygamberin-sunnetinde-terbiye.pdf,b-Library_Hzm/Aile ve Çocuk-Hzm,3.26
Efendimiz Sav-1-resit-haylamaz.pdf,PDF,ZIP Arşivi İçinde (b-Library_Hzm-20260601T230631Z-3-001.zip),C:\Users\default.LAPTOP-OBA1HVU9\.antigravity-ide\Books\b-Library_Hzm-20260601T230631Z-3-001.zip -> b-Library_Hzm/Efendimiz_in Sav Hayatı-Hzm/Efendimiz Sav-1-resit-haylamaz.pdf,b-Library_Hzm/Efendimiz_in Sav Hayatı-Hzm,2.08
Neye-Nasıl-İnanırım-Hekimoğlu-İsmail.pdf,PDF,ZIP Arşivi İçinde (b-Library_Hzm-20260601T230631Z-3-001.zip),C:\Users\default.LAPTOP-OBA1HVU9\.antigravity-ide\Books\b-Library_Hzm-20260601T230631Z-3-001.zip -> b-Library_Hzm/Çocuklar için-Hzm/İman-Hekimoğlu İsmail/Neye-Nasıl-İnanırım-Hekimoğlu-İsmail.pdf,b-Library_Hzm/Çocuklar için-Hzm/İman-Hekimoğlu İsmail,2.1
2-Kitaplara-İman-Hekimoğlu-İsmail.pdf,PDF,ZIP Arşivi İçinde (b-Library_Hzm-20260601T230631Z-3-001.zip),C:\Users\default.LAPTOP-OBA1HVU9\.antigravity-ide\Books\b-Library_Hzm-20260601T230631Z-3-001.zip -> b-Library_Hzm/Çocuklar için-Hzm/İman-Hekimoğlu İsmail/2-Kitaplara-İman-Hekimoğlu-İsmail.pdf,b-Library_Hzm/Çocuklar için-Hzm/İman-Hekimoğlu İsmail,1.76
Efendimiz Sav-2-resit-haylamaz.pdf,PDF,ZIP Arşivi İçinde (b-Library_Hzm-20260601T230631Z-3-001.zip),C:\Users\default.LAPTOP-OBA1HVU9\.antigravity-ide\Books\b-Library_Hzm-20260601T230631Z-3-001.zip -> b-Library_Hzm/Efendimiz_in Sav Hayatı-Hzm/Efendimiz Sav-2-resit-haylamaz.pdf,b-Library_Hzm/Efendimiz_in Sav Hayatı-Hzm,2.56
Efendimiz Sav-muhtasar-resit-haylamaz-mustuy.pdf,PDF,ZIP Arşivi İçinde (b-Library_Hzm-20260601T230631Z-3-001.zip),C:\Users\default.LAPTOP-OBA1HVU9\.antigravity-ide\Books\b-Library_Hzm-20260601T230631Z-3-001.zip -> b-Library_Hzm/Efendimiz_in Sav Hayatı-Hzm/Efendimiz Sav-muhtasar-resit-haylamaz-mustuy.pdf,b-Library_Hzm/Efendimiz_in Sav Hayatı-Hzm,1.96
Doğuştan Günümüze Büyük İslam Tarihi Cilt 14 Ek.pdf,PDF,ZIP Arşivi İçinde (b-Library_Hzm-20260601T230631Z-3-001.zip),C:\Users\default.LAPTOP-OBA1HVU9\.antigravity-ide\Books\b-Library_Hzm-20260601T230631Z-3-001.zip -> b-Library_Hzm/islam Tarihi-ZAMAN/Doğuştan Günümüze Büyük İslam Tarihi Cilt 14 Ek.pdf,b-Library_Hzm/islam Tarihi-ZAMAN,19.25
Doğuştan Günümüze Büyük İslam Tarihi Cilt 11.pdf,PDF,ZIP Arşivi İçinde (b-Library_Hzm-20260601T230631Z-3-001.zip),C:\Users\default.LAPTOP-OBA1HVU9\.antigravity-ide\Books\b-Library_Hzm-20260601T230631Z-3-001.zip -> b-Library_Hzm/islam Tarihi-ZAMAN/Doğuştan Günümüze Büyük İslam Tarihi Cilt 11.pdf,b-Library_Hzm/islam Tarihi-ZAMAN,21.0
ilk-oykulerim-serisi-10-h-ibrahim-cayirli-kaybolan-top-mustuy.pdf,PDF,ZIP Arşivi İçinde (b-Library_Hzm-20260601T230631Z-3-001.zip),C:\Users\default.LAPTOP-OBA1HVU9\.antigravity-ide\Books\b-Library_Hzm-20260601T230631Z-3-001.zip -> b-Library_Hzm/Çocuklar için-Hzm/İlk öykülerim/ilk-oykulerim-serisi-10-h-ibrahim-cayirli-kaybolan-top-mustuy.pdf,b-Library_Hzm/Çocuklar için-Hzm/İlk öykülerim,1.94
ilk-oykulerim-serisi-09-aysel-ertan-seftali-agaci-mustuy.pdf,PDF,ZIP Arşivi İçinde (b-Library_Hzm-20260601T230631Z-3-001.zip),C:\Users\default.LAPTOP-OBA1HVU9\.antigravity-ide\Books\b-Library_Hzm-20260601T230631Z-3-001.zip -> b-Library_Hzm/Çocuklar için-Hzm/İlk öykülerim/ilk-oykulerim-serisi-09-aysel-ertan-seftali-agaci-mustuy.pdf,b-Library_Hzm/Çocuklar için-Hzm/İlk öykülerim,3.34
Tecvid-uygulamali-kurani-kerim-elifbasi-defineyayinlari.pdf,PDF,ZIP Arşivi İçinde (b-Library_Hzm-20260601T230631Z-3-001.zip),C:\Users\default.LAPTOP-OBA1HVU9\.antigravity-ide\Books\b-Library_Hzm-20260601T230631Z-3-001.zip -> b-Library_Hzm/ElifBa-Tecvid-Hzm/Tecvid-uygulamali-kurani-kerim-elifbasi-defineyayinlari.pdf,b-Library_Hzm/ElifBa-Tecvid-Hzm,29.04
Hz Muhammed-Sav-ve-İslamiyet-Asım Köksal-.pdf,PDF,ZIP Arşivi İçinde (b-Library_Hzm-20260601T230631Z-3-001.zip),C:\Users\default.LAPTOP-OBA1HVU9\.antigravity-ide\Books\b-Library_Hzm-20260601T230631Z-3-001.zip -> b-Library_Hzm/Efendimiz_in Sav Hayatı-Hzm/Hz Muhammed-Sav-ve-İslamiyet-Asım Köksal-.pdf,b-Library_Hzm/Efendimiz_in Sav Hayatı-Hzm,3.25
Doğuştan Günümüze Büyük İslam Tarihi Cilt 10.pdf,PDF,ZIP Arşivi İçinde (b-Library_Hzm-20260601T230631Z-3-001.zip),C:\Users\default.LAPTOP-OBA1HVU9\.antigravity-ide\Books\b-Library_Hzm-20260601T230631Z-3-001.zip -> b-Library_Hzm/islam Tarihi-ZAMAN/Doğuştan Günümüze Büyük İslam Tarihi Cilt 10.pdf,b-Library_Hzm/islam Tarihi-ZAMAN,21.43
Doğuştan Günümüze Büyük İslam Tarihi Cilt 12.pdf,PDF,ZIP Arşivi İçinde (b-Library_Hzm-20260601T230631Z-3-001.zip),C:\Users\default.LAPTOP-OBA1HVU9\.antigravity-ide\Books\b-Library_Hzm-20260601T230631Z-3-001.zip -> b-Library_Hzm/islam Tarihi-ZAMAN/Doğuştan Günümüze Büyük İslam Tarihi Cilt 12.pdf,b-Library_Hzm/islam Tarihi-ZAMAN,23.36
Doğuştan Günümüze Büyük İslam Tarihi Cilt 13.pdf,PDF,ZIP Arşivi İçinde (b-Library_Hzm-20260601T230631Z-3-001.zip),C:\Users\default.LAPTOP-OBA1HVU9\.antigravity-ide\Books\b-Library_Hzm-20260601T230631Z-3-001.zip -> b-Library_Hzm/islam Tarihi-ZAMAN/Doğuştan Günümüze Büyük İslam Tarihi Cilt 13.pdf,b-Library_Hzm/islam Tarihi-ZAMAN,19.62
ilk-oykulerim-serisi-06-safak-demir-hazine-pesinde-mustuy.pdf,PDF,ZIP Arşivi İçinde (b-Library_Hzm-20260601T230631Z-3-001.zip),C:\Users\default.LAPTOP-OBA1HVU9\.antigravity-ide\Books\b-Library_Hzm-20260601T230631Z-3-001.zip -> b-Library_Hzm/Çocuklar için-Hzm/İlk öykülerim/ilk-oykulerim-serisi-06-safak-demir-hazine-pesinde-mustuy.pdf,b-Library_Hzm/Çocuklar için-Hzm/İlk öykülerim,2.55
ilk-oykulerim-serisi-07-safak-demir-evimizin-forveti-mustuy.pdf,PDF,ZIP Arşivi İçinde (b-Library_Hzm-20260601T230631Z-3-001.zip),C:\Users\default.LAPTOP-OBA1HVU9\.antigravity-ide\Books\b-Library_Hzm-20260601T230631Z-3-001.zip -> b-Library_Hzm/Çocuklar için-Hzm/İlk öykülerim/ilk-oykulerim-serisi-07-safak-demir-evimizin-forveti-mustuy.pdf,b-Library_Hzm/Çocuklar için-Hzm/İlk öykülerim,3.79
ilk-oykulerim-serisi-01-rabia-kandira-yesil-tespih-mustuy.pdf,PDF,ZIP Arşivi İçinde (b-Library_Hzm-20260601T230631Z-3-001.zip),C:\Users\default.LAPTOP-OBA1HVU9\.antigravity-ide\Books\b-Library_Hzm-20260601T230631Z-3-001.zip -> b-Library_Hzm/Çocuklar için-Hzm/İlk öykülerim/ilk-oykulerim-serisi-01-rabia-kandira-yesil-tespih-mustuy.pdf,b-Library_Hzm/Çocuklar için-Hzm/İlk öykülerim,0.96
ilk-oykulerim-serisi-08-h-ibrahim-cayirli-babamin-sol-ayagi-mustuy.pdf,PDF,ZIP Arşivi İçinde (b-Library_Hzm-20260601T230631Z-3-001.zip),C:\Users\default.LAPTOP-OBA1HVU9\.antigravity-ide\Books\b-Library_Hzm-20260601T230631Z-3-001.zip -> b-Library_Hzm/Çocuklar için-Hzm/İlk öykülerim/ilk-oykulerim-serisi-08-h-ibrahim-cayirli-babamin-sol-ayagi-mustuy.pdf,b-Library_Hzm/Çocuklar için-Hzm/İlk öykülerim,4.87
ilk-oykulerim-serisi-05-osman-kaplan-yarim-elma-mustuy.pdf,PDF,ZIP Arşivi İçinde (b-Library_Hzm-20260601T230631Z-3-001.zip),C:\Users\default.LAPTOP-OBA1HVU9\.antigravity-ide\Books\b-Library_Hzm-20260601T230631Z-3-001.zip -> b-Library_Hzm/Çocuklar için-Hzm/İlk öykülerim/ilk-oykulerim-serisi-05-osman-kaplan-yarim-elma-mustuy.pdf,b-Library_Hzm/Çocuklar için-Hzm/İlk öykülerim,5.06
A.Aymaz-Gunumuz-Yusuflarina-IsikYayinlari.pdf,PDF,ZIP Arşivi İçinde (b-Library_Hzm-20260601T230631Z-3-001.zip),C:\Users\default.LAPTOP-OBA1HVU9\.antigravity-ide\Books\b-Library_Hzm-20260601T230631Z-3-001.zip -> b-Library_Hzm/A.Aymaz/A.Aymaz-Gunumuz-Yusuflarina-IsikYayinlari.pdf,b-Library_Hzm/A.Aymaz,0.24
Doğuştan Günümüze Büyük İslam Tarihi Cilt 14.pdf,PDF,ZIP Arşivi İçinde (b-Library_Hzm-20260601T230631Z-3-001.zip),C:\Users\default.LAPTOP-OBA1HVU9\.antigravity-ide\Books\b-Library_Hzm-20260601T230631Z-3-001.zip -> b-Library_Hzm/islam Tarihi-ZAMAN/Doğuştan Günümüze Büyük İslam Tarihi Cilt 14.pdf,b-Library_Hzm/islam Tarihi-ZAMAN,20.95
A.Aymaz-Soz-Saati-IsikYayinlari.pdf,PDF,ZIP Arşivi İçinde (b-Library_Hzm-20260601T230631Z-3-001.zip),C:\Users\default.LAPTOP-OBA1HVU9\.antigravity-ide\Books\b-Library_Hzm-20260601T230631Z-3-001.zip -> b-Library_Hzm/A.Aymaz/A.Aymaz-Soz-Saati-IsikYayinlari.pdf,b-Library_Hzm/A.Aymaz,0.66
A.Aymaz-Citlembik-6-Anadolunun-en-Buyuk-Sadakasi-IsikYayinlari.pdf,PDF,ZIP Arşivi İçinde (b-Library_Hzm-20260601T230631Z-3-001.zip),C:\Users\default.LAPTOP-OBA1HVU9\.antigravity-ide\Books\b-Library_Hzm-20260601T230631Z-3-001.zip -> b-Library_Hzm/A.Aymaz/A.Aymaz-Citlembik-6-Anadolunun-en-Buyuk-Sadakasi-IsikYayinlari.pdf,b-Library_Hzm/A.Aymaz,0.69
The-Luminous-Life-of-Our-Prophet-by-Resit-Haylamaz.pdf,PDF,ZIP Arşivi İçinde (b-Library_Hzm-20260601T230631Z-3-001.zip),C:\Users\default.LAPTOP-OBA1HVU9\.antigravity-ide\Books\b-Library_Hzm-20260601T230631Z-3-001.zip -> b-Library_Hzm/Efendimiz Sav-Hzm-English/The-Luminous-Life-of-Our-Prophet-by-Resit-Haylamaz.pdf,b-Library_Hzm/Efendimiz Sav-Hzm-English,1.65
Saffet-Senih-Ibadetin-Getirdikleri-IsikYayinlari-pdf.pdf,PDF,ZIP Arşivi İçinde (b-Library_Hzm-20260601T230631Z-3-001.zip),C:\Users\default.LAPTOP-OBA1HVU9\.antigravity-ide\Books\b-Library_Hzm-20260601T230631Z-3-001.zip -> b-Library_Hzm/A.Aymaz/Saffet-Senih-Ibadetin-Getirdikleri-IsikYayinlari-pdf.pdf,b-Library_Hzm/A.Aymaz,0.47
ilk-oykulerim-serisi-02-rabia-kandira-minik-kedi-mustuy.pdf,PDF,ZIP Arşivi İçinde (b-Library_Hzm-20260601T230631Z-3-001.zip),C:\Users\default.LAPTOP-OBA1HVU9\.antigravity-ide\Books\b-Library_Hzm-20260601T230631Z-3-001.zip -> b-Library_Hzm/Çocuklar için-Hzm/İlk öykülerim/ilk-oykulerim-serisi-02-rabia-kandira-minik-kedi-mustuy.pdf,b-Library_Hzm/Çocuklar için-Hzm/İlk öykülerim,1.21
sirin-cocuklar-07-mustuy.pdf,PDF,ZIP Arşivi İçinde (b-Library_Hzm-20260601T230631Z-3-001.zip),C:\Users\default.LAPTOP-OBA1HVU9\.antigravity-ide\Books\b-Library_Hzm-20260601T230631Z-3-001.zip -> b-Library_Hzm/Çocuklar için-Hzm/Şirin Çocuklar-Dini/sirin-cocuklar-07-mustuy.pdf,b-Library_Hzm/Çocuklar için-Hzm/Şirin Çocuklar-Dini,9.12
konusan-kurt-mustuy.pdf,PDF,ZIP Arşivi İçinde (b-Library_Hzm-20260601T230631Z-3-001.zip),C:\Users\default.LAPTOP-OBA1HVU9\.antigravity-ide\Books\b-Library_Hzm-20260601T230631Z-3-001.zip -> b-Library_Hzm/Çocuklar için-Hzm/Peygamberimizin Mucizeleri-Çocuk/konusan-kurt-mustuy.pdf,b-Library_Hzm/Çocuklar için-Hzm/Peygamberimizin Mucizeleri-Çocuk,1.24
The-messenger-as-Compassion-Resid Haylamaz.pdf,PDF,ZIP Arşivi İçinde (b-Library_Hzm-20260601T230631Z-3-001.zip),C:\Users\default.LAPTOP-OBA1HVU9\.antigravity-ide\Books\b-Library_Hzm-20260601T230631Z-3-001.zip -> b-Library_Hzm/Efendimiz Sav-Hzm-English/The-messenger-as-Compassion-Resid Haylamaz.pdf,b-Library_Hzm/Efendimiz Sav-Hzm-English,5.12
Doğuştan Günümüze Büyük İslam Tarihi Cilt 09.pdf,PDF,ZIP Arşivi İçinde (b-Library_Hzm-20260601T230631Z-3-001.zip),C:\Users\default.LAPTOP-OBA1HVU9\.antigravity-ide\Books\b-Library_Hzm-20260601T230631Z-3-001.zip -> b-Library_Hzm/islam Tarihi-ZAMAN/Doğuştan Günümüze Büyük İslam Tarihi Cilt 09.pdf,b-Library_Hzm/islam Tarihi-ZAMAN,24.99
sirin-cocuklar-08-mustuy.pdf,PDF,ZIP Arşivi İçinde (b-Library_Hzm-20260601T230631Z-3-001.zip),C:\Users\default.LAPTOP-OBA1HVU9\.antigravity-ide\Books\b-Library_Hzm-20260601T230631Z-3-001.zip -> b-Library_Hzm/Çocuklar için-Hzm/Şirin Çocuklar-Dini/sirin-cocuklar-08-mustuy.pdf,b-Library_Hzm/Çocuklar için-Hzm/Şirin Çocuklar-Dini,9.33
sirin-cocuklar-01-mustuy.pdf,PDF,ZIP Arşivi İçinde (b-Library_Hzm-20260601T230631Z-3-001.zip),C:\Users\default.LAPTOP-OBA1HVU9\.antigravity-ide\Books\b-Library_Hzm-20260601T230631Z-3-001.zip -> b-Library_Hzm/Çocuklar için-Hzm/Şirin Çocuklar-Dini/sirin-cocuklar-01-mustuy.pdf,b-Library_Hzm/Çocuklar için-Hzm/Şirin Çocuklar-Dini,15.46
aglayan-kutuk-mustuy.pdf,PDF,ZIP Arşivi İçinde (b-Library_Hzm-20260601T230631Z-3-001.zip),C:\Users\default.LAPTOP-OBA1HVU9\.antigravity-ide\Books\b-Library_Hzm-20260601T230631Z-3-001.zip -> b-Library_Hzm/Çocuklar için-Hzm/Peygamberimizin Mucizeleri-Çocuk/aglayan-kutuk-mustuy.pdf,b-Library_Hzm/Çocuklar için-Hzm/Peygamberimizin Mucizeleri-Çocuk,2.03
sirin-cocuklar-06-mustuy.pdf,PDF,ZIP Arşivi İçinde (b-Library_Hzm-20260601T230631Z-3-001.zip),C:\Users\default.LAPTOP-OBA1HVU9\.antigravity-ide\Books\b-Library_Hzm-20260601T230631Z-3-001.zip -> b-Library_Hzm/Çocuklar için-Hzm/Şirin Çocuklar-Dini/sirin-cocuklar-06-mustuy.pdf,b-Library_Hzm/Çocuklar için-Hzm/Şirin Çocuklar-Dini,9.04
peygamber-efendimizin-mucizeleri-6-ruhi-demirel-isik-sacan-asa-mustuy.pdf,PDF,ZIP Arşivi İçinde (b-Library_Hzm-20260601T230631Z-3-001.zip),C:\Users\default.LAPTOP-OBA1HVU9\.antigravity-ide\Books\b-Library_Hzm-20260601T230631Z-3-001.zip -> b-Library_Hzm/Çocuklar için-Hzm/Peygamberimizin Mucizeleri-Çocuk/peygamber-efendimizin-mucizeleri-6-ruhi-demirel-isik-sacan-asa-mustuy.pdf,b-Library_Hzm/Çocuklar için-Hzm/Peygamberimizin Mucizeleri-Çocuk,1.46
sirin-cocuklar-02-mustuy.pdf,PDF,ZIP Arşivi İçinde (b-Library_Hzm-20260601T230631Z-3-001.zip),C:\Users\default.LAPTOP-OBA1HVU9\.antigravity-ide\Books\b-Library_Hzm-20260601T230631Z-3-001.zip -> b-Library_Hzm/Çocuklar için-Hzm/Şirin Çocuklar-Dini/sirin-cocuklar-02-mustuy.pdf,b-Library_Hzm/Çocuklar için-Hzm/Şirin Çocuklar-Dini,19.03
zikreden-taslar-mustuy.pdf,PDF,ZIP Arşivi İçinde (b-Library_Hzm-20260601T230631Z-3-001.zip),C:\Users\default.LAPTOP-OBA1HVU9\.antigravity-ide\Books\b-Library_Hzm-20260601T230631Z-3-001.zip -> b-Library_Hzm/Çocuklar için-Hzm/Peygamberimizin Mucizeleri-Çocuk/zikreden-taslar-mustuy.pdf,b-Library_Hzm/Çocuklar için-Hzm/Peygamberimizin Mucizeleri-Çocuk,1.94
gokten-inen-su-mustuy.pdf,PDF,ZIP Arşivi İçinde (b-Library_Hzm-20260601T230631Z-3-001.zip),C:\Users\default.LAPTOP-OBA1HVU9\.antigravity-ide\Books\b-Library_Hzm-20260601T230631Z-3-001.zip -> b-Library_Hzm/Çocuklar için-Hzm/Peygamberimizin Mucizeleri-Çocuk/gokten-inen-su-mustuy.pdf,b-Library_Hzm/Çocuklar için-Hzm/Peygamberimizin Mucizeleri-Çocuk,2.24
bereketlenen-yemek-mustuy.pdf,PDF,ZIP Arşivi İçinde (b-Library_Hzm-20260601T230631Z-3-001.zip),C:\Users\default.LAPTOP-OBA1HVU9\.antigravity-ide\Books\b-Library_Hzm-20260601T230631Z-3-001.zip -> b-Library_Hzm/Çocuklar için-Hzm/Peygamberimizin Mucizeleri-Çocuk/bereketlenen-yemek-mustuy.pdf,b-Library_Hzm/Çocuklar için-Hzm/Peygamberimizin Mucizeleri-Çocuk,2.53
sirin-cocuklar-03-mustuy.pdf,PDF,ZIP Arşivi İçinde (b-Library_Hzm-20260601T230631Z-3-001.zip),C:\Users\default.LAPTOP-OBA1HVU9\.antigravity-ide\Books\b-Library_Hzm-20260601T230631Z-3-001.zip -> b-Library_Hzm/Çocuklar için-Hzm/Şirin Çocuklar-Dini/sirin-cocuklar-03-mustuy.pdf,b-Library_Hzm/Çocuklar için-Hzm/Şirin Çocuklar-Dini,7.31
Kuran-i_Kerim-OKU.pdf,PDF,ZIP Arşivi İçinde (b-Library_Hzm-20260601T230631Z-3-001.zip),C:\Users\default.LAPTOP-OBA1HVU9\.antigravity-ide\Books\b-Library_Hzm-20260601T230631Z-3-001.zip -> b-Library_Hzm/Kur_an-Meal-Hzm/Kuran-i_Kerim-OKU.pdf,b-Library_Hzm/Kur_an-Meal-Hzm,9.11
Gul-Kokulu-Hikayeler-Kemal-Turan.pdf,PDF,ZIP Arşivi İçinde (b-Library_Hzm-20260601T230631Z-3-001.zip),C:\Users\default.LAPTOP-OBA1HVU9\.antigravity-ide\Books\b-Library_Hzm-20260601T230631Z-3-001.zip -> b-Library_Hzm/Efendimiz Sav-Hzm/Gul-Kokulu-Hikayeler-Kemal-Turan.pdf,b-Library_Hzm/Efendimiz Sav-Hzm,0.94
Riyazu-s-Salihin-Işık-Yayınları-pdf.pdf,PDF,ZIP Arşivi İçinde (b-Library_Hzm-20260601T230631Z-3-001.zip),C:\Users\default.LAPTOP-OBA1HVU9\.antigravity-ide\Books\b-Library_Hzm-20260601T230631Z-3-001.zip -> b-Library_Hzm/Hadis-Hzm/Riyazu-s-Salihin-Işık-Yayınları-pdf.pdf,b-Library_Hzm/Hadis-Hzm,5.51
Peygamber-Efendimizin-Gunluk-Hayati-Mustafa-Gundogdu-.pdf,PDF,ZIP Arşivi İçinde (b-Library_Hzm-20260601T230631Z-3-001.zip),C:\Users\default.LAPTOP-OBA1HVU9\.antigravity-ide\Books\b-Library_Hzm-20260601T230631Z-3-001.zip -> b-Library_Hzm/Efendimiz Sav-Hzm/Peygamber-Efendimizin-Gunluk-Hayati-Mustafa-Gundogdu-.pdf,b-Library_Hzm/Efendimiz Sav-Hzm,0.93
Diyalogun-Dini-Ve-Tarihi-Temelleri-Yeni-Umit.pdf,PDF,ZIP Arşivi İçinde (b-Library_Hzm-20260601T230631Z-3-001.zip),C:\Users\default.LAPTOP-OBA1HVU9\.antigravity-ide\Books\b-Library_Hzm-20260601T230631Z-3-001.zip -> b-Library_Hzm/Diyalog/Diyalogun-Dini-Ve-Tarihi-Temelleri-Yeni-Umit.pdf,b-Library_Hzm/Diyalog,0.9
sirin-cocuklar-05-mustuy.pdf,PDF,ZIP Arşivi İçinde (b-Library_Hzm-20260601T230631Z-3-001.zip),C:\Users\default.LAPTOP-OBA1HVU9\.antigravity-ide\Books\b-Library_Hzm-20260601T230631Z-3-001.zip -> b-Library_Hzm/Çocuklar için-Hzm/Şirin Çocuklar-Dini/sirin-cocuklar-05-mustuy.pdf,b-Library_Hzm/Çocuklar için-Hzm/Şirin Çocuklar-Dini,9.39
sirin-cocuklar-04-mustuy.pdf,PDF,ZIP Arşivi İçinde (b-Library_Hzm-20260601T230631Z-3-001.zip),C:\Users\default.LAPTOP-OBA1HVU9\.antigravity-ide\Books\b-Library_Hzm-20260601T230631Z-3-001.zip -> b-Library_Hzm/Çocuklar için-Hzm/Şirin Çocuklar-Dini/sirin-cocuklar-04-mustuy.pdf,b-Library_Hzm/Çocuklar için-Hzm/Şirin Çocuklar-Dini,6.79
Nebevi-Mujdenin-izinde-Huseyin-Algul.pdf,PDF,ZIP Arşivi İçinde (b-Library_Hzm-20260601T230631Z-3-001.zip),C:\Users\default.LAPTOP-OBA1HVU9\.antigravity-ide\Books\b-Library_Hzm-20260601T230631Z-3-001.zip -> b-Library_Hzm/Efendimiz Sav-Hzm/Nebevi-Mujdenin-izinde-Huseyin-Algul.pdf,b-Library_Hzm/Efendimiz Sav-Hzm,0.6
Çesitli Yonleriyle Hz Peygamber-sav-ibrahim-bayraktar-isikyayinlari.pdf,PDF,ZIP Arşivi İçinde (b-Library_Hzm-20260601T230631Z-3-001.zip),C:\Users\default.LAPTOP-OBA1HVU9\.antigravity-ide\Books\b-Library_Hzm-20260601T230631Z-3-001.zip -> b-Library_Hzm/Efendimiz Sav-Hzm/Çesitli Yonleriyle Hz Peygamber-sav-ibrahim-bayraktar-isikyayinlari.pdf,b-Library_Hzm/Efendimiz Sav-Hzm,0.59
Gonullerin Gulu-hz-muhammed-sav-aynur-uraler.pdf,PDF,ZIP Arşivi İçinde (b-Library_Hzm-20260601T230631Z-3-001.zip),C:\Users\default.LAPTOP-OBA1HVU9\.antigravity-ide\Books\b-Library_Hzm-20260601T230631Z-3-001.zip -> b-Library_Hzm/Efendimiz Sav-Hzm/Gonullerin Gulu-hz-muhammed-sav-aynur-uraler.pdf,b-Library_Hzm/Efendimiz Sav-Hzm,0.76
Efendimizin-bir-gunu-abdulhakim-yuce-isikyayinlari.pdf,PDF,ZIP Arşivi İçinde (b-Library_Hzm-20260601T230631Z-3-001.zip),C:\Users\default.LAPTOP-OBA1HVU9\.antigravity-ide\Books\b-Library_Hzm-20260601T230631Z-3-001.zip -> b-Library_Hzm/Efendimiz Sav-Hzm/Efendimizin-bir-gunu-abdulhakim-yuce-isikyayinlari.pdf,b-Library_Hzm/Efendimiz Sav-Hzm,0.69
peygamberimizin-sav-semaili-ahlak-ve-adabi-huseyin-algul.pdf,PDF,ZIP Arşivi İçinde (b-Library_Hzm-20260601T230631Z-3-001.zip),C:\Users\default.LAPTOP-OBA1HVU9\.antigravity-ide\Books\b-Library_Hzm-20260601T230631Z-3-001.zip -> b-Library_Hzm/Efendimiz Sav-Hzm/peygamberimizin-sav-semaili-ahlak-ve-adabi-huseyin-algul.pdf,b-Library_Hzm/Efendimiz Sav-Hzm,0.45
ilim-ve-sifatlariyla-efendimiz-sav-ali-budak.pdf,PDF,ZIP Arşivi İçinde (b-Library_Hzm-20260601T230631Z-3-001.zip),C:\Users\default.LAPTOP-OBA1HVU9\.antigravity-ide\Books\b-Library_Hzm-20260601T230631Z-3-001.zip -> b-Library_Hzm/Efendimiz Sav-Hzm/ilim-ve-sifatlariyla-efendimiz-sav-ali-budak.pdf,b-Library_Hzm/Efendimiz Sav-Hzm,0.77
Aile-reisi-ve-baba-olarak-hz-peygamber-ibrahim-canan-gulyurduyayinlari.pdf,PDF,ZIP Arşivi İçinde (b-Library_Hzm-20260601T230631Z-3-001.zip),C:\Users\default.LAPTOP-OBA1HVU9\.antigravity-ide\Books\b-Library_Hzm-20260601T230631Z-3-001.zip -> b-Library_Hzm/Efendimiz Sav-Hzm/Aile-reisi-ve-baba-olarak-hz-peygamber-ibrahim-canan-gulyurduyayinlari.pdf,b-Library_Hzm/Efendimiz Sav-Hzm,0.69
Şemail-isikyayinlari-faruk-vural.pdf,PDF,ZIP Arşivi İçinde (b-Library_Hzm-20260601T230631Z-3-001.zip),C:\Users\default.LAPTOP-OBA1HVU9\.antigravity-ide\Books\b-Library_Hzm-20260601T230631Z-3-001.zip -> b-Library_Hzm/Efendimiz Sav-Hzm/Şemail-isikyayinlari-faruk-vural.pdf,b-Library_Hzm/Efendimiz Sav-Hzm,0.65
Hz Peygamber Modeli-insanlar-arasi-iliskilerde-rehberyayinlari.pdf,PDF,ZIP Arşivi İçinde (b-Library_Hzm-20260601T230631Z-3-001.zip),C:\Users\default.LAPTOP-OBA1HVU9\.antigravity-ide\Books\b-Library_Hzm-20260601T230631Z-3-001.zip -> b-Library_Hzm/Efendimiz Sav-Hzm/Hz Peygamber Modeli-insanlar-arasi-iliskilerde-rehberyayinlari.pdf,b-Library_Hzm/Efendimiz Sav-Hzm,0.73
Peygamber-Sevgisi-RehberYayinlari.pdf,PDF,ZIP Arşivi İçinde (b-Library_Hzm-20260601T230631Z-3-001.zip),C:\Users\default.LAPTOP-OBA1HVU9\.antigravity-ide\Books\b-Library_Hzm-20260601T230631Z-3-001.zip -> b-Library_Hzm/Efendimiz Sav-Hzm/Peygamber-Sevgisi-RehberYayinlari.pdf,b-Library_Hzm/Efendimiz Sav-Hzm,0.73
Peygamber Sevgisi-zubeyr-tekin-rehberyayinlari.pdf,PDF,ZIP Arşivi İçinde (b-Library_Hzm-20260601T230631Z-3-001.zip),C:\Users\default.LAPTOP-OBA1HVU9\.antigravity-ide\Books\b-Library_Hzm-20260601T230631Z-3-001.zip -> b-Library_Hzm/Efendimiz Sav-Hzm/Peygamber Sevgisi-zubeyr-tekin-rehberyayinlari.pdf,b-Library_Hzm/Efendimiz Sav-Hzm,0.73
Efendimiz-in-Bir-Gunu-Abdulhakim-Yuce-Işık-Yayınları-2011.epub,EPUB,ZIP Arşivi İçinde (b-Library_Hzm-20260601T230631Z-3-001.zip),C:\Users\default.LAPTOP-OBA1HVU9\.antigravity-ide\Books\b-Library_Hzm-20260601T230631Z-3-001.zip -> b-Library_Hzm/Efendimiz Sav-Hzm/Efendimiz-in-Bir-Gunu-Abdulhakim-Yuce-Işık-Yayınları-2011.epub,b-Library_Hzm/Efendimiz Sav-Hzm,0.26
VE GAYBIN SON HABERCİSİ.pdf,PDF,ZIP Arşivi İçinde (b-Library_Hzm-20260601T230631Z-3-001.zip),C:\Users\default.LAPTOP-OBA1HVU9\.antigravity-ide\Books\b-Library_Hzm-20260601T230631Z-3-001.zip -> b-Library_Hzm/Efendimiz Sav-Hzm/VE GAYBIN SON HABERCİSİ.pdf,b-Library_Hzm/Efendimiz Sav-Hzm,0.56
Dillerdeki Mujde-resit-haylamaz.pdf,PDF,ZIP Arşivi İçinde (b-Library_Hzm-20260601T230631Z-3-001.zip),C:\Users\default.LAPTOP-OBA1HVU9\.antigravity-ide\Books\b-Library_Hzm-20260601T230631Z-3-001.zip -> b-Library_Hzm/Efendimiz Sav-Hzm/Dillerdeki Mujde-resit-haylamaz.pdf,b-Library_Hzm/Efendimiz Sav-Hzm,0.91
Kutlu Dogum-o-herkesin-peygamberi-rehberyayinlari.pdf,PDF,ZIP Arşivi İçinde (b-Library_Hzm-20260601T230631Z-3-001.zip),C:\Users\default.LAPTOP-OBA1HVU9\.antigravity-ide\Books\b-Library_Hzm-20260601T230631Z-3-001.zip -> b-Library_Hzm/Efendimiz Sav-Hzm/Kutlu Dogum-o-herkesin-peygamberi-rehberyayinlari.pdf,b-Library_Hzm/Efendimiz Sav-Hzm,10.38
A.Kurucan-Evcilik Oynamiyoruz - GulYurduYayinlari.pdf,PDF,ZIP Arşivi İçinde (b-Library_Hzm-20260601T230631Z-3-001.zip),C:\Users\default.LAPTOP-OBA1HVU9\.antigravity-ide\Books\b-Library_Hzm-20260601T230631Z-3-001.zip -> b-Library_Hzm/Ahmet Kurucan/A.Kurucan-Evcilik Oynamiyoruz - GulYurduYayinlari.pdf,b-Library_Hzm/Ahmet Kurucan,0.45
05-hazreti-ebu-zer-mustuy.pdf,PDF,ZIP Arşivi İçinde (b-Library_Hzm-20260601T230631Z-3-001.zip),C:\Users\default.LAPTOP-OBA1HVU9\.antigravity-ide\Books\b-Library_Hzm-20260601T230631Z-3-001.zip -> b-Library_Hzm/Çocuklar için-Hzm/Sahabeler-Çocuk/05-hazreti-ebu-zer-mustuy.pdf,b-Library_Hzm/Çocuklar için-Hzm/Sahabeler-Çocuk,1.08
A.Kurucan-Rotasiz Evlilik - GulYurduYayinlari.pdf,PDF,ZIP Arşivi İçinde (b-Library_Hzm-20260601T230631Z-3-001.zip),C:\Users\default.LAPTOP-OBA1HVU9\.antigravity-ide\Books\b-Library_Hzm-20260601T230631Z-3-001.zip -> b-Library_Hzm/Ahmet Kurucan/A.Kurucan-Rotasiz Evlilik - GulYurduYayinlari.pdf,b-Library_Hzm/Ahmet Kurucan,0.63
06-musab-ibn-i-umeyr-mustuy.pdf,PDF,ZIP Arşivi İçinde (b-Library_Hzm-20260601T230631Z-3-001.zip),C:\Users\default.LAPTOP-OBA1HVU9\.antigravity-ide\Books\b-Library_Hzm-20260601T230631Z-3-001.zip -> b-Library_Hzm/Çocuklar için-Hzm/Sahabeler-Çocuk/06-musab-ibn-i-umeyr-mustuy.pdf,b-Library_Hzm/Çocuklar için-Hzm/Sahabeler-Çocuk,1.05
Sızıntı-2012.04.pdf,PDF,ZIP Arşivi İçinde (b-Library_Hzm-20260601T230631Z-3-001.zip),C:\Users\default.LAPTOP-OBA1HVU9\.antigravity-ide\Books\b-Library_Hzm-20260601T230631Z-3-001.zip -> b-Library_Hzm/Dergi-Sızıntı/Sızıntı-2012.04.pdf,b-Library_Hzm/Dergi-Sızıntı,5.55
10-Hz-Ebu-Eyyub-el-Ensari-mustuy.pdf,PDF,ZIP Arşivi İçinde (b-Library_Hzm-20260601T230631Z-3-001.zip),C:\Users\default.LAPTOP-OBA1HVU9\.antigravity-ide\Books\b-Library_Hzm-20260601T230631Z-3-001.zip -> b-Library_Hzm/Çocuklar için-Hzm/Sahabeler-Çocuk/10-Hz-Ebu-Eyyub-el-Ensari-mustuy.pdf,b-Library_Hzm/Çocuklar için-Hzm/Sahabeler-Çocuk,0.91
A.Kurucan-Bosanmak icin mi evleniyoruz-GulYurduYayinlari.pdf,PDF,ZIP Arşivi İçinde (b-Library_Hzm-20260601T230631Z-3-001.zip),C:\Users\default.LAPTOP-OBA1HVU9\.antigravity-ide\Books\b-Library_Hzm-20260601T230631Z-3-001.zip -> b-Library_Hzm/Ahmet Kurucan/A.Kurucan-Bosanmak icin mi evleniyoruz-GulYurduYayinlari.pdf,b-Library_Hzm/Ahmet Kurucan,0.79
03-hazreti-osman-mustuy.pdf,PDF,ZIP Arşivi İçinde (b-Library_Hzm-20260601T230631Z-3-001.zip),C:\Users\default.LAPTOP-OBA1HVU9\.antigravity-ide\Books\b-Library_Hzm-20260601T230631Z-3-001.zip -> b-Library_Hzm/Çocuklar için-Hzm/Sahabeler-Çocuk/03-hazreti-osman-mustuy.pdf,b-Library_Hzm/Çocuklar için-Hzm/Sahabeler-Çocuk,1.41
01-hazreti-ebu-bekir-mustuy.pdf,PDF,ZIP Arşivi İçinde (b-Library_Hzm-20260601T230631Z-3-001.zip),C:\Users\default.LAPTOP-OBA1HVU9\.antigravity-ide\Books\b-Library_Hzm-20260601T230631Z-3-001.zip -> b-Library_Hzm/Çocuklar için-Hzm/Sahabeler-Çocuk/01-hazreti-ebu-bekir-mustuy.pdf,b-Library_Hzm/Çocuklar için-Hzm/Sahabeler-Çocuk,1.28
M-Asım-Koksal-Hazreti-Muhammed-S-A-V-ve-İslamiyet-İslam-Tarihi-5-6-PDFDrive-com-pdf.pdf,PDF,ZIP Arşivi İçinde (b-Library_Hzm-20260601T230631Z-3-001.zip),C:\Users\default.LAPTOP-OBA1HVU9\.antigravity-ide\Books\b-Library_Hzm-20260601T230631Z-3-001.zip -> b-Library_Hzm/Efendimiz_in Sav Hayatı-Hzm/M-Asım-Koksal-Hazreti-Muhammed-S-A-V-ve-İslamiyet-İslam-Tarihi-5-6-PDFDrive-com-pdf.pdf,b-Library_Hzm/Efendimiz_in Sav Hayatı-Hzm,5.54
04-hazreti-ali-mustuy.pdf,PDF,ZIP Arşivi İçinde (b-Library_Hzm-20260601T230631Z-3-001.zip),C:\Users\default.LAPTOP-OBA1HVU9\.antigravity-ide\Books\b-Library_Hzm-20260601T230631Z-3-001.zip -> b-Library_Hzm/Çocuklar için-Hzm/Sahabeler-Çocuk/04-hazreti-ali-mustuy.pdf,b-Library_Hzm/Çocuklar için-Hzm/Sahabeler-Çocuk,0.93
M-Asım-Koksal-Hazreti-Muhammed-S-A-V-ve-İslamiyet-İslam-Tarihi-1-2-.pdf,PDF,ZIP Arşivi İçinde (b-Library_Hzm-20260601T230631Z-3-001.zip),C:\Users\default.LAPTOP-OBA1HVU9\.antigravity-ide\Books\b-Library_Hzm-20260601T230631Z-3-001.zip -> b-Library_Hzm/Efendimiz_in Sav Hayatı-Hzm/M-Asım-Koksal-Hazreti-Muhammed-S-A-V-ve-İslamiyet-İslam-Tarihi-1-2-.pdf,b-Library_Hzm/Efendimiz_in Sav Hayatı-Hzm,3.73
Sızıntı-2012-01.pdf,PDF,ZIP Arşivi İçinde (b-Library_Hzm-20260601T230631Z-3-001.zip),C:\Users\default.LAPTOP-OBA1HVU9\.antigravity-ide\Books\b-Library_Hzm-20260601T230631Z-3-001.zip -> b-Library_Hzm/Dergi-Sızıntı/Sızıntı-2012-01.pdf,b-Library_Hzm/Dergi-Sızıntı,5.3
Sorularla-Acilan-Pencereler-1-MustuY.pdf,PDF,ZIP Arşivi İçinde (b-Library_Hzm-20260601T230631Z-3-001.zip),C:\Users\default.LAPTOP-OBA1HVU9\.antigravity-ide\Books\b-Library_Hzm-20260601T230631Z-3-001.zip -> b-Library_Hzm/Gençler için-Hzm/Sorularla-Acilan-Pencereler-1-MustuY.pdf,b-Library_Hzm/Gençler için-Hzm,0.72
M-Asım-Koksal-Hazreti-Muhammed-S-A-V-ve-İslamiyet-İslam-Tarihi-7-8-.pdf,PDF,ZIP Arşivi İçinde (b-Library_Hzm-20260601T230631Z-3-001.zip),C:\Users\default.LAPTOP-OBA1HVU9\.antigravity-ide\Books\b-Library_Hzm-20260601T230631Z-3-001.zip -> b-Library_Hzm/Efendimiz_in Sav Hayatı-Hzm/M-Asım-Koksal-Hazreti-Muhammed-S-A-V-ve-İslamiyet-İslam-Tarihi-7-8-.pdf,b-Library_Hzm/Efendimiz_in Sav Hayatı-Hzm,5.9
02-hazreti-omer-mustuy.pdf,PDF,ZIP Arşivi İçinde (b-Library_Hzm-20260601T230631Z-3-001.zip),C:\Users\default.LAPTOP-OBA1HVU9\.antigravity-ide\Books\b-Library_Hzm-20260601T230631Z-3-001.zip -> b-Library_Hzm/Çocuklar için-Hzm/Sahabeler-Çocuk/02-hazreti-omer-mustuy.pdf,b-Library_Hzm/Çocuklar için-Hzm/Sahabeler-Çocuk,1.08
A.Kurucan-Fıkıh-Dunyamız-1.pdf,PDF,ZIP Arşivi İçinde (b-Library_Hzm-20260601T230631Z-3-001.zip),C:\Users\default.LAPTOP-OBA1HVU9\.antigravity-ide\Books\b-Library_Hzm-20260601T230631Z-3-001.zip -> b-Library_Hzm/Ahmet Kurucan/A.Kurucan-Fıkıh-Dunyamız-1.pdf,b-Library_Hzm/Ahmet Kurucan,2.14
Kutlu Dogum-dergisi-2008-sulh-peygamberi-sav-rehberyayinlari.pdf,PDF,ZIP Arşivi İçinde (b-Library_Hzm-20260601T230631Z-3-001.zip),C:\Users\default.LAPTOP-OBA1HVU9\.antigravity-ide\Books\b-Library_Hzm-20260601T230631Z-3-001.zip -> b-Library_Hzm/Efendimiz Sav-Hzm/Kutlu Dogum-dergisi-2008-sulh-peygamberi-sav-rehberyayinlari.pdf,b-Library_Hzm/Efendimiz Sav-Hzm,14.49
4-gercek-musteri-mustuy.pdf,PDF,ZIP Arşivi İçinde (b-Library_Hzm-20260601T230631Z-3-001.zip),C:\Users\default.LAPTOP-OBA1HVU9\.antigravity-ide\Books\b-Library_Hzm-20260601T230631Z-3-001.zip -> b-Library_Hzm/Çocuklar için-Hzm/Sahabelerin Örnek Hayatı-Çocuk/4-gercek-musteri-mustuy.pdf,b-Library_Hzm/Çocuklar için-Hzm/Sahabelerin Örnek Hayatı-Çocuk,1.29
3-bir-tas-corba-mustuy.pdf,PDF,ZIP Arşivi İçinde (b-Library_Hzm-20260601T230631Z-3-001.zip),C:\Users\default.LAPTOP-OBA1HVU9\.antigravity-ide\Books\b-Library_Hzm-20260601T230631Z-3-001.zip -> b-Library_Hzm/Çocuklar için-Hzm/Sahabelerin Örnek Hayatı-Çocuk/3-bir-tas-corba-mustuy.pdf,b-Library_Hzm/Çocuklar için-Hzm/Sahabelerin Örnek Hayatı-Çocuk,1.1
3-cocuk-sevgisi-mustuy.pdf,PDF,ZIP Arşivi İçinde (b-Library_Hzm-20260601T230631Z-3-001.zip),C:\Users\default.LAPTOP-OBA1HVU9\.antigravity-ide\Books\b-Library_Hzm-20260601T230631Z-3-001.zip -> b-Library_Hzm/Çocuklar için-Hzm/Sahabelerin Örnek Hayatı-Çocuk/3-cocuk-sevgisi-mustuy.pdf,b-Library_Hzm/Çocuklar için-Hzm/Sahabelerin Örnek Hayatı-Çocuk,1.85
08-bedrin-aslani-hazreti-hamza-mustuy.pdf,PDF,ZIP Arşivi İçinde (b-Library_Hzm-20260601T230631Z-3-001.zip),C:\Users\default.LAPTOP-OBA1HVU9\.antigravity-ide\Books\b-Library_Hzm-20260601T230631Z-3-001.zip -> b-Library_Hzm/Çocuklar için-Hzm/Sahabeler-Çocuk/08-bedrin-aslani-hazreti-hamza-mustuy.pdf,b-Library_Hzm/Çocuklar için-Hzm/Sahabeler-Çocuk,9.68
07-hazreti-hasan-ve-hazreti-huseyin-mustuy.pdf,PDF,ZIP Arşivi İçinde (b-Library_Hzm-20260601T230631Z-3-001.zip),C:\Users\default.LAPTOP-OBA1HVU9\.antigravity-ide\Books\b-Library_Hzm-20260601T230631Z-3-001.zip -> b-Library_Hzm/Çocuklar için-Hzm/Sahabeler-Çocuk/07-hazreti-hasan-ve-hazreti-huseyin-mustuy.pdf,b-Library_Hzm/Çocuklar için-Hzm/Sahabeler-Çocuk,6.56
Riyazus Salihin - Muhtasar.pdf,PDF,ZIP Arşivi İçinde (b-Library_Hzm-20260601T230631Z-3-001.zip),C:\Users\default.LAPTOP-OBA1HVU9\.antigravity-ide\Books\b-Library_Hzm-20260601T230631Z-3-001.zip -> b-Library_Hzm/Hadis-Hzm/Riyazus Salihin - Muhtasar.pdf,b-Library_Hzm/Hadis-Hzm,5.46
1-yetim-yavru-mustuy.pdf,PDF,ZIP Arşivi İçinde (b-Library_Hzm-20260601T230631Z-3-001.zip),C:\Users\default.LAPTOP-OBA1HVU9\.antigravity-ide\Books\b-Library_Hzm-20260601T230631Z-3-001.zip -> b-Library_Hzm/Çocuklar için-Hzm/Sahabelerin Örnek Hayatı-Çocuk/1-yetim-yavru-mustuy.pdf,b-Library_Hzm/Çocuklar için-Hzm/Sahabelerin Örnek Hayatı-Çocuk,2.49
2-emanet-elbise-mustuy.pdf,PDF,ZIP Arşivi İçinde (b-Library_Hzm-20260601T230631Z-3-001.zip),C:\Users\default.LAPTOP-OBA1HVU9\.antigravity-ide\Books\b-Library_Hzm-20260601T230631Z-3-001.zip -> b-Library_Hzm/Çocuklar için-Hzm/Sahabelerin Örnek Hayatı-Çocuk/2-emanet-elbise-mustuy.pdf,b-Library_Hzm/Çocuklar için-Hzm/Sahabelerin Örnek Hayatı-Çocuk,1.84
5-kirilan-kalp-mustuy.pdf,PDF,ZIP Arşivi İçinde (b-Library_Hzm-20260601T230631Z-3-001.zip),C:\Users\default.LAPTOP-OBA1HVU9\.antigravity-ide\Books\b-Library_Hzm-20260601T230631Z-3-001.zip -> b-Library_Hzm/Çocuklar için-Hzm/Sahabelerin Örnek Hayatı-Çocuk/5-kirilan-kalp-mustuy.pdf,b-Library_Hzm/Çocuklar için-Hzm/Sahabelerin Örnek Hayatı-Çocuk,1.06
09-dahi-komutan-hazreti-halid-bin-velid-mustuy.pdf,PDF,ZIP Arşivi İçinde (b-Library_Hzm-20260601T230631Z-3-001.zip),C:\Users\default.LAPTOP-OBA1HVU9\.antigravity-ide\Books\b-Library_Hzm-20260601T230631Z-3-001.zip -> b-Library_Hzm/Çocuklar için-Hzm/Sahabeler-Çocuk/09-dahi-komutan-hazreti-halid-bin-velid-mustuy.pdf,b-Library_Hzm/Çocuklar için-Hzm/Sahabeler-Çocuk,8.21
genclere-pirlanta-olculer-1-m-fethullah-gulen-mustuy.pdf,PDF,ZIP Arşivi İçinde (b-Library_Hzm-20260601T230631Z-3-001.zip),C:\Users\default.LAPTOP-OBA1HVU9\.antigravity-ide\Books\b-Library_Hzm-20260601T230631Z-3-001.zip -> b-Library_Hzm/Gençler için-Hzm/genclere-pirlanta-olculer-1-m-fethullah-gulen-mustuy.pdf,b-Library_Hzm/Gençler için-Hzm,6.47
genclere-pirlanta-olculer-2-m-fethullah-gulen-mustuy.pdf,PDF,ZIP Arşivi İçinde (b-Library_Hzm-20260601T230631Z-3-001.zip),C:\Users\default.LAPTOP-OBA1HVU9\.antigravity-ide\Books\b-Library_Hzm-20260601T230631Z-3-001.zip -> b-Library_Hzm/Gençler için-Hzm/genclere-pirlanta-olculer-2-m-fethullah-gulen-mustuy.pdf,b-Library_Hzm/Gençler için-Hzm,0.9
6-yol-arkadasi-mustuy.pdf,PDF,ZIP Arşivi İçinde (b-Library_Hzm-20260601T230631Z-3-001.zip),C:\Users\default.LAPTOP-OBA1HVU9\.antigravity-ide\Books\b-Library_Hzm-20260601T230631Z-3-001.zip -> b-Library_Hzm/Çocuklar için-Hzm/Sahabelerin Örnek Hayatı-Çocuk/6-yol-arkadasi-mustuy.pdf,b-Library_Hzm/Çocuklar için-Hzm/Sahabelerin Örnek Hayatı-Çocuk,1.0
7-sevinc-yili-mustuy.pdf,PDF,ZIP Arşivi İçinde (b-Library_Hzm-20260601T230631Z-3-001.zip),C:\Users\default.LAPTOP-OBA1HVU9\.antigravity-ide\Books\b-Library_Hzm-20260601T230631Z-3-001.zip -> b-Library_Hzm/Çocuklar için-Hzm/Sahabelerin Örnek Hayatı-Çocuk/7-sevinc-yili-mustuy.pdf,b-Library_Hzm/Çocuklar için-Hzm/Sahabelerin Örnek Hayatı-Çocuk,1.72
2-Saadet-Asrinda-Resulullah-Sevgisi-Sahabe-Hayatindan-Mustuy.pdf,PDF,ZIP Arşivi İçinde (b-Library_Hzm-20260601T230631Z-3-001.zip),C:\Users\default.LAPTOP-OBA1HVU9\.antigravity-ide\Books\b-Library_Hzm-20260601T230631Z-3-001.zip -> b-Library_Hzm/Çocuklar için-Hzm/Sahabe Hayatından/2-Saadet-Asrinda-Resulullah-Sevgisi-Sahabe-Hayatindan-Mustuy.pdf,b-Library_Hzm/Çocuklar için-Hzm/Sahabe Hayatından,0.33
A.Aymaz-Zor-Zamanlar.pdf,PDF,ZIP Arşivi İçinde (b-Library_Hzm-20260601T230631Z-3-001.zip),C:\Users\default.LAPTOP-OBA1HVU9\.antigravity-ide\Books\b-Library_Hzm-20260601T230631Z-3-001.zip -> b-Library_Hzm/A.Aymaz/A.Aymaz-Zor-Zamanlar.pdf,b-Library_Hzm/A.Aymaz,1.9
4-Saadet-Asrinda-Fedakarlik-Ve-Sabir-Sahabe-Hayatindan-Mustuy.pdf,PDF,ZIP Arşivi İçinde (b-Library_Hzm-20260601T230631Z-3-001.zip),C:\Users\default.LAPTOP-OBA1HVU9\.antigravity-ide\Books\b-Library_Hzm-20260601T230631Z-3-001.zip -> b-Library_Hzm/Çocuklar için-Hzm/Sahabe Hayatından/4-Saadet-Asrinda-Fedakarlik-Ve-Sabir-Sahabe-Hayatindan-Mustuy.pdf,b-Library_Hzm/Çocuklar için-Hzm/Sahabe Hayatından,0.41
Adanmışların-Vasıfları-pdf.pdf,PDF,ZIP Arşivi İçinde (b-Library_Hzm-20260601T230631Z-3-001.zip),C:\Users\default.LAPTOP-OBA1HVU9\.antigravity-ide\Books\b-Library_Hzm-20260601T230631Z-3-001.zip -> b-Library_Hzm/Hizmet İnsanı/Adanmışların-Vasıfları-pdf.pdf,b-Library_Hzm/Hizmet İnsanı,0.92
1-Saadet-Asrinda-Allah-Sevgisi-Sahabe-Hayatindan-Mustuy.pdf,PDF,ZIP Arşivi İçinde (b-Library_Hzm-20260601T230631Z-3-001.zip),C:\Users\default.LAPTOP-OBA1HVU9\.antigravity-ide\Books\b-Library_Hzm-20260601T230631Z-3-001.zip -> b-Library_Hzm/Çocuklar için-Hzm/Sahabe Hayatından/1-Saadet-Asrinda-Allah-Sevgisi-Sahabe-Hayatindan-Mustuy.pdf,b-Library_Hzm/Çocuklar için-Hzm/Sahabe Hayatından,0.32
6-Saadet-Asrinda-Ilim-Ve-Ibadet-Sahabe-Hayatindan-Mustuy.pdf,PDF,ZIP Arşivi İçinde (b-Library_Hzm-20260601T230631Z-3-001.zip),C:\Users\default.LAPTOP-OBA1HVU9\.antigravity-ide\Books\b-Library_Hzm-20260601T230631Z-3-001.zip -> b-Library_Hzm/Çocuklar için-Hzm/Sahabe Hayatından/6-Saadet-Asrinda-Ilim-Ve-Ibadet-Sahabe-Hayatindan-Mustuy.pdf,b-Library_Hzm/Çocuklar için-Hzm/Sahabe Hayatından,0.46
gencin-yol-rehberi-1-mustuy.pdf,PDF,ZIP Arşivi İçinde (b-Library_Hzm-20260601T230631Z-3-001.zip),C:\Users\default.LAPTOP-OBA1HVU9\.antigravity-ide\Books\b-Library_Hzm-20260601T230631Z-3-001.zip -> b-Library_Hzm/Gençler için-Hzm/gencin-yol-rehberi-1-mustuy.pdf,b-Library_Hzm/Gençler için-Hzm,14.99
İc-Derinlikleriyle-Hizmet-İnsanı-pdf.pdf,PDF,ZIP Arşivi İçinde (b-Library_Hzm-20260601T230631Z-3-001.zip),C:\Users\default.LAPTOP-OBA1HVU9\.antigravity-ide\Books\b-Library_Hzm-20260601T230631Z-3-001.zip -> b-Library_Hzm/Hizmet İnsanı/İc-Derinlikleriyle-Hizmet-İnsanı-pdf.pdf,b-Library_Hzm/Hizmet İnsanı,1.14
Vazifelendirmede-Peygamber-Metodu-isikyayinlari.pdf,PDF,ZIP Arşivi İçinde (b-Library_Hzm-20260601T230631Z-3-001.zip),C:\Users\default.LAPTOP-OBA1HVU9\.antigravity-ide\Books\b-Library_Hzm-20260601T230631Z-3-001.zip -> b-Library_Hzm/Hizmet İnsanı/Vazifelendirmede-Peygamber-Metodu-isikyayinlari.pdf,b-Library_Hzm/Hizmet İnsanı,0.87
5-Saadet-Asrinda-Dogruluk-Ve-Sadakat-Sahabe-Hayatindan-Mustuy.pdf,PDF,ZIP Arşivi İçinde (b-Library_Hzm-20260601T230631Z-3-001.zip),C:\Users\default.LAPTOP-OBA1HVU9\.antigravity-ide\Books\b-Library_Hzm-20260601T230631Z-3-001.zip -> b-Library_Hzm/Çocuklar için-Hzm/Sahabe Hayatından/5-Saadet-Asrinda-Dogruluk-Ve-Sadakat-Sahabe-Hayatindan-Mustuy.pdf,b-Library_Hzm/Çocuklar için-Hzm/Sahabe Hayatından,0.38
Şefkat Gunesi-resit-haylamaz.pdf,PDF,ZIP Arşivi İçinde (b-Library_Hzm-20260601T230631Z-3-001.zip),C:\Users\default.LAPTOP-OBA1HVU9\.antigravity-ide\Books\b-Library_Hzm-20260601T230631Z-3-001.zip -> b-Library_Hzm/Efendimiz Sav-Hzm/Şefkat Gunesi-resit-haylamaz.pdf,b-Library_Hzm/Efendimiz Sav-Hzm,1.84
genclerle-nur-dersleri-2-mustuy.pdf,PDF,ZIP Arşivi İçinde (b-Library_Hzm-20260601T230631Z-3-001.zip),C:\Users\default.LAPTOP-OBA1HVU9\.antigravity-ide\Books\b-Library_Hzm-20260601T230631Z-3-001.zip -> b-Library_Hzm/Gençler için-Hzm/genclerle-nur-dersleri-2-mustuy.pdf,b-Library_Hzm/Gençler için-Hzm,12.79
genclerle-nur-dersleri-1-mustuy.pdf,PDF,ZIP Arşivi İçinde (b-Library_Hzm-20260601T230631Z-3-001.zip),C:\Users\default.LAPTOP-OBA1HVU9\.antigravity-ide\Books\b-Library_Hzm-20260601T230631Z-3-001.zip -> b-Library_Hzm/Gençler için-Hzm/genclerle-nur-dersleri-1-mustuy.pdf,b-Library_Hzm/Gençler için-Hzm,12.92
The Sultan-of-Hearts-Prophet-Muhammad-Haylamaz-Resit.pdf,PDF,ZIP Arşivi İçinde (b-Library_Hzm-20260601T230631Z-3-001.zip),C:\Users\default.LAPTOP-OBA1HVU9\.antigravity-ide\Books\b-Library_Hzm-20260601T230631Z-3-001.zip -> b-Library_Hzm/Efendimiz Sav-Hzm-English/The Sultan-of-Hearts-Prophet-Muhammad-Haylamaz-Resit.pdf,b-Library_Hzm/Efendimiz Sav-Hzm-English,11.86
Elmalili - Hak Dini Kuran Dili-01.pdf,PDF,ZIP Arşivi İçinde (b-Library_Hzm-20260601T230631Z-3-001.zip),C:\Users\default.LAPTOP-OBA1HVU9\.antigravity-ide\Books\b-Library_Hzm-20260601T230631Z-3-001.zip -> b-Library_Hzm/Tefsir-Elmalılı Tefsiri-ZAMAN.pdf/Elmalili - Hak Dini Kuran Dili-01.pdf,b-Library_Hzm/Tefsir-Elmalılı Tefsiri-ZAMAN.pdf,36.04
A.Aymaz-Kastamonu-Lahikasi.pdf,PDF,ZIP Arşivi İçinde (b-Library_Hzm-20260601T230631Z-3-001.zip),C:\Users\default.LAPTOP-OBA1HVU9\.antigravity-ide\Books\b-Library_Hzm-20260601T230631Z-3-001.zip -> b-Library_Hzm/A.Aymaz-RN/A.Aymaz-Kastamonu-Lahikasi.pdf,b-Library_Hzm/A.Aymaz-RN,1.77
A.Aymaz-Hanimlar-Rehberi.pdf,PDF,ZIP Arşivi İçinde (b-Library_Hzm-20260601T230631Z-3-001.zip),C:\Users\default.LAPTOP-OBA1HVU9\.antigravity-ide\Books\b-Library_Hzm-20260601T230631Z-3-001.zip -> b-Library_Hzm/A.Aymaz-RN/A.Aymaz-Hanimlar-Rehberi.pdf,b-Library_Hzm/A.Aymaz-RN,7.88
A.Aymaz-Emirdag-Lahikasi-2.pdf,PDF,ZIP Arşivi İçinde (b-Library_Hzm-20260601T230631Z-3-001.zip),C:\Users\default.LAPTOP-OBA1HVU9\.antigravity-ide\Books\b-Library_Hzm-20260601T230631Z-3-001.zip -> b-Library_Hzm/A.Aymaz-RN/A.Aymaz-Emirdag-Lahikasi-2.pdf,b-Library_Hzm/A.Aymaz-RN,1.39
SA-2_Bahar Neşidesi.pdf,PDF,ZIP Arşivi İçinde (b-Library_Hzm-20260601T230631Z-3-001.zip),C:\Users\default.LAPTOP-OBA1HVU9\.antigravity-ide\Books\b-Library_Hzm-20260601T230631Z-3-001.zip -> b-Library_Hzm/PRL/SA-2_Bahar Neşidesi.pdf,b-Library_Hzm/PRL,1.19
A.Aymaz-Muhakemat.pdf,PDF,ZIP Arşivi İçinde (b-Library_Hzm-20260601T230631Z-3-001.zip),C:\Users\default.LAPTOP-OBA1HVU9\.antigravity-ide\Books\b-Library_Hzm-20260601T230631Z-3-001.zip -> b-Library_Hzm/A.Aymaz-RN/A.Aymaz-Muhakemat.pdf,b-Library_Hzm/A.Aymaz-RN,1.61
A.Aymaz-Emirdag-Lahikasi-1.pdf,PDF,ZIP Arşivi İçinde (b-Library_Hzm-20260601T230631Z-3-001.zip),C:\Users\default.LAPTOP-OBA1HVU9\.antigravity-ide\Books\b-Library_Hzm-20260601T230631Z-3-001.zip -> b-Library_Hzm/A.Aymaz-RN/A.Aymaz-Emirdag-Lahikasi-1.pdf,b-Library_Hzm/A.Aymaz-RN,1.63
Oruç-Gufranla Tüllenen İbadet.pdf,PDF,ZIP Arşivi İçinde (b-Library_Hzm-20260601T230631Z-3-001.zip),C:\Users\default.LAPTOP-OBA1HVU9\.antigravity-ide\Books\b-Library_Hzm-20260601T230631Z-3-001.zip -> b-Library_Hzm/PRL/Oruç-Gufranla Tüllenen İbadet.pdf,b-Library_Hzm/PRL,1.13
Gaybın Son Habercisi.pdf,PDF,ZIP Arşivi İçinde (b-Library_Hzm-20260601T230631Z-3-001.zip),C:\Users\default.LAPTOP-OBA1HVU9\.antigravity-ide\Books\b-Library_Hzm-20260601T230631Z-3-001.zip -> b-Library_Hzm/PRL/Gaybın Son Habercisi.pdf,b-Library_Hzm/PRL,0.64
Hüzmeler ve İktibaslar.pdf,PDF,ZIP Arşivi İçinde (b-Library_Hzm-20260601T230631Z-3-001.zip),C:\Users\default.LAPTOP-OBA1HVU9\.antigravity-ide\Books\b-Library_Hzm-20260601T230631Z-3-001.zip -> b-Library_Hzm/PRL/Hüzmeler ve İktibaslar.pdf,b-Library_Hzm/PRL,0.4
A.Aymaz-Lemaat-Uzerine.pdf,PDF,ZIP Arşivi İçinde (b-Library_Hzm-20260601T230631Z-3-001.zip),C:\Users\default.LAPTOP-OBA1HVU9\.antigravity-ide\Books\b-Library_Hzm-20260601T230631Z-3-001.zip -> b-Library_Hzm/A.Aymaz-RN/A.Aymaz-Lemaat-Uzerine.pdf,b-Library_Hzm/A.Aymaz-RN,3.5
A.Aymaz-Hizmet-Rehberi.pdf,PDF,ZIP Arşivi İçinde (b-Library_Hzm-20260601T230631Z-3-001.zip),C:\Users\default.LAPTOP-OBA1HVU9\.antigravity-ide\Books\b-Library_Hzm-20260601T230631Z-3-001.zip -> b-Library_Hzm/A.Aymaz-RN/A.Aymaz-Hizmet-Rehberi.pdf,b-Library_Hzm/A.Aymaz-RN,1.6
KT-17-İstikamet Çizgisi.pdf,PDF,ZIP Arşivi İçinde (b-Library_Hzm-20260601T230631Z-3-001.zip),C:\Users\default.LAPTOP-OBA1HVU9\.antigravity-ide\Books\b-Library_Hzm-20260601T230631Z-3-001.zip -> b-Library_Hzm/PRL/KT-17-İstikamet Çizgisi.pdf,b-Library_Hzm/PRL,2.85
KT-18-İmtihanlar Kuşağı.pdf,PDF,ZIP Arşivi İçinde (b-Library_Hzm-20260601T230631Z-3-001.zip),C:\Users\default.LAPTOP-OBA1HVU9\.antigravity-ide\Books\b-Library_Hzm-20260601T230631Z-3-001.zip -> b-Library_Hzm/PRL/KT-18-İmtihanlar Kuşağı.pdf,b-Library_Hzm/PRL,2.84
Elmalili - Hak Dini Kuran Dili-06.pdf,PDF,ZIP Arşivi İçinde (b-Library_Hzm-20260601T230631Z-3-001.zip),C:\Users\default.LAPTOP-OBA1HVU9\.antigravity-ide\Books\b-Library_Hzm-20260601T230631Z-3-001.zip -> b-Library_Hzm/Tefsir-Elmalılı Tefsiri-ZAMAN.pdf/Elmalili - Hak Dini Kuran Dili-06.pdf,b-Library_Hzm/Tefsir-Elmalılı Tefsiri-ZAMAN.pdf,32.11
A.Aymaz-Sunuhat.pdf,PDF,ZIP Arşivi İçinde (b-Library_Hzm-20260601T230631Z-3-001.zip),C:\Users\default.LAPTOP-OBA1HVU9\.antigravity-ide\Books\b-Library_Hzm-20260601T230631Z-3-001.zip -> b-Library_Hzm/A.Aymaz-RN/A.Aymaz-Sunuhat.pdf,b-Library_Hzm/A.Aymaz-RN,1.87
Kalbin Solukları.pdf,PDF,ZIP Arşivi İçinde (b-Library_Hzm-20260601T230631Z-3-001.zip),C:\Users\default.LAPTOP-OBA1HVU9\.antigravity-ide\Books\b-Library_Hzm-20260601T230631Z-3-001.zip -> b-Library_Hzm/PRL/Kalbin Solukları.pdf,b-Library_Hzm/PRL,2.18
Elmalili - Hak Dini Kuran Dili-05.pdf,PDF,ZIP Arşivi İçinde (b-Library_Hzm-20260601T230631Z-3-001.zip),C:\Users\default.LAPTOP-OBA1HVU9\.antigravity-ide\Books\b-Library_Hzm-20260601T230631Z-3-001.zip -> b-Library_Hzm/Tefsir-Elmalılı Tefsiri-ZAMAN.pdf/Elmalili - Hak Dini Kuran Dili-05.pdf,b-Library_Hzm/Tefsir-Elmalılı Tefsiri-ZAMAN.pdf,30.95
CN_2_Buhranlar Anaforunda Insan.pdf,PDF,ZIP Arşivi İçinde (b-Library_Hzm-20260601T230631Z-3-001.zip),C:\Users\default.LAPTOP-OBA1HVU9\.antigravity-ide\Books\b-Library_Hzm-20260601T230631Z-3-001.zip -> b-Library_Hzm/PRL/CN_2_Buhranlar Anaforunda Insan.pdf,b-Library_Hzm/PRL,0.57
CN_3_Yitirilmiş Cennete Doğru.pdf,PDF,ZIP Arşivi İçinde (b-Library_Hzm-20260601T230631Z-3-001.zip),C:\Users\default.LAPTOP-OBA1HVU9\.antigravity-ide\Books\b-Library_Hzm-20260601T230631Z-3-001.zip -> b-Library_Hzm/PRL/CN_3_Yitirilmiş Cennete Doğru.pdf,b-Library_Hzm/PRL,0.55
CN_5_Gunler Bahari Soluklarken.pdf,PDF,ZIP Arşivi İçinde (b-Library_Hzm-20260601T230631Z-3-001.zip),C:\Users\default.LAPTOP-OBA1HVU9\.antigravity-ide\Books\b-Library_Hzm-20260601T230631Z-3-001.zip -> b-Library_Hzm/PRL/CN_5_Gunler Bahari Soluklarken.pdf,b-Library_Hzm/PRL,0.61
Asrin Getirdigi Tereddutler_1.pdf,PDF,ZIP Arşivi İçinde (b-Library_Hzm-20260601T230631Z-3-001.zip),C:\Users\default.LAPTOP-OBA1HVU9\.antigravity-ide\Books\b-Library_Hzm-20260601T230631Z-3-001.zip -> b-Library_Hzm/PRL/Asrin Getirdigi Tereddutler_1.pdf,b-Library_Hzm/PRL,0.84
CN_1_Cag ve Nesil.pdf,PDF,ZIP Arşivi İçinde (b-Library_Hzm-20260601T230631Z-3-001.zip),C:\Users\default.LAPTOP-OBA1HVU9\.antigravity-ide\Books\b-Library_Hzm-20260601T230631Z-3-001.zip -> b-Library_Hzm/PRL/CN_1_Cag ve Nesil.pdf,b-Library_Hzm/PRL,0.66
CN_6_Yeseren Dusunceler.pdf,PDF,ZIP Arşivi İçinde (b-Library_Hzm-20260601T230631Z-3-001.zip),C:\Users\default.LAPTOP-OBA1HVU9\.antigravity-ide\Books\b-Library_Hzm-20260601T230631Z-3-001.zip -> b-Library_Hzm/PRL/CN_6_Yeseren Dusunceler.pdf,b-Library_Hzm/PRL,0.84
Asrin Getirdigi Tereddutler_2.pdf,PDF,ZIP Arşivi İçinde (b-Library_Hzm-20260601T230631Z-3-001.zip),C:\Users\default.LAPTOP-OBA1HVU9\.antigravity-ide\Books\b-Library_Hzm-20260601T230631Z-3-001.zip -> b-Library_Hzm/PRL/Asrin Getirdigi Tereddutler_2.pdf,b-Library_Hzm/PRL,1.01
Beyan.pdf,PDF,ZIP Arşivi İçinde (b-Library_Hzm-20260601T230631Z-3-001.zip),C:\Users\default.LAPTOP-OBA1HVU9\.antigravity-ide\Books\b-Library_Hzm-20260601T230631Z-3-001.zip -> b-Library_Hzm/PRL/Beyan.pdf,b-Library_Hzm/PRL,0.79
Asrin Getirdigi Tereddutler_3.pdf,PDF,ZIP Arşivi İçinde (b-Library_Hzm-20260601T230631Z-3-001.zip),C:\Users\default.LAPTOP-OBA1HVU9\.antigravity-ide\Books\b-Library_Hzm-20260601T230631Z-3-001.zip -> b-Library_Hzm/PRL/Asrin Getirdigi Tereddutler_3.pdf,b-Library_Hzm/PRL,0.98
CN_4_Zamanin Altin Dilimi.pdf,PDF,ZIP Arşivi İçinde (b-Library_Hzm-20260601T230631Z-3-001.zip),C:\Users\default.LAPTOP-OBA1HVU9\.antigravity-ide\Books\b-Library_Hzm-20260601T230631Z-3-001.zip -> b-Library_Hzm/PRL/CN_4_Zamanin Altin Dilimi.pdf,b-Library_Hzm/PRL,0.78
Fasıldan Fasıla-5 - Fikir Atlası.pdf,PDF,ZIP Arşivi İçinde (b-Library_Hzm-20260601T230631Z-3-001.zip),C:\Users\default.LAPTOP-OBA1HVU9\.antigravity-ide\Books\b-Library_Hzm-20260601T230631Z-3-001.zip -> b-Library_Hzm/PRL/Fasıldan Fasıla-5 - Fikir Atlası.pdf,b-Library_Hzm/PRL,0.75
Fasıldan Fasıla-1.pdf,PDF,ZIP Arşivi İçinde (b-Library_Hzm-20260601T230631Z-3-001.zip),C:\Users\default.LAPTOP-OBA1HVU9\.antigravity-ide\Books\b-Library_Hzm-20260601T230631Z-3-001.zip -> b-Library_Hzm/PRL/Fasıldan Fasıla-1.pdf,b-Library_Hzm/PRL,0.74
Cekirdekten-Cinara-M.-Fethullah-Gulen.pdf,PDF,ZIP Arşivi İçinde (b-Library_Hzm-20260601T230631Z-3-001.zip),C:\Users\default.LAPTOP-OBA1HVU9\.antigravity-ide\Books\b-Library_Hzm-20260601T230631Z-3-001.zip -> b-Library_Hzm/PRL/Cekirdekten-Cinara-M.-Fethullah-Gulen.pdf,b-Library_Hzm/PRL,0.85
CN_7_Isigin Gorundugu Ufuk.pdf,PDF,ZIP Arşivi İçinde (b-Library_Hzm-20260601T230631Z-3-001.zip),C:\Users\default.LAPTOP-OBA1HVU9\.antigravity-ide\Books\b-Library_Hzm-20260601T230631Z-3-001.zip -> b-Library_Hzm/PRL/CN_7_Isigin Gorundugu Ufuk.pdf,b-Library_Hzm/PRL,1.04
KT-2-Sohbeti Canan.pdf,PDF,ZIP Arşivi İçinde (b-Library_Hzm-20260601T230631Z-3-001.zip),C:\Users\default.LAPTOP-OBA1HVU9\.antigravity-ide\Books\b-Library_Hzm-20260601T230631Z-3-001.zip -> b-Library_Hzm/PRL/KT-2-Sohbeti Canan.pdf,b-Library_Hzm/PRL,0.83
KT-1-Kırık Testi.pdf,PDF,ZIP Arşivi İçinde (b-Library_Hzm-20260601T230631Z-3-001.zip),C:\Users\default.LAPTOP-OBA1HVU9\.antigravity-ide\Books\b-Library_Hzm-20260601T230631Z-3-001.zip -> b-Library_Hzm/PRL/KT-1-Kırık Testi.pdf,b-Library_Hzm/PRL,1.06
Olcu-veya-Yoldaki-Isiklar-M.-Fethullah-Gulen.pdf,PDF,ZIP Arşivi İçinde (b-Library_Hzm-20260601T230631Z-3-001.zip),C:\Users\default.LAPTOP-OBA1HVU9\.antigravity-ide\Books\b-Library_Hzm-20260601T230631Z-3-001.zip -> b-Library_Hzm/PRL/Olcu-veya-Yoldaki-Isiklar-M.-Fethullah-Gulen.pdf,b-Library_Hzm/PRL,0.7
Olum-ve-Otesi-Hayat-M.-Fethullah-Gulen.pdf,PDF,ZIP Arşivi İçinde (b-Library_Hzm-20260601T230631Z-3-001.zip),C:\Users\default.LAPTOP-OBA1HVU9\.antigravity-ide\Books\b-Library_Hzm-20260601T230631Z-3-001.zip -> b-Library_Hzm/PRL/Olum-ve-Otesi-Hayat-M.-Fethullah-Gulen.pdf,b-Library_Hzm/PRL,0.54
KT-4-Ümit Burcu.pdf,PDF,ZIP Arşivi İçinde (b-Library_Hzm-20260601T230631Z-3-001.zip),C:\Users\default.LAPTOP-OBA1HVU9\.antigravity-ide\Books\b-Library_Hzm-20260601T230631Z-3-001.zip -> b-Library_Hzm/PRL/KT-4-Ümit Burcu.pdf,b-Library_Hzm/PRL,1.45
KT-14-Buhranlı Günler ve Ümit Atlası.pdf,PDF,ZIP Arşivi İçinde (b-Library_Hzm-20260601T230631Z-3-001.zip),C:\Users\default.LAPTOP-OBA1HVU9\.antigravity-ide\Books\b-Library_Hzm-20260601T230631Z-3-001.zip -> b-Library_Hzm/PRL/KT-14-Buhranlı Günler ve Ümit Atlası.pdf,b-Library_Hzm/PRL,1.21
dua-ufku-m-f-gulen.pdf,PDF,ZIP Arşivi İçinde (b-Library_Hzm-20260601T230631Z-3-001.zip),C:\Users\default.LAPTOP-OBA1HVU9\.antigravity-ide\Books\b-Library_Hzm-20260601T230631Z-3-001.zip -> b-Library_Hzm/Dua-Hzm/dua-ufku-m-f-gulen.pdf,b-Library_Hzm/Dua-Hzm,0.73
ayetlerde_dua.pdf,PDF,ZIP Arşivi İçinde (b-Library_Hzm-20260601T230631Z-3-001.zip),C:\Users\default.LAPTOP-OBA1HVU9\.antigravity-ide\Books\b-Library_Hzm-20260601T230631Z-3-001.zip -> b-Library_Hzm/Dua-Hzm/ayetlerde_dua.pdf,b-Library_Hzm/Dua-Hzm,0.16
teravih-dualari.pdf,PDF,ZIP Arşivi İçinde (b-Library_Hzm-20260601T230631Z-3-001.zip),C:\Users\default.LAPTOP-OBA1HVU9\.antigravity-ide\Books\b-Library_Hzm-20260601T230631Z-3-001.zip -> b-Library_Hzm/Dua-Oku/teravih-dualari.pdf,b-Library_Hzm/Dua-Oku,0.13
Kuranin-Altin-Ikliminde-M.-Fethullah-Gulen.pdf,PDF,ZIP Arşivi İçinde (b-Library_Hzm-20260601T230631Z-3-001.zip),C:\Users\default.LAPTOP-OBA1HVU9\.antigravity-ide\Books\b-Library_Hzm-20260601T230631Z-3-001.zip -> b-Library_Hzm/PRL/Kuranin-Altin-Ikliminde-M.-Fethullah-Gulen.pdf,b-Library_Hzm/PRL,2.13
kisa-sureler-ve-gunluk-dualar-rehberyayinlari.pdf,PDF,ZIP Arşivi İçinde (b-Library_Hzm-20260601T230631Z-3-001.zip),C:\Users\default.LAPTOP-OBA1HVU9\.antigravity-ide\Books\b-Library_Hzm-20260601T230631Z-3-001.zip -> b-Library_Hzm/Dua-Oku/kisa-sureler-ve-gunluk-dualar-rehberyayinlari.pdf,b-Library_Hzm/Dua-Oku,0.71
Bir-Kırık-Dilekce-M-Fethullah-Gulen.epub,EPUB,ZIP Arşivi İçinde (b-Library_Hzm-20260601T230631Z-3-001.zip),C:\Users\default.LAPTOP-OBA1HVU9\.antigravity-ide\Books\b-Library_Hzm-20260601T230631Z-3-001.zip -> b-Library_Hzm/Dua-Oku/Bir-Kırık-Dilekce-M-Fethullah-Gulen.epub,b-Library_Hzm/Dua-Oku,0.08
Sonsuz-Nur-1-M.-Fethullah-Gulen.pdf,PDF,ZIP Arşivi İçinde (b-Library_Hzm-20260601T230631Z-3-001.zip),C:\Users\default.LAPTOP-OBA1HVU9\.antigravity-ide\Books\b-Library_Hzm-20260601T230631Z-3-001.zip -> b-Library_Hzm/PRL/Sonsuz-Nur-1-M.-Fethullah-Gulen.pdf,b-Library_Hzm/PRL,2.89
Mustafa Yilmaz - Yanik Sinelerden Dualar - DefineYayinlari (Mustafa Yilmaz) (z-lib.org).pdf,PDF,ZIP Arşivi İçinde (b-Library_Hzm-20260601T230631Z-3-001.zip),C:\Users\default.LAPTOP-OBA1HVU9\.antigravity-ide\Books\b-Library_Hzm-20260601T230631Z-3-001.zip -> b-Library_Hzm/Dua-Oku/Mustafa Yilmaz - Yanik Sinelerden Dualar - DefineYayinlari (Mustafa Yilmaz) (z-lib.org).pdf,b-Library_Hzm/Dua-Oku,1.06
gokkusaginin-ardindaki-ulke-risale-hikayeleri-mustuy.pdf,PDF,ZIP Arşivi İçinde (b-Library_Hzm-20260601T230631Z-3-001.zip),C:\Users\default.LAPTOP-OBA1HVU9\.antigravity-ide\Books\b-Library_Hzm-20260601T230631Z-3-001.zip -> b-Library_Hzm/Çocuklar için-Hzm/Risale Hikayeleri/gokkusaginin-ardindaki-ulke-risale-hikayeleri-mustuy.pdf,b-Library_Hzm/Çocuklar için-Hzm/Risale Hikayeleri,0.31
akrebin-sifresi-risale-hikayeleri-mustuy.pdf,PDF,ZIP Arşivi İçinde (b-Library_Hzm-20260601T230631Z-3-001.zip),C:\Users\default.LAPTOP-OBA1HVU9\.antigravity-ide\Books\b-Library_Hzm-20260601T230631Z-3-001.zip -> b-Library_Hzm/Çocuklar için-Hzm/Risale Hikayeleri/akrebin-sifresi-risale-hikayeleri-mustuy.pdf,b-Library_Hzm/Çocuklar için-Hzm/Risale Hikayeleri,0.39
6-saadet-asrinda-İlim-ve-ibadet-mustuy.pdf,PDF,ZIP Arşivi İçinde (b-Library_Hzm-20260601T230631Z-3-001.zip),C:\Users\default.LAPTOP-OBA1HVU9\.antigravity-ide\Books\b-Library_Hzm-20260601T230631Z-3-001.zip -> b-Library_Hzm/Çocuklar için-Hzm/Saadet Asrı-Çocuk/6-saadet-asrinda-İlim-ve-ibadet-mustuy.pdf,b-Library_Hzm/Çocuklar için-Hzm/Saadet Asrı-Çocuk,0.46
5-saadet-asrinda-Dogruluk-ve-sadakat-mustuy.pdf,PDF,ZIP Arşivi İçinde (b-Library_Hzm-20260601T230631Z-3-001.zip),C:\Users\default.LAPTOP-OBA1HVU9\.antigravity-ide\Books\b-Library_Hzm-20260601T230631Z-3-001.zip -> b-Library_Hzm/Çocuklar için-Hzm/Saadet Asrı-Çocuk/5-saadet-asrinda-Dogruluk-ve-sadakat-mustuy.pdf,b-Library_Hzm/Çocuklar için-Hzm/Saadet Asrı-Çocuk,0.38
Yeni-Umit-Dergisi-004-1989-4.pdf,PDF,ZIP Arşivi İçinde (b-Library_Hzm-20260601T230631Z-3-001.zip),C:\Users\default.LAPTOP-OBA1HVU9\.antigravity-ide\Books\b-Library_Hzm-20260601T230631Z-3-001.zip -> b-Library_Hzm/Dergi-Yeni Ümit/Yeni-Umit-Dergisi-004-1989-4.pdf,b-Library_Hzm/Dergi-Yeni Ümit,2.18
Nurlardan-secmeler-2-Sözler_den.pdf,PDF,ZIP Arşivi İçinde (b-Library_Hzm-20260601T230631Z-3-001.zip),C:\Users\default.LAPTOP-OBA1HVU9\.antigravity-ide\Books\b-Library_Hzm-20260601T230631Z-3-001.zip -> b-Library_Hzm/RN-Külliyat-Hzm/RN-Seçmeler/Nurlardan-secmeler-2-Sözler_den.pdf,b-Library_Hzm/RN-Külliyat-Hzm/RN-Seçmeler,1.05
Nurlardan-secmeler-1-Sözler_den.pdf,PDF,ZIP Arşivi İçinde (b-Library_Hzm-20260601T230631Z-3-001.zip),C:\Users\default.LAPTOP-OBA1HVU9\.antigravity-ide\Books\b-Library_Hzm-20260601T230631Z-3-001.zip -> b-Library_Hzm/RN-Külliyat-Hzm/RN-Seçmeler/Nurlardan-secmeler-1-Sözler_den.pdf,b-Library_Hzm/RN-Külliyat-Hzm/RN-Seçmeler,0.88
Elmalili - Hak Dini Kuran Dili-07.pdf,PDF,ZIP Arşivi İçinde (b-Library_Hzm-20260601T230631Z-3-002.zip),C:\Users\default.LAPTOP-OBA1HVU9\.antigravity-ide\Books\b-Library_Hzm-20260601T230631Z-3-002.zip -> b-Library_Hzm/Tefsir-Elmalılı Tefsiri-ZAMAN.pdf/Elmalili - Hak Dini Kuran Dili-07.pdf,b-Library_Hzm/Tefsir-Elmalılı Tefsiri-ZAMAN.pdf,34.34
CN_8_Ornekleri Kendinden Bir Hareket.pdf,PDF,ZIP Arşivi İçinde (b-Library_Hzm-20260601T230631Z-3-002.zip),C:\Users\default.LAPTOP-OBA1HVU9\.antigravity-ide\Books\b-Library_Hzm-20260601T230631Z-3-002.zip -> b-Library_Hzm/PRL/CN_8_Ornekleri Kendinden Bir Hareket.pdf,b-Library_Hzm/PRL,0.78
CN_9_Sükûtun Çığlıkları.pdf,PDF,ZIP Arşivi İçinde (b-Library_Hzm-20260601T230631Z-3-002.zip),C:\Users\default.LAPTOP-OBA1HVU9\.antigravity-ide\Books\b-Library_Hzm-20260601T230631Z-3-002.zip -> b-Library_Hzm/PRL/CN_9_Sükûtun Çığlıkları.pdf,b-Library_Hzm/PRL,0.77
Fasıldan Fasıla-4.pdf,PDF,ZIP Arşivi İçinde (b-Library_Hzm-20260601T230631Z-3-002.zip),C:\Users\default.LAPTOP-OBA1HVU9\.antigravity-ide\Books\b-Library_Hzm-20260601T230631Z-3-002.zip -> b-Library_Hzm/PRL/Fasıldan Fasıla-4.pdf,b-Library_Hzm/PRL,0.88
Asrin Getirdigi Tereddutler_4.pdf,PDF,ZIP Arşivi İçinde (b-Library_Hzm-20260601T230631Z-3-002.zip),C:\Users\default.LAPTOP-OBA1HVU9\.antigravity-ide\Books\b-Library_Hzm-20260601T230631Z-3-002.zip -> b-Library_Hzm/PRL/Asrin Getirdigi Tereddutler_4.pdf,b-Library_Hzm/PRL,1.09
Elmalili - Hak Dini Kuran Dili-04.pdf,PDF,ZIP Arşivi İçinde (b-Library_Hzm-20260601T230631Z-3-002.zip),C:\Users\default.LAPTOP-OBA1HVU9\.antigravity-ide\Books\b-Library_Hzm-20260601T230631Z-3-002.zip -> b-Library_Hzm/Tefsir-Elmalılı Tefsiri-ZAMAN.pdf/Elmalili - Hak Dini Kuran Dili-04.pdf,b-Library_Hzm/Tefsir-Elmalılı Tefsiri-ZAMAN.pdf,34.26
Fasıldan Fasıla-2.pdf,PDF,ZIP Arşivi İçinde (b-Library_Hzm-20260601T230631Z-3-002.zip),C:\Users\default.LAPTOP-OBA1HVU9\.antigravity-ide\Books\b-Library_Hzm-20260601T230631Z-3-002.zip -> b-Library_Hzm/PRL/Fasıldan Fasıla-2.pdf,b-Library_Hzm/PRL,0.72
Hitap Çiçekleri.pdf,PDF,ZIP Arşivi İçinde (b-Library_Hzm-20260601T230631Z-3-002.zip),C:\Users\default.LAPTOP-OBA1HVU9\.antigravity-ide\Books\b-Library_Hzm-20260601T230631Z-3-002.zip -> b-Library_Hzm/PRL/Hitap Çiçekleri.pdf,b-Library_Hzm/PRL,0.62
İla-yı Kelimetullah veya Cihad.pdf,PDF,ZIP Arşivi İçinde (b-Library_Hzm-20260601T230631Z-3-002.zip),C:\Users\default.LAPTOP-OBA1HVU9\.antigravity-ide\Books\b-Library_Hzm-20260601T230631Z-3-002.zip -> b-Library_Hzm/PRL/İla-yı Kelimetullah veya Cihad.pdf,b-Library_Hzm/PRL,2.4
Fasıldan Fasıla-3.pdf,PDF,ZIP Arşivi İçinde (b-Library_Hzm-20260601T230631Z-3-002.zip),C:\Users\default.LAPTOP-OBA1HVU9\.antigravity-ide\Books\b-Library_Hzm-20260601T230631Z-3-002.zip -> b-Library_Hzm/PRL/Fasıldan Fasıla-3.pdf,b-Library_Hzm/PRL,1.02
Kalbin Zümrüt Tepeleri - 2.pdf,PDF,ZIP Arşivi İçinde (b-Library_Hzm-20260601T230631Z-3-002.zip),C:\Users\default.LAPTOP-OBA1HVU9\.antigravity-ide\Books\b-Library_Hzm-20260601T230631Z-3-002.zip -> b-Library_Hzm/PRL/Kalbin Zümrüt Tepeleri - 2.pdf,b-Library_Hzm/PRL,1.31
Fatiha Üzerine Mülahazalar.pdf,PDF,ZIP Arşivi İçinde (b-Library_Hzm-20260601T230631Z-3-002.zip),C:\Users\default.LAPTOP-OBA1HVU9\.antigravity-ide\Books\b-Library_Hzm-20260601T230631Z-3-002.zip -> b-Library_Hzm/PRL/Fatiha Üzerine Mülahazalar.pdf,b-Library_Hzm/PRL,1.07
İnancın Gölgesinde-2.pdf,PDF,ZIP Arşivi İçinde (b-Library_Hzm-20260601T230631Z-3-002.zip),C:\Users\default.LAPTOP-OBA1HVU9\.antigravity-ide\Books\b-Library_Hzm-20260601T230631Z-3-002.zip -> b-Library_Hzm/PRL/İnancın Gölgesinde-2.pdf,b-Library_Hzm/PRL,1.0
İnancın Gölgesinde-1.pdf,PDF,ZIP Arşivi İçinde (b-Library_Hzm-20260601T230631Z-3-002.zip),C:\Users\default.LAPTOP-OBA1HVU9\.antigravity-ide\Books\b-Library_Hzm-20260601T230631Z-3-002.zip -> b-Library_Hzm/PRL/İnancın Gölgesinde-1.pdf,b-Library_Hzm/PRL,1.07
gencin-yol-rehberi-2-mustuy.pdf,PDF,ZIP Arşivi İçinde (b-Library_Hzm-20260601T230631Z-3-002.zip),C:\Users\default.LAPTOP-OBA1HVU9\.antigravity-ide\Books\b-Library_Hzm-20260601T230631Z-3-002.zip -> b-Library_Hzm/Gençler için-Hzm/gencin-yol-rehberi-2-mustuy.pdf,b-Library_Hzm/Gençler için-Hzm,133.04
Kalbin Zümrüt Tepeleri - 1.pdf,PDF,ZIP Arşivi İçinde (b-Library_Hzm-20260601T230631Z-3-002.zip),C:\Users\default.LAPTOP-OBA1HVU9\.antigravity-ide\Books\b-Library_Hzm-20260601T230631Z-3-002.zip -> b-Library_Hzm/PRL/Kalbin Zümrüt Tepeleri - 1.pdf,b-Library_Hzm/PRL,1.18
Enginligiyle-Bizim-Dunyamiz-Iktisadi-Mulahazalar.pdf,PDF,ZIP Arşivi İçinde (b-Library_Hzm-20260601T230631Z-3-002.zip),C:\Users\default.LAPTOP-OBA1HVU9\.antigravity-ide\Books\b-Library_Hzm-20260601T230631Z-3-002.zip -> b-Library_Hzm/PRL/Enginligiyle-Bizim-Dunyamiz-Iktisadi-Mulahazalar.pdf,b-Library_Hzm/PRL,1.82
İrşad Ekseni.pdf,PDF,ZIP Arşivi İçinde (b-Library_Hzm-20260601T230631Z-3-002.zip),C:\Users\default.LAPTOP-OBA1HVU9\.antigravity-ide\Books\b-Library_Hzm-20260601T230631Z-3-002.zip -> b-Library_Hzm/PRL/İrşad Ekseni.pdf,b-Library_Hzm/PRL,0.97
Kırık Mızrap.pdf,PDF,ZIP Arşivi İçinde (b-Library_Hzm-20260601T230631Z-3-002.zip),C:\Users\default.LAPTOP-OBA1HVU9\.antigravity-ide\Books\b-Library_Hzm-20260601T230631Z-3-002.zip -> b-Library_Hzm/PRL/Kırık Mızrap.pdf,b-Library_Hzm/PRL,0.72
Kalbin Zümrüt Tepeleri - 3.pdf,PDF,ZIP Arşivi İçinde (b-Library_Hzm-20260601T230631Z-3-002.zip),C:\Users\default.LAPTOP-OBA1HVU9\.antigravity-ide\Books\b-Library_Hzm-20260601T230631Z-3-002.zip -> b-Library_Hzm/PRL/Kalbin Zümrüt Tepeleri - 3.pdf,b-Library_Hzm/PRL,1.15
Kalbin Zümrüt Tepeleri - 4.pdf,PDF,ZIP Arşivi İçinde (b-Library_Hzm-20260601T230631Z-3-002.zip),C:\Users\default.LAPTOP-OBA1HVU9\.antigravity-ide\Books\b-Library_Hzm-20260601T230631Z-3-002.zip -> b-Library_Hzm/PRL/Kalbin Zümrüt Tepeleri - 4.pdf,b-Library_Hzm/PRL,0.95
KT-3-Gurbet Ufukları.pdf,PDF,ZIP Arşivi İçinde (b-Library_Hzm-20260601T230631Z-3-002.zip),C:\Users\default.LAPTOP-OBA1HVU9\.antigravity-ide\Books\b-Library_Hzm-20260601T230631Z-3-002.zip -> b-Library_Hzm/PRL/KT-3-Gurbet Ufukları.pdf,b-Library_Hzm/PRL,0.98
CN-10_Hakka Adanmışlar Yolu.pdf,PDF,ZIP Arşivi İçinde (b-Library_Hzm-20260601T230631Z-3-002.zip),C:\Users\default.LAPTOP-OBA1HVU9\.antigravity-ide\Books\b-Library_Hzm-20260601T230631Z-3-002.zip -> b-Library_Hzm/PRL/CN-10_Hakka Adanmışlar Yolu.pdf,b-Library_Hzm/PRL,8.4
Elmalili - Hak Dini Kuran Dili-08.pdf,PDF,ZIP Arşivi İçinde (b-Library_Hzm-20260601T230631Z-3-002.zip),C:\Users\default.LAPTOP-OBA1HVU9\.antigravity-ide\Books\b-Library_Hzm-20260601T230631Z-3-002.zip -> b-Library_Hzm/Tefsir-Elmalılı Tefsiri-ZAMAN.pdf/Elmalili - Hak Dini Kuran Dili-08.pdf,b-Library_Hzm/Tefsir-Elmalılı Tefsiri-ZAMAN.pdf,33.45
KT-10-Cemre Beklentisi.pdf,PDF,ZIP Arşivi İçinde (b-Library_Hzm-20260601T230631Z-3-002.zip),C:\Users\default.LAPTOP-OBA1HVU9\.antigravity-ide\Books\b-Library_Hzm-20260601T230631Z-3-002.zip -> b-Library_Hzm/PRL/KT-10-Cemre Beklentisi.pdf,b-Library_Hzm/PRL,1.26
KT-7-Ölümsüzlük İksiri.pdf,PDF,ZIP Arşivi İçinde (b-Library_Hzm-20260601T230631Z-3-002.zip),C:\Users\default.LAPTOP-OBA1HVU9\.antigravity-ide\Books\b-Library_Hzm-20260601T230631Z-3-002.zip -> b-Library_Hzm/PRL/KT-7-Ölümsüzlük İksiri.pdf,b-Library_Hzm/PRL,1.28
KT-5-İkindi Yağmurları.pdf,PDF,ZIP Arşivi İçinde (b-Library_Hzm-20260601T230631Z-3-002.zip),C:\Users\default.LAPTOP-OBA1HVU9\.antigravity-ide\Books\b-Library_Hzm-20260601T230631Z-3-002.zip -> b-Library_Hzm/PRL/KT-5-İkindi Yağmurları.pdf,b-Library_Hzm/PRL,1.66
KT-11-Yaşatma İdeali.pdf,PDF,ZIP Arşivi İçinde (b-Library_Hzm-20260601T230631Z-3-002.zip),C:\Users\default.LAPTOP-OBA1HVU9\.antigravity-ide\Books\b-Library_Hzm-20260601T230631Z-3-002.zip -> b-Library_Hzm/PRL/KT-11-Yaşatma İdeali.pdf,b-Library_Hzm/PRL,1.21
Prizma-5-Kendi-Iklimimiz-M.-Fethullah-Gulen.pdf,PDF,ZIP Arşivi İçinde (b-Library_Hzm-20260601T230631Z-3-002.zip),C:\Users\default.LAPTOP-OBA1HVU9\.antigravity-ide\Books\b-Library_Hzm-20260601T230631Z-3-002.zip -> b-Library_Hzm/PRL/Prizma-5-Kendi-Iklimimiz-M.-Fethullah-Gulen.pdf,b-Library_Hzm/PRL,0.99
Prizma-6-Yol-Mulahazalari-M.-Fethullah-Gulen.pdf,PDF,ZIP Arşivi İçinde (b-Library_Hzm-20260601T230631Z-3-002.zip),C:\Users\default.LAPTOP-OBA1HVU9\.antigravity-ide\Books\b-Library_Hzm-20260601T230631Z-3-002.zip -> b-Library_Hzm/PRL/Prizma-6-Yol-Mulahazalari-M.-Fethullah-Gulen.pdf,b-Library_Hzm/PRL,0.88
KT-12-Yenilenme Cehdi.pdf,PDF,ZIP Arşivi İçinde (b-Library_Hzm-20260601T230631Z-3-002.zip),C:\Users\default.LAPTOP-OBA1HVU9\.antigravity-ide\Books\b-Library_Hzm-20260601T230631Z-3-002.zip -> b-Library_Hzm/PRL/KT-12-Yenilenme Cehdi.pdf,b-Library_Hzm/PRL,1.3
Kader-Kitap ve Sünnet Perspektifinde Kader .pdf,PDF,ZIP Arşivi İçinde (b-Library_Hzm-20260601T230631Z-3-002.zip),C:\Users\default.LAPTOP-OBA1HVU9\.antigravity-ide\Books\b-Library_Hzm-20260601T230631Z-3-002.zip -> b-Library_Hzm/PRL/Kader-Kitap ve Sünnet Perspektifinde Kader .pdf,b-Library_Hzm/PRL,0.84
KT-9-Kalb İbresi.pdf,PDF,ZIP Arşivi İçinde (b-Library_Hzm-20260601T230631Z-3-002.zip),C:\Users\default.LAPTOP-OBA1HVU9\.antigravity-ide\Books\b-Library_Hzm-20260601T230631Z-3-002.zip -> b-Library_Hzm/PRL/KT-9-Kalb İbresi.pdf,b-Library_Hzm/PRL,1.27
Kur_an_ın_Sihirli_Ufku_Yusuf_Suresi-MFG.pdf,PDF,ZIP Arşivi İçinde (b-Library_Hzm-20260601T230631Z-3-002.zip),C:\Users\default.LAPTOP-OBA1HVU9\.antigravity-ide\Books\b-Library_Hzm-20260601T230631Z-3-002.zip -> b-Library_Hzm/PRL/Kur_an_ın_Sihirli_Ufku_Yusuf_Suresi-MFG.pdf,b-Library_Hzm/PRL,22.91
KT-6-Diriliş Çağrısı.pdf,PDF,ZIP Arşivi İçinde (b-Library_Hzm-20260601T230631Z-3-002.zip),C:\Users\default.LAPTOP-OBA1HVU9\.antigravity-ide\Books\b-Library_Hzm-20260601T230631Z-3-002.zip -> b-Library_Hzm/PRL/KT-6-Diriliş Çağrısı.pdf,b-Library_Hzm/PRL,1.44
KT-20-Işık-Karanlık Devr-i Daimi.pdf,PDF,ZIP Arşivi İçinde (b-Library_Hzm-20260601T230631Z-3-002.zip),C:\Users\default.LAPTOP-OBA1HVU9\.antigravity-ide\Books\b-Library_Hzm-20260601T230631Z-3-002.zip -> b-Library_Hzm/PRL/KT-20-Işık-Karanlık Devr-i Daimi.pdf,b-Library_Hzm/PRL,15.78
Yaratilis-Gercegi-ve-Evrim-M.-Fethullah-Gulen.pdf,PDF,ZIP Arşivi İçinde (b-Library_Hzm-20260601T230631Z-3-002.zip),C:\Users\default.LAPTOP-OBA1HVU9\.antigravity-ide\Books\b-Library_Hzm-20260601T230631Z-3-002.zip -> b-Library_Hzm/PRL/Yaratilis-Gercegi-ve-Evrim-M.-Fethullah-Gulen.pdf,b-Library_Hzm/PRL,0.59
Prizma-2-M.-Fethullah-Gulen.pdf,PDF,ZIP Arşivi İçinde (b-Library_Hzm-20260601T230631Z-3-002.zip),C:\Users\default.LAPTOP-OBA1HVU9\.antigravity-ide\Books\b-Library_Hzm-20260601T230631Z-3-002.zip -> b-Library_Hzm/PRL/Prizma-2-M.-Fethullah-Gulen.pdf,b-Library_Hzm/PRL,0.83
Prizma-7-Zihin-Harmani-M.-Fethullah-Gulen.pdf,PDF,ZIP Arşivi İçinde (b-Library_Hzm-20260601T230631Z-3-002.zip),C:\Users\default.LAPTOP-OBA1HVU9\.antigravity-ide\Books\b-Library_Hzm-20260601T230631Z-3-002.zip -> b-Library_Hzm/PRL/Prizma-7-Zihin-Harmani-M.-Fethullah-Gulen.pdf,b-Library_Hzm/PRL,0.85
Prizma-3-M.-Fethullah-Gulen.pdf,PDF,ZIP Arşivi İçinde (b-Library_Hzm-20260601T230631Z-3-002.zip),C:\Users\default.LAPTOP-OBA1HVU9\.antigravity-ide\Books\b-Library_Hzm-20260601T230631Z-3-002.zip -> b-Library_Hzm/PRL/Prizma-3-M.-Fethullah-Gulen.pdf,b-Library_Hzm/PRL,0.88
KT-13-Mefkure Yolculuğu.pdf,PDF,ZIP Arşivi İçinde (b-Library_Hzm-20260601T230631Z-3-002.zip),C:\Users\default.LAPTOP-OBA1HVU9\.antigravity-ide\Books\b-Library_Hzm-20260601T230631Z-3-002.zip -> b-Library_Hzm/PRL/KT-13-Mefkure Yolculuğu.pdf,b-Library_Hzm/PRL,1.36
KT-16-Dert Musikisi.pdf,PDF,ZIP Arşivi İçinde (b-Library_Hzm-20260601T230631Z-3-002.zip),C:\Users\default.LAPTOP-OBA1HVU9\.antigravity-ide\Books\b-Library_Hzm-20260601T230631Z-3-002.zip -> b-Library_Hzm/PRL/KT-16-Dert Musikisi.pdf,b-Library_Hzm/PRL,1.21
Prizma-1-M.-Fethullah-Gulen.pdf,PDF,ZIP Arşivi İçinde (b-Library_Hzm-20260601T230631Z-3-002.zip),C:\Users\default.LAPTOP-OBA1HVU9\.antigravity-ide\Books\b-Library_Hzm-20260601T230631Z-3-002.zip -> b-Library_Hzm/PRL/Prizma-1-M.-Fethullah-Gulen.pdf,b-Library_Hzm/PRL,0.96
SA-1_Sohbet-Atmosferi-M.-Fethullah-Gulen.pdf,PDF,ZIP Arşivi İçinde (b-Library_Hzm-20260601T230631Z-3-002.zip),C:\Users\default.LAPTOP-OBA1HVU9\.antigravity-ide\Books\b-Library_Hzm-20260601T230631Z-3-002.zip -> b-Library_Hzm/PRL/SA-1_Sohbet-Atmosferi-M.-Fethullah-Gulen.pdf,b-Library_Hzm/PRL,1.15
Namaz-Miraç Enginlikli İbadet.pdf,PDF,ZIP Arşivi İçinde (b-Library_Hzm-20260601T230631Z-3-002.zip),C:\Users\default.LAPTOP-OBA1HVU9\.antigravity-ide\Books\b-Library_Hzm-20260601T230631Z-3-002.zip -> b-Library_Hzm/PRL/Namaz-Miraç Enginlikli İbadet.pdf,b-Library_Hzm/PRL,2.18
Prizma-4-M.-Fethullah-Gulen.pdf,PDF,ZIP Arşivi İçinde (b-Library_Hzm-20260601T230631Z-3-002.zip),C:\Users\default.LAPTOP-OBA1HVU9\.antigravity-ide\Books\b-Library_Hzm-20260601T230631Z-3-002.zip -> b-Library_Hzm/PRL/Prizma-4-M.-Fethullah-Gulen.pdf,b-Library_Hzm/PRL,1.2
KT-15-Yolun Kaderi.pdf,PDF,ZIP Arşivi İçinde (b-Library_Hzm-20260601T230631Z-3-002.zip),C:\Users\default.LAPTOP-OBA1HVU9\.antigravity-ide\Books\b-Library_Hzm-20260601T230631Z-3-002.zip -> b-Library_Hzm/PRL/KT-15-Yolun Kaderi.pdf,b-Library_Hzm/PRL,1.67
Ruhumuzun-Heykelini-Dikerken-1-M.-Fethullah-Gulen.pdf,PDF,ZIP Arşivi İçinde (b-Library_Hzm-20260601T230631Z-3-002.zip),C:\Users\default.LAPTOP-OBA1HVU9\.antigravity-ide\Books\b-Library_Hzm-20260601T230631Z-3-002.zip -> b-Library_Hzm/PRL/Ruhumuzun-Heykelini-Dikerken-1-M.-Fethullah-Gulen.pdf,b-Library_Hzm/PRL,0.63
Efendiler-Efendisine-salat-ve-selam-mehmet-y-seker-isikyayinlari.pdf,PDF,ZIP Arşivi İçinde (b-Library_Hzm-20260601T230631Z-3-002.zip),C:\Users\default.LAPTOP-OBA1HVU9\.antigravity-ide\Books\b-Library_Hzm-20260601T230631Z-3-002.zip -> b-Library_Hzm/Dua-Hzm/Efendiler-Efendisine-salat-ve-selam-mehmet-y-seker-isikyayinlari.pdf,b-Library_Hzm/Dua-Hzm,0.72
Prizma-8-Cizgimizi-Hecelerken-M.-Fethullah-Gulen.pdf,PDF,ZIP Arşivi İçinde (b-Library_Hzm-20260601T230631Z-3-002.zip),C:\Users\default.LAPTOP-OBA1HVU9\.antigravity-ide\Books\b-Library_Hzm-20260601T230631Z-3-002.zip -> b-Library_Hzm/PRL/Prizma-8-Cizgimizi-Hecelerken-M.-Fethullah-Gulen.pdf,b-Library_Hzm/PRL,1.11
Allah Dostları Cilt 04.pdf,PDF,ZIP Arşivi İçinde (b-Library_Hzm-20260601T230631Z-3-002.zip),C:\Users\default.LAPTOP-OBA1HVU9\.antigravity-ide\Books\b-Library_Hzm-20260601T230631Z-3-002.zip -> b-Library_Hzm/Allah Dostları-ZAMAN/Allah Dostları Cilt 04.pdf,b-Library_Hzm/Allah Dostları-ZAMAN,30.64
KT-8-Vuslat Muştusu.pdf,PDF,ZIP Arşivi İçinde (b-Library_Hzm-20260601T230631Z-3-002.zip),C:\Users\default.LAPTOP-OBA1HVU9\.antigravity-ide\Books\b-Library_Hzm-20260601T230631Z-3-002.zip -> b-Library_Hzm/PRL/KT-8-Vuslat Muştusu.pdf,b-Library_Hzm/PRL,1.32
bir-kutsi-dilekce-dua-selman-unlu-rehberyayinlari.pdf,PDF,ZIP Arşivi İçinde (b-Library_Hzm-20260601T230631Z-3-002.zip),C:\Users\default.LAPTOP-OBA1HVU9\.antigravity-ide\Books\b-Library_Hzm-20260601T230631Z-3-002.zip -> b-Library_Hzm/Dua-Hzm/bir-kutsi-dilekce-dua-selman-unlu-rehberyayinlari.pdf,b-Library_Hzm/Dua-Hzm,0.82
Allah Dostları Cilt 01.pdf,PDF,ZIP Arşivi İçinde (b-Library_Hzm-20260601T230631Z-3-002.zip),C:\Users\default.LAPTOP-OBA1HVU9\.antigravity-ide\Books\b-Library_Hzm-20260601T230631Z-3-002.zip -> b-Library_Hzm/Allah Dostları-ZAMAN/Allah Dostları Cilt 01.pdf,b-Library_Hzm/Allah Dostları-ZAMAN,30.72
Prizma-9-Kendi-Ruhumuzu-Ararken-M.-Fethullah-Gulen.pdf,PDF,ZIP Arşivi İçinde (b-Library_Hzm-20260601T230631Z-3-002.zip),C:\Users\default.LAPTOP-OBA1HVU9\.antigravity-ide\Books\b-Library_Hzm-20260601T230631Z-3-002.zip -> b-Library_Hzm/PRL/Prizma-9-Kendi-Ruhumuzu-Ararken-M.-Fethullah-Gulen.pdf,b-Library_Hzm/PRL,1.36
yanik-sinelerden-dualar-mustafa-yilmaz-defineyayinlari.pdf,PDF,ZIP Arşivi İçinde (b-Library_Hzm-20260601T230631Z-3-002.zip),C:\Users\default.LAPTOP-OBA1HVU9\.antigravity-ide\Books\b-Library_Hzm-20260601T230631Z-3-002.zip -> b-Library_Hzm/Dua-Hzm/yanik-sinelerden-dualar-mustafa-yilmaz-defineyayinlari.pdf,b-Library_Hzm/Dua-Hzm,1.06
kuranda-dua-iklimi.pdf,PDF,ZIP Arşivi İçinde (b-Library_Hzm-20260601T230631Z-3-002.zip),C:\Users\default.LAPTOP-OBA1HVU9\.antigravity-ide\Books\b-Library_Hzm-20260601T230631Z-3-002.zip -> b-Library_Hzm/Dua-Hzm/kuranda-dua-iklimi.pdf,b-Library_Hzm/Dua-Hzm,0.91
hadislerde_dua.pdf,PDF,ZIP Arşivi İçinde (b-Library_Hzm-20260601T230631Z-3-002.zip),C:\Users\default.LAPTOP-OBA1HVU9\.antigravity-ide\Books\b-Library_Hzm-20260601T230631Z-3-002.zip -> b-Library_Hzm/Dua-Hzm/hadislerde_dua.pdf,b-Library_Hzm/Dua-Hzm,0.24
Ruhumuzun-Heykelini-Dikerken-2-Kendi-Dunyamiza-Dogru-M.-Fethullah-Gulen.pdf,PDF,ZIP Arşivi İçinde (b-Library_Hzm-20260601T230631Z-3-002.zip),C:\Users\default.LAPTOP-OBA1HVU9\.antigravity-ide\Books\b-Library_Hzm-20260601T230631Z-3-002.zip -> b-Library_Hzm/PRL/Ruhumuzun-Heykelini-Dikerken-2-Kendi-Dunyamiza-Dogru-M.-Fethullah-Gulen.pdf,b-Library_Hzm/PRL,1.05
hayat-meydani-risale-hikayeleri-mustuy.pdf,PDF,ZIP Arşivi İçinde (b-Library_Hzm-20260601T230631Z-3-002.zip),C:\Users\default.LAPTOP-OBA1HVU9\.antigravity-ide\Books\b-Library_Hzm-20260601T230631Z-3-002.zip -> b-Library_Hzm/Çocuklar için-Hzm/Risale Hikayeleri/hayat-meydani-risale-hikayeleri-mustuy.pdf,b-Library_Hzm/Çocuklar için-Hzm/Risale Hikayeleri,0.24
Hutbeler-Gönül_Nağmeleri-MFG.pdf,PDF,ZIP Arşivi İçinde (b-Library_Hzm-20260601T230631Z-3-002.zip),C:\Users\default.LAPTOP-OBA1HVU9\.antigravity-ide\Books\b-Library_Hzm-20260601T230631Z-3-002.zip -> b-Library_Hzm/PRL/Hutbeler-Gönül_Nağmeleri-MFG.pdf,b-Library_Hzm/PRL,14.4
Varligin-Metafizik-Boyutu-M.-Fethullah-Gulen.pdf,PDF,ZIP Arşivi İçinde (b-Library_Hzm-20260601T230631Z-3-002.zip),C:\Users\default.LAPTOP-OBA1HVU9\.antigravity-ide\Books\b-Library_Hzm-20260601T230631Z-3-002.zip -> b-Library_Hzm/PRL/Varligin-Metafizik-Boyutu-M.-Fethullah-Gulen.pdf,b-Library_Hzm/PRL,1.5
Tevhidname-Eninül Kalb.pdf,PDF,ZIP Arşivi İçinde (b-Library_Hzm-20260601T230631Z-3-002.zip),C:\Users\default.LAPTOP-OBA1HVU9\.antigravity-ide\Books\b-Library_Hzm-20260601T230631Z-3-002.zip -> b-Library_Hzm/Dua-Hzm/Tevhidname-Eninül Kalb.pdf,b-Library_Hzm/Dua-Hzm,2.93
Ali Unal-Gecmisten-Gelecege-Kopru-Fethullah-Gulen.pdf,PDF,ZIP Arşivi İçinde (b-Library_Hzm-20260601T230631Z-3-002.zip),C:\Users\default.LAPTOP-OBA1HVU9\.antigravity-ide\Books\b-Library_Hzm-20260601T230631Z-3-002.zip -> b-Library_Hzm/Ali Ünal/Ali Unal-Gecmisten-Gelecege-Kopru-Fethullah-Gulen.pdf,b-Library_Hzm/Ali Ünal,0.88
Eninu_l Kalb.pdf,PDF,ZIP Arşivi İçinde (b-Library_Hzm-20260601T230631Z-3-002.zip),C:\Users\default.LAPTOP-OBA1HVU9\.antigravity-ide\Books\b-Library_Hzm-20260601T230631Z-3-002.zip -> b-Library_Hzm/Dua-Hzm/Eninu_l Kalb.pdf,b-Library_Hzm/Dua-Hzm,0.95
gul-devri-6-Hz-Hatice-mustuy.pdf,PDF,ZIP Arşivi İçinde (b-Library_Hzm-20260601T230631Z-3-002.zip),C:\Users\default.LAPTOP-OBA1HVU9\.antigravity-ide\Books\b-Library_Hzm-20260601T230631Z-3-002.zip -> b-Library_Hzm/Çocuklar için-Hzm/Peygamberimiz ve Halifeleri-Çocuk/gul-devri-6-Hz-Hatice-mustuy.pdf,b-Library_Hzm/Çocuklar için-Hzm/Peygamberimiz ve Halifeleri-Çocuk,1.64
gul-devri-5-Hz-Ali-mustuy.pdf,PDF,ZIP Arşivi İçinde (b-Library_Hzm-20260601T230631Z-3-002.zip),C:\Users\default.LAPTOP-OBA1HVU9\.antigravity-ide\Books\b-Library_Hzm-20260601T230631Z-3-002.zip -> b-Library_Hzm/Çocuklar için-Hzm/Peygamberimiz ve Halifeleri-Çocuk/gul-devri-5-Hz-Ali-mustuy.pdf,b-Library_Hzm/Çocuklar için-Hzm/Peygamberimiz ve Halifeleri-Çocuk,1.34
gul-devri-4-Hz-Osman-mustuy.pdf,PDF,ZIP Arşivi İçinde (b-Library_Hzm-20260601T230631Z-3-002.zip),C:\Users\default.LAPTOP-OBA1HVU9\.antigravity-ide\Books\b-Library_Hzm-20260601T230631Z-3-002.zip -> b-Library_Hzm/Çocuklar için-Hzm/Peygamberimiz ve Halifeleri-Çocuk/gul-devri-4-Hz-Osman-mustuy.pdf,b-Library_Hzm/Çocuklar için-Hzm/Peygamberimiz ve Halifeleri-Çocuk,2.4
gul-devri-3-Hz-Ömer-mustuy.pdf,PDF,ZIP Arşivi İçinde (b-Library_Hzm-20260601T230631Z-3-002.zip),C:\Users\default.LAPTOP-OBA1HVU9\.antigravity-ide\Books\b-Library_Hzm-20260601T230631Z-3-002.zip -> b-Library_Hzm/Çocuklar için-Hzm/Peygamberimiz ve Halifeleri-Çocuk/gul-devri-3-Hz-Ömer-mustuy.pdf,b-Library_Hzm/Çocuklar için-Hzm/Peygamberimiz ve Halifeleri-Çocuk,1.63
Allah Dostları Cilt 03.pdf,PDF,ZIP Arşivi İçinde (b-Library_Hzm-20260601T230631Z-3-002.zip),C:\Users\default.LAPTOP-OBA1HVU9\.antigravity-ide\Books\b-Library_Hzm-20260601T230631Z-3-002.zip -> b-Library_Hzm/Allah Dostları-ZAMAN/Allah Dostları Cilt 03.pdf,b-Library_Hzm/Allah Dostları-ZAMAN,30.67
gul-devri-2-Hz.-Ebubekir-mustuy.pdf,PDF,ZIP Arşivi İçinde (b-Library_Hzm-20260601T230631Z-3-002.zip),C:\Users\default.LAPTOP-OBA1HVU9\.antigravity-ide\Books\b-Library_Hzm-20260601T230631Z-3-002.zip -> b-Library_Hzm/Çocuklar için-Hzm/Peygamberimiz ve Halifeleri-Çocuk/gul-devri-2-Hz.-Ebubekir-mustuy.pdf,b-Library_Hzm/Çocuklar için-Hzm/Peygamberimiz ve Halifeleri-Çocuk,1.83
Kur_an_dan İdrake Yansıyanlar.pdf,PDF,ZIP Arşivi İçinde (b-Library_Hzm-20260601T230631Z-3-002.zip),C:\Users\default.LAPTOP-OBA1HVU9\.antigravity-ide\Books\b-Library_Hzm-20260601T230631Z-3-002.zip -> b-Library_Hzm/PRL/Kur_an_dan İdrake Yansıyanlar.pdf,b-Library_Hzm/PRL,1.49
Ali Unal-Islam-Bilim-Insan-Ve-Tarih.pdf,PDF,ZIP Arşivi İçinde (b-Library_Hzm-20260601T230631Z-3-002.zip),C:\Users\default.LAPTOP-OBA1HVU9\.antigravity-ide\Books\b-Library_Hzm-20260601T230631Z-3-002.zip -> b-Library_Hzm/Ali Ünal/Ali Unal-Islam-Bilim-Insan-Ve-Tarih.pdf,b-Library_Hzm/Ali Ünal,1.28
gul-devri-1-Hz-Muhammed Sav-mustuy.pdf,PDF,ZIP Arşivi İçinde (b-Library_Hzm-20260601T230631Z-3-002.zip),C:\Users\default.LAPTOP-OBA1HVU9\.antigravity-ide\Books\b-Library_Hzm-20260601T230631Z-3-002.zip -> b-Library_Hzm/Çocuklar için-Hzm/Peygamberimiz ve Halifeleri-Çocuk/gul-devri-1-Hz-Muhammed Sav-mustuy.pdf,b-Library_Hzm/Çocuklar için-Hzm/Peygamberimiz ve Halifeleri-Çocuk,2.11
Ali Unal-Din Etrafinda-IsikAkademiY.pdf,PDF,ZIP Arşivi İçinde (b-Library_Hzm-20260601T230631Z-3-002.zip),C:\Users\default.LAPTOP-OBA1HVU9\.antigravity-ide\Books\b-Library_Hzm-20260601T230631Z-3-002.zip -> b-Library_Hzm/Ali Ünal/Ali Unal-Din Etrafinda-IsikAkademiY.pdf,b-Library_Hzm/Ali Ünal,1.16
Allah Dostları Cilt 06.pdf,PDF,ZIP Arşivi İçinde (b-Library_Hzm-20260601T230631Z-3-002.zip),C:\Users\default.LAPTOP-OBA1HVU9\.antigravity-ide\Books\b-Library_Hzm-20260601T230631Z-3-002.zip -> b-Library_Hzm/Allah Dostları-ZAMAN/Allah Dostları Cilt 06.pdf,b-Library_Hzm/Allah Dostları-ZAMAN,34.23
dort-arkadas-serisi-6-tehlikeli-oyun-mustuy-6-y.pdf,PDF,ZIP Arşivi İçinde (b-Library_Hzm-20260601T230631Z-3-002.zip),C:\Users\default.LAPTOP-OBA1HVU9\.antigravity-ide\Books\b-Library_Hzm-20260601T230631Z-3-002.zip -> b-Library_Hzm/Çocuklar için-Hzm/Dört Arkadaş Serisi/dort-arkadas-serisi-6-tehlikeli-oyun-mustuy-6-y.pdf,b-Library_Hzm/Çocuklar için-Hzm/Dört Arkadaş Serisi,1.62
dort-arkadas-serisi-5-hasta-ziyareti-mustuy-6-y.pdf,PDF,ZIP Arşivi İçinde (b-Library_Hzm-20260601T230631Z-3-002.zip),C:\Users\default.LAPTOP-OBA1HVU9\.antigravity-ide\Books\b-Library_Hzm-20260601T230631Z-3-002.zip -> b-Library_Hzm/Çocuklar için-Hzm/Dört Arkadaş Serisi/dort-arkadas-serisi-5-hasta-ziyareti-mustuy-6-y.pdf,b-Library_Hzm/Çocuklar için-Hzm/Dört Arkadaş Serisi,2.01
Cevşen ve Meali-Define.pdf,PDF,ZIP Arşivi İçinde (b-Library_Hzm-20260601T230631Z-3-002.zip),C:\Users\default.LAPTOP-OBA1HVU9\.antigravity-ide\Books\b-Library_Hzm-20260601T230631Z-3-002.zip -> b-Library_Hzm/Dua-Oku/Cevşen ve Meali-Define.pdf,b-Library_Hzm/Dua-Oku,4.15
dort-arkadas-serisi-3-dikenli-yol-mustuy-6-y.pdf,PDF,ZIP Arşivi İçinde (b-Library_Hzm-20260601T230631Z-3-002.zip),C:\Users\default.LAPTOP-OBA1HVU9\.antigravity-ide\Books\b-Library_Hzm-20260601T230631Z-3-002.zip -> b-Library_Hzm/Çocuklar için-Hzm/Dört Arkadaş Serisi/dort-arkadas-serisi-3-dikenli-yol-mustuy-6-y.pdf,b-Library_Hzm/Çocuklar için-Hzm/Dört Arkadaş Serisi,2.12
Sonsuz-Nur-2-M.-Fethullah-Gulen.pdf,PDF,ZIP Arşivi İçinde (b-Library_Hzm-20260601T230631Z-3-002.zip),C:\Users\default.LAPTOP-OBA1HVU9\.antigravity-ide\Books\b-Library_Hzm-20260601T230631Z-3-002.zip -> b-Library_Hzm/PRL/Sonsuz-Nur-2-M.-Fethullah-Gulen.pdf,b-Library_Hzm/PRL,2.24
dua-kartlari.pdf,PDF,ZIP Arşivi İçinde (b-Library_Hzm-20260601T230631Z-3-002.zip),C:\Users\default.LAPTOP-OBA1HVU9\.antigravity-ide\Books\b-Library_Hzm-20260601T230631Z-3-002.zip -> b-Library_Hzm/Dua-Oku/dua-kartlari.pdf,b-Library_Hzm/Dua-Oku,0.23
dort-arkadas-serisi-4-yuruyen-tas-mustuy-6-y.pdf,PDF,ZIP Arşivi İçinde (b-Library_Hzm-20260601T230631Z-3-002.zip),C:\Users\default.LAPTOP-OBA1HVU9\.antigravity-ide\Books\b-Library_Hzm-20260601T230631Z-3-002.zip -> b-Library_Hzm/Çocuklar için-Hzm/Dört Arkadaş Serisi/dort-arkadas-serisi-4-yuruyen-tas-mustuy-6-y.pdf,b-Library_Hzm/Çocuklar için-Hzm/Dört Arkadaş Serisi,1.79
dort-arkadas-serisi-1-fidan-yiyen-bozoglak-mustuy-6-y.pdf,PDF,ZIP Arşivi İçinde (b-Library_Hzm-20260601T230631Z-3-002.zip),C:\Users\default.LAPTOP-OBA1HVU9\.antigravity-ide\Books\b-Library_Hzm-20260601T230631Z-3-002.zip -> b-Library_Hzm/Çocuklar için-Hzm/Dört Arkadaş Serisi/dort-arkadas-serisi-1-fidan-yiyen-bozoglak-mustuy-6-y.pdf,b-Library_Hzm/Çocuklar için-Hzm/Dört Arkadaş Serisi,1.96
dort-arkadas-serisi-2-yaramaz-tay-mustuy-6-y.pdf,PDF,ZIP Arşivi İçinde (b-Library_Hzm-20260601T230631Z-3-002.zip),C:\Users\default.LAPTOP-OBA1HVU9\.antigravity-ide\Books\b-Library_Hzm-20260601T230631Z-3-002.zip -> b-Library_Hzm/Çocuklar için-Hzm/Dört Arkadaş Serisi/dort-arkadas-serisi-2-yaramaz-tay-mustuy-6-y.pdf,b-Library_Hzm/Çocuklar için-Hzm/Dört Arkadaş Serisi,2.12
Ashab-ı Bedir Duası.pdf,PDF,ZIP Arşivi İçinde (b-Library_Hzm-20260601T230631Z-3-002.zip),C:\Users\default.LAPTOP-OBA1HVU9\.antigravity-ide\Books\b-Library_Hzm-20260601T230631Z-3-002.zip -> b-Library_Hzm/Dua-Oku/Ashab-ı Bedir Duası.pdf,b-Library_Hzm/Dua-Oku,0.37
HE_Evradı_Son_Hali 1.pdf,PDF,ZIP Arşivi İçinde (b-Library_Hzm-20260601T230631Z-3-002.zip),C:\Users\default.LAPTOP-OBA1HVU9\.antigravity-ide\Books\b-Library_Hzm-20260601T230631Z-3-002.zip -> b-Library_Hzm/Dua-Hzm/HE_Evradı_Son_Hali 1.pdf,b-Library_Hzm/Dua-Hzm,17.07
Allah Dostları Cilt 10.pdf,PDF,ZIP Arşivi İçinde (b-Library_Hzm-20260601T230631Z-3-002.zip),C:\Users\default.LAPTOP-OBA1HVU9\.antigravity-ide\Books\b-Library_Hzm-20260601T230631Z-3-002.zip -> b-Library_Hzm/Allah Dostları-ZAMAN/Allah Dostları Cilt 10.pdf,b-Library_Hzm/Allah Dostları-ZAMAN,32.71
Ali Unal-Risale-i-nur_da-kulli-kaideler-1.pdf,PDF,ZIP Arşivi İçinde (b-Library_Hzm-20260601T230631Z-3-002.zip),C:\Users\default.LAPTOP-OBA1HVU9\.antigravity-ide\Books\b-Library_Hzm-20260601T230631Z-3-002.zip -> b-Library_Hzm/Ali Ünal/Ali Unal-Risale-i-nur_da-kulli-kaideler-1.pdf,b-Library_Hzm/Ali Ünal,4.07
Bir İ_caz Hecelemesi.pdf,PDF,ZIP Arşivi İçinde (b-Library_Hzm-20260601T230631Z-3-002.zip),C:\Users\default.LAPTOP-OBA1HVU9\.antigravity-ide\Books\b-Library_Hzm-20260601T230631Z-3-002.zip -> b-Library_Hzm/PRL/Bir İ_caz Hecelemesi.pdf,b-Library_Hzm/PRL,24.6
Tevhidname-mealli.pdf,PDF,ZIP Arşivi İçinde (b-Library_Hzm-20260601T230631Z-3-002.zip),C:\Users\default.LAPTOP-OBA1HVU9\.antigravity-ide\Books\b-Library_Hzm-20260601T230631Z-3-002.zip -> b-Library_Hzm/Dua-Oku/Tevhidname-mealli.pdf,b-Library_Hzm/Dua-Oku,1.39
dua-kitapcik-calismasi-yeni.pdf,PDF,ZIP Arşivi İçinde (b-Library_Hzm-20260601T230631Z-3-002.zip),C:\Users\default.LAPTOP-OBA1HVU9\.antigravity-ide\Books\b-Library_Hzm-20260601T230631Z-3-002.zip -> b-Library_Hzm/Dua-Oku/dua-kitapcik-calismasi-yeni.pdf,b-Library_Hzm/Dua-Oku,1.75
Yusuf_Suresi-MFG.pdf,PDF,ZIP Arşivi İçinde (b-Library_Hzm-20260601T230631Z-3-002.zip),C:\Users\default.LAPTOP-OBA1HVU9\.antigravity-ide\Books\b-Library_Hzm-20260601T230631Z-3-002.zip -> b-Library_Hzm/PRL/Yusuf_Suresi-MFG.pdf,b-Library_Hzm/PRL,22.91
Büyük Cevşen-Define.pdf,PDF,ZIP Arşivi İçinde (b-Library_Hzm-20260601T230631Z-3-002.zip),C:\Users\default.LAPTOP-OBA1HVU9\.antigravity-ide\Books\b-Library_Hzm-20260601T230631Z-3-002.zip -> b-Library_Hzm/Dua-Oku/Büyük Cevşen-Define.pdf,b-Library_Hzm/Dua-Oku,6.47
Ali Unal-Hizmet-Rehberi.pdf,PDF,ZIP Arşivi İçinde (b-Library_Hzm-20260601T230631Z-3-002.zip),C:\Users\default.LAPTOP-OBA1HVU9\.antigravity-ide\Books\b-Library_Hzm-20260601T230631Z-3-002.zip -> b-Library_Hzm/Ali Ünal/Ali Unal-Hizmet-Rehberi.pdf,b-Library_Hzm/Ali Ünal,1.91
Peygamber Efendimizin Dilinden Faziletli Dualar (Aydüz Davut) (z-lib.org).epub,EPUB,ZIP Arşivi İçinde (b-Library_Hzm-20260601T230631Z-3-002.zip),C:\Users\default.LAPTOP-OBA1HVU9\.antigravity-ide\Books\b-Library_Hzm-20260601T230631Z-3-002.zip -> b-Library_Hzm/Dua-Oku/Peygamber Efendimizin Dilinden Faziletli Dualar (Aydüz Davut) (z-lib.org).epub,b-Library_Hzm/Dua-Oku,0.41
Dua Mecmuasi Mealli_MFG.pdf,PDF,ZIP Arşivi İçinde (b-Library_Hzm-20260601T230631Z-3-002.zip),C:\Users\default.LAPTOP-OBA1HVU9\.antigravity-ide\Books\b-Library_Hzm-20260601T230631Z-3-002.zip -> b-Library_Hzm/Dua-Oku/Dua Mecmuasi Mealli_MFG.pdf,b-Library_Hzm/Dua-Oku,3.59
Allah Dostları Cilt 07.pdf,PDF,ZIP Arşivi İçinde (b-Library_Hzm-20260601T230631Z-3-002.zip),C:\Users\default.LAPTOP-OBA1HVU9\.antigravity-ide\Books\b-Library_Hzm-20260601T230631Z-3-002.zip -> b-Library_Hzm/Allah Dostları-ZAMAN/Allah Dostları Cilt 07.pdf,b-Library_Hzm/Allah Dostları-ZAMAN,37.44
4-saadet-asrinda-Fedakarlik-ve-sabir-mustuy.pdf,PDF,ZIP Arşivi İçinde (b-Library_Hzm-20260601T230631Z-3-002.zip),C:\Users\default.LAPTOP-OBA1HVU9\.antigravity-ide\Books\b-Library_Hzm-20260601T230631Z-3-002.zip -> b-Library_Hzm/Çocuklar için-Hzm/Saadet Asrı-Çocuk/4-saadet-asrinda-Fedakarlik-ve-sabir-mustuy.pdf,b-Library_Hzm/Çocuklar için-Hzm/Saadet Asrı-Çocuk,0.41
2-saadet-asrinda-Resulullah-sevgisi-mustuy.pdf,PDF,ZIP Arşivi İçinde (b-Library_Hzm-20260601T230631Z-3-002.zip),C:\Users\default.LAPTOP-OBA1HVU9\.antigravity-ide\Books\b-Library_Hzm-20260601T230631Z-3-002.zip -> b-Library_Hzm/Çocuklar için-Hzm/Saadet Asrı-Çocuk/2-saadet-asrinda-Resulullah-sevgisi-mustuy.pdf,b-Library_Hzm/Çocuklar için-Hzm/Saadet Asrı-Çocuk,0.33
3-saadet-asrinda-Peygamberimizin-elcileri-mustuy.pdf,PDF,ZIP Arşivi İçinde (b-Library_Hzm-20260601T230631Z-3-002.zip),C:\Users\default.LAPTOP-OBA1HVU9\.antigravity-ide\Books\b-Library_Hzm-20260601T230631Z-3-002.zip -> b-Library_Hzm/Çocuklar için-Hzm/Saadet Asrı-Çocuk/3-saadet-asrinda-Peygamberimizin-elcileri-mustuy.pdf,b-Library_Hzm/Çocuklar için-Hzm/Saadet Asrı-Çocuk,0.23
yol-ayrimi-risale-hikayeleri-mustuy.pdf,PDF,ZIP Arşivi İçinde (b-Library_Hzm-20260601T230631Z-3-002.zip),C:\Users\default.LAPTOP-OBA1HVU9\.antigravity-ide\Books\b-Library_Hzm-20260601T230631Z-3-002.zip -> b-Library_Hzm/Çocuklar için-Hzm/Risale Hikayeleri/yol-ayrimi-risale-hikayeleri-mustuy.pdf,b-Library_Hzm/Çocuklar için-Hzm/Risale Hikayeleri,1.62
Namaz-Tesbihatı.pdf,PDF,ZIP Arşivi İçinde (b-Library_Hzm-20260601T230631Z-3-002.zip),C:\Users\default.LAPTOP-OBA1HVU9\.antigravity-ide\Books\b-Library_Hzm-20260601T230631Z-3-002.zip -> b-Library_Hzm/Dua-Oku/Namaz-Tesbihatı.pdf,b-Library_Hzm/Dua-Oku,12.41
1-saadet-asrinda-Allah-sevgisi-mustuy.pdf,PDF,ZIP Arşivi İçinde (b-Library_Hzm-20260601T230631Z-3-002.zip),C:\Users\default.LAPTOP-OBA1HVU9\.antigravity-ide\Books\b-Library_Hzm-20260601T230631Z-3-002.zip -> b-Library_Hzm/Çocuklar için-Hzm/Saadet Asrı-Çocuk/1-saadet-asrinda-Allah-sevgisi-mustuy.pdf,b-Library_Hzm/Çocuklar için-Hzm/Saadet Asrı-Çocuk,0.32
Yeni-Umit-Dergisi-75-2007-1.pdf,PDF,ZIP Arşivi İçinde (b-Library_Hzm-20260601T230631Z-3-002.zip),C:\Users\default.LAPTOP-OBA1HVU9\.antigravity-ide\Books\b-Library_Hzm-20260601T230631Z-3-002.zip -> b-Library_Hzm/Dergi-Yeni Ümit/Yeni-Umit-Dergisi-75-2007-1.pdf,b-Library_Hzm/Dergi-Yeni Ümit,4.13
Yakaran Gönüller - el Kulûbd Dâria Tercümesi.pdf,PDF,ZIP Arşivi İçinde (b-Library_Hzm-20260601T230631Z-3-002.zip),C:\Users\default.LAPTOP-OBA1HVU9\.antigravity-ide\Books\b-Library_Hzm-20260601T230631Z-3-002.zip -> b-Library_Hzm/Dua-Hzm/Yakaran Gönüller - el Kulûbd Dâria Tercümesi.pdf,b-Library_Hzm/Dua-Hzm,5.33
Yakaran_Gonuller-el_Kulubud_Daria_Tercumesi.pdf,PDF,ZIP Arşivi İçinde (b-Library_Hzm-20260601T230631Z-3-002.zip),C:\Users\default.LAPTOP-OBA1HVU9\.antigravity-ide\Books\b-Library_Hzm-20260601T230631Z-3-002.zip -> b-Library_Hzm/Dua-Oku/Yakaran_Gonuller-el_Kulubud_Daria_Tercumesi.pdf,b-Library_Hzm/Dua-Oku,3.17
Allah Dostları Cilt 02.pdf,PDF,ZIP Arşivi İçinde (b-Library_Hzm-20260601T230631Z-3-002.zip),C:\Users\default.LAPTOP-OBA1HVU9\.antigravity-ide\Books\b-Library_Hzm-20260601T230631Z-3-002.zip -> b-Library_Hzm/Allah Dostları-ZAMAN/Allah Dostları Cilt 02.pdf,b-Library_Hzm/Allah Dostları-ZAMAN,28.55
Allah Dostları Cilt 09.pdf,PDF,ZIP Arşivi İçinde (b-Library_Hzm-20260601T230631Z-3-002.zip),C:\Users\default.LAPTOP-OBA1HVU9\.antigravity-ide\Books\b-Library_Hzm-20260601T230631Z-3-002.zip -> b-Library_Hzm/Allah Dostları-ZAMAN/Allah Dostları Cilt 09.pdf,b-Library_Hzm/Allah Dostları-ZAMAN,38.68
Yeni-Umit-Dergisi-72-2006-4.pdf,PDF,ZIP Arşivi İçinde (b-Library_Hzm-20260601T230631Z-3-002.zip),C:\Users\default.LAPTOP-OBA1HVU9\.antigravity-ide\Books\b-Library_Hzm-20260601T230631Z-3-002.zip -> b-Library_Hzm/Dergi-Yeni Ümit/Yeni-Umit-Dergisi-72-2006-4.pdf,b-Library_Hzm/Dergi-Yeni Ümit,6.51
Yeni-Umit-Dergisi-88-2010-4.pdf,PDF,ZIP Arşivi İçinde (b-Library_Hzm-20260601T230631Z-3-002.zip),C:\Users\default.LAPTOP-OBA1HVU9\.antigravity-ide\Books\b-Library_Hzm-20260601T230631Z-3-002.zip -> b-Library_Hzm/Dergi-Yeni Ümit/Yeni-Umit-Dergisi-88-2010-4.pdf,b-Library_Hzm/Dergi-Yeni Ümit,2.66
Allah Dostları Cilt 05.pdf,PDF,ZIP Arşivi İçinde (b-Library_Hzm-20260601T230631Z-3-002.zip),C:\Users\default.LAPTOP-OBA1HVU9\.antigravity-ide\Books\b-Library_Hzm-20260601T230631Z-3-002.zip -> b-Library_Hzm/Allah Dostları-ZAMAN/Allah Dostları Cilt 05.pdf,b-Library_Hzm/Allah Dostları-ZAMAN,30.2
Bir-Kırık-Dilekce-pdf.pdf,PDF,ZIP Arşivi İçinde (b-Library_Hzm-20260601T230631Z-3-002.zip),C:\Users\default.LAPTOP-OBA1HVU9\.antigravity-ide\Books\b-Library_Hzm-20260601T230631Z-3-002.zip -> b-Library_Hzm/Dua-Oku/Bir-Kırık-Dilekce-pdf.pdf,b-Library_Hzm/Dua-Oku,6.03
Yeni-Umit-Dergisi-71-2006-1.pdf,PDF,ZIP Arşivi İçinde (b-Library_Hzm-20260601T230631Z-3-002.zip),C:\Users\default.LAPTOP-OBA1HVU9\.antigravity-ide\Books\b-Library_Hzm-20260601T230631Z-3-002.zip -> b-Library_Hzm/Dergi-Yeni Ümit/Yeni-Umit-Dergisi-71-2006-1.pdf,b-Library_Hzm/Dergi-Yeni Ümit,5.67
Yeni-Umit-Dergisi-96-2012-4.pdf,PDF,ZIP Arşivi İçinde (b-Library_Hzm-20260601T230631Z-3-002.zip),C:\Users\default.LAPTOP-OBA1HVU9\.antigravity-ide\Books\b-Library_Hzm-20260601T230631Z-3-002.zip -> b-Library_Hzm/Dergi-Yeni Ümit/Yeni-Umit-Dergisi-96-2012-4.pdf,b-Library_Hzm/Dergi-Yeni Ümit,5.8
Yeni-Umit-Dergisi-101-2013-7.pdf,PDF,ZIP Arşivi İçinde (b-Library_Hzm-20260601T230631Z-3-002.zip),C:\Users\default.LAPTOP-OBA1HVU9\.antigravity-ide\Books\b-Library_Hzm-20260601T230631Z-3-002.zip -> b-Library_Hzm/Dergi-Yeni Ümit/Yeni-Umit-Dergisi-101-2013-7.pdf,b-Library_Hzm/Dergi-Yeni Ümit,4.12
Hanefi-Fıkhı-1-Vehbe-Zuhayli.pdf,PDF,ZIP Arşivi İçinde (b-Library_Hzm-20260601T230631Z-3-002.zip),C:\Users\default.LAPTOP-OBA1HVU9\.antigravity-ide\Books\b-Library_Hzm-20260601T230631Z-3-002.zip -> b-Library_Hzm/Fikİh-Vehbe-Zuhayli-ZAMAN/Hanefi-Fıkhı-1-Vehbe-Zuhayli.pdf,b-Library_Hzm/Fikİh-Vehbe-Zuhayli-ZAMAN,3.87
Tevhidname.pdf,PDF,ZIP Arşivi İçinde (b-Library_Hzm-20260601T230631Z-3-002.zip),C:\Users\default.LAPTOP-OBA1HVU9\.antigravity-ide\Books\b-Library_Hzm-20260601T230631Z-3-002.zip -> b-Library_Hzm/Dua-Oku/Tevhidname.pdf,b-Library_Hzm/Dua-Oku,82.27
Yeni-Umit-Dergisi-98-2012-10.pdf,PDF,ZIP Arşivi İçinde (b-Library_Hzm-20260601T230631Z-3-002.zip),C:\Users\default.LAPTOP-OBA1HVU9\.antigravity-ide\Books\b-Library_Hzm-20260601T230631Z-3-002.zip -> b-Library_Hzm/Dergi-Yeni Ümit/Yeni-Umit-Dergisi-98-2012-10.pdf,b-Library_Hzm/Dergi-Yeni Ümit,7.41
Yeni-Umit-Dergisi-86-2009-10.pdf,PDF,ZIP Arşivi İçinde (b-Library_Hzm-20260601T230631Z-3-002.zip),C:\Users\default.LAPTOP-OBA1HVU9\.antigravity-ide\Books\b-Library_Hzm-20260601T230631Z-3-002.zip -> b-Library_Hzm/Dergi-Yeni Ümit/Yeni-Umit-Dergisi-86-2009-10.pdf,b-Library_Hzm/Dergi-Yeni Ümit,6.21
Ali Unal-Kurani-Kerim-Meali.pdf,PDF,ZIP Arşivi İçinde (b-Library_Hzm-20260601T230631Z-3-002.zip),C:\Users\default.LAPTOP-OBA1HVU9\.antigravity-ide\Books\b-Library_Hzm-20260601T230631Z-3-002.zip -> b-Library_Hzm/Ali Ünal/Ali Unal-Kurani-Kerim-Meali.pdf,b-Library_Hzm/Ali Ünal,23.64
Yeni-Umit-Dergisi-84-2009-4.pdf,PDF,ZIP Arşivi İçinde (b-Library_Hzm-20260601T230631Z-3-002.zip),C:\Users\default.LAPTOP-OBA1HVU9\.antigravity-ide\Books\b-Library_Hzm-20260601T230631Z-3-002.zip -> b-Library_Hzm/Dergi-Yeni Ümit/Yeni-Umit-Dergisi-84-2009-4.pdf,b-Library_Hzm/Dergi-Yeni Ümit,5.93
Dua Kartlari-defineyayinlari.pdf,PDF,ZIP Arşivi İçinde (b-Library_Hzm-20260601T230631Z-3-002.zip),C:\Users\default.LAPTOP-OBA1HVU9\.antigravity-ide\Books\b-Library_Hzm-20260601T230631Z-3-002.zip -> b-Library_Hzm/Dua-Oku/Dua Kartlari-defineyayinlari.pdf,b-Library_Hzm/Dua-Oku,48.71
Vehbe Zuhayli - İslâm Fıkhı Ansiklopedisi Cilt-06.pdf,PDF,ZIP Arşivi İçinde (b-Library_Hzm-20260601T230631Z-3-002.zip),C:\Users\default.LAPTOP-OBA1HVU9\.antigravity-ide\Books\b-Library_Hzm-20260601T230631Z-3-002.zip -> b-Library_Hzm/Fikİh-Vehbe-Zuhayli-ZAMAN/Vehbe Zuhayli - İslâm Fıkhı Ansiklopedisi Cilt-06.pdf,b-Library_Hzm/Fikİh-Vehbe-Zuhayli-ZAMAN,23.5
Yeni-Umit-Dergisi-80-2008-4.pdf,PDF,ZIP Arşivi İçinde (b-Library_Hzm-20260601T230631Z-3-002.zip),C:\Users\default.LAPTOP-OBA1HVU9\.antigravity-ide\Books\b-Library_Hzm-20260601T230631Z-3-002.zip -> b-Library_Hzm/Dergi-Yeni Ümit/Yeni-Umit-Dergisi-80-2008-4.pdf,b-Library_Hzm/Dergi-Yeni Ümit,8.64
Yeni-Umit-Dergisi-105-2014-7.pdf,PDF,ZIP Arşivi İçinde (b-Library_Hzm-20260601T230631Z-3-002.zip),C:\Users\default.LAPTOP-OBA1HVU9\.antigravity-ide\Books\b-Library_Hzm-20260601T230631Z-3-002.zip -> b-Library_Hzm/Dergi-Yeni Ümit/Yeni-Umit-Dergisi-105-2014-7.pdf,b-Library_Hzm/Dergi-Yeni Ümit,11.67
Yeni-Umit-Dergisi-93-2011-7.pdf,PDF,ZIP Arşivi İçinde (b-Library_Hzm-20260601T230631Z-3-002.zip),C:\Users\default.LAPTOP-OBA1HVU9\.antigravity-ide\Books\b-Library_Hzm-20260601T230631Z-3-002.zip -> b-Library_Hzm/Dergi-Yeni Ümit/Yeni-Umit-Dergisi-93-2011-7.pdf,b-Library_Hzm/Dergi-Yeni Ümit,6.19
Yeni-Umit-Dergisi-77-2007-7.pdf,PDF,ZIP Arşivi İçinde (b-Library_Hzm-20260601T230631Z-3-002.zip),C:\Users\default.LAPTOP-OBA1HVU9\.antigravity-ide\Books\b-Library_Hzm-20260601T230631Z-3-002.zip -> b-Library_Hzm/Dergi-Yeni Ümit/Yeni-Umit-Dergisi-77-2007-7.pdf,b-Library_Hzm/Dergi-Yeni Ümit,4.16
Vehbe Zuhayli - İslâm Fıkhı Ansiklopedisi Cilt-09.pdf,PDF,ZIP Arşivi İçinde (b-Library_Hzm-20260601T230631Z-3-002.zip),C:\Users\default.LAPTOP-OBA1HVU9\.antigravity-ide\Books\b-Library_Hzm-20260601T230631Z-3-002.zip -> b-Library_Hzm/Fikİh-Vehbe-Zuhayli-ZAMAN/Vehbe Zuhayli - İslâm Fıkhı Ansiklopedisi Cilt-09.pdf,b-Library_Hzm/Fikİh-Vehbe-Zuhayli-ZAMAN,21.98
Yeni-Umit-Dergisi-91-2011-1.pdf,PDF,ZIP Arşivi İçinde (b-Library_Hzm-20260601T230631Z-3-002.zip),C:\Users\default.LAPTOP-OBA1HVU9\.antigravity-ide\Books\b-Library_Hzm-20260601T230631Z-3-002.zip -> b-Library_Hzm/Dergi-Yeni Ümit/Yeni-Umit-Dergisi-91-2011-1.pdf,b-Library_Hzm/Dergi-Yeni Ümit,4.7
Vehbe Zuhayli - İslâm Fıkhı Ansiklopedisi Cilt-07.pdf,PDF,ZIP Arşivi İçinde (b-Library_Hzm-20260601T230631Z-3-002.zip),C:\Users\default.LAPTOP-OBA1HVU9\.antigravity-ide\Books\b-Library_Hzm-20260601T230631Z-3-002.zip -> b-Library_Hzm/Fikİh-Vehbe-Zuhayli-ZAMAN/Vehbe Zuhayli - İslâm Fıkhı Ansiklopedisi Cilt-07.pdf,b-Library_Hzm/Fikİh-Vehbe-Zuhayli-ZAMAN,23.2
Yeni-Umit-Dergisi-74-2006-10.pdf,PDF,ZIP Arşivi İçinde (b-Library_Hzm-20260601T230631Z-3-002.zip),C:\Users\default.LAPTOP-OBA1HVU9\.antigravity-ide\Books\b-Library_Hzm-20260601T230631Z-3-002.zip -> b-Library_Hzm/Dergi-Yeni Ümit/Yeni-Umit-Dergisi-74-2006-10.pdf,b-Library_Hzm/Dergi-Yeni Ümit,6.12
Yeni-Umit-Dergisi-82-2008-10.pdf,PDF,ZIP Arşivi İçinde (b-Library_Hzm-20260601T230631Z-3-002.zip),C:\Users\default.LAPTOP-OBA1HVU9\.antigravity-ide\Books\b-Library_Hzm-20260601T230631Z-3-002.zip -> b-Library_Hzm/Dergi-Yeni Ümit/Yeni-Umit-Dergisi-82-2008-10.pdf,b-Library_Hzm/Dergi-Yeni Ümit,6.8
Yeni-Umit-Dergisi-79-2008-1.pdf,PDF,ZIP Arşivi İçinde (b-Library_Hzm-20260601T230631Z-3-002.zip),C:\Users\default.LAPTOP-OBA1HVU9\.antigravity-ide\Books\b-Library_Hzm-20260601T230631Z-3-002.zip -> b-Library_Hzm/Dergi-Yeni Ümit/Yeni-Umit-Dergisi-79-2008-1.pdf,b-Library_Hzm/Dergi-Yeni Ümit,4.42
Yeni-Umit-Dergisi-100-2013-4.pdf,PDF,ZIP Arşivi İçinde (b-Library_Hzm-20260601T230631Z-3-002.zip),C:\Users\default.LAPTOP-OBA1HVU9\.antigravity-ide\Books\b-Library_Hzm-20260601T230631Z-3-002.zip -> b-Library_Hzm/Dergi-Yeni Ümit/Yeni-Umit-Dergisi-100-2013-4.pdf,b-Library_Hzm/Dergi-Yeni Ümit,4.13
Yeni-Umit-Dergisi-002-1988-10.pdf,PDF,ZIP Arşivi İçinde (b-Library_Hzm-20260601T230631Z-3-002.zip),C:\Users\default.LAPTOP-OBA1HVU9\.antigravity-ide\Books\b-Library_Hzm-20260601T230631Z-3-002.zip -> b-Library_Hzm/Dergi-Yeni Ümit/Yeni-Umit-Dergisi-002-1988-10.pdf,b-Library_Hzm/Dergi-Yeni Ümit,3.66
Yeni-Umit-Dergisi-103-2014-1.pdf,PDF,ZIP Arşivi İçinde (b-Library_Hzm-20260601T230631Z-3-002.zip),C:\Users\default.LAPTOP-OBA1HVU9\.antigravity-ide\Books\b-Library_Hzm-20260601T230631Z-3-002.zip -> b-Library_Hzm/Dergi-Yeni Ümit/Yeni-Umit-Dergisi-103-2014-1.pdf,b-Library_Hzm/Dergi-Yeni Ümit,3.8
Yeni-Umit-Dergisi-001-1988-7.pdf,PDF,ZIP Arşivi İçinde (b-Library_Hzm-20260601T230631Z-3-002.zip),C:\Users\default.LAPTOP-OBA1HVU9\.antigravity-ide\Books\b-Library_Hzm-20260601T230631Z-3-002.zip -> b-Library_Hzm/Dergi-Yeni Ümit/Yeni-Umit-Dergisi-001-1988-7.pdf,b-Library_Hzm/Dergi-Yeni Ümit,3.13
Vehbe Zuhayli - İslâm Fıkhı Ansiklopedisi Cilt-10.pdf,PDF,ZIP Arşivi İçinde (b-Library_Hzm-20260601T230631Z-3-002.zip),C:\Users\default.LAPTOP-OBA1HVU9\.antigravity-ide\Books\b-Library_Hzm-20260601T230631Z-3-002.zip -> b-Library_Hzm/Fikİh-Vehbe-Zuhayli-ZAMAN/Vehbe Zuhayli - İslâm Fıkhı Ansiklopedisi Cilt-10.pdf,b-Library_Hzm/Fikİh-Vehbe-Zuhayli-ZAMAN,21.49
Yeni-Umit-Dergisi-94-2011-10.pdf,PDF,ZIP Arşivi İçinde (b-Library_Hzm-20260601T230631Z-3-002.zip),C:\Users\default.LAPTOP-OBA1HVU9\.antigravity-ide\Books\b-Library_Hzm-20260601T230631Z-3-002.zip -> b-Library_Hzm/Dergi-Yeni Ümit/Yeni-Umit-Dergisi-94-2011-10.pdf,b-Library_Hzm/Dergi-Yeni Ümit,4.98
Yeni-Umit-Dergisi-87-2010-1.pdf,PDF,ZIP Arşivi İçinde (b-Library_Hzm-20260601T230631Z-3-002.zip),C:\Users\default.LAPTOP-OBA1HVU9\.antigravity-ide\Books\b-Library_Hzm-20260601T230631Z-3-002.zip -> b-Library_Hzm/Dergi-Yeni Ümit/Yeni-Umit-Dergisi-87-2010-1.pdf,b-Library_Hzm/Dergi-Yeni Ümit,7.03
Yeni-Umit-Dergisi-73-2006-7.pdf,PDF,ZIP Arşivi İçinde (b-Library_Hzm-20260601T230631Z-3-002.zip),C:\Users\default.LAPTOP-OBA1HVU9\.antigravity-ide\Books\b-Library_Hzm-20260601T230631Z-3-002.zip -> b-Library_Hzm/Dergi-Yeni Ümit/Yeni-Umit-Dergisi-73-2006-7.pdf,b-Library_Hzm/Dergi-Yeni Ümit,7.16
Yeni-Umit-Dergisi-95-2012-01.pdf,PDF,ZIP Arşivi İçinde (b-Library_Hzm-20260601T230631Z-3-002.zip),C:\Users\default.LAPTOP-OBA1HVU9\.antigravity-ide\Books\b-Library_Hzm-20260601T230631Z-3-002.zip -> b-Library_Hzm/Dergi-Yeni Ümit/Yeni-Umit-Dergisi-95-2012-01.pdf,b-Library_Hzm/Dergi-Yeni Ümit,11.3
Vehbe Zuhayli - İslâm Fıkhı Ansiklopedisi Cilt-02.pdf,PDF,ZIP Arşivi İçinde (b-Library_Hzm-20260601T230631Z-3-002.zip),C:\Users\default.LAPTOP-OBA1HVU9\.antigravity-ide\Books\b-Library_Hzm-20260601T230631Z-3-002.zip -> b-Library_Hzm/Fikİh-Vehbe-Zuhayli-ZAMAN/Vehbe Zuhayli - İslâm Fıkhı Ansiklopedisi Cilt-02.pdf,b-Library_Hzm/Fikİh-Vehbe-Zuhayli-ZAMAN,25.04
signsofmiraculousness-vahide.pdf,PDF,ZIP Arşivi İçinde (b-Library_Hzm-20260601T230631Z-3-002.zip),C:\Users\default.LAPTOP-OBA1HVU9\.antigravity-ide\Books\b-Library_Hzm-20260601T230631Z-3-002.zip -> b-Library_Hzm/RN-Külliyat-Hzm/RN-Hzm-Eng/signsofmiraculousness-vahide.pdf,b-Library_Hzm/RN-Külliyat-Hzm/RN-Hzm-Eng,8.44
Yeni-Umit-Dergisi-89-2010-7.pdf,PDF,ZIP Arşivi İçinde (b-Library_Hzm-20260601T230631Z-3-002.zip),C:\Users\default.LAPTOP-OBA1HVU9\.antigravity-ide\Books\b-Library_Hzm-20260601T230631Z-3-002.zip -> b-Library_Hzm/Dergi-Yeni Ümit/Yeni-Umit-Dergisi-89-2010-7.pdf,b-Library_Hzm/Dergi-Yeni Ümit,9.02
Vehbe Zuhayli - İslâm Fıkhı Ansiklopedisi Cilt-05.pdf,PDF,ZIP Arşivi İçinde (b-Library_Hzm-20260601T230631Z-3-002.zip),C:\Users\default.LAPTOP-OBA1HVU9\.antigravity-ide\Books\b-Library_Hzm-20260601T230631Z-3-002.zip -> b-Library_Hzm/Fikİh-Vehbe-Zuhayli-ZAMAN/Vehbe Zuhayli - İslâm Fıkhı Ansiklopedisi Cilt-05.pdf,b-Library_Hzm/Fikİh-Vehbe-Zuhayli-ZAMAN,21.52
Vehbe Zuhayli - İslâm Fıkhı Ansiklopedisi Cilt-08.pdf,PDF,ZIP Arşivi İçinde (b-Library_Hzm-20260601T230631Z-3-002.zip),C:\Users\default.LAPTOP-OBA1HVU9\.antigravity-ide\Books\b-Library_Hzm-20260601T230631Z-3-002.zip -> b-Library_Hzm/Fikİh-Vehbe-Zuhayli-ZAMAN/Vehbe Zuhayli - İslâm Fıkhı Ansiklopedisi Cilt-08.pdf,b-Library_Hzm/Fikİh-Vehbe-Zuhayli-ZAMAN,23.67
Nurlardan-secmeler-5-Mektubat_tan.pdf,PDF,ZIP Arşivi İçinde (b-Library_Hzm-20260601T230631Z-3-002.zip),C:\Users\default.LAPTOP-OBA1HVU9\.antigravity-ide\Books\b-Library_Hzm-20260601T230631Z-3-002.zip -> b-Library_Hzm/RN-Külliyat-Hzm/RN-Seçmeler/Nurlardan-secmeler-5-Mektubat_tan.pdf,b-Library_Hzm/RN-Külliyat-Hzm/RN-Seçmeler,1.13
Yeni-Umit-Dergisi-83-2009-1.pdf,PDF,ZIP Arşivi İçinde (b-Library_Hzm-20260601T230631Z-3-002.zip),C:\Users\default.LAPTOP-OBA1HVU9\.antigravity-ide\Books\b-Library_Hzm-20260601T230631Z-3-002.zip -> b-Library_Hzm/Dergi-Yeni Ümit/Yeni-Umit-Dergisi-83-2009-1.pdf,b-Library_Hzm/Dergi-Yeni Ümit,18.37
Nurlardan-secmeler-6-Mektubat_tan.pdf,PDF,ZIP Arşivi İçinde (b-Library_Hzm-20260601T230631Z-3-002.zip),C:\Users\default.LAPTOP-OBA1HVU9\.antigravity-ide\Books\b-Library_Hzm-20260601T230631Z-3-002.zip -> b-Library_Hzm/RN-Külliyat-Hzm/RN-Seçmeler/Nurlardan-secmeler-6-Mektubat_tan.pdf,b-Library_Hzm/RN-Külliyat-Hzm/RN-Seçmeler,1.68
Nurlardan-secmeler-4-Lemalar_dan.pdf,PDF,ZIP Arşivi İçinde (b-Library_Hzm-20260601T230631Z-3-002.zip),C:\Users\default.LAPTOP-OBA1HVU9\.antigravity-ide\Books\b-Library_Hzm-20260601T230631Z-3-002.zip -> b-Library_Hzm/RN-Külliyat-Hzm/RN-Seçmeler/Nurlardan-secmeler-4-Lemalar_dan.pdf,b-Library_Hzm/RN-Külliyat-Hzm/RN-Seçmeler,0.93
Vehbe Zuhayli - İslâm Fıkhı Ansiklopedisi Cilt-04.pdf,PDF,ZIP Arşivi İçinde (b-Library_Hzm-20260601T230631Z-3-002.zip),C:\Users\default.LAPTOP-OBA1HVU9\.antigravity-ide\Books\b-Library_Hzm-20260601T230631Z-3-002.zip -> b-Library_Hzm/Fikİh-Vehbe-Zuhayli-ZAMAN/Vehbe Zuhayli - İslâm Fıkhı Ansiklopedisi Cilt-04.pdf,b-Library_Hzm/Fikİh-Vehbe-Zuhayli-ZAMAN,24.25
Nurlardan-secmeler-3-Lemalar_dan.pdf,PDF,ZIP Arşivi İçinde (b-Library_Hzm-20260601T230631Z-3-002.zip),C:\Users\default.LAPTOP-OBA1HVU9\.antigravity-ide\Books\b-Library_Hzm-20260601T230631Z-3-002.zip -> b-Library_Hzm/RN-Külliyat-Hzm/RN-Seçmeler/Nurlardan-secmeler-3-Lemalar_dan.pdf,b-Library_Hzm/RN-Külliyat-Hzm/RN-Seçmeler,1.11
cocuklarda-kuran-egitimi-kartanesi-2008-isikyayinlari (1).pdf,PDF,ZIP Arşivi İçinde (b-Library_Hzm-20260601T230631Z-3-002.zip),C:\Users\default.LAPTOP-OBA1HVU9\.antigravity-ide\Books\b-Library_Hzm-20260601T230631Z-3-002.zip -> b-Library_Hzm/Çocuklar için-Hzm/ElifBa-çocuklar için/cocuklarda-kuran-egitimi-kartanesi-2008-isikyayinlari (1).pdf,b-Library_Hzm/Çocuklar için-Hzm/ElifBa-çocuklar için,1.64
flashes.pdf,PDF,ZIP Arşivi İçinde (b-Library_Hzm-20260601T230631Z-3-002.zip),C:\Users\default.LAPTOP-OBA1HVU9\.antigravity-ide\Books\b-Library_Hzm-20260601T230631Z-3-002.zip -> b-Library_Hzm/RN-Külliyat-Hzm/RN-Hzm-Eng/flashes.pdf,b-Library_Hzm/RN-Külliyat-Hzm/RN-Hzm-Eng,2.45
letters.pdf,PDF,ZIP Arşivi İçinde (b-Library_Hzm-20260601T230631Z-3-002.zip),C:\Users\default.LAPTOP-OBA1HVU9\.antigravity-ide\Books\b-Library_Hzm-20260601T230631Z-3-002.zip -> b-Library_Hzm/RN-Külliyat-Hzm/RN-Hzm-Eng/letters.pdf,b-Library_Hzm/RN-Külliyat-Hzm/RN-Hzm-Eng,2.88
kuran-ogreniyorum-seti-2-harekeleri-ogreniyorum-mustuy.pdf,PDF,ZIP Arşivi İçinde (b-Library_Hzm-20260601T230631Z-3-002.zip),C:\Users\default.LAPTOP-OBA1HVU9\.antigravity-ide\Books\b-Library_Hzm-20260601T230631Z-3-002.zip -> b-Library_Hzm/Çocuklar için-Hzm/ElifBa-çocuklar için/kuran-ogreniyorum-seti-2-harekeleri-ogreniyorum-mustuy.pdf,b-Library_Hzm/Çocuklar için-Hzm/ElifBa-çocuklar için,4.42
Vehbe Zuhayli - İslâm Fıkhı Ansiklopedisi Cilt-01.pdf,PDF,ZIP Arşivi İçinde (b-Library_Hzm-20260601T230631Z-3-002.zip),C:\Users\default.LAPTOP-OBA1HVU9\.antigravity-ide\Books\b-Library_Hzm-20260601T230631Z-3-002.zip -> b-Library_Hzm/Fikİh-Vehbe-Zuhayli-ZAMAN/Vehbe Zuhayli - İslâm Fıkhı Ansiklopedisi Cilt-01.pdf,b-Library_Hzm/Fikİh-Vehbe-Zuhayli-ZAMAN,20.01
Yeni-Umit-Dergisi-104-2014-3.pdf,PDF,ZIP Arşivi İçinde (b-Library_Hzm-20260601T230631Z-3-002.zip),C:\Users\default.LAPTOP-OBA1HVU9\.antigravity-ide\Books\b-Library_Hzm-20260601T230631Z-3-002.zip -> b-Library_Hzm/Dergi-Yeni Ümit/Yeni-Umit-Dergisi-104-2014-3.pdf,b-Library_Hzm/Dergi-Yeni Ümit,6.86
rays.pdf,PDF,ZIP Arşivi İçinde (b-Library_Hzm-20260601T230631Z-3-002.zip),C:\Users\default.LAPTOP-OBA1HVU9\.antigravity-ide\Books\b-Library_Hzm-20260601T230631Z-3-002.zip -> b-Library_Hzm/RN-Külliyat-Hzm/RN-Hzm-Eng/rays.pdf,b-Library_Hzm/RN-Külliyat-Hzm/RN-Hzm-Eng,2.79
KT-19-Işık Karanlığı Boğarken.pdf,PDF,ZIP Arşivi İçinde (b-Library_Hzm-20260601T230631Z-3-002.zip),C:\Users\default.LAPTOP-OBA1HVU9\.antigravity-ide\Books\b-Library_Hzm-20260601T230631Z-3-002.zip -> b-Library_Hzm/PRL/KT-19-Işık Karanlığı Boğarken.pdf,b-Library_Hzm/PRL,15.85
01-Yavru Deve - Peygamberimizden Hatiralar.PDF,PDF,ZIP Arşivi İçinde (b-Library_Hzm-20260601T230631Z-3-002.zip),C:\Users\default.LAPTOP-OBA1HVU9\.antigravity-ide\Books\b-Library_Hzm-20260601T230631Z-3-002.zip -> b-Library_Hzm/Çocuklar için-Hzm/Peygamberimizden Hatıralar/01-Yavru Deve - Peygamberimizden Hatiralar.PDF,b-Library_Hzm/Çocuklar için-Hzm/Peygamberimizden Hatıralar,1.17
kuran-ogreniyorum-seti-1-kuran-harflerini-ogreniyorum-mustuy.pdf,PDF,ZIP Arşivi İçinde (b-Library_Hzm-20260601T230631Z-3-002.zip),C:\Users\default.LAPTOP-OBA1HVU9\.antigravity-ide\Books\b-Library_Hzm-20260601T230631Z-3-002.zip -> b-Library_Hzm/Çocuklar için-Hzm/ElifBa-çocuklar için/kuran-ogreniyorum-seti-1-kuran-harflerini-ogreniyorum-mustuy.pdf,b-Library_Hzm/Çocuklar için-Hzm/ElifBa-çocuklar için,6.68
kur-an-elifbasi-ilmihalli-mustuy.pdf,PDF,ZIP Arşivi İçinde (b-Library_Hzm-20260601T230631Z-3-002.zip),C:\Users\default.LAPTOP-OBA1HVU9\.antigravity-ide\Books\b-Library_Hzm-20260601T230631Z-3-002.zip -> b-Library_Hzm/Çocuklar için-Hzm/ElifBa-çocuklar için/kur-an-elifbasi-ilmihalli-mustuy.pdf,b-Library_Hzm/Çocuklar için-Hzm/ElifBa-çocuklar için,42.66
Rehberim-Sevgili-peygamberim-sav-mustuy.pdf,PDF,ZIP Arşivi İçinde (b-Library_Hzm-20260601T230631Z-3-002.zip),C:\Users\default.LAPTOP-OBA1HVU9\.antigravity-ide\Books\b-Library_Hzm-20260601T230631Z-3-002.zip -> b-Library_Hzm/Çocuklar için-Hzm/Peygamberimizin Hayatı-Çocuk/Rehberim-Sevgili-peygamberim-sav-mustuy.pdf,b-Library_Hzm/Çocuklar için-Hzm/Peygamberimizin Hayatı-Çocuk,11.73
2-Islamiyetin Dogusu-Peygamberimizin Hayati.PDF,PDF,ZIP Arşivi İçinde (b-Library_Hzm-20260601T230631Z-3-002.zip),C:\Users\default.LAPTOP-OBA1HVU9\.antigravity-ide\Books\b-Library_Hzm-20260601T230631Z-3-002.zip -> b-Library_Hzm/Çocuklar için-Hzm/Peygamberimizin Hayatı-Çocuk/2-Islamiyetin Dogusu-Peygamberimizin Hayati.PDF,b-Library_Hzm/Çocuklar için-Hzm/Peygamberimizin Hayatı-Çocuk,6.33
Allah Dostları Cilt 08.pdf,PDF,ZIP Arşivi İçinde (b-Library_Hzm-20260601T230631Z-3-002.zip),C:\Users\default.LAPTOP-OBA1HVU9\.antigravity-ide\Books\b-Library_Hzm-20260601T230631Z-3-002.zip -> b-Library_Hzm/Allah Dostları-ZAMAN/Allah Dostları Cilt 08.pdf,b-Library_Hzm/Allah Dostları-ZAMAN,34.29
etkinlikli-ve-testli-elif-ba.pdf,PDF,ZIP Arşivi İçinde (b-Library_Hzm-20260601T230631Z-3-002.zip),C:\Users\default.LAPTOP-OBA1HVU9\.antigravity-ide\Books\b-Library_Hzm-20260601T230631Z-3-002.zip -> b-Library_Hzm/Çocuklar için-Hzm/ElifBa-çocuklar için/etkinlikli-ve-testli-elif-ba.pdf,b-Library_Hzm/Çocuklar için-Hzm/ElifBa-çocuklar için,11.42
1-Kutlu Dogum-Peygamberimizin Hayati.PDF,PDF,ZIP Arşivi İçinde (b-Library_Hzm-20260601T230631Z-3-002.zip),C:\Users\default.LAPTOP-OBA1HVU9\.antigravity-ide\Books\b-Library_Hzm-20260601T230631Z-3-002.zip -> b-Library_Hzm/Çocuklar için-Hzm/Peygamberimizin Hayatı-Çocuk/1-Kutlu Dogum-Peygamberimizin Hayati.PDF,b-Library_Hzm/Çocuklar için-Hzm/Peygamberimizin Hayatı-Çocuk,5.78
4-Mirac ve Hicret-Peygamberimizin Hayati-.PDF,PDF,ZIP Arşivi İçinde (b-Library_Hzm-20260601T230631Z-3-002.zip),C:\Users\default.LAPTOP-OBA1HVU9\.antigravity-ide\Books\b-Library_Hzm-20260601T230631Z-3-002.zip -> b-Library_Hzm/Çocuklar için-Hzm/Peygamberimizin Hayatı-Çocuk/4-Mirac ve Hicret-Peygamberimizin Hayati-.PDF,b-Library_Hzm/Çocuklar için-Hzm/Peygamberimizin Hayatı-Çocuk,6.26
Iman ve Kufur Muvazeneleri.pdf,PDF,ZIP Arşivi İçinde (b-Library_Hzm-20260601T230631Z-3-002.zip),C:\Users\default.LAPTOP-OBA1HVU9\.antigravity-ide\Books\b-Library_Hzm-20260601T230631Z-3-002.zip -> b-Library_Hzm/RN-Külliyat-Hzm/RN-Hzm/Iman ve Kufur Muvazeneleri.pdf,b-Library_Hzm/RN-Külliyat-Hzm/RN-Hzm,1.41
Vehbe Zuhayli - İslâm Fıkhı Ansiklopedisi Cilt-03.pdf,PDF,ZIP Arşivi İçinde (b-Library_Hzm-20260601T230631Z-3-002.zip),C:\Users\default.LAPTOP-OBA1HVU9\.antigravity-ide\Books\b-Library_Hzm-20260601T230631Z-3-002.zip -> b-Library_Hzm/Fikİh-Vehbe-Zuhayli-ZAMAN/Vehbe Zuhayli - İslâm Fıkhı Ansiklopedisi Cilt-03.pdf,b-Library_Hzm/Fikİh-Vehbe-Zuhayli-ZAMAN,23.27
Sakk-i Kamer.pdf,PDF,ZIP Arşivi İçinde (b-Library_Hzm-20260601T230631Z-3-002.zip),C:\Users\default.LAPTOP-OBA1HVU9\.antigravity-ide\Books\b-Library_Hzm-20260601T230631Z-3-002.zip -> b-Library_Hzm/RN-Külliyat-Hzm/RN-Hzm-cep/Sakk-i Kamer.pdf,b-Library_Hzm/RN-Külliyat-Hzm/RN-Hzm-cep,0.86
3-Zor Yillar-Peygamberimizin Hayati.pdf,PDF,ZIP Arşivi İçinde (b-Library_Hzm-20260601T230631Z-3-002.zip),C:\Users\default.LAPTOP-OBA1HVU9\.antigravity-ide\Books\b-Library_Hzm-20260601T230631Z-3-002.zip -> b-Library_Hzm/Çocuklar için-Hzm/Peygamberimizin Hayatı-Çocuk/3-Zor Yillar-Peygamberimizin Hayati.pdf,b-Library_Hzm/Çocuklar için-Hzm/Peygamberimizin Hayatı-Çocuk,5.8
Muhakemat.pdf,PDF,ZIP Arşivi İçinde (b-Library_Hzm-20260601T230631Z-3-002.zip),C:\Users\default.LAPTOP-OBA1HVU9\.antigravity-ide\Books\b-Library_Hzm-20260601T230631Z-3-002.zip -> b-Library_Hzm/RN-Külliyat-Hzm/RN-Hzm/Muhakemat.pdf,b-Library_Hzm/RN-Külliyat-Hzm/RN-Hzm,1.04
Kucuk Sozler.pdf,PDF,ZIP Arşivi İçinde (b-Library_Hzm-20260601T230631Z-3-002.zip),C:\Users\default.LAPTOP-OBA1HVU9\.antigravity-ide\Books\b-Library_Hzm-20260601T230631Z-3-002.zip -> b-Library_Hzm/RN-Külliyat-Hzm/RN-Hzm-cep/Kucuk Sozler.pdf,b-Library_Hzm/RN-Külliyat-Hzm/RN-Hzm-cep,0.76
Munacat.pdf,PDF,ZIP Arşivi İçinde (b-Library_Hzm-20260601T230631Z-3-002.zip),C:\Users\default.LAPTOP-OBA1HVU9\.antigravity-ide\Books\b-Library_Hzm-20260601T230631Z-3-002.zip -> b-Library_Hzm/RN-Külliyat-Hzm/RN-Hzm-cep/Munacat.pdf,b-Library_Hzm/RN-Külliyat-Hzm/RN-Hzm-cep,0.51
Asa-yi Musa.pdf,PDF,ZIP Arşivi İçinde (b-Library_Hzm-20260601T230631Z-3-002.zip),C:\Users\default.LAPTOP-OBA1HVU9\.antigravity-ide\Books\b-Library_Hzm-20260601T230631Z-3-002.zip -> b-Library_Hzm/RN-Külliyat-Hzm/RN-Hzm/Asa-yi Musa.pdf,b-Library_Hzm/RN-Külliyat-Hzm/RN-Hzm,1.56
5-Peygamberimizin Son Yillari-Peygamberimizin Hayati.PDF,PDF,ZIP Arşivi İçinde (b-Library_Hzm-20260601T230631Z-3-002.zip),C:\Users\default.LAPTOP-OBA1HVU9\.antigravity-ide\Books\b-Library_Hzm-20260601T230631Z-3-002.zip -> b-Library_Hzm/Çocuklar için-Hzm/Peygamberimizin Hayatı-Çocuk/5-Peygamberimizin Son Yillari-Peygamberimizin Hayati.PDF,b-Library_Hzm/Çocuklar için-Hzm/Peygamberimizin Hayatı-Çocuk,6.34
Kader Risalesi.pdf,PDF,ZIP Arşivi İçinde (b-Library_Hzm-20260601T230631Z-3-002.zip),C:\Users\default.LAPTOP-OBA1HVU9\.antigravity-ide\Books\b-Library_Hzm-20260601T230631Z-3-002.zip -> b-Library_Hzm/RN-Külliyat-Hzm/RN-Hzm-cep/Kader Risalesi.pdf,b-Library_Hzm/RN-Külliyat-Hzm/RN-Hzm-cep,0.45
Hutuvat-i Sitte Risalesi.pdf,PDF,ZIP Arşivi İçinde (b-Library_Hzm-20260601T230631Z-3-002.zip),C:\Users\default.LAPTOP-OBA1HVU9\.antigravity-ide\Books\b-Library_Hzm-20260601T230631Z-3-002.zip -> b-Library_Hzm/RN-Külliyat-Hzm/RN-Hzm-cep/Hutuvat-i Sitte Risalesi.pdf,b-Library_Hzm/RN-Külliyat-Hzm/RN-Hzm-cep,0.29
Hucumat-i Sitte Risalesi.pdf,PDF,ZIP Arşivi İçinde (b-Library_Hzm-20260601T230631Z-3-002.zip),C:\Users\default.LAPTOP-OBA1HVU9\.antigravity-ide\Books\b-Library_Hzm-20260601T230631Z-3-002.zip -> b-Library_Hzm/RN-Külliyat-Hzm/RN-Hzm-cep/Hucumat-i Sitte Risalesi.pdf,b-Library_Hzm/RN-Külliyat-Hzm/RN-Hzm-cep,0.46
Genclik Rehberi.pdf,PDF,ZIP Arşivi İçinde (b-Library_Hzm-20260601T230631Z-3-002.zip),C:\Users\default.LAPTOP-OBA1HVU9\.antigravity-ide\Books\b-Library_Hzm-20260601T230631Z-3-002.zip -> b-Library_Hzm/RN-Külliyat-Hzm/RN-Hzm-cep/Genclik Rehberi.pdf,b-Library_Hzm/RN-Külliyat-Hzm/RN-Hzm-cep,1.4
Ramazan Iktisat ve Sukur.pdf,PDF,ZIP Arşivi İçinde (b-Library_Hzm-20260601T230631Z-3-002.zip),C:\Users\default.LAPTOP-OBA1HVU9\.antigravity-ide\Books\b-Library_Hzm-20260601T230631Z-3-002.zip -> b-Library_Hzm/RN-Külliyat-Hzm/RN-Hzm-cep/Ramazan Iktisat ve Sukur.pdf,b-Library_Hzm/RN-Külliyat-Hzm/RN-Hzm-cep,0.66
Ayetu_l-Kubra.pdf,PDF,ZIP Arşivi İçinde (b-Library_Hzm-20260601T230631Z-3-002.zip),C:\Users\default.LAPTOP-OBA1HVU9\.antigravity-ide\Books\b-Library_Hzm-20260601T230631Z-3-002.zip -> b-Library_Hzm/RN-Külliyat-Hzm/RN-Hzm-cep/Ayetu_l-Kubra.pdf,b-Library_Hzm/RN-Külliyat-Hzm/RN-Hzm-cep,1.26
Sikke-i Tasdik-i Gaybi.pdf,PDF,ZIP Arşivi İçinde (b-Library_Hzm-20260601T230631Z-3-002.zip),C:\Users\default.LAPTOP-OBA1HVU9\.antigravity-ide\Books\b-Library_Hzm-20260601T230631Z-3-002.zip -> b-Library_Hzm/RN-Külliyat-Hzm/RN-Hzm/Sikke-i Tasdik-i Gaybi.pdf,b-Library_Hzm/RN-Külliyat-Hzm/RN-Hzm,1.56
Hanimlar Rehberi.pdf,PDF,ZIP Arşivi İçinde (b-Library_Hzm-20260601T230631Z-3-002.zip),C:\Users\default.LAPTOP-OBA1HVU9\.antigravity-ide\Books\b-Library_Hzm-20260601T230631Z-3-002.zip -> b-Library_Hzm/RN-Külliyat-Hzm/RN-Hzm-cep/Hanimlar Rehberi.pdf,b-Library_Hzm/RN-Külliyat-Hzm/RN-Hzm-cep,0.91
Yirmi Ucuncu Soz.pdf,PDF,ZIP Arşivi İçinde (b-Library_Hzm-20260601T230631Z-3-002.zip),C:\Users\default.LAPTOP-OBA1HVU9\.antigravity-ide\Books\b-Library_Hzm-20260601T230631Z-3-002.zip -> b-Library_Hzm/RN-Külliyat-Hzm/RN-Hzm-cep/Yirmi Ucuncu Soz.pdf,b-Library_Hzm/RN-Külliyat-Hzm/RN-Hzm-cep,0.57
Hastalar Risalesi.pdf,PDF,ZIP Arşivi İçinde (b-Library_Hzm-20260601T230631Z-3-002.zip),C:\Users\default.LAPTOP-OBA1HVU9\.antigravity-ide\Books\b-Library_Hzm-20260601T230631Z-3-002.zip -> b-Library_Hzm/RN-Külliyat-Hzm/RN-Hzm-cep/Hastalar Risalesi.pdf,b-Library_Hzm/RN-Külliyat-Hzm/RN-Hzm-cep,0.6
Kastamonu Lahikasi.pdf,PDF,ZIP Arşivi İçinde (b-Library_Hzm-20260601T230631Z-3-002.zip),C:\Users\default.LAPTOP-OBA1HVU9\.antigravity-ide\Books\b-Library_Hzm-20260601T230631Z-3-002.zip -> b-Library_Hzm/RN-Külliyat-Hzm/RN-Hzm/Kastamonu Lahikasi.pdf,b-Library_Hzm/RN-Külliyat-Hzm/RN-Hzm,1.62
Ictihad Risalesi.pdf,PDF,ZIP Arşivi İçinde (b-Library_Hzm-20260601T230631Z-3-002.zip),C:\Users\default.LAPTOP-OBA1HVU9\.antigravity-ide\Books\b-Library_Hzm-20260601T230631Z-3-002.zip -> b-Library_Hzm/RN-Külliyat-Hzm/RN-Hzm-cep/Ictihad Risalesi.pdf,b-Library_Hzm/RN-Külliyat-Hzm/RN-Hzm-cep,0.77
Ihtiyarlar Risalesi.pdf,PDF,ZIP Arşivi İçinde (b-Library_Hzm-20260601T230631Z-3-002.zip),C:\Users\default.LAPTOP-OBA1HVU9\.antigravity-ide\Books\b-Library_Hzm-20260601T230631Z-3-002.zip -> b-Library_Hzm/RN-Külliyat-Hzm/RN-Hzm-cep/Ihtiyarlar Risalesi.pdf,b-Library_Hzm/RN-Külliyat-Hzm/RN-Hzm-cep,0.89
Tabiat Risalesi.pdf,PDF,ZIP Arşivi İçinde (b-Library_Hzm-20260601T230631Z-3-002.zip),C:\Users\default.LAPTOP-OBA1HVU9\.antigravity-ide\Books\b-Library_Hzm-20260601T230631Z-3-002.zip -> b-Library_Hzm/RN-Külliyat-Hzm/RN-Hzm-cep/Tabiat Risalesi.pdf,b-Library_Hzm/RN-Külliyat-Hzm/RN-Hzm-cep,0.46
Vesvese Risalesi.pdf,PDF,ZIP Arşivi İçinde (b-Library_Hzm-20260601T230631Z-3-002.zip),C:\Users\default.LAPTOP-OBA1HVU9\.antigravity-ide\Books\b-Library_Hzm-20260601T230631Z-3-002.zip -> b-Library_Hzm/RN-Külliyat-Hzm/RN-Hzm-cep/Vesvese Risalesi.pdf,b-Library_Hzm/RN-Külliyat-Hzm/RN-Hzm-cep,0.58
Uhuvvet Risalesi.pdf,PDF,ZIP Arşivi İçinde (b-Library_Hzm-20260601T230631Z-3-002.zip),C:\Users\default.LAPTOP-OBA1HVU9\.antigravity-ide\Books\b-Library_Hzm-20260601T230631Z-3-002.zip -> b-Library_Hzm/RN-Külliyat-Hzm/RN-Hzm-cep/Uhuvvet Risalesi.pdf,b-Library_Hzm/RN-Külliyat-Hzm/RN-Hzm-cep,0.82
Isaratu_l-I_caz.pdf,PDF,ZIP Arşivi İçinde (b-Library_Hzm-20260601T230631Z-3-002.zip),C:\Users\default.LAPTOP-OBA1HVU9\.antigravity-ide\Books\b-Library_Hzm-20260601T230631Z-3-002.zip -> b-Library_Hzm/RN-Külliyat-Hzm/RN-Hzm/Isaratu_l-I_caz.pdf,b-Library_Hzm/RN-Külliyat-Hzm/RN-Hzm,1.7
Telvihat Risalesi.pdf,PDF,ZIP Arşivi İçinde (b-Library_Hzm-20260601T230631Z-3-002.zip),C:\Users\default.LAPTOP-OBA1HVU9\.antigravity-ide\Books\b-Library_Hzm-20260601T230631Z-3-002.zip -> b-Library_Hzm/RN-Külliyat-Hzm/RN-Hzm-cep/Telvihat Risalesi.pdf,b-Library_Hzm/RN-Külliyat-Hzm/RN-Hzm-cep,0.53
Hizmet Rehberi.pdf,PDF,ZIP Arşivi İçinde (b-Library_Hzm-20260601T230631Z-3-002.zip),C:\Users\default.LAPTOP-OBA1HVU9\.antigravity-ide\Books\b-Library_Hzm-20260601T230631Z-3-002.zip -> b-Library_Hzm/RN-Külliyat-Hzm/RN-Hzm-cep/Hizmet Rehberi.pdf,b-Library_Hzm/RN-Külliyat-Hzm/RN-Hzm-cep,1.27
Mesnevi-i Nuriye.pdf,PDF,ZIP Arşivi İçinde (b-Library_Hzm-20260601T230631Z-3-002.zip),C:\Users\default.LAPTOP-OBA1HVU9\.antigravity-ide\Books\b-Library_Hzm-20260601T230631Z-3-002.zip -> b-Library_Hzm/RN-Külliyat-Hzm/RN-Hzm/Mesnevi-i Nuriye.pdf,b-Library_Hzm/RN-Külliyat-Hzm/RN-Hzm,1.59
Nurun Ilk Kapisi.pdf,PDF,ZIP Arşivi İçinde (b-Library_Hzm-20260601T230631Z-3-002.zip),C:\Users\default.LAPTOP-OBA1HVU9\.antigravity-ide\Books\b-Library_Hzm-20260601T230631Z-3-002.zip -> b-Library_Hzm/RN-Külliyat-Hzm/RN-Hzm-cep/Nurun Ilk Kapisi.pdf,b-Library_Hzm/RN-Külliyat-Hzm/RN-Hzm-cep,1.2
asayi-musa-bediuzzaman-said-nursi.pdf,PDF,ZIP Arşivi İçinde (b-Library_Hzm-20260601T230631Z-3-002.zip),C:\Users\default.LAPTOP-OBA1HVU9\.antigravity-ide\Books\b-Library_Hzm-20260601T230631Z-3-002.zip -> b-Library_Hzm/RN-Külliyat-Hzm/RN-Sade/asayi-musa-bediuzzaman-said-nursi.pdf,b-Library_Hzm/RN-Külliyat-Hzm/RN-Sade,2.27
sadelestirilmis-tabiat-risalesi.pdf,PDF,ZIP Arşivi İçinde (b-Library_Hzm-20260601T230631Z-3-002.zip),C:\Users\default.LAPTOP-OBA1HVU9\.antigravity-ide\Books\b-Library_Hzm-20260601T230631Z-3-002.zip -> b-Library_Hzm/RN-Külliyat-Hzm/RN-Sade/sadelestirilmis-tabiat-risalesi.pdf,b-Library_Hzm/RN-Külliyat-Hzm/RN-Sade,0.35
sadelestirilmis-ihlas-risalesi.pdf,PDF,ZIP Arşivi İçinde (b-Library_Hzm-20260601T230631Z-3-002.zip),C:\Users\default.LAPTOP-OBA1HVU9\.antigravity-ide\Books\b-Library_Hzm-20260601T230631Z-3-002.zip -> b-Library_Hzm/RN-Külliyat-Hzm/RN-Sade/sadelestirilmis-ihlas-risalesi.pdf,b-Library_Hzm/RN-Külliyat-Hzm/RN-Sade,0.65
Barla Lahikasi.pdf,PDF,ZIP Arşivi İçinde (b-Library_Hzm-20260601T230631Z-3-002.zip),C:\Users\default.LAPTOP-OBA1HVU9\.antigravity-ide\Books\b-Library_Hzm-20260601T230631Z-3-002.zip -> b-Library_Hzm/RN-Külliyat-Hzm/RN-Hzm/Barla Lahikasi.pdf,b-Library_Hzm/RN-Külliyat-Hzm/RN-Hzm,2.17
Sunnet-i Seniyye.pdf,PDF,ZIP Arşivi İçinde (b-Library_Hzm-20260601T230631Z-3-002.zip),C:\Users\default.LAPTOP-OBA1HVU9\.antigravity-ide\Books\b-Library_Hzm-20260601T230631Z-3-002.zip -> b-Library_Hzm/RN-Külliyat-Hzm/RN-Hzm-cep/Sunnet-i Seniyye.pdf,b-Library_Hzm/RN-Külliyat-Hzm/RN-Hzm-cep,1.47
sadelestirilmis-enne-ve-zerre-risalesi.pdf,PDF,ZIP Arşivi İçinde (b-Library_Hzm-20260601T230631Z-3-002.zip),C:\Users\default.LAPTOP-OBA1HVU9\.antigravity-ide\Books\b-Library_Hzm-20260601T230631Z-3-002.zip -> b-Library_Hzm/RN-Külliyat-Hzm/RN-Sade/sadelestirilmis-enne-ve-zerre-risalesi.pdf,b-Library_Hzm/RN-Külliyat-Hzm/RN-Sade,0.63
Emirdag Lahikasi.pdf,PDF,ZIP Arşivi İçinde (b-Library_Hzm-20260601T230631Z-3-002.zip),C:\Users\default.LAPTOP-OBA1HVU9\.antigravity-ide\Books\b-Library_Hzm-20260601T230631Z-3-002.zip -> b-Library_Hzm/RN-Külliyat-Hzm/RN-Hzm/Emirdag Lahikasi.pdf,b-Library_Hzm/RN-Külliyat-Hzm/RN-Hzm,2.51
sadelestirilmis-otuz-uc-pencere.pdf,PDF,ZIP Arşivi İçinde (b-Library_Hzm-20260601T230631Z-3-002.zip),C:\Users\default.LAPTOP-OBA1HVU9\.antigravity-ide\Books\b-Library_Hzm-20260601T230631Z-3-002.zip -> b-Library_Hzm/RN-Külliyat-Hzm/RN-Sade/sadelestirilmis-otuz-uc-pencere.pdf,b-Library_Hzm/RN-Külliyat-Hzm/RN-Sade,0.94
sadelestirilmis-hasir-risalesi.pdf,PDF,ZIP Arşivi İçinde (b-Library_Hzm-20260601T230631Z-3-002.zip),C:\Users\default.LAPTOP-OBA1HVU9\.antigravity-ide\Books\b-Library_Hzm-20260601T230631Z-3-002.zip -> b-Library_Hzm/RN-Külliyat-Hzm/RN-Sade/sadelestirilmis-hasir-risalesi.pdf,b-Library_Hzm/RN-Külliyat-Hzm/RN-Sade,0.81
Tarihce-i Hayat.pdf,PDF,ZIP Arşivi İçinde (b-Library_Hzm-20260601T230631Z-3-002.zip),C:\Users\default.LAPTOP-OBA1HVU9\.antigravity-ide\Books\b-Library_Hzm-20260601T230631Z-3-002.zip -> b-Library_Hzm/RN-Külliyat-Hzm/RN-Hzm/Tarihce-i Hayat.pdf,b-Library_Hzm/RN-Külliyat-Hzm/RN-Hzm,25.45
Sozler.pdf,PDF,ZIP Arşivi İçinde (b-Library_Hzm-20260601T230631Z-3-002.zip),C:\Users\default.LAPTOP-OBA1HVU9\.antigravity-ide\Books\b-Library_Hzm-20260601T230631Z-3-002.zip -> b-Library_Hzm/RN-Külliyat-Hzm/RN-Hzm/Sozler.pdf,b-Library_Hzm/RN-Külliyat-Hzm/RN-Hzm,3.97
Mu_cizat-ı Ahmediye.pdf,PDF,ZIP Arşivi İçinde (b-Library_Hzm-20260601T230631Z-3-002.zip),C:\Users\default.LAPTOP-OBA1HVU9\.antigravity-ide\Books\b-Library_Hzm-20260601T230631Z-3-002.zip -> b-Library_Hzm/RN-Külliyat-Hzm/RN-Hzm-cep/Mu_cizat-ı Ahmediye.pdf,b-Library_Hzm/RN-Külliyat-Hzm/RN-Hzm-cep,3.72
Mektubat.pdf,PDF,ZIP Arşivi İçinde (b-Library_Hzm-20260601T230631Z-3-002.zip),C:\Users\default.LAPTOP-OBA1HVU9\.antigravity-ide\Books\b-Library_Hzm-20260601T230631Z-3-002.zip -> b-Library_Hzm/RN-Külliyat-Hzm/RN-Hzm/Mektubat.pdf,b-Library_Hzm/RN-Külliyat-Hzm/RN-Hzm,4.16
Lemalar.pdf,PDF,ZIP Arşivi İçinde (b-Library_Hzm-20260601T230631Z-3-002.zip),C:\Users\default.LAPTOP-OBA1HVU9\.antigravity-ide\Books\b-Library_Hzm-20260601T230631Z-3-002.zip -> b-Library_Hzm/RN-Külliyat-Hzm/RN-Hzm/Lemalar.pdf,b-Library_Hzm/RN-Külliyat-Hzm/RN-Hzm,2.73
the-words.pdf,PDF,ZIP Arşivi İçinde (b-Library_Hzm-20260601T230631Z-3-002.zip),C:\Users\default.LAPTOP-OBA1HVU9\.antigravity-ide\Books\b-Library_Hzm-20260601T230631Z-3-002.zip -> b-Library_Hzm/RN-Külliyat-Hzm/RN-Hzm-Eng/the-words.pdf,b-Library_Hzm/RN-Külliyat-Hzm/RN-Hzm-Eng,3.6
Sualar.pdf,PDF,ZIP Arşivi İçinde (b-Library_Hzm-20260601T230631Z-3-002.zip),C:\Users\default.LAPTOP-OBA1HVU9\.antigravity-ide\Books\b-Library_Hzm-20260601T230631Z-3-002.zip -> b-Library_Hzm/RN-Külliyat-Hzm/RN-Hzm/Sualar.pdf,b-Library_Hzm/RN-Külliyat-Hzm/RN-Hzm,3.32
Yeni-Umit-Dergisi-97-2012-7.pdf,PDF,ZIP Arşivi İçinde (b-Library_Hzm-20260601T230631Z-3-002.zip),C:\Users\default.LAPTOP-OBA1HVU9\.antigravity-ide\Books\b-Library_Hzm-20260601T230631Z-3-002.zip -> b-Library_Hzm/Dergi-Yeni Ümit/Yeni-Umit-Dergisi-97-2012-7.pdf,b-Library_Hzm/Dergi-Yeni Ümit,6.86
sadelestirilmis-lemalar.pdf,PDF,ZIP Arşivi İçinde (b-Library_Hzm-20260601T230631Z-3-002.zip),C:\Users\default.LAPTOP-OBA1HVU9\.antigravity-ide\Books\b-Library_Hzm-20260601T230631Z-3-002.zip -> b-Library_Hzm/RN-Külliyat-Hzm/RN-Sade/sadelestirilmis-lemalar.pdf,b-Library_Hzm/RN-Külliyat-Hzm/RN-Sade,2.89
sadelestirilmis-mektubat.pdf,PDF,ZIP Arşivi İçinde (b-Library_Hzm-20260601T230631Z-3-002.zip),C:\Users\default.LAPTOP-OBA1HVU9\.antigravity-ide\Books\b-Library_Hzm-20260601T230631Z-3-002.zip -> b-Library_Hzm/RN-Külliyat-Hzm/RN-Sade/sadelestirilmis-mektubat.pdf,b-Library_Hzm/RN-Külliyat-Hzm/RN-Sade,3.61
Kulubud-Daria.pdf,PDF,ZIP Arşivi İçinde (b-Library_Hzm-20260601T230631Z-3-002.zip),C:\Users\default.LAPTOP-OBA1HVU9\.antigravity-ide\Books\b-Library_Hzm-20260601T230631Z-3-002.zip -> b-Library_Hzm/Dua-Oku/Kulubud-Daria.pdf,b-Library_Hzm/Dua-Oku,10.69
Elmalili - Hak Dini Kuran Dili-02.pdf,PDF,ZIP Arşivi İçinde (b-Library_Hzm-20260601T230631Z-3-002.zip),C:\Users\default.LAPTOP-OBA1HVU9\.antigravity-ide\Books\b-Library_Hzm-20260601T230631Z-3-002.zip -> b-Library_Hzm/Tefsir-Elmalılı Tefsiri-ZAMAN.pdf/Elmalili - Hak Dini Kuran Dili-02.pdf,b-Library_Hzm/Tefsir-Elmalılı Tefsiri-ZAMAN.pdf,35.73
Elmalili - Hak Dini Kuran Dili-03.pdf,PDF,ZIP Arşivi İçinde (b-Library_Hzm-20260601T230631Z-3-002.zip),C:\Users\default.LAPTOP-OBA1HVU9\.antigravity-ide\Books\b-Library_Hzm-20260601T230631Z-3-002.zip -> b-Library_Hzm/Tefsir-Elmalılı Tefsiri-ZAMAN.pdf/Elmalili - Hak Dini Kuran Dili-03.pdf,b-Library_Hzm/Tefsir-Elmalılı Tefsiri-ZAMAN.pdf,34.93
Elmalili - Hak Dini Kuran Dili-09.pdf,PDF,ZIP Arşivi İçinde (b-Library_Hzm-20260601T230631Z-3-002.zip),C:\Users\default.LAPTOP-OBA1HVU9\.antigravity-ide\Books\b-Library_Hzm-20260601T230631Z-3-002.zip -> b-Library_Hzm/Tefsir-Elmalılı Tefsiri-ZAMAN.pdf/Elmalili - Hak Dini Kuran Dili-09.pdf,b-Library_Hzm/Tefsir-Elmalılı Tefsiri-ZAMAN.pdf,32.65
sadelestirilmis-sozler.pdf,PDF,ZIP Arşivi İçinde (b-Library_Hzm-20260601T230631Z-3-002.zip),C:\Users\default.LAPTOP-OBA1HVU9\.antigravity-ide\Books\b-Library_Hzm-20260601T230631Z-3-002.zip -> b-Library_Hzm/RN-Külliyat-Hzm/RN-Sade/sadelestirilmis-sozler.pdf,b-Library_Hzm/RN-Külliyat-Hzm/RN-Sade,4.9
Sari-Lemalar.pdf,PDF,ZIP Arşivi İçinde (b-Library_Hzm-20260601T230631Z-3-002.zip),C:\Users\default.LAPTOP-OBA1HVU9\.antigravity-ide\Books\b-Library_Hzm-20260601T230631Z-3-002.zip -> b-Library_Hzm/RN-Külliyat-Hzm/RN-Sade/Sari-Lemalar.pdf,b-Library_Hzm/RN-Külliyat-Hzm/RN-Sade,8.76
RN Lemalar_Sadeleştirilmiş.pdf,PDF,ZIP Arşivi İçinde (b-Library_Hzm-20260601T230631Z-3-002.zip),C:\Users\default.LAPTOP-OBA1HVU9\.antigravity-ide\Books\b-Library_Hzm-20260601T230631Z-3-002.zip -> b-Library_Hzm/RN-Külliyat-Hzm/RN-Sade/RN Lemalar_Sadeleştirilmiş.pdf,b-Library_Hzm/RN-Külliyat-Hzm/RN-Sade,8.76
Hak Dini Kuran Dili Tefsiri 1-10.pdf,PDF,ZIP Arşivi İçinde (b-Library_Hzm-20260601T230631Z-3-002.zip),C:\Users\default.LAPTOP-OBA1HVU9\.antigravity-ide\Books\b-Library_Hzm-20260601T230631Z-3-002.zip -> b-Library_Hzm/Tefsir-Elmalılı Tefsiri-ZAMAN.pdf/Hak Dini Kuran Dili Tefsiri 1-10.pdf,b-Library_Hzm/Tefsir-Elmalılı Tefsiri-ZAMAN.pdf,135.56
Sari-Sozler.pdf,PDF,ZIP Arşivi İçinde (b-Library_Hzm-20260601T230631Z-3-002.zip),C:\Users\default.LAPTOP-OBA1HVU9\.antigravity-ide\Books\b-Library_Hzm-20260601T230631Z-3-002.zip -> b-Library_Hzm/RN-Külliyat-Hzm/RN-Sade/Sari-Sozler.pdf,b-Library_Hzm/RN-Külliyat-Hzm/RN-Sade,20.72
RN_Sozler_Sadeleştirilmiş.pdf,PDF,ZIP Arşivi İçinde (b-Library_Hzm-20260601T230631Z-3-002.zip),C:\Users\default.LAPTOP-OBA1HVU9\.antigravity-ide\Books\b-Library_Hzm-20260601T230631Z-3-002.zip -> b-Library_Hzm/RN-Külliyat-Hzm/RN-Sade/RN_Sozler_Sadeleştirilmiş.pdf,b-Library_Hzm/RN-Külliyat-Hzm/RN-Sade,20.72
Metafizik-Aleminin-Sakinleri-Melekler-ve-Cinler-Mehmet-Seker-IsikYayinlari.pdf,PDF,ZIP Arşivi İçinde (b-Library_Hzm-20260601T235628Z-3-001.zip),C:\Users\default.LAPTOP-OBA1HVU9\.antigravity-ide\Books\b-Library_Hzm-20260601T235628Z-3-001.zip -> b-Library_Hzm/Metafizik-Aleminin-Sakinleri-Melekler-ve-Cinler-Mehmet-Seker-IsikYayinlari.pdf,b-Library_Hzm,0.75
Rüya-Hakikat-Penceresi-mi-Hayal-Perdesimi-mi-M-Yusuf-Guven-O-Fatih-Belbagi.pdf,PDF,ZIP Arşivi İçinde (b-Library_Hzm-20260601T235628Z-3-001.zip),C:\Users\default.LAPTOP-OBA1HVU9\.antigravity-ide\Books\b-Library_Hzm-20260601T235628Z-3-001.zip -> b-Library_Hzm/Rüya-Hakikat-Penceresi-mi-Hayal-Perdesimi-mi-M-Yusuf-Guven-O-Fatih-Belbagi.pdf,b-Library_Hzm,0.67
Imam-i-Rabbani-KaynakYayinlari.pdf,PDF,ZIP Arşivi İçinde (b-Library_Hzm-20260601T235628Z-3-001.zip),C:\Users\default.LAPTOP-OBA1HVU9\.antigravity-ide\Books\b-Library_Hzm-20260601T235628Z-3-001.zip -> b-Library_Hzm/Imam-i-Rabbani-KaynakYayinlari.pdf,b-Library_Hzm,0.77
100-Soruda-Ahiret-Hayat-U0131.pdf,PDF,ZIP Arşivi İçinde (b-Library_Hzm-20260601T235628Z-3-001.zip),C:\Users\default.LAPTOP-OBA1HVU9\.antigravity-ide\Books\b-Library_Hzm-20260601T235628Z-3-001.zip -> b-Library_Hzm/100-Soruda-Ahiret-Hayat-U0131.pdf,b-Library_Hzm,1.78
Ahirzaman-ve-Kiyamet-Alametleri-Ayhan-Tekines (1).pdf,PDF,ZIP Arşivi İçinde (b-Library_Hzm-20260601T235628Z-3-001.zip),C:\Users\default.LAPTOP-OBA1HVU9\.antigravity-ide\Books\b-Library_Hzm-20260601T235628Z-3-001.zip -> b-Library_Hzm/Ahirzaman-ve-Kiyamet-Alametleri-Ayhan-Tekines (1).pdf,b-Library_Hzm,0.86
Kutlu Zamanlar.pdf,PDF,ZIP Arşivi İçinde (b-Library_Hzm-20260601T235628Z-3-001.zip),C:\Users\default.LAPTOP-OBA1HVU9\.antigravity-ide\Books\b-Library_Hzm-20260601T235628Z-3-001.zip -> b-Library_Hzm/Kutlu Zamanlar.pdf,b-Library_Hzm,0.85
Meryem-Oglu-Isa-KaynakYayinlari-pdf.pdf,PDF,ZIP Arşivi İçinde (b-Library_Hzm-20260601T235628Z-3-001.zip),C:\Users\default.LAPTOP-OBA1HVU9\.antigravity-ide\Books\b-Library_Hzm-20260601T235628Z-3-001.zip -> b-Library_Hzm/Meryem-Oglu-Isa-KaynakYayinlari-pdf.pdf,b-Library_Hzm,0.91
sayit-kocer-efendimizin-sav-ramazani-isikyayinlari.pdf,PDF,ZIP Arşivi İçinde (b-Library_Hzm-20260601T235628Z-3-001.zip),C:\Users\default.LAPTOP-OBA1HVU9\.antigravity-ide\Books\b-Library_Hzm-20260601T235628Z-3-001.zip -> b-Library_Hzm/Ramazan-Oruç-Üç aylar/sayit-kocer-efendimizin-sav-ramazani-isikyayinlari.pdf,b-Library_Hzm/Ramazan-Oruç-Üç aylar,0.88
Asere-i-Mubessere-IsikYayinlari-Ahmet-Kurucan-Zuhtu-Mercan.pdf,PDF,ZIP Arşivi İçinde (b-Library_Hzm-20260601T235628Z-3-001.zip),C:\Users\default.LAPTOP-OBA1HVU9\.antigravity-ide\Books\b-Library_Hzm-20260601T235628Z-3-001.zip -> b-Library_Hzm/Sahabe-Hzm/Asere-i-Mubessere-IsikYayinlari-Ahmet-Kurucan-Zuhtu-Mercan.pdf,b-Library_Hzm/Sahabe-Hzm,0.91
Kuranda-Tesbih-Ve-Temsiller-Sadi-Eren.pdf,PDF,ZIP Arşivi İçinde (b-Library_Hzm-20260601T235628Z-3-001.zip),C:\Users\default.LAPTOP-OBA1HVU9\.antigravity-ide\Books\b-Library_Hzm-20260601T235628Z-3-001.zip -> b-Library_Hzm/Kur`an-Hzm/Kuranda-Tesbih-Ve-Temsiller-Sadi-Eren.pdf,b-Library_Hzm/Kur`an-Hzm,1.04
Kuranda-Ehli-Kitapla-Muhabbet-IsikAkademiY-pdf.pdf,PDF,ZIP Arşivi İçinde (b-Library_Hzm-20260601T235628Z-3-001.zip),C:\Users\default.LAPTOP-OBA1HVU9\.antigravity-ide\Books\b-Library_Hzm-20260601T235628Z-3-001.zip -> b-Library_Hzm/Kuranda-Ehli-Kitapla-Muhabbet-IsikAkademiY-pdf.pdf,b-Library_Hzm,1.47
Suat Yildirim-Oryantalistlerin Yanilgilari - UfukYayinlari.pdf,PDF,ZIP Arşivi İçinde (b-Library_Hzm-20260601T235628Z-3-001.zip),C:\Users\default.LAPTOP-OBA1HVU9\.antigravity-ide\Books\b-Library_Hzm-20260601T235628Z-3-001.zip -> b-Library_Hzm/Suat Yıldırım/Suat Yildirim-Oryantalistlerin Yanilgilari - UfukYayinlari.pdf,b-Library_Hzm/Suat Yıldırım,1.4
Kuresel Dunyada islam-1 -Vincent Geisser -  islamofobi - UfukYayinlari.pdf,PDF,ZIP Arşivi İçinde (b-Library_Hzm-20260601T235628Z-3-001.zip),C:\Users\default.LAPTOP-OBA1HVU9\.antigravity-ide\Books\b-Library_Hzm-20260601T235628Z-3-001.zip -> b-Library_Hzm/Ufuk Yayinlari/Kuresel Dunyada islam-1 -Vincent Geisser -  islamofobi - UfukYayinlari.pdf,b-Library_Hzm/Ufuk Yayinlari,0.62
Hz Aisha-the-wife-the-companion-the-scholar-Reşit Haylamaz.pdf,PDF,ZIP Arşivi İçinde (b-Library_Hzm-20260601T235628Z-3-001.zip),C:\Users\default.LAPTOP-OBA1HVU9\.antigravity-ide\Books\b-Library_Hzm-20260601T235628Z-3-001.zip -> b-Library_Hzm/Sahabe-Hzm-English/Hz Aisha-the-wife-the-companion-the-scholar-Reşit Haylamaz.pdf,b-Library_Hzm/Sahabe-Hzm-English,1.4
Osmanlılarda-Hilafet-Mustafa-Alkan.pdf,PDF,ZIP Arşivi İçinde (b-Library_Hzm-20260601T235628Z-3-001.zip),C:\Users\default.LAPTOP-OBA1HVU9\.antigravity-ide\Books\b-Library_Hzm-20260601T235628Z-3-001.zip -> b-Library_Hzm/Osmanlılarda-Hilafet-Mustafa-Alkan.pdf,b-Library_Hzm,11.34
Mesnevi Hikayelerinden-2 - Kadir Ozkose - Gafletten Kurtulus - UfukYayinlari.pdf,PDF,ZIP Arşivi İçinde (b-Library_Hzm-20260601T235628Z-3-001.zip),C:\Users\default.LAPTOP-OBA1HVU9\.antigravity-ide\Books\b-Library_Hzm-20260601T235628Z-3-001.zip -> b-Library_Hzm/Ufuk Yayinlari/Mesnevi Hikayelerinden-2 - Kadir Ozkose - Gafletten Kurtulus - UfukYayinlari.pdf,b-Library_Hzm/Ufuk Yayinlari,0.75
Mesnevi Hikayelerinden-1 - Kadir Ozkose - Ten Kafesinden Kurtulus - UfukYayinlari.pdf,PDF,ZIP Arşivi İçinde (b-Library_Hzm-20260601T235628Z-3-001.zip),C:\Users\default.LAPTOP-OBA1HVU9\.antigravity-ide\Books\b-Library_Hzm-20260601T235628Z-3-001.zip -> b-Library_Hzm/Ufuk Yayinlari/Mesnevi Hikayelerinden-1 - Kadir Ozkose - Ten Kafesinden Kurtulus - UfukYayinlari.pdf,b-Library_Hzm/Ufuk Yayinlari,0.96
Zekamatik-AltinBurcYayinlari.pdf,PDF,ZIP Arşivi İçinde (b-Library_Hzm-20260601T235628Z-3-001.zip),C:\Users\default.LAPTOP-OBA1HVU9\.antigravity-ide\Books\b-Library_Hzm-20260601T235628Z-3-001.zip -> b-Library_Hzm/Tefekkür-Bilim-Hzm/Zekamatik-AltinBurcYayinlari.pdf,b-Library_Hzm/Tefekkür-Bilim-Hzm,3.66
Hayatus Sahabe - Muhtasar 2.pdf,PDF,ZIP Arşivi İçinde (b-Library_Hzm-20260601T235628Z-3-001.zip),C:\Users\default.LAPTOP-OBA1HVU9\.antigravity-ide\Books\b-Library_Hzm-20260601T235628Z-3-001.zip -> b-Library_Hzm/Sahabe-Hzm/Hayatus Sahabe - Muhtasar 2.pdf,b-Library_Hzm/Sahabe-Hzm,2.07
Rainer Hermann - Turkiyede Neler Oluyor - Anadolunu Uyanisi ve Yeni Elitler - UfukYayinlari.pdf,PDF,ZIP Arşivi İçinde (b-Library_Hzm-20260601T235628Z-3-001.zip),C:\Users\default.LAPTOP-OBA1HVU9\.antigravity-ide\Books\b-Library_Hzm-20260601T235628Z-3-001.zip -> b-Library_Hzm/Ufuk Yayinlari/Rainer Hermann - Turkiyede Neler Oluyor - Anadolunu Uyanisi ve Yeni Elitler - UfukYayinlari.pdf,b-Library_Hzm/Ufuk Yayinlari,0.78
Insanlik-Tarihi-Boyunca-Evrim-Adem-Tatli.pdf,PDF,ZIP Arşivi İçinde (b-Library_Hzm-20260601T235628Z-3-001.zip),C:\Users\default.LAPTOP-OBA1HVU9\.antigravity-ide\Books\b-Library_Hzm-20260601T235628Z-3-001.zip -> b-Library_Hzm/Evrim-Hzm/Insanlik-Tarihi-Boyunca-Evrim-Adem-Tatli.pdf,b-Library_Hzm/Evrim-Hzm,1.03
Hayatus-Sahabe-Muhtasar-Cilt-1-M-Yusuf-Kandehlevi.pdf,PDF,ZIP Arşivi İçinde (b-Library_Hzm-20260601T235628Z-3-001.zip),C:\Users\default.LAPTOP-OBA1HVU9\.antigravity-ide\Books\b-Library_Hzm-20260601T235628Z-3-001.zip -> b-Library_Hzm/Sahabe-Hzm/Hayatus-Sahabe-Muhtasar-Cilt-1-M-Yusuf-Kandehlevi.pdf,b-Library_Hzm/Sahabe-Hzm,1.75
Fethullah Gülen Röportajı (Ekrem Dumanlı) (z-lib.org).epub,EPUB,ZIP Arşivi İçinde (b-Library_Hzm-20260601T235628Z-3-001.zip),C:\Users\default.LAPTOP-OBA1HVU9\.antigravity-ide\Books\b-Library_Hzm-20260601T235628Z-3-001.zip -> b-Library_Hzm/HE-Bio-Hzm/Fethullah Gülen Röportajı (Ekrem Dumanlı) (z-lib.org).epub,b-Library_Hzm/HE-Bio-Hzm,0.09
Asli-Kaplan-Kozmik-Perde-AltinBurcYayinlari-pdf.pdf,PDF,ZIP Arşivi İçinde (b-Library_Hzm-20260601T235628Z-3-001.zip),C:\Users\default.LAPTOP-OBA1HVU9\.antigravity-ide\Books\b-Library_Hzm-20260601T235628Z-3-001.zip -> b-Library_Hzm/Tefekkür-Bilim-Hzm/Asli-Kaplan-Kozmik-Perde-AltinBurcYayinlari-pdf.pdf,b-Library_Hzm/Tefekkür-Bilim-Hzm,8.28
B Jill Carrol - Medeniyetler Diyalogu - Gulenin islami Ogretisi ve Humanist Soylem - UfukYayinlari.pdf,PDF,ZIP Arşivi İçinde (b-Library_Hzm-20260601T235628Z-3-001.zip),C:\Users\default.LAPTOP-OBA1HVU9\.antigravity-ide\Books\b-Library_Hzm-20260601T235628Z-3-001.zip -> b-Library_Hzm/Ufuk Yayinlari/B Jill Carrol - Medeniyetler Diyalogu - Gulenin islami Ogretisi ve Humanist Soylem - UfukYayinlari.pdf,b-Library_Hzm/Ufuk Yayinlari,0.96
Erkam Tufan Aytav - Demokratiklesme Surecinde Turkiyede Oteki Olmak - UfukYayinlari.pdf,PDF,ZIP Arşivi İçinde (b-Library_Hzm-20260601T235628Z-3-001.zip),C:\Users\default.LAPTOP-OBA1HVU9\.antigravity-ide\Books\b-Library_Hzm-20260601T235628Z-3-001.zip -> b-Library_Hzm/Ufuk Yayinlari/Erkam Tufan Aytav - Demokratiklesme Surecinde Turkiyede Oteki Olmak - UfukYayinlari.pdf,b-Library_Hzm/Ufuk Yayinlari,0.61
Fethullah-Gulenle-Amerika`da-bir-ay-Ismail-Unal.pdf,PDF,ZIP Arşivi İçinde (b-Library_Hzm-20260601T235628Z-3-001.zip),C:\Users\default.LAPTOP-OBA1HVU9\.antigravity-ide\Books\b-Library_Hzm-20260601T235628Z-3-001.zip -> b-Library_Hzm/HE-Bio-Hzm/Fethullah-Gulenle-Amerika`da-bir-ay-Ismail-Unal.pdf,b-Library_Hzm/HE-Bio-Hzm,9.19
Kuresel Dunyada islam-2 - Ahmet Kurucan - ABD ve Din - UfukYayinlari.pdf,PDF,ZIP Arşivi İçinde (b-Library_Hzm-20260601T235628Z-3-001.zip),C:\Users\default.LAPTOP-OBA1HVU9\.antigravity-ide\Books\b-Library_Hzm-20260601T235628Z-3-001.zip -> b-Library_Hzm/Ufuk Yayinlari/Kuresel Dunyada islam-2 - Ahmet Kurucan - ABD ve Din - UfukYayinlari.pdf,b-Library_Hzm/Ufuk Yayinlari,0.66
E Mazhar Kurt - Yaratilis Tabiatin ilahi Emirle Varolusu - UfukYayinlari.pdf,PDF,ZIP Arşivi İçinde (b-Library_Hzm-20260601T235628Z-3-001.zip),C:\Users\default.LAPTOP-OBA1HVU9\.antigravity-ide\Books\b-Library_Hzm-20260601T235628Z-3-001.zip -> b-Library_Hzm/Ufuk Yayinlari/E Mazhar Kurt - Yaratilis Tabiatin ilahi Emirle Varolusu - UfukYayinlari.pdf,b-Library_Hzm/Ufuk Yayinlari,0.78
Gurbette-Fethullah-Gulen-Nuriye-Akman.pdf,PDF,ZIP Arşivi İçinde (b-Library_Hzm-20260601T235628Z-3-001.zip),C:\Users\default.LAPTOP-OBA1HVU9\.antigravity-ide\Books\b-Library_Hzm-20260601T235628Z-3-001.zip -> b-Library_Hzm/HE-Bio-Hzm/Gurbette-Fethullah-Gulen-Nuriye-Akman.pdf,b-Library_Hzm/HE-Bio-Hzm,9.45
Haris-El-Muhasibi-Kalb-Hayati-2.pdf,PDF,ZIP Arşivi İçinde (b-Library_Hzm-20260601T235628Z-3-001.zip),C:\Users\default.LAPTOP-OBA1HVU9\.antigravity-ide\Books\b-Library_Hzm-20260601T235628Z-3-001.zip -> b-Library_Hzm/Haris-El-Muhasibi-Kalb-Hayati-2.pdf,b-Library_Hzm,26.74
Kainattaki Gizli Imza - Altin Oran - AltinBurcYayinlari (Yilmaz Sadikli) (z-lib.org).pdf,PDF,ZIP Arşivi İçinde (b-Library_Hzm-20260601T235628Z-3-001.zip),C:\Users\default.LAPTOP-OBA1HVU9\.antigravity-ide\Books\b-Library_Hzm-20260601T235628Z-3-001.zip -> b-Library_Hzm/Tefekkür-Bilim-Hzm/Kainattaki Gizli Imza - Altin Oran - AltinBurcYayinlari (Yilmaz Sadikli) (z-lib.org).pdf,b-Library_Hzm/Tefekkür-Bilim-Hzm,13.76
İbretlik Hatıralar_Osman Şimşek.pdf,PDF,ZIP Arşivi İçinde (b-Library_Hzm-20260601T235628Z-3-001.zip),C:\Users\default.LAPTOP-OBA1HVU9\.antigravity-ide\Books\b-Library_Hzm-20260601T235628Z-3-001.zip -> b-Library_Hzm/HE-Bio-Hzm/İbretlik Hatıralar_Osman Şimşek.pdf,b-Library_Hzm/HE-Bio-Hzm,1.22
Hayrettin Karaman - Hakkani Mehmet Bey - Hilye - Gonullerin Susu Hanelerin Zineti - UfukYayinlari.pdf,PDF,ZIP Arşivi İçinde (b-Library_Hzm-20260601T235628Z-3-001.zip),C:\Users\default.LAPTOP-OBA1HVU9\.antigravity-ide\Books\b-Library_Hzm-20260601T235628Z-3-001.zip -> b-Library_Hzm/Ufuk Yayinlari/Hayrettin Karaman - Hakkani Mehmet Bey - Hilye - Gonullerin Susu Hanelerin Zineti - UfukYayinlari.pdf,b-Library_Hzm/Ufuk Yayinlari,56.17
mehmet-akar-hizmet-ekseni-sahdamary.pdf,PDF,ZIP Arşivi İçinde (b-Library_Hzm-20260601T235628Z-3-001.zip),C:\Users\default.LAPTOP-OBA1HVU9\.antigravity-ide\Books\b-Library_Hzm-20260601T235628Z-3-001.zip -> b-Library_Hzm/Üstad BZ Hz-Hzm/mehmet-akar-hizmet-ekseni-sahdamary.pdf,b-Library_Hzm/Üstad BZ Hz-Hzm,0.55
Gurbetteki-Ogretmen-M-Fethulllah-Gulen-MustuY.pdf,PDF,ZIP Arşivi İçinde (b-Library_Hzm-20260601T235628Z-3-001.zip),C:\Users\default.LAPTOP-OBA1HVU9\.antigravity-ide\Books\b-Library_Hzm-20260601T235628Z-3-001.zip -> b-Library_Hzm/HE-Bio-Hzm/Gurbetteki-Ogretmen-M-Fethulllah-Gulen-MustuY.pdf,b-Library_Hzm/HE-Bio-Hzm,44.49
abdullah-mahmud-tantavi-bediuzzamana-gore-degisim-ve-yeniden-yapilanma-sahdamary.pdf,PDF,ZIP Arşivi İçinde (b-Library_Hzm-20260601T235628Z-3-001.zip),C:\Users\default.LAPTOP-OBA1HVU9\.antigravity-ide\Books\b-Library_Hzm-20260601T235628Z-3-001.zip -> b-Library_Hzm/Üstad BZ Hz-Hzm/abdullah-mahmud-tantavi-bediuzzamana-gore-degisim-ve-yeniden-yapilanma-sahdamary.pdf,b-Library_Hzm/Üstad BZ Hz-Hzm,0.41
necmettin-sahiner-yazarlarin-kaleminden-bediuzzaman-sahdamary.pdf,PDF,ZIP Arşivi İçinde (b-Library_Hzm-20260601T235628Z-3-001.zip),C:\Users\default.LAPTOP-OBA1HVU9\.antigravity-ide\Books\b-Library_Hzm-20260601T235628Z-3-001.zip -> b-Library_Hzm/Üstad BZ Hz-Hzm/necmettin-sahiner-yazarlarin-kaleminden-bediuzzaman-sahdamary.pdf,b-Library_Hzm/Üstad BZ Hz-Hzm,3.76
mehmet-akar-ikram-sahdamary.pdf,PDF,ZIP Arşivi İçinde (b-Library_Hzm-20260601T235628Z-3-001.zip),C:\Users\default.LAPTOP-OBA1HVU9\.antigravity-ide\Books\b-Library_Hzm-20260601T235628Z-3-001.zip -> b-Library_Hzm/Üstad BZ Hz-Hzm/mehmet-akar-ikram-sahdamary.pdf,b-Library_Hzm/Üstad BZ Hz-Hzm,0.4
Turkce-Calisma-Kitabi-11-Harmony.pdf,PDF,ZIP Arşivi İçinde (b-Library_Hzm-20260601T235628Z-3-001.zip),C:\Users\default.LAPTOP-OBA1HVU9\.antigravity-ide\Books\b-Library_Hzm-20260601T235628Z-3-001.zip -> b-Library_Hzm/Turkce/Turkce-Calisma-Kitabi-11-Harmony.pdf,b-Library_Hzm/Turkce,70.09
mehmet-akar-seyda-sahdamary.pdf,PDF,ZIP Arşivi İçinde (b-Library_Hzm-20260601T235628Z-3-001.zip),C:\Users\default.LAPTOP-OBA1HVU9\.antigravity-ide\Books\b-Library_Hzm-20260601T235628Z-3-001.zip -> b-Library_Hzm/Üstad BZ Hz-Hzm/mehmet-akar-seyda-sahdamary.pdf,b-Library_Hzm/Üstad BZ Hz-Hzm,0.79
necmettin-sahiner-nurlarin-ilk-dershanesi-aziz-barla-sahdamary.pdf,PDF,ZIP Arşivi İçinde (b-Library_Hzm-20260601T235628Z-3-001.zip),C:\Users\default.LAPTOP-OBA1HVU9\.antigravity-ide\Books\b-Library_Hzm-20260601T235628Z-3-001.zip -> b-Library_Hzm/Üstad BZ Hz-Hzm/necmettin-sahiner-nurlarin-ilk-dershanesi-aziz-barla-sahdamary.pdf,b-Library_Hzm/Üstad BZ Hz-Hzm,26.91
mehmet-akar-secdede-bir-omur-sahdamary.pdf,PDF,ZIP Arşivi İçinde (b-Library_Hzm-20260601T235628Z-3-001.zip),C:\Users\default.LAPTOP-OBA1HVU9\.antigravity-ide\Books\b-Library_Hzm-20260601T235628Z-3-001.zip -> b-Library_Hzm/Üstad BZ Hz-Hzm/mehmet-akar-secdede-bir-omur-sahdamary.pdf,b-Library_Hzm/Üstad BZ Hz-Hzm,0.69
mehmet-akar-dava-adami-sahdamary.pdf,PDF,ZIP Arşivi İçinde (b-Library_Hzm-20260601T235628Z-3-001.zip),C:\Users\default.LAPTOP-OBA1HVU9\.antigravity-ide\Books\b-Library_Hzm-20260601T235628Z-3-001.zip -> b-Library_Hzm/Üstad BZ Hz-Hzm/mehmet-akar-dava-adami-sahdamary.pdf,b-Library_Hzm/Üstad BZ Hz-Hzm,0.66
necmettin-sahiner-medresetuz-zehra-bediuzzaman-universitesi-sahdamary.pdf,PDF,ZIP Arşivi İçinde (b-Library_Hzm-20260601T235628Z-3-001.zip),C:\Users\default.LAPTOP-OBA1HVU9\.antigravity-ide\Books\b-Library_Hzm-20260601T235628Z-3-001.zip -> b-Library_Hzm/Üstad BZ Hz-Hzm/necmettin-sahiner-medresetuz-zehra-bediuzzaman-universitesi-sahdamary.pdf,b-Library_Hzm/Üstad BZ Hz-Hzm,5.25
mehmet-akar-seyda-2-barla-hayati-sahdamary.pdf,PDF,ZIP Arşivi İçinde (b-Library_Hzm-20260601T235628Z-3-001.zip),C:\Users\default.LAPTOP-OBA1HVU9\.antigravity-ide\Books\b-Library_Hzm-20260601T235628Z-3-001.zip -> b-Library_Hzm/Üstad BZ Hz-Hzm/mehmet-akar-seyda-2-barla-hayati-sahdamary.pdf,b-Library_Hzm/Üstad BZ Hz-Hzm,0.9
İslam Tarihi_1.pdf,PDF,ZIP Arşivi İçinde (b-Library_Hzm-20260601T235628Z-3-001.zip),C:\Users\default.LAPTOP-OBA1HVU9\.antigravity-ide\Books\b-Library_Hzm-20260601T235628Z-3-001.zip -> b-Library_Hzm/Tarih-Hzm/İslam Tarihi_1.pdf,b-Library_Hzm/Tarih-Hzm,3.53
İslam Tarihi_4.pdf,PDF,ZIP Arşivi İçinde (b-Library_Hzm-20260601T235628Z-3-001.zip),C:\Users\default.LAPTOP-OBA1HVU9\.antigravity-ide\Books\b-Library_Hzm-20260601T235628Z-3-001.zip -> b-Library_Hzm/Tarih-Hzm/İslam Tarihi_4.pdf,b-Library_Hzm/Tarih-Hzm,3.97
110-Soruda-Yaratilis-ve-Evrim-Tartismasi-Arif-Sarsilmaz-AltinBurcYayinlari-pdf.pdf,PDF,ZIP Arşivi İçinde (b-Library_Hzm-20260601T235628Z-3-001.zip),C:\Users\default.LAPTOP-OBA1HVU9\.antigravity-ide\Books\b-Library_Hzm-20260601T235628Z-3-001.zip -> b-Library_Hzm/Evrim-Hzm/110-Soruda-Yaratilis-ve-Evrim-Tartismasi-Arif-Sarsilmaz-AltinBurcYayinlari-pdf.pdf,b-Library_Hzm/Evrim-Hzm,33.88
mahmut-acil-ustadla-hasbihal-sahdamary.pdf,PDF,ZIP Arşivi İçinde (b-Library_Hzm-20260601T235628Z-3-001.zip),C:\Users\default.LAPTOP-OBA1HVU9\.antigravity-ide\Books\b-Library_Hzm-20260601T235628Z-3-001.zip -> b-Library_Hzm/Üstad BZ Hz-Hzm/mahmut-acil-ustadla-hasbihal-sahdamary.pdf,b-Library_Hzm/Üstad BZ Hz-Hzm,6.34
İslam Tarihi_3.pdf,PDF,ZIP Arşivi İçinde (b-Library_Hzm-20260601T235628Z-3-001.zip),C:\Users\default.LAPTOP-OBA1HVU9\.antigravity-ide\Books\b-Library_Hzm-20260601T235628Z-3-001.zip -> b-Library_Hzm/Tarih-Hzm/İslam Tarihi_3.pdf,b-Library_Hzm/Tarih-Hzm,3.83
Fikir ve Aksiyon İnsanı Olarak Fethullah Gülen - Yüksel Çayıroğlu.pdf,PDF,ZIP Arşivi İçinde (b-Library_Hzm-20260601T235628Z-3-001.zip),C:\Users\default.LAPTOP-OBA1HVU9\.antigravity-ide\Books\b-Library_Hzm-20260601T235628Z-3-001.zip -> b-Library_Hzm/HE-Bio-Hzm/Fikir ve Aksiyon İnsanı Olarak Fethullah Gülen - Yüksel Çayıroğlu.pdf,b-Library_Hzm/HE-Bio-Hzm,13.34
Nicin-Helak-Oldular-Abdullah-Emin-Cimen.pdf,PDF,ZIP Arşivi İçinde (b-Library_Hzm-20260601T235628Z-3-001.zip),C:\Users\default.LAPTOP-OBA1HVU9\.antigravity-ide\Books\b-Library_Hzm-20260601T235628Z-3-001.zip -> b-Library_Hzm/Kur`an-Hzm/Nicin-Helak-Oldular-Abdullah-Emin-Cimen.pdf,b-Library_Hzm/Kur`an-Hzm,7.06
Yazarlarin-Kalemi-nden-Bedi-uzzaman-Necmeddin-Şahi-ner.pdf,PDF,ZIP Arşivi İçinde (b-Library_Hzm-20260601T235628Z-3-001.zip),C:\Users\default.LAPTOP-OBA1HVU9\.antigravity-ide\Books\b-Library_Hzm-20260601T235628Z-3-001.zip -> b-Library_Hzm/Üstad BZ Hz-Hzm/Yazarlarin-Kalemi-nden-Bedi-uzzaman-Necmeddin-Şahi-ner.pdf,b-Library_Hzm/Üstad BZ Hz-Hzm,3.76
Questions-and-Answers-About-Islam-Vol-2-M-Fethullah-Gulen.pdf,PDF,ZIP Arşivi İçinde (b-Library_Hzm-20260601T235628Z-3-001.zip),C:\Users\default.LAPTOP-OBA1HVU9\.antigravity-ide\Books\b-Library_Hzm-20260601T235628Z-3-001.zip -> b-Library_Hzm/PRL-English/Questions-and-Answers-About-Islam-Vol-2-M-Fethullah-Gulen.pdf,b-Library_Hzm/PRL-English,0.52
Fethullah-Gulen-Biography.pdf,PDF,ZIP Arşivi İçinde (b-Library_Hzm-20260601T235628Z-3-001.zip),C:\Users\default.LAPTOP-OBA1HVU9\.antigravity-ide\Books\b-Library_Hzm-20260601T235628Z-3-001.zip -> b-Library_Hzm/MFG/Fethullah-Gulen-Biography.pdf,b-Library_Hzm/MFG,2.94
Gulen-Hareketi-1-Farkli-Seslerin-Ahengi-M-F-Gulen.pdf,PDF,ZIP Arşivi İçinde (b-Library_Hzm-20260601T235628Z-3-001.zip),C:\Users\default.LAPTOP-OBA1HVU9\.antigravity-ide\Books\b-Library_Hzm-20260601T235628Z-3-001.zip -> b-Library_Hzm/MFG/Gulen-Hareketi-1-Farkli-Seslerin-Ahengi-M-F-Gulen.pdf,b-Library_Hzm/MFG,0.93
Yavuz-Sultan-Selim-Feridun-M-Emecan.pdf,PDF,ZIP Arşivi İçinde (b-Library_Hzm-20260601T235628Z-3-001.zip),C:\Users\default.LAPTOP-OBA1HVU9\.antigravity-ide\Books\b-Library_Hzm-20260601T235628Z-3-001.zip -> b-Library_Hzm/Tarih-Hzm/Yavuz-Sultan-Selim-Feridun-M-Emecan.pdf,b-Library_Hzm/Tarih-Hzm,10.21
The-Essentials-of-the-Islamic-Faith-Fethullah-Gulen.pdf,PDF,ZIP Arşivi İçinde (b-Library_Hzm-20260601T235628Z-3-001.zip),C:\Users\default.LAPTOP-OBA1HVU9\.antigravity-ide\Books\b-Library_Hzm-20260601T235628Z-3-001.zip -> b-Library_Hzm/PRL-English/The-Essentials-of-the-Islamic-Faith-Fethullah-Gulen.pdf,b-Library_Hzm/PRL-English,0.7
Questions-and-Answers-About-Islam-Vol-1-M-Fethullah-Gulen.pdf,PDF,ZIP Arşivi İçinde (b-Library_Hzm-20260601T235628Z-3-001.zip),C:\Users\default.LAPTOP-OBA1HVU9\.antigravity-ide\Books\b-Library_Hzm-20260601T235628Z-3-001.zip -> b-Library_Hzm/PRL-English/Questions-and-Answers-About-Islam-Vol-1-M-Fethullah-Gulen.pdf,b-Library_Hzm/PRL-English,0.89
Fethullah Gülen’s Teaching and Practice-Paul Weller.pdf,PDF,ZIP Arşivi İçinde (b-Library_Hzm-20260601T235628Z-3-001.zip),C:\Users\default.LAPTOP-OBA1HVU9\.antigravity-ide\Books\b-Library_Hzm-20260601T235628Z-3-001.zip -> b-Library_Hzm/MFG/Fethullah Gülen’s Teaching and Practice-Paul Weller.pdf,b-Library_Hzm/MFG,1.8
Davut-Ayduz-Namazı-Anlayarak-Kılmak.pdf,PDF,ZIP Arşivi İçinde (b-Library_Hzm-20260601T235628Z-3-001.zip),C:\Users\default.LAPTOP-OBA1HVU9\.antigravity-ide\Books\b-Library_Hzm-20260601T235628Z-3-001.zip -> b-Library_Hzm/Namaz/Davut-Ayduz-Namazı-Anlayarak-Kılmak.pdf,b-Library_Hzm/Namaz,0.99
An-Analysis-of-the-Prophet-s-Life-The-Messenger-Of-God-Muhammad-Fethullah-Gulen.pdf,PDF,ZIP Arşivi İçinde (b-Library_Hzm-20260601T235628Z-3-001.zip),C:\Users\default.LAPTOP-OBA1HVU9\.antigravity-ide\Books\b-Library_Hzm-20260601T235628Z-3-001.zip -> b-Library_Hzm/PRL-English/An-Analysis-of-the-Prophet-s-Life-The-Messenger-Of-God-Muhammad-Fethullah-Gulen.pdf,b-Library_Hzm/PRL-English,1.14
Ahmet Ersöz-Mehmet Özyurt.pdf,PDF,ZIP Arşivi İçinde (b-Library_Hzm-20260601T235628Z-3-001.zip),C:\Users\default.LAPTOP-OBA1HVU9\.antigravity-ide\Books\b-Library_Hzm-20260601T235628Z-3-001.zip -> b-Library_Hzm/Üstad BZ Hz Talebeleri-Hzm/Ahmet Ersöz-Mehmet Özyurt.pdf,b-Library_Hzm/Üstad BZ Hz Talebeleri-Hzm,1.83
Ahmet Ozer - Atabeyli Tahiri - Mehmet Tahiri Mutlu (Ahmet Ozer) (z-lib.org).PDF,PDF,ZIP Arşivi İçinde (b-Library_Hzm-20260601T235628Z-3-001.zip),C:\Users\default.LAPTOP-OBA1HVU9\.antigravity-ide\Books\b-Library_Hzm-20260601T235628Z-3-001.zip -> b-Library_Hzm/Üstad BZ Hz Talebeleri-Hzm/Ahmet Ozer - Atabeyli Tahiri - Mehmet Tahiri Mutlu (Ahmet Ozer) (z-lib.org).PDF,b-Library_Hzm/Üstad BZ Hz Talebeleri-Hzm,0.84
Hz. Ali.pdf,PDF,ZIP Arşivi İçinde (b-Library_Hzm-20260601T235628Z-3-001.zip),C:\Users\default.LAPTOP-OBA1HVU9\.antigravity-ide\Books\b-Library_Hzm-20260601T235628Z-3-001.zip -> b-Library_Hzm/Sahabe-Hzm/Hz. Ali.pdf,b-Library_Hzm/Sahabe-Hzm,4.12
The-Messenger-of-God-Muhammad-An-Analysis-of-the-Prophet-s-Life.pdf,PDF,ZIP Arşivi İçinde (b-Library_Hzm-20260601T235628Z-3-001.zip),C:\Users\default.LAPTOP-OBA1HVU9\.antigravity-ide\Books\b-Library_Hzm-20260601T235628Z-3-001.zip -> b-Library_Hzm/PRL-English/The-Messenger-of-God-Muhammad-An-Analysis-of-the-Prophet-s-Life.pdf,b-Library_Hzm/PRL-English,2.19
mustafa-ozturkcu-bediuezzamanin-bilinmeyen-akrabalari-sahdamary.pdf,PDF,ZIP Arşivi İçinde (b-Library_Hzm-20260601T235628Z-3-001.zip),C:\Users\default.LAPTOP-OBA1HVU9\.antigravity-ide\Books\b-Library_Hzm-20260601T235628Z-3-001.zip -> b-Library_Hzm/Üstad BZ Hz-Hzm/mustafa-ozturkcu-bediuezzamanin-bilinmeyen-akrabalari-sahdamary.pdf,b-Library_Hzm/Üstad BZ Hz-Hzm,16.56
Ahmet Ozer - iki Unlu Kul  Abdurrahman ve Abdulmecid Nursi (Ahmet Ozer) (z-lib.org).PDF,PDF,ZIP Arşivi İçinde (b-Library_Hzm-20260601T235628Z-3-001.zip),C:\Users\default.LAPTOP-OBA1HVU9\.antigravity-ide\Books\b-Library_Hzm-20260601T235628Z-3-001.zip -> b-Library_Hzm/Üstad BZ Hz Talebeleri-Hzm/Ahmet Ozer - iki Unlu Kul  Abdurrahman ve Abdulmecid Nursi (Ahmet Ozer) (z-lib.org).PDF,b-Library_Hzm/Üstad BZ Hz Talebeleri-Hzm,2.1
İslam Tarihi_2.pdf,PDF,ZIP Arşivi İçinde (b-Library_Hzm-20260601T235628Z-3-001.zip),C:\Users\default.LAPTOP-OBA1HVU9\.antigravity-ide\Books\b-Library_Hzm-20260601T235628Z-3-001.zip -> b-Library_Hzm/Tarih-Hzm/İslam Tarihi_2.pdf,b-Library_Hzm/Tarih-Hzm,4.56
Peygamberimizin-teblig-metodlari.pdf,PDF,ZIP Arşivi İçinde (b-Library_Hzm-20260601T235628Z-3-001.zip),C:\Users\default.LAPTOP-OBA1HVU9\.antigravity-ide\Books\b-Library_Hzm-20260601T235628Z-3-001.zip -> b-Library_Hzm/irşad-Tebliğ-Hzm/Peygamberimizin-teblig-metodlari.pdf,b-Library_Hzm/irşad-Tebliğ-Hzm,2.28
hac-ve-umre-ilmihali-rehberyayinlari.pdf,PDF,ZIP Arşivi İçinde (b-Library_Hzm-20260601T235628Z-3-001.zip),C:\Users\default.LAPTOP-OBA1HVU9\.antigravity-ide\Books\b-Library_Hzm-20260601T235628Z-3-001.zip -> b-Library_Hzm/ilmihal-Cep-Hzm/hac-ve-umre-ilmihali-rehberyayinlari.pdf,b-Library_Hzm/ilmihal-Cep-Hzm,0.56
pratik-ilmihal-rehberyayinlari.pdf,PDF,ZIP Arşivi İçinde (b-Library_Hzm-20260601T235628Z-3-001.zip),C:\Users\default.LAPTOP-OBA1HVU9\.antigravity-ide\Books\b-Library_Hzm-20260601T235628Z-3-001.zip -> b-Library_Hzm/ilmihal-Cep-Hzm/pratik-ilmihal-rehberyayinlari.pdf,b-Library_Hzm/ilmihal-Cep-Hzm,2.76
Hazreti Ebu Bekir.pdf,PDF,ZIP Arşivi İçinde (b-Library_Hzm-20260601T235628Z-3-001.zip),C:\Users\default.LAPTOP-OBA1HVU9\.antigravity-ide\Books\b-Library_Hzm-20260601T235628Z-3-001.zip -> b-Library_Hzm/Sahabe-Hzm/Hazreti Ebu Bekir.pdf,b-Library_Hzm/Sahabe-Hzm,5.3
Necmettin-Sahiner-Uc-Feyizli-Nur-SahdamarY.pdf,PDF,ZIP Arşivi İçinde (b-Library_Hzm-20260601T235628Z-3-001.zip),C:\Users\default.LAPTOP-OBA1HVU9\.antigravity-ide\Books\b-Library_Hzm-20260601T235628Z-3-001.zip -> b-Library_Hzm/Üstad BZ Hz Talebeleri-Hzm/Necmettin-Sahiner-Uc-Feyizli-Nur-SahdamarY.pdf,b-Library_Hzm/Üstad BZ Hz Talebeleri-Hzm,15.66
oruc-ilmihali-rehberyayinlari.pdf,PDF,ZIP Arşivi İçinde (b-Library_Hzm-20260601T235628Z-3-001.zip),C:\Users\default.LAPTOP-OBA1HVU9\.antigravity-ide\Books\b-Library_Hzm-20260601T235628Z-3-001.zip -> b-Library_Hzm/ilmihal-Cep-Hzm/oruc-ilmihali-rehberyayinlari.pdf,b-Library_Hzm/ilmihal-Cep-Hzm,0.66
zekat-rehberyayinlari.pdf,PDF,ZIP Arşivi İçinde (b-Library_Hzm-20260601T235628Z-3-001.zip),C:\Users\default.LAPTOP-OBA1HVU9\.antigravity-ide\Books\b-Library_Hzm-20260601T235628Z-3-001.zip -> b-Library_Hzm/ilmihal-Cep-Hzm/zekat-rehberyayinlari.pdf,b-Library_Hzm/ilmihal-Cep-Hzm,0.86
namaz-ilmihali-rehberyayinlari.pdf,PDF,ZIP Arşivi İçinde (b-Library_Hzm-20260601T235628Z-3-001.zip),C:\Users\default.LAPTOP-OBA1HVU9\.antigravity-ide\Books\b-Library_Hzm-20260601T235628Z-3-001.zip -> b-Library_Hzm/ilmihal-Cep-Hzm/namaz-ilmihali-rehberyayinlari.pdf,b-Library_Hzm/ilmihal-Cep-Hzm,0.72
Necmettin-Sahiner-Bekir-Berk-sahdamari.pdf,PDF,ZIP Arşivi İçinde (b-Library_Hzm-20260601T235628Z-3-001.zip),C:\Users\default.LAPTOP-OBA1HVU9\.antigravity-ide\Books\b-Library_Hzm-20260601T235628Z-3-001.zip -> b-Library_Hzm/Üstad BZ Hz Talebeleri-Hzm/Necmettin-Sahiner-Bekir-Berk-sahdamari.pdf,b-Library_Hzm/Üstad BZ Hz Talebeleri-Hzm,58.36
Dinimin-Diregi-Namaz-Suleyman-Bosnali.pdf,PDF,ZIP Arşivi İçinde (b-Library_Hzm-20260601T235628Z-3-001.zip),C:\Users\default.LAPTOP-OBA1HVU9\.antigravity-ide\Books\b-Library_Hzm-20260601T235628Z-3-001.zip -> b-Library_Hzm/Namaz/Dinimin-Diregi-Namaz-Suleyman-Bosnali.pdf,b-Library_Hzm/Namaz,30.7
Ezvac-ı Tahirat-gulyurduyayinlari.pdf,PDF,ZIP Arşivi İçinde (b-Library_Hzm-20260601T235628Z-3-001.zip),C:\Users\default.LAPTOP-OBA1HVU9\.antigravity-ide\Books\b-Library_Hzm-20260601T235628Z-3-001.zip -> b-Library_Hzm/Kadın Sahabeler/Ezvac-ı Tahirat-gulyurduyayinlari.pdf,b-Library_Hzm/Kadın Sahabeler,0.93
Rehber Hanimlar-gulyurduyayinlari.pdf,PDF,ZIP Arşivi İçinde (b-Library_Hzm-20260601T235628Z-3-001.zip),C:\Users\default.LAPTOP-OBA1HVU9\.antigravity-ide\Books\b-Library_Hzm-20260601T235628Z-3-001.zip -> b-Library_Hzm/Kadın Sahabeler/Rehber Hanimlar-gulyurduyayinlari.pdf,b-Library_Hzm/Kadın Sahabeler,0.99
OS-Pennsylvania-Surgununde-Bir-Cocuk.pdf,PDF,ZIP Arşivi İçinde (b-Library_Hzm-20260601T235628Z-3-001.zip),C:\Users\default.LAPTOP-OBA1HVU9\.antigravity-ide\Books\b-Library_Hzm-20260601T235628Z-3-001.zip -> b-Library_Hzm/Yazarlar-Hzm/OS-Pennsylvania-Surgununde-Bir-Cocuk.pdf,b-Library_Hzm/Yazarlar-Hzm,0.77
Hanim Sahabiler-gulyurduyayinlari.pdf,PDF,ZIP Arşivi İçinde (b-Library_Hzm-20260601T235628Z-3-001.zip),C:\Users\default.LAPTOP-OBA1HVU9\.antigravity-ide\Books\b-Library_Hzm-20260601T235628Z-3-001.zip -> b-Library_Hzm/Kadın Sahabeler/Hanim Sahabiler-gulyurduyayinlari.pdf,b-Library_Hzm/Kadın Sahabeler,0.99
Ali Unal-The-Quran-with-Annotated-interpretation-.pdf,PDF,ZIP Arşivi İçinde (b-Library_Hzm-20260601T235628Z-3-001.zip),C:\Users\default.LAPTOP-OBA1HVU9\.antigravity-ide\Books\b-Library_Hzm-20260601T235628Z-3-001.zip -> b-Library_Hzm/Kur_an-Meal-Hzm/Ali Unal-The-Quran-with-Annotated-interpretation-.pdf,b-Library_Hzm/Kur_an-Meal-Hzm,6.27
M. Asım Köksal - Peygamberler Tarihi .pdf,PDF,ZIP Arşivi İçinde (b-Library_Hzm-20260601T235628Z-3-001.zip),C:\Users\default.LAPTOP-OBA1HVU9\.antigravity-ide\Books\b-Library_Hzm-20260601T235628Z-3-001.zip -> b-Library_Hzm/Tarih-Hzm/M. Asım Köksal - Peygamberler Tarihi .pdf,b-Library_Hzm/Tarih-Hzm,7.9
Doğuştan Günümüze Büyük İslam Tarihi Cilt 13.pdf,PDF,ZIP Arşivi İçinde (b-Library_Hzm-20260601T235628Z-3-001.zip),C:\Users\default.LAPTOP-OBA1HVU9\.antigravity-ide\Books\b-Library_Hzm-20260601T235628Z-3-001.zip -> b-Library_Hzm/islam Tarihi-ZAMAN/Doğuştan Günümüze Büyük İslam Tarihi Cilt 13.pdf,b-Library_Hzm/islam Tarihi-ZAMAN,19.62
Ibrahim-Canan-Islamda-Zaman Tanzimi.pdf,PDF,ZIP Arşivi İçinde (b-Library_Hzm-20260601T235628Z-3-001.zip),C:\Users\default.LAPTOP-OBA1HVU9\.antigravity-ide\Books\b-Library_Hzm-20260601T235628Z-3-001.zip -> b-Library_Hzm/Yazarlar-Hzm/Ibrahim-Canan-Islamda-Zaman Tanzimi.pdf,b-Library_Hzm/Yazarlar-Hzm,1.65
Zahide-hanimlar-gulyurduyayinlari.pdf,PDF,ZIP Arşivi İçinde (b-Library_Hzm-20260601T235628Z-3-001.zip),C:\Users\default.LAPTOP-OBA1HVU9\.antigravity-ide\Books\b-Library_Hzm-20260601T235628Z-3-001.zip -> b-Library_Hzm/Kadın Sahabeler/Zahide-hanimlar-gulyurduyayinlari.pdf,b-Library_Hzm/Kadın Sahabeler,1.19
Hz Aişe Ra_Reşid Haylamaz.pdf,PDF,ZIP Arşivi İçinde (b-Library_Hzm-20260601T235628Z-3-001.zip),C:\Users\default.LAPTOP-OBA1HVU9\.antigravity-ide\Books\b-Library_Hzm-20260601T235628Z-3-001.zip -> b-Library_Hzm/Kadın Sahabeler/Hz Aişe Ra_Reşid Haylamaz.pdf,b-Library_Hzm/Kadın Sahabeler,1.8
Vehbi Yildiz-İlham-kaynakları.pdf,PDF,ZIP Arşivi İçinde (b-Library_Hzm-20260601T235628Z-3-001.zip),C:\Users\default.LAPTOP-OBA1HVU9\.antigravity-ide\Books\b-Library_Hzm-20260601T235628Z-3-001.zip -> b-Library_Hzm/Yazarlar-Hzm/Vehbi Yildiz-İlham-kaynakları.pdf,b-Library_Hzm/Yazarlar-Hzm,1.08
Doğuştan Günümüze Büyük İslam Tarihi Cilt 11.pdf,PDF,ZIP Arşivi İçinde (b-Library_Hzm-20260601T235628Z-3-001.zip),C:\Users\default.LAPTOP-OBA1HVU9\.antigravity-ide\Books\b-Library_Hzm-20260601T235628Z-3-001.zip -> b-Library_Hzm/islam Tarihi-ZAMAN/Doğuştan Günümüze Büyük İslam Tarihi Cilt 11.pdf,b-Library_Hzm/islam Tarihi-ZAMAN,21.0
Ali Unal-Kuran-i-Kerim-Meal2.pdf,PDF,ZIP Arşivi İçinde (b-Library_Hzm-20260601T235628Z-3-001.zip),C:\Users\default.LAPTOP-OBA1HVU9\.antigravity-ide\Books\b-Library_Hzm-20260601T235628Z-3-001.zip -> b-Library_Hzm/Kur_an-Meal-Hzm/Ali Unal-Kuran-i-Kerim-Meal2.pdf,b-Library_Hzm/Kur_an-Meal-Hzm,19.58
Abdulhakim-Yuce-Gece-ibadeti.pdf,PDF,ZIP Arşivi İçinde (b-Library_Hzm-20260601T235628Z-3-001.zip),C:\Users\default.LAPTOP-OBA1HVU9\.antigravity-ide\Books\b-Library_Hzm-20260601T235628Z-3-001.zip -> b-Library_Hzm/Yazarlar-Hzm/Abdulhakim-Yuce-Gece-ibadeti.pdf,b-Library_Hzm/Yazarlar-Hzm,0.83
Doğuştan Günümüze Büyük İslam Tarihi Cilt 10.pdf,PDF,ZIP Arşivi İçinde (b-Library_Hzm-20260601T235628Z-3-001.zip),C:\Users\default.LAPTOP-OBA1HVU9\.antigravity-ide\Books\b-Library_Hzm-20260601T235628Z-3-001.zip -> b-Library_Hzm/islam Tarihi-ZAMAN/Doğuştan Günümüze Büyük İslam Tarihi Cilt 10.pdf,b-Library_Hzm/islam Tarihi-ZAMAN,21.43
Doğuştan Günümüze Büyük İslam Tarihi Cilt 07.pdf,PDF,ZIP Arşivi İçinde (b-Library_Hzm-20260601T235628Z-3-001.zip),C:\Users\default.LAPTOP-OBA1HVU9\.antigravity-ide\Books\b-Library_Hzm-20260601T235628Z-3-001.zip -> b-Library_Hzm/islam Tarihi-ZAMAN/Doğuştan Günümüze Büyük İslam Tarihi Cilt 07.pdf,b-Library_Hzm/islam Tarihi-ZAMAN,25.1
Doğuştan Günümüze Büyük İslam Tarihi Cilt 14.pdf,PDF,ZIP Arşivi İçinde (b-Library_Hzm-20260601T235628Z-3-001.zip),C:\Users\default.LAPTOP-OBA1HVU9\.antigravity-ide\Books\b-Library_Hzm-20260601T235628Z-3-001.zip -> b-Library_Hzm/islam Tarihi-ZAMAN/Doğuştan Günümüze Büyük İslam Tarihi Cilt 14.pdf,b-Library_Hzm/islam Tarihi-ZAMAN,20.95
OS-Ibretlik-Hatiralar-M-Fethullah-Gulenin-Ruh-Dunyasina-Ayna-OS.pdf,PDF,ZIP Arşivi İçinde (b-Library_Hzm-20260601T235628Z-3-001.zip),C:\Users\default.LAPTOP-OBA1HVU9\.antigravity-ide\Books\b-Library_Hzm-20260601T235628Z-3-001.zip -> b-Library_Hzm/Yazarlar-Hzm/OS-Ibretlik-Hatiralar-M-Fethullah-Gulenin-Ruh-Dunyasina-Ayna-OS.pdf,b-Library_Hzm/Yazarlar-Hzm,1.13
Doğuştan Günümüze Büyük İslam Tarihi Cilt 12.pdf,PDF,ZIP Arşivi İçinde (b-Library_Hzm-20260601T235628Z-3-001.zip),C:\Users\default.LAPTOP-OBA1HVU9\.antigravity-ide\Books\b-Library_Hzm-20260601T235628Z-3-001.zip -> b-Library_Hzm/islam Tarihi-ZAMAN/Doğuştan Günümüze Büyük İslam Tarihi Cilt 12.pdf,b-Library_Hzm/islam Tarihi-ZAMAN,23.36
Ekrem Dumanli-Alimler-Ve-Zalimler-Ekrem-Dumanli.pdf,PDF,ZIP Arşivi İçinde (b-Library_Hzm-20260601T235628Z-3-001.zip),C:\Users\default.LAPTOP-OBA1HVU9\.antigravity-ide\Books\b-Library_Hzm-20260601T235628Z-3-001.zip -> b-Library_Hzm/Yazarlar-Hzm/Ekrem Dumanli-Alimler-Ve-Zalimler-Ekrem-Dumanli.pdf,b-Library_Hzm/Yazarlar-Hzm,0.97
İslamda-Resim-Heykel-Musiki-Ahmet-Yakutcan-Cuma-Omur.pdf,PDF,ZIP Arşivi İçinde (b-Library_Hzm-20260601T235628Z-3-001.zip),C:\Users\default.LAPTOP-OBA1HVU9\.antigravity-ide\Books\b-Library_Hzm-20260601T235628Z-3-001.zip -> b-Library_Hzm/Yazarlar-Hzm/İslamda-Resim-Heykel-Musiki-Ahmet-Yakutcan-Cuma-Omur.pdf,b-Library_Hzm/Yazarlar-Hzm,3.47
Sultan-of-Hearts-Prophet-Muhammad-Haylamaz-Resit.pdf,PDF,ZIP Arşivi İçinde (b-Library_Hzm-20260601T235628Z-3-001.zip),C:\Users\default.LAPTOP-OBA1HVU9\.antigravity-ide\Books\b-Library_Hzm-20260601T235628Z-3-001.zip -> b-Library_Hzm/Sahabe-Hzm/Sultan-of-Hearts-Prophet-Muhammad-Haylamaz-Resit.pdf,b-Library_Hzm/Sahabe-Hzm,57.18
Doğuştan Günümüze Büyük İslam Tarihi Cilt 14 Ek.pdf,PDF,ZIP Arşivi İçinde (b-Library_Hzm-20260601T235628Z-3-001.zip),C:\Users\default.LAPTOP-OBA1HVU9\.antigravity-ide\Books\b-Library_Hzm-20260601T235628Z-3-001.zip -> b-Library_Hzm/islam Tarihi-ZAMAN/Doğuştan Günümüze Büyük İslam Tarihi Cilt 14 Ek.pdf,b-Library_Hzm/islam Tarihi-ZAMAN,19.25
Doğuştan Günümüze Büyük İslam Tarihi Cilt 01.pdf,PDF,ZIP Arşivi İçinde (b-Library_Hzm-20260601T235628Z-3-001.zip),C:\Users\default.LAPTOP-OBA1HVU9\.antigravity-ide\Books\b-Library_Hzm-20260601T235628Z-3-001.zip -> b-Library_Hzm/islam Tarihi-ZAMAN/Doğuştan Günümüze Büyük İslam Tarihi Cilt 01.pdf,b-Library_Hzm/islam Tarihi-ZAMAN,28.7
Davut-Ayduz-5-Vakit-4-Asir-Namazdan-Sonra-Okunan-Ayetlerin-Tefsiri-DefineYayinlari.pdf,PDF,ZIP Arşivi İçinde (b-Library_Hzm-20260601T235628Z-3-001.zip),C:\Users\default.LAPTOP-OBA1HVU9\.antigravity-ide\Books\b-Library_Hzm-20260601T235628Z-3-001.zip -> b-Library_Hzm/Kur_an-Tefsir-Hzm/Davut-Ayduz-5-Vakit-4-Asir-Namazdan-Sonra-Okunan-Ayetlerin-Tefsiri-DefineYayinlari.pdf,b-Library_Hzm/Kur_an-Tefsir-Hzm,1.39
Davut Aydüz-Kısa Surelerin Tefsiri.pdf,PDF,ZIP Arşivi İçinde (b-Library_Hzm-20260601T235628Z-3-001.zip),C:\Users\default.LAPTOP-OBA1HVU9\.antigravity-ide\Books\b-Library_Hzm-20260601T235628Z-3-001.zip -> b-Library_Hzm/Kur_an-Tefsir-Hzm/Davut Aydüz-Kısa Surelerin Tefsiri.pdf,b-Library_Hzm/Kur_an-Tefsir-Hzm,1.49
Doğuştan Günümüze Büyük İslam Tarihi Cilt 05.pdf,PDF,ZIP Arşivi İçinde (b-Library_Hzm-20260601T235628Z-3-001.zip),C:\Users\default.LAPTOP-OBA1HVU9\.antigravity-ide\Books\b-Library_Hzm-20260601T235628Z-3-001.zip -> b-Library_Hzm/islam Tarihi-ZAMAN/Doğuştan Günümüze Büyük İslam Tarihi Cilt 05.pdf,b-Library_Hzm/islam Tarihi-ZAMAN,25.47
Hizmet-Studies-Review.pdf,PDF,ZIP Arşivi İçinde (b-Library_Hzm-20260601T235628Z-3-001.zip),C:\Users\default.LAPTOP-OBA1HVU9\.antigravity-ide\Books\b-Library_Hzm-20260601T235628Z-3-001.zip -> b-Library_Hzm/Hzm-Studies/Hizmet-Studies-Review.pdf,b-Library_Hzm/Hzm-Studies,0.61
Persecution-of-Hizmet-in-Turkey.pdf,PDF,ZIP Arşivi İçinde (b-Library_Hzm-20260601T235628Z-3-001.zip),C:\Users\default.LAPTOP-OBA1HVU9\.antigravity-ide\Books\b-Library_Hzm-20260601T235628Z-3-001.zip -> b-Library_Hzm/Hzm-Studies/Persecution-of-Hizmet-in-Turkey.pdf,b-Library_Hzm/Hzm-Studies,0.89
Sorularla-Acilan-Pencereler-1-MustuY.pdf,PDF,ZIP Arşivi İçinde (b-Library_Hzm-20260601T235628Z-3-001.zip),C:\Users\default.LAPTOP-OBA1HVU9\.antigravity-ide\Books\b-Library_Hzm-20260601T235628Z-3-001.zip -> b-Library_Hzm/Gençler için-Hzm/Sorularla-Acilan-Pencereler-1-MustuY.pdf,b-Library_Hzm/Gençler için-Hzm,0.72
Doğuştan Günümüze Büyük İslam Tarihi Cilt 09.pdf,PDF,ZIP Arşivi İçinde (b-Library_Hzm-20260601T235628Z-3-001.zip),C:\Users\default.LAPTOP-OBA1HVU9\.antigravity-ide\Books\b-Library_Hzm-20260601T235628Z-3-001.zip -> b-Library_Hzm/islam Tarihi-ZAMAN/Doğuştan Günümüze Büyük İslam Tarihi Cilt 09.pdf,b-Library_Hzm/islam Tarihi-ZAMAN,24.99
Nicin-Helak-Oldular-Abdullah-Emin-Cimen-.pdf,PDF,ZIP Arşivi İçinde (b-Library_Hzm-20260601T235628Z-3-001.zip),C:\Users\default.LAPTOP-OBA1HVU9\.antigravity-ide\Books\b-Library_Hzm-20260601T235628Z-3-001.zip -> b-Library_Hzm/Kur_an-Tefsir-Hzm/Nicin-Helak-Oldular-Abdullah-Emin-Cimen-.pdf,b-Library_Hzm/Kur_an-Tefsir-Hzm,7.06
genclere-pirlanta-olculer-2-m-fethullah-gulen-mustuy.pdf,PDF,ZIP Arşivi İçinde (b-Library_Hzm-20260601T235628Z-3-001.zip),C:\Users\default.LAPTOP-OBA1HVU9\.antigravity-ide\Books\b-Library_Hzm-20260601T235628Z-3-001.zip -> b-Library_Hzm/Gençler için-Hzm/genclere-pirlanta-olculer-2-m-fethullah-gulen-mustuy.pdf,b-Library_Hzm/Gençler için-Hzm,0.9
genclere-pirlanta-olculer-1-m-fethullah-gulen-mustuy.pdf,PDF,ZIP Arşivi İçinde (b-Library_Hzm-20260601T235628Z-3-001.zip),C:\Users\default.LAPTOP-OBA1HVU9\.antigravity-ide\Books\b-Library_Hzm-20260601T235628Z-3-001.zip -> b-Library_Hzm/Gençler için-Hzm/genclere-pirlanta-olculer-1-m-fethullah-gulen-mustuy.pdf,b-Library_Hzm/Gençler için-Hzm,6.47
Doğuştan Günümüze Büyük İslam Tarihi Cilt 03.pdf,PDF,ZIP Arşivi İçinde (b-Library_Hzm-20260601T235628Z-3-001.zip),C:\Users\default.LAPTOP-OBA1HVU9\.antigravity-ide\Books\b-Library_Hzm-20260601T235628Z-3-001.zip -> b-Library_Hzm/islam Tarihi-ZAMAN/Doğuştan Günümüze Büyük İslam Tarihi Cilt 03.pdf,b-Library_Hzm/islam Tarihi-ZAMAN,26.66
Ali Unal-Kur-an-i-Kerim-Meal1.pdf,PDF,ZIP Arşivi İçinde (b-Library_Hzm-20260601T235628Z-3-001.zip),C:\Users\default.LAPTOP-OBA1HVU9\.antigravity-ide\Books\b-Library_Hzm-20260601T235628Z-3-001.zip -> b-Library_Hzm/Kur_an-Meal-Hzm/Ali Unal-Kur-an-i-Kerim-Meal1.pdf,b-Library_Hzm/Kur_an-Meal-Hzm,74.48
genclerle-nur-dersleri-2-mustuy.pdf,PDF,ZIP Arşivi İçinde (b-Library_Hzm-20260601T235628Z-3-001.zip),C:\Users\default.LAPTOP-OBA1HVU9\.antigravity-ide\Books\b-Library_Hzm-20260601T235628Z-3-001.zip -> b-Library_Hzm/Gençler için-Hzm/genclerle-nur-dersleri-2-mustuy.pdf,b-Library_Hzm/Gençler için-Hzm,12.79
genclerle-nur-dersleri-1-mustuy.pdf,PDF,ZIP Arşivi İçinde (b-Library_Hzm-20260601T235628Z-3-001.zip),C:\Users\default.LAPTOP-OBA1HVU9\.antigravity-ide\Books\b-Library_Hzm-20260601T235628Z-3-001.zip -> b-Library_Hzm/Gençler için-Hzm/genclerle-nur-dersleri-1-mustuy.pdf,b-Library_Hzm/Gençler için-Hzm,12.92
Doğuştan Günümüze Büyük İslam Tarihi Cilt 04.pdf,PDF,ZIP Arşivi İçinde (b-Library_Hzm-20260601T235628Z-3-001.zip),C:\Users\default.LAPTOP-OBA1HVU9\.antigravity-ide\Books\b-Library_Hzm-20260601T235628Z-3-001.zip -> b-Library_Hzm/islam Tarihi-ZAMAN/Doğuştan Günümüze Büyük İslam Tarihi Cilt 04.pdf,b-Library_Hzm/islam Tarihi-ZAMAN,26.44
Hak Dini Kuran Dili Tefsiri Bütün Ciltler.pdf,PDF,ZIP Arşivi İçinde (b-Library_Hzm-20260601T235628Z-3-001.zip),C:\Users\default.LAPTOP-OBA1HVU9\.antigravity-ide\Books\b-Library_Hzm-20260601T235628Z-3-001.zip -> b-Library_Hzm/Tefsir-Elmalılı Tefsiri-ZAMAN.pdf/Hak Dini Kuran Dili Tefsiri Bütün Ciltler.pdf,b-Library_Hzm/Tefsir-Elmalılı Tefsiri-ZAMAN.pdf,115.03
gencin-yol-rehberi-1-mustuy.pdf,PDF,ZIP Arşivi İçinde (b-Library_Hzm-20260601T235628Z-3-001.zip),C:\Users\default.LAPTOP-OBA1HVU9\.antigravity-ide\Books\b-Library_Hzm-20260601T235628Z-3-001.zip -> b-Library_Hzm/Gençler için-Hzm/gencin-yol-rehberi-1-mustuy.pdf,b-Library_Hzm/Gençler için-Hzm,14.99
SA-2_Bahar Neşidesi.pdf,PDF,ZIP Arşivi İçinde (b-Library_Hzm-20260601T235628Z-3-001.zip),C:\Users\default.LAPTOP-OBA1HVU9\.antigravity-ide\Books\b-Library_Hzm-20260601T235628Z-3-001.zip -> b-Library_Hzm/PRL/SA-2_Bahar Neşidesi.pdf,b-Library_Hzm/PRL,1.19
Hüzmeler ve İktibaslar.pdf,PDF,ZIP Arşivi İçinde (b-Library_Hzm-20260601T235628Z-3-001.zip),C:\Users\default.LAPTOP-OBA1HVU9\.antigravity-ide\Books\b-Library_Hzm-20260601T235628Z-3-001.zip -> b-Library_Hzm/PRL/Hüzmeler ve İktibaslar.pdf,b-Library_Hzm/PRL,0.4
Peaceful-Coexistence-Fethullah-Gulens-s-Initiatives.pdf,PDF,ZIP Arşivi İçinde (b-Library_Hzm-20260601T235628Z-3-001.zip),C:\Users\default.LAPTOP-OBA1HVU9\.antigravity-ide\Books\b-Library_Hzm-20260601T235628Z-3-001.zip -> b-Library_Hzm/Hzm-Studies/Peaceful-Coexistence-Fethullah-Gulens-s-Initiatives.pdf,b-Library_Hzm/Hzm-Studies,4.85
Gaybın Son Habercisi.pdf,PDF,ZIP Arşivi İçinde (b-Library_Hzm-20260601T235628Z-3-001.zip),C:\Users\default.LAPTOP-OBA1HVU9\.antigravity-ide\Books\b-Library_Hzm-20260601T235628Z-3-001.zip -> b-Library_Hzm/PRL/Gaybın Son Habercisi.pdf,b-Library_Hzm/PRL,0.64
Oruç-Gufranla Tüllenen İbadet.pdf,PDF,ZIP Arşivi İçinde (b-Library_Hzm-20260601T235628Z-3-001.zip),C:\Users\default.LAPTOP-OBA1HVU9\.antigravity-ide\Books\b-Library_Hzm-20260601T235628Z-3-001.zip -> b-Library_Hzm/PRL/Oruç-Gufranla Tüllenen İbadet.pdf,b-Library_Hzm/PRL,1.13
KT-18-İmtihanlar Kuşağı.pdf,PDF,ZIP Arşivi İçinde (b-Library_Hzm-20260601T235628Z-3-001.zip),C:\Users\default.LAPTOP-OBA1HVU9\.antigravity-ide\Books\b-Library_Hzm-20260601T235628Z-3-001.zip -> b-Library_Hzm/PRL/KT-18-İmtihanlar Kuşağı.pdf,b-Library_Hzm/PRL,2.84
PEYGAMBERİMİZİN-KURANI-TEFSİRİ-Suat-Yıldırım.pdf,PDF,ZIP Arşivi İçinde (b-Library_Hzm-20260601T235628Z-3-001.zip),C:\Users\default.LAPTOP-OBA1HVU9\.antigravity-ide\Books\b-Library_Hzm-20260601T235628Z-3-001.zip -> b-Library_Hzm/Kur_an-Tefsir-Hzm/PEYGAMBERİMİZİN-KURANI-TEFSİRİ-Suat-Yıldırım.pdf,b-Library_Hzm/Kur_an-Tefsir-Hzm,2.03
KT-17-İstikamet Çizgisi.pdf,PDF,ZIP Arşivi İçinde (b-Library_Hzm-20260601T235628Z-3-001.zip),C:\Users\default.LAPTOP-OBA1HVU9\.antigravity-ide\Books\b-Library_Hzm-20260601T235628Z-3-001.zip -> b-Library_Hzm/PRL/KT-17-İstikamet Çizgisi.pdf,b-Library_Hzm/PRL,2.85
Doğuştan Günümüze Büyük İslam Tarihi Cilt 06.pdf,PDF,ZIP Arşivi İçinde (b-Library_Hzm-20260601T235628Z-3-001.zip),C:\Users\default.LAPTOP-OBA1HVU9\.antigravity-ide\Books\b-Library_Hzm-20260601T235628Z-3-001.zip -> b-Library_Hzm/islam Tarihi-ZAMAN/Doğuştan Günümüze Büyük İslam Tarihi Cilt 06.pdf,b-Library_Hzm/islam Tarihi-ZAMAN,27.32
Doğuştan Günümüze Büyük İslam Tarihi Cilt 08.pdf,PDF,ZIP Arşivi İçinde (b-Library_Hzm-20260601T235628Z-3-001.zip),C:\Users\default.LAPTOP-OBA1HVU9\.antigravity-ide\Books\b-Library_Hzm-20260601T235628Z-3-001.zip -> b-Library_Hzm/islam Tarihi-ZAMAN/Doğuştan Günümüze Büyük İslam Tarihi Cilt 08.pdf,b-Library_Hzm/islam Tarihi-ZAMAN,23.09
Kalbin Solukları.pdf,PDF,ZIP Arşivi İçinde (b-Library_Hzm-20260601T235628Z-3-001.zip),C:\Users\default.LAPTOP-OBA1HVU9\.antigravity-ide\Books\b-Library_Hzm-20260601T235628Z-3-001.zip -> b-Library_Hzm/PRL/Kalbin Solukları.pdf,b-Library_Hzm/PRL,2.18
Doğuştan Günümüze Büyük İslam Tarihi Cilt 02.pdf,PDF,ZIP Arşivi İçinde (b-Library_Hzm-20260601T235628Z-3-001.zip),C:\Users\default.LAPTOP-OBA1HVU9\.antigravity-ide\Books\b-Library_Hzm-20260601T235628Z-3-001.zip -> b-Library_Hzm/islam Tarihi-ZAMAN/Doğuştan Günümüze Büyük İslam Tarihi Cilt 02.pdf,b-Library_Hzm/islam Tarihi-ZAMAN,28.28
CN_1_Cag ve Nesil.pdf,PDF,ZIP Arşivi İçinde (b-Library_Hzm-20260601T235628Z-3-001.zip),C:\Users\default.LAPTOP-OBA1HVU9\.antigravity-ide\Books\b-Library_Hzm-20260601T235628Z-3-001.zip -> b-Library_Hzm/PRL/CN_1_Cag ve Nesil.pdf,b-Library_Hzm/PRL,0.66
Beyan.pdf,PDF,ZIP Arşivi İçinde (b-Library_Hzm-20260601T235628Z-3-001.zip),C:\Users\default.LAPTOP-OBA1HVU9\.antigravity-ide\Books\b-Library_Hzm-20260601T235628Z-3-001.zip -> b-Library_Hzm/PRL/Beyan.pdf,b-Library_Hzm/PRL,0.79
Asrin Getirdigi Tereddutler_1.pdf,PDF,ZIP Arşivi İçinde (b-Library_Hzm-20260601T235628Z-3-001.zip),C:\Users\default.LAPTOP-OBA1HVU9\.antigravity-ide\Books\b-Library_Hzm-20260601T235628Z-3-001.zip -> b-Library_Hzm/PRL/Asrin Getirdigi Tereddutler_1.pdf,b-Library_Hzm/PRL,0.84
Asrin Getirdigi Tereddutler_2.pdf,PDF,ZIP Arşivi İçinde (b-Library_Hzm-20260601T235628Z-3-001.zip),C:\Users\default.LAPTOP-OBA1HVU9\.antigravity-ide\Books\b-Library_Hzm-20260601T235628Z-3-001.zip -> b-Library_Hzm/PRL/Asrin Getirdigi Tereddutler_2.pdf,b-Library_Hzm/PRL,1.01
CN_3_Yitirilmiş Cennete Doğru.pdf,PDF,ZIP Arşivi İçinde (b-Library_Hzm-20260601T235628Z-3-001.zip),C:\Users\default.LAPTOP-OBA1HVU9\.antigravity-ide\Books\b-Library_Hzm-20260601T235628Z-3-001.zip -> b-Library_Hzm/PRL/CN_3_Yitirilmiş Cennete Doğru.pdf,b-Library_Hzm/PRL,0.55
Asrin Getirdigi Tereddutler_4.pdf,PDF,ZIP Arşivi İçinde (b-Library_Hzm-20260601T235628Z-3-001.zip),C:\Users\default.LAPTOP-OBA1HVU9\.antigravity-ide\Books\b-Library_Hzm-20260601T235628Z-3-001.zip -> b-Library_Hzm/PRL/Asrin Getirdigi Tereddutler_4.pdf,b-Library_Hzm/PRL,1.09
Asrin Getirdigi Tereddutler_3.pdf,PDF,ZIP Arşivi İçinde (b-Library_Hzm-20260601T235628Z-3-001.zip),C:\Users\default.LAPTOP-OBA1HVU9\.antigravity-ide\Books\b-Library_Hzm-20260601T235628Z-3-001.zip -> b-Library_Hzm/PRL/Asrin Getirdigi Tereddutler_3.pdf,b-Library_Hzm/PRL,0.98
CN_2_Buhranlar Anaforunda Insan.pdf,PDF,ZIP Arşivi İçinde (b-Library_Hzm-20260601T235628Z-3-001.zip),C:\Users\default.LAPTOP-OBA1HVU9\.antigravity-ide\Books\b-Library_Hzm-20260601T235628Z-3-001.zip -> b-Library_Hzm/PRL/CN_2_Buhranlar Anaforunda Insan.pdf,b-Library_Hzm/PRL,0.57
CN_5_Gunler Bahari Soluklarken.pdf,PDF,ZIP Arşivi İçinde (b-Library_Hzm-20260601T235628Z-3-001.zip),C:\Users\default.LAPTOP-OBA1HVU9\.antigravity-ide\Books\b-Library_Hzm-20260601T235628Z-3-001.zip -> b-Library_Hzm/PRL/CN_5_Gunler Bahari Soluklarken.pdf,b-Library_Hzm/PRL,0.61
Haris-El-Muhasibi-Er-Riaye-1.pdf,PDF,ZIP Arşivi İçinde (b-Library_Hzm-20260601T235628Z-3-001.zip),C:\Users\default.LAPTOP-OBA1HVU9\.antigravity-ide\Books\b-Library_Hzm-20260601T235628Z-3-001.zip -> b-Library_Hzm/Haris-El-Muhasibi-Er-Riaye-1.pdf,b-Library_Hzm,4.66
CN_4_Zamanin Altin Dilimi.pdf,PDF,ZIP Arşivi İçinde (b-Library_Hzm-20260601T235628Z-3-001.zip),C:\Users\default.LAPTOP-OBA1HVU9\.antigravity-ide\Books\b-Library_Hzm-20260601T235628Z-3-001.zip -> b-Library_Hzm/PRL/CN_4_Zamanin Altin Dilimi.pdf,b-Library_Hzm/PRL,0.78
Cekirdekten-Cinara-M.-Fethullah-Gulen.pdf,PDF,ZIP Arşivi İçinde (b-Library_Hzm-20260601T235628Z-3-001.zip),C:\Users\default.LAPTOP-OBA1HVU9\.antigravity-ide\Books\b-Library_Hzm-20260601T235628Z-3-001.zip -> b-Library_Hzm/PRL/Cekirdekten-Cinara-M.-Fethullah-Gulen.pdf,b-Library_Hzm/PRL,0.85
CN_8_Ornekleri Kendinden Bir Hareket.pdf,PDF,ZIP Arşivi İçinde (b-Library_Hzm-20260601T235628Z-3-001.zip),C:\Users\default.LAPTOP-OBA1HVU9\.antigravity-ide\Books\b-Library_Hzm-20260601T235628Z-3-001.zip -> b-Library_Hzm/PRL/CN_8_Ornekleri Kendinden Bir Hareket.pdf,b-Library_Hzm/PRL,0.78
CN_7_Isigin Gorundugu Ufuk.pdf,PDF,ZIP Arşivi İçinde (b-Library_Hzm-20260601T235628Z-3-001.zip),C:\Users\default.LAPTOP-OBA1HVU9\.antigravity-ide\Books\b-Library_Hzm-20260601T235628Z-3-001.zip -> b-Library_Hzm/PRL/CN_7_Isigin Gorundugu Ufuk.pdf,b-Library_Hzm/PRL,1.04
Fasıldan Fasıla-2.pdf,PDF,ZIP Arşivi İçinde (b-Library_Hzm-20260601T235628Z-3-001.zip),C:\Users\default.LAPTOP-OBA1HVU9\.antigravity-ide\Books\b-Library_Hzm-20260601T235628Z-3-001.zip -> b-Library_Hzm/PRL/Fasıldan Fasıla-2.pdf,b-Library_Hzm/PRL,0.72
CN_6_Yeseren Dusunceler.pdf,PDF,ZIP Arşivi İçinde (b-Library_Hzm-20260601T235628Z-3-001.zip),C:\Users\default.LAPTOP-OBA1HVU9\.antigravity-ide\Books\b-Library_Hzm-20260601T235628Z-3-001.zip -> b-Library_Hzm/PRL/CN_6_Yeseren Dusunceler.pdf,b-Library_Hzm/PRL,0.84
Fasıldan Fasıla-1.pdf,PDF,ZIP Arşivi İçinde (b-Library_Hzm-20260601T235628Z-3-001.zip),C:\Users\default.LAPTOP-OBA1HVU9\.antigravity-ide\Books\b-Library_Hzm-20260601T235628Z-3-001.zip -> b-Library_Hzm/PRL/Fasıldan Fasıla-1.pdf,b-Library_Hzm/PRL,0.74
Fasıldan Fasıla-3.pdf,PDF,ZIP Arşivi İçinde (b-Library_Hzm-20260601T235628Z-3-001.zip),C:\Users\default.LAPTOP-OBA1HVU9\.antigravity-ide\Books\b-Library_Hzm-20260601T235628Z-3-001.zip -> b-Library_Hzm/PRL/Fasıldan Fasıla-3.pdf,b-Library_Hzm/PRL,1.02
CN_9_Sükûtun Çığlıkları.pdf,PDF,ZIP Arşivi İçinde (b-Library_Hzm-20260601T235628Z-3-001.zip),C:\Users\default.LAPTOP-OBA1HVU9\.antigravity-ide\Books\b-Library_Hzm-20260601T235628Z-3-001.zip -> b-Library_Hzm/PRL/CN_9_Sükûtun Çığlıkları.pdf,b-Library_Hzm/PRL,0.77
Fasıldan Fasıla-5 - Fikir Atlası.pdf,PDF,ZIP Arşivi İçinde (b-Library_Hzm-20260601T235628Z-3-001.zip),C:\Users\default.LAPTOP-OBA1HVU9\.antigravity-ide\Books\b-Library_Hzm-20260601T235628Z-3-001.zip -> b-Library_Hzm/PRL/Fasıldan Fasıla-5 - Fikir Atlası.pdf,b-Library_Hzm/PRL,0.75
Fasıldan Fasıla-4.pdf,PDF,ZIP Arşivi İçinde (b-Library_Hzm-20260601T235628Z-3-001.zip),C:\Users\default.LAPTOP-OBA1HVU9\.antigravity-ide\Books\b-Library_Hzm-20260601T235628Z-3-001.zip -> b-Library_Hzm/PRL/Fasıldan Fasıla-4.pdf,b-Library_Hzm/PRL,0.88
İla-yı Kelimetullah veya Cihad.pdf,PDF,ZIP Arşivi İçinde (b-Library_Hzm-20260601T235628Z-3-001.zip),C:\Users\default.LAPTOP-OBA1HVU9\.antigravity-ide\Books\b-Library_Hzm-20260601T235628Z-3-001.zip -> b-Library_Hzm/PRL/İla-yı Kelimetullah veya Cihad.pdf,b-Library_Hzm/PRL,2.4
Hitap Çiçekleri.pdf,PDF,ZIP Arşivi İçinde (b-Library_Hzm-20260601T235628Z-3-001.zip),C:\Users\default.LAPTOP-OBA1HVU9\.antigravity-ide\Books\b-Library_Hzm-20260601T235628Z-3-001.zip -> b-Library_Hzm/PRL/Hitap Çiçekleri.pdf,b-Library_Hzm/PRL,0.62
Fatiha Üzerine Mülahazalar.pdf,PDF,ZIP Arşivi İçinde (b-Library_Hzm-20260601T235628Z-3-001.zip),C:\Users\default.LAPTOP-OBA1HVU9\.antigravity-ide\Books\b-Library_Hzm-20260601T235628Z-3-001.zip -> b-Library_Hzm/PRL/Fatiha Üzerine Mülahazalar.pdf,b-Library_Hzm/PRL,1.07
CN-10_Hakka Adanmışlar Yolu.pdf,PDF,ZIP Arşivi İçinde (b-Library_Hzm-20260601T235628Z-3-001.zip),C:\Users\default.LAPTOP-OBA1HVU9\.antigravity-ide\Books\b-Library_Hzm-20260601T235628Z-3-001.zip -> b-Library_Hzm/PRL/CN-10_Hakka Adanmışlar Yolu.pdf,b-Library_Hzm/PRL,8.4
İnancın Gölgesinde-1.pdf,PDF,ZIP Arşivi İçinde (b-Library_Hzm-20260601T235628Z-3-001.zip),C:\Users\default.LAPTOP-OBA1HVU9\.antigravity-ide\Books\b-Library_Hzm-20260601T235628Z-3-001.zip -> b-Library_Hzm/PRL/İnancın Gölgesinde-1.pdf,b-Library_Hzm/PRL,1.07
Enginligiyle-Bizim-Dunyamiz-Iktisadi-Mulahazalar.pdf,PDF,ZIP Arşivi İçinde (b-Library_Hzm-20260601T235628Z-3-001.zip),C:\Users\default.LAPTOP-OBA1HVU9\.antigravity-ide\Books\b-Library_Hzm-20260601T235628Z-3-001.zip -> b-Library_Hzm/PRL/Enginligiyle-Bizim-Dunyamiz-Iktisadi-Mulahazalar.pdf,b-Library_Hzm/PRL,1.82
İnancın Gölgesinde-2.pdf,PDF,ZIP Arşivi İçinde (b-Library_Hzm-20260601T235628Z-3-001.zip),C:\Users\default.LAPTOP-OBA1HVU9\.antigravity-ide\Books\b-Library_Hzm-20260601T235628Z-3-001.zip -> b-Library_Hzm/PRL/İnancın Gölgesinde-2.pdf,b-Library_Hzm/PRL,1.0
Kırık Mızrap.pdf,PDF,ZIP Arşivi İçinde (b-Library_Hzm-20260601T235628Z-3-001.zip),C:\Users\default.LAPTOP-OBA1HVU9\.antigravity-ide\Books\b-Library_Hzm-20260601T235628Z-3-001.zip -> b-Library_Hzm/PRL/Kırık Mızrap.pdf,b-Library_Hzm/PRL,0.72
İrşad Ekseni.pdf,PDF,ZIP Arşivi İçinde (b-Library_Hzm-20260601T235628Z-3-001.zip),C:\Users\default.LAPTOP-OBA1HVU9\.antigravity-ide\Books\b-Library_Hzm-20260601T235628Z-3-001.zip -> b-Library_Hzm/PRL/İrşad Ekseni.pdf,b-Library_Hzm/PRL,0.97
Kalbin Zümrüt Tepeleri - 1.pdf,PDF,ZIP Arşivi İçinde (b-Library_Hzm-20260601T235628Z-3-001.zip),C:\Users\default.LAPTOP-OBA1HVU9\.antigravity-ide\Books\b-Library_Hzm-20260601T235628Z-3-001.zip -> b-Library_Hzm/PRL/Kalbin Zümrüt Tepeleri - 1.pdf,b-Library_Hzm/PRL,1.18
Kalbin Zümrüt Tepeleri - 4.pdf,PDF,ZIP Arşivi İçinde (b-Library_Hzm-20260601T235628Z-3-001.zip),C:\Users\default.LAPTOP-OBA1HVU9\.antigravity-ide\Books\b-Library_Hzm-20260601T235628Z-3-001.zip -> b-Library_Hzm/PRL/Kalbin Zümrüt Tepeleri - 4.pdf,b-Library_Hzm/PRL,0.95
Kalbin Zümrüt Tepeleri - 3.pdf,PDF,ZIP Arşivi İçinde (b-Library_Hzm-20260601T235628Z-3-001.zip),C:\Users\default.LAPTOP-OBA1HVU9\.antigravity-ide\Books\b-Library_Hzm-20260601T235628Z-3-001.zip -> b-Library_Hzm/PRL/Kalbin Zümrüt Tepeleri - 3.pdf,b-Library_Hzm/PRL,1.15
KT-2-Sohbeti Canan.pdf,PDF,ZIP Arşivi İçinde (b-Library_Hzm-20260601T235628Z-3-001.zip),C:\Users\default.LAPTOP-OBA1HVU9\.antigravity-ide\Books\b-Library_Hzm-20260601T235628Z-3-001.zip -> b-Library_Hzm/PRL/KT-2-Sohbeti Canan.pdf,b-Library_Hzm/PRL,0.83
Kalbin Zümrüt Tepeleri - 2.pdf,PDF,ZIP Arşivi İçinde (b-Library_Hzm-20260601T235628Z-3-001.zip),C:\Users\default.LAPTOP-OBA1HVU9\.antigravity-ide\Books\b-Library_Hzm-20260601T235628Z-3-001.zip -> b-Library_Hzm/PRL/Kalbin Zümrüt Tepeleri - 2.pdf,b-Library_Hzm/PRL,1.31
KT-3-Gurbet Ufukları.pdf,PDF,ZIP Arşivi İçinde (b-Library_Hzm-20260601T235628Z-3-001.zip),C:\Users\default.LAPTOP-OBA1HVU9\.antigravity-ide\Books\b-Library_Hzm-20260601T235628Z-3-001.zip -> b-Library_Hzm/PRL/KT-3-Gurbet Ufukları.pdf,b-Library_Hzm/PRL,0.98
KT-1-Kırık Testi.pdf,PDF,ZIP Arşivi İçinde (b-Library_Hzm-20260601T235628Z-3-001.zip),C:\Users\default.LAPTOP-OBA1HVU9\.antigravity-ide\Books\b-Library_Hzm-20260601T235628Z-3-001.zip -> b-Library_Hzm/PRL/KT-1-Kırık Testi.pdf,b-Library_Hzm/PRL,1.06
KT-10-Cemre Beklentisi.pdf,PDF,ZIP Arşivi İçinde (b-Library_Hzm-20260601T235628Z-3-001.zip),C:\Users\default.LAPTOP-OBA1HVU9\.antigravity-ide\Books\b-Library_Hzm-20260601T235628Z-3-001.zip -> b-Library_Hzm/PRL/KT-10-Cemre Beklentisi.pdf,b-Library_Hzm/PRL,1.26
KT-4-Ümit Burcu.pdf,PDF,ZIP Arşivi İçinde (b-Library_Hzm-20260601T235628Z-3-001.zip),C:\Users\default.LAPTOP-OBA1HVU9\.antigravity-ide\Books\b-Library_Hzm-20260601T235628Z-3-001.zip -> b-Library_Hzm/PRL/KT-4-Ümit Burcu.pdf,b-Library_Hzm/PRL,1.45
KT-7-Ölümsüzlük İksiri.pdf,PDF,ZIP Arşivi İçinde (b-Library_Hzm-20260601T235628Z-3-001.zip),C:\Users\default.LAPTOP-OBA1HVU9\.antigravity-ide\Books\b-Library_Hzm-20260601T235628Z-3-001.zip -> b-Library_Hzm/PRL/KT-7-Ölümsüzlük İksiri.pdf,b-Library_Hzm/PRL,1.28
KT-8-Vuslat Muştusu.pdf,PDF,ZIP Arşivi İçinde (b-Library_Hzm-20260601T235628Z-3-001.zip),C:\Users\default.LAPTOP-OBA1HVU9\.antigravity-ide\Books\b-Library_Hzm-20260601T235628Z-3-001.zip -> b-Library_Hzm/PRL/KT-8-Vuslat Muştusu.pdf,b-Library_Hzm/PRL,1.32
KT-6-Diriliş Çağrısı.pdf,PDF,ZIP Arşivi İçinde (b-Library_Hzm-20260601T235628Z-3-001.zip),C:\Users\default.LAPTOP-OBA1HVU9\.antigravity-ide\Books\b-Library_Hzm-20260601T235628Z-3-001.zip -> b-Library_Hzm/PRL/KT-6-Diriliş Çağrısı.pdf,b-Library_Hzm/PRL,1.44
KT-13-Mefkure Yolculuğu.pdf,PDF,ZIP Arşivi İçinde (b-Library_Hzm-20260601T235628Z-3-001.zip),C:\Users\default.LAPTOP-OBA1HVU9\.antigravity-ide\Books\b-Library_Hzm-20260601T235628Z-3-001.zip -> b-Library_Hzm/PRL/KT-13-Mefkure Yolculuğu.pdf,b-Library_Hzm/PRL,1.36
KT-11-Yaşatma İdeali.pdf,PDF,ZIP Arşivi İçinde (b-Library_Hzm-20260601T235628Z-3-001.zip),C:\Users\default.LAPTOP-OBA1HVU9\.antigravity-ide\Books\b-Library_Hzm-20260601T235628Z-3-001.zip -> b-Library_Hzm/PRL/KT-11-Yaşatma İdeali.pdf,b-Library_Hzm/PRL,1.21
Kuran-i_Kerim-OKU.pdf,PDF,ZIP Arşivi İçinde (b-Library_Hzm-20260601T235628Z-3-001.zip),C:\Users\default.LAPTOP-OBA1HVU9\.antigravity-ide\Books\b-Library_Hzm-20260601T235628Z-3-001.zip -> b-Library_Hzm/Kur_an-Meal-Hzm/Kuran-i_Kerim-OKU.pdf,b-Library_Hzm/Kur_an-Meal-Hzm,9.11
Kader-Kitap ve Sünnet Perspektifinde Kader .pdf,PDF,ZIP Arşivi İçinde (b-Library_Hzm-20260601T235628Z-3-001.zip),C:\Users\default.LAPTOP-OBA1HVU9\.antigravity-ide\Books\b-Library_Hzm-20260601T235628Z-3-001.zip -> b-Library_Hzm/PRL/Kader-Kitap ve Sünnet Perspektifinde Kader .pdf,b-Library_Hzm/PRL,0.84
KT-14-Buhranlı Günler ve Ümit Atlası.pdf,PDF,ZIP Arşivi İçinde (b-Library_Hzm-20260601T235628Z-3-001.zip),C:\Users\default.LAPTOP-OBA1HVU9\.antigravity-ide\Books\b-Library_Hzm-20260601T235628Z-3-001.zip -> b-Library_Hzm/PRL/KT-14-Buhranlı Günler ve Ümit Atlası.pdf,b-Library_Hzm/PRL,1.21
Olum-ve-Otesi-Hayat-M.-Fethullah-Gulen.pdf,PDF,ZIP Arşivi İçinde (b-Library_Hzm-20260601T235628Z-3-001.zip),C:\Users\default.LAPTOP-OBA1HVU9\.antigravity-ide\Books\b-Library_Hzm-20260601T235628Z-3-001.zip -> b-Library_Hzm/PRL/Olum-ve-Otesi-Hayat-M.-Fethullah-Gulen.pdf,b-Library_Hzm/PRL,0.54
KT-9-Kalb İbresi.pdf,PDF,ZIP Arşivi İçinde (b-Library_Hzm-20260601T235628Z-3-001.zip),C:\Users\default.LAPTOP-OBA1HVU9\.antigravity-ide\Books\b-Library_Hzm-20260601T235628Z-3-001.zip -> b-Library_Hzm/PRL/KT-9-Kalb İbresi.pdf,b-Library_Hzm/PRL,1.27
gencin-yol-rehberi-2-mustuy.pdf,PDF,ZIP Arşivi İçinde (b-Library_Hzm-20260601T235628Z-3-001.zip),C:\Users\default.LAPTOP-OBA1HVU9\.antigravity-ide\Books\b-Library_Hzm-20260601T235628Z-3-001.zip -> b-Library_Hzm/Gençler için-Hzm/gencin-yol-rehberi-2-mustuy.pdf,b-Library_Hzm/Gençler için-Hzm,133.04
Olcu-veya-Yoldaki-Isiklar-M.-Fethullah-Gulen.pdf,PDF,ZIP Arşivi İçinde (b-Library_Hzm-20260601T235628Z-3-001.zip),C:\Users\default.LAPTOP-OBA1HVU9\.antigravity-ide\Books\b-Library_Hzm-20260601T235628Z-3-001.zip -> b-Library_Hzm/PRL/Olcu-veya-Yoldaki-Isiklar-M.-Fethullah-Gulen.pdf,b-Library_Hzm/PRL,0.7
KT-12-Yenilenme Cehdi.pdf,PDF,ZIP Arşivi İçinde (b-Library_Hzm-20260601T235628Z-3-001.zip),C:\Users\default.LAPTOP-OBA1HVU9\.antigravity-ide\Books\b-Library_Hzm-20260601T235628Z-3-001.zip -> b-Library_Hzm/PRL/KT-12-Yenilenme Cehdi.pdf,b-Library_Hzm/PRL,1.3
KT-5-İkindi Yağmurları.pdf,PDF,ZIP Arşivi İçinde (b-Library_Hzm-20260601T235628Z-3-001.zip),C:\Users\default.LAPTOP-OBA1HVU9\.antigravity-ide\Books\b-Library_Hzm-20260601T235628Z-3-001.zip -> b-Library_Hzm/PRL/KT-5-İkindi Yağmurları.pdf,b-Library_Hzm/PRL,1.66
Hutbeler-Gönül_Nağmeleri-MFG.pdf,PDF,ZIP Arşivi İçinde (b-Library_Hzm-20260601T235628Z-3-001.zip),C:\Users\default.LAPTOP-OBA1HVU9\.antigravity-ide\Books\b-Library_Hzm-20260601T235628Z-3-001.zip -> b-Library_Hzm/PRL/Hutbeler-Gönül_Nağmeleri-MFG.pdf,b-Library_Hzm/PRL,14.4
Prizma-1-M.-Fethullah-Gulen.pdf,PDF,ZIP Arşivi İçinde (b-Library_Hzm-20260601T235628Z-3-001.zip),C:\Users\default.LAPTOP-OBA1HVU9\.antigravity-ide\Books\b-Library_Hzm-20260601T235628Z-3-001.zip -> b-Library_Hzm/PRL/Prizma-1-M.-Fethullah-Gulen.pdf,b-Library_Hzm/PRL,0.96
Prizma-3-M.-Fethullah-Gulen.pdf,PDF,ZIP Arşivi İçinde (b-Library_Hzm-20260601T235628Z-3-001.zip),C:\Users\default.LAPTOP-OBA1HVU9\.antigravity-ide\Books\b-Library_Hzm-20260601T235628Z-3-001.zip -> b-Library_Hzm/PRL/Prizma-3-M.-Fethullah-Gulen.pdf,b-Library_Hzm/PRL,0.88
KT-20-Işık-Karanlık Devr-i Daimi.pdf,PDF,ZIP Arşivi İçinde (b-Library_Hzm-20260601T235628Z-3-001.zip),C:\Users\default.LAPTOP-OBA1HVU9\.antigravity-ide\Books\b-Library_Hzm-20260601T235628Z-3-001.zip -> b-Library_Hzm/PRL/KT-20-Işık-Karanlık Devr-i Daimi.pdf,b-Library_Hzm/PRL,15.78
Prizma-8-Cizgimizi-Hecelerken-M.-Fethullah-Gulen.pdf,PDF,ZIP Arşivi İçinde (b-Library_Hzm-20260601T235628Z-3-001.zip),C:\Users\default.LAPTOP-OBA1HVU9\.antigravity-ide\Books\b-Library_Hzm-20260601T235628Z-3-001.zip -> b-Library_Hzm/PRL/Prizma-8-Cizgimizi-Hecelerken-M.-Fethullah-Gulen.pdf,b-Library_Hzm/PRL,1.11
Prizma-2-M.-Fethullah-Gulen.pdf,PDF,ZIP Arşivi İçinde (b-Library_Hzm-20260601T235628Z-3-001.zip),C:\Users\default.LAPTOP-OBA1HVU9\.antigravity-ide\Books\b-Library_Hzm-20260601T235628Z-3-001.zip -> b-Library_Hzm/PRL/Prizma-2-M.-Fethullah-Gulen.pdf,b-Library_Hzm/PRL,0.83
Prizma-7-Zihin-Harmani-M.-Fethullah-Gulen.pdf,PDF,ZIP Arşivi İçinde (b-Library_Hzm-20260601T235628Z-3-001.zip),C:\Users\default.LAPTOP-OBA1HVU9\.antigravity-ide\Books\b-Library_Hzm-20260601T235628Z-3-001.zip -> b-Library_Hzm/PRL/Prizma-7-Zihin-Harmani-M.-Fethullah-Gulen.pdf,b-Library_Hzm/PRL,0.85
Ruhumuzun-Heykelini-Dikerken-1-M.-Fethullah-Gulen.pdf,PDF,ZIP Arşivi İçinde (b-Library_Hzm-20260601T235628Z-3-001.zip),C:\Users\default.LAPTOP-OBA1HVU9\.antigravity-ide\Books\b-Library_Hzm-20260601T235628Z-3-001.zip -> b-Library_Hzm/PRL/Ruhumuzun-Heykelini-Dikerken-1-M.-Fethullah-Gulen.pdf,b-Library_Hzm/PRL,0.63
Yaratilis-Gercegi-ve-Evrim-M.-Fethullah-Gulen.pdf,PDF,ZIP Arşivi İçinde (b-Library_Hzm-20260601T235628Z-3-001.zip),C:\Users\default.LAPTOP-OBA1HVU9\.antigravity-ide\Books\b-Library_Hzm-20260601T235628Z-3-001.zip -> b-Library_Hzm/PRL/Yaratilis-Gercegi-ve-Evrim-M.-Fethullah-Gulen.pdf,b-Library_Hzm/PRL,0.59
KT-15-Yolun Kaderi.pdf,PDF,ZIP Arşivi İçinde (b-Library_Hzm-20260601T235628Z-3-001.zip),C:\Users\default.LAPTOP-OBA1HVU9\.antigravity-ide\Books\b-Library_Hzm-20260601T235628Z-3-001.zip -> b-Library_Hzm/PRL/KT-15-Yolun Kaderi.pdf,b-Library_Hzm/PRL,1.67
Prizma-5-Kendi-Iklimimiz-M.-Fethullah-Gulen.pdf,PDF,ZIP Arşivi İçinde (b-Library_Hzm-20260601T235628Z-3-001.zip),C:\Users\default.LAPTOP-OBA1HVU9\.antigravity-ide\Books\b-Library_Hzm-20260601T235628Z-3-001.zip -> b-Library_Hzm/PRL/Prizma-5-Kendi-Iklimimiz-M.-Fethullah-Gulen.pdf,b-Library_Hzm/PRL,0.99
KT-16-Dert Musikisi.pdf,PDF,ZIP Arşivi İçinde (b-Library_Hzm-20260601T235628Z-3-001.zip),C:\Users\default.LAPTOP-OBA1HVU9\.antigravity-ide\Books\b-Library_Hzm-20260601T235628Z-3-001.zip -> b-Library_Hzm/PRL/KT-16-Dert Musikisi.pdf,b-Library_Hzm/PRL,1.21
Prizma-6-Yol-Mulahazalari-M.-Fethullah-Gulen.pdf,PDF,ZIP Arşivi İçinde (b-Library_Hzm-20260601T235628Z-3-001.zip),C:\Users\default.LAPTOP-OBA1HVU9\.antigravity-ide\Books\b-Library_Hzm-20260601T235628Z-3-001.zip -> b-Library_Hzm/PRL/Prizma-6-Yol-Mulahazalari-M.-Fethullah-Gulen.pdf,b-Library_Hzm/PRL,0.88
Prizma-9-Kendi-Ruhumuzu-Ararken-M.-Fethullah-Gulen.pdf,PDF,ZIP Arşivi İçinde (b-Library_Hzm-20260601T235628Z-3-001.zip),C:\Users\default.LAPTOP-OBA1HVU9\.antigravity-ide\Books\b-Library_Hzm-20260601T235628Z-3-001.zip -> b-Library_Hzm/PRL/Prizma-9-Kendi-Ruhumuzu-Ararken-M.-Fethullah-Gulen.pdf,b-Library_Hzm/PRL,1.36
Ruhumuzun-Heykelini-Dikerken-2-Kendi-Dunyamiza-Dogru-M.-Fethullah-Gulen.pdf,PDF,ZIP Arşivi İçinde (b-Library_Hzm-20260601T235628Z-3-001.zip),C:\Users\default.LAPTOP-OBA1HVU9\.antigravity-ide\Books\b-Library_Hzm-20260601T235628Z-3-001.zip -> b-Library_Hzm/PRL/Ruhumuzun-Heykelini-Dikerken-2-Kendi-Dunyamiza-Dogru-M.-Fethullah-Gulen.pdf,b-Library_Hzm/PRL,1.05
Prizma-4-M.-Fethullah-Gulen.pdf,PDF,ZIP Arşivi İçinde (b-Library_Hzm-20260601T235628Z-3-001.zip),C:\Users\default.LAPTOP-OBA1HVU9\.antigravity-ide\Books\b-Library_Hzm-20260601T235628Z-3-001.zip -> b-Library_Hzm/PRL/Prizma-4-M.-Fethullah-Gulen.pdf,b-Library_Hzm/PRL,1.2
Yusuf_Suresi-MFG.pdf,PDF,ZIP Arşivi İçinde (b-Library_Hzm-20260601T235628Z-3-001.zip),C:\Users\default.LAPTOP-OBA1HVU9\.antigravity-ide\Books\b-Library_Hzm-20260601T235628Z-3-001.zip -> b-Library_Hzm/PRL/Yusuf_Suresi-MFG.pdf,b-Library_Hzm/PRL,22.91
A.Aymaz-Citlembik-6-Anadolunun-en-Buyuk-Sadakasi-IsikYayinlari.pdf,PDF,ZIP Arşivi İçinde (b-Library_Hzm-20260601T235628Z-3-001.zip),C:\Users\default.LAPTOP-OBA1HVU9\.antigravity-ide\Books\b-Library_Hzm-20260601T235628Z-3-001.zip -> b-Library_Hzm/A.Aymaz/A.Aymaz-Citlembik-6-Anadolunun-en-Buyuk-Sadakasi-IsikYayinlari.pdf,b-Library_Hzm/A.Aymaz,0.69
Namaz-Miraç Enginlikli İbadet.pdf,PDF,ZIP Arşivi İçinde (b-Library_Hzm-20260601T235628Z-3-001.zip),C:\Users\default.LAPTOP-OBA1HVU9\.antigravity-ide\Books\b-Library_Hzm-20260601T235628Z-3-001.zip -> b-Library_Hzm/PRL/Namaz-Miraç Enginlikli İbadet.pdf,b-Library_Hzm/PRL,2.18
A.Aymaz-Soz-Saati-IsikYayinlari.pdf,PDF,ZIP Arşivi İçinde (b-Library_Hzm-20260601T235628Z-3-001.zip),C:\Users\default.LAPTOP-OBA1HVU9\.antigravity-ide\Books\b-Library_Hzm-20260601T235628Z-3-001.zip -> b-Library_Hzm/A.Aymaz/A.Aymaz-Soz-Saati-IsikYayinlari.pdf,b-Library_Hzm/A.Aymaz,0.66
Sonsuz-Nur-2-M.-Fethullah-Gulen.pdf,PDF,ZIP Arşivi İçinde (b-Library_Hzm-20260601T235628Z-3-001.zip),C:\Users\default.LAPTOP-OBA1HVU9\.antigravity-ide\Books\b-Library_Hzm-20260601T235628Z-3-001.zip -> b-Library_Hzm/PRL/Sonsuz-Nur-2-M.-Fethullah-Gulen.pdf,b-Library_Hzm/PRL,2.24
Kur_an_dan İdrake Yansıyanlar.pdf,PDF,ZIP Arşivi İçinde (b-Library_Hzm-20260601T235628Z-3-001.zip),C:\Users\default.LAPTOP-OBA1HVU9\.antigravity-ide\Books\b-Library_Hzm-20260601T235628Z-3-001.zip -> b-Library_Hzm/PRL/Kur_an_dan İdrake Yansıyanlar.pdf,b-Library_Hzm/PRL,1.49
Efendimiz Sav-2-resit-haylamaz.pdf,PDF,ZIP Arşivi İçinde (b-Library_Hzm-20260601T235628Z-3-001.zip),C:\Users\default.LAPTOP-OBA1HVU9\.antigravity-ide\Books\b-Library_Hzm-20260601T235628Z-3-001.zip -> b-Library_Hzm/Efendimiz_in Sav Hayatı-Hzm/Efendimiz Sav-2-resit-haylamaz.pdf,b-Library_Hzm/Efendimiz_in Sav Hayatı-Hzm,2.56
A.Aymaz-Gunumuz-Yusuflarina-IsikYayinlari.pdf,PDF,ZIP Arşivi İçinde (b-Library_Hzm-20260601T235628Z-3-001.zip),C:\Users\default.LAPTOP-OBA1HVU9\.antigravity-ide\Books\b-Library_Hzm-20260601T235628Z-3-001.zip -> b-Library_Hzm/A.Aymaz/A.Aymaz-Gunumuz-Yusuflarina-IsikYayinlari.pdf,b-Library_Hzm/A.Aymaz,0.24
Varligin-Metafizik-Boyutu-M.-Fethullah-Gulen.pdf,PDF,ZIP Arşivi İçinde (b-Library_Hzm-20260601T235628Z-3-001.zip),C:\Users\default.LAPTOP-OBA1HVU9\.antigravity-ide\Books\b-Library_Hzm-20260601T235628Z-3-001.zip -> b-Library_Hzm/PRL/Varligin-Metafizik-Boyutu-M.-Fethullah-Gulen.pdf,b-Library_Hzm/PRL,1.5
Efendimiz Sav-muhtasar-resit-haylamaz-mustuy.pdf,PDF,ZIP Arşivi İçinde (b-Library_Hzm-20260601T235628Z-3-001.zip),C:\Users\default.LAPTOP-OBA1HVU9\.antigravity-ide\Books\b-Library_Hzm-20260601T235628Z-3-001.zip -> b-Library_Hzm/Efendimiz_in Sav Hayatı-Hzm/Efendimiz Sav-muhtasar-resit-haylamaz-mustuy.pdf,b-Library_Hzm/Efendimiz_in Sav Hayatı-Hzm,1.96
Elmalili - Hak Dini Kuran Dili-10.pdf,PDF,ZIP Arşivi İçinde (b-Library_Hzm-20260601T235628Z-3-001.zip),C:\Users\default.LAPTOP-OBA1HVU9\.antigravity-ide\Books\b-Library_Hzm-20260601T235628Z-3-001.zip -> b-Library_Hzm/Tefsir-Elmalılı Tefsiri-ZAMAN.pdf/Elmalili - Hak Dini Kuran Dili-10.pdf,b-Library_Hzm/Tefsir-Elmalılı Tefsiri-ZAMAN.pdf,20.93
SA-1_Sohbet-Atmosferi-M.-Fethullah-Gulen.pdf,PDF,ZIP Arşivi İçinde (b-Library_Hzm-20260601T235628Z-3-001.zip),C:\Users\default.LAPTOP-OBA1HVU9\.antigravity-ide\Books\b-Library_Hzm-20260601T235628Z-3-001.zip -> b-Library_Hzm/PRL/SA-1_Sohbet-Atmosferi-M.-Fethullah-Gulen.pdf,b-Library_Hzm/PRL,1.15
Saffet-Senih-Ibadetin-Getirdikleri-IsikYayinlari-pdf.pdf,PDF,ZIP Arşivi İçinde (b-Library_Hzm-20260601T235628Z-3-001.zip),C:\Users\default.LAPTOP-OBA1HVU9\.antigravity-ide\Books\b-Library_Hzm-20260601T235628Z-3-001.zip -> b-Library_Hzm/A.Aymaz/Saffet-Senih-Ibadetin-Getirdikleri-IsikYayinlari-pdf.pdf,b-Library_Hzm/A.Aymaz,0.47
Diyalogun-Dini-Ve-Tarihi-Temelleri-Yeni-Umit.pdf,PDF,ZIP Arşivi İçinde (b-Library_Hzm-20260601T235628Z-3-001.zip),C:\Users\default.LAPTOP-OBA1HVU9\.antigravity-ide\Books\b-Library_Hzm-20260601T235628Z-3-001.zip -> b-Library_Hzm/Diyalog/Diyalogun-Dini-Ve-Tarihi-Temelleri-Yeni-Umit.pdf,b-Library_Hzm/Diyalog,0.9
Efendimiz Sav-1-resit-haylamaz.pdf,PDF,ZIP Arşivi İçinde (b-Library_Hzm-20260601T235628Z-3-001.zip),C:\Users\default.LAPTOP-OBA1HVU9\.antigravity-ide\Books\b-Library_Hzm-20260601T235628Z-3-001.zip -> b-Library_Hzm/Efendimiz_in Sav Hayatı-Hzm/Efendimiz Sav-1-resit-haylamaz.pdf,b-Library_Hzm/Efendimiz_in Sav Hayatı-Hzm,2.08
Kur_an_ın_Sihirli_Ufku_Yusuf_Suresi-MFG.pdf,PDF,ZIP Arşivi İçinde (b-Library_Hzm-20260601T235628Z-3-001.zip),C:\Users\default.LAPTOP-OBA1HVU9\.antigravity-ide\Books\b-Library_Hzm-20260601T235628Z-3-001.zip -> b-Library_Hzm/PRL/Kur_an_ın_Sihirli_Ufku_Yusuf_Suresi-MFG.pdf,b-Library_Hzm/PRL,22.91
Sonsuz-Nur-1-M.-Fethullah-Gulen.pdf,PDF,ZIP Arşivi İçinde (b-Library_Hzm-20260601T235628Z-3-001.zip),C:\Users\default.LAPTOP-OBA1HVU9\.antigravity-ide\Books\b-Library_Hzm-20260601T235628Z-3-001.zip -> b-Library_Hzm/PRL/Sonsuz-Nur-1-M.-Fethullah-Gulen.pdf,b-Library_Hzm/PRL,2.89
Kur_an Harflerinin-mahrec-cekimi.pdf,PDF,ZIP Arşivi İçinde (b-Library_Hzm-20260601T235628Z-3-001.zip),C:\Users\default.LAPTOP-OBA1HVU9\.antigravity-ide\Books\b-Library_Hzm-20260601T235628Z-3-001.zip -> b-Library_Hzm/ElifBa-Tecvid-Hzm/Kur_an Harflerinin-mahrec-cekimi.pdf,b-Library_Hzm/ElifBa-Tecvid-Hzm,0.43
KURAN-OKUMA-SANATI.pdf,PDF,ZIP Arşivi İçinde (b-Library_Hzm-20260601T235628Z-3-001.zip),C:\Users\default.LAPTOP-OBA1HVU9\.antigravity-ide\Books\b-Library_Hzm-20260601T235628Z-3-001.zip -> b-Library_Hzm/ElifBa-Tecvid-Hzm/KURAN-OKUMA-SANATI.pdf,b-Library_Hzm/ElifBa-Tecvid-Hzm,0.96
Kuranin-Altin-Ikliminde-M.-Fethullah-Gulen.pdf,PDF,ZIP Arşivi İçinde (b-Library_Hzm-20260601T235628Z-3-001.zip),C:\Users\default.LAPTOP-OBA1HVU9\.antigravity-ide\Books\b-Library_Hzm-20260601T235628Z-3-001.zip -> b-Library_Hzm/PRL/Kuranin-Altin-Ikliminde-M.-Fethullah-Gulen.pdf,b-Library_Hzm/PRL,2.13
tecvid-kitabi.pdf,PDF,ZIP Arşivi İçinde (b-Library_Hzm-20260601T235628Z-3-001.zip),C:\Users\default.LAPTOP-OBA1HVU9\.antigravity-ide\Books\b-Library_Hzm-20260601T235628Z-3-001.zip -> b-Library_Hzm/ElifBa-Tecvid-Hzm/tecvid-kitabi.pdf,b-Library_Hzm/ElifBa-Tecvid-Hzm,1.77
kur-an-elifbasi-ilmihalli-mustuy.pdf,PDF,ZIP Arşivi İçinde (b-Library_Hzm-20260601T235628Z-3-001.zip),C:\Users\default.LAPTOP-OBA1HVU9\.antigravity-ide\Books\b-Library_Hzm-20260601T235628Z-3-001.zip -> b-Library_Hzm/ElifBa-Tecvid-Hzm/kur-an-elifbasi-ilmihalli-mustuy.pdf,b-Library_Hzm/ElifBa-Tecvid-Hzm,42.66
Efendiler-Efendisine-salat-ve-selam-mehmet-y-seker-isikyayinlari.pdf,PDF,ZIP Arşivi İçinde (b-Library_Hzm-20260601T235628Z-3-001.zip),C:\Users\default.LAPTOP-OBA1HVU9\.antigravity-ide\Books\b-Library_Hzm-20260601T235628Z-3-001.zip -> b-Library_Hzm/Dua-Hzm/Efendiler-Efendisine-salat-ve-selam-mehmet-y-seker-isikyayinlari.pdf,b-Library_Hzm/Dua-Hzm,0.72
dua-ufku-m-f-gulen.pdf,PDF,ZIP Arşivi İçinde (b-Library_Hzm-20260601T235628Z-3-001.zip),C:\Users\default.LAPTOP-OBA1HVU9\.antigravity-ide\Books\b-Library_Hzm-20260601T235628Z-3-001.zip -> b-Library_Hzm/Dua-Hzm/dua-ufku-m-f-gulen.pdf,b-Library_Hzm/Dua-Hzm,0.73
kuranda-dua-iklimi.pdf,PDF,ZIP Arşivi İçinde (b-Library_Hzm-20260601T235628Z-3-001.zip),C:\Users\default.LAPTOP-OBA1HVU9\.antigravity-ide\Books\b-Library_Hzm-20260601T235628Z-3-001.zip -> b-Library_Hzm/Dua-Hzm/kuranda-dua-iklimi.pdf,b-Library_Hzm/Dua-Hzm,0.91
bir-kutsi-dilekce-dua-selman-unlu-rehberyayinlari.pdf,PDF,ZIP Arşivi İçinde (b-Library_Hzm-20260601T235628Z-3-001.zip),C:\Users\default.LAPTOP-OBA1HVU9\.antigravity-ide\Books\b-Library_Hzm-20260601T235628Z-3-001.zip -> b-Library_Hzm/Dua-Hzm/bir-kutsi-dilekce-dua-selman-unlu-rehberyayinlari.pdf,b-Library_Hzm/Dua-Hzm,0.82
Hz Muhammed-Sav-ve-İslamiyet-Asım Köksal-.pdf,PDF,ZIP Arşivi İçinde (b-Library_Hzm-20260601T235628Z-3-001.zip),C:\Users\default.LAPTOP-OBA1HVU9\.antigravity-ide\Books\b-Library_Hzm-20260601T235628Z-3-001.zip -> b-Library_Hzm/Efendimiz_in Sav Hayatı-Hzm/Hz Muhammed-Sav-ve-İslamiyet-Asım Köksal-.pdf,b-Library_Hzm/Efendimiz_in Sav Hayatı-Hzm,3.25
hadislerde_dua.pdf,PDF,ZIP Arşivi İçinde (b-Library_Hzm-20260601T235628Z-3-001.zip),C:\Users\default.LAPTOP-OBA1HVU9\.antigravity-ide\Books\b-Library_Hzm-20260601T235628Z-3-001.zip -> b-Library_Hzm/Dua-Hzm/hadislerde_dua.pdf,b-Library_Hzm/Dua-Hzm,0.24
ayetlerde_dua.pdf,PDF,ZIP Arşivi İçinde (b-Library_Hzm-20260601T235628Z-3-001.zip),C:\Users\default.LAPTOP-OBA1HVU9\.antigravity-ide\Books\b-Library_Hzm-20260601T235628Z-3-001.zip -> b-Library_Hzm/Dua-Hzm/ayetlerde_dua.pdf,b-Library_Hzm/Dua-Hzm,0.16
Tevhidname-Eninül Kalb.pdf,PDF,ZIP Arşivi İçinde (b-Library_Hzm-20260601T235628Z-3-001.zip),C:\Users\default.LAPTOP-OBA1HVU9\.antigravity-ide\Books\b-Library_Hzm-20260601T235628Z-3-001.zip -> b-Library_Hzm/Dua-Hzm/Tevhidname-Eninül Kalb.pdf,b-Library_Hzm/Dua-Hzm,2.93
Bir İ_caz Hecelemesi.pdf,PDF,ZIP Arşivi İçinde (b-Library_Hzm-20260601T235628Z-3-001.zip),C:\Users\default.LAPTOP-OBA1HVU9\.antigravity-ide\Books\b-Library_Hzm-20260601T235628Z-3-001.zip -> b-Library_Hzm/PRL/Bir İ_caz Hecelemesi.pdf,b-Library_Hzm/PRL,24.6
yanik-sinelerden-dualar-mustafa-yilmaz-defineyayinlari.pdf,PDF,ZIP Arşivi İçinde (b-Library_Hzm-20260601T235628Z-3-001.zip),C:\Users\default.LAPTOP-OBA1HVU9\.antigravity-ide\Books\b-Library_Hzm-20260601T235628Z-3-001.zip -> b-Library_Hzm/Dua-Hzm/yanik-sinelerden-dualar-mustafa-yilmaz-defineyayinlari.pdf,b-Library_Hzm/Dua-Hzm,1.06
Eninu_l Kalb.pdf,PDF,ZIP Arşivi İçinde (b-Library_Hzm-20260601T235628Z-3-001.zip),C:\Users\default.LAPTOP-OBA1HVU9\.antigravity-ide\Books\b-Library_Hzm-20260601T235628Z-3-001.zip -> b-Library_Hzm/Dua-Hzm/Eninu_l Kalb.pdf,b-Library_Hzm/Dua-Hzm,0.95
Tecvid-uygulamali-kurani-kerim-elifbasi-defineyayinlari.pdf,PDF,ZIP Arşivi İçinde (b-Library_Hzm-20260601T235628Z-3-001.zip),C:\Users\default.LAPTOP-OBA1HVU9\.antigravity-ide\Books\b-Library_Hzm-20260601T235628Z-3-001.zip -> b-Library_Hzm/ElifBa-Tecvid-Hzm/Tecvid-uygulamali-kurani-kerim-elifbasi-defineyayinlari.pdf,b-Library_Hzm/ElifBa-Tecvid-Hzm,29.04
M-Asım-Koksal-Hazreti-Muhammed-S-A-V-ve-İslamiyet-İslam-Tarihi-1-2-.pdf,PDF,ZIP Arşivi İçinde (b-Library_Hzm-20260601T235628Z-3-001.zip),C:\Users\default.LAPTOP-OBA1HVU9\.antigravity-ide\Books\b-Library_Hzm-20260601T235628Z-3-001.zip -> b-Library_Hzm/Efendimiz_in Sav Hayatı-Hzm/M-Asım-Koksal-Hazreti-Muhammed-S-A-V-ve-İslamiyet-İslam-Tarihi-1-2-.pdf,b-Library_Hzm/Efendimiz_in Sav Hayatı-Hzm,3.73
Elmalili - Hak Dini Kuran Dili-06.pdf,PDF,ZIP Arşivi İçinde (b-Library_Hzm-20260601T235628Z-3-001.zip),C:\Users\default.LAPTOP-OBA1HVU9\.antigravity-ide\Books\b-Library_Hzm-20260601T235628Z-3-001.zip -> b-Library_Hzm/Tefsir-Elmalılı Tefsiri-ZAMAN.pdf/Elmalili - Hak Dini Kuran Dili-06.pdf,b-Library_Hzm/Tefsir-Elmalılı Tefsiri-ZAMAN.pdf,32.11
Elmalili - Hak Dini Kuran Dili-01.pdf,PDF,ZIP Arşivi İçinde (b-Library_Hzm-20260601T235628Z-3-001.zip),C:\Users\default.LAPTOP-OBA1HVU9\.antigravity-ide\Books\b-Library_Hzm-20260601T235628Z-3-001.zip -> b-Library_Hzm/Tefsir-Elmalılı Tefsiri-ZAMAN.pdf/Elmalili - Hak Dini Kuran Dili-01.pdf,b-Library_Hzm/Tefsir-Elmalılı Tefsiri-ZAMAN.pdf,36.04
Elmalili - Hak Dini Kuran Dili-05.pdf,PDF,ZIP Arşivi İçinde (b-Library_Hzm-20260601T235628Z-3-001.zip),C:\Users\default.LAPTOP-OBA1HVU9\.antigravity-ide\Books\b-Library_Hzm-20260601T235628Z-3-001.zip -> b-Library_Hzm/Tefsir-Elmalılı Tefsiri-ZAMAN.pdf/Elmalili - Hak Dini Kuran Dili-05.pdf,b-Library_Hzm/Tefsir-Elmalılı Tefsiri-ZAMAN.pdf,30.95
Nurlardan-secmeler-6-Mektubat_tan.pdf,PDF,ZIP Arşivi İçinde (b-Library_Hzm-20260601T235628Z-3-001.zip),C:\Users\default.LAPTOP-OBA1HVU9\.antigravity-ide\Books\b-Library_Hzm-20260601T235628Z-3-001.zip -> b-Library_Hzm/RN-Külliyat-Hzm/RN-Seçmeler/Nurlardan-secmeler-6-Mektubat_tan.pdf,b-Library_Hzm/RN-Külliyat-Hzm/RN-Seçmeler,1.68
Nurlardan-secmeler-5-Mektubat_tan.pdf,PDF,ZIP Arşivi İçinde (b-Library_Hzm-20260601T235628Z-3-001.zip),C:\Users\default.LAPTOP-OBA1HVU9\.antigravity-ide\Books\b-Library_Hzm-20260601T235628Z-3-001.zip -> b-Library_Hzm/RN-Külliyat-Hzm/RN-Seçmeler/Nurlardan-secmeler-5-Mektubat_tan.pdf,b-Library_Hzm/RN-Külliyat-Hzm/RN-Seçmeler,1.13
Nurlardan-secmeler-4-Lemalar_dan.pdf,PDF,ZIP Arşivi İçinde (b-Library_Hzm-20260601T235628Z-3-001.zip),C:\Users\default.LAPTOP-OBA1HVU9\.antigravity-ide\Books\b-Library_Hzm-20260601T235628Z-3-001.zip -> b-Library_Hzm/RN-Külliyat-Hzm/RN-Seçmeler/Nurlardan-secmeler-4-Lemalar_dan.pdf,b-Library_Hzm/RN-Külliyat-Hzm/RN-Seçmeler,0.93
Nurlardan-secmeler-3-Lemalar_dan.pdf,PDF,ZIP Arşivi İçinde (b-Library_Hzm-20260601T235628Z-3-001.zip),C:\Users\default.LAPTOP-OBA1HVU9\.antigravity-ide\Books\b-Library_Hzm-20260601T235628Z-3-001.zip -> b-Library_Hzm/RN-Külliyat-Hzm/RN-Seçmeler/Nurlardan-secmeler-3-Lemalar_dan.pdf,b-Library_Hzm/RN-Külliyat-Hzm/RN-Seçmeler,1.11
Nurlardan-secmeler-2-Sözler_den.pdf,PDF,ZIP Arşivi İçinde (b-Library_Hzm-20260601T235628Z-3-001.zip),C:\Users\default.LAPTOP-OBA1HVU9\.antigravity-ide\Books\b-Library_Hzm-20260601T235628Z-3-001.zip -> b-Library_Hzm/RN-Külliyat-Hzm/RN-Seçmeler/Nurlardan-secmeler-2-Sözler_den.pdf,b-Library_Hzm/RN-Külliyat-Hzm/RN-Seçmeler,1.05
HE_Evradı_Son_Hali 1.pdf,PDF,ZIP Arşivi İçinde (b-Library_Hzm-20260601T235628Z-3-001.zip),C:\Users\default.LAPTOP-OBA1HVU9\.antigravity-ide\Books\b-Library_Hzm-20260601T235628Z-3-001.zip -> b-Library_Hzm/Dua-Hzm/HE_Evradı_Son_Hali 1.pdf,b-Library_Hzm/Dua-Hzm,17.07
A.Aymaz-Zor-Zamanlar.pdf,PDF,ZIP Arşivi İçinde (b-Library_Hzm-20260601T235628Z-3-001.zip),C:\Users\default.LAPTOP-OBA1HVU9\.antigravity-ide\Books\b-Library_Hzm-20260601T235628Z-3-001.zip -> b-Library_Hzm/A.Aymaz/A.Aymaz-Zor-Zamanlar.pdf,b-Library_Hzm/A.Aymaz,1.9
Elmalili - Hak Dini Kuran Dili-04.pdf,PDF,ZIP Arşivi İçinde (b-Library_Hzm-20260601T235628Z-3-001.zip),C:\Users\default.LAPTOP-OBA1HVU9\.antigravity-ide\Books\b-Library_Hzm-20260601T235628Z-3-001.zip -> b-Library_Hzm/Tefsir-Elmalılı Tefsiri-ZAMAN.pdf/Elmalili - Hak Dini Kuran Dili-04.pdf,b-Library_Hzm/Tefsir-Elmalılı Tefsiri-ZAMAN.pdf,34.26
Elmalili - Hak Dini Kuran Dili-08.pdf,PDF,ZIP Arşivi İçinde (b-Library_Hzm-20260601T235628Z-3-001.zip),C:\Users\default.LAPTOP-OBA1HVU9\.antigravity-ide\Books\b-Library_Hzm-20260601T235628Z-3-001.zip -> b-Library_Hzm/Tefsir-Elmalılı Tefsiri-ZAMAN.pdf/Elmalili - Hak Dini Kuran Dili-08.pdf,b-Library_Hzm/Tefsir-Elmalılı Tefsiri-ZAMAN.pdf,33.45
Nurlardan-secmeler-1-Sözler_den.pdf,PDF,ZIP Arşivi İçinde (b-Library_Hzm-20260601T235628Z-3-001.zip),C:\Users\default.LAPTOP-OBA1HVU9\.antigravity-ide\Books\b-Library_Hzm-20260601T235628Z-3-001.zip -> b-Library_Hzm/RN-Külliyat-Hzm/RN-Seçmeler/Nurlardan-secmeler-1-Sözler_den.pdf,b-Library_Hzm/RN-Külliyat-Hzm/RN-Seçmeler,0.88
Vazifelendirmede-Peygamber-Metodu-isikyayinlari.pdf,PDF,ZIP Arşivi İçinde (b-Library_Hzm-20260601T235628Z-3-001.zip),C:\Users\default.LAPTOP-OBA1HVU9\.antigravity-ide\Books\b-Library_Hzm-20260601T235628Z-3-001.zip -> b-Library_Hzm/Hizmet İnsanı/Vazifelendirmede-Peygamber-Metodu-isikyayinlari.pdf,b-Library_Hzm/Hizmet İnsanı,0.87
Adanmışların-Vasıfları-pdf.pdf,PDF,ZIP Arşivi İçinde (b-Library_Hzm-20260601T235628Z-3-001.zip),C:\Users\default.LAPTOP-OBA1HVU9\.antigravity-ide\Books\b-Library_Hzm-20260601T235628Z-3-001.zip -> b-Library_Hzm/Hizmet İnsanı/Adanmışların-Vasıfları-pdf.pdf,b-Library_Hzm/Hizmet İnsanı,0.92
İc-Derinlikleriyle-Hizmet-İnsanı-pdf.pdf,PDF,ZIP Arşivi İçinde (b-Library_Hzm-20260601T235628Z-3-001.zip),C:\Users\default.LAPTOP-OBA1HVU9\.antigravity-ide\Books\b-Library_Hzm-20260601T235628Z-3-001.zip -> b-Library_Hzm/Hizmet İnsanı/İc-Derinlikleriyle-Hizmet-İnsanı-pdf.pdf,b-Library_Hzm/Hizmet İnsanı,1.14
Riyazus Salihin - Muhtasar.pdf,PDF,ZIP Arşivi İçinde (b-Library_Hzm-20260601T235628Z-3-001.zip),C:\Users\default.LAPTOP-OBA1HVU9\.antigravity-ide\Books\b-Library_Hzm-20260601T235628Z-3-001.zip -> b-Library_Hzm/Hadis-Hzm/Riyazus Salihin - Muhtasar.pdf,b-Library_Hzm/Hadis-Hzm,5.46
Hanefi-Fıkhı-1-Vehbe-Zuhayli.pdf,PDF,ZIP Arşivi İçinde (b-Library_Hzm-20260601T235628Z-3-001.zip),C:\Users\default.LAPTOP-OBA1HVU9\.antigravity-ide\Books\b-Library_Hzm-20260601T235628Z-3-001.zip -> b-Library_Hzm/Fikİh-Vehbe-Zuhayli-ZAMAN/Hanefi-Fıkhı-1-Vehbe-Zuhayli.pdf,b-Library_Hzm/Fikİh-Vehbe-Zuhayli-ZAMAN,3.87
Muhakemat.pdf,PDF,ZIP Arşivi İçinde (b-Library_Hzm-20260601T235628Z-3-001.zip),C:\Users\default.LAPTOP-OBA1HVU9\.antigravity-ide\Books\b-Library_Hzm-20260601T235628Z-3-001.zip -> b-Library_Hzm/RN-Külliyat-Hzm/RN-Hzm/Muhakemat.pdf,b-Library_Hzm/RN-Külliyat-Hzm/RN-Hzm,1.04
Asa-yi Musa.pdf,PDF,ZIP Arşivi İçinde (b-Library_Hzm-20260601T235628Z-3-001.zip),C:\Users\default.LAPTOP-OBA1HVU9\.antigravity-ide\Books\b-Library_Hzm-20260601T235628Z-3-001.zip -> b-Library_Hzm/RN-Külliyat-Hzm/RN-Hzm/Asa-yi Musa.pdf,b-Library_Hzm/RN-Külliyat-Hzm/RN-Hzm,1.56
Emirdag Lahikasi.pdf,PDF,ZIP Arşivi İçinde (b-Library_Hzm-20260601T235628Z-3-001.zip),C:\Users\default.LAPTOP-OBA1HVU9\.antigravity-ide\Books\b-Library_Hzm-20260601T235628Z-3-001.zip -> b-Library_Hzm/RN-Külliyat-Hzm/RN-Hzm/Emirdag Lahikasi.pdf,b-Library_Hzm/RN-Külliyat-Hzm/RN-Hzm,2.51
Sikke-i Tasdik-i Gaybi.pdf,PDF,ZIP Arşivi İçinde (b-Library_Hzm-20260601T235628Z-3-001.zip),C:\Users\default.LAPTOP-OBA1HVU9\.antigravity-ide\Books\b-Library_Hzm-20260601T235628Z-3-001.zip -> b-Library_Hzm/RN-Külliyat-Hzm/RN-Hzm/Sikke-i Tasdik-i Gaybi.pdf,b-Library_Hzm/RN-Külliyat-Hzm/RN-Hzm,1.56
Barla Lahikasi.pdf,PDF,ZIP Arşivi İçinde (b-Library_Hzm-20260601T235628Z-3-001.zip),C:\Users\default.LAPTOP-OBA1HVU9\.antigravity-ide\Books\b-Library_Hzm-20260601T235628Z-3-001.zip -> b-Library_Hzm/RN-Külliyat-Hzm/RN-Hzm/Barla Lahikasi.pdf,b-Library_Hzm/RN-Külliyat-Hzm/RN-Hzm,2.17
M-Asım-Koksal-Hazreti-Muhammed-S-A-V-ve-İslamiyet-İslam-Tarihi-5-6-PDFDrive-com-pdf.pdf,PDF,ZIP Arşivi İçinde (b-Library_Hzm-20260601T235628Z-3-001.zip),C:\Users\default.LAPTOP-OBA1HVU9\.antigravity-ide\Books\b-Library_Hzm-20260601T235628Z-3-001.zip -> b-Library_Hzm/Efendimiz_in Sav Hayatı-Hzm/M-Asım-Koksal-Hazreti-Muhammed-S-A-V-ve-İslamiyet-İslam-Tarihi-5-6-PDFDrive-com-pdf.pdf,b-Library_Hzm/Efendimiz_in Sav Hayatı-Hzm,5.54
Riyazu-s-Salihin-Işık-Yayınları-pdf.pdf,PDF,ZIP Arşivi İçinde (b-Library_Hzm-20260601T235628Z-3-001.zip),C:\Users\default.LAPTOP-OBA1HVU9\.antigravity-ide\Books\b-Library_Hzm-20260601T235628Z-3-001.zip -> b-Library_Hzm/Hadis-Hzm/Riyazu-s-Salihin-Işık-Yayınları-pdf.pdf,b-Library_Hzm/Hadis-Hzm,5.51
Vehbe Zuhayli - İslâm Fıkhı Ansiklopedisi Cilt-05.pdf,PDF,ZIP Arşivi İçinde (b-Library_Hzm-20260601T235628Z-3-001.zip),C:\Users\default.LAPTOP-OBA1HVU9\.antigravity-ide\Books\b-Library_Hzm-20260601T235628Z-3-001.zip -> b-Library_Hzm/Fikİh-Vehbe-Zuhayli-ZAMAN/Vehbe Zuhayli - İslâm Fıkhı Ansiklopedisi Cilt-05.pdf,b-Library_Hzm/Fikİh-Vehbe-Zuhayli-ZAMAN,21.52
Mesnevi-i Nuriye.pdf,PDF,ZIP Arşivi İçinde (b-Library_Hzm-20260601T235628Z-3-001.zip),C:\Users\default.LAPTOP-OBA1HVU9\.antigravity-ide\Books\b-Library_Hzm-20260601T235628Z-3-001.zip -> b-Library_Hzm/RN-Külliyat-Hzm/RN-Hzm/Mesnevi-i Nuriye.pdf,b-Library_Hzm/RN-Külliyat-Hzm/RN-Hzm,1.59
KT-19-Işık Karanlığı Boğarken.pdf,PDF,ZIP Arşivi İçinde (b-Library_Hzm-20260601T235628Z-3-001.zip),C:\Users\default.LAPTOP-OBA1HVU9\.antigravity-ide\Books\b-Library_Hzm-20260601T235628Z-3-001.zip -> b-Library_Hzm/PRL/KT-19-Işık Karanlığı Boğarken.pdf,b-Library_Hzm/PRL,15.85
Kastamonu Lahikasi.pdf,PDF,ZIP Arşivi İçinde (b-Library_Hzm-20260601T235628Z-3-001.zip),C:\Users\default.LAPTOP-OBA1HVU9\.antigravity-ide\Books\b-Library_Hzm-20260601T235628Z-3-001.zip -> b-Library_Hzm/RN-Külliyat-Hzm/RN-Hzm/Kastamonu Lahikasi.pdf,b-Library_Hzm/RN-Külliyat-Hzm/RN-Hzm,1.62
ilk-oykulerim-serisi-10-h-ibrahim-cayirli-kaybolan-top-mustuy.pdf,PDF,ZIP Arşivi İçinde (b-Library_Hzm-20260601T235628Z-3-001.zip),C:\Users\default.LAPTOP-OBA1HVU9\.antigravity-ide\Books\b-Library_Hzm-20260601T235628Z-3-001.zip -> b-Library_Hzm/Çocuklar için-Hzm/İlk öykülerim/ilk-oykulerim-serisi-10-h-ibrahim-cayirli-kaybolan-top-mustuy.pdf,b-Library_Hzm/Çocuklar için-Hzm/İlk öykülerim,1.94
Elmalili - Hak Dini Kuran Dili-09.pdf,PDF,ZIP Arşivi İçinde (b-Library_Hzm-20260601T235628Z-3-001.zip),C:\Users\default.LAPTOP-OBA1HVU9\.antigravity-ide\Books\b-Library_Hzm-20260601T235628Z-3-001.zip -> b-Library_Hzm/Tefsir-Elmalılı Tefsiri-ZAMAN.pdf/Elmalili - Hak Dini Kuran Dili-09.pdf,b-Library_Hzm/Tefsir-Elmalılı Tefsiri-ZAMAN.pdf,32.65
Elmalili - Hak Dini Kuran Dili-07.pdf,PDF,ZIP Arşivi İçinde (b-Library_Hzm-20260601T235628Z-3-001.zip),C:\Users\default.LAPTOP-OBA1HVU9\.antigravity-ide\Books\b-Library_Hzm-20260601T235628Z-3-001.zip -> b-Library_Hzm/Tefsir-Elmalılı Tefsiri-ZAMAN.pdf/Elmalili - Hak Dini Kuran Dili-07.pdf,b-Library_Hzm/Tefsir-Elmalılı Tefsiri-ZAMAN.pdf,34.34
Understanding-Fethullah-Gulen.pdf,PDF,ZIP Arşivi İçinde (b-Library_Hzm-20260601T235628Z-3-002.zip),C:\Users\default.LAPTOP-OBA1HVU9\.antigravity-ide\Books\b-Library_Hzm-20260601T235628Z-3-002.zip -> b-Library_Hzm/HE-Bio-Hzm-eng/Understanding-Fethullah-Gulen.pdf,b-Library_Hzm/HE-Bio-Hzm-eng,85.33
Vehbe Zuhayli - İslâm Fıkhı Ansiklopedisi Cilt-09.pdf,PDF,ZIP Arşivi İçinde (b-Library_Hzm-20260601T235628Z-3-002.zip),C:\Users\default.LAPTOP-OBA1HVU9\.antigravity-ide\Books\b-Library_Hzm-20260601T235628Z-3-002.zip -> b-Library_Hzm/Fikİh-Vehbe-Zuhayli-ZAMAN/Vehbe Zuhayli - İslâm Fıkhı Ansiklopedisi Cilt-09.pdf,b-Library_Hzm/Fikİh-Vehbe-Zuhayli-ZAMAN,21.98
Vehbe Zuhayli - İslâm Fıkhı Ansiklopedisi Cilt-10.pdf,PDF,ZIP Arşivi İçinde (b-Library_Hzm-20260601T235628Z-3-002.zip),C:\Users\default.LAPTOP-OBA1HVU9\.antigravity-ide\Books\b-Library_Hzm-20260601T235628Z-3-002.zip -> b-Library_Hzm/Fikİh-Vehbe-Zuhayli-ZAMAN/Vehbe Zuhayli - İslâm Fıkhı Ansiklopedisi Cilt-10.pdf,b-Library_Hzm/Fikİh-Vehbe-Zuhayli-ZAMAN,21.49
Iman ve Kufur Muvazeneleri.pdf,PDF,ZIP Arşivi İçinde (b-Library_Hzm-20260601T235628Z-3-002.zip),C:\Users\default.LAPTOP-OBA1HVU9\.antigravity-ide\Books\b-Library_Hzm-20260601T235628Z-3-002.zip -> b-Library_Hzm/RN-Külliyat-Hzm/RN-Hzm/Iman ve Kufur Muvazeneleri.pdf,b-Library_Hzm/RN-Külliyat-Hzm/RN-Hzm,1.41
ilk-oykulerim-serisi-09-aysel-ertan-seftali-agaci-mustuy.pdf,PDF,ZIP Arşivi İçinde (b-Library_Hzm-20260601T235628Z-3-002.zip),C:\Users\default.LAPTOP-OBA1HVU9\.antigravity-ide\Books\b-Library_Hzm-20260601T235628Z-3-002.zip -> b-Library_Hzm/Çocuklar için-Hzm/İlk öykülerim/ilk-oykulerim-serisi-09-aysel-ertan-seftali-agaci-mustuy.pdf,b-Library_Hzm/Çocuklar için-Hzm/İlk öykülerim,3.34
Isaratu_l-I_caz.pdf,PDF,ZIP Arşivi İçinde (b-Library_Hzm-20260601T235628Z-3-002.zip),C:\Users\default.LAPTOP-OBA1HVU9\.antigravity-ide\Books\b-Library_Hzm-20260601T235628Z-3-002.zip -> b-Library_Hzm/RN-Külliyat-Hzm/RN-Hzm/Isaratu_l-I_caz.pdf,b-Library_Hzm/RN-Külliyat-Hzm/RN-Hzm,1.7
ilk-oykulerim-serisi-02-rabia-kandira-minik-kedi-mustuy.pdf,PDF,ZIP Arşivi İçinde (b-Library_Hzm-20260601T235628Z-3-002.zip),C:\Users\default.LAPTOP-OBA1HVU9\.antigravity-ide\Books\b-Library_Hzm-20260601T235628Z-3-002.zip -> b-Library_Hzm/Çocuklar için-Hzm/İlk öykülerim/ilk-oykulerim-serisi-02-rabia-kandira-minik-kedi-mustuy.pdf,b-Library_Hzm/Çocuklar için-Hzm/İlk öykülerim,1.21
ilk-oykulerim-serisi-01-rabia-kandira-yesil-tespih-mustuy.pdf,PDF,ZIP Arşivi İçinde (b-Library_Hzm-20260601T235628Z-3-002.zip),C:\Users\default.LAPTOP-OBA1HVU9\.antigravity-ide\Books\b-Library_Hzm-20260601T235628Z-3-002.zip -> b-Library_Hzm/Çocuklar için-Hzm/İlk öykülerim/ilk-oykulerim-serisi-01-rabia-kandira-yesil-tespih-mustuy.pdf,b-Library_Hzm/Çocuklar için-Hzm/İlk öykülerim,0.96
M-Asım-Koksal-Hazreti-Muhammed-S-A-V-ve-İslamiyet-İslam-Tarihi-7-8-.pdf,PDF,ZIP Arşivi İçinde (b-Library_Hzm-20260601T235628Z-3-002.zip),C:\Users\default.LAPTOP-OBA1HVU9\.antigravity-ide\Books\b-Library_Hzm-20260601T235628Z-3-002.zip -> b-Library_Hzm/Efendimiz_in Sav Hayatı-Hzm/M-Asım-Koksal-Hazreti-Muhammed-S-A-V-ve-İslamiyet-İslam-Tarihi-7-8-.pdf,b-Library_Hzm/Efendimiz_in Sav Hayatı-Hzm,5.9
ilk-oykulerim-serisi-07-safak-demir-evimizin-forveti-mustuy.pdf,PDF,ZIP Arşivi İçinde (b-Library_Hzm-20260601T235628Z-3-002.zip),C:\Users\default.LAPTOP-OBA1HVU9\.antigravity-ide\Books\b-Library_Hzm-20260601T235628Z-3-002.zip -> b-Library_Hzm/Çocuklar için-Hzm/İlk öykülerim/ilk-oykulerim-serisi-07-safak-demir-evimizin-forveti-mustuy.pdf,b-Library_Hzm/Çocuklar için-Hzm/İlk öykülerim,3.79
Vehbe Zuhayli - İslâm Fıkhı Ansiklopedisi Cilt-06.pdf,PDF,ZIP Arşivi İçinde (b-Library_Hzm-20260601T235628Z-3-002.zip),C:\Users\default.LAPTOP-OBA1HVU9\.antigravity-ide\Books\b-Library_Hzm-20260601T235628Z-3-002.zip -> b-Library_Hzm/Fikİh-Vehbe-Zuhayli-ZAMAN/Vehbe Zuhayli - İslâm Fıkhı Ansiklopedisi Cilt-06.pdf,b-Library_Hzm/Fikİh-Vehbe-Zuhayli-ZAMAN,23.5
ilk-oykulerim-serisi-06-safak-demir-hazine-pesinde-mustuy.pdf,PDF,ZIP Arşivi İçinde (b-Library_Hzm-20260601T235628Z-3-002.zip),C:\Users\default.LAPTOP-OBA1HVU9\.antigravity-ide\Books\b-Library_Hzm-20260601T235628Z-3-002.zip -> b-Library_Hzm/Çocuklar için-Hzm/İlk öykülerim/ilk-oykulerim-serisi-06-safak-demir-hazine-pesinde-mustuy.pdf,b-Library_Hzm/Çocuklar için-Hzm/İlk öykülerim,2.55
ilk-oykulerim-serisi-08-h-ibrahim-cayirli-babamin-sol-ayagi-mustuy.pdf,PDF,ZIP Arşivi İçinde (b-Library_Hzm-20260601T235628Z-3-002.zip),C:\Users\default.LAPTOP-OBA1HVU9\.antigravity-ide\Books\b-Library_Hzm-20260601T235628Z-3-002.zip -> b-Library_Hzm/Çocuklar için-Hzm/İlk öykülerim/ilk-oykulerim-serisi-08-h-ibrahim-cayirli-babamin-sol-ayagi-mustuy.pdf,b-Library_Hzm/Çocuklar için-Hzm/İlk öykülerim,4.87
ilk-oykulerim-serisi-05-osman-kaplan-yarim-elma-mustuy.pdf,PDF,ZIP Arşivi İçinde (b-Library_Hzm-20260601T235628Z-3-002.zip),C:\Users\default.LAPTOP-OBA1HVU9\.antigravity-ide\Books\b-Library_Hzm-20260601T235628Z-3-002.zip -> b-Library_Hzm/Çocuklar için-Hzm/İlk öykülerim/ilk-oykulerim-serisi-05-osman-kaplan-yarim-elma-mustuy.pdf,b-Library_Hzm/Çocuklar için-Hzm/İlk öykülerim,5.06
Vehbe Zuhayli - İslâm Fıkhı Ansiklopedisi Cilt-03.pdf,PDF,ZIP Arşivi İçinde (b-Library_Hzm-20260601T235628Z-3-002.zip),C:\Users\default.LAPTOP-OBA1HVU9\.antigravity-ide\Books\b-Library_Hzm-20260601T235628Z-3-002.zip -> b-Library_Hzm/Fikİh-Vehbe-Zuhayli-ZAMAN/Vehbe Zuhayli - İslâm Fıkhı Ansiklopedisi Cilt-03.pdf,b-Library_Hzm/Fikİh-Vehbe-Zuhayli-ZAMAN,23.27
sadelestirilmis-tabiat-risalesi.pdf,PDF,ZIP Arşivi İçinde (b-Library_Hzm-20260601T235628Z-3-002.zip),C:\Users\default.LAPTOP-OBA1HVU9\.antigravity-ide\Books\b-Library_Hzm-20260601T235628Z-3-002.zip -> b-Library_Hzm/RN-Külliyat-Hzm/RN-Sade/sadelestirilmis-tabiat-risalesi.pdf,b-Library_Hzm/RN-Külliyat-Hzm/RN-Sade,0.35
sadelestirilmis-ihlas-risalesi.pdf,PDF,ZIP Arşivi İçinde (b-Library_Hzm-20260601T235628Z-3-002.zip),C:\Users\default.LAPTOP-OBA1HVU9\.antigravity-ide\Books\b-Library_Hzm-20260601T235628Z-3-002.zip -> b-Library_Hzm/RN-Külliyat-Hzm/RN-Sade/sadelestirilmis-ihlas-risalesi.pdf,b-Library_Hzm/RN-Külliyat-Hzm/RN-Sade,0.65
Sozler.pdf,PDF,ZIP Arşivi İçinde (b-Library_Hzm-20260601T235628Z-3-002.zip),C:\Users\default.LAPTOP-OBA1HVU9\.antigravity-ide\Books\b-Library_Hzm-20260601T235628Z-3-002.zip -> b-Library_Hzm/RN-Külliyat-Hzm/RN-Hzm/Sozler.pdf,b-Library_Hzm/RN-Külliyat-Hzm/RN-Hzm,3.97
Lemalar.pdf,PDF,ZIP Arşivi İçinde (b-Library_Hzm-20260601T235628Z-3-002.zip),C:\Users\default.LAPTOP-OBA1HVU9\.antigravity-ide\Books\b-Library_Hzm-20260601T235628Z-3-002.zip -> b-Library_Hzm/RN-Külliyat-Hzm/RN-Hzm/Lemalar.pdf,b-Library_Hzm/RN-Külliyat-Hzm/RN-Hzm,2.73
Sualar.pdf,PDF,ZIP Arşivi İçinde (b-Library_Hzm-20260601T235628Z-3-002.zip),C:\Users\default.LAPTOP-OBA1HVU9\.antigravity-ide\Books\b-Library_Hzm-20260601T235628Z-3-002.zip -> b-Library_Hzm/RN-Külliyat-Hzm/RN-Hzm/Sualar.pdf,b-Library_Hzm/RN-Külliyat-Hzm/RN-Hzm,3.32
sadelestirilmis-enne-ve-zerre-risalesi.pdf,PDF,ZIP Arşivi İçinde (b-Library_Hzm-20260601T235628Z-3-002.zip),C:\Users\default.LAPTOP-OBA1HVU9\.antigravity-ide\Books\b-Library_Hzm-20260601T235628Z-3-002.zip -> b-Library_Hzm/RN-Külliyat-Hzm/RN-Sade/sadelestirilmis-enne-ve-zerre-risalesi.pdf,b-Library_Hzm/RN-Külliyat-Hzm/RN-Sade,0.63
sadelestirilmis-otuz-uc-pencere.pdf,PDF,ZIP Arşivi İçinde (b-Library_Hzm-20260601T235628Z-3-002.zip),C:\Users\default.LAPTOP-OBA1HVU9\.antigravity-ide\Books\b-Library_Hzm-20260601T235628Z-3-002.zip -> b-Library_Hzm/RN-Külliyat-Hzm/RN-Sade/sadelestirilmis-otuz-uc-pencere.pdf,b-Library_Hzm/RN-Külliyat-Hzm/RN-Sade,0.94
Mektubat.pdf,PDF,ZIP Arşivi İçinde (b-Library_Hzm-20260601T235628Z-3-002.zip),C:\Users\default.LAPTOP-OBA1HVU9\.antigravity-ide\Books\b-Library_Hzm-20260601T235628Z-3-002.zip -> b-Library_Hzm/RN-Külliyat-Hzm/RN-Hzm/Mektubat.pdf,b-Library_Hzm/RN-Külliyat-Hzm/RN-Hzm,4.16
Yakaran Gönüller - el Kulûbd Dâria Tercümesi.pdf,PDF,ZIP Arşivi İçinde (b-Library_Hzm-20260601T235628Z-3-002.zip),C:\Users\default.LAPTOP-OBA1HVU9\.antigravity-ide\Books\b-Library_Hzm-20260601T235628Z-3-002.zip -> b-Library_Hzm/Dua-Hzm/Yakaran Gönüller - el Kulûbd Dâria Tercümesi.pdf,b-Library_Hzm/Dua-Hzm,5.33
Tarihce-i Hayat.pdf,PDF,ZIP Arşivi İçinde (b-Library_Hzm-20260601T235628Z-3-002.zip),C:\Users\default.LAPTOP-OBA1HVU9\.antigravity-ide\Books\b-Library_Hzm-20260601T235628Z-3-002.zip -> b-Library_Hzm/RN-Külliyat-Hzm/RN-Hzm/Tarihce-i Hayat.pdf,b-Library_Hzm/RN-Külliyat-Hzm/RN-Hzm,25.45
sadelestirilmis-hasir-risalesi.pdf,PDF,ZIP Arşivi İçinde (b-Library_Hzm-20260601T235628Z-3-002.zip),C:\Users\default.LAPTOP-OBA1HVU9\.antigravity-ide\Books\b-Library_Hzm-20260601T235628Z-3-002.zip -> b-Library_Hzm/RN-Külliyat-Hzm/RN-Sade/sadelestirilmis-hasir-risalesi.pdf,b-Library_Hzm/RN-Külliyat-Hzm/RN-Sade,0.81
Vehbe Zuhayli - İslâm Fıkhı Ansiklopedisi Cilt-01.pdf,PDF,ZIP Arşivi İçinde (b-Library_Hzm-20260601T235628Z-3-002.zip),C:\Users\default.LAPTOP-OBA1HVU9\.antigravity-ide\Books\b-Library_Hzm-20260601T235628Z-3-002.zip -> b-Library_Hzm/Fikİh-Vehbe-Zuhayli-ZAMAN/Vehbe Zuhayli - İslâm Fıkhı Ansiklopedisi Cilt-01.pdf,b-Library_Hzm/Fikİh-Vehbe-Zuhayli-ZAMAN,20.01
Ramazan Iktisat ve Sukur.pdf,PDF,ZIP Arşivi İçinde (b-Library_Hzm-20260601T235628Z-3-002.zip),C:\Users\default.LAPTOP-OBA1HVU9\.antigravity-ide\Books\b-Library_Hzm-20260601T235628Z-3-002.zip -> b-Library_Hzm/RN-Külliyat-Hzm/RN-Hzm-cep/Ramazan Iktisat ve Sukur.pdf,b-Library_Hzm/RN-Külliyat-Hzm/RN-Hzm-cep,0.66
Kader Risalesi.pdf,PDF,ZIP Arşivi İçinde (b-Library_Hzm-20260601T235628Z-3-002.zip),C:\Users\default.LAPTOP-OBA1HVU9\.antigravity-ide\Books\b-Library_Hzm-20260601T235628Z-3-002.zip -> b-Library_Hzm/RN-Külliyat-Hzm/RN-Hzm-cep/Kader Risalesi.pdf,b-Library_Hzm/RN-Külliyat-Hzm/RN-Hzm-cep,0.45
Munacat.pdf,PDF,ZIP Arşivi İçinde (b-Library_Hzm-20260601T235628Z-3-002.zip),C:\Users\default.LAPTOP-OBA1HVU9\.antigravity-ide\Books\b-Library_Hzm-20260601T235628Z-3-002.zip -> b-Library_Hzm/RN-Külliyat-Hzm/RN-Hzm-cep/Munacat.pdf,b-Library_Hzm/RN-Külliyat-Hzm/RN-Hzm-cep,0.51
Sakk-i Kamer.pdf,PDF,ZIP Arşivi İçinde (b-Library_Hzm-20260601T235628Z-3-002.zip),C:\Users\default.LAPTOP-OBA1HVU9\.antigravity-ide\Books\b-Library_Hzm-20260601T235628Z-3-002.zip -> b-Library_Hzm/RN-Külliyat-Hzm/RN-Hzm-cep/Sakk-i Kamer.pdf,b-Library_Hzm/RN-Külliyat-Hzm/RN-Hzm-cep,0.86
Nurun Ilk Kapisi.pdf,PDF,ZIP Arşivi İçinde (b-Library_Hzm-20260601T235628Z-3-002.zip),C:\Users\default.LAPTOP-OBA1HVU9\.antigravity-ide\Books\b-Library_Hzm-20260601T235628Z-3-002.zip -> b-Library_Hzm/RN-Külliyat-Hzm/RN-Hzm-cep/Nurun Ilk Kapisi.pdf,b-Library_Hzm/RN-Külliyat-Hzm/RN-Hzm-cep,1.2
Vehbe Zuhayli - İslâm Fıkhı Ansiklopedisi Cilt-07.pdf,PDF,ZIP Arşivi İçinde (b-Library_Hzm-20260601T235628Z-3-002.zip),C:\Users\default.LAPTOP-OBA1HVU9\.antigravity-ide\Books\b-Library_Hzm-20260601T235628Z-3-002.zip -> b-Library_Hzm/Fikİh-Vehbe-Zuhayli-ZAMAN/Vehbe Zuhayli - İslâm Fıkhı Ansiklopedisi Cilt-07.pdf,b-Library_Hzm/Fikİh-Vehbe-Zuhayli-ZAMAN,23.2
asayi-musa-bediuzzaman-said-nursi.pdf,PDF,ZIP Arşivi İçinde (b-Library_Hzm-20260601T235628Z-3-002.zip),C:\Users\default.LAPTOP-OBA1HVU9\.antigravity-ide\Books\b-Library_Hzm-20260601T235628Z-3-002.zip -> b-Library_Hzm/RN-Külliyat-Hzm/RN-Sade/asayi-musa-bediuzzaman-said-nursi.pdf,b-Library_Hzm/RN-Külliyat-Hzm/RN-Sade,2.27
Sızıntı-2012-01.pdf,PDF,ZIP Arşivi İçinde (b-Library_Hzm-20260601T235628Z-3-002.zip),C:\Users\default.LAPTOP-OBA1HVU9\.antigravity-ide\Books\b-Library_Hzm-20260601T235628Z-3-002.zip -> b-Library_Hzm/Dergi-Sızıntı/Sızıntı-2012-01.pdf,b-Library_Hzm/Dergi-Sızıntı,5.3
Sızıntı-2012.04.pdf,PDF,ZIP Arşivi İçinde (b-Library_Hzm-20260601T235628Z-3-002.zip),C:\Users\default.LAPTOP-OBA1HVU9\.antigravity-ide\Books\b-Library_Hzm-20260601T235628Z-3-002.zip -> b-Library_Hzm/Dergi-Sızıntı/Sızıntı-2012.04.pdf,b-Library_Hzm/Dergi-Sızıntı,5.55
Vehbe Zuhayli - İslâm Fıkhı Ansiklopedisi Cilt-08.pdf,PDF,ZIP Arşivi İçinde (b-Library_Hzm-20260601T235628Z-3-002.zip),C:\Users\default.LAPTOP-OBA1HVU9\.antigravity-ide\Books\b-Library_Hzm-20260601T235628Z-3-002.zip -> b-Library_Hzm/Fikİh-Vehbe-Zuhayli-ZAMAN/Vehbe Zuhayli - İslâm Fıkhı Ansiklopedisi Cilt-08.pdf,b-Library_Hzm/Fikİh-Vehbe-Zuhayli-ZAMAN,23.67
Ictihad Risalesi.pdf,PDF,ZIP Arşivi İçinde (b-Library_Hzm-20260601T235628Z-3-002.zip),C:\Users\default.LAPTOP-OBA1HVU9\.antigravity-ide\Books\b-Library_Hzm-20260601T235628Z-3-002.zip -> b-Library_Hzm/RN-Külliyat-Hzm/RN-Hzm-cep/Ictihad Risalesi.pdf,b-Library_Hzm/RN-Külliyat-Hzm/RN-Hzm-cep,0.77
The-Luminous-Life-of-Our-Prophet-by-Resit-Haylamaz.pdf,PDF,ZIP Arşivi İçinde (b-Library_Hzm-20260601T235628Z-3-002.zip),C:\Users\default.LAPTOP-OBA1HVU9\.antigravity-ide\Books\b-Library_Hzm-20260601T235628Z-3-002.zip -> b-Library_Hzm/Efendimiz Sav-Hzm-English/The-Luminous-Life-of-Our-Prophet-by-Resit-Haylamaz.pdf,b-Library_Hzm/Efendimiz Sav-Hzm-English,1.65
Kucuk Sozler.pdf,PDF,ZIP Arşivi İçinde (b-Library_Hzm-20260601T235628Z-3-002.zip),C:\Users\default.LAPTOP-OBA1HVU9\.antigravity-ide\Books\b-Library_Hzm-20260601T235628Z-3-002.zip -> b-Library_Hzm/RN-Külliyat-Hzm/RN-Hzm-cep/Kucuk Sozler.pdf,b-Library_Hzm/RN-Külliyat-Hzm/RN-Hzm-cep,0.76
Sunnet-i Seniyye.pdf,PDF,ZIP Arşivi İçinde (b-Library_Hzm-20260601T235628Z-3-002.zip),C:\Users\default.LAPTOP-OBA1HVU9\.antigravity-ide\Books\b-Library_Hzm-20260601T235628Z-3-002.zip -> b-Library_Hzm/RN-Külliyat-Hzm/RN-Hzm-cep/Sunnet-i Seniyye.pdf,b-Library_Hzm/RN-Külliyat-Hzm/RN-Hzm-cep,1.47
Ihtiyarlar Risalesi.pdf,PDF,ZIP Arşivi İçinde (b-Library_Hzm-20260601T235628Z-3-002.zip),C:\Users\default.LAPTOP-OBA1HVU9\.antigravity-ide\Books\b-Library_Hzm-20260601T235628Z-3-002.zip -> b-Library_Hzm/RN-Külliyat-Hzm/RN-Hzm-cep/Ihtiyarlar Risalesi.pdf,b-Library_Hzm/RN-Külliyat-Hzm/RN-Hzm-cep,0.89
Hutuvat-i Sitte Risalesi.pdf,PDF,ZIP Arşivi İçinde (b-Library_Hzm-20260601T235628Z-3-002.zip),C:\Users\default.LAPTOP-OBA1HVU9\.antigravity-ide\Books\b-Library_Hzm-20260601T235628Z-3-002.zip -> b-Library_Hzm/RN-Külliyat-Hzm/RN-Hzm-cep/Hutuvat-i Sitte Risalesi.pdf,b-Library_Hzm/RN-Külliyat-Hzm/RN-Hzm-cep,0.29
Elmalili - Hak Dini Kuran Dili-02.pdf,PDF,ZIP Arşivi İçinde (b-Library_Hzm-20260601T235628Z-3-002.zip),C:\Users\default.LAPTOP-OBA1HVU9\.antigravity-ide\Books\b-Library_Hzm-20260601T235628Z-3-002.zip -> b-Library_Hzm/Tefsir-Elmalılı Tefsiri-ZAMAN.pdf/Elmalili - Hak Dini Kuran Dili-02.pdf,b-Library_Hzm/Tefsir-Elmalılı Tefsiri-ZAMAN.pdf,35.73
Hucumat-i Sitte Risalesi.pdf,PDF,ZIP Arşivi İçinde (b-Library_Hzm-20260601T235628Z-3-002.zip),C:\Users\default.LAPTOP-OBA1HVU9\.antigravity-ide\Books\b-Library_Hzm-20260601T235628Z-3-002.zip -> b-Library_Hzm/RN-Külliyat-Hzm/RN-Hzm-cep/Hucumat-i Sitte Risalesi.pdf,b-Library_Hzm/RN-Külliyat-Hzm/RN-Hzm-cep,0.46
Vehbe Zuhayli - İslâm Fıkhı Ansiklopedisi Cilt-04.pdf,PDF,ZIP Arşivi İçinde (b-Library_Hzm-20260601T235628Z-3-002.zip),C:\Users\default.LAPTOP-OBA1HVU9\.antigravity-ide\Books\b-Library_Hzm-20260601T235628Z-3-002.zip -> b-Library_Hzm/Fikİh-Vehbe-Zuhayli-ZAMAN/Vehbe Zuhayli - İslâm Fıkhı Ansiklopedisi Cilt-04.pdf,b-Library_Hzm/Fikİh-Vehbe-Zuhayli-ZAMAN,24.25
Tabiat Risalesi.pdf,PDF,ZIP Arşivi İçinde (b-Library_Hzm-20260601T235628Z-3-002.zip),C:\Users\default.LAPTOP-OBA1HVU9\.antigravity-ide\Books\b-Library_Hzm-20260601T235628Z-3-002.zip -> b-Library_Hzm/RN-Külliyat-Hzm/RN-Hzm-cep/Tabiat Risalesi.pdf,b-Library_Hzm/RN-Külliyat-Hzm/RN-Hzm-cep,0.46
Telvihat Risalesi.pdf,PDF,ZIP Arşivi İçinde (b-Library_Hzm-20260601T235628Z-3-002.zip),C:\Users\default.LAPTOP-OBA1HVU9\.antigravity-ide\Books\b-Library_Hzm-20260601T235628Z-3-002.zip -> b-Library_Hzm/RN-Külliyat-Hzm/RN-Hzm-cep/Telvihat Risalesi.pdf,b-Library_Hzm/RN-Külliyat-Hzm/RN-Hzm-cep,0.53
Hastalar Risalesi.pdf,PDF,ZIP Arşivi İçinde (b-Library_Hzm-20260601T235628Z-3-002.zip),C:\Users\default.LAPTOP-OBA1HVU9\.antigravity-ide\Books\b-Library_Hzm-20260601T235628Z-3-002.zip -> b-Library_Hzm/RN-Külliyat-Hzm/RN-Hzm-cep/Hastalar Risalesi.pdf,b-Library_Hzm/RN-Külliyat-Hzm/RN-Hzm-cep,0.6
Uhuvvet Risalesi.pdf,PDF,ZIP Arşivi İçinde (b-Library_Hzm-20260601T235628Z-3-002.zip),C:\Users\default.LAPTOP-OBA1HVU9\.antigravity-ide\Books\b-Library_Hzm-20260601T235628Z-3-002.zip -> b-Library_Hzm/RN-Külliyat-Hzm/RN-Hzm-cep/Uhuvvet Risalesi.pdf,b-Library_Hzm/RN-Külliyat-Hzm/RN-Hzm-cep,0.82
Vesvese Risalesi.pdf,PDF,ZIP Arşivi İçinde (b-Library_Hzm-20260601T235628Z-3-002.zip),C:\Users\default.LAPTOP-OBA1HVU9\.antigravity-ide\Books\b-Library_Hzm-20260601T235628Z-3-002.zip -> b-Library_Hzm/RN-Külliyat-Hzm/RN-Hzm-cep/Vesvese Risalesi.pdf,b-Library_Hzm/RN-Külliyat-Hzm/RN-Hzm-cep,0.58
Vehbe Zuhayli - İslâm Fıkhı Ansiklopedisi Cilt-02.pdf,PDF,ZIP Arşivi İçinde (b-Library_Hzm-20260601T235628Z-3-002.zip),C:\Users\default.LAPTOP-OBA1HVU9\.antigravity-ide\Books\b-Library_Hzm-20260601T235628Z-3-002.zip -> b-Library_Hzm/Fikİh-Vehbe-Zuhayli-ZAMAN/Vehbe Zuhayli - İslâm Fıkhı Ansiklopedisi Cilt-02.pdf,b-Library_Hzm/Fikİh-Vehbe-Zuhayli-ZAMAN,25.04
Mu_cizat-ı Ahmediye.pdf,PDF,ZIP Arşivi İçinde (b-Library_Hzm-20260601T235628Z-3-002.zip),C:\Users\default.LAPTOP-OBA1HVU9\.antigravity-ide\Books\b-Library_Hzm-20260601T235628Z-3-002.zip -> b-Library_Hzm/RN-Külliyat-Hzm/RN-Hzm-cep/Mu_cizat-ı Ahmediye.pdf,b-Library_Hzm/RN-Külliyat-Hzm/RN-Hzm-cep,3.72
Hizmet Rehberi.pdf,PDF,ZIP Arşivi İçinde (b-Library_Hzm-20260601T235628Z-3-002.zip),C:\Users\default.LAPTOP-OBA1HVU9\.antigravity-ide\Books\b-Library_Hzm-20260601T235628Z-3-002.zip -> b-Library_Hzm/RN-Külliyat-Hzm/RN-Hzm-cep/Hizmet Rehberi.pdf,b-Library_Hzm/RN-Külliyat-Hzm/RN-Hzm-cep,1.27
Yirmi Ucuncu Soz.pdf,PDF,ZIP Arşivi İçinde (b-Library_Hzm-20260601T235628Z-3-002.zip),C:\Users\default.LAPTOP-OBA1HVU9\.antigravity-ide\Books\b-Library_Hzm-20260601T235628Z-3-002.zip -> b-Library_Hzm/RN-Külliyat-Hzm/RN-Hzm-cep/Yirmi Ucuncu Soz.pdf,b-Library_Hzm/RN-Külliyat-Hzm/RN-Hzm-cep,0.57
Elmalili - Hak Dini Kuran Dili-03.pdf,PDF,ZIP Arşivi İçinde (b-Library_Hzm-20260601T235628Z-3-002.zip),C:\Users\default.LAPTOP-OBA1HVU9\.antigravity-ide\Books\b-Library_Hzm-20260601T235628Z-3-002.zip -> b-Library_Hzm/Tefsir-Elmalılı Tefsiri-ZAMAN.pdf/Elmalili - Hak Dini Kuran Dili-03.pdf,b-Library_Hzm/Tefsir-Elmalılı Tefsiri-ZAMAN.pdf,34.93
Ayetu_l-Kubra.pdf,PDF,ZIP Arşivi İçinde (b-Library_Hzm-20260601T235628Z-3-002.zip),C:\Users\default.LAPTOP-OBA1HVU9\.antigravity-ide\Books\b-Library_Hzm-20260601T235628Z-3-002.zip -> b-Library_Hzm/RN-Külliyat-Hzm/RN-Hzm-cep/Ayetu_l-Kubra.pdf,b-Library_Hzm/RN-Külliyat-Hzm/RN-Hzm-cep,1.26
Hanimlar Rehberi.pdf,PDF,ZIP Arşivi İçinde (b-Library_Hzm-20260601T235628Z-3-002.zip),C:\Users\default.LAPTOP-OBA1HVU9\.antigravity-ide\Books\b-Library_Hzm-20260601T235628Z-3-002.zip -> b-Library_Hzm/RN-Külliyat-Hzm/RN-Hzm-cep/Hanimlar Rehberi.pdf,b-Library_Hzm/RN-Külliyat-Hzm/RN-Hzm-cep,0.91
signsofmiraculousness-vahide.pdf,PDF,ZIP Arşivi İçinde (b-Library_Hzm-20260601T235628Z-3-002.zip),C:\Users\default.LAPTOP-OBA1HVU9\.antigravity-ide\Books\b-Library_Hzm-20260601T235628Z-3-002.zip -> b-Library_Hzm/RN-Külliyat-Hzm/RN-Hzm-Eng/signsofmiraculousness-vahide.pdf,b-Library_Hzm/RN-Külliyat-Hzm/RN-Hzm-Eng,8.44
Genclik Rehberi.pdf,PDF,ZIP Arşivi İçinde (b-Library_Hzm-20260601T235628Z-3-002.zip),C:\Users\default.LAPTOP-OBA1HVU9\.antigravity-ide\Books\b-Library_Hzm-20260601T235628Z-3-002.zip -> b-Library_Hzm/RN-Külliyat-Hzm/RN-Hzm-cep/Genclik Rehberi.pdf,b-Library_Hzm/RN-Külliyat-Hzm/RN-Hzm-cep,1.4
The-messenger-as-Compassion-Resid Haylamaz.pdf,PDF,ZIP Arşivi İçinde (b-Library_Hzm-20260601T235628Z-3-002.zip),C:\Users\default.LAPTOP-OBA1HVU9\.antigravity-ide\Books\b-Library_Hzm-20260601T235628Z-3-002.zip -> b-Library_Hzm/Efendimiz Sav-Hzm-English/The-messenger-as-Compassion-Resid Haylamaz.pdf,b-Library_Hzm/Efendimiz Sav-Hzm-English,5.12
Caglayan_2019.02.pdf,PDF,ZIP Arşivi İçinde (b-Library_Hzm-20260601T235628Z-3-002.zip),C:\Users\default.LAPTOP-OBA1HVU9\.antigravity-ide\Books\b-Library_Hzm-20260601T235628Z-3-002.zip -> b-Library_Hzm/Dergi-caglayan/Caglayan_2019.02.pdf,b-Library_Hzm/Dergi-caglayan,131.24
flashes.pdf,PDF,ZIP Arşivi İçinde (b-Library_Hzm-20260601T235628Z-3-002.zip),C:\Users\default.LAPTOP-OBA1HVU9\.antigravity-ide\Books\b-Library_Hzm-20260601T235628Z-3-002.zip -> b-Library_Hzm/RN-Külliyat-Hzm/RN-Hzm-Eng/flashes.pdf,b-Library_Hzm/RN-Külliyat-Hzm/RN-Hzm-Eng,2.45
2-Saadet-Asrinda-Resulullah-Sevgisi-Sahabe-Hayatindan-Mustuy.pdf,PDF,ZIP Arşivi İçinde (b-Library_Hzm-20260601T235628Z-3-002.zip),C:\Users\default.LAPTOP-OBA1HVU9\.antigravity-ide\Books\b-Library_Hzm-20260601T235628Z-3-002.zip -> b-Library_Hzm/Çocuklar için-Hzm/Sahabe Hayatından/2-Saadet-Asrinda-Resulullah-Sevgisi-Sahabe-Hayatindan-Mustuy.pdf,b-Library_Hzm/Çocuklar için-Hzm/Sahabe Hayatından,0.33
1-Saadet-Asrinda-Allah-Sevgisi-Sahabe-Hayatindan-Mustuy.pdf,PDF,ZIP Arşivi İçinde (b-Library_Hzm-20260601T235628Z-3-002.zip),C:\Users\default.LAPTOP-OBA1HVU9\.antigravity-ide\Books\b-Library_Hzm-20260601T235628Z-3-002.zip -> b-Library_Hzm/Çocuklar için-Hzm/Sahabe Hayatından/1-Saadet-Asrinda-Allah-Sevgisi-Sahabe-Hayatindan-Mustuy.pdf,b-Library_Hzm/Çocuklar için-Hzm/Sahabe Hayatından,0.32
6-Saadet-Asrinda-Ilim-Ve-Ibadet-Sahabe-Hayatindan-Mustuy.pdf,PDF,ZIP Arşivi İçinde (b-Library_Hzm-20260601T235628Z-3-002.zip),C:\Users\default.LAPTOP-OBA1HVU9\.antigravity-ide\Books\b-Library_Hzm-20260601T235628Z-3-002.zip -> b-Library_Hzm/Çocuklar için-Hzm/Sahabe Hayatından/6-Saadet-Asrinda-Ilim-Ve-Ibadet-Sahabe-Hayatindan-Mustuy.pdf,b-Library_Hzm/Çocuklar için-Hzm/Sahabe Hayatından,0.46
4-Saadet-Asrinda-Fedakarlik-Ve-Sabir-Sahabe-Hayatindan-Mustuy.pdf,PDF,ZIP Arşivi İçinde (b-Library_Hzm-20260601T235628Z-3-002.zip),C:\Users\default.LAPTOP-OBA1HVU9\.antigravity-ide\Books\b-Library_Hzm-20260601T235628Z-3-002.zip -> b-Library_Hzm/Çocuklar için-Hzm/Sahabe Hayatından/4-Saadet-Asrinda-Fedakarlik-Ve-Sabir-Sahabe-Hayatindan-Mustuy.pdf,b-Library_Hzm/Çocuklar için-Hzm/Sahabe Hayatından,0.41
5-Saadet-Asrinda-Dogruluk-Ve-Sadakat-Sahabe-Hayatindan-Mustuy.pdf,PDF,ZIP Arşivi İçinde (b-Library_Hzm-20260601T235628Z-3-002.zip),C:\Users\default.LAPTOP-OBA1HVU9\.antigravity-ide\Books\b-Library_Hzm-20260601T235628Z-3-002.zip -> b-Library_Hzm/Çocuklar için-Hzm/Sahabe Hayatından/5-Saadet-Asrinda-Dogruluk-Ve-Sadakat-Sahabe-Hayatindan-Mustuy.pdf,b-Library_Hzm/Çocuklar için-Hzm/Sahabe Hayatından,0.38
letters.pdf,PDF,ZIP Arşivi İçinde (b-Library_Hzm-20260601T235628Z-3-002.zip),C:\Users\default.LAPTOP-OBA1HVU9\.antigravity-ide\Books\b-Library_Hzm-20260601T235628Z-3-002.zip -> b-Library_Hzm/RN-Külliyat-Hzm/RN-Hzm-Eng/letters.pdf,b-Library_Hzm/RN-Külliyat-Hzm/RN-Hzm-Eng,2.88
2-emanet-elbise-mustuy.pdf,PDF,ZIP Arşivi İçinde (b-Library_Hzm-20260601T235628Z-3-002.zip),C:\Users\default.LAPTOP-OBA1HVU9\.antigravity-ide\Books\b-Library_Hzm-20260601T235628Z-3-002.zip -> b-Library_Hzm/Çocuklar için-Hzm/Sahabelerin Örnek Hayatı-Çocuk/2-emanet-elbise-mustuy.pdf,b-Library_Hzm/Çocuklar için-Hzm/Sahabelerin Örnek Hayatı-Çocuk,1.84
rays.pdf,PDF,ZIP Arşivi İçinde (b-Library_Hzm-20260601T235628Z-3-002.zip),C:\Users\default.LAPTOP-OBA1HVU9\.antigravity-ide\Books\b-Library_Hzm-20260601T235628Z-3-002.zip -> b-Library_Hzm/RN-Külliyat-Hzm/RN-Hzm-Eng/rays.pdf,b-Library_Hzm/RN-Külliyat-Hzm/RN-Hzm-Eng,2.79
3-cocuk-sevgisi-mustuy.pdf,PDF,ZIP Arşivi İçinde (b-Library_Hzm-20260601T235628Z-3-002.zip),C:\Users\default.LAPTOP-OBA1HVU9\.antigravity-ide\Books\b-Library_Hzm-20260601T235628Z-3-002.zip -> b-Library_Hzm/Çocuklar için-Hzm/Sahabelerin Örnek Hayatı-Çocuk/3-cocuk-sevgisi-mustuy.pdf,b-Library_Hzm/Çocuklar için-Hzm/Sahabelerin Örnek Hayatı-Çocuk,1.85
10-Hz-Ebu-Eyyub-el-Ensari-mustuy.pdf,PDF,ZIP Arşivi İçinde (b-Library_Hzm-20260601T235628Z-3-002.zip),C:\Users\default.LAPTOP-OBA1HVU9\.antigravity-ide\Books\b-Library_Hzm-20260601T235628Z-3-002.zip -> b-Library_Hzm/Çocuklar için-Hzm/Sahabeler-Çocuk/10-Hz-Ebu-Eyyub-el-Ensari-mustuy.pdf,b-Library_Hzm/Çocuklar için-Hzm/Sahabeler-Çocuk,0.91
3-bir-tas-corba-mustuy.pdf,PDF,ZIP Arşivi İçinde (b-Library_Hzm-20260601T235628Z-3-002.zip),C:\Users\default.LAPTOP-OBA1HVU9\.antigravity-ide\Books\b-Library_Hzm-20260601T235628Z-3-002.zip -> b-Library_Hzm/Çocuklar için-Hzm/Sahabelerin Örnek Hayatı-Çocuk/3-bir-tas-corba-mustuy.pdf,b-Library_Hzm/Çocuklar için-Hzm/Sahabelerin Örnek Hayatı-Çocuk,1.1
the-words.pdf,PDF,ZIP Arşivi İçinde (b-Library_Hzm-20260601T235628Z-3-002.zip),C:\Users\default.LAPTOP-OBA1HVU9\.antigravity-ide\Books\b-Library_Hzm-20260601T235628Z-3-002.zip -> b-Library_Hzm/RN-Külliyat-Hzm/RN-Hzm-Eng/the-words.pdf,b-Library_Hzm/RN-Külliyat-Hzm/RN-Hzm-Eng,3.6
1-yetim-yavru-mustuy.pdf,PDF,ZIP Arşivi İçinde (b-Library_Hzm-20260601T235628Z-3-002.zip),C:\Users\default.LAPTOP-OBA1HVU9\.antigravity-ide\Books\b-Library_Hzm-20260601T235628Z-3-002.zip -> b-Library_Hzm/Çocuklar için-Hzm/Sahabelerin Örnek Hayatı-Çocuk/1-yetim-yavru-mustuy.pdf,b-Library_Hzm/Çocuklar için-Hzm/Sahabelerin Örnek Hayatı-Çocuk,2.49
4-gercek-musteri-mustuy.pdf,PDF,ZIP Arşivi İçinde (b-Library_Hzm-20260601T235628Z-3-002.zip),C:\Users\default.LAPTOP-OBA1HVU9\.antigravity-ide\Books\b-Library_Hzm-20260601T235628Z-3-002.zip -> b-Library_Hzm/Çocuklar için-Hzm/Sahabelerin Örnek Hayatı-Çocuk/4-gercek-musteri-mustuy.pdf,b-Library_Hzm/Çocuklar için-Hzm/Sahabelerin Örnek Hayatı-Çocuk,1.29
5-kirilan-kalp-mustuy.pdf,PDF,ZIP Arşivi İçinde (b-Library_Hzm-20260601T235628Z-3-002.zip),C:\Users\default.LAPTOP-OBA1HVU9\.antigravity-ide\Books\b-Library_Hzm-20260601T235628Z-3-002.zip -> b-Library_Hzm/Çocuklar için-Hzm/Sahabelerin Örnek Hayatı-Çocuk/5-kirilan-kalp-mustuy.pdf,b-Library_Hzm/Çocuklar için-Hzm/Sahabelerin Örnek Hayatı-Çocuk,1.06
7-sevinc-yili-mustuy.pdf,PDF,ZIP Arşivi İçinde (b-Library_Hzm-20260601T235628Z-3-002.zip),C:\Users\default.LAPTOP-OBA1HVU9\.antigravity-ide\Books\b-Library_Hzm-20260601T235628Z-3-002.zip -> b-Library_Hzm/Çocuklar için-Hzm/Sahabelerin Örnek Hayatı-Çocuk/7-sevinc-yili-mustuy.pdf,b-Library_Hzm/Çocuklar için-Hzm/Sahabelerin Örnek Hayatı-Çocuk,1.72
6-yol-arkadasi-mustuy.pdf,PDF,ZIP Arşivi İçinde (b-Library_Hzm-20260601T235628Z-3-002.zip),C:\Users\default.LAPTOP-OBA1HVU9\.antigravity-ide\Books\b-Library_Hzm-20260601T235628Z-3-002.zip -> b-Library_Hzm/Çocuklar için-Hzm/Sahabelerin Örnek Hayatı-Çocuk/6-yol-arkadasi-mustuy.pdf,b-Library_Hzm/Çocuklar için-Hzm/Sahabelerin Örnek Hayatı-Çocuk,1.0
2-Kitaplara-İman-Hekimoğlu-İsmail.pdf,PDF,ZIP Arşivi İçinde (b-Library_Hzm-20260601T235628Z-3-002.zip),C:\Users\default.LAPTOP-OBA1HVU9\.antigravity-ide\Books\b-Library_Hzm-20260601T235628Z-3-002.zip -> b-Library_Hzm/Çocuklar için-Hzm/İman-Hekimoğlu İsmail/2-Kitaplara-İman-Hekimoğlu-İsmail.pdf,b-Library_Hzm/Çocuklar için-Hzm/İman-Hekimoğlu İsmail,1.76
3-Peygamberlere-İman-Hekimoğlu-İsmail.pdf,PDF,ZIP Arşivi İçinde (b-Library_Hzm-20260601T235628Z-3-002.zip),C:\Users\default.LAPTOP-OBA1HVU9\.antigravity-ide\Books\b-Library_Hzm-20260601T235628Z-3-002.zip -> b-Library_Hzm/Çocuklar için-Hzm/İman-Hekimoğlu İsmail/3-Peygamberlere-İman-Hekimoğlu-İsmail.pdf,b-Library_Hzm/Çocuklar için-Hzm/İman-Hekimoğlu İsmail,1.74
06-musab-ibn-i-umeyr-mustuy.pdf,PDF,ZIP Arşivi İçinde (b-Library_Hzm-20260601T235628Z-3-002.zip),C:\Users\default.LAPTOP-OBA1HVU9\.antigravity-ide\Books\b-Library_Hzm-20260601T235628Z-3-002.zip -> b-Library_Hzm/Çocuklar için-Hzm/Sahabeler-Çocuk/06-musab-ibn-i-umeyr-mustuy.pdf,b-Library_Hzm/Çocuklar için-Hzm/Sahabeler-Çocuk,1.05
4-Haşre-İman-Hekimoğlu-İsmail.pdf,PDF,ZIP Arşivi İçinde (b-Library_Hzm-20260601T235628Z-3-002.zip),C:\Users\default.LAPTOP-OBA1HVU9\.antigravity-ide\Books\b-Library_Hzm-20260601T235628Z-3-002.zip -> b-Library_Hzm/Çocuklar için-Hzm/İman-Hekimoğlu İsmail/4-Haşre-İman-Hekimoğlu-İsmail.pdf,b-Library_Hzm/Çocuklar için-Hzm/İman-Hekimoğlu İsmail,1.7
04-hazreti-ali-mustuy.pdf,PDF,ZIP Arşivi İçinde (b-Library_Hzm-20260601T235628Z-3-002.zip),C:\Users\default.LAPTOP-OBA1HVU9\.antigravity-ide\Books\b-Library_Hzm-20260601T235628Z-3-002.zip -> b-Library_Hzm/Çocuklar için-Hzm/Sahabeler-Çocuk/04-hazreti-ali-mustuy.pdf,b-Library_Hzm/Çocuklar için-Hzm/Sahabeler-Çocuk,0.93
05-hazreti-ebu-zer-mustuy.pdf,PDF,ZIP Arşivi İçinde (b-Library_Hzm-20260601T235628Z-3-002.zip),C:\Users\default.LAPTOP-OBA1HVU9\.antigravity-ide\Books\b-Library_Hzm-20260601T235628Z-3-002.zip -> b-Library_Hzm/Çocuklar için-Hzm/Sahabeler-Çocuk/05-hazreti-ebu-zer-mustuy.pdf,b-Library_Hzm/Çocuklar için-Hzm/Sahabeler-Çocuk,1.08
sadelestirilmis-mektubat.pdf,PDF,ZIP Arşivi İçinde (b-Library_Hzm-20260601T235628Z-3-002.zip),C:\Users\default.LAPTOP-OBA1HVU9\.antigravity-ide\Books\b-Library_Hzm-20260601T235628Z-3-002.zip -> b-Library_Hzm/RN-Külliyat-Hzm/RN-Sade/sadelestirilmis-mektubat.pdf,b-Library_Hzm/RN-Külliyat-Hzm/RN-Sade,3.61
Neye-Nasıl-İnanırım-Hekimoğlu-İsmail.pdf,PDF,ZIP Arşivi İçinde (b-Library_Hzm-20260601T235628Z-3-002.zip),C:\Users\default.LAPTOP-OBA1HVU9\.antigravity-ide\Books\b-Library_Hzm-20260601T235628Z-3-002.zip -> b-Library_Hzm/Çocuklar için-Hzm/İman-Hekimoğlu İsmail/Neye-Nasıl-İnanırım-Hekimoğlu-İsmail.pdf,b-Library_Hzm/Çocuklar için-Hzm/İman-Hekimoğlu İsmail,2.1
03-hazreti-osman-mustuy.pdf,PDF,ZIP Arşivi İçinde (b-Library_Hzm-20260601T235628Z-3-002.zip),C:\Users\default.LAPTOP-OBA1HVU9\.antigravity-ide\Books\b-Library_Hzm-20260601T235628Z-3-002.zip -> b-Library_Hzm/Çocuklar için-Hzm/Sahabeler-Çocuk/03-hazreti-osman-mustuy.pdf,b-Library_Hzm/Çocuklar için-Hzm/Sahabeler-Çocuk,1.41
09-dahi-komutan-hazreti-halid-bin-velid-mustuy.pdf,PDF,ZIP Arşivi İçinde (b-Library_Hzm-20260601T235628Z-3-002.zip),C:\Users\default.LAPTOP-OBA1HVU9\.antigravity-ide\Books\b-Library_Hzm-20260601T235628Z-3-002.zip -> b-Library_Hzm/Çocuklar için-Hzm/Sahabeler-Çocuk/09-dahi-komutan-hazreti-halid-bin-velid-mustuy.pdf,b-Library_Hzm/Çocuklar için-Hzm/Sahabeler-Çocuk,8.21
02-hazreti-omer-mustuy.pdf,PDF,ZIP Arşivi İçinde (b-Library_Hzm-20260601T235628Z-3-002.zip),C:\Users\default.LAPTOP-OBA1HVU9\.antigravity-ide\Books\b-Library_Hzm-20260601T235628Z-3-002.zip -> b-Library_Hzm/Çocuklar için-Hzm/Sahabeler-Çocuk/02-hazreti-omer-mustuy.pdf,b-Library_Hzm/Çocuklar için-Hzm/Sahabeler-Çocuk,1.08
01-hazreti-ebu-bekir-mustuy.pdf,PDF,ZIP Arşivi İçinde (b-Library_Hzm-20260601T235628Z-3-002.zip),C:\Users\default.LAPTOP-OBA1HVU9\.antigravity-ide\Books\b-Library_Hzm-20260601T235628Z-3-002.zip -> b-Library_Hzm/Çocuklar için-Hzm/Sahabeler-Çocuk/01-hazreti-ebu-bekir-mustuy.pdf,b-Library_Hzm/Çocuklar için-Hzm/Sahabeler-Çocuk,1.28
1-Allah_a-iman-Hekimoğlu-ismail.pdf,PDF,ZIP Arşivi İçinde (b-Library_Hzm-20260601T235628Z-3-002.zip),C:\Users\default.LAPTOP-OBA1HVU9\.antigravity-ide\Books\b-Library_Hzm-20260601T235628Z-3-002.zip -> b-Library_Hzm/Çocuklar için-Hzm/İman-Hekimoğlu İsmail/1-Allah_a-iman-Hekimoğlu-ismail.pdf,b-Library_Hzm/Çocuklar için-Hzm/İman-Hekimoğlu İsmail,2.0
sadelestirilmis-lemalar.pdf,PDF,ZIP Arşivi İçinde (b-Library_Hzm-20260601T235628Z-3-002.zip),C:\Users\default.LAPTOP-OBA1HVU9\.antigravity-ide\Books\b-Library_Hzm-20260601T235628Z-3-002.zip -> b-Library_Hzm/RN-Külliyat-Hzm/RN-Sade/sadelestirilmis-lemalar.pdf,b-Library_Hzm/RN-Külliyat-Hzm/RN-Sade,2.89
08-bedrin-aslani-hazreti-hamza-mustuy.pdf,PDF,ZIP Arşivi İçinde (b-Library_Hzm-20260601T235628Z-3-002.zip),C:\Users\default.LAPTOP-OBA1HVU9\.antigravity-ide\Books\b-Library_Hzm-20260601T235628Z-3-002.zip -> b-Library_Hzm/Çocuklar için-Hzm/Sahabeler-Çocuk/08-bedrin-aslani-hazreti-hamza-mustuy.pdf,b-Library_Hzm/Çocuklar için-Hzm/Sahabeler-Çocuk,9.68
Gonullerin Gulu-hz-muhammed-sav-aynur-uraler.pdf,PDF,ZIP Arşivi İçinde (b-Library_Hzm-20260601T235628Z-3-002.zip),C:\Users\default.LAPTOP-OBA1HVU9\.antigravity-ide\Books\b-Library_Hzm-20260601T235628Z-3-002.zip -> b-Library_Hzm/Efendimiz Sav-Hzm/Gonullerin Gulu-hz-muhammed-sav-aynur-uraler.pdf,b-Library_Hzm/Efendimiz Sav-Hzm,0.76
The Sultan-of-Hearts-Prophet-Muhammad-Haylamaz-Resit.pdf,PDF,ZIP Arşivi İçinde (b-Library_Hzm-20260601T235628Z-3-002.zip),C:\Users\default.LAPTOP-OBA1HVU9\.antigravity-ide\Books\b-Library_Hzm-20260601T235628Z-3-002.zip -> b-Library_Hzm/Efendimiz Sav-Hzm-English/The Sultan-of-Hearts-Prophet-Muhammad-Haylamaz-Resit.pdf,b-Library_Hzm/Efendimiz Sav-Hzm-English,11.86
Gul-Kokulu-Hikayeler-Kemal-Turan.pdf,PDF,ZIP Arşivi İçinde (b-Library_Hzm-20260601T235628Z-3-002.zip),C:\Users\default.LAPTOP-OBA1HVU9\.antigravity-ide\Books\b-Library_Hzm-20260601T235628Z-3-002.zip -> b-Library_Hzm/Efendimiz Sav-Hzm/Gul-Kokulu-Hikayeler-Kemal-Turan.pdf,b-Library_Hzm/Efendimiz Sav-Hzm,0.94
Nebevi-Mujdenin-izinde-Huseyin-Algul.pdf,PDF,ZIP Arşivi İçinde (b-Library_Hzm-20260601T235628Z-3-002.zip),C:\Users\default.LAPTOP-OBA1HVU9\.antigravity-ide\Books\b-Library_Hzm-20260601T235628Z-3-002.zip -> b-Library_Hzm/Efendimiz Sav-Hzm/Nebevi-Mujdenin-izinde-Huseyin-Algul.pdf,b-Library_Hzm/Efendimiz Sav-Hzm,0.6
Peygamber Sevgisi-zubeyr-tekin-rehberyayinlari.pdf,PDF,ZIP Arşivi İçinde (b-Library_Hzm-20260601T235628Z-3-002.zip),C:\Users\default.LAPTOP-OBA1HVU9\.antigravity-ide\Books\b-Library_Hzm-20260601T235628Z-3-002.zip -> b-Library_Hzm/Efendimiz Sav-Hzm/Peygamber Sevgisi-zubeyr-tekin-rehberyayinlari.pdf,b-Library_Hzm/Efendimiz Sav-Hzm,0.73
Çesitli Yonleriyle Hz Peygamber-sav-ibrahim-bayraktar-isikyayinlari.pdf,PDF,ZIP Arşivi İçinde (b-Library_Hzm-20260601T235628Z-3-002.zip),C:\Users\default.LAPTOP-OBA1HVU9\.antigravity-ide\Books\b-Library_Hzm-20260601T235628Z-3-002.zip -> b-Library_Hzm/Efendimiz Sav-Hzm/Çesitli Yonleriyle Hz Peygamber-sav-ibrahim-bayraktar-isikyayinlari.pdf,b-Library_Hzm/Efendimiz Sav-Hzm,0.59
Hz Peygamber Modeli-insanlar-arasi-iliskilerde-rehberyayinlari.pdf,PDF,ZIP Arşivi İçinde (b-Library_Hzm-20260601T235628Z-3-002.zip),C:\Users\default.LAPTOP-OBA1HVU9\.antigravity-ide\Books\b-Library_Hzm-20260601T235628Z-3-002.zip -> b-Library_Hzm/Efendimiz Sav-Hzm/Hz Peygamber Modeli-insanlar-arasi-iliskilerde-rehberyayinlari.pdf,b-Library_Hzm/Efendimiz Sav-Hzm,0.73
07-hazreti-hasan-ve-hazreti-huseyin-mustuy.pdf,PDF,ZIP Arşivi İçinde (b-Library_Hzm-20260601T235628Z-3-002.zip),C:\Users\default.LAPTOP-OBA1HVU9\.antigravity-ide\Books\b-Library_Hzm-20260601T235628Z-3-002.zip -> b-Library_Hzm/Çocuklar için-Hzm/Sahabeler-Çocuk/07-hazreti-hasan-ve-hazreti-huseyin-mustuy.pdf,b-Library_Hzm/Çocuklar için-Hzm/Sahabeler-Çocuk,6.56
Peygamber-Efendimizin-Gunluk-Hayati-Mustafa-Gundogdu-.pdf,PDF,ZIP Arşivi İçinde (b-Library_Hzm-20260601T235628Z-3-002.zip),C:\Users\default.LAPTOP-OBA1HVU9\.antigravity-ide\Books\b-Library_Hzm-20260601T235628Z-3-002.zip -> b-Library_Hzm/Efendimiz Sav-Hzm/Peygamber-Efendimizin-Gunluk-Hayati-Mustafa-Gundogdu-.pdf,b-Library_Hzm/Efendimiz Sav-Hzm,0.93
Kutlu Dogum-o-herkesin-peygamberi-rehberyayinlari.pdf,PDF,ZIP Arşivi İçinde (b-Library_Hzm-20260601T235628Z-3-002.zip),C:\Users\default.LAPTOP-OBA1HVU9\.antigravity-ide\Books\b-Library_Hzm-20260601T235628Z-3-002.zip -> b-Library_Hzm/Efendimiz Sav-Hzm/Kutlu Dogum-o-herkesin-peygamberi-rehberyayinlari.pdf,b-Library_Hzm/Efendimiz Sav-Hzm,10.38
Aile-reisi-ve-baba-olarak-hz-peygamber-ibrahim-canan-gulyurduyayinlari.pdf,PDF,ZIP Arşivi İçinde (b-Library_Hzm-20260601T235628Z-3-002.zip),C:\Users\default.LAPTOP-OBA1HVU9\.antigravity-ide\Books\b-Library_Hzm-20260601T235628Z-3-002.zip -> b-Library_Hzm/Efendimiz Sav-Hzm/Aile-reisi-ve-baba-olarak-hz-peygamber-ibrahim-canan-gulyurduyayinlari.pdf,b-Library_Hzm/Efendimiz Sav-Hzm,0.69
Şemail-isikyayinlari-faruk-vural.pdf,PDF,ZIP Arşivi İçinde (b-Library_Hzm-20260601T235628Z-3-002.zip),C:\Users\default.LAPTOP-OBA1HVU9\.antigravity-ide\Books\b-Library_Hzm-20260601T235628Z-3-002.zip -> b-Library_Hzm/Efendimiz Sav-Hzm/Şemail-isikyayinlari-faruk-vural.pdf,b-Library_Hzm/Efendimiz Sav-Hzm,0.65
Peygamber-Sevgisi-RehberYayinlari.pdf,PDF,ZIP Arşivi İçinde (b-Library_Hzm-20260601T235628Z-3-002.zip),C:\Users\default.LAPTOP-OBA1HVU9\.antigravity-ide\Books\b-Library_Hzm-20260601T235628Z-3-002.zip -> b-Library_Hzm/Efendimiz Sav-Hzm/Peygamber-Sevgisi-RehberYayinlari.pdf,b-Library_Hzm/Efendimiz Sav-Hzm,0.73
VE GAYBIN SON HABERCİSİ.pdf,PDF,ZIP Arşivi İçinde (b-Library_Hzm-20260601T235628Z-3-002.zip),C:\Users\default.LAPTOP-OBA1HVU9\.antigravity-ide\Books\b-Library_Hzm-20260601T235628Z-3-002.zip -> b-Library_Hzm/Efendimiz Sav-Hzm/VE GAYBIN SON HABERCİSİ.pdf,b-Library_Hzm/Efendimiz Sav-Hzm,0.56
Dillerdeki Mujde-resit-haylamaz.pdf,PDF,ZIP Arşivi İçinde (b-Library_Hzm-20260601T235628Z-3-002.zip),C:\Users\default.LAPTOP-OBA1HVU9\.antigravity-ide\Books\b-Library_Hzm-20260601T235628Z-3-002.zip -> b-Library_Hzm/Efendimiz Sav-Hzm/Dillerdeki Mujde-resit-haylamaz.pdf,b-Library_Hzm/Efendimiz Sav-Hzm,0.91
Efendimiz-in-Bir-Gunu-Abdulhakim-Yuce-Işık-Yayınları-2011.epub,EPUB,ZIP Arşivi İçinde (b-Library_Hzm-20260601T235628Z-3-002.zip),C:\Users\default.LAPTOP-OBA1HVU9\.antigravity-ide\Books\b-Library_Hzm-20260601T235628Z-3-002.zip -> b-Library_Hzm/Efendimiz Sav-Hzm/Efendimiz-in-Bir-Gunu-Abdulhakim-Yuce-Işık-Yayınları-2011.epub,b-Library_Hzm/Efendimiz Sav-Hzm,0.26
peygamberimizin-sav-semaili-ahlak-ve-adabi-huseyin-algul.pdf,PDF,ZIP Arşivi İçinde (b-Library_Hzm-20260601T235628Z-3-002.zip),C:\Users\default.LAPTOP-OBA1HVU9\.antigravity-ide\Books\b-Library_Hzm-20260601T235628Z-3-002.zip -> b-Library_Hzm/Efendimiz Sav-Hzm/peygamberimizin-sav-semaili-ahlak-ve-adabi-huseyin-algul.pdf,b-Library_Hzm/Efendimiz Sav-Hzm,0.45
Kutlu Dogum-dergisi-2008-sulh-peygamberi-sav-rehberyayinlari.pdf,PDF,ZIP Arşivi İçinde (b-Library_Hzm-20260601T235628Z-3-002.zip),C:\Users\default.LAPTOP-OBA1HVU9\.antigravity-ide\Books\b-Library_Hzm-20260601T235628Z-3-002.zip -> b-Library_Hzm/Efendimiz Sav-Hzm/Kutlu Dogum-dergisi-2008-sulh-peygamberi-sav-rehberyayinlari.pdf,b-Library_Hzm/Efendimiz Sav-Hzm,14.49
ilim-ve-sifatlariyla-efendimiz-sav-ali-budak.pdf,PDF,ZIP Arşivi İçinde (b-Library_Hzm-20260601T235628Z-3-002.zip),C:\Users\default.LAPTOP-OBA1HVU9\.antigravity-ide\Books\b-Library_Hzm-20260601T235628Z-3-002.zip -> b-Library_Hzm/Efendimiz Sav-Hzm/ilim-ve-sifatlariyla-efendimiz-sav-ali-budak.pdf,b-Library_Hzm/Efendimiz Sav-Hzm,0.77
Efendimizin-bir-gunu-abdulhakim-yuce-isikyayinlari.pdf,PDF,ZIP Arşivi İçinde (b-Library_Hzm-20260601T235628Z-3-002.zip),C:\Users\default.LAPTOP-OBA1HVU9\.antigravity-ide\Books\b-Library_Hzm-20260601T235628Z-3-002.zip -> b-Library_Hzm/Efendimiz Sav-Hzm/Efendimizin-bir-gunu-abdulhakim-yuce-isikyayinlari.pdf,b-Library_Hzm/Efendimiz Sav-Hzm,0.69
hz.-peygamberin-sunnetinde-terbiye.pdf,PDF,ZIP Arşivi İçinde (b-Library_Hzm-20260601T235628Z-3-002.zip),C:\Users\default.LAPTOP-OBA1HVU9\.antigravity-ide\Books\b-Library_Hzm-20260601T235628Z-3-002.zip -> b-Library_Hzm/Aile ve Çocuk-Hzm/hz.-peygamberin-sunnetinde-terbiye.pdf,b-Library_Hzm/Aile ve Çocuk-Hzm,3.26
sirin-cocuklar-06-mustuy.pdf,PDF,ZIP Arşivi İçinde (b-Library_Hzm-20260601T235628Z-3-002.zip),C:\Users\default.LAPTOP-OBA1HVU9\.antigravity-ide\Books\b-Library_Hzm-20260601T235628Z-3-002.zip -> b-Library_Hzm/Çocuklar için-Hzm/Şirin Çocuklar-Dini/sirin-cocuklar-06-mustuy.pdf,b-Library_Hzm/Çocuklar için-Hzm/Şirin Çocuklar-Dini,9.04
sirin-cocuklar-07-mustuy.pdf,PDF,ZIP Arşivi İçinde (b-Library_Hzm-20260601T235628Z-3-002.zip),C:\Users\default.LAPTOP-OBA1HVU9\.antigravity-ide\Books\b-Library_Hzm-20260601T235628Z-3-002.zip -> b-Library_Hzm/Çocuklar için-Hzm/Şirin Çocuklar-Dini/sirin-cocuklar-07-mustuy.pdf,b-Library_Hzm/Çocuklar için-Hzm/Şirin Çocuklar-Dini,9.12
sirin-cocuklar-05-mustuy.pdf,PDF,ZIP Arşivi İçinde (b-Library_Hzm-20260601T235628Z-3-002.zip),C:\Users\default.LAPTOP-OBA1HVU9\.antigravity-ide\Books\b-Library_Hzm-20260601T235628Z-3-002.zip -> b-Library_Hzm/Çocuklar için-Hzm/Şirin Çocuklar-Dini/sirin-cocuklar-05-mustuy.pdf,b-Library_Hzm/Çocuklar için-Hzm/Şirin Çocuklar-Dini,9.39
sirin-cocuklar-01-mustuy.pdf,PDF,ZIP Arşivi İçinde (b-Library_Hzm-20260601T235628Z-3-002.zip),C:\Users\default.LAPTOP-OBA1HVU9\.antigravity-ide\Books\b-Library_Hzm-20260601T235628Z-3-002.zip -> b-Library_Hzm/Çocuklar için-Hzm/Şirin Çocuklar-Dini/sirin-cocuklar-01-mustuy.pdf,b-Library_Hzm/Çocuklar için-Hzm/Şirin Çocuklar-Dini,15.46
sirin-cocuklar-08-mustuy.pdf,PDF,ZIP Arşivi İçinde (b-Library_Hzm-20260601T235628Z-3-002.zip),C:\Users\default.LAPTOP-OBA1HVU9\.antigravity-ide\Books\b-Library_Hzm-20260601T235628Z-3-002.zip -> b-Library_Hzm/Çocuklar için-Hzm/Şirin Çocuklar-Dini/sirin-cocuklar-08-mustuy.pdf,b-Library_Hzm/Çocuklar için-Hzm/Şirin Çocuklar-Dini,9.33
A.Aymaz-Emirdag-Lahikasi-2.pdf,PDF,ZIP Arşivi İçinde (b-Library_Hzm-20260601T235628Z-3-002.zip),C:\Users\default.LAPTOP-OBA1HVU9\.antigravity-ide\Books\b-Library_Hzm-20260601T235628Z-3-002.zip -> b-Library_Hzm/A.Aymaz-RN/A.Aymaz-Emirdag-Lahikasi-2.pdf,b-Library_Hzm/A.Aymaz-RN,1.39
sirin-cocuklar-03-mustuy.pdf,PDF,ZIP Arşivi İçinde (b-Library_Hzm-20260601T235628Z-3-002.zip),C:\Users\default.LAPTOP-OBA1HVU9\.antigravity-ide\Books\b-Library_Hzm-20260601T235628Z-3-002.zip -> b-Library_Hzm/Çocuklar için-Hzm/Şirin Çocuklar-Dini/sirin-cocuklar-03-mustuy.pdf,b-Library_Hzm/Çocuklar için-Hzm/Şirin Çocuklar-Dini,7.31
A.Aymaz-Kastamonu-Lahikasi.pdf,PDF,ZIP Arşivi İçinde (b-Library_Hzm-20260601T235628Z-3-002.zip),C:\Users\default.LAPTOP-OBA1HVU9\.antigravity-ide\Books\b-Library_Hzm-20260601T235628Z-3-002.zip -> b-Library_Hzm/A.Aymaz-RN/A.Aymaz-Kastamonu-Lahikasi.pdf,b-Library_Hzm/A.Aymaz-RN,1.77
A.Aymaz-Hizmet-Rehberi.pdf,PDF,ZIP Arşivi İçinde (b-Library_Hzm-20260601T235628Z-3-002.zip),C:\Users\default.LAPTOP-OBA1HVU9\.antigravity-ide\Books\b-Library_Hzm-20260601T235628Z-3-002.zip -> b-Library_Hzm/A.Aymaz-RN/A.Aymaz-Hizmet-Rehberi.pdf,b-Library_Hzm/A.Aymaz-RN,1.6
sirin-cocuklar-04-mustuy.pdf,PDF,ZIP Arşivi İçinde (b-Library_Hzm-20260601T235628Z-3-002.zip),C:\Users\default.LAPTOP-OBA1HVU9\.antigravity-ide\Books\b-Library_Hzm-20260601T235628Z-3-002.zip -> b-Library_Hzm/Çocuklar için-Hzm/Şirin Çocuklar-Dini/sirin-cocuklar-04-mustuy.pdf,b-Library_Hzm/Çocuklar için-Hzm/Şirin Çocuklar-Dini,6.79
A.Aymaz-Emirdag-Lahikasi-1.pdf,PDF,ZIP Arşivi İçinde (b-Library_Hzm-20260601T235628Z-3-002.zip),C:\Users\default.LAPTOP-OBA1HVU9\.antigravity-ide\Books\b-Library_Hzm-20260601T235628Z-3-002.zip -> b-Library_Hzm/A.Aymaz-RN/A.Aymaz-Emirdag-Lahikasi-1.pdf,b-Library_Hzm/A.Aymaz-RN,1.63
gokkusaginin-ardindaki-ulke-risale-hikayeleri-mustuy.pdf,PDF,ZIP Arşivi İçinde (b-Library_Hzm-20260601T235628Z-3-002.zip),C:\Users\default.LAPTOP-OBA1HVU9\.antigravity-ide\Books\b-Library_Hzm-20260601T235628Z-3-002.zip -> b-Library_Hzm/Çocuklar için-Hzm/Risale Hikayeleri/gokkusaginin-ardindaki-ulke-risale-hikayeleri-mustuy.pdf,b-Library_Hzm/Çocuklar için-Hzm/Risale Hikayeleri,0.31
A.Aymaz-Muhakemat.pdf,PDF,ZIP Arşivi İçinde (b-Library_Hzm-20260601T235628Z-3-002.zip),C:\Users\default.LAPTOP-OBA1HVU9\.antigravity-ide\Books\b-Library_Hzm-20260601T235628Z-3-002.zip -> b-Library_Hzm/A.Aymaz-RN/A.Aymaz-Muhakemat.pdf,b-Library_Hzm/A.Aymaz-RN,1.61
sirin-cocuklar-02-mustuy.pdf,PDF,ZIP Arşivi İçinde (b-Library_Hzm-20260601T235628Z-3-002.zip),C:\Users\default.LAPTOP-OBA1HVU9\.antigravity-ide\Books\b-Library_Hzm-20260601T235628Z-3-002.zip -> b-Library_Hzm/Çocuklar için-Hzm/Şirin Çocuklar-Dini/sirin-cocuklar-02-mustuy.pdf,b-Library_Hzm/Çocuklar için-Hzm/Şirin Çocuklar-Dini,19.03
akrebin-sifresi-risale-hikayeleri-mustuy.pdf,PDF,ZIP Arşivi İçinde (b-Library_Hzm-20260601T235628Z-3-002.zip),C:\Users\default.LAPTOP-OBA1HVU9\.antigravity-ide\Books\b-Library_Hzm-20260601T235628Z-3-002.zip -> b-Library_Hzm/Çocuklar için-Hzm/Risale Hikayeleri/akrebin-sifresi-risale-hikayeleri-mustuy.pdf,b-Library_Hzm/Çocuklar için-Hzm/Risale Hikayeleri,0.39
hayat-meydani-risale-hikayeleri-mustuy.pdf,PDF,ZIP Arşivi İçinde (b-Library_Hzm-20260601T235628Z-3-002.zip),C:\Users\default.LAPTOP-OBA1HVU9\.antigravity-ide\Books\b-Library_Hzm-20260601T235628Z-3-002.zip -> b-Library_Hzm/Çocuklar için-Hzm/Risale Hikayeleri/hayat-meydani-risale-hikayeleri-mustuy.pdf,b-Library_Hzm/Çocuklar için-Hzm/Risale Hikayeleri,0.24
yol-ayrimi-risale-hikayeleri-mustuy.pdf,PDF,ZIP Arşivi İçinde (b-Library_Hzm-20260601T235628Z-3-002.zip),C:\Users\default.LAPTOP-OBA1HVU9\.antigravity-ide\Books\b-Library_Hzm-20260601T235628Z-3-002.zip -> b-Library_Hzm/Çocuklar için-Hzm/Risale Hikayeleri/yol-ayrimi-risale-hikayeleri-mustuy.pdf,b-Library_Hzm/Çocuklar için-Hzm/Risale Hikayeleri,1.62
gul-devri-5-Hz-Ali-mustuy.pdf,PDF,ZIP Arşivi İçinde (b-Library_Hzm-20260601T235628Z-3-002.zip),C:\Users\default.LAPTOP-OBA1HVU9\.antigravity-ide\Books\b-Library_Hzm-20260601T235628Z-3-002.zip -> b-Library_Hzm/Çocuklar için-Hzm/Peygamberimiz ve Halifeleri-Çocuk/gul-devri-5-Hz-Ali-mustuy.pdf,b-Library_Hzm/Çocuklar için-Hzm/Peygamberimiz ve Halifeleri-Çocuk,1.34
gul-devri-6-Hz-Hatice-mustuy.pdf,PDF,ZIP Arşivi İçinde (b-Library_Hzm-20260601T235628Z-3-002.zip),C:\Users\default.LAPTOP-OBA1HVU9\.antigravity-ide\Books\b-Library_Hzm-20260601T235628Z-3-002.zip -> b-Library_Hzm/Çocuklar için-Hzm/Peygamberimiz ve Halifeleri-Çocuk/gul-devri-6-Hz-Hatice-mustuy.pdf,b-Library_Hzm/Çocuklar için-Hzm/Peygamberimiz ve Halifeleri-Çocuk,1.64
A.Aymaz-Hanimlar-Rehberi.pdf,PDF,ZIP Arşivi İçinde (b-Library_Hzm-20260601T235628Z-3-002.zip),C:\Users\default.LAPTOP-OBA1HVU9\.antigravity-ide\Books\b-Library_Hzm-20260601T235628Z-3-002.zip -> b-Library_Hzm/A.Aymaz-RN/A.Aymaz-Hanimlar-Rehberi.pdf,b-Library_Hzm/A.Aymaz-RN,7.88
Şefkat Gunesi-resit-haylamaz.pdf,PDF,ZIP Arşivi İçinde (b-Library_Hzm-20260601T235628Z-3-002.zip),C:\Users\default.LAPTOP-OBA1HVU9\.antigravity-ide\Books\b-Library_Hzm-20260601T235628Z-3-002.zip -> b-Library_Hzm/Efendimiz Sav-Hzm/Şefkat Gunesi-resit-haylamaz.pdf,b-Library_Hzm/Efendimiz Sav-Hzm,1.84
gul-devri-3-Hz-Ömer-mustuy.pdf,PDF,ZIP Arşivi İçinde (b-Library_Hzm-20260601T235628Z-3-002.zip),C:\Users\default.LAPTOP-OBA1HVU9\.antigravity-ide\Books\b-Library_Hzm-20260601T235628Z-3-002.zip -> b-Library_Hzm/Çocuklar için-Hzm/Peygamberimiz ve Halifeleri-Çocuk/gul-devri-3-Hz-Ömer-mustuy.pdf,b-Library_Hzm/Çocuklar için-Hzm/Peygamberimiz ve Halifeleri-Çocuk,1.63
gul-devri-4-Hz-Osman-mustuy.pdf,PDF,ZIP Arşivi İçinde (b-Library_Hzm-20260601T235628Z-3-002.zip),C:\Users\default.LAPTOP-OBA1HVU9\.antigravity-ide\Books\b-Library_Hzm-20260601T235628Z-3-002.zip -> b-Library_Hzm/Çocuklar için-Hzm/Peygamberimiz ve Halifeleri-Çocuk/gul-devri-4-Hz-Osman-mustuy.pdf,b-Library_Hzm/Çocuklar için-Hzm/Peygamberimiz ve Halifeleri-Çocuk,2.4
gul-devri-2-Hz.-Ebubekir-mustuy.pdf,PDF,ZIP Arşivi İçinde (b-Library_Hzm-20260601T235628Z-3-002.zip),C:\Users\default.LAPTOP-OBA1HVU9\.antigravity-ide\Books\b-Library_Hzm-20260601T235628Z-3-002.zip -> b-Library_Hzm/Çocuklar için-Hzm/Peygamberimiz ve Halifeleri-Çocuk/gul-devri-2-Hz.-Ebubekir-mustuy.pdf,b-Library_Hzm/Çocuklar için-Hzm/Peygamberimiz ve Halifeleri-Çocuk,1.83
aglayan-kutuk-mustuy.pdf,PDF,ZIP Arşivi İçinde (b-Library_Hzm-20260601T235628Z-3-002.zip),C:\Users\default.LAPTOP-OBA1HVU9\.antigravity-ide\Books\b-Library_Hzm-20260601T235628Z-3-002.zip -> b-Library_Hzm/Çocuklar için-Hzm/Peygamberimizin Mucizeleri-Çocuk/aglayan-kutuk-mustuy.pdf,b-Library_Hzm/Çocuklar için-Hzm/Peygamberimizin Mucizeleri-Çocuk,2.03
konusan-kurt-mustuy.pdf,PDF,ZIP Arşivi İçinde (b-Library_Hzm-20260601T235628Z-3-002.zip),C:\Users\default.LAPTOP-OBA1HVU9\.antigravity-ide\Books\b-Library_Hzm-20260601T235628Z-3-002.zip -> b-Library_Hzm/Çocuklar için-Hzm/Peygamberimizin Mucizeleri-Çocuk/konusan-kurt-mustuy.pdf,b-Library_Hzm/Çocuklar için-Hzm/Peygamberimizin Mucizeleri-Çocuk,1.24
zikreden-taslar-mustuy.pdf,PDF,ZIP Arşivi İçinde (b-Library_Hzm-20260601T235628Z-3-002.zip),C:\Users\default.LAPTOP-OBA1HVU9\.antigravity-ide\Books\b-Library_Hzm-20260601T235628Z-3-002.zip -> b-Library_Hzm/Çocuklar için-Hzm/Peygamberimizin Mucizeleri-Çocuk/zikreden-taslar-mustuy.pdf,b-Library_Hzm/Çocuklar için-Hzm/Peygamberimizin Mucizeleri-Çocuk,1.94
01-Yavru Deve - Peygamberimizden Hatiralar.PDF,PDF,ZIP Arşivi İçinde (b-Library_Hzm-20260601T235628Z-3-002.zip),C:\Users\default.LAPTOP-OBA1HVU9\.antigravity-ide\Books\b-Library_Hzm-20260601T235628Z-3-002.zip -> b-Library_Hzm/Çocuklar için-Hzm/Peygamberimizden Hatıralar/01-Yavru Deve - Peygamberimizden Hatiralar.PDF,b-Library_Hzm/Çocuklar için-Hzm/Peygamberimizden Hatıralar,1.17
bereketlenen-yemek-mustuy.pdf,PDF,ZIP Arşivi İçinde (b-Library_Hzm-20260601T235628Z-3-002.zip),C:\Users\default.LAPTOP-OBA1HVU9\.antigravity-ide\Books\b-Library_Hzm-20260601T235628Z-3-002.zip -> b-Library_Hzm/Çocuklar için-Hzm/Peygamberimizin Mucizeleri-Çocuk/bereketlenen-yemek-mustuy.pdf,b-Library_Hzm/Çocuklar için-Hzm/Peygamberimizin Mucizeleri-Çocuk,2.53
gokten-inen-su-mustuy.pdf,PDF,ZIP Arşivi İçinde (b-Library_Hzm-20260601T235628Z-3-002.zip),C:\Users\default.LAPTOP-OBA1HVU9\.antigravity-ide\Books\b-Library_Hzm-20260601T235628Z-3-002.zip -> b-Library_Hzm/Çocuklar için-Hzm/Peygamberimizin Mucizeleri-Çocuk/gokten-inen-su-mustuy.pdf,b-Library_Hzm/Çocuklar için-Hzm/Peygamberimizin Mucizeleri-Çocuk,2.24
peygamber-efendimizin-mucizeleri-6-ruhi-demirel-isik-sacan-asa-mustuy.pdf,PDF,ZIP Arşivi İçinde (b-Library_Hzm-20260601T235628Z-3-002.zip),C:\Users\default.LAPTOP-OBA1HVU9\.antigravity-ide\Books\b-Library_Hzm-20260601T235628Z-3-002.zip -> b-Library_Hzm/Çocuklar için-Hzm/Peygamberimizin Mucizeleri-Çocuk/peygamber-efendimizin-mucizeleri-6-ruhi-demirel-isik-sacan-asa-mustuy.pdf,b-Library_Hzm/Çocuklar için-Hzm/Peygamberimizin Mucizeleri-Çocuk,1.46
gul-devri-1-Hz-Muhammed Sav-mustuy.pdf,PDF,ZIP Arşivi İçinde (b-Library_Hzm-20260601T235628Z-3-002.zip),C:\Users\default.LAPTOP-OBA1HVU9\.antigravity-ide\Books\b-Library_Hzm-20260601T235628Z-3-002.zip -> b-Library_Hzm/Çocuklar için-Hzm/Peygamberimiz ve Halifeleri-Çocuk/gul-devri-1-Hz-Muhammed Sav-mustuy.pdf,b-Library_Hzm/Çocuklar için-Hzm/Peygamberimiz ve Halifeleri-Çocuk,2.11
Yeni-Umit-Dergisi-75-2007-1.pdf,PDF,ZIP Arşivi İçinde (b-Library_Hzm-20260601T235628Z-3-002.zip),C:\Users\default.LAPTOP-OBA1HVU9\.antigravity-ide\Books\b-Library_Hzm-20260601T235628Z-3-002.zip -> b-Library_Hzm/Dergi-Yeni Ümit/Yeni-Umit-Dergisi-75-2007-1.pdf,b-Library_Hzm/Dergi-Yeni Ümit,4.13
Yeni-Umit-Dergisi-71-2006-1.pdf,PDF,ZIP Arşivi İçinde (b-Library_Hzm-20260601T235628Z-3-002.zip),C:\Users\default.LAPTOP-OBA1HVU9\.antigravity-ide\Books\b-Library_Hzm-20260601T235628Z-3-002.zip -> b-Library_Hzm/Dergi-Yeni Ümit/Yeni-Umit-Dergisi-71-2006-1.pdf,b-Library_Hzm/Dergi-Yeni Ümit,5.67
Yeni-Umit-Dergisi-88-2010-4.pdf,PDF,ZIP Arşivi İçinde (b-Library_Hzm-20260601T235628Z-3-002.zip),C:\Users\default.LAPTOP-OBA1HVU9\.antigravity-ide\Books\b-Library_Hzm-20260601T235628Z-3-002.zip -> b-Library_Hzm/Dergi-Yeni Ümit/Yeni-Umit-Dergisi-88-2010-4.pdf,b-Library_Hzm/Dergi-Yeni Ümit,2.66
A.Aymaz-Sunuhat.pdf,PDF,ZIP Arşivi İçinde (b-Library_Hzm-20260601T235628Z-3-002.zip),C:\Users\default.LAPTOP-OBA1HVU9\.antigravity-ide\Books\b-Library_Hzm-20260601T235628Z-3-002.zip -> b-Library_Hzm/A.Aymaz-RN/A.Aymaz-Sunuhat.pdf,b-Library_Hzm/A.Aymaz-RN,1.87
Yeni-Umit-Dergisi-96-2012-4.pdf,PDF,ZIP Arşivi İçinde (b-Library_Hzm-20260601T235628Z-3-002.zip),C:\Users\default.LAPTOP-OBA1HVU9\.antigravity-ide\Books\b-Library_Hzm-20260601T235628Z-3-002.zip -> b-Library_Hzm/Dergi-Yeni Ümit/Yeni-Umit-Dergisi-96-2012-4.pdf,b-Library_Hzm/Dergi-Yeni Ümit,5.8
Yeni-Umit-Dergisi-98-2012-10.pdf,PDF,ZIP Arşivi İçinde (b-Library_Hzm-20260601T235628Z-3-002.zip),C:\Users\default.LAPTOP-OBA1HVU9\.antigravity-ide\Books\b-Library_Hzm-20260601T235628Z-3-002.zip -> b-Library_Hzm/Dergi-Yeni Ümit/Yeni-Umit-Dergisi-98-2012-10.pdf,b-Library_Hzm/Dergi-Yeni Ümit,7.41
Yeni-Umit-Dergisi-101-2013-7.pdf,PDF,ZIP Arşivi İçinde (b-Library_Hzm-20260601T235628Z-3-002.zip),C:\Users\default.LAPTOP-OBA1HVU9\.antigravity-ide\Books\b-Library_Hzm-20260601T235628Z-3-002.zip -> b-Library_Hzm/Dergi-Yeni Ümit/Yeni-Umit-Dergisi-101-2013-7.pdf,b-Library_Hzm/Dergi-Yeni Ümit,4.12
Yeni-Umit-Dergisi-72-2006-4.pdf,PDF,ZIP Arşivi İçinde (b-Library_Hzm-20260601T235628Z-3-002.zip),C:\Users\default.LAPTOP-OBA1HVU9\.antigravity-ide\Books\b-Library_Hzm-20260601T235628Z-3-002.zip -> b-Library_Hzm/Dergi-Yeni Ümit/Yeni-Umit-Dergisi-72-2006-4.pdf,b-Library_Hzm/Dergi-Yeni Ümit,6.51
Yeni-Umit-Dergisi-86-2009-10.pdf,PDF,ZIP Arşivi İçinde (b-Library_Hzm-20260601T235628Z-3-002.zip),C:\Users\default.LAPTOP-OBA1HVU9\.antigravity-ide\Books\b-Library_Hzm-20260601T235628Z-3-002.zip -> b-Library_Hzm/Dergi-Yeni Ümit/Yeni-Umit-Dergisi-86-2009-10.pdf,b-Library_Hzm/Dergi-Yeni Ümit,6.21
Sari-Lemalar.pdf,PDF,ZIP Arşivi İçinde (b-Library_Hzm-20260601T235628Z-3-002.zip),C:\Users\default.LAPTOP-OBA1HVU9\.antigravity-ide\Books\b-Library_Hzm-20260601T235628Z-3-002.zip -> b-Library_Hzm/RN-Külliyat-Hzm/RN-Sade/Sari-Lemalar.pdf,b-Library_Hzm/RN-Külliyat-Hzm/RN-Sade,8.76
Yeni-Umit-Dergisi-93-2011-7.pdf,PDF,ZIP Arşivi İçinde (b-Library_Hzm-20260601T235628Z-3-002.zip),C:\Users\default.LAPTOP-OBA1HVU9\.antigravity-ide\Books\b-Library_Hzm-20260601T235628Z-3-002.zip -> b-Library_Hzm/Dergi-Yeni Ümit/Yeni-Umit-Dergisi-93-2011-7.pdf,b-Library_Hzm/Dergi-Yeni Ümit,6.19
sadelestirilmis-sozler.pdf,PDF,ZIP Arşivi İçinde (b-Library_Hzm-20260601T235628Z-3-002.zip),C:\Users\default.LAPTOP-OBA1HVU9\.antigravity-ide\Books\b-Library_Hzm-20260601T235628Z-3-002.zip -> b-Library_Hzm/RN-Külliyat-Hzm/RN-Sade/sadelestirilmis-sozler.pdf,b-Library_Hzm/RN-Külliyat-Hzm/RN-Sade,4.9
Yeni-Umit-Dergisi-84-2009-4.pdf,PDF,ZIP Arşivi İçinde (b-Library_Hzm-20260601T235628Z-3-002.zip),C:\Users\default.LAPTOP-OBA1HVU9\.antigravity-ide\Books\b-Library_Hzm-20260601T235628Z-3-002.zip -> b-Library_Hzm/Dergi-Yeni Ümit/Yeni-Umit-Dergisi-84-2009-4.pdf,b-Library_Hzm/Dergi-Yeni Ümit,5.93
Yeni-Umit-Dergisi-80-2008-4.pdf,PDF,ZIP Arşivi İçinde (b-Library_Hzm-20260601T235628Z-3-002.zip),C:\Users\default.LAPTOP-OBA1HVU9\.antigravity-ide\Books\b-Library_Hzm-20260601T235628Z-3-002.zip -> b-Library_Hzm/Dergi-Yeni Ümit/Yeni-Umit-Dergisi-80-2008-4.pdf,b-Library_Hzm/Dergi-Yeni Ümit,8.64
Yeni-Umit-Dergisi-77-2007-7.pdf,PDF,ZIP Arşivi İçinde (b-Library_Hzm-20260601T235628Z-3-002.zip),C:\Users\default.LAPTOP-OBA1HVU9\.antigravity-ide\Books\b-Library_Hzm-20260601T235628Z-3-002.zip -> b-Library_Hzm/Dergi-Yeni Ümit/Yeni-Umit-Dergisi-77-2007-7.pdf,b-Library_Hzm/Dergi-Yeni Ümit,4.16
Yeni-Umit-Dergisi-004-1989-4.pdf,PDF,ZIP Arşivi İçinde (b-Library_Hzm-20260601T235628Z-3-002.zip),C:\Users\default.LAPTOP-OBA1HVU9\.antigravity-ide\Books\b-Library_Hzm-20260601T235628Z-3-002.zip -> b-Library_Hzm/Dergi-Yeni Ümit/Yeni-Umit-Dergisi-004-1989-4.pdf,b-Library_Hzm/Dergi-Yeni Ümit,2.18
A.Aymaz-Lemaat-Uzerine.pdf,PDF,ZIP Arşivi İçinde (b-Library_Hzm-20260601T235628Z-3-002.zip),C:\Users\default.LAPTOP-OBA1HVU9\.antigravity-ide\Books\b-Library_Hzm-20260601T235628Z-3-002.zip -> b-Library_Hzm/A.Aymaz-RN/A.Aymaz-Lemaat-Uzerine.pdf,b-Library_Hzm/A.Aymaz-RN,3.5
Yeni-Umit-Dergisi-79-2008-1.pdf,PDF,ZIP Arşivi İçinde (b-Library_Hzm-20260601T235628Z-3-002.zip),C:\Users\default.LAPTOP-OBA1HVU9\.antigravity-ide\Books\b-Library_Hzm-20260601T235628Z-3-002.zip -> b-Library_Hzm/Dergi-Yeni Ümit/Yeni-Umit-Dergisi-79-2008-1.pdf,b-Library_Hzm/Dergi-Yeni Ümit,4.42
Yeni-Umit-Dergisi-105-2014-7.pdf,PDF,ZIP Arşivi İçinde (b-Library_Hzm-20260601T235628Z-3-002.zip),C:\Users\default.LAPTOP-OBA1HVU9\.antigravity-ide\Books\b-Library_Hzm-20260601T235628Z-3-002.zip -> b-Library_Hzm/Dergi-Yeni Ümit/Yeni-Umit-Dergisi-105-2014-7.pdf,b-Library_Hzm/Dergi-Yeni Ümit,11.67
Yeni-Umit-Dergisi-002-1988-10.pdf,PDF,ZIP Arşivi İçinde (b-Library_Hzm-20260601T235628Z-3-002.zip),C:\Users\default.LAPTOP-OBA1HVU9\.antigravity-ide\Books\b-Library_Hzm-20260601T235628Z-3-002.zip -> b-Library_Hzm/Dergi-Yeni Ümit/Yeni-Umit-Dergisi-002-1988-10.pdf,b-Library_Hzm/Dergi-Yeni Ümit,3.66
Yeni-Umit-Dergisi-74-2006-10.pdf,PDF,ZIP Arşivi İçinde (b-Library_Hzm-20260601T235628Z-3-002.zip),C:\Users\default.LAPTOP-OBA1HVU9\.antigravity-ide\Books\b-Library_Hzm-20260601T235628Z-3-002.zip -> b-Library_Hzm/Dergi-Yeni Ümit/Yeni-Umit-Dergisi-74-2006-10.pdf,b-Library_Hzm/Dergi-Yeni Ümit,6.12
Yeni-Umit-Dergisi-001-1988-7.pdf,PDF,ZIP Arşivi İçinde (b-Library_Hzm-20260601T235628Z-3-002.zip),C:\Users\default.LAPTOP-OBA1HVU9\.antigravity-ide\Books\b-Library_Hzm-20260601T235628Z-3-002.zip -> b-Library_Hzm/Dergi-Yeni Ümit/Yeni-Umit-Dergisi-001-1988-7.pdf,b-Library_Hzm/Dergi-Yeni Ümit,3.13
Yeni-Umit-Dergisi-91-2011-1.pdf,PDF,ZIP Arşivi İçinde (b-Library_Hzm-20260601T235628Z-3-002.zip),C:\Users\default.LAPTOP-OBA1HVU9\.antigravity-ide\Books\b-Library_Hzm-20260601T235628Z-3-002.zip -> b-Library_Hzm/Dergi-Yeni Ümit/Yeni-Umit-Dergisi-91-2011-1.pdf,b-Library_Hzm/Dergi-Yeni Ümit,4.7
Yeni-Umit-Dergisi-103-2014-1.pdf,PDF,ZIP Arşivi İçinde (b-Library_Hzm-20260601T235628Z-3-002.zip),C:\Users\default.LAPTOP-OBA1HVU9\.antigravity-ide\Books\b-Library_Hzm-20260601T235628Z-3-002.zip -> b-Library_Hzm/Dergi-Yeni Ümit/Yeni-Umit-Dergisi-103-2014-1.pdf,b-Library_Hzm/Dergi-Yeni Ümit,3.8
Yeni-Umit-Dergisi-82-2008-10.pdf,PDF,ZIP Arşivi İçinde (b-Library_Hzm-20260601T235628Z-3-002.zip),C:\Users\default.LAPTOP-OBA1HVU9\.antigravity-ide\Books\b-Library_Hzm-20260601T235628Z-3-002.zip -> b-Library_Hzm/Dergi-Yeni Ümit/Yeni-Umit-Dergisi-82-2008-10.pdf,b-Library_Hzm/Dergi-Yeni Ümit,6.8
6-saadet-asrinda-İlim-ve-ibadet-mustuy.pdf,PDF,ZIP Arşivi İçinde (b-Library_Hzm-20260601T235628Z-3-002.zip),C:\Users\default.LAPTOP-OBA1HVU9\.antigravity-ide\Books\b-Library_Hzm-20260601T235628Z-3-002.zip -> b-Library_Hzm/Çocuklar için-Hzm/Saadet Asrı-Çocuk/6-saadet-asrinda-İlim-ve-ibadet-mustuy.pdf,b-Library_Hzm/Çocuklar için-Hzm/Saadet Asrı-Çocuk,0.46
5-saadet-asrinda-Dogruluk-ve-sadakat-mustuy.pdf,PDF,ZIP Arşivi İçinde (b-Library_Hzm-20260601T235628Z-3-002.zip),C:\Users\default.LAPTOP-OBA1HVU9\.antigravity-ide\Books\b-Library_Hzm-20260601T235628Z-3-002.zip -> b-Library_Hzm/Çocuklar için-Hzm/Saadet Asrı-Çocuk/5-saadet-asrinda-Dogruluk-ve-sadakat-mustuy.pdf,b-Library_Hzm/Çocuklar için-Hzm/Saadet Asrı-Çocuk,0.38
Yeni-Umit-Dergisi-87-2010-1.pdf,PDF,ZIP Arşivi İçinde (b-Library_Hzm-20260601T235628Z-3-002.zip),C:\Users\default.LAPTOP-OBA1HVU9\.antigravity-ide\Books\b-Library_Hzm-20260601T235628Z-3-002.zip -> b-Library_Hzm/Dergi-Yeni Ümit/Yeni-Umit-Dergisi-87-2010-1.pdf,b-Library_Hzm/Dergi-Yeni Ümit,7.03
2-saadet-asrinda-Resulullah-sevgisi-mustuy.pdf,PDF,ZIP Arşivi İçinde (b-Library_Hzm-20260601T235628Z-3-002.zip),C:\Users\default.LAPTOP-OBA1HVU9\.antigravity-ide\Books\b-Library_Hzm-20260601T235628Z-3-002.zip -> b-Library_Hzm/Çocuklar için-Hzm/Saadet Asrı-Çocuk/2-saadet-asrinda-Resulullah-sevgisi-mustuy.pdf,b-Library_Hzm/Çocuklar için-Hzm/Saadet Asrı-Çocuk,0.33
Allah Dostları Cilt 03.pdf,PDF,ZIP Arşivi İçinde (b-Library_Hzm-20260601T235628Z-3-002.zip),C:\Users\default.LAPTOP-OBA1HVU9\.antigravity-ide\Books\b-Library_Hzm-20260601T235628Z-3-002.zip -> b-Library_Hzm/Allah Dostları-ZAMAN/Allah Dostları Cilt 03.pdf,b-Library_Hzm/Allah Dostları-ZAMAN,30.67
Yeni-Umit-Dergisi-100-2013-4.pdf,PDF,ZIP Arşivi İçinde (b-Library_Hzm-20260601T235628Z-3-002.zip),C:\Users\default.LAPTOP-OBA1HVU9\.antigravity-ide\Books\b-Library_Hzm-20260601T235628Z-3-002.zip -> b-Library_Hzm/Dergi-Yeni Ümit/Yeni-Umit-Dergisi-100-2013-4.pdf,b-Library_Hzm/Dergi-Yeni Ümit,4.13
Yeni-Umit-Dergisi-89-2010-7.pdf,PDF,ZIP Arşivi İçinde (b-Library_Hzm-20260601T235628Z-3-002.zip),C:\Users\default.LAPTOP-OBA1HVU9\.antigravity-ide\Books\b-Library_Hzm-20260601T235628Z-3-002.zip -> b-Library_Hzm/Dergi-Yeni Ümit/Yeni-Umit-Dergisi-89-2010-7.pdf,b-Library_Hzm/Dergi-Yeni Ümit,9.02
3-saadet-asrinda-Peygamberimizin-elcileri-mustuy.pdf,PDF,ZIP Arşivi İçinde (b-Library_Hzm-20260601T235628Z-3-002.zip),C:\Users\default.LAPTOP-OBA1HVU9\.antigravity-ide\Books\b-Library_Hzm-20260601T235628Z-3-002.zip -> b-Library_Hzm/Çocuklar için-Hzm/Saadet Asrı-Çocuk/3-saadet-asrinda-Peygamberimizin-elcileri-mustuy.pdf,b-Library_Hzm/Çocuklar için-Hzm/Saadet Asrı-Çocuk,0.23
1-saadet-asrinda-Allah-sevgisi-mustuy.pdf,PDF,ZIP Arşivi İçinde (b-Library_Hzm-20260601T235628Z-3-002.zip),C:\Users\default.LAPTOP-OBA1HVU9\.antigravity-ide\Books\b-Library_Hzm-20260601T235628Z-3-002.zip -> b-Library_Hzm/Çocuklar için-Hzm/Saadet Asrı-Çocuk/1-saadet-asrinda-Allah-sevgisi-mustuy.pdf,b-Library_Hzm/Çocuklar için-Hzm/Saadet Asrı-Çocuk,0.32
Yeni-Umit-Dergisi-95-2012-01.pdf,PDF,ZIP Arşivi İçinde (b-Library_Hzm-20260601T235628Z-3-002.zip),C:\Users\default.LAPTOP-OBA1HVU9\.antigravity-ide\Books\b-Library_Hzm-20260601T235628Z-3-002.zip -> b-Library_Hzm/Dergi-Yeni Ümit/Yeni-Umit-Dergisi-95-2012-01.pdf,b-Library_Hzm/Dergi-Yeni Ümit,11.3
Yeni-Umit-Dergisi-83-2009-1.pdf,PDF,ZIP Arşivi İçinde (b-Library_Hzm-20260601T235628Z-3-002.zip),C:\Users\default.LAPTOP-OBA1HVU9\.antigravity-ide\Books\b-Library_Hzm-20260601T235628Z-3-002.zip -> b-Library_Hzm/Dergi-Yeni Ümit/Yeni-Umit-Dergisi-83-2009-1.pdf,b-Library_Hzm/Dergi-Yeni Ümit,18.37
4-saadet-asrinda-Fedakarlik-ve-sabir-mustuy.pdf,PDF,ZIP Arşivi İçinde (b-Library_Hzm-20260601T235628Z-3-002.zip),C:\Users\default.LAPTOP-OBA1HVU9\.antigravity-ide\Books\b-Library_Hzm-20260601T235628Z-3-002.zip -> b-Library_Hzm/Çocuklar için-Hzm/Saadet Asrı-Çocuk/4-saadet-asrinda-Fedakarlik-ve-sabir-mustuy.pdf,b-Library_Hzm/Çocuklar için-Hzm/Saadet Asrı-Çocuk,0.41
Yeni-Umit-Dergisi-94-2011-10.pdf,PDF,ZIP Arşivi İçinde (b-Library_Hzm-20260601T235628Z-3-002.zip),C:\Users\default.LAPTOP-OBA1HVU9\.antigravity-ide\Books\b-Library_Hzm-20260601T235628Z-3-002.zip -> b-Library_Hzm/Dergi-Yeni Ümit/Yeni-Umit-Dergisi-94-2011-10.pdf,b-Library_Hzm/Dergi-Yeni Ümit,4.98
Yeni-Umit-Dergisi-73-2006-7.pdf,PDF,ZIP Arşivi İçinde (b-Library_Hzm-20260601T235628Z-3-002.zip),C:\Users\default.LAPTOP-OBA1HVU9\.antigravity-ide\Books\b-Library_Hzm-20260601T235628Z-3-002.zip -> b-Library_Hzm/Dergi-Yeni Ümit/Yeni-Umit-Dergisi-73-2006-7.pdf,b-Library_Hzm/Dergi-Yeni Ümit,7.16
Ali Unal-Gecmisten-Gelecege-Kopru-Fethullah-Gulen.pdf,PDF,ZIP Arşivi İçinde (b-Library_Hzm-20260601T235628Z-3-002.zip),C:\Users\default.LAPTOP-OBA1HVU9\.antigravity-ide\Books\b-Library_Hzm-20260601T235628Z-3-002.zip -> b-Library_Hzm/Ali Ünal/Ali Unal-Gecmisten-Gelecege-Kopru-Fethullah-Gulen.pdf,b-Library_Hzm/Ali Ünal,0.88
dort-arkadas-serisi-6-tehlikeli-oyun-mustuy-6-y.pdf,PDF,ZIP Arşivi İçinde (b-Library_Hzm-20260601T235628Z-3-002.zip),C:\Users\default.LAPTOP-OBA1HVU9\.antigravity-ide\Books\b-Library_Hzm-20260601T235628Z-3-002.zip -> b-Library_Hzm/Çocuklar için-Hzm/Dört Arkadaş Serisi/dort-arkadas-serisi-6-tehlikeli-oyun-mustuy-6-y.pdf,b-Library_Hzm/Çocuklar için-Hzm/Dört Arkadaş Serisi,1.62
dort-arkadas-serisi-5-hasta-ziyareti-mustuy-6-y.pdf,PDF,ZIP Arşivi İçinde (b-Library_Hzm-20260601T235628Z-3-002.zip),C:\Users\default.LAPTOP-OBA1HVU9\.antigravity-ide\Books\b-Library_Hzm-20260601T235628Z-3-002.zip -> b-Library_Hzm/Çocuklar için-Hzm/Dört Arkadaş Serisi/dort-arkadas-serisi-5-hasta-ziyareti-mustuy-6-y.pdf,b-Library_Hzm/Çocuklar için-Hzm/Dört Arkadaş Serisi,2.01
dort-arkadas-serisi-4-yuruyen-tas-mustuy-6-y.pdf,PDF,ZIP Arşivi İçinde (b-Library_Hzm-20260601T235628Z-3-002.zip),C:\Users\default.LAPTOP-OBA1HVU9\.antigravity-ide\Books\b-Library_Hzm-20260601T235628Z-3-002.zip -> b-Library_Hzm/Çocuklar için-Hzm/Dört Arkadaş Serisi/dort-arkadas-serisi-4-yuruyen-tas-mustuy-6-y.pdf,b-Library_Hzm/Çocuklar için-Hzm/Dört Arkadaş Serisi,1.79
Ali Unal-Islam-Bilim-Insan-Ve-Tarih.pdf,PDF,ZIP Arşivi İçinde (b-Library_Hzm-20260601T235628Z-3-002.zip),C:\Users\default.LAPTOP-OBA1HVU9\.antigravity-ide\Books\b-Library_Hzm-20260601T235628Z-3-002.zip -> b-Library_Hzm/Ali Ünal/Ali Unal-Islam-Bilim-Insan-Ve-Tarih.pdf,b-Library_Hzm/Ali Ünal,1.28
dort-arkadas-serisi-1-fidan-yiyen-bozoglak-mustuy-6-y.pdf,PDF,ZIP Arşivi İçinde (b-Library_Hzm-20260601T235628Z-3-002.zip),C:\Users\default.LAPTOP-OBA1HVU9\.antigravity-ide\Books\b-Library_Hzm-20260601T235628Z-3-002.zip -> b-Library_Hzm/Çocuklar için-Hzm/Dört Arkadaş Serisi/dort-arkadas-serisi-1-fidan-yiyen-bozoglak-mustuy-6-y.pdf,b-Library_Hzm/Çocuklar için-Hzm/Dört Arkadaş Serisi,1.96
Allah Dostları Cilt 08.pdf,PDF,ZIP Arşivi İçinde (b-Library_Hzm-20260601T235628Z-3-002.zip),C:\Users\default.LAPTOP-OBA1HVU9\.antigravity-ide\Books\b-Library_Hzm-20260601T235628Z-3-002.zip -> b-Library_Hzm/Allah Dostları-ZAMAN/Allah Dostları Cilt 08.pdf,b-Library_Hzm/Allah Dostları-ZAMAN,34.29
dort-arkadas-serisi-2-yaramaz-tay-mustuy-6-y.pdf,PDF,ZIP Arşivi İçinde (b-Library_Hzm-20260601T235628Z-3-002.zip),C:\Users\default.LAPTOP-OBA1HVU9\.antigravity-ide\Books\b-Library_Hzm-20260601T235628Z-3-002.zip -> b-Library_Hzm/Çocuklar için-Hzm/Dört Arkadaş Serisi/dort-arkadas-serisi-2-yaramaz-tay-mustuy-6-y.pdf,b-Library_Hzm/Çocuklar için-Hzm/Dört Arkadaş Serisi,2.12
dort-arkadas-serisi-3-dikenli-yol-mustuy-6-y.pdf,PDF,ZIP Arşivi İçinde (b-Library_Hzm-20260601T235628Z-3-002.zip),C:\Users\default.LAPTOP-OBA1HVU9\.antigravity-ide\Books\b-Library_Hzm-20260601T235628Z-3-002.zip -> b-Library_Hzm/Çocuklar için-Hzm/Dört Arkadaş Serisi/dort-arkadas-serisi-3-dikenli-yol-mustuy-6-y.pdf,b-Library_Hzm/Çocuklar için-Hzm/Dört Arkadaş Serisi,2.12
Ali Unal-Din Etrafinda-IsikAkademiY.pdf,PDF,ZIP Arşivi İçinde (b-Library_Hzm-20260601T235628Z-3-002.zip),C:\Users\default.LAPTOP-OBA1HVU9\.antigravity-ide\Books\b-Library_Hzm-20260601T235628Z-3-002.zip -> b-Library_Hzm/Ali Ünal/Ali Unal-Din Etrafinda-IsikAkademiY.pdf,b-Library_Hzm/Ali Ünal,1.16
2-Kutlu Dogum-Peygamberimizin Hayati.PDF,PDF,ZIP Arşivi İçinde (b-Library_Hzm-20260601T235628Z-3-002.zip),C:\Users\default.LAPTOP-OBA1HVU9\.antigravity-ide\Books\b-Library_Hzm-20260601T235628Z-3-002.zip -> b-Library_Hzm/Çocuklar için-Hzm/Siyer-Çocuk/2-Kutlu Dogum-Peygamberimizin Hayati.PDF,b-Library_Hzm/Çocuklar için-Hzm/Siyer-Çocuk,2.32
5-Medine Yillari-Peygamberimizin Hayati.PDF,PDF,ZIP Arşivi İçinde (b-Library_Hzm-20260601T235628Z-3-002.zip),C:\Users\default.LAPTOP-OBA1HVU9\.antigravity-ide\Books\b-Library_Hzm-20260601T235628Z-3-002.zip -> b-Library_Hzm/Çocuklar için-Hzm/Siyer-Çocuk/5-Medine Yillari-Peygamberimizin Hayati.PDF,b-Library_Hzm/Çocuklar için-Hzm/Siyer-Çocuk,3.18
1-Gozleri Kamastiran Isik-Peygamberimizin Hayati.PDF,PDF,ZIP Arşivi İçinde (b-Library_Hzm-20260601T235628Z-3-002.zip),C:\Users\default.LAPTOP-OBA1HVU9\.antigravity-ide\Books\b-Library_Hzm-20260601T235628Z-3-002.zip -> b-Library_Hzm/Çocuklar için-Hzm/Siyer-Çocuk/1-Gozleri Kamastiran Isik-Peygamberimizin Hayati.PDF,b-Library_Hzm/Çocuklar için-Hzm/Siyer-Çocuk,2.68
A.Kurucan-Bosanmak icin mi evleniyoruz-GulYurduYayinlari.pdf,PDF,ZIP Arşivi İçinde (b-Library_Hzm-20260601T235628Z-3-002.zip),C:\Users\default.LAPTOP-OBA1HVU9\.antigravity-ide\Books\b-Library_Hzm-20260601T235628Z-3-002.zip -> b-Library_Hzm/Ahmet Kurucan/A.Kurucan-Bosanmak icin mi evleniyoruz-GulYurduYayinlari.pdf,b-Library_Hzm/Ahmet Kurucan,0.79
3-En Güvenilir Insan-Peygamberimizin Hayati.PDF,PDF,ZIP Arşivi İçinde (b-Library_Hzm-20260601T235628Z-3-002.zip),C:\Users\default.LAPTOP-OBA1HVU9\.antigravity-ide\Books\b-Library_Hzm-20260601T235628Z-3-002.zip -> b-Library_Hzm/Çocuklar için-Hzm/Siyer-Çocuk/3-En Güvenilir Insan-Peygamberimizin Hayati.PDF,b-Library_Hzm/Çocuklar için-Hzm/Siyer-Çocuk,2.42
A.Kurucan-Evcilik Oynamiyoruz - GulYurduYayinlari.pdf,PDF,ZIP Arşivi İçinde (b-Library_Hzm-20260601T235628Z-3-002.zip),C:\Users\default.LAPTOP-OBA1HVU9\.antigravity-ide\Books\b-Library_Hzm-20260601T235628Z-3-002.zip -> b-Library_Hzm/Ahmet Kurucan/A.Kurucan-Evcilik Oynamiyoruz - GulYurduYayinlari.pdf,b-Library_Hzm/Ahmet Kurucan,0.45
A.Kurucan-Rotasiz Evlilik - GulYurduYayinlari.pdf,PDF,ZIP Arşivi İçinde (b-Library_Hzm-20260601T235628Z-3-002.zip),C:\Users\default.LAPTOP-OBA1HVU9\.antigravity-ide\Books\b-Library_Hzm-20260601T235628Z-3-002.zip -> b-Library_Hzm/Ahmet Kurucan/A.Kurucan-Rotasiz Evlilik - GulYurduYayinlari.pdf,b-Library_Hzm/Ahmet Kurucan,0.63
Allah Dostları Cilt 05.pdf,PDF,ZIP Arşivi İçinde (b-Library_Hzm-20260601T235628Z-3-002.zip),C:\Users\default.LAPTOP-OBA1HVU9\.antigravity-ide\Books\b-Library_Hzm-20260601T235628Z-3-002.zip -> b-Library_Hzm/Allah Dostları-ZAMAN/Allah Dostları Cilt 05.pdf,b-Library_Hzm/Allah Dostları-ZAMAN,30.2
A.Kurucan-Fıkıh-Dunyamız-1.pdf,PDF,ZIP Arşivi İçinde (b-Library_Hzm-20260601T235628Z-3-002.zip),C:\Users\default.LAPTOP-OBA1HVU9\.antigravity-ide\Books\b-Library_Hzm-20260601T235628Z-3-002.zip -> b-Library_Hzm/Ahmet Kurucan/A.Kurucan-Fıkıh-Dunyamız-1.pdf,b-Library_Hzm/Ahmet Kurucan,2.14
kuran-ogreniyorum-seti-2-harekeleri-ogreniyorum-mustuy.pdf,PDF,ZIP Arşivi İçinde (b-Library_Hzm-20260601T235628Z-3-002.zip),C:\Users\default.LAPTOP-OBA1HVU9\.antigravity-ide\Books\b-Library_Hzm-20260601T235628Z-3-002.zip -> b-Library_Hzm/Çocuklar için-Hzm/ElifBa-çocuklar için/kuran-ogreniyorum-seti-2-harekeleri-ogreniyorum-mustuy.pdf,b-Library_Hzm/Çocuklar için-Hzm/ElifBa-çocuklar için,4.42
cocuklarda-kuran-egitimi-kartanesi-2008-isikyayinlari (1).pdf,PDF,ZIP Arşivi İçinde (b-Library_Hzm-20260601T235628Z-3-002.zip),C:\Users\default.LAPTOP-OBA1HVU9\.antigravity-ide\Books\b-Library_Hzm-20260601T235628Z-3-002.zip -> b-Library_Hzm/Çocuklar için-Hzm/ElifBa-çocuklar için/cocuklarda-kuran-egitimi-kartanesi-2008-isikyayinlari (1).pdf,b-Library_Hzm/Çocuklar için-Hzm/ElifBa-çocuklar için,1.64
RN Lemalar_Sadeleştirilmiş.pdf,PDF,ZIP Arşivi İçinde (b-Library_Hzm-20260601T235628Z-3-002.zip),C:\Users\default.LAPTOP-OBA1HVU9\.antigravity-ide\Books\b-Library_Hzm-20260601T235628Z-3-002.zip -> b-Library_Hzm/RN-Külliyat-Hzm/RN-Sade/RN Lemalar_Sadeleştirilmiş.pdf,b-Library_Hzm/RN-Külliyat-Hzm/RN-Sade,8.76
kuran-ogreniyorum-seti-1-kuran-harflerini-ogreniyorum-mustuy.pdf,PDF,ZIP Arşivi İçinde (b-Library_Hzm-20260601T235628Z-3-002.zip),C:\Users\default.LAPTOP-OBA1HVU9\.antigravity-ide\Books\b-Library_Hzm-20260601T235628Z-3-002.zip -> b-Library_Hzm/Çocuklar için-Hzm/ElifBa-çocuklar için/kuran-ogreniyorum-seti-1-kuran-harflerini-ogreniyorum-mustuy.pdf,b-Library_Hzm/Çocuklar için-Hzm/ElifBa-çocuklar için,6.68
Bir-Muslumanın-Yol-Haritası-Iman-ibadet-Ahlak.pdf,PDF,ZIP Arşivi İçinde (b-Library_Hzm-20260601T235628Z-3-002.zip),C:\Users\default.LAPTOP-OBA1HVU9\.antigravity-ide\Books\b-Library_Hzm-20260601T235628Z-3-002.zip -> b-Library_Hzm/ilmihal-Hzm/Bir-Muslumanın-Yol-Haritası-Iman-ibadet-Ahlak.pdf,b-Library_Hzm/ilmihal-Hzm,3.22
Ali Unal-Risale-i-nur_da-kulli-kaideler-1.pdf,PDF,ZIP Arşivi İçinde (b-Library_Hzm-20260601T235628Z-3-002.zip),C:\Users\default.LAPTOP-OBA1HVU9\.antigravity-ide\Books\b-Library_Hzm-20260601T235628Z-3-002.zip -> b-Library_Hzm/Ali Ünal/Ali Unal-Risale-i-nur_da-kulli-kaideler-1.pdf,b-Library_Hzm/Ali Ünal,4.07
Allah Dostları Cilt 02.pdf,PDF,ZIP Arşivi İçinde (b-Library_Hzm-20260601T235628Z-3-002.zip),C:\Users\default.LAPTOP-OBA1HVU9\.antigravity-ide\Books\b-Library_Hzm-20260601T235628Z-3-002.zip -> b-Library_Hzm/Allah Dostları-ZAMAN/Allah Dostları Cilt 02.pdf,b-Library_Hzm/Allah Dostları-ZAMAN,28.55
teravih-dualari.pdf,PDF,ZIP Arşivi İçinde (b-Library_Hzm-20260601T235628Z-3-002.zip),C:\Users\default.LAPTOP-OBA1HVU9\.antigravity-ide\Books\b-Library_Hzm-20260601T235628Z-3-002.zip -> b-Library_Hzm/Dua-Oku/teravih-dualari.pdf,b-Library_Hzm/Dua-Oku,0.13
Yeni-Umit-Dergisi-104-2014-3.pdf,PDF,ZIP Arşivi İçinde (b-Library_Hzm-20260601T235628Z-3-002.zip),C:\Users\default.LAPTOP-OBA1HVU9\.antigravity-ide\Books\b-Library_Hzm-20260601T235628Z-3-002.zip -> b-Library_Hzm/Dergi-Yeni Ümit/Yeni-Umit-Dergisi-104-2014-3.pdf,b-Library_Hzm/Dergi-Yeni Ümit,6.86
Pratik-İlmihal-Osman-Bilgin-PDFDrive-com-pdf.pdf,PDF,ZIP Arşivi İçinde (b-Library_Hzm-20260601T235628Z-3-002.zip),C:\Users\default.LAPTOP-OBA1HVU9\.antigravity-ide\Books\b-Library_Hzm-20260601T235628Z-3-002.zip -> b-Library_Hzm/ilmihal-Hzm/Pratik-İlmihal-Osman-Bilgin-PDFDrive-com-pdf.pdf,b-Library_Hzm/ilmihal-Hzm,2.77
Genclik-ilmihali-mustuy.pdf,PDF,ZIP Arşivi İçinde (b-Library_Hzm-20260601T235628Z-3-002.zip),C:\Users\default.LAPTOP-OBA1HVU9\.antigravity-ide\Books\b-Library_Hzm-20260601T235628Z-3-002.zip -> b-Library_Hzm/ilmihal-Hzm/Genclik-ilmihali-mustuy.pdf,b-Library_Hzm/ilmihal-Hzm,4.46
etkinlikli-ve-testli-elif-ba.pdf,PDF,ZIP Arşivi İçinde (b-Library_Hzm-20260601T235628Z-3-002.zip),C:\Users\default.LAPTOP-OBA1HVU9\.antigravity-ide\Books\b-Library_Hzm-20260601T235628Z-3-002.zip -> b-Library_Hzm/Çocuklar için-Hzm/ElifBa-çocuklar için/etkinlikli-ve-testli-elif-ba.pdf,b-Library_Hzm/Çocuklar için-Hzm/ElifBa-çocuklar için,11.42
Ali Unal-Hizmet-Rehberi.pdf,PDF,ZIP Arşivi İçinde (b-Library_Hzm-20260601T235628Z-3-002.zip),C:\Users\default.LAPTOP-OBA1HVU9\.antigravity-ide\Books\b-Library_Hzm-20260601T235628Z-3-002.zip -> b-Library_Hzm/Ali Ünal/Ali Unal-Hizmet-Rehberi.pdf,b-Library_Hzm/Ali Ünal,1.91
Allah Dostları Cilt 09.pdf,PDF,ZIP Arşivi İçinde (b-Library_Hzm-20260601T235628Z-3-002.zip),C:\Users\default.LAPTOP-OBA1HVU9\.antigravity-ide\Books\b-Library_Hzm-20260601T235628Z-3-002.zip -> b-Library_Hzm/Allah Dostları-ZAMAN/Allah Dostları Cilt 09.pdf,b-Library_Hzm/Allah Dostları-ZAMAN,38.68
Yeni-Umit-Dergisi-97-2012-7.pdf,PDF,ZIP Arşivi İçinde (b-Library_Hzm-20260601T235628Z-3-002.zip),C:\Users\default.LAPTOP-OBA1HVU9\.antigravity-ide\Books\b-Library_Hzm-20260601T235628Z-3-002.zip -> b-Library_Hzm/Dergi-Yeni Ümit/Yeni-Umit-Dergisi-97-2012-7.pdf,b-Library_Hzm/Dergi-Yeni Ümit,6.86
3-Zor Yillar-Peygamberimizin Hayati.pdf,PDF,ZIP Arşivi İçinde (b-Library_Hzm-20260601T235628Z-3-002.zip),C:\Users\default.LAPTOP-OBA1HVU9\.antigravity-ide\Books\b-Library_Hzm-20260601T235628Z-3-002.zip -> b-Library_Hzm/Çocuklar için-Hzm/Peygamberimizin Hayatı-Çocuk/3-Zor Yillar-Peygamberimizin Hayati.pdf,b-Library_Hzm/Çocuklar için-Hzm/Peygamberimizin Hayatı-Çocuk,5.8
1-Kutlu Dogum-Peygamberimizin Hayati.PDF,PDF,ZIP Arşivi İçinde (b-Library_Hzm-20260601T235628Z-3-002.zip),C:\Users\default.LAPTOP-OBA1HVU9\.antigravity-ide\Books\b-Library_Hzm-20260601T235628Z-3-002.zip -> b-Library_Hzm/Çocuklar için-Hzm/Peygamberimizin Hayatı-Çocuk/1-Kutlu Dogum-Peygamberimizin Hayati.PDF,b-Library_Hzm/Çocuklar için-Hzm/Peygamberimizin Hayatı-Çocuk,5.78
Bir_Müslümanın_Yol_Haritası.pdf,PDF,ZIP Arşivi İçinde (b-Library_Hzm-20260601T235628Z-3-002.zip),C:\Users\default.LAPTOP-OBA1HVU9\.antigravity-ide\Books\b-Library_Hzm-20260601T235628Z-3-002.zip -> b-Library_Hzm/ilmihal-Hzm/Bir_Müslümanın_Yol_Haritası.pdf,b-Library_Hzm/ilmihal-Hzm,4.52
kur-an-elifbasi-ilmihalli-mustuy.pdf,PDF,ZIP Arşivi İçinde (b-Library_Hzm-20260601T235628Z-3-002.zip),C:\Users\default.LAPTOP-OBA1HVU9\.antigravity-ide\Books\b-Library_Hzm-20260601T235628Z-3-002.zip -> b-Library_Hzm/Çocuklar için-Hzm/ElifBa-çocuklar için/kur-an-elifbasi-ilmihalli-mustuy.pdf,b-Library_Hzm/Çocuklar için-Hzm/ElifBa-çocuklar için,42.66
Allah Dostları Cilt 04.pdf,PDF,ZIP Arşivi İçinde (b-Library_Hzm-20260601T235628Z-3-002.zip),C:\Users\default.LAPTOP-OBA1HVU9\.antigravity-ide\Books\b-Library_Hzm-20260601T235628Z-3-002.zip -> b-Library_Hzm/Allah Dostları-ZAMAN/Allah Dostları Cilt 04.pdf,b-Library_Hzm/Allah Dostları-ZAMAN,30.64
Bir-Kırık-Dilekce-M-Fethullah-Gulen.epub,EPUB,ZIP Arşivi İçinde (b-Library_Hzm-20260601T235628Z-3-002.zip),C:\Users\default.LAPTOP-OBA1HVU9\.antigravity-ide\Books\b-Library_Hzm-20260601T235628Z-3-002.zip -> b-Library_Hzm/Dua-Oku/Bir-Kırık-Dilekce-M-Fethullah-Gulen.epub,b-Library_Hzm/Dua-Oku,0.08
Allah Dostları Cilt 06.pdf,PDF,ZIP Arşivi İçinde (b-Library_Hzm-20260601T235628Z-3-002.zip),C:\Users\default.LAPTOP-OBA1HVU9\.antigravity-ide\Books\b-Library_Hzm-20260601T235628Z-3-002.zip -> b-Library_Hzm/Allah Dostları-ZAMAN/Allah Dostları Cilt 06.pdf,b-Library_Hzm/Allah Dostları-ZAMAN,34.23
Allah Dostları Cilt 01.pdf,PDF,ZIP Arşivi İçinde (b-Library_Hzm-20260601T235628Z-3-002.zip),C:\Users\default.LAPTOP-OBA1HVU9\.antigravity-ide\Books\b-Library_Hzm-20260601T235628Z-3-002.zip -> b-Library_Hzm/Allah Dostları-ZAMAN/Allah Dostları Cilt 01.pdf,b-Library_Hzm/Allah Dostları-ZAMAN,30.72
Ali Unal-Kurani-Kerim-Meali.pdf,PDF,ZIP Arşivi İçinde (b-Library_Hzm-20260601T235628Z-3-002.zip),C:\Users\default.LAPTOP-OBA1HVU9\.antigravity-ide\Books\b-Library_Hzm-20260601T235628Z-3-002.zip -> b-Library_Hzm/Ali Ünal/Ali Unal-Kurani-Kerim-Meali.pdf,b-Library_Hzm/Ali Ünal,23.64
Allah Dostları Cilt 07.pdf,PDF,ZIP Arşivi İçinde (b-Library_Hzm-20260601T235628Z-3-002.zip),C:\Users\default.LAPTOP-OBA1HVU9\.antigravity-ide\Books\b-Library_Hzm-20260601T235628Z-3-002.zip -> b-Library_Hzm/Allah Dostları-ZAMAN/Allah Dostları Cilt 07.pdf,b-Library_Hzm/Allah Dostları-ZAMAN,37.44
RN_Sozler_Sadeleştirilmiş.pdf,PDF,ZIP Arşivi İçinde (b-Library_Hzm-20260601T235628Z-3-002.zip),C:\Users\default.LAPTOP-OBA1HVU9\.antigravity-ide\Books\b-Library_Hzm-20260601T235628Z-3-002.zip -> b-Library_Hzm/RN-Külliyat-Hzm/RN-Sade/RN_Sozler_Sadeleştirilmiş.pdf,b-Library_Hzm/RN-Külliyat-Hzm/RN-Sade,20.72
Allah Dostları Cilt 10.pdf,PDF,ZIP Arşivi İçinde (b-Library_Hzm-20260601T235628Z-3-002.zip),C:\Users\default.LAPTOP-OBA1HVU9\.antigravity-ide\Books\b-Library_Hzm-20260601T235628Z-3-002.zip -> b-Library_Hzm/Allah Dostları-ZAMAN/Allah Dostları Cilt 10.pdf,b-Library_Hzm/Allah Dostları-ZAMAN,32.71
Ashab-ı Bedir Duası.pdf,PDF,ZIP Arşivi İçinde (b-Library_Hzm-20260601T235628Z-3-002.zip),C:\Users\default.LAPTOP-OBA1HVU9\.antigravity-ide\Books\b-Library_Hzm-20260601T235628Z-3-002.zip -> b-Library_Hzm/Dua-Oku/Ashab-ı Bedir Duası.pdf,b-Library_Hzm/Dua-Oku,0.37
Rehberim-Sevgili-peygamberim-sav-mustuy.pdf,PDF,ZIP Arşivi İçinde (b-Library_Hzm-20260601T235628Z-3-002.zip),C:\Users\default.LAPTOP-OBA1HVU9\.antigravity-ide\Books\b-Library_Hzm-20260601T235628Z-3-002.zip -> b-Library_Hzm/Çocuklar için-Hzm/Peygamberimizin Hayatı-Çocuk/Rehberim-Sevgili-peygamberim-sav-mustuy.pdf,b-Library_Hzm/Çocuklar için-Hzm/Peygamberimizin Hayatı-Çocuk,11.73
Namaz-Tesbihatı.pdf,PDF,ZIP Arşivi İçinde (b-Library_Hzm-20260601T235628Z-3-002.zip),C:\Users\default.LAPTOP-OBA1HVU9\.antigravity-ide\Books\b-Library_Hzm-20260601T235628Z-3-002.zip -> b-Library_Hzm/Dua-Oku/Namaz-Tesbihatı.pdf,b-Library_Hzm/Dua-Oku,12.41
Tevhidname.pdf,PDF,ZIP Arşivi İçinde (b-Library_Hzm-20260601T235628Z-3-002.zip),C:\Users\default.LAPTOP-OBA1HVU9\.antigravity-ide\Books\b-Library_Hzm-20260601T235628Z-3-002.zip -> b-Library_Hzm/Dua-Oku/Tevhidname.pdf,b-Library_Hzm/Dua-Oku,82.27
Dua Kartlari-defineyayinlari.pdf,PDF,ZIP Arşivi İçinde (b-Library_Hzm-20260601T235628Z-3-002.zip),C:\Users\default.LAPTOP-OBA1HVU9\.antigravity-ide\Books\b-Library_Hzm-20260601T235628Z-3-002.zip -> b-Library_Hzm/Dua-Oku/Dua Kartlari-defineyayinlari.pdf,b-Library_Hzm/Dua-Oku,48.71
Kulubud-Daria.pdf,PDF,ZIP Arşivi İçinde (b-Library_Hzm-20260601T235628Z-3-002.zip),C:\Users\default.LAPTOP-OBA1HVU9\.antigravity-ide\Books\b-Library_Hzm-20260601T235628Z-3-002.zip -> b-Library_Hzm/Dua-Oku/Kulubud-Daria.pdf,b-Library_Hzm/Dua-Oku,10.69
dua-kartlari.pdf,PDF,ZIP Arşivi İçinde (b-Library_Hzm-20260601T235628Z-3-002.zip),C:\Users\default.LAPTOP-OBA1HVU9\.antigravity-ide\Books\b-Library_Hzm-20260601T235628Z-3-002.zip -> b-Library_Hzm/Dua-Oku/dua-kartlari.pdf,b-Library_Hzm/Dua-Oku,0.23
4-Mirac ve Hicret-Peygamberimizin Hayati-.PDF,PDF,ZIP Arşivi İçinde (b-Library_Hzm-20260601T235628Z-3-002.zip),C:\Users\default.LAPTOP-OBA1HVU9\.antigravity-ide\Books\b-Library_Hzm-20260601T235628Z-3-002.zip -> b-Library_Hzm/Çocuklar için-Hzm/Peygamberimizin Hayatı-Çocuk/4-Mirac ve Hicret-Peygamberimizin Hayati-.PDF,b-Library_Hzm/Çocuklar için-Hzm/Peygamberimizin Hayatı-Çocuk,6.26
Büyük Cevşen-Define.pdf,PDF,ZIP Arşivi İçinde (b-Library_Hzm-20260601T235628Z-3-002.zip),C:\Users\default.LAPTOP-OBA1HVU9\.antigravity-ide\Books\b-Library_Hzm-20260601T235628Z-3-002.zip -> b-Library_Hzm/Dua-Oku/Büyük Cevşen-Define.pdf,b-Library_Hzm/Dua-Oku,6.47
Sari-Sozler.pdf,PDF,ZIP Arşivi İçinde (b-Library_Hzm-20260601T235628Z-3-002.zip),C:\Users\default.LAPTOP-OBA1HVU9\.antigravity-ide\Books\b-Library_Hzm-20260601T235628Z-3-002.zip -> b-Library_Hzm/RN-Külliyat-Hzm/RN-Sade/Sari-Sozler.pdf,b-Library_Hzm/RN-Külliyat-Hzm/RN-Sade,20.72
Cevşen ve Meali-Define.pdf,PDF,ZIP Arşivi İçinde (b-Library_Hzm-20260601T235628Z-3-002.zip),C:\Users\default.LAPTOP-OBA1HVU9\.antigravity-ide\Books\b-Library_Hzm-20260601T235628Z-3-002.zip -> b-Library_Hzm/Dua-Oku/Cevşen ve Meali-Define.pdf,b-Library_Hzm/Dua-Oku,4.15
Hak Dini Kuran Dili Tefsiri 1-10.pdf,PDF,ZIP Arşivi İçinde (b-Library_Hzm-20260601T235628Z-3-002.zip),C:\Users\default.LAPTOP-OBA1HVU9\.antigravity-ide\Books\b-Library_Hzm-20260601T235628Z-3-002.zip -> b-Library_Hzm/Tefsir-Elmalılı Tefsiri-ZAMAN.pdf/Hak Dini Kuran Dili Tefsiri 1-10.pdf,b-Library_Hzm/Tefsir-Elmalılı Tefsiri-ZAMAN.pdf,135.56
kisa-sureler-ve-gunluk-dualar-rehberyayinlari.pdf,PDF,ZIP Arşivi İçinde (b-Library_Hzm-20260601T235628Z-3-002.zip),C:\Users\default.LAPTOP-OBA1HVU9\.antigravity-ide\Books\b-Library_Hzm-20260601T235628Z-3-002.zip -> b-Library_Hzm/Dua-Oku/kisa-sureler-ve-gunluk-dualar-rehberyayinlari.pdf,b-Library_Hzm/Dua-Oku,0.71
Peygamber Efendimizin Dilinden Faziletli Dualar (Aydüz Davut) (z-lib.org).epub,EPUB,ZIP Arşivi İçinde (b-Library_Hzm-20260601T235628Z-3-002.zip),C:\Users\default.LAPTOP-OBA1HVU9\.antigravity-ide\Books\b-Library_Hzm-20260601T235628Z-3-002.zip -> b-Library_Hzm/Dua-Oku/Peygamber Efendimizin Dilinden Faziletli Dualar (Aydüz Davut) (z-lib.org).epub,b-Library_Hzm/Dua-Oku,0.41
Bir-Kırık-Dilekce-pdf.pdf,PDF,ZIP Arşivi İçinde (b-Library_Hzm-20260601T235628Z-3-002.zip),C:\Users\default.LAPTOP-OBA1HVU9\.antigravity-ide\Books\b-Library_Hzm-20260601T235628Z-3-002.zip -> b-Library_Hzm/Dua-Oku/Bir-Kırık-Dilekce-pdf.pdf,b-Library_Hzm/Dua-Oku,6.03
dua-kitapcik-calismasi-yeni.pdf,PDF,ZIP Arşivi İçinde (b-Library_Hzm-20260601T235628Z-3-002.zip),C:\Users\default.LAPTOP-OBA1HVU9\.antigravity-ide\Books\b-Library_Hzm-20260601T235628Z-3-002.zip -> b-Library_Hzm/Dua-Oku/dua-kitapcik-calismasi-yeni.pdf,b-Library_Hzm/Dua-Oku,1.75
Dua Mecmuasi Mealli_MFG.pdf,PDF,ZIP Arşivi İçinde (b-Library_Hzm-20260601T235628Z-3-002.zip),C:\Users\default.LAPTOP-OBA1HVU9\.antigravity-ide\Books\b-Library_Hzm-20260601T235628Z-3-002.zip -> b-Library_Hzm/Dua-Oku/Dua Mecmuasi Mealli_MFG.pdf,b-Library_Hzm/Dua-Oku,3.59
2-Islamiyetin Dogusu-Peygamberimizin Hayati.PDF,PDF,ZIP Arşivi İçinde (b-Library_Hzm-20260601T235628Z-3-002.zip),C:\Users\default.LAPTOP-OBA1HVU9\.antigravity-ide\Books\b-Library_Hzm-20260601T235628Z-3-002.zip -> b-Library_Hzm/Çocuklar için-Hzm/Peygamberimizin Hayatı-Çocuk/2-Islamiyetin Dogusu-Peygamberimizin Hayati.PDF,b-Library_Hzm/Çocuklar için-Hzm/Peygamberimizin Hayatı-Çocuk,6.33
Yakaran_Gonuller-el_Kulubud_Daria_Tercumesi.pdf,PDF,ZIP Arşivi İçinde (b-Library_Hzm-20260601T235628Z-3-002.zip),C:\Users\default.LAPTOP-OBA1HVU9\.antigravity-ide\Books\b-Library_Hzm-20260601T235628Z-3-002.zip -> b-Library_Hzm/Dua-Oku/Yakaran_Gonuller-el_Kulubud_Daria_Tercumesi.pdf,b-Library_Hzm/Dua-Oku,3.17
5-Peygamberimizin Son Yillari-Peygamberimizin Hayati.PDF,PDF,ZIP Arşivi İçinde (b-Library_Hzm-20260601T235628Z-3-002.zip),C:\Users\default.LAPTOP-OBA1HVU9\.antigravity-ide\Books\b-Library_Hzm-20260601T235628Z-3-002.zip -> b-Library_Hzm/Çocuklar için-Hzm/Peygamberimizin Hayatı-Çocuk/5-Peygamberimizin Son Yillari-Peygamberimizin Hayati.PDF,b-Library_Hzm/Çocuklar için-Hzm/Peygamberimizin Hayatı-Çocuk,6.34
Mustafa Yilmaz - Yanik Sinelerden Dualar - DefineYayinlari (Mustafa Yilmaz) (z-lib.org).pdf,PDF,ZIP Arşivi İçinde (b-Library_Hzm-20260601T235628Z-3-002.zip),C:\Users\default.LAPTOP-OBA1HVU9\.antigravity-ide\Books\b-Library_Hzm-20260601T235628Z-3-002.zip -> b-Library_Hzm/Dua-Oku/Mustafa Yilmaz - Yanik Sinelerden Dualar - DefineYayinlari (Mustafa Yilmaz) (z-lib.org).pdf,b-Library_Hzm/Dua-Oku,1.06
Tevhidname-mealli.pdf,PDF,ZIP Arşivi İçinde (b-Library_Hzm-20260601T235628Z-3-002.zip),C:\Users\default.LAPTOP-OBA1HVU9\.antigravity-ide\Books\b-Library_Hzm-20260601T235628Z-3-002.zip -> b-Library_Hzm/Dua-Oku/Tevhidname-mealli.pdf,b-Library_Hzm/Dua-Oku,1.39
Enneagram-Ruhun-Aynası-Helen-Palmer.pdf,PDF,ZIP Arşivi İçinde (b-Lİbrary_Tr-Gen-20260601T232943Z-3-001.zip),C:\Users\default.LAPTOP-OBA1HVU9\.antigravity-ide\Books\b-Lİbrary_Tr-Gen-20260601T232943Z-3-001.zip -> b-Lİbrary_Tr-Gen/Enneagram_PDF/Enneagram-Ruhun-Aynası-Helen-Palmer.pdf,b-Lİbrary_Tr-Gen/Enneagram_PDF,5.4
Enneagram-ile-Kendini-Keşfet.pdf,PDF,ZIP Arşivi İçinde (b-Lİbrary_Tr-Gen-20260601T232943Z-3-001.zip),C:\Users\default.LAPTOP-OBA1HVU9\.antigravity-ide\Books\b-Lİbrary_Tr-Gen-20260601T232943Z-3-001.zip -> b-Lİbrary_Tr-Gen/Enneagram_PDF/Enneagram-ile-Kendini-Keşfet.pdf,b-Lİbrary_Tr-Gen/Enneagram_PDF,1.68
Duygusal-Zeka-Daniel-Goleman.pdf,PDF,ZIP Arşivi İçinde (b-Lİbrary_Tr-Gen-20260601T232943Z-3-001.zip),C:\Users\default.LAPTOP-OBA1HVU9\.antigravity-ide\Books\b-Lİbrary_Tr-Gen-20260601T232943Z-3-001.zip -> b-Lİbrary_Tr-Gen/Duygusal Zeka-Empati/Duygusal-Zeka-Daniel-Goleman.pdf,b-Lİbrary_Tr-Gen/Duygusal Zeka-Empati,9.2
Enneagram ile Kisilik Analizi.pdf,PDF,ZIP Arşivi İçinde (b-Lİbrary_Tr-Gen-20260601T232943Z-3-001.zip),C:\Users\default.LAPTOP-OBA1HVU9\.antigravity-ide\Books\b-Lİbrary_Tr-Gen-20260601T232943Z-3-001.zip -> b-Lİbrary_Tr-Gen/Enneagram_PDF/Enneagram ile Kisilik Analizi.pdf,b-Lİbrary_Tr-Gen/Enneagram_PDF,6.86
Bilim_Teknik_1981.pdf,PDF,ZIP Arşivi İçinde (b-Lİbrary_Tr-Gen-20260601T232943Z-3-001.zip),C:\Users\default.LAPTOP-OBA1HVU9\.antigravity-ide\Books\b-Lİbrary_Tr-Gen-20260601T232943Z-3-001.zip -> b-Lİbrary_Tr-Gen/Bilim Teknik Dergisi/Bilim_Teknik_1981.pdf,b-Lİbrary_Tr-Gen/Bilim Teknik Dergisi,72.15
Bilim_Teknik_1975.pdf,PDF,ZIP Arşivi İçinde (b-Lİbrary_Tr-Gen-20260601T232943Z-3-001.zip),C:\Users\default.LAPTOP-OBA1HVU9\.antigravity-ide\Books\b-Lİbrary_Tr-Gen-20260601T232943Z-3-001.zip -> b-Lİbrary_Tr-Gen/Bilim Teknik Dergisi/Bilim_Teknik_1975.pdf,b-Lİbrary_Tr-Gen/Bilim Teknik Dergisi,74.59
Peyami-Safa-Attila.pdf,PDF,ZIP Arşivi İçinde (b-Lİbrary_Tr-Gen-20260601T232943Z-3-001.zip),C:\Users\default.LAPTOP-OBA1HVU9\.antigravity-ide\Books\b-Lİbrary_Tr-Gen-20260601T232943Z-3-001.zip -> b-Lİbrary_Tr-Gen/Roman_Tr/Peyami-Safa-Attila.pdf,b-Lİbrary_Tr-Gen/Roman_Tr,1.16
Ergenlerle-İletişim-Sanatı-Janey-Downshire-Naella-Grew.pdf,PDF,ZIP Arşivi İçinde (b-Lİbrary_Tr-Gen-20260601T232943Z-3-001.zip),C:\Users\default.LAPTOP-OBA1HVU9\.antigravity-ide\Books\b-Lİbrary_Tr-Gen-20260601T232943Z-3-001.zip -> b-Lİbrary_Tr-Gen/Cocuk Gelisimi/Ergenlerle-İletişim-Sanatı-Janey-Downshire-Naella-Grew.pdf,b-Lİbrary_Tr-Gen/Cocuk Gelisimi,4.55
Bilim_Teknik_1985.pdf,PDF,ZIP Arşivi İçinde (b-Lİbrary_Tr-Gen-20260601T232943Z-3-001.zip),C:\Users\default.LAPTOP-OBA1HVU9\.antigravity-ide\Books\b-Lİbrary_Tr-Gen-20260601T232943Z-3-001.zip -> b-Lİbrary_Tr-Gen/Bilim Teknik Dergisi/Bilim_Teknik_1985.pdf,b-Lİbrary_Tr-Gen/Bilim Teknik Dergisi,89.7
Bilim_Teknik_1977.pdf,PDF,ZIP Arşivi İçinde (b-Lİbrary_Tr-Gen-20260601T232943Z-3-001.zip),C:\Users\default.LAPTOP-OBA1HVU9\.antigravity-ide\Books\b-Lİbrary_Tr-Gen-20260601T232943Z-3-001.zip -> b-Lİbrary_Tr-Gen/Bilim Teknik Dergisi/Bilim_Teknik_1977.pdf,b-Lİbrary_Tr-Gen/Bilim Teknik Dergisi,80.86
Bilim_Teknik_1982.pdf,PDF,ZIP Arşivi İçinde (b-Lİbrary_Tr-Gen-20260601T232943Z-3-001.zip),C:\Users\default.LAPTOP-OBA1HVU9\.antigravity-ide\Books\b-Lİbrary_Tr-Gen-20260601T232943Z-3-001.zip -> b-Lİbrary_Tr-Gen/Bilim Teknik Dergisi/Bilim_Teknik_1982.pdf,b-Lİbrary_Tr-Gen/Bilim Teknik Dergisi,83.1
Bilim_Teknik-1993.11.pdf,PDF,ZIP Arşivi İçinde (b-Lİbrary_Tr-Gen-20260601T232943Z-3-001.zip),C:\Users\default.LAPTOP-OBA1HVU9\.antigravity-ide\Books\b-Lİbrary_Tr-Gen-20260601T232943Z-3-001.zip -> b-Lİbrary_Tr-Gen/Bilim Teknik Dergisi/Bilim_Teknik-1993.11.pdf,b-Lİbrary_Tr-Gen/Bilim Teknik Dergisi,9.51
Bilim_Teknik_1976.pdf,PDF,ZIP Arşivi İçinde (b-Lİbrary_Tr-Gen-20260601T232943Z-3-001.zip),C:\Users\default.LAPTOP-OBA1HVU9\.antigravity-ide\Books\b-Lİbrary_Tr-Gen-20260601T232943Z-3-001.zip -> b-Lİbrary_Tr-Gen/Bilim Teknik Dergisi/Bilim_Teknik_1976.pdf,b-Lİbrary_Tr-Gen/Bilim Teknik Dergisi,72.84
Bilim_Teknik_1984.pdf,PDF,ZIP Arşivi İçinde (b-Lİbrary_Tr-Gen-20260601T232943Z-3-001.zip),C:\Users\default.LAPTOP-OBA1HVU9\.antigravity-ide\Books\b-Lİbrary_Tr-Gen-20260601T232943Z-3-001.zip -> b-Lİbrary_Tr-Gen/Bilim Teknik Dergisi/Bilim_Teknik_1984.pdf,b-Lİbrary_Tr-Gen/Bilim Teknik Dergisi,67.74
Bilim_Teknik_1987.pdf,PDF,ZIP Arşivi İçinde (b-Lİbrary_Tr-Gen-20260601T232943Z-3-001.zip),C:\Users\default.LAPTOP-OBA1HVU9\.antigravity-ide\Books\b-Lİbrary_Tr-Gen-20260601T232943Z-3-001.zip -> b-Lİbrary_Tr-Gen/Bilim Teknik Dergisi/Bilim_Teknik_1987.pdf,b-Lİbrary_Tr-Gen/Bilim Teknik Dergisi,83.74
Bilim_Teknik_1991.pdf,PDF,ZIP Arşivi İçinde (b-Lİbrary_Tr-Gen-20260601T232943Z-3-001.zip),C:\Users\default.LAPTOP-OBA1HVU9\.antigravity-ide\Books\b-Lİbrary_Tr-Gen-20260601T232943Z-3-001.zip -> b-Lİbrary_Tr-Gen/Bilim Teknik Dergisi/Bilim_Teknik_1991.pdf,b-Lİbrary_Tr-Gen/Bilim Teknik Dergisi,96.69
Bilim_Teknik_2020.03.pdf,PDF,ZIP Arşivi İçinde (b-Lİbrary_Tr-Gen-20260601T232943Z-3-001.zip),C:\Users\default.LAPTOP-OBA1HVU9\.antigravity-ide\Books\b-Lİbrary_Tr-Gen-20260601T232943Z-3-001.zip -> b-Lİbrary_Tr-Gen/Bilim Teknik Dergisi/Bilim_Teknik_2020.03.pdf,b-Lİbrary_Tr-Gen/Bilim Teknik Dergisi,20.78
Bilim_Teknik_1986.pdf,PDF,ZIP Arşivi İçinde (b-Lİbrary_Tr-Gen-20260601T232943Z-3-001.zip),C:\Users\default.LAPTOP-OBA1HVU9\.antigravity-ide\Books\b-Lİbrary_Tr-Gen-20260601T232943Z-3-001.zip -> b-Lİbrary_Tr-Gen/Bilim Teknik Dergisi/Bilim_Teknik_1986.pdf,b-Lİbrary_Tr-Gen/Bilim Teknik Dergisi,85.31
Bilim_Teknik_2007d.pdf,PDF,ZIP Arşivi İçinde (b-Lİbrary_Tr-Gen-20260601T232943Z-3-001.zip),C:\Users\default.LAPTOP-OBA1HVU9\.antigravity-ide\Books\b-Lİbrary_Tr-Gen-20260601T232943Z-3-001.zip -> b-Lİbrary_Tr-Gen/Bilim Teknik Dergisi/Bilim_Teknik_2007d.pdf,b-Lİbrary_Tr-Gen/Bilim Teknik Dergisi,25.69
Bilim_Teknik_2007a.pdf,PDF,ZIP Arşivi İçinde (b-Lİbrary_Tr-Gen-20260601T232943Z-3-001.zip),C:\Users\default.LAPTOP-OBA1HVU9\.antigravity-ide\Books\b-Lİbrary_Tr-Gen-20260601T232943Z-3-001.zip -> b-Lİbrary_Tr-Gen/Bilim Teknik Dergisi/Bilim_Teknik_2007a.pdf,b-Lİbrary_Tr-Gen/Bilim Teknik Dergisi,26.25
Bilim_Teknik_1983.pdf,PDF,ZIP Arşivi İçinde (b-Lİbrary_Tr-Gen-20260601T232943Z-3-001.zip),C:\Users\default.LAPTOP-OBA1HVU9\.antigravity-ide\Books\b-Lİbrary_Tr-Gen-20260601T232943Z-3-001.zip -> b-Lİbrary_Tr-Gen/Bilim Teknik Dergisi/Bilim_Teknik_1983.pdf,b-Lİbrary_Tr-Gen/Bilim Teknik Dergisi,84.66
Enneagram-Kendini-Bilme-Sanat-David-N-Daniels-Virginia-a-Price (1).pdf,PDF,ZIP Arşivi İçinde (b-Lİbrary_Tr-Gen-20260601T232943Z-3-001.zip),C:\Users\default.LAPTOP-OBA1HVU9\.antigravity-ide\Books\b-Lİbrary_Tr-Gen-20260601T232943Z-3-001.zip -> b-Lİbrary_Tr-Gen/Enneagram_PDF/Enneagram-Kendini-Bilme-Sanat-David-N-Daniels-Virginia-a-Price (1).pdf,b-Lİbrary_Tr-Gen/Enneagram_PDF,8.53
Empati-Cağı-Frans-de-Waal.pdf,PDF,ZIP Arşivi İçinde (b-Lİbrary_Tr-Gen-20260601T232943Z-3-001.zip),C:\Users\default.LAPTOP-OBA1HVU9\.antigravity-ide\Books\b-Lİbrary_Tr-Gen-20260601T232943Z-3-001.zip -> b-Lİbrary_Tr-Gen/Duygusal Zeka-Empati/Empati-Cağı-Frans-de-Waal.pdf,b-Lİbrary_Tr-Gen/Duygusal Zeka-Empati,5.93
Bilim_Teknik_2005.pdf,PDF,ZIP Arşivi İçinde (b-Lİbrary_Tr-Gen-20260601T232943Z-3-001.zip),C:\Users\default.LAPTOP-OBA1HVU9\.antigravity-ide\Books\b-Lİbrary_Tr-Gen-20260601T232943Z-3-001.zip -> b-Lİbrary_Tr-Gen/Bilim Teknik Dergisi/Bilim_Teknik_2005.pdf,b-Lİbrary_Tr-Gen/Bilim Teknik Dergisi,5.42
Bilim_Teknik_1992.pdf,PDF,ZIP Arşivi İçinde (b-Lİbrary_Tr-Gen-20260601T232943Z-3-001.zip),C:\Users\default.LAPTOP-OBA1HVU9\.antigravity-ide\Books\b-Lİbrary_Tr-Gen-20260601T232943Z-3-001.zip -> b-Lİbrary_Tr-Gen/Bilim Teknik Dergisi/Bilim_Teknik_1992.pdf,b-Lİbrary_Tr-Gen/Bilim Teknik Dergisi,102.55
Bilim_Teknik_1988.pdf,PDF,ZIP Arşivi İçinde (b-Lİbrary_Tr-Gen-20260601T232943Z-3-001.zip),C:\Users\default.LAPTOP-OBA1HVU9\.antigravity-ide\Books\b-Lİbrary_Tr-Gen-20260601T232943Z-3-001.zip -> b-Lİbrary_Tr-Gen/Bilim Teknik Dergisi/Bilim_Teknik_1988.pdf,b-Lİbrary_Tr-Gen/Bilim Teknik Dergisi,105.97
Bilim_Teknik_1990.pdf,PDF,ZIP Arşivi İçinde (b-Lİbrary_Tr-Gen-20260601T232943Z-3-001.zip),C:\Users\default.LAPTOP-OBA1HVU9\.antigravity-ide\Books\b-Lİbrary_Tr-Gen-20260601T232943Z-3-001.zip -> b-Lİbrary_Tr-Gen/Bilim Teknik Dergisi/Bilim_Teknik_1990.pdf,b-Lİbrary_Tr-Gen/Bilim Teknik Dergisi,112.96
Bilim_Teknik_1967.pdf,PDF,ZIP Arşivi İçinde (b-Lİbrary_Tr-Gen-20260601T232943Z-3-001.zip),C:\Users\default.LAPTOP-OBA1HVU9\.antigravity-ide\Books\b-Lİbrary_Tr-Gen-20260601T232943Z-3-001.zip -> b-Lİbrary_Tr-Gen/Bilim Teknik Dergisi/Bilim_Teknik_1967.pdf,b-Lİbrary_Tr-Gen/Bilim Teknik Dergisi,8.04
Bilim_Teknik_2007b.pdf,PDF,ZIP Arşivi İçinde (b-Lİbrary_Tr-Gen-20260601T232943Z-3-001.zip),C:\Users\default.LAPTOP-OBA1HVU9\.antigravity-ide\Books\b-Lİbrary_Tr-Gen-20260601T232943Z-3-001.zip -> b-Lİbrary_Tr-Gen/Bilim Teknik Dergisi/Bilim_Teknik_2007b.pdf,b-Lİbrary_Tr-Gen/Bilim Teknik Dergisi,25.06
Bilim_Teknik_2007c.pdf,PDF,ZIP Arşivi İçinde (b-Lİbrary_Tr-Gen-20260601T232943Z-3-001.zip),C:\Users\default.LAPTOP-OBA1HVU9\.antigravity-ide\Books\b-Lİbrary_Tr-Gen-20260601T232943Z-3-001.zip -> b-Lİbrary_Tr-Gen/Bilim Teknik Dergisi/Bilim_Teknik_2007c.pdf,b-Lİbrary_Tr-Gen/Bilim Teknik Dergisi,28.79
Bilim_Teknik_1995.pdf,PDF,ZIP Arşivi İçinde (b-Lİbrary_Tr-Gen-20260601T232943Z-3-001.zip),C:\Users\default.LAPTOP-OBA1HVU9\.antigravity-ide\Books\b-Lİbrary_Tr-Gen-20260601T232943Z-3-001.zip -> b-Lİbrary_Tr-Gen/Bilim Teknik Dergisi/Bilim_Teknik_1995.pdf,b-Lİbrary_Tr-Gen/Bilim Teknik Dergisi,68.47
Bilim_Teknik_2020.02.pdf,PDF,ZIP Arşivi İçinde (b-Lİbrary_Tr-Gen-20260601T232943Z-3-001.zip),C:\Users\default.LAPTOP-OBA1HVU9\.antigravity-ide\Books\b-Lİbrary_Tr-Gen-20260601T232943Z-3-001.zip -> b-Lİbrary_Tr-Gen/Bilim Teknik Dergisi/Bilim_Teknik_2020.02.pdf,b-Lİbrary_Tr-Gen/Bilim Teknik Dergisi,30.17
Zengin-olma-bilimi.pdf,PDF,ZIP Arşivi İçinde (b-Lİbrary_Tr-Gen-20260601T232943Z-3-001.zip),C:\Users\default.LAPTOP-OBA1HVU9\.antigravity-ide\Books\b-Lİbrary_Tr-Gen-20260601T232943Z-3-001.zip -> b-Lİbrary_Tr-Gen/Para-Finans/Zengin-olma-bilimi.pdf,b-Lİbrary_Tr-Gen/Para-Finans,0.66
Bilim_Teknik_1974.pdf,PDF,ZIP Arşivi İçinde (b-Lİbrary_Tr-Gen-20260601T232943Z-3-001.zip),C:\Users\default.LAPTOP-OBA1HVU9\.antigravity-ide\Books\b-Lİbrary_Tr-Gen-20260601T232943Z-3-001.zip -> b-Lİbrary_Tr-Gen/Bilim Teknik Dergisi/Bilim_Teknik_1974.pdf,b-Lİbrary_Tr-Gen/Bilim Teknik Dergisi,71.91
Bilim_Teknik_1968.pdf,PDF,ZIP Arşivi İçinde (b-Lİbrary_Tr-Gen-20260601T232943Z-3-001.zip),C:\Users\default.LAPTOP-OBA1HVU9\.antigravity-ide\Books\b-Lİbrary_Tr-Gen-20260601T232943Z-3-001.zip -> b-Lİbrary_Tr-Gen/Bilim Teknik Dergisi/Bilim_Teknik_1968.pdf,b-Lİbrary_Tr-Gen/Bilim Teknik Dergisi,46.13
Bilim_Teknik_1969.pdf,PDF,ZIP Arşivi İçinde (b-Lİbrary_Tr-Gen-20260601T232943Z-3-001.zip),C:\Users\default.LAPTOP-OBA1HVU9\.antigravity-ide\Books\b-Lİbrary_Tr-Gen-20260601T232943Z-3-001.zip -> b-Lİbrary_Tr-Gen/Bilim Teknik Dergisi/Bilim_Teknik_1969.pdf,b-Lİbrary_Tr-Gen/Bilim Teknik Dergisi,52.48
Bilim_Teknik_1972.pdf,PDF,ZIP Arşivi İçinde (b-Lİbrary_Tr-Gen-20260601T232943Z-3-001.zip),C:\Users\default.LAPTOP-OBA1HVU9\.antigravity-ide\Books\b-Lİbrary_Tr-Gen-20260601T232943Z-3-001.zip -> b-Lİbrary_Tr-Gen/Bilim Teknik Dergisi/Bilim_Teknik_1972.pdf,b-Lİbrary_Tr-Gen/Bilim Teknik Dergisi,74.37
Bilim_Teknik_1979.pdf,PDF,ZIP Arşivi İçinde (b-Lİbrary_Tr-Gen-20260601T232943Z-3-001.zip),C:\Users\default.LAPTOP-OBA1HVU9\.antigravity-ide\Books\b-Lİbrary_Tr-Gen-20260601T232943Z-3-001.zip -> b-Lİbrary_Tr-Gen/Bilim Teknik Dergisi/Bilim_Teknik_1979.pdf,b-Lİbrary_Tr-Gen/Bilim Teknik Dergisi,75.68
Zenginleşmekten-Cekinmeyin-Marilyn-Jenett.pdf,PDF,ZIP Arşivi İçinde (b-Lİbrary_Tr-Gen-20260601T232943Z-3-001.zip),C:\Users\default.LAPTOP-OBA1HVU9\.antigravity-ide\Books\b-Lİbrary_Tr-Gen-20260601T232943Z-3-001.zip -> b-Lİbrary_Tr-Gen/Para-Finans/Zenginleşmekten-Cekinmeyin-Marilyn-Jenett.pdf,b-Lİbrary_Tr-Gen/Para-Finans,1.73
Bilim_Teknik_1970.pdf,PDF,ZIP Arşivi İçinde (b-Lİbrary_Tr-Gen-20260601T232943Z-3-001.zip),C:\Users\default.LAPTOP-OBA1HVU9\.antigravity-ide\Books\b-Lİbrary_Tr-Gen-20260601T232943Z-3-001.zip -> b-Lİbrary_Tr-Gen/Bilim Teknik Dergisi/Bilim_Teknik_1970.pdf,b-Lİbrary_Tr-Gen/Bilim Teknik Dergisi,61.94
Normal-Efsanesi-Gabor-Mate.pdf,PDF,ZIP Arşivi İçinde (b-Lİbrary_Tr-Gen-20260601T232943Z-3-001.zip),C:\Users\default.LAPTOP-OBA1HVU9\.antigravity-ide\Books\b-Lİbrary_Tr-Gen-20260601T232943Z-3-001.zip -> b-Lİbrary_Tr-Gen/Tıp/Normal-Efsanesi-Gabor-Mate.pdf,b-Lİbrary_Tr-Gen/Tıp,8.31
Bilim_Teknik_1971.pdf,PDF,ZIP Arşivi İçinde (b-Lİbrary_Tr-Gen-20260601T232943Z-3-001.zip),C:\Users\default.LAPTOP-OBA1HVU9\.antigravity-ide\Books\b-Lİbrary_Tr-Gen-20260601T232943Z-3-001.zip -> b-Lİbrary_Tr-Gen/Bilim Teknik Dergisi/Bilim_Teknik_1971.pdf,b-Lİbrary_Tr-Gen/Bilim Teknik Dergisi,70.42
Servet-Oluşturma-Donald-Trump.pdf,PDF,ZIP Arşivi İçinde (b-Lİbrary_Tr-Gen-20260601T232943Z-3-001.zip),C:\Users\default.LAPTOP-OBA1HVU9\.antigravity-ide\Books\b-Lİbrary_Tr-Gen-20260601T232943Z-3-001.zip -> b-Lİbrary_Tr-Gen/Para-Finans/Servet-Oluşturma-Donald-Trump.pdf,b-Lİbrary_Tr-Gen/Para-Finans,1.29
Gelecege-yatirim.pdf,PDF,ZIP Arşivi İçinde (b-Lİbrary_Tr-Gen-20260601T232943Z-3-001.zip),C:\Users\default.LAPTOP-OBA1HVU9\.antigravity-ide\Books\b-Lİbrary_Tr-Gen-20260601T232943Z-3-001.zip -> b-Lİbrary_Tr-Gen/Para-Finans/Gelecege-yatirim.pdf,b-Lİbrary_Tr-Gen/Para-Finans,0.83
Yatırımcının-El-Kitabı.pdf,PDF,ZIP Arşivi İçinde (b-Lİbrary_Tr-Gen-20260601T232943Z-3-001.zip),C:\Users\default.LAPTOP-OBA1HVU9\.antigravity-ide\Books\b-Lİbrary_Tr-Gen-20260601T232943Z-3-001.zip -> b-Lİbrary_Tr-Gen/Para-Finans/Yatırımcının-El-Kitabı.pdf,b-Lİbrary_Tr-Gen/Para-Finans,9.35
On-Derste-Kapitalizm-Michel-Husson.pdf,PDF,ZIP Arşivi İçinde (b-Lİbrary_Tr-Gen-20260601T232943Z-3-001.zip),C:\Users\default.LAPTOP-OBA1HVU9\.antigravity-ide\Books\b-Lİbrary_Tr-Gen-20260601T232943Z-3-001.zip -> b-Lİbrary_Tr-Gen/Para-Finans/On-Derste-Kapitalizm-Michel-Husson.pdf,b-Lİbrary_Tr-Gen/Para-Finans,7.69
Dusun-ve-Zengin-Ol-Napoleon-Hill.pdf,PDF,ZIP Arşivi İçinde (b-Lİbrary_Tr-Gen-20260601T232943Z-3-001.zip),C:\Users\default.LAPTOP-OBA1HVU9\.antigravity-ide\Books\b-Lİbrary_Tr-Gen-20260601T232943Z-3-001.zip -> b-Lİbrary_Tr-Gen/Para-Finans/Dusun-ve-Zengin-Ol-Napoleon-Hill.pdf,b-Lİbrary_Tr-Gen/Para-Finans,4.65
Görünmeyeni Satmak (Harry Beckwith) (z-lib.org).epub,EPUB,ZIP Arşivi İçinde (b-Lİbrary_Tr-Gen-20260601T232943Z-3-001.zip),C:\Users\default.LAPTOP-OBA1HVU9\.antigravity-ide\Books\b-Lİbrary_Tr-Gen-20260601T232943Z-3-001.zip -> b-Lİbrary_Tr-Gen/Para-Finans/Görünmeyeni Satmak (Harry Beckwith) (z-lib.org).epub,b-Lİbrary_Tr-Gen/Para-Finans,0.21
Buyology Satın almaya dair bildiğimiz her şey neden yanlış？ (Martin Lindstrom) (z-lib.org).epub,EPUB,ZIP Arşivi İçinde (b-Lİbrary_Tr-Gen-20260601T232943Z-3-001.zip),C:\Users\default.LAPTOP-OBA1HVU9\.antigravity-ide\Books\b-Lİbrary_Tr-Gen-20260601T232943Z-3-001.zip -> b-Lİbrary_Tr-Gen/Para-Finans/Buyology Satın almaya dair bildiğimiz her şey neden yanlış？ (Martin Lindstrom) (z-lib.org).epub,b-Lİbrary_Tr-Gen/Para-Finans,0.7
Zihni Gelistirmenin 101 Yolu (Rachel Walker) (z-lib.org).epub,EPUB,ZIP Arşivi İçinde (b-Lİbrary_Tr-Gen-20260601T232943Z-3-001.zip),C:\Users\default.LAPTOP-OBA1HVU9\.antigravity-ide\Books\b-Lİbrary_Tr-Gen-20260601T232943Z-3-001.zip -> b-Lİbrary_Tr-Gen/Beyin ve Hafıza/Zihni Gelistirmenin 101 Yolu (Rachel Walker) (z-lib.org).epub,b-Lİbrary_Tr-Gen/Beyin ve Hafıza,0.13
Stephen-Hawking-Buyuk-Tasarim.pdf,PDF,ZIP Arşivi İçinde (b-Lİbrary_Tr-Gen-20260601T232943Z-3-001.zip),C:\Users\default.LAPTOP-OBA1HVU9\.antigravity-ide\Books\b-Lİbrary_Tr-Gen-20260601T232943Z-3-001.zip -> b-Lİbrary_Tr-Gen/Bilim/Stephen-Hawking-Buyuk-Tasarim.pdf,b-Lİbrary_Tr-Gen/Bilim,1.53
Zengin-Baba-Yoksul-Baba-Robert-Kiyosaki.pdf,PDF,ZIP Arşivi İçinde (b-Lİbrary_Tr-Gen-20260601T232943Z-3-001.zip),C:\Users\default.LAPTOP-OBA1HVU9\.antigravity-ide\Books\b-Lİbrary_Tr-Gen-20260601T232943Z-3-001.zip -> b-Lİbrary_Tr-Gen/Para-Finans/Zengin-Baba-Yoksul-Baba-Robert-Kiyosaki.pdf,b-Lİbrary_Tr-Gen/Para-Finans,1.73
Duygusal Zeka (Daniel Goleman) (z-lib.org).epub,EPUB,ZIP Arşivi İçinde (b-Lİbrary_Tr-Gen-20260601T232943Z-3-001.zip),C:\Users\default.LAPTOP-OBA1HVU9\.antigravity-ide\Books\b-Lİbrary_Tr-Gen-20260601T232943Z-3-001.zip -> b-Lİbrary_Tr-Gen/Duygusal Zeka-Empati/Duygusal Zeka (Daniel Goleman) (z-lib.org).epub,b-Lİbrary_Tr-Gen/Duygusal Zeka-Empati,0.64
Milyoner-Aklın-Sırları-T-harv-Eker (1).pdf,PDF,ZIP Arşivi İçinde (b-Lİbrary_Tr-Gen-20260601T232943Z-3-001.zip),C:\Users\default.LAPTOP-OBA1HVU9\.antigravity-ide\Books\b-Lİbrary_Tr-Gen-20260601T232943Z-3-001.zip -> b-Lİbrary_Tr-Gen/Para-Finans/Milyoner-Aklın-Sırları-T-harv-Eker (1).pdf,b-Lİbrary_Tr-Gen/Para-Finans,17.15
Ekonomi 101 Bir Çırpıda Para ve Finans (Alfred Mill) (z-lib.org).epub,EPUB,ZIP Arşivi İçinde (b-Lİbrary_Tr-Gen-20260601T232943Z-3-001.zip),C:\Users\default.LAPTOP-OBA1HVU9\.antigravity-ide\Books\b-Lİbrary_Tr-Gen-20260601T232943Z-3-001.zip -> b-Lİbrary_Tr-Gen/Para-Finans/Ekonomi 101 Bir Çırpıda Para ve Finans (Alfred Mill) (z-lib.org).epub,b-Lİbrary_Tr-Gen/Para-Finans,6.78
Zengin-Cocuk-Akıllı-Cocuk-Robert-Kiyosaki.pdf,PDF,ZIP Arşivi İçinde (b-Lİbrary_Tr-Gen-20260601T232943Z-3-001.zip),C:\Users\default.LAPTOP-OBA1HVU9\.antigravity-ide\Books\b-Lİbrary_Tr-Gen-20260601T232943Z-3-001.zip -> b-Lİbrary_Tr-Gen/Para-Finans/Zengin-Cocuk-Akıllı-Cocuk-Robert-Kiyosaki.pdf,b-Lİbrary_Tr-Gen/Para-Finans,8.77
Altı-Kolay-Parca-Richard-P-Feynman.pdf,PDF,ZIP Arşivi İçinde (b-Lİbrary_Tr-Gen-20260601T232943Z-3-001.zip),C:\Users\default.LAPTOP-OBA1HVU9\.antigravity-ide\Books\b-Lİbrary_Tr-Gen-20260601T232943Z-3-001.zip -> b-Lİbrary_Tr-Gen/Bilim/Altı-Kolay-Parca-Richard-P-Feynman.pdf,b-Lİbrary_Tr-Gen/Bilim,2.4
Tehlikeli Oyunlar (Oğuz Atay).epub,EPUB,ZIP Arşivi İçinde (b-Lİbrary_Tr-Gen-20260601T232943Z-3-001.zip),C:\Users\default.LAPTOP-OBA1HVU9\.antigravity-ide\Books\b-Lİbrary_Tr-Gen-20260601T232943Z-3-001.zip -> b-Lİbrary_Tr-Gen/Roman_Tr/Tehlikeli Oyunlar (Oğuz Atay).epub,b-Lİbrary_Tr-Gen/Roman_Tr,0.38
Tuketim-Toplumunda-Reklam-ve-Psikoloji-C (1).pdf,PDF,ZIP Arşivi İçinde (b-Lİbrary_Tr-Gen-20260601T232943Z-3-001.zip),C:\Users\default.LAPTOP-OBA1HVU9\.antigravity-ide\Books\b-Lİbrary_Tr-Gen-20260601T232943Z-3-001.zip -> b-Lİbrary_Tr-Gen/Reklam-Pazarlama-Satis/Tuketim-Toplumunda-Reklam-ve-Psikoloji-C (1).pdf,b-Lİbrary_Tr-Gen/Reklam-Pazarlama-Satis,0.67
REKLAMLARDA-KORKU-CEKICILIGI.pdf,PDF,ZIP Arşivi İçinde (b-Lİbrary_Tr-Gen-20260601T232943Z-3-001.zip),C:\Users\default.LAPTOP-OBA1HVU9\.antigravity-ide\Books\b-Lİbrary_Tr-Gen-20260601T232943Z-3-001.zip -> b-Lİbrary_Tr-Gen/Reklam-Pazarlama-Satis/REKLAMLARDA-KORKU-CEKICILIGI.pdf,b-Lİbrary_Tr-Gen/Reklam-Pazarlama-Satis,3.26
Mahfi-Eğilmez-Orneklerle-Kolay-Ekonomi.pdf,PDF,ZIP Arşivi İçinde (b-Lİbrary_Tr-Gen-20260601T232943Z-3-001.zip),C:\Users\default.LAPTOP-OBA1HVU9\.antigravity-ide\Books\b-Lİbrary_Tr-Gen-20260601T232943Z-3-001.zip -> b-Lİbrary_Tr-Gen/Ekonomi/Mahfi-Eğilmez-Orneklerle-Kolay-Ekonomi.pdf,b-Lİbrary_Tr-Gen/Ekonomi,0.52
iyilestiren-aliskanliklar-gretchen-rubin.pdf,PDF,ZIP Arşivi İçinde (b-Lİbrary_Tr-Gen-20260601T232943Z-3-001.zip),C:\Users\default.LAPTOP-OBA1HVU9\.antigravity-ide\Books\b-Lİbrary_Tr-Gen-20260601T232943Z-3-001.zip -> b-Lİbrary_Tr-Gen/Kişisel Gelişim/iyilestiren-aliskanliklar-gretchen-rubin.pdf,b-Lİbrary_Tr-Gen/Kişisel Gelişim,1.71
Telefonunuzun Sizi Degistirdigi 12 Sey.pdf,PDF,ZIP Arşivi İçinde (b-Lİbrary_Tr-Gen-20260601T232943Z-3-001.zip),C:\Users\default.LAPTOP-OBA1HVU9\.antigravity-ide\Books\b-Lİbrary_Tr-Gen-20260601T232943Z-3-001.zip -> b-Lİbrary_Tr-Gen/Kişisel Gelişim/Telefonunuzun Sizi Degistirdigi 12 Sey.pdf,b-Lİbrary_Tr-Gen/Kişisel Gelişim,2.71
Gurdjieff-Ogretisi.pdf,PDF,ZIP Arşivi İçinde (b-Lİbrary_Tr-Gen-20260601T232943Z-3-001.zip),C:\Users\default.LAPTOP-OBA1HVU9\.antigravity-ide\Books\b-Lİbrary_Tr-Gen-20260601T232943Z-3-001.zip -> b-Lİbrary_Tr-Gen/Enneagram_PDF/Gurdjieff-Ogretisi.pdf,b-Lİbrary_Tr-Gen/Enneagram_PDF,0.11
Dr Aidin-Salihin-Sohbetlerinden-01.pdf,PDF,ZIP Arşivi İçinde (b-Lİbrary_Tr-Gen-20260601T232943Z-3-001.zip),C:\Users\default.LAPTOP-OBA1HVU9\.antigravity-ide\Books\b-Lİbrary_Tr-Gen-20260601T232943Z-3-001.zip -> b-Lİbrary_Tr-Gen/Tıp/Dr Aidin-Salihin-Sohbetlerinden-01.pdf,b-Lİbrary_Tr-Gen/Tıp,0.07
Tıbb-ı-Nebevi.pdf,PDF,ZIP Arşivi İçinde (b-Lİbrary_Tr-Gen-20260601T232943Z-3-001.zip),C:\Users\default.LAPTOP-OBA1HVU9\.antigravity-ide\Books\b-Lİbrary_Tr-Gen-20260601T232943Z-3-001.zip -> b-Lİbrary_Tr-Gen/Tıp/Tıbb-ı-Nebevi.pdf,b-Lİbrary_Tr-Gen/Tıp,1.08
Hastalıkların-Zihinsel-Nedeni.pdf,PDF,ZIP Arşivi İçinde (b-Lİbrary_Tr-Gen-20260601T232943Z-3-001.zip),C:\Users\default.LAPTOP-OBA1HVU9\.antigravity-ide\Books\b-Lİbrary_Tr-Gen-20260601T232943Z-3-001.zip -> b-Lİbrary_Tr-Gen/Tıp/Hastalıkların-Zihinsel-Nedeni.pdf,b-Lİbrary_Tr-Gen/Tıp,0.66
Ibrahim-Adnan-Saracoğlu-Bitkisel-Kurler-Rehberi.pdf,PDF,ZIP Arşivi İçinde (b-Lİbrary_Tr-Gen-20260601T232943Z-3-001.zip),C:\Users\default.LAPTOP-OBA1HVU9\.antigravity-ide\Books\b-Lİbrary_Tr-Gen-20260601T232943Z-3-001.zip -> b-Lİbrary_Tr-Gen/Tıp/Ibrahim-Adnan-Saracoğlu-Bitkisel-Kurler-Rehberi.pdf,b-Lİbrary_Tr-Gen/Tıp,0.3
Avrupa`nın-Zihin-Tarihi.pdf,PDF,ZIP Arşivi İçinde (b-Lİbrary_Tr-Gen-20260601T232943Z-3-001.zip),C:\Users\default.LAPTOP-OBA1HVU9\.antigravity-ide\Books\b-Lİbrary_Tr-Gen-20260601T232943Z-3-001.zip -> b-Lİbrary_Tr-Gen/Felsefe-Fikriyat/Avrupa`nın-Zihin-Tarihi.pdf,b-Lİbrary_Tr-Gen/Felsefe-Fikriyat,1.63
John-Steinbeck-Fareler ve İnsanlar.epub,EPUB,ZIP Arşivi İçinde (b-Lİbrary_Tr-Gen-20260601T232943Z-3-001.zip),C:\Users\default.LAPTOP-OBA1HVU9\.antigravity-ide\Books\b-Lİbrary_Tr-Gen-20260601T232943Z-3-001.zip -> b-Lİbrary_Tr-Gen/Roman_Ybn/John-Steinbeck-Fareler ve İnsanlar.epub,b-Lİbrary_Tr-Gen/Roman_Ybn,0.19
George-Orwell-Hayvan-Ciftliği-isbankasi.pdf,PDF,ZIP Arşivi İçinde (b-Lİbrary_Tr-Gen-20260601T232943Z-3-001.zip),C:\Users\default.LAPTOP-OBA1HVU9\.antigravity-ide\Books\b-Lİbrary_Tr-Gen-20260601T232943Z-3-001.zip -> b-Lİbrary_Tr-Gen/Roman_Ybn/George-Orwell-Hayvan-Ciftliği-isbankasi.pdf,b-Lİbrary_Tr-Gen/Roman_Ybn,1.34
John-Steinbeck-Gazap Üzümleri.epub,EPUB,ZIP Arşivi İçinde (b-Lİbrary_Tr-Gen-20260601T232943Z-3-001.zip),C:\Users\default.LAPTOP-OBA1HVU9\.antigravity-ide\Books\b-Lİbrary_Tr-Gen-20260601T232943Z-3-001.zip -> b-Lİbrary_Tr-Gen/Roman_Ybn/John-Steinbeck-Gazap Üzümleri.epub,b-Lİbrary_Tr-Gen/Roman_Ybn,0.52
Suç ve Ceza Hasan Ali Yücel Klasikler (Fyodor Mihayloviç Dostoyevski) (z-lib.org).epub,EPUB,ZIP Arşivi İçinde (b-Lİbrary_Tr-Gen-20260601T232943Z-3-001.zip),C:\Users\default.LAPTOP-OBA1HVU9\.antigravity-ide\Books\b-Lİbrary_Tr-Gen-20260601T232943Z-3-001.zip -> b-Lİbrary_Tr-Gen/Roman_Ybn/Suç ve Ceza Hasan Ali Yücel Klasikler (Fyodor Mihayloviç Dostoyevski) (z-lib.org).epub,b-Lİbrary_Tr-Gen/Roman_Ybn,0.59
Albert Camus-Yabancı.epub,EPUB,ZIP Arşivi İçinde (b-Lİbrary_Tr-Gen-20260601T232943Z-3-001.zip),C:\Users\default.LAPTOP-OBA1HVU9\.antigravity-ide\Books\b-Lİbrary_Tr-Gen-20260601T232943Z-3-001.zip -> b-Lİbrary_Tr-Gen/Roman_Ybn/Albert Camus-Yabancı.epub,b-Lİbrary_Tr-Gen/Roman_Ybn,0.19
Borsa-Psikiloji-Yonetimi.pdf,PDF,ZIP Arşivi İçinde (b-Lİbrary_Tr-Gen-20260601T232943Z-3-001.zip),C:\Users\default.LAPTOP-OBA1HVU9\.antigravity-ide\Books\b-Lİbrary_Tr-Gen-20260601T232943Z-3-001.zip -> b-Lİbrary_Tr-Gen/Para-Finans/Borsa/Borsa-Psikiloji-Yonetimi.pdf,b-Lİbrary_Tr-Gen/Para-Finans/Borsa,1.56
Sosyal-Kaygı-Ve-Utangaclık-James-Kimberly.pdf,PDF,ZIP Arşivi İçinde (b-Lİbrary_Tr-Gen-20260601T232943Z-3-001.zip),C:\Users\default.LAPTOP-OBA1HVU9\.antigravity-ide\Books\b-Lİbrary_Tr-Gen-20260601T232943Z-3-001.zip -> b-Lİbrary_Tr-Gen/Psikoloji/Anksiyete-Kaygi/Sosyal-Kaygı-Ve-Utangaclık-James-Kimberly.pdf,b-Lİbrary_Tr-Gen/Psikoloji/Anksiyete-Kaygi,2.77
Simdinin-Gucu-Tolle-Eckhart.epub,EPUB,ZIP Arşivi İçinde (b-Lİbrary_Tr-Gen-20260601T232943Z-3-001.zip),C:\Users\default.LAPTOP-OBA1HVU9\.antigravity-ide\Books\b-Lİbrary_Tr-Gen-20260601T232943Z-3-001.zip -> b-Lİbrary_Tr-Gen/Kişisel Gelişim/Erteleme/Simdinin-Gucu-Tolle-Eckhart.epub,b-Lİbrary_Tr-Gen/Kişisel Gelişim/Erteleme,0.22
Fotografİk-Hafiza-Teknİklerİ-EĞİtİmİ.pdf,PDF,ZIP Arşivi İçinde (b-Lİbrary_Tr-Gen-20260601T232943Z-3-001.zip),C:\Users\default.LAPTOP-OBA1HVU9\.antigravity-ide\Books\b-Lİbrary_Tr-Gen-20260601T232943Z-3-001.zip -> b-Lİbrary_Tr-Gen/Beyin ve Hafıza/Hafiza/Fotografİk-Hafiza-Teknİklerİ-EĞİtİmİ.pdf,b-Lİbrary_Tr-Gen/Beyin ve Hafıza/Hafiza,0.14
Network`un-Kitabi-Turkiye`de.pdf,PDF,ZIP Arşivi İçinde (b-Lİbrary_Tr-Gen-20260601T232943Z-3-001.zip),C:\Users\default.LAPTOP-OBA1HVU9\.antigravity-ide\Books\b-Lİbrary_Tr-Gen-20260601T232943Z-3-001.zip -> b-Lİbrary_Tr-Gen/Reklam-Pazarlama-Satis/Dijital-Pazarlama/Network`un-Kitabi-Turkiye`de.pdf,b-Lİbrary_Tr-Gen/Reklam-Pazarlama-Satis/Dijital-Pazarlama,0.51
Stres-ve-Başacıkma-Yolları-Zuhal-Baltaş-Acar-Baltaş-PDFDrive-com-pdf.pdf,PDF,ZIP Arşivi İçinde (b-Lİbrary_Tr-Gen-20260601T232943Z-3-001.zip),C:\Users\default.LAPTOP-OBA1HVU9\.antigravity-ide\Books\b-Lİbrary_Tr-Gen-20260601T232943Z-3-001.zip -> b-Lİbrary_Tr-Gen/Psikoloji/Stres/Stres-ve-Başacıkma-Yolları-Zuhal-Baltaş-Acar-Baltaş-PDFDrive-com-pdf.pdf,b-Lİbrary_Tr-Gen/Psikoloji/Stres,3.61
Korsanlar-ve-İmparatorlar-Noam-Chomsky.pdf,PDF,ZIP Arşivi İçinde (b-Lİbrary_Tr-Gen-20260601T232943Z-3-001.zip),C:\Users\default.LAPTOP-OBA1HVU9\.antigravity-ide\Books\b-Lİbrary_Tr-Gen-20260601T232943Z-3-001.zip -> b-Lİbrary_Tr-Gen/Felsefe-Fikriyat/Noam Chomsky/Korsanlar-ve-İmparatorlar-Noam-Chomsky.pdf,b-Lİbrary_Tr-Gen/Felsefe-Fikriyat/Noam Chomsky,0.37
Bilim_Teknik_1978.pdf,PDF,ZIP Arşivi İçinde (b-Lİbrary_Tr-Gen-20260601T232943Z-3-002.zip),C:\Users\default.LAPTOP-OBA1HVU9\.antigravity-ide\Books\b-Lİbrary_Tr-Gen-20260601T232943Z-3-002.zip -> b-Lİbrary_Tr-Gen/Bilim Teknik Dergisi/Bilim_Teknik_1978.pdf,b-Lİbrary_Tr-Gen/Bilim Teknik Dergisi,78.65
Bilim_Teknik_1973.pdf,PDF,ZIP Arşivi İçinde (b-Lİbrary_Tr-Gen-20260601T232943Z-3-002.zip),C:\Users\default.LAPTOP-OBA1HVU9\.antigravity-ide\Books\b-Lİbrary_Tr-Gen-20260601T232943Z-3-002.zip -> b-Lİbrary_Tr-Gen/Bilim Teknik Dergisi/Bilim_Teknik_1973.pdf,b-Lİbrary_Tr-Gen/Bilim Teknik Dergisi,76.8
Bilim_Teknik_1998.pdf,PDF,ZIP Arşivi İçinde (b-Lİbrary_Tr-Gen-20260601T232943Z-3-002.zip),C:\Users\default.LAPTOP-OBA1HVU9\.antigravity-ide\Books\b-Lİbrary_Tr-Gen-20260601T232943Z-3-002.zip -> b-Lİbrary_Tr-Gen/Bilim Teknik Dergisi/Bilim_Teknik_1998.pdf,b-Lİbrary_Tr-Gen/Bilim Teknik Dergisi,128.96
Bilim_Teknik_1996.pdf,PDF,ZIP Arşivi İçinde (b-Lİbrary_Tr-Gen-20260601T232943Z-3-002.zip),C:\Users\default.LAPTOP-OBA1HVU9\.antigravity-ide\Books\b-Lİbrary_Tr-Gen-20260601T232943Z-3-002.zip -> b-Lİbrary_Tr-Gen/Bilim Teknik Dergisi/Bilim_Teknik_1996.pdf,b-Lİbrary_Tr-Gen/Bilim Teknik Dergisi,136.37
Bilim_Teknik_2011.pdf,PDF,ZIP Arşivi İçinde (b-Lİbrary_Tr-Gen-20260601T232943Z-3-002.zip),C:\Users\default.LAPTOP-OBA1HVU9\.antigravity-ide\Books\b-Lİbrary_Tr-Gen-20260601T232943Z-3-002.zip -> b-Lİbrary_Tr-Gen/Bilim Teknik Dergisi/Bilim_Teknik_2011.pdf,b-Lİbrary_Tr-Gen/Bilim Teknik Dergisi,55.99
Bilim_Teknik_1997.pdf,PDF,ZIP Arşivi İçinde (b-Lİbrary_Tr-Gen-20260601T232943Z-3-002.zip),C:\Users\default.LAPTOP-OBA1HVU9\.antigravity-ide\Books\b-Lİbrary_Tr-Gen-20260601T232943Z-3-002.zip -> b-Lİbrary_Tr-Gen/Bilim Teknik Dergisi/Bilim_Teknik_1997.pdf,b-Lİbrary_Tr-Gen/Bilim Teknik Dergisi,126.16
Bilim_Teknik_1999.pdf,PDF,ZIP Arşivi İçinde (b-Lİbrary_Tr-Gen-20260601T232943Z-3-002.zip),C:\Users\default.LAPTOP-OBA1HVU9\.antigravity-ide\Books\b-Lİbrary_Tr-Gen-20260601T232943Z-3-002.zip -> b-Lİbrary_Tr-Gen/Bilim Teknik Dergisi/Bilim_Teknik_1999.pdf,b-Lİbrary_Tr-Gen/Bilim Teknik Dergisi,60.35
Akıllı-Yatırımcı-Benjamin-Graham.pdf,PDF,ZIP Arşivi İçinde (b-Lİbrary_Tr-Gen-20260601T232943Z-3-002.zip),C:\Users\default.LAPTOP-OBA1HVU9\.antigravity-ide\Books\b-Lİbrary_Tr-Gen-20260601T232943Z-3-002.zip -> b-Lİbrary_Tr-Gen/Para-Finans/Akıllı-Yatırımcı-Benjamin-Graham.pdf,b-Lİbrary_Tr-Gen/Para-Finans,37.09
Tanrı-Ve-Yeni-Fizik-Paul-Davies.pdf,PDF,ZIP Arşivi İçinde (b-Lİbrary_Tr-Gen-20260601T232943Z-3-002.zip),C:\Users\default.LAPTOP-OBA1HVU9\.antigravity-ide\Books\b-Lİbrary_Tr-Gen-20260601T232943Z-3-002.zip -> b-Lİbrary_Tr-Gen/Bilim/Tanrı-Ve-Yeni-Fizik-Paul-Davies.pdf,b-Lİbrary_Tr-Gen/Bilim,5.04
Bilim_Teknik_2001.pdf,PDF,ZIP Arşivi İçinde (b-Lİbrary_Tr-Gen-20260601T232943Z-3-002.zip),C:\Users\default.LAPTOP-OBA1HVU9\.antigravity-ide\Books\b-Lİbrary_Tr-Gen-20260601T232943Z-3-002.zip -> b-Lİbrary_Tr-Gen/Bilim Teknik Dergisi/Bilim_Teknik_2001.pdf,b-Lİbrary_Tr-Gen/Bilim Teknik Dergisi,20.0
Evrenin-Şiiri-Robert-Osserman.pdf,PDF,ZIP Arşivi İçinde (b-Lİbrary_Tr-Gen-20260601T232943Z-3-002.zip),C:\Users\default.LAPTOP-OBA1HVU9\.antigravity-ide\Books\b-Lİbrary_Tr-Gen-20260601T232943Z-3-002.zip -> b-Lİbrary_Tr-Gen/Bilim/Evrenin-Şiiri-Robert-Osserman.pdf,b-Lİbrary_Tr-Gen/Bilim,3.41
Fizik-Yasaları-Uzerine-Richard-Feynman.pdf,PDF,ZIP Arşivi İçinde (b-Lİbrary_Tr-Gen-20260601T232943Z-3-002.zip),C:\Users\default.LAPTOP-OBA1HVU9\.antigravity-ide\Books\b-Lİbrary_Tr-Gen-20260601T232943Z-3-002.zip -> b-Lİbrary_Tr-Gen/Bilim/Fizik-Yasaları-Uzerine-Richard-Feynman.pdf,b-Lİbrary_Tr-Gen/Bilim,4.23
Sanat-101.pdf,PDF,ZIP Arşivi İçinde (b-Lİbrary_Tr-Gen-20260601T232943Z-3-002.zip),C:\Users\default.LAPTOP-OBA1HVU9\.antigravity-ide\Books\b-Lİbrary_Tr-Gen-20260601T232943Z-3-002.zip -> b-Lİbrary_Tr-Gen/Sanat/Sanat-101.pdf,b-Lİbrary_Tr-Gen/Sanat,3.82
Harry-Alder-21-Gunde-Beyin-Eğitimi.pdf,PDF,ZIP Arşivi İçinde (b-Lİbrary_Tr-Gen-20260601T232943Z-3-002.zip),C:\Users\default.LAPTOP-OBA1HVU9\.antigravity-ide\Books\b-Lİbrary_Tr-Gen-20260601T232943Z-3-002.zip -> b-Lİbrary_Tr-Gen/Beyin ve Hafıza/Harry-Alder-21-Gunde-Beyin-Eğitimi.pdf,b-Lİbrary_Tr-Gen/Beyin ve Hafıza,3.13
Bilim_Teknik_2010.pdf,PDF,ZIP Arşivi İçinde (b-Lİbrary_Tr-Gen-20260601T232943Z-3-002.zip),C:\Users\default.LAPTOP-OBA1HVU9\.antigravity-ide\Books\b-Lİbrary_Tr-Gen-20260601T232943Z-3-002.zip -> b-Lİbrary_Tr-Gen/Bilim Teknik Dergisi/Bilim_Teknik_2010.pdf,b-Lİbrary_Tr-Gen/Bilim Teknik Dergisi,76.11
Bilim_Teknik_2008.pdf,PDF,ZIP Arşivi İçinde (b-Lİbrary_Tr-Gen-20260601T232943Z-3-002.zip),C:\Users\default.LAPTOP-OBA1HVU9\.antigravity-ide\Books\b-Lİbrary_Tr-Gen-20260601T232943Z-3-002.zip -> b-Lİbrary_Tr-Gen/Bilim Teknik Dergisi/Bilim_Teknik_2008.pdf,b-Lİbrary_Tr-Gen/Bilim Teknik Dergisi,86.13
Kazanmayı-Oğren-Peter-Lynch-John-Rothchild (1).pdf,PDF,ZIP Arşivi İçinde (b-Lİbrary_Tr-Gen-20260601T232943Z-3-002.zip),C:\Users\default.LAPTOP-OBA1HVU9\.antigravity-ide\Books\b-Lİbrary_Tr-Gen-20260601T232943Z-3-002.zip -> b-Lİbrary_Tr-Gen/Para-Finans/Kazanmayı-Oğren-Peter-Lynch-John-Rothchild (1).pdf,b-Lİbrary_Tr-Gen/Para-Finans,9.43
Evrenin-Kısa-Tarihi-Joseph-Silk.pdf,PDF,ZIP Arşivi İçinde (b-Lİbrary_Tr-Gen-20260601T232943Z-3-002.zip),C:\Users\default.LAPTOP-OBA1HVU9\.antigravity-ide\Books\b-Lİbrary_Tr-Gen-20260601T232943Z-3-002.zip -> b-Lİbrary_Tr-Gen/Bilim/Evrenin-Kısa-Tarihi-Joseph-Silk.pdf,b-Lİbrary_Tr-Gen/Bilim,27.07
101-Soruda-Kuantum.pdf,PDF,ZIP Arşivi İçinde (b-Lİbrary_Tr-Gen-20260601T232943Z-3-002.zip),C:\Users\default.LAPTOP-OBA1HVU9\.antigravity-ide\Books\b-Lİbrary_Tr-Gen-20260601T232943Z-3-002.zip -> b-Lİbrary_Tr-Gen/Bilim/101-Soruda-Kuantum.pdf,b-Lİbrary_Tr-Gen/Bilim,12.44
Tanrı`nın-Kapısını-Calan-Bilim-Carl-Sagan.pdf,PDF,ZIP Arşivi İçinde (b-Lİbrary_Tr-Gen-20260601T232943Z-3-002.zip),C:\Users\default.LAPTOP-OBA1HVU9\.antigravity-ide\Books\b-Lİbrary_Tr-Gen-20260601T232943Z-3-002.zip -> b-Lİbrary_Tr-Gen/Bilim/Tanrı`nın-Kapısını-Calan-Bilim-Carl-Sagan.pdf,b-Lİbrary_Tr-Gen/Bilim,9.63
Tutunamayanlar (Atay Oğuz) (z-lib.org).epub,EPUB,ZIP Arşivi İçinde (b-Lİbrary_Tr-Gen-20260601T232943Z-3-002.zip),C:\Users\default.LAPTOP-OBA1HVU9\.antigravity-ide\Books\b-Lİbrary_Tr-Gen-20260601T232943Z-3-002.zip -> b-Lİbrary_Tr-Gen/Roman_Tr/Tutunamayanlar (Atay Oğuz) (z-lib.org).epub,b-Lİbrary_Tr-Gen/Roman_Tr,0.57
Pazarlama-Savaşları-Jack-Trout-Al-Ries.pdf,PDF,ZIP Arşivi İçinde (b-Lİbrary_Tr-Gen-20260601T232943Z-3-002.zip),C:\Users\default.LAPTOP-OBA1HVU9\.antigravity-ide\Books\b-Lİbrary_Tr-Gen-20260601T232943Z-3-002.zip -> b-Lİbrary_Tr-Gen/Reklam-Pazarlama-Satis/Pazarlama-Savaşları-Jack-Trout-Al-Ries.pdf,b-Lİbrary_Tr-Gen/Reklam-Pazarlama-Satis,5.31
A-Dan-Z-Ye-Pazarlama.pdf,PDF,ZIP Arşivi İçinde (b-Lİbrary_Tr-Gen-20260601T232943Z-3-002.zip),C:\Users\default.LAPTOP-OBA1HVU9\.antigravity-ide\Books\b-Lİbrary_Tr-Gen-20260601T232943Z-3-002.zip -> b-Lİbrary_Tr-Gen/Reklam-Pazarlama-Satis/A-Dan-Z-Ye-Pazarlama.pdf,b-Lİbrary_Tr-Gen/Reklam-Pazarlama-Satis,4.52
Reklam-Aybike-Serttaş-Ertiken.pdf,PDF,ZIP Arşivi İçinde (b-Lİbrary_Tr-Gen-20260601T232943Z-3-002.zip),C:\Users\default.LAPTOP-OBA1HVU9\.antigravity-ide\Books\b-Lİbrary_Tr-Gen-20260601T232943Z-3-002.zip -> b-Lİbrary_Tr-Gen/Reklam-Pazarlama-Satis/Reklam-Aybike-Serttaş-Ertiken.pdf,b-Lİbrary_Tr-Gen/Reklam-Pazarlama-Satis,5.25
Zengin Baba Yoksul Baba (Robert T. Kiyosaki) (z-lib.org).epub,EPUB,ZIP Arşivi İçinde (b-Lİbrary_Tr-Gen-20260601T232943Z-3-002.zip),C:\Users\default.LAPTOP-OBA1HVU9\.antigravity-ide\Books\b-Lİbrary_Tr-Gen-20260601T232943Z-3-002.zip -> b-Lİbrary_Tr-Gen/Para-Finans/Zengin Baba Yoksul Baba (Robert T. Kiyosaki) (z-lib.org).epub,b-Lİbrary_Tr-Gen/Para-Finans,61.38
Mehmet-Ali-Bulut-ELFABE.pdf,PDF,ZIP Arşivi İçinde (b-Lİbrary_Tr-Gen-20260601T232943Z-3-002.zip),C:\Users\default.LAPTOP-OBA1HVU9\.antigravity-ide\Books\b-Lİbrary_Tr-Gen-20260601T232943Z-3-002.zip -> b-Lİbrary_Tr-Gen/Genel Kültür/Mehmet-Ali-Bulut-ELFABE.pdf,b-Lİbrary_Tr-Gen/Genel Kültür,298.71
Big-Bang.pdf,PDF,ZIP Arşivi İçinde (b-Lİbrary_Tr-Gen-20260601T232943Z-3-002.zip),C:\Users\default.LAPTOP-OBA1HVU9\.antigravity-ide\Books\b-Lİbrary_Tr-Gen-20260601T232943Z-3-002.zip -> b-Lİbrary_Tr-Gen/Bilim/Big-Bang.pdf,b-Lİbrary_Tr-Gen/Bilim,15.22
Tutunamayanlar (Oğuz Atay) (z-lib.org).pdf,PDF,ZIP Arşivi İçinde (b-Lİbrary_Tr-Gen-20260601T232943Z-3-002.zip),C:\Users\default.LAPTOP-OBA1HVU9\.antigravity-ide\Books\b-Lİbrary_Tr-Gen-20260601T232943Z-3-002.zip -> b-Lİbrary_Tr-Gen/Roman_Tr/Tutunamayanlar (Oğuz Atay) (z-lib.org).pdf,b-Lİbrary_Tr-Gen/Roman_Tr,2.11
Herkes-İcin-Satış-101-Wendy-Connick.pdf,PDF,ZIP Arşivi İçinde (b-Lİbrary_Tr-Gen-20260601T232943Z-3-002.zip),C:\Users\default.LAPTOP-OBA1HVU9\.antigravity-ide\Books\b-Lİbrary_Tr-Gen-20260601T232943Z-3-002.zip -> b-Lİbrary_Tr-Gen/Reklam-Pazarlama-Satis/Herkes-İcin-Satış-101-Wendy-Connick.pdf,b-Lİbrary_Tr-Gen/Reklam-Pazarlama-Satis,3.95
Insan-Vicuduna-Seyahet-Gavin-Francis-Shiirsel-Dash-1975-144s-pdf.pdf,PDF,ZIP Arşivi İçinde (b-Lİbrary_Tr-Gen-20260601T232943Z-3-002.zip),C:\Users\default.LAPTOP-OBA1HVU9\.antigravity-ide\Books\b-Lİbrary_Tr-Gen-20260601T232943Z-3-002.zip -> b-Lİbrary_Tr-Gen/Bilim/Insan-Vicuduna-Seyahet-Gavin-Francis-Shiirsel-Dash-1975-144s-pdf.pdf,b-Lİbrary_Tr-Gen/Bilim,5.32
yuz-okuma-sanati-rehman-sana_Mir.az_.pdf,PDF,ZIP Arşivi İçinde (b-Lİbrary_Tr-Gen-20260601T232943Z-3-002.zip),C:\Users\default.LAPTOP-OBA1HVU9\.antigravity-ide\Books\b-Lİbrary_Tr-Gen-20260601T232943Z-3-002.zip -> b-Lİbrary_Tr-Gen/Genel Kültür/yuz-okuma-sanati-rehman-sana_Mir.az_.pdf,b-Lİbrary_Tr-Gen/Genel Kültür,1.12
Kemal-Tahir-Kurt-Kanunu.pdf,PDF,ZIP Arşivi İçinde (b-Lİbrary_Tr-Gen-20260601T232943Z-3-002.zip),C:\Users\default.LAPTOP-OBA1HVU9\.antigravity-ide\Books\b-Lİbrary_Tr-Gen-20260601T232943Z-3-002.zip -> b-Lİbrary_Tr-Gen/Roman_Tr/Kemal-Tahir-Kurt-Kanunu.pdf,b-Lİbrary_Tr-Gen/Roman_Tr,0.9
Estetik-Suut-Kemal-Yetkin.pdf,PDF,ZIP Arşivi İçinde (b-Lİbrary_Tr-Gen-20260601T232943Z-3-002.zip),C:\Users\default.LAPTOP-OBA1HVU9\.antigravity-ide\Books\b-Lİbrary_Tr-Gen-20260601T232943Z-3-002.zip -> b-Lİbrary_Tr-Gen/Sanat/Estetik-Suut-Kemal-Yetkin.pdf,b-Lİbrary_Tr-Gen/Sanat,40.12
Bilim_Teknik_2006.pdf,PDF,ZIP Arşivi İçinde (b-Lİbrary_Tr-Gen-20260601T232943Z-3-002.zip),C:\Users\default.LAPTOP-OBA1HVU9\.antigravity-ide\Books\b-Lİbrary_Tr-Gen-20260601T232943Z-3-002.zip -> b-Lİbrary_Tr-Gen/Bilim Teknik Dergisi/Bilim_Teknik_2006.pdf,b-Lİbrary_Tr-Gen/Bilim Teknik Dergisi,86.22
Kozmos-Evrenin-ve-Yaşamın-Sırları-Carl-Sagan.pdf,PDF,ZIP Arşivi İçinde (b-Lİbrary_Tr-Gen-20260601T232943Z-3-002.zip),C:\Users\default.LAPTOP-OBA1HVU9\.antigravity-ide\Books\b-Lİbrary_Tr-Gen-20260601T232943Z-3-002.zip -> b-Lİbrary_Tr-Gen/Bilim/Kozmos-Evrenin-ve-Yaşamın-Sırları-Carl-Sagan.pdf,b-Lİbrary_Tr-Gen/Bilim,10.37
Bilim_Teknik_2000.pdf,PDF,ZIP Arşivi İçinde (b-Lİbrary_Tr-Gen-20260601T232943Z-3-002.zip),C:\Users\default.LAPTOP-OBA1HVU9\.antigravity-ide\Books\b-Lİbrary_Tr-Gen-20260601T232943Z-3-002.zip -> b-Lİbrary_Tr-Gen/Bilim Teknik Dergisi/Bilim_Teknik_2000.pdf,b-Lİbrary_Tr-Gen/Bilim Teknik Dergisi,54.15
Bagimlilik Cagi.pdf,PDF,ZIP Arşivi İçinde (b-Lİbrary_Tr-Gen-20260601T232943Z-3-002.zip),C:\Users\default.LAPTOP-OBA1HVU9\.antigravity-ide\Books\b-Lİbrary_Tr-Gen-20260601T232943Z-3-002.zip -> b-Lİbrary_Tr-Gen/Reklam-Pazarlama-Satis/Bagimlilik Cagi.pdf,b-Lİbrary_Tr-Gen/Reklam-Pazarlama-Satis,16.65
Olgunlasmamis-ebeveynlerin-actigi-yaralari-iyilestirmek-dr-lindsay-gibson-pdf-indir-on-okuma.pdf,PDF,ZIP Arşivi İçinde (b-Lİbrary_Tr-Gen-20260601T232943Z-3-002.zip),C:\Users\default.LAPTOP-OBA1HVU9\.antigravity-ide\Books\b-Lİbrary_Tr-Gen-20260601T232943Z-3-002.zip -> b-Lİbrary_Tr-Gen/Cocuk Gelisimi/Olgunlasmamis-ebeveynlerin-actigi-yaralari-iyilestirmek-dr-lindsay-gibson-pdf-indir-on-okuma.pdf,b-Lİbrary_Tr-Gen/Cocuk Gelisimi,2.61
Cocuklarda-Ofke-Kontrolu.pdf,PDF,ZIP Arşivi İçinde (b-Lİbrary_Tr-Gen-20260601T232943Z-3-002.zip),C:\Users\default.LAPTOP-OBA1HVU9\.antigravity-ide\Books\b-Lİbrary_Tr-Gen-20260601T232943Z-3-002.zip -> b-Lİbrary_Tr-Gen/Cocuk Gelisimi/Cocuklarda-Ofke-Kontrolu.pdf,b-Lİbrary_Tr-Gen/Cocuk Gelisimi,1.36
Gorunmeyeni-Satmak-by-Harry-Beckwith.pdf,PDF,ZIP Arşivi İçinde (b-Lİbrary_Tr-Gen-20260601T232943Z-3-002.zip),C:\Users\default.LAPTOP-OBA1HVU9\.antigravity-ide\Books\b-Lİbrary_Tr-Gen-20260601T232943Z-3-002.zip -> b-Lİbrary_Tr-Gen/Reklam-Pazarlama-Satis/Gorunmeyeni-Satmak-by-Harry-Beckwith.pdf,b-Lİbrary_Tr-Gen/Reklam-Pazarlama-Satis,0.93
iletisim-odakli-pazarlama-izzet-bozkurt.pdf,PDF,ZIP Arşivi İçinde (b-Lİbrary_Tr-Gen-20260601T232943Z-3-002.zip),C:\Users\default.LAPTOP-OBA1HVU9\.antigravity-ide\Books\b-Lİbrary_Tr-Gen-20260601T232943Z-3-002.zip -> b-Lİbrary_Tr-Gen/Reklam-Pazarlama-Satis/iletisim-odakli-pazarlama-izzet-bozkurt.pdf,b-Lİbrary_Tr-Gen/Reklam-Pazarlama-Satis,1.89
Bilim_Teknik_2009.pdf,PDF,ZIP Arşivi İçinde (b-Lİbrary_Tr-Gen-20260601T232943Z-3-002.zip),C:\Users\default.LAPTOP-OBA1HVU9\.antigravity-ide\Books\b-Lİbrary_Tr-Gen-20260601T232943Z-3-002.zip -> b-Lİbrary_Tr-Gen/Bilim Teknik Dergisi/Bilim_Teknik_2009.pdf,b-Lİbrary_Tr-Gen/Bilim Teknik Dergisi,64.33
Bilim_Teknik_2002.pdf,PDF,ZIP Arşivi İçinde (b-Lİbrary_Tr-Gen-20260601T232943Z-3-002.zip),C:\Users\default.LAPTOP-OBA1HVU9\.antigravity-ide\Books\b-Lİbrary_Tr-Gen-20260601T232943Z-3-002.zip -> b-Lİbrary_Tr-Gen/Bilim Teknik Dergisi/Bilim_Teknik_2002.pdf,b-Lİbrary_Tr-Gen/Bilim Teknik Dergisi,32.96
Satis icin ikna-sanatı.pdf,PDF,ZIP Arşivi İçinde (b-Lİbrary_Tr-Gen-20260601T232943Z-3-002.zip),C:\Users\default.LAPTOP-OBA1HVU9\.antigravity-ide\Books\b-Lİbrary_Tr-Gen-20260601T232943Z-3-002.zip -> b-Lİbrary_Tr-Gen/Reklam-Pazarlama-Satis/Satis icin ikna-sanatı.pdf,b-Lİbrary_Tr-Gen/Reklam-Pazarlama-Satis,1.97
Pazarlama-Ilkeleri.pdf,PDF,ZIP Arşivi İçinde (b-Lİbrary_Tr-Gen-20260601T232943Z-3-002.zip),C:\Users\default.LAPTOP-OBA1HVU9\.antigravity-ide\Books\b-Lİbrary_Tr-Gen-20260601T232943Z-3-002.zip -> b-Lİbrary_Tr-Gen/Reklam-Pazarlama-Satis/Pazarlama-Ilkeleri.pdf,b-Lİbrary_Tr-Gen/Reklam-Pazarlama-Satis,17.39
İcerik-Yazarlığı-Ders-Sunumu.pdf,PDF,ZIP Arşivi İçinde (b-Lİbrary_Tr-Gen-20260601T232943Z-3-002.zip),C:\Users\default.LAPTOP-OBA1HVU9\.antigravity-ide\Books\b-Lİbrary_Tr-Gen-20260601T232943Z-3-002.zip -> b-Lİbrary_Tr-Gen/Reklam-Pazarlama-Satis/İcerik-Yazarlığı-Ders-Sunumu.pdf,b-Lİbrary_Tr-Gen/Reklam-Pazarlama-Satis,68.6
Astroloji-Ansiklopedisi-M-Ali-Bulut-Yaşar-Sonmez.pdf,PDF,ZIP Arşivi İçinde (b-Lİbrary_Tr-Gen-20260601T232943Z-3-002.zip),C:\Users\default.LAPTOP-OBA1HVU9\.antigravity-ide\Books\b-Lİbrary_Tr-Gen-20260601T232943Z-3-002.zip -> b-Lİbrary_Tr-Gen/Genel Kültür/Astroloji-Ansiklopedisi-M-Ali-Bulut-Yaşar-Sonmez.pdf,b-Lİbrary_Tr-Gen/Genel Kültür,14.55
Mahremiyet-Eğitimi-Adem-Guneş.pdf,PDF,ZIP Arşivi İçinde (b-Lİbrary_Tr-Gen-20260601T232943Z-3-002.zip),C:\Users\default.LAPTOP-OBA1HVU9\.antigravity-ide\Books\b-Lİbrary_Tr-Gen-20260601T232943Z-3-002.zip -> b-Lİbrary_Tr-Gen/Cocuk Gelisimi/Mahremiyet-Eğitimi-Adem-Guneş.pdf,b-Lİbrary_Tr-Gen/Cocuk Gelisimi,3.14
Bilincaltını-Ayartmak-Reklam-Psikolojisi-1-Robert-Heath.pdf,PDF,ZIP Arşivi İçinde (b-Lİbrary_Tr-Gen-20260601T232943Z-3-002.zip),C:\Users\default.LAPTOP-OBA1HVU9\.antigravity-ide\Books\b-Lİbrary_Tr-Gen-20260601T232943Z-3-002.zip -> b-Lİbrary_Tr-Gen/Reklam-Pazarlama-Satis/Bilincaltını-Ayartmak-Reklam-Psikolojisi-1-Robert-Heath.pdf,b-Lİbrary_Tr-Gen/Reklam-Pazarlama-Satis,2.33
En-iyi-Hikayeyi-Anlatan-Kazanir.pdf,PDF,ZIP Arşivi İçinde (b-Lİbrary_Tr-Gen-20260601T232943Z-3-002.zip),C:\Users\default.LAPTOP-OBA1HVU9\.antigravity-ide\Books\b-Lİbrary_Tr-Gen-20260601T232943Z-3-002.zip -> b-Lİbrary_Tr-Gen/İletişim ve catisma/En-iyi-Hikayeyi-Anlatan-Kazanir.pdf,b-Lİbrary_Tr-Gen/İletişim ve catisma,1.6
Kemal-Tahir-Yorgun-Savaşcı.pdf,PDF,ZIP Arşivi İçinde (b-Lİbrary_Tr-Gen-20260601T232943Z-3-002.zip),C:\Users\default.LAPTOP-OBA1HVU9\.antigravity-ide\Books\b-Lİbrary_Tr-Gen-20260601T232943Z-3-002.zip -> b-Lİbrary_Tr-Gen/Roman_Tr/Kemal-Tahir-Yorgun-Savaşcı.pdf,b-Lİbrary_Tr-Gen/Roman_Tr,1.81
Cezasız-Eğitim-Adem-Guneş.pdf,PDF,ZIP Arşivi İçinde (b-Lİbrary_Tr-Gen-20260601T232943Z-3-002.zip),C:\Users\default.LAPTOP-OBA1HVU9\.antigravity-ide\Books\b-Lİbrary_Tr-Gen-20260601T232943Z-3-002.zip -> b-Lİbrary_Tr-Gen/Cocuk Gelisimi/Cezasız-Eğitim-Adem-Guneş.pdf,b-Lİbrary_Tr-Gen/Cocuk Gelisimi,4.54
Amerikan-Edebiyatı-101.pdf,PDF,ZIP Arşivi İçinde (b-Lİbrary_Tr-Gen-20260601T232943Z-3-002.zip),C:\Users\default.LAPTOP-OBA1HVU9\.antigravity-ide\Books\b-Lİbrary_Tr-Gen-20260601T232943Z-3-002.zip -> b-Lİbrary_Tr-Gen/Edebiyat/Amerikan-Edebiyatı-101.pdf,b-Lİbrary_Tr-Gen/Edebiyat,2.48
ABD-Tarihi.pdf,PDF,ZIP Arşivi İçinde (b-Lİbrary_Tr-Gen-20260601T232943Z-3-002.zip),C:\Users\default.LAPTOP-OBA1HVU9\.antigravity-ide\Books\b-Lİbrary_Tr-Gen-20260601T232943Z-3-002.zip -> b-Lİbrary_Tr-Gen/Us Book/ABD-Tarihi.pdf,b-Lİbrary_Tr-Gen/Us Book,10.25
Dijital-Cağda-Dost-Kazanma-Ve-İnsanları-Etkileme-Dale-Carnegie.pdf,PDF,ZIP Arşivi İçinde (b-Lİbrary_Tr-Gen-20260601T232943Z-3-002.zip),C:\Users\default.LAPTOP-OBA1HVU9\.antigravity-ide\Books\b-Lİbrary_Tr-Gen-20260601T232943Z-3-002.zip -> b-Lİbrary_Tr-Gen/İletişim ve catisma/Dijital-Cağda-Dost-Kazanma-Ve-İnsanları-Etkileme-Dale-Carnegie.pdf,b-Lİbrary_Tr-Gen/İletişim ve catisma,1.2
Darwin-Ve-Evrim-Teorisi-Şemseddin-AKBULUT.pdf,PDF,ZIP Arşivi İçinde (b-Lİbrary_Tr-Gen-20260601T232943Z-3-002.zip),C:\Users\default.LAPTOP-OBA1HVU9\.antigravity-ide\Books\b-Lİbrary_Tr-Gen-20260601T232943Z-3-002.zip -> b-Lİbrary_Tr-Gen/Bilim/Darwin-Ve-Evrim-Teorisi-Şemseddin-AKBULUT.pdf,b-Lİbrary_Tr-Gen/Bilim,24.87
Bilim_Teknik_2004.pdf,PDF,ZIP Arşivi İçinde (b-Lİbrary_Tr-Gen-20260601T232943Z-3-002.zip),C:\Users\default.LAPTOP-OBA1HVU9\.antigravity-ide\Books\b-Lİbrary_Tr-Gen-20260601T232943Z-3-002.zip -> b-Lİbrary_Tr-Gen/Bilim Teknik Dergisi/Bilim_Teknik_2004.pdf,b-Lİbrary_Tr-Gen/Bilim Teknik Dergisi,91.3
Mahfi-Eğilmez-Orneklerle-Kolay-Ekonomi-pdf.pdf,PDF,ZIP Arşivi İçinde (b-Lİbrary_Tr-Gen-20260601T232943Z-3-002.zip),C:\Users\default.LAPTOP-OBA1HVU9\.antigravity-ide\Books\b-Lİbrary_Tr-Gen-20260601T232943Z-3-002.zip -> b-Lİbrary_Tr-Gen/Ekonomi/Mahfi-Eğilmez-Orneklerle-Kolay-Ekonomi-pdf.pdf,b-Lİbrary_Tr-Gen/Ekonomi,2.39
gavin-francis-insan-vucuduna-seyahat_Mir.az_.pdf,PDF,ZIP Arşivi İçinde (b-Lİbrary_Tr-Gen-20260601T232943Z-3-002.zip),C:\Users\default.LAPTOP-OBA1HVU9\.antigravity-ide\Books\b-Lİbrary_Tr-Gen-20260601T232943Z-3-002.zip -> b-Lİbrary_Tr-Gen/Genel Kültür/gavin-francis-insan-vucuduna-seyahat_Mir.az_.pdf,b-Lİbrary_Tr-Gen/Genel Kültür,5.32
Beden-Dili-Ve-Yalan-Yakalama-Teknikleri.pdf,PDF,ZIP Arşivi İçinde (b-Lİbrary_Tr-Gen-20260601T232943Z-3-002.zip),C:\Users\default.LAPTOP-OBA1HVU9\.antigravity-ide\Books\b-Lİbrary_Tr-Gen-20260601T232943Z-3-002.zip -> b-Lİbrary_Tr-Gen/Beden Dili/Beden-Dili-Ve-Yalan-Yakalama-Teknikleri.pdf,b-Lİbrary_Tr-Gen/Beden Dili,0.66
Bilim_Teknik_2012.pdf,PDF,ZIP Arşivi İçinde (b-Lİbrary_Tr-Gen-20260601T232943Z-3-002.zip),C:\Users\default.LAPTOP-OBA1HVU9\.antigravity-ide\Books\b-Lİbrary_Tr-Gen-20260601T232943Z-3-002.zip -> b-Lİbrary_Tr-Gen/Bilim Teknik Dergisi/Bilim_Teknik_2012.pdf,b-Lİbrary_Tr-Gen/Bilim Teknik Dergisi,73.91
ALVİN-TOFFLER-EKONOMİNİN-COKUŞU-pdf.pdf,PDF,ZIP Arşivi İçinde (b-Lİbrary_Tr-Gen-20260601T232943Z-3-002.zip),C:\Users\default.LAPTOP-OBA1HVU9\.antigravity-ide\Books\b-Lİbrary_Tr-Gen-20260601T232943Z-3-002.zip -> b-Lİbrary_Tr-Gen/Ekonomi/ALVİN-TOFFLER-EKONOMİNİN-COKUŞU-pdf.pdf,b-Lİbrary_Tr-Gen/Ekonomi,2.47
Kelimeler-Beyninizi-Değiştirebilir.pdf,PDF,ZIP Arşivi İçinde (b-Lİbrary_Tr-Gen-20260601T232943Z-3-002.zip),C:\Users\default.LAPTOP-OBA1HVU9\.antigravity-ide\Books\b-Lİbrary_Tr-Gen-20260601T232943Z-3-002.zip -> b-Lİbrary_Tr-Gen/İletişim ve catisma/Kelimeler-Beyninizi-Değiştirebilir.pdf,b-Lİbrary_Tr-Gen/İletişim ve catisma,3.74
Beden Dili Sirlari.pdf,PDF,ZIP Arşivi İçinde (b-Lİbrary_Tr-Gen-20260601T232943Z-3-002.zip),C:\Users\default.LAPTOP-OBA1HVU9\.antigravity-ide\Books\b-Lİbrary_Tr-Gen-20260601T232943Z-3-002.zip -> b-Lİbrary_Tr-Gen/Beden Dili/Beden Dili Sirlari.pdf,b-Lİbrary_Tr-Gen/Beden Dili,0.64
Kısa-ABD-Tarihi-James-West-Davidson.pdf,PDF,ZIP Arşivi İçinde (b-Lİbrary_Tr-Gen-20260601T232943Z-3-002.zip),C:\Users\default.LAPTOP-OBA1HVU9\.antigravity-ide\Books\b-Lİbrary_Tr-Gen-20260601T232943Z-3-002.zip -> b-Lİbrary_Tr-Gen/Us Book/Kısa-ABD-Tarihi-James-West-Davidson.pdf,b-Lİbrary_Tr-Gen/Us Book,10.34
Yuz-Okuma-Sanatı.pdf,PDF,ZIP Arşivi İçinde (b-Lİbrary_Tr-Gen-20260601T232943Z-3-002.zip),C:\Users\default.LAPTOP-OBA1HVU9\.antigravity-ide\Books\b-Lİbrary_Tr-Gen-20260601T232943Z-3-002.zip -> b-Lİbrary_Tr-Gen/Beden Dili/Yuz-Okuma-Sanatı.pdf,b-Lİbrary_Tr-Gen/Beden Dili,0.87
Butun-Yonleriyle-Beden-Dili.pdf,PDF,ZIP Arşivi İçinde (b-Lİbrary_Tr-Gen-20260601T232943Z-3-002.zip),C:\Users\default.LAPTOP-OBA1HVU9\.antigravity-ide\Books\b-Lİbrary_Tr-Gen-20260601T232943Z-3-002.zip -> b-Lİbrary_Tr-Gen/Beden Dili/Butun-Yonleriyle-Beden-Dili.pdf,b-Lİbrary_Tr-Gen/Beden Dili,1.08
İnsanların-Oynadığı-Oyunlar-Eric-Berne.pdf,PDF,ZIP Arşivi İçinde (b-Lİbrary_Tr-Gen-20260601T232943Z-3-002.zip),C:\Users\default.LAPTOP-OBA1HVU9\.antigravity-ide\Books\b-Lİbrary_Tr-Gen-20260601T232943Z-3-002.zip -> b-Lİbrary_Tr-Gen/İletişim ve catisma/İnsanların-Oynadığı-Oyunlar-Eric-Berne.pdf,b-Lİbrary_Tr-Gen/İletişim ve catisma,2.55
Beden-Asla-Yalan-Soylemez-Alice-Miller.pdf,PDF,ZIP Arşivi İçinde (b-Lİbrary_Tr-Gen-20260601T232943Z-3-002.zip),C:\Users\default.LAPTOP-OBA1HVU9\.antigravity-ide\Books\b-Lİbrary_Tr-Gen-20260601T232943Z-3-002.zip -> b-Lİbrary_Tr-Gen/Beden Dili/Beden-Asla-Yalan-Soylemez-Alice-Miller.pdf,b-Lİbrary_Tr-Gen/Beden Dili,1.63
"Beden Dili Eski FBI Ajanından İnsanların Bedenini Okuma Rehberi (Joe Navarro, Marvin Karlins) (z-lib.org).pdf",PDF,ZIP Arşivi İçinde (b-Lİbrary_Tr-Gen-20260601T232943Z-3-002.zip),"C:\Users\default.LAPTOP-OBA1HVU9\.antigravity-ide\Books\b-Lİbrary_Tr-Gen-20260601T232943Z-3-002.zip -> b-Lİbrary_Tr-Gen/Beden Dili/Beden Dili Eski FBI Ajanından İnsanların Bedenini Okuma Rehberi (Joe Navarro, Marvin Karlins) (z-lib.org).pdf",b-Lİbrary_Tr-Gen/Beden Dili,5.05
Koşmasaydım-Yazamazdım-Haruki-Murakami.pdf,PDF,ZIP Arşivi İçinde (b-Lİbrary_Tr-Gen-20260601T232943Z-3-002.zip),C:\Users\default.LAPTOP-OBA1HVU9\.antigravity-ide\Books\b-Lİbrary_Tr-Gen-20260601T232943Z-3-002.zip -> b-Lİbrary_Tr-Gen/Kişisel Gelişim/Koşmasaydım-Yazamazdım-Haruki-Murakami.pdf,b-Lİbrary_Tr-Gen/Kişisel Gelişim,0.78
Koşmasaydım Yazamazdım (Haruki Murakami) (z-lib.org) (1).epub,EPUB,ZIP Arşivi İçinde (b-Lİbrary_Tr-Gen-20260601T232943Z-3-002.zip),C:\Users\default.LAPTOP-OBA1HVU9\.antigravity-ide\Books\b-Lİbrary_Tr-Gen-20260601T232943Z-3-002.zip -> b-Lİbrary_Tr-Gen/Kişisel Gelişim/Koşmasaydım Yazamazdım (Haruki Murakami) (z-lib.org) (1).epub,b-Lİbrary_Tr-Gen/Kişisel Gelişim,0.23
Enneagram_Ali Ünal.pdf,PDF,ZIP Arşivi İçinde (b-Lİbrary_Tr-Gen-20260601T232943Z-3-002.zip),C:\Users\default.LAPTOP-OBA1HVU9\.antigravity-ide\Books\b-Lİbrary_Tr-Gen-20260601T232943Z-3-002.zip -> b-Lİbrary_Tr-Gen/Enneagram_PDF/Enneagram_Ali Ünal.pdf,b-Lİbrary_Tr-Gen/Enneagram_PDF,0.23
Tartışma Sanatının İncelkleri-ARTHUR-SCHOPENHAUER.pdf,PDF,ZIP Arşivi İçinde (b-Lİbrary_Tr-Gen-20260601T232943Z-3-002.zip),C:\Users\default.LAPTOP-OBA1HVU9\.antigravity-ide\Books\b-Lİbrary_Tr-Gen-20260601T232943Z-3-002.zip -> b-Lİbrary_Tr-Gen/Felsefe-Fikriyat/Tartışma Sanatının İncelkleri-ARTHUR-SCHOPENHAUER.pdf,b-Lİbrary_Tr-Gen/Felsefe-Fikriyat,1.94
Tarihte-Bireyin-Rolu-Georgi-V-Plehanov.pdf,PDF,ZIP Arşivi İçinde (b-Lİbrary_Tr-Gen-20260601T232943Z-3-002.zip),C:\Users\default.LAPTOP-OBA1HVU9\.antigravity-ide\Books\b-Lİbrary_Tr-Gen-20260601T232943Z-3-002.zip -> b-Lİbrary_Tr-Gen/Felsefe-Fikriyat/Tarihte-Bireyin-Rolu-Georgi-V-Plehanov.pdf,b-Lİbrary_Tr-Gen/Felsefe-Fikriyat,4.3
Mutlu-Olma-Sanatı-Arthur-Schopenhauer.pdf,PDF,ZIP Arşivi İçinde (b-Lİbrary_Tr-Gen-20260601T232943Z-3-002.zip),C:\Users\default.LAPTOP-OBA1HVU9\.antigravity-ide\Books\b-Lİbrary_Tr-Gen-20260601T232943Z-3-002.zip -> b-Lİbrary_Tr-Gen/Felsefe-Fikriyat/Mutlu-Olma-Sanatı-Arthur-Schopenhauer.pdf,b-Lİbrary_Tr-Gen/Felsefe-Fikriyat,0.42
Simyacı-Paulo-Coelho.pdf,PDF,ZIP Arşivi İçinde (b-Lİbrary_Tr-Gen-20260601T232943Z-3-002.zip),C:\Users\default.LAPTOP-OBA1HVU9\.antigravity-ide\Books\b-Lİbrary_Tr-Gen-20260601T232943Z-3-002.zip -> b-Lİbrary_Tr-Gen/Roman_Ybn/Simyacı-Paulo-Coelho.pdf,b-Lİbrary_Tr-Gen/Roman_Ybn,0.3
Ofke-Kontrol-Rehberi-Robert-Puff-James-Seghers.pdf,PDF,ZIP Arşivi İçinde (b-Lİbrary_Tr-Gen-20260601T232943Z-3-002.zip),C:\Users\default.LAPTOP-OBA1HVU9\.antigravity-ide\Books\b-Lİbrary_Tr-Gen-20260601T232943Z-3-002.zip -> b-Lİbrary_Tr-Gen/Psikoloji/Ofke/Ofke-Kontrol-Rehberi-Robert-Puff-James-Seghers.pdf,b-Lİbrary_Tr-Gen/Psikoloji/Ofke,4.11
İnsanı-Tanıma-Sanatı-Alfred-Adler.pdf,PDF,ZIP Arşivi İçinde (b-Lİbrary_Tr-Gen-20260601T232943Z-3-002.zip),C:\Users\default.LAPTOP-OBA1HVU9\.antigravity-ide\Books\b-Lİbrary_Tr-Gen-20260601T232943Z-3-002.zip -> b-Lİbrary_Tr-Gen/Psikoloji/Alfred-Adler/İnsanı-Tanıma-Sanatı-Alfred-Adler.pdf,b-Lİbrary_Tr-Gen/Psikoloji/Alfred-Adler,2.12
Hafızana-Hukmet-Hafızanın-Gucunu-Artırmak-İcin-Yaratıcı-Yontemler-Tony-Buzan.pdf,PDF,ZIP Arşivi İçinde (b-Lİbrary_Tr-Gen-20260601T232943Z-3-002.zip),C:\Users\default.LAPTOP-OBA1HVU9\.antigravity-ide\Books\b-Lİbrary_Tr-Gen-20260601T232943Z-3-002.zip -> b-Lİbrary_Tr-Gen/Beyin ve Hafıza/Hafiza/Hafızana-Hukmet-Hafızanın-Gucunu-Artırmak-İcin-Yaratıcı-Yontemler-Tony-Buzan.pdf,b-Lİbrary_Tr-Gen/Beyin ve Hafıza/Hafiza,4.04
Hafıza Teknkleri.pdf,PDF,ZIP Arşivi İçinde (b-Lİbrary_Tr-Gen-20260601T232943Z-3-002.zip),C:\Users\default.LAPTOP-OBA1HVU9\.antigravity-ide\Books\b-Lİbrary_Tr-Gen-20260601T232943Z-3-002.zip -> b-Lİbrary_Tr-Gen/Beyin ve Hafıza/Hafiza/Hafıza Teknkleri.pdf,b-Lİbrary_Tr-Gen/Beyin ve Hafıza/Hafiza,1.3
internetten-para-kazanmanın-21-yolu.pdf,PDF,ZIP Arşivi İçinde (b-Lİbrary_Tr-Gen-20260601T232943Z-3-002.zip),C:\Users\default.LAPTOP-OBA1HVU9\.antigravity-ide\Books\b-Lİbrary_Tr-Gen-20260601T232943Z-3-002.zip -> b-Lİbrary_Tr-Gen/Reklam-Pazarlama-Satis/Digital Marketing/internetten-para-kazanmanın-21-yolu.pdf,b-Lİbrary_Tr-Gen/Reklam-Pazarlama-Satis/Digital Marketing,0.43
Instagramda-Organik-Buyume-Taktikleri.pdf,PDF,ZIP Arşivi İçinde (b-Lİbrary_Tr-Gen-20260601T232943Z-3-002.zip),C:\Users\default.LAPTOP-OBA1HVU9\.antigravity-ide\Books\b-Lİbrary_Tr-Gen-20260601T232943Z-3-002.zip -> b-Lİbrary_Tr-Gen/Reklam-Pazarlama-Satis/Sosyal Medya Marketing/Instagramda-Organik-Buyume-Taktikleri.pdf,b-Lİbrary_Tr-Gen/Reklam-Pazarlama-Satis/Sosyal Medya Marketing,2.67
Sosyal-Medya-Dijital-Pazarlama-Yeni-Medya-nın-Felsefesi.pdf,PDF,ZIP Arşivi İçinde (b-Lİbrary_Tr-Gen-20260601T232943Z-3-002.zip),C:\Users\default.LAPTOP-OBA1HVU9\.antigravity-ide\Books\b-Lİbrary_Tr-Gen-20260601T232943Z-3-002.zip -> b-Lİbrary_Tr-Gen/Reklam-Pazarlama-Satis/Sosyal Medya Marketing/Sosyal-Medya-Dijital-Pazarlama-Yeni-Medya-nın-Felsefesi.pdf,b-Lİbrary_Tr-Gen/Reklam-Pazarlama-Satis/Sosyal Medya Marketing,1.14
Epiktetos-Kendisinin-Efendisi.pdf,PDF,ZIP Arşivi İçinde (b-Lİbrary_Tr-Gen-20260601T232943Z-3-002.zip),C:\Users\default.LAPTOP-OBA1HVU9\.antigravity-ide\Books\b-Lİbrary_Tr-Gen-20260601T232943Z-3-002.zip -> b-Lİbrary_Tr-Gen/Felsefe-Fikriyat/Epictetos/Epiktetos-Kendisinin-Efendisi.pdf,b-Lİbrary_Tr-Gen/Felsefe-Fikriyat/Epictetos,1.63
Demokrasi-Gercek-Ve-Hayal-Noam-Chomsky.pdf,PDF,ZIP Arşivi İçinde (b-Lİbrary_Tr-Gen-20260601T232943Z-3-002.zip),C:\Users\default.LAPTOP-OBA1HVU9\.antigravity-ide\Books\b-Lİbrary_Tr-Gen-20260601T232943Z-3-002.zip -> b-Lİbrary_Tr-Gen/Felsefe-Fikriyat/Noam Chomsky/Demokrasi-Gercek-Ve-Hayal-Noam-Chomsky.pdf,b-Lİbrary_Tr-Gen/Felsefe-Fikriyat/Noam Chomsky,1.01
Beden-Dili-Joe-Navarro.pdf,PDF,ZIP Arşivi İçinde (b-Lİbrary_Tr-Gen-20260601T232943Z-3-003.zip),C:\Users\default.LAPTOP-OBA1HVU9\.antigravity-ide\Books\b-Lİbrary_Tr-Gen-20260601T232943Z-3-003.zip -> b-Lİbrary_Tr-Gen/Beden Dili/Beden-Dili-Joe-Navarro.pdf,b-Lİbrary_Tr-Gen/Beden Dili,5.12
Beden-Dili-Karşınızdakinin-Davranışlearından-Duşuncelerini-Anlamanın-Yolu-Allan-Pease.pdf,PDF,ZIP Arşivi İçinde (b-Lİbrary_Tr-Gen-20260601T232943Z-3-003.zip),C:\Users\default.LAPTOP-OBA1HVU9\.antigravity-ide\Books\b-Lİbrary_Tr-Gen-20260601T232943Z-3-003.zip -> b-Lİbrary_Tr-Gen/Beden Dili/Beden-Dili-Karşınızdakinin-Davranışlearından-Duşuncelerini-Anlamanın-Yolu-Allan-Pease.pdf,b-Lİbrary_Tr-Gen/Beden Dili,6.98
Amerika-Dersleri--Italo-Calvino.pdf,PDF,ZIP Arşivi İçinde (b-Lİbrary_Tr-Gen-20260601T232943Z-3-003.zip),C:\Users\default.LAPTOP-OBA1HVU9\.antigravity-ide\Books\b-Lİbrary_Tr-Gen-20260601T232943Z-3-003.zip -> b-Lİbrary_Tr-Gen/Us Book/Amerika-Dersleri--Italo-Calvino.pdf,b-Lİbrary_Tr-Gen/Us Book,5.55
Beden-Dili-Allan-Pease.pdf,PDF,ZIP Arşivi İçinde (b-Lİbrary_Tr-Gen-20260601T232943Z-3-003.zip),C:\Users\default.LAPTOP-OBA1HVU9\.antigravity-ide\Books\b-Lİbrary_Tr-Gen-20260601T232943Z-3-003.zip -> b-Lİbrary_Tr-Gen/Beden Dili/Beden-Dili-Allan-Pease.pdf,b-Lİbrary_Tr-Gen/Beden Dili,6.98
Zor-Kişiliklerle-Yaşamak-Christophe-Andre.pdf,PDF,ZIP Arşivi İçinde (b-Lİbrary_Tr-Gen-20260601T232943Z-3-003.zip),C:\Users\default.LAPTOP-OBA1HVU9\.antigravity-ide\Books\b-Lİbrary_Tr-Gen-20260601T232943Z-3-003.zip -> b-Lİbrary_Tr-Gen/İletişim ve catisma/Zor-Kişiliklerle-Yaşamak-Christophe-Andre.pdf,b-Lİbrary_Tr-Gen/İletişim ve catisma,2.74
"Dikkat Vücudunuz Konuşuyor (İzgören, Ahmet Şerif) (z-lib.org).epub",EPUB,ZIP Arşivi İçinde (b-Lİbrary_Tr-Gen-20260601T232943Z-3-003.zip),"C:\Users\default.LAPTOP-OBA1HVU9\.antigravity-ide\Books\b-Lİbrary_Tr-Gen-20260601T232943Z-3-003.zip -> b-Lİbrary_Tr-Gen/Beden Dili/Dikkat Vücudunuz Konuşuyor (İzgören, Ahmet Şerif) (z-lib.org).epub",b-Lİbrary_Tr-Gen/Beden Dili,19.65
Kulahıma-Anlat-Yalan-Dunyasında-ve-Sosyal-Hayatta-Beden-Emrah-Akcay.pdf,PDF,ZIP Arşivi İçinde (b-Lİbrary_Tr-Gen-20260601T232943Z-3-003.zip),C:\Users\default.LAPTOP-OBA1HVU9\.antigravity-ide\Books\b-Lİbrary_Tr-Gen-20260601T232943Z-3-003.zip -> b-Lİbrary_Tr-Gen/Beden Dili/Kulahıma-Anlat-Yalan-Dunyasında-ve-Sosyal-Hayatta-Beden-Emrah-Akcay.pdf,b-Lİbrary_Tr-Gen/Beden Dili,6.86
Sanat-Kitabı-Alfa-Yayınları.pdf,PDF,ZIP Arşivi İçinde (b-Lİbrary_Tr-Gen-20260601T232943Z-3-003.zip),C:\Users\default.LAPTOP-OBA1HVU9\.antigravity-ide\Books\b-Lİbrary_Tr-Gen-20260601T232943Z-3-003.zip -> b-Lİbrary_Tr-Gen/Sanat/Sanat-Kitabı-Alfa-Yayınları.pdf,b-Lİbrary_Tr-Gen/Sanat,49.15
Cocuk-Psikolojisi-Haluk-Yavuzer.pdf,PDF,ZIP Arşivi İçinde (b-Lİbrary_Tr-Gen-20260601T232943Z-3-003.zip),C:\Users\default.LAPTOP-OBA1HVU9\.antigravity-ide\Books\b-Lİbrary_Tr-Gen-20260601T232943Z-3-003.zip -> b-Lİbrary_Tr-Gen/Cocuk Gelisimi/Cocuk-Psikolojisi-Haluk-Yavuzer.pdf,b-Lİbrary_Tr-Gen/Cocuk Gelisimi,9.33
İletişim-Dehası-Henrik-Fexeus.pdf,PDF,ZIP Arşivi İçinde (b-Lİbrary_Tr-Gen-20260601T232943Z-3-003.zip),C:\Users\default.LAPTOP-OBA1HVU9\.antigravity-ide\Books\b-Lİbrary_Tr-Gen-20260601T232943Z-3-003.zip -> b-Lİbrary_Tr-Gen/İletişim ve catisma/İletişim-Dehası-Henrik-Fexeus.pdf,b-Lİbrary_Tr-Gen/İletişim ve catisma,2.28
Hizli Okuma.pdf,PDF,ZIP Arşivi İçinde (b-Lİbrary_Tr-Gen-20260601T232943Z-3-003.zip),C:\Users\default.LAPTOP-OBA1HVU9\.antigravity-ide\Books\b-Lİbrary_Tr-Gen-20260601T232943Z-3-003.zip -> b-Lİbrary_Tr-Gen/Kişisel Gelişim/Hizli Okuma.pdf,b-Lİbrary_Tr-Gen/Kişisel Gelişim,5.74
İletişimSizlik-Becerisi-A-Kadir-Ozer.pdf,PDF,ZIP Arşivi İçinde (b-Lİbrary_Tr-Gen-20260601T232943Z-3-003.zip),C:\Users\default.LAPTOP-OBA1HVU9\.antigravity-ide\Books\b-Lİbrary_Tr-Gen-20260601T232943Z-3-003.zip -> b-Lİbrary_Tr-Gen/İletişim ve catisma/İletişimSizlik-Becerisi-A-Kadir-Ozer.pdf,b-Lİbrary_Tr-Gen/İletişim ve catisma,5.08
Basarinin-Sihirli-Merdiveni-Napoleon-Hill.pdf,PDF,ZIP Arşivi İçinde (b-Lİbrary_Tr-Gen-20260601T232943Z-3-003.zip),C:\Users\default.LAPTOP-OBA1HVU9\.antigravity-ide\Books\b-Lİbrary_Tr-Gen-20260601T232943Z-3-003.zip -> b-Lİbrary_Tr-Gen/Kişisel Gelişim/Basarinin-Sihirli-Merdiveni-Napoleon-Hill.pdf,b-Lİbrary_Tr-Gen/Kişisel Gelişim,3.63
Erkekler-Mars-tan-Kadınlar-Venus-ten-John-Gray.pdf,PDF,ZIP Arşivi İçinde (b-Lİbrary_Tr-Gen-20260601T232943Z-3-003.zip),C:\Users\default.LAPTOP-OBA1HVU9\.antigravity-ide\Books\b-Lİbrary_Tr-Gen-20260601T232943Z-3-003.zip -> b-Lİbrary_Tr-Gen/İletişim ve catisma/Erkekler-Mars-tan-Kadınlar-Venus-ten-John-Gray.pdf,b-Lİbrary_Tr-Gen/İletişim ve catisma,5.32
Cocuklarda-Dil-Ve-Konuşma-Bozuklukları-Barış-Korkmaz.pdf,PDF,ZIP Arşivi İçinde (b-Lİbrary_Tr-Gen-20260601T232943Z-3-003.zip),C:\Users\default.LAPTOP-OBA1HVU9\.antigravity-ide\Books\b-Lİbrary_Tr-Gen-20260601T232943Z-3-003.zip -> b-Lİbrary_Tr-Gen/Cocuk Gelisimi/Cocuklarda-Dil-Ve-Konuşma-Bozuklukları-Barış-Korkmaz.pdf,b-Lİbrary_Tr-Gen/Cocuk Gelisimi,14.81
Etkili Iletisimin 13-Kuralı.pdf,PDF,ZIP Arşivi İçinde (b-Lİbrary_Tr-Gen-20260601T232943Z-3-003.zip),C:\Users\default.LAPTOP-OBA1HVU9\.antigravity-ide\Books\b-Lİbrary_Tr-Gen-20260601T232943Z-3-003.zip -> b-Lİbrary_Tr-Gen/İletişim ve catisma/Etkili Iletisimin 13-Kuralı.pdf,b-Lİbrary_Tr-Gen/İletişim ve catisma,26.69
Iyi Hissetmek (Turkish Edition) (David Burns) (z-lib.org).epub,EPUB,ZIP Arşivi İçinde (b-Lİbrary_Tr-Gen-20260601T232943Z-3-003.zip),C:\Users\default.LAPTOP-OBA1HVU9\.antigravity-ide\Books\b-Lİbrary_Tr-Gen-20260601T232943Z-3-003.zip -> b-Lİbrary_Tr-Gen/Kişisel Gelişim/Iyi Hissetmek (Turkish Edition) (David Burns) (z-lib.org).epub,b-Lİbrary_Tr-Gen/Kişisel Gelişim,10.56
Ego Düşmanındır-Ryan-Holiday.pdf,PDF,ZIP Arşivi İçinde (b-Lİbrary_Tr-Gen-20260601T232943Z-3-003.zip),C:\Users\default.LAPTOP-OBA1HVU9\.antigravity-ide\Books\b-Lİbrary_Tr-Gen-20260601T232943Z-3-003.zip -> b-Lİbrary_Tr-Gen/Kişisel Gelişim/Ego Düşmanındır-Ryan-Holiday.pdf,b-Lİbrary_Tr-Gen/Kişisel Gelişim,1.42
Musluman-Psikologların-Cıkmazı.pdf,PDF,ZIP Arşivi İçinde (b-Lİbrary_Tr-Gen-20260601T232943Z-3-003.zip),C:\Users\default.LAPTOP-OBA1HVU9\.antigravity-ide\Books\b-Lİbrary_Tr-Gen-20260601T232943Z-3-003.zip -> b-Lİbrary_Tr-Gen/Psikoloji/Musluman-Psikologların-Cıkmazı.pdf,b-Lİbrary_Tr-Gen/Psikoloji,1.35
İnsan-Olmanın-Psikolojisi-Maslow.pdf,PDF,ZIP Arşivi İçinde (b-Lİbrary_Tr-Gen-20260601T232943Z-3-003.zip),C:\Users\default.LAPTOP-OBA1HVU9\.antigravity-ide\Books\b-Lİbrary_Tr-Gen-20260601T232943Z-3-003.zip -> b-Lİbrary_Tr-Gen/Psikoloji/İnsan-Olmanın-Psikolojisi-Maslow.pdf,b-Lİbrary_Tr-Gen/Psikoloji,5.12
Hepimiz-Narsistiz-Sule-Oncu.pdf,PDF,ZIP Arşivi İçinde (b-Lİbrary_Tr-Gen-20260601T232943Z-3-003.zip),C:\Users\default.LAPTOP-OBA1HVU9\.antigravity-ide\Books\b-Lİbrary_Tr-Gen-20260601T232943Z-3-003.zip -> b-Lİbrary_Tr-Gen/Psikoloji/Hepimiz-Narsistiz-Sule-Oncu.pdf,b-Lİbrary_Tr-Gen/Psikoloji,1.02
3 Saniyede-Karşınızdaki-İnsanı-Nasıl-Anlarsınız-pdf.pdf,PDF,ZIP Arşivi İçinde (b-Lİbrary_Tr-Gen-20260601T232943Z-3-003.zip),C:\Users\default.LAPTOP-OBA1HVU9\.antigravity-ide\Books\b-Lİbrary_Tr-Gen-20260601T232943Z-3-003.zip -> b-Lİbrary_Tr-Gen/Beden Dili/3 Saniyede-Karşınızdaki-İnsanı-Nasıl-Anlarsınız-pdf.pdf,b-Lİbrary_Tr-Gen/Beden Dili,5.22
NE-DUŞUNDUGUNU-BiLiYORUM.pdf,PDF,ZIP Arşivi İçinde (b-Lİbrary_Tr-Gen-20260601T232943Z-3-003.zip),C:\Users\default.LAPTOP-OBA1HVU9\.antigravity-ide\Books\b-Lİbrary_Tr-Gen-20260601T232943Z-3-003.zip -> b-Lİbrary_Tr-Gen/Beden Dili/NE-DUŞUNDUGUNU-BiLiYORUM.pdf,b-Lİbrary_Tr-Gen/Beden Dili,11.51
iyi-Gunde-Kotu-Gunde-Evlilik-Farika-Teymur-Artir.pdf,PDF,ZIP Arşivi İçinde (b-Lİbrary_Tr-Gen-20260601T232943Z-3-003.zip),C:\Users\default.LAPTOP-OBA1HVU9\.antigravity-ide\Books\b-Lİbrary_Tr-Gen-20260601T232943Z-3-003.zip -> b-Lİbrary_Tr-Gen/Aile/iyi-Gunde-Kotu-Gunde-Evlilik-Farika-Teymur-Artir.pdf,b-Lİbrary_Tr-Gen/Aile,0.44
BURCLAR-VE-ASTROLOJİ (1).pdf,PDF,ZIP Arşivi İçinde (b-Lİbrary_Tr-Gen-20260601T232943Z-3-003.zip),C:\Users\default.LAPTOP-OBA1HVU9\.antigravity-ide\Books\b-Lİbrary_Tr-Gen-20260601T232943Z-3-003.zip -> b-Lİbrary_Tr-Gen/Yildiz ilmi/BURCLAR-VE-ASTROLOJİ (1).pdf,b-Lİbrary_Tr-Gen/Yildiz ilmi,3.74
Astroloji-nasıl-oğrenilir-e-kitap.pdf,PDF,ZIP Arşivi İçinde (b-Lİbrary_Tr-Gen-20260601T232943Z-3-003.zip),C:\Users\default.LAPTOP-OBA1HVU9\.antigravity-ide\Books\b-Lİbrary_Tr-Gen-20260601T232943Z-3-003.zip -> b-Lİbrary_Tr-Gen/Yildiz ilmi/Astroloji-nasıl-oğrenilir-e-kitap.pdf,b-Lİbrary_Tr-Gen/Yildiz ilmi,3.56
Matematiğin-Sihirli-Dunyası-Arthur-Benjamin.pdf,PDF,ZIP Arşivi İçinde (b-Lİbrary_Tr-Gen-20260601T232943Z-3-003.zip),C:\Users\default.LAPTOP-OBA1HVU9\.antigravity-ide\Books\b-Lİbrary_Tr-Gen-20260601T232943Z-3-003.zip -> b-Lİbrary_Tr-Gen/Matematik/Matematiğin-Sihirli-Dunyası-Arthur-Benjamin.pdf,b-Lİbrary_Tr-Gen/Matematik,5.72
Beden-Dili-Kutsal-Kitabı-Judi-James.pdf,PDF,ZIP Arşivi İçinde (b-Lİbrary_Tr-Gen-20260601T232943Z-3-003.zip),C:\Users\default.LAPTOP-OBA1HVU9\.antigravity-ide\Books\b-Lİbrary_Tr-Gen-20260601T232943Z-3-003.zip -> b-Lİbrary_Tr-Gen/Beden Dili/Beden-Dili-Kutsal-Kitabı-Judi-James.pdf,b-Lİbrary_Tr-Gen/Beden Dili,6.53
Utangaclık-ve-Sosyal-Fobinin-Ustesinden-Gelmek-Overcoming-shyness-and-social-phobia-Ronald-M-Rapee.pdf,PDF,ZIP Arşivi İçinde (b-Lİbrary_Tr-Gen-20260601T232943Z-3-003.zip),C:\Users\default.LAPTOP-OBA1HVU9\.antigravity-ide\Books\b-Lİbrary_Tr-Gen-20260601T232943Z-3-003.zip -> b-Lİbrary_Tr-Gen/Psikoloji/Utangaclık-ve-Sosyal-Fobinin-Ustesinden-Gelmek-Overcoming-shyness-and-social-phobia-Ronald-M-Rapee.pdf,b-Lİbrary_Tr-Gen/Psikoloji,0.89
Robert-Greene-Insan-Doğasının-Yasaları.pdf,PDF,ZIP Arşivi İçinde (b-Lİbrary_Tr-Gen-20260601T232943Z-3-003.zip),C:\Users\default.LAPTOP-OBA1HVU9\.antigravity-ide\Books\b-Lİbrary_Tr-Gen-20260601T232943Z-3-003.zip -> b-Lİbrary_Tr-Gen/Kişisel Gelişim/Robert-Greene-Insan-Doğasının-Yasaları.pdf,b-Lİbrary_Tr-Gen/Kişisel Gelişim,22.98
Kişilik-Tipleri-Richard-riso.pdf,PDF,ZIP Arşivi İçinde (b-Lİbrary_Tr-Gen-20260601T232943Z-3-003.zip),C:\Users\default.LAPTOP-OBA1HVU9\.antigravity-ide\Books\b-Lİbrary_Tr-Gen-20260601T232943Z-3-003.zip -> b-Lİbrary_Tr-Gen/Enneagram_PDF/Kişilik-Tipleri-Richard-riso.pdf,b-Lİbrary_Tr-Gen/Enneagram_PDF,43.88
Eşitsizliğin-Bedeli.pdf,PDF,ZIP Arşivi İçinde (b-Lİbrary_Tr-Gen-20260601T232943Z-3-003.zip),C:\Users\default.LAPTOP-OBA1HVU9\.antigravity-ide\Books\b-Lİbrary_Tr-Gen-20260601T232943Z-3-003.zip -> b-Lİbrary_Tr-Gen/Ekonomi/Eşitsizliğin-Bedeli.pdf,b-Lİbrary_Tr-Gen/Ekonomi,4.67
Ibni Sina-El-Kanun-Fit-Tıb-Ozeti.pdf,PDF,ZIP Arşivi İçinde (b-Lİbrary_Tr-Gen-20260601T232943Z-3-003.zip),C:\Users\default.LAPTOP-OBA1HVU9\.antigravity-ide\Books\b-Lİbrary_Tr-Gen-20260601T232943Z-3-003.zip -> b-Lİbrary_Tr-Gen/Tıp/Ibni Sina-El-Kanun-Fit-Tıb-Ozeti.pdf,b-Lİbrary_Tr-Gen/Tıp,2.18
Dil-İlluzyonları-Robert-Dilts.pdf,PDF,ZIP Arşivi İçinde (b-Lİbrary_Tr-Gen-20260601T232943Z-3-003.zip),C:\Users\default.LAPTOP-OBA1HVU9\.antigravity-ide\Books\b-Lİbrary_Tr-Gen-20260601T232943Z-3-003.zip -> b-Lİbrary_Tr-Gen/Kişisel Gelişim/Dil-İlluzyonları-Robert-Dilts.pdf,b-Lİbrary_Tr-Gen/Kişisel Gelişim,4.54
Refleksoloji-pdf.pdf,PDF,ZIP Arşivi İçinde (b-Lİbrary_Tr-Gen-20260601T232943Z-3-003.zip),C:\Users\default.LAPTOP-OBA1HVU9\.antigravity-ide\Books\b-Lİbrary_Tr-Gen-20260601T232943Z-3-003.zip -> b-Lİbrary_Tr-Gen/Tıp/Refleksoloji-pdf.pdf,b-Lİbrary_Tr-Gen/Tıp,5.49
insanları-Okumak-Jo-Ellan-Dimitrius.pdf,PDF,ZIP Arşivi İçinde (b-Lİbrary_Tr-Gen-20260601T232943Z-3-003.zip),C:\Users\default.LAPTOP-OBA1HVU9\.antigravity-ide\Books\b-Lİbrary_Tr-Gen-20260601T232943Z-3-003.zip -> b-Lİbrary_Tr-Gen/Beden Dili/insanları-Okumak-Jo-Ellan-Dimitrius.pdf,b-Lİbrary_Tr-Gen/Beden Dili,3.41
HASTALIKLARIN-ESAS-SEBEPLERİ-docx.pdf,PDF,ZIP Arşivi İçinde (b-Lİbrary_Tr-Gen-20260601T232943Z-3-003.zip),C:\Users\default.LAPTOP-OBA1HVU9\.antigravity-ide\Books\b-Lİbrary_Tr-Gen-20260601T232943Z-3-003.zip -> b-Lİbrary_Tr-Gen/Tıp/HASTALIKLARIN-ESAS-SEBEPLERİ-docx.pdf,b-Lİbrary_Tr-Gen/Tıp,0.21
Doğum-Haritası-Yorumlama-Sanatı-Tracy-Marks.pdf,PDF,ZIP Arşivi İçinde (b-Lİbrary_Tr-Gen-20260601T232943Z-3-003.zip),C:\Users\default.LAPTOP-OBA1HVU9\.antigravity-ide\Books\b-Lİbrary_Tr-Gen-20260601T232943Z-3-003.zip -> b-Lİbrary_Tr-Gen/Yildiz ilmi/Doğum-Haritası-Yorumlama-Sanatı-Tracy-Marks.pdf,b-Lİbrary_Tr-Gen/Yildiz ilmi,3.55
Fitoterapi-Doğanın-Iyileştirici-Gucu.pdf,PDF,ZIP Arşivi İçinde (b-Lİbrary_Tr-Gen-20260601T232943Z-3-003.zip),C:\Users\default.LAPTOP-OBA1HVU9\.antigravity-ide\Books\b-Lİbrary_Tr-Gen-20260601T232943Z-3-003.zip -> b-Lİbrary_Tr-Gen/Tıp/Fitoterapi-Doğanın-Iyileştirici-Gucu.pdf,b-Lİbrary_Tr-Gen/Tıp,0.37
Kinesioloji.pdf,PDF,ZIP Arşivi İçinde (b-Lİbrary_Tr-Gen-20260601T232943Z-3-003.zip),C:\Users\default.LAPTOP-OBA1HVU9\.antigravity-ide\Books\b-Lİbrary_Tr-Gen-20260601T232943Z-3-003.zip -> b-Lİbrary_Tr-Gen/Tıp/Kinesioloji.pdf,b-Lİbrary_Tr-Gen/Tıp,2.77
Psikoloji Kitabi.pdf,PDF,ZIP Arşivi İçinde (b-Lİbrary_Tr-Gen-20260601T232943Z-3-003.zip),C:\Users\default.LAPTOP-OBA1HVU9\.antigravity-ide\Books\b-Lİbrary_Tr-Gen-20260601T232943Z-3-003.zip -> b-Lİbrary_Tr-Gen/Psikoloji/Psikoloji Kitabi.pdf,b-Lİbrary_Tr-Gen/Psikoloji,46.93
Hastaliklar-Ve-Sebepleri.pdf,PDF,ZIP Arşivi İçinde (b-Lİbrary_Tr-Gen-20260601T232943Z-3-003.zip),C:\Users\default.LAPTOP-OBA1HVU9\.antigravity-ide\Books\b-Lİbrary_Tr-Gen-20260601T232943Z-3-003.zip -> b-Lİbrary_Tr-Gen/Tıp/Hastaliklar-Ve-Sebepleri.pdf,b-Lİbrary_Tr-Gen/Tıp,0.26
Yeniden-Duşun-Adam-Grant.pdf,PDF,ZIP Arşivi İçinde (b-Lİbrary_Tr-Gen-20260601T232943Z-3-003.zip),C:\Users\default.LAPTOP-OBA1HVU9\.antigravity-ide\Books\b-Lİbrary_Tr-Gen-20260601T232943Z-3-003.zip -> b-Lİbrary_Tr-Gen/Kişisel Gelişim/Yeniden-Duşun-Adam-Grant.pdf,b-Lİbrary_Tr-Gen/Kişisel Gelişim,11.25
Etkili-Insanlarin-7-Aliskanligi-Stephen-R.-Covey-E.pdf,PDF,ZIP Arşivi İçinde (b-Lİbrary_Tr-Gen-20260601T232943Z-3-003.zip),C:\Users\default.LAPTOP-OBA1HVU9\.antigravity-ide\Books\b-Lİbrary_Tr-Gen-20260601T232943Z-3-003.zip -> b-Lİbrary_Tr-Gen/Kişisel Gelişim/Etkili-Insanlarin-7-Aliskanligi-Stephen-R.-Covey-E.pdf,b-Lİbrary_Tr-Gen/Kişisel Gelişim,7.77
Psikoloji-Nasıl-Calışır-Alfa-Yayınları.pdf,PDF,ZIP Arşivi İçinde (b-Lİbrary_Tr-Gen-20260601T232943Z-3-003.zip),C:\Users\default.LAPTOP-OBA1HVU9\.antigravity-ide\Books\b-Lİbrary_Tr-Gen-20260601T232943Z-3-003.zip -> b-Lİbrary_Tr-Gen/Psikoloji/Psikoloji-Nasıl-Calışır-Alfa-Yayınları.pdf,b-Lİbrary_Tr-Gen/Psikoloji,48.87
insan-muhendisligi-Nuvit Osmay.pdf,PDF,ZIP Arşivi İçinde (b-Lİbrary_Tr-Gen-20260601T232943Z-3-003.zip),C:\Users\default.LAPTOP-OBA1HVU9\.antigravity-ide\Books\b-Lİbrary_Tr-Gen-20260601T232943Z-3-003.zip -> b-Lİbrary_Tr-Gen/Kişisel Gelişim/insan-muhendisligi-Nuvit Osmay.pdf,b-Lİbrary_Tr-Gen/Kişisel Gelişim,1.77
Ustalık Gerektiren Kafaya Takmama Sanatı (Mark Manson) (z-lib.org).epub,EPUB,ZIP Arşivi İçinde (b-Lİbrary_Tr-Gen-20260601T232943Z-3-003.zip),C:\Users\default.LAPTOP-OBA1HVU9\.antigravity-ide\Books\b-Lİbrary_Tr-Gen-20260601T232943Z-3-003.zip -> b-Lİbrary_Tr-Gen/Psikoloji/Ustalık Gerektiren Kafaya Takmama Sanatı (Mark Manson) (z-lib.org).epub,b-Lİbrary_Tr-Gen/Psikoloji,60.32
DUSUNCE-GUCUYLE-TEDAVi.pdf,PDF,ZIP Arşivi İçinde (b-Lİbrary_Tr-Gen-20260601T232943Z-3-003.zip),C:\Users\default.LAPTOP-OBA1HVU9\.antigravity-ide\Books\b-Lİbrary_Tr-Gen-20260601T232943Z-3-003.zip -> b-Lİbrary_Tr-Gen/Tıp/DUSUNCE-GUCUYLE-TEDAVi.pdf,b-Lİbrary_Tr-Gen/Tıp,0.29
Başarıya-Goturen-Aile-Doğan-Cuceloğlu.pdf,PDF,ZIP Arşivi İçinde (b-Lİbrary_Tr-Gen-20260601T232943Z-3-003.zip),C:\Users\default.LAPTOP-OBA1HVU9\.antigravity-ide\Books\b-Lİbrary_Tr-Gen-20260601T232943Z-3-003.zip -> b-Lİbrary_Tr-Gen/Aile/Başarıya-Goturen-Aile-Doğan-Cuceloğlu.pdf,b-Lİbrary_Tr-Gen/Aile,4.36
Ouspensky-İnsanın-Gerceği-Kendini-Bilmek-pdf.pdf,PDF,ZIP Arşivi İçinde (b-Lİbrary_Tr-Gen-20260601T232943Z-3-003.zip),C:\Users\default.LAPTOP-OBA1HVU9\.antigravity-ide\Books\b-Lİbrary_Tr-Gen-20260601T232943Z-3-003.zip -> b-Lİbrary_Tr-Gen/Enneagram_PDF/Ouspensky-İnsanın-Gerceği-Kendini-Bilmek-pdf.pdf,b-Lİbrary_Tr-Gen/Enneagram_PDF,11.22
Refleksoloji-Zeynep-Aksel-Wilhelm.pdf,PDF,ZIP Arşivi İçinde (b-Lİbrary_Tr-Gen-20260601T232943Z-3-003.zip),C:\Users\default.LAPTOP-OBA1HVU9\.antigravity-ide\Books\b-Lİbrary_Tr-Gen-20260601T232943Z-3-003.zip -> b-Lİbrary_Tr-Gen/Tıp/Refleksoloji-Zeynep-Aksel-Wilhelm.pdf,b-Lİbrary_Tr-Gen/Tıp,5.49
Nefes.pdf,PDF,ZIP Arşivi İçinde (b-Lİbrary_Tr-Gen-20260601T232943Z-3-003.zip),C:\Users\default.LAPTOP-OBA1HVU9\.antigravity-ide\Books\b-Lİbrary_Tr-Gen-20260601T232943Z-3-003.zip -> b-Lİbrary_Tr-Gen/Tıp/Nefes.pdf,b-Lİbrary_Tr-Gen/Tıp,4.97
Carl-Gustav-Jung-Keşfedilmemiş-Benlik.pdf,PDF,ZIP Arşivi İçinde (b-Lİbrary_Tr-Gen-20260601T232943Z-3-003.zip),C:\Users\default.LAPTOP-OBA1HVU9\.antigravity-ide\Books\b-Lİbrary_Tr-Gen-20260601T232943Z-3-003.zip -> b-Lİbrary_Tr-Gen/Psikoloji/Carl-Gustav-Jung-Keşfedilmemiş-Benlik.pdf,b-Lİbrary_Tr-Gen/Psikoloji,15.55
Evlilik-Psikolojisi-Nevzat-Tarhan.pdf,PDF,ZIP Arşivi İçinde (b-Lİbrary_Tr-Gen-20260601T232943Z-3-003.zip),C:\Users\default.LAPTOP-OBA1HVU9\.antigravity-ide\Books\b-Lİbrary_Tr-Gen-20260601T232943Z-3-003.zip -> b-Lİbrary_Tr-Gen/Aile/Evlilik-Psikolojisi-Nevzat-Tarhan.pdf,b-Lİbrary_Tr-Gen/Aile,30.87
İyileştiren-Bitkiler-Prof-Dr-Erdem-Yeşilada-pdf.pdf,PDF,ZIP Arşivi İçinde (b-Lİbrary_Tr-Gen-20260601T232943Z-3-003.zip),C:\Users\default.LAPTOP-OBA1HVU9\.antigravity-ide\Books\b-Lİbrary_Tr-Gen-20260601T232943Z-3-003.zip -> b-Lİbrary_Tr-Gen/Tıp/İyileştiren-Bitkiler-Prof-Dr-Erdem-Yeşilada-pdf.pdf,b-Lİbrary_Tr-Gen/Tıp,3.46
Hacamat-pdf.pdf,PDF,ZIP Arşivi İçinde (b-Lİbrary_Tr-Gen-20260601T232943Z-3-003.zip),C:\Users\default.LAPTOP-OBA1HVU9\.antigravity-ide\Books\b-Lİbrary_Tr-Gen-20260601T232943Z-3-003.zip -> b-Lİbrary_Tr-Gen/Tıp/Hacamat-pdf.pdf,b-Lİbrary_Tr-Gen/Tıp,8.82
Dıiyojen-Sen-Beni-Asagılayabilirsin-Ama-Ben-Asagılanmam.pdf,PDF,ZIP Arşivi İçinde (b-Lİbrary_Tr-Gen-20260601T232943Z-3-003.zip),C:\Users\default.LAPTOP-OBA1HVU9\.antigravity-ide\Books\b-Lİbrary_Tr-Gen-20260601T232943Z-3-003.zip -> b-Lİbrary_Tr-Gen/Felsefe-Fikriyat/Dıiyojen-Sen-Beni-Asagılayabilirsin-Ama-Ben-Asagılanmam.pdf,b-Lİbrary_Tr-Gen/Felsefe-Fikriyat,2.87
Kendini-İyileştirme-İşi-Nasıl-Yapılır-Nicole-LePera.pdf,PDF,ZIP Arşivi İçinde (b-Lİbrary_Tr-Gen-20260601T232943Z-3-003.zip),C:\Users\default.LAPTOP-OBA1HVU9\.antigravity-ide\Books\b-Lİbrary_Tr-Gen-20260601T232943Z-3-003.zip -> b-Lİbrary_Tr-Gen/Tıp/Kendini-İyileştirme-İşi-Nasıl-Yapılır-Nicole-LePera.pdf,b-Lİbrary_Tr-Gen/Tıp,2.35
Kadim-Cin-Tıbbı-İle-Şifa-Mantak-Chia-Dena-Saxer.pdf,PDF,ZIP Arşivi İçinde (b-Lİbrary_Tr-Gen-20260601T232943Z-3-003.zip),C:\Users\default.LAPTOP-OBA1HVU9\.antigravity-ide\Books\b-Lİbrary_Tr-Gen-20260601T232943Z-3-003.zip -> b-Lİbrary_Tr-Gen/Tıp/Kadim-Cin-Tıbbı-İle-Şifa-Mantak-Chia-Dena-Saxer.pdf,b-Lİbrary_Tr-Gen/Tıp,25.55
Vagus-Sinirinin-Şifa-Gucunu-Keşfetmek-Stanley-Rosenberg.pdf,PDF,ZIP Arşivi İçinde (b-Lİbrary_Tr-Gen-20260601T232943Z-3-003.zip),C:\Users\default.LAPTOP-OBA1HVU9\.antigravity-ide\Books\b-Lİbrary_Tr-Gen-20260601T232943Z-3-003.zip -> b-Lİbrary_Tr-Gen/Tıp/Vagus-Sinirinin-Şifa-Gucunu-Keşfetmek-Stanley-Rosenberg.pdf,b-Lİbrary_Tr-Gen/Tıp,7.41
Bertrand-Russell-Neden-Hristiyan-Değilim.pdf,PDF,ZIP Arşivi İçinde (b-Lİbrary_Tr-Gen-20260601T232943Z-3-003.zip),C:\Users\default.LAPTOP-OBA1HVU9\.antigravity-ide\Books\b-Lİbrary_Tr-Gen-20260601T232943Z-3-003.zip -> b-Lİbrary_Tr-Gen/Felsefe-Fikriyat/Bertrand-Russell-Neden-Hristiyan-Değilim.pdf,b-Lİbrary_Tr-Gen/Felsefe-Fikriyat,5.03
Zihin-Gucuyle-İyileşme-Debbie-Shapiro.pdf,PDF,ZIP Arşivi İçinde (b-Lİbrary_Tr-Gen-20260601T232943Z-3-003.zip),C:\Users\default.LAPTOP-OBA1HVU9\.antigravity-ide\Books\b-Lİbrary_Tr-Gen-20260601T232943Z-3-003.zip -> b-Lİbrary_Tr-Gen/Tıp/Zihin-Gucuyle-İyileşme-Debbie-Shapiro.pdf,b-Lİbrary_Tr-Gen/Tıp,5.92
Refleksoloji-Yogasaka.pdf,PDF,ZIP Arşivi İçinde (b-Lİbrary_Tr-Gen-20260601T232943Z-3-003.zip),C:\Users\default.LAPTOP-OBA1HVU9\.antigravity-ide\Books\b-Lİbrary_Tr-Gen-20260601T232943Z-3-003.zip -> b-Lİbrary_Tr-Gen/Tıp/Refleksoloji-Yogasaka.pdf,b-Lİbrary_Tr-Gen/Tıp,5.49
Albert-Camus-Başkaldıran-İnsan.pdf,PDF,ZIP Arşivi İçinde (b-Lİbrary_Tr-Gen-20260601T232943Z-3-003.zip),C:\Users\default.LAPTOP-OBA1HVU9\.antigravity-ide\Books\b-Lİbrary_Tr-Gen-20260601T232943Z-3-003.zip -> b-Lİbrary_Tr-Gen/Felsefe-Fikriyat/Albert-Camus-Başkaldıran-İnsan.pdf,b-Lİbrary_Tr-Gen/Felsefe-Fikriyat,5.29
Rene-Girard-Kulturun-Kokenleri.pdf,PDF,ZIP Arşivi İçinde (b-Lİbrary_Tr-Gen-20260601T232943Z-3-003.zip),C:\Users\default.LAPTOP-OBA1HVU9\.antigravity-ide\Books\b-Lİbrary_Tr-Gen-20260601T232943Z-3-003.zip -> b-Lİbrary_Tr-Gen/Felsefe-Fikriyat/Rene-Girard-Kulturun-Kokenleri.pdf,b-Lİbrary_Tr-Gen/Felsefe-Fikriyat,4.79
Enneagram-Don-Richard-Riso-Russ-Hudson.pdf,PDF,ZIP Arşivi İçinde (b-Lİbrary_Tr-Gen-20260601T232943Z-3-003.zip),C:\Users\default.LAPTOP-OBA1HVU9\.antigravity-ide\Books\b-Lİbrary_Tr-Gen-20260601T232943Z-3-003.zip -> b-Lİbrary_Tr-Gen/Enneagram_PDF/Enneagram-Don-Richard-Riso-Russ-Hudson.pdf,b-Lİbrary_Tr-Gen/Enneagram_PDF,5.48
Sifali-Bitkiler-PDF.pdf,PDF,ZIP Arşivi İçinde (b-Lİbrary_Tr-Gen-20260601T232943Z-3-003.zip),C:\Users\default.LAPTOP-OBA1HVU9\.antigravity-ide\Books\b-Lİbrary_Tr-Gen-20260601T232943Z-3-003.zip -> b-Lİbrary_Tr-Gen/Tıp/Sifali-Bitkiler-PDF.pdf,b-Lİbrary_Tr-Gen/Tıp,2.72
Erıc-Hoffer-Kesin-İnanclılar.pdf,PDF,ZIP Arşivi İçinde (b-Lİbrary_Tr-Gen-20260601T232943Z-3-003.zip),C:\Users\default.LAPTOP-OBA1HVU9\.antigravity-ide\Books\b-Lİbrary_Tr-Gen-20260601T232943Z-3-003.zip -> b-Lİbrary_Tr-Gen/Felsefe-Fikriyat/Erıc-Hoffer-Kesin-İnanclılar.pdf,b-Lİbrary_Tr-Gen/Felsefe-Fikriyat,0.73
Numeroloji-Sayılarda-Saklı-Yas-amımız.pdf,PDF,ZIP Arşivi İçinde (b-Lİbrary_Tr-Gen-20260601T232943Z-3-003.zip),C:\Users\default.LAPTOP-OBA1HVU9\.antigravity-ide\Books\b-Lİbrary_Tr-Gen-20260601T232943Z-3-003.zip -> b-Lİbrary_Tr-Gen/Matematik/Numeroloji-Sayılarda-Saklı-Yas-amımız.pdf,b-Lİbrary_Tr-Gen/Matematik,2.95
İnsanın Anlam Arayışı-Viktor Emil Frankl.pdf,PDF,ZIP Arşivi İçinde (b-Lİbrary_Tr-Gen-20260601T232943Z-3-003.zip),C:\Users\default.LAPTOP-OBA1HVU9\.antigravity-ide\Books\b-Lİbrary_Tr-Gen-20260601T232943Z-3-003.zip -> b-Lİbrary_Tr-Gen/Felsefe-Fikriyat/İnsanın Anlam Arayışı-Viktor Emil Frankl.pdf,b-Lİbrary_Tr-Gen/Felsefe-Fikriyat,3.22
Martı-Richard-Bach.pdf,PDF,ZIP Arşivi İçinde (b-Lİbrary_Tr-Gen-20260601T232943Z-3-003.zip),C:\Users\default.LAPTOP-OBA1HVU9\.antigravity-ide\Books\b-Lİbrary_Tr-Gen-20260601T232943Z-3-003.zip -> b-Lİbrary_Tr-Gen/Roman_Ybn/Martı-Richard-Bach.pdf,b-Lİbrary_Tr-Gen/Roman_Ybn,1.0
Beyaz-Zambaklar-Ulkesinde-Grigoriy-Petrov.pdf,PDF,ZIP Arşivi İçinde (b-Lİbrary_Tr-Gen-20260601T232943Z-3-003.zip),C:\Users\default.LAPTOP-OBA1HVU9\.antigravity-ide\Books\b-Lİbrary_Tr-Gen-20260601T232943Z-3-003.zip -> b-Lİbrary_Tr-Gen/Roman_Ybn/Beyaz-Zambaklar-Ulkesinde-Grigoriy-Petrov.pdf,b-Lİbrary_Tr-Gen/Roman_Ybn,2.49
Tarihin-Sonu-Ve-Son-Insan-Francis-Fukuyama.pdf,PDF,ZIP Arşivi İçinde (b-Lİbrary_Tr-Gen-20260601T232943Z-3-003.zip),C:\Users\default.LAPTOP-OBA1HVU9\.antigravity-ide\Books\b-Lİbrary_Tr-Gen-20260601T232943Z-3-003.zip -> b-Lİbrary_Tr-Gen/Felsefe-Fikriyat/Tarihin-Sonu-Ve-Son-Insan-Francis-Fukuyama.pdf,b-Lİbrary_Tr-Gen/Felsefe-Fikriyat,8.67
George-Orwell-Hayvan-Ciftligi-Can.pdf,PDF,ZIP Arşivi İçinde (b-Lİbrary_Tr-Gen-20260601T232943Z-3-003.zip),C:\Users\default.LAPTOP-OBA1HVU9\.antigravity-ide\Books\b-Lİbrary_Tr-Gen-20260601T232943Z-3-003.zip -> b-Lİbrary_Tr-Gen/Roman_Ybn/George-Orwell-Hayvan-Ciftligi-Can.pdf,b-Lİbrary_Tr-Gen/Roman_Ybn,0.37
Dostoyevski-Beyaz-Geceler.pdf,PDF,ZIP Arşivi İçinde (b-Lİbrary_Tr-Gen-20260601T232943Z-3-003.zip),C:\Users\default.LAPTOP-OBA1HVU9\.antigravity-ide\Books\b-Lİbrary_Tr-Gen-20260601T232943Z-3-003.zip -> b-Lİbrary_Tr-Gen/Roman_Ybn/Dostoyevski-Beyaz-Geceler.pdf,b-Lİbrary_Tr-Gen/Roman_Ybn,0.8
Burokrasi-Ludwig-von-Mises.pdf,PDF,ZIP Arşivi İçinde (b-Lİbrary_Tr-Gen-20260601T232943Z-3-003.zip),C:\Users\default.LAPTOP-OBA1HVU9\.antigravity-ide\Books\b-Lİbrary_Tr-Gen-20260601T232943Z-3-003.zip -> b-Lİbrary_Tr-Gen/Felsefe-Fikriyat/Burokrasi-Ludwig-von-Mises.pdf,b-Lİbrary_Tr-Gen/Felsefe-Fikriyat,1.37
Dr Aidin Salih-Gerçek Tıp Yitik Şifanın İzinde-.pdf,PDF,ZIP Arşivi İçinde (b-Lİbrary_Tr-Gen-20260601T232943Z-3-003.zip),C:\Users\default.LAPTOP-OBA1HVU9\.antigravity-ide\Books\b-Lİbrary_Tr-Gen-20260601T232943Z-3-003.zip -> b-Lİbrary_Tr-Gen/Tıp/Dr Aidin Salih-Gerçek Tıp Yitik Şifanın İzinde-.pdf,b-Lİbrary_Tr-Gen/Tıp,6.01
Şeker Portakalı-Jose-Mauro-de-Vasconcelos.pdf,PDF,ZIP Arşivi İçinde (b-Lİbrary_Tr-Gen-20260601T232943Z-3-003.zip),C:\Users\default.LAPTOP-OBA1HVU9\.antigravity-ide\Books\b-Lİbrary_Tr-Gen-20260601T232943Z-3-003.zip -> b-Lİbrary_Tr-Gen/Roman_Ybn/Şeker Portakalı-Jose-Mauro-de-Vasconcelos.pdf,b-Lİbrary_Tr-Gen/Roman_Ybn,1.59
Richard-Sennett-Yeni-Kapitalizmin-Kulturu.pdf,PDF,ZIP Arşivi İçinde (b-Lİbrary_Tr-Gen-20260601T232943Z-3-003.zip),C:\Users\default.LAPTOP-OBA1HVU9\.antigravity-ide\Books\b-Lİbrary_Tr-Gen-20260601T232943Z-3-003.zip -> b-Lİbrary_Tr-Gen/Felsefe-Fikriyat/Richard-Sennett-Yeni-Kapitalizmin-Kulturu.pdf,b-Lİbrary_Tr-Gen/Felsefe-Fikriyat,3.6
Jean-Paul-Sartre-Varlık-ve-Hiclik-pdf.pdf,PDF,ZIP Arşivi İçinde (b-Lİbrary_Tr-Gen-20260601T232943Z-3-003.zip),C:\Users\default.LAPTOP-OBA1HVU9\.antigravity-ide\Books\b-Lİbrary_Tr-Gen-20260601T232943Z-3-003.zip -> b-Lİbrary_Tr-Gen/Felsefe-Fikriyat/Jean-Paul-Sartre-Varlık-ve-Hiclik-pdf.pdf,b-Lİbrary_Tr-Gen/Felsefe-Fikriyat,22.76
Kendileriyle-Savaşanlar-Stefan-Zweig.pdf,PDF,ZIP Arşivi İçinde (b-Lİbrary_Tr-Gen-20260601T232943Z-3-003.zip),C:\Users\default.LAPTOP-OBA1HVU9\.antigravity-ide\Books\b-Lİbrary_Tr-Gen-20260601T232943Z-3-003.zip -> b-Lİbrary_Tr-Gen/Felsefe-Fikriyat/Kendileriyle-Savaşanlar-Stefan-Zweig.pdf,b-Lİbrary_Tr-Gen/Felsefe-Fikriyat,5.44
John-Steinbeck-Fareler-Ve-İnsanlar.pdf,PDF,ZIP Arşivi İçinde (b-Lİbrary_Tr-Gen-20260601T232943Z-3-003.zip),C:\Users\default.LAPTOP-OBA1HVU9\.antigravity-ide\Books\b-Lİbrary_Tr-Gen-20260601T232943Z-3-003.zip -> b-Lİbrary_Tr-Gen/Roman_Ybn/John-Steinbeck-Fareler-Ve-İnsanlar.pdf,b-Lİbrary_Tr-Gen/Roman_Ybn,1.69
Zihin Gücüyle İyileşme (Debbie Shapiro) (z-lib.org).epub,EPUB,ZIP Arşivi İçinde (b-Lİbrary_Tr-Gen-20260601T232943Z-3-003.zip),C:\Users\default.LAPTOP-OBA1HVU9\.antigravity-ide\Books\b-Lİbrary_Tr-Gen-20260601T232943Z-3-003.zip -> b-Lİbrary_Tr-Gen/Tıp/Zihin Gücüyle İyileşme (Debbie Shapiro) (z-lib.org).epub,b-Lİbrary_Tr-Gen/Tıp,1.5
Charles Dickens-İki Şehrin Hikayesi.epub,EPUB,ZIP Arşivi İçinde (b-Lİbrary_Tr-Gen-20260601T232943Z-3-003.zip),C:\Users\default.LAPTOP-OBA1HVU9\.antigravity-ide\Books\b-Lİbrary_Tr-Gen-20260601T232943Z-3-003.zip -> b-Lİbrary_Tr-Gen/Roman_Ybn/Charles Dickens-İki Şehrin Hikayesi.epub,b-Lİbrary_Tr-Gen/Roman_Ybn,0.47
George Orwell-1984.epub,EPUB,ZIP Arşivi İçinde (b-Lİbrary_Tr-Gen-20260601T232943Z-3-003.zip),C:\Users\default.LAPTOP-OBA1HVU9\.antigravity-ide\Books\b-Lİbrary_Tr-Gen-20260601T232943Z-3-003.zip -> b-Lİbrary_Tr-Gen/Roman_Ybn/George Orwell-1984.epub,b-Lİbrary_Tr-Gen/Roman_Ybn,0.22
Sefiller-Bordo-Siyah-Victor-Hugo.pdf,PDF,ZIP Arşivi İçinde (b-Lİbrary_Tr-Gen-20260601T232943Z-3-003.zip),C:\Users\default.LAPTOP-OBA1HVU9\.antigravity-ide\Books\b-Lİbrary_Tr-Gen-20260601T232943Z-3-003.zip -> b-Lİbrary_Tr-Gen/Roman_Ybn/Sefiller-Bordo-Siyah-Victor-Hugo.pdf,b-Lİbrary_Tr-Gen/Roman_Ybn,1.34
George-Orwell-1984-Can.pdf,PDF,ZIP Arşivi İçinde (b-Lİbrary_Tr-Gen-20260601T232943Z-3-003.zip),C:\Users\default.LAPTOP-OBA1HVU9\.antigravity-ide\Books\b-Lİbrary_Tr-Gen-20260601T232943Z-3-003.zip -> b-Lİbrary_Tr-Gen/Roman_Ybn/George-Orwell-1984-Can.pdf,b-Lİbrary_Tr-Gen/Roman_Ybn,7.2
Cengiz-Aytmatov-Gün Olur Asra Bedel.pdf,PDF,ZIP Arşivi İçinde (b-Lİbrary_Tr-Gen-20260601T232943Z-3-003.zip),C:\Users\default.LAPTOP-OBA1HVU9\.antigravity-ide\Books\b-Lİbrary_Tr-Gen-20260601T232943Z-3-003.zip -> b-Lİbrary_Tr-Gen/Roman_Ybn/Cengiz-Aytmatov-Gün Olur Asra Bedel.pdf,b-Lİbrary_Tr-Gen/Roman_Ybn,1.66
Dost-Kazanmak-ve-insanlar-Uzerinde-Tesir-Yapmak-Dale-Carnegie.pdf,PDF,ZIP Arşivi İçinde (b-Lİbrary_Tr-Gen-20260601T232943Z-3-003.zip),C:\Users\default.LAPTOP-OBA1HVU9\.antigravity-ide\Books\b-Lİbrary_Tr-Gen-20260601T232943Z-3-003.zip -> b-Lİbrary_Tr-Gen/İletişim ve catisma/Dost-Kazanmak-ve-insanlar-Uzerinde-Tesir-Yapmak-Dale-Carnegie.pdf,b-Lİbrary_Tr-Gen/İletişim ve catisma,8.96
Curumenin-Kitabı-E-M-Cioran.pdf,PDF,ZIP Arşivi İçinde (b-Lİbrary_Tr-Gen-20260601T232943Z-3-003.zip),C:\Users\default.LAPTOP-OBA1HVU9\.antigravity-ide\Books\b-Lİbrary_Tr-Gen-20260601T232943Z-3-003.zip -> b-Lİbrary_Tr-Gen/Felsefe-Fikriyat/Curumenin-Kitabı-E-M-Cioran.pdf,b-Lİbrary_Tr-Gen/Felsefe-Fikriyat,5.79
Avrupada Aydınlanma (Ulrich Im Hof) (z-lib.org).pdf,PDF,ZIP Arşivi İçinde (b-Lİbrary_Tr-Gen-20260601T232943Z-3-003.zip),C:\Users\default.LAPTOP-OBA1HVU9\.antigravity-ide\Books\b-Lİbrary_Tr-Gen-20260601T232943Z-3-003.zip -> b-Lİbrary_Tr-Gen/Felsefe-Fikriyat/Avrupada Aydınlanma (Ulrich Im Hof) (z-lib.org).pdf,b-Lİbrary_Tr-Gen/Felsefe-Fikriyat,2.65
Akıllı-Borsacı.pdf,PDF,ZIP Arşivi İçinde (b-Lİbrary_Tr-Gen-20260601T232943Z-3-003.zip),C:\Users\default.LAPTOP-OBA1HVU9\.antigravity-ide\Books\b-Lİbrary_Tr-Gen-20260601T232943Z-3-003.zip -> b-Lİbrary_Tr-Gen/Para-Finans/Borsa/Akıllı-Borsacı.pdf,b-Lİbrary_Tr-Gen/Para-Finans/Borsa,1.56
Beyin-gucu.pdf,PDF,ZIP Arşivi İçinde (b-Lİbrary_Tr-Gen-20260601T232943Z-3-003.zip),C:\Users\default.LAPTOP-OBA1HVU9\.antigravity-ide\Books\b-Lİbrary_Tr-Gen-20260601T232943Z-3-003.zip -> b-Lİbrary_Tr-Gen/Beyin ve Hafıza/Beyin/Beyin-gucu.pdf,b-Lİbrary_Tr-Gen/Beyin ve Hafıza/Beyin,1.46
Toynbee-Tarih-Bilinci.pdf,PDF,ZIP Arşivi İçinde (b-Lİbrary_Tr-Gen-20260601T232943Z-3-003.zip),C:\Users\default.LAPTOP-OBA1HVU9\.antigravity-ide\Books\b-Lİbrary_Tr-Gen-20260601T232943Z-3-003.zip -> b-Lİbrary_Tr-Gen/Felsefe-Fikriyat/Toynbee-Tarih-Bilinci.pdf,b-Lİbrary_Tr-Gen/Felsefe-Fikriyat,32.84
Ibni Sina-Beslenme.pdf,PDF,ZIP Arşivi İçinde (b-Lİbrary_Tr-Gen-20260601T232943Z-3-003.zip),C:\Users\default.LAPTOP-OBA1HVU9\.antigravity-ide\Books\b-Lİbrary_Tr-Gen-20260601T232943Z-3-003.zip -> b-Lİbrary_Tr-Gen/Tıp/Ibni Sina-Beslenme.pdf,b-Lİbrary_Tr-Gen/Tıp,31.33
Savaş ve Barış-Tolstoy.epub,EPUB,ZIP Arşivi İçinde (b-Lİbrary_Tr-Gen-20260601T232943Z-3-003.zip),C:\Users\default.LAPTOP-OBA1HVU9\.antigravity-ide\Books\b-Lİbrary_Tr-Gen-20260601T232943Z-3-003.zip -> b-Lİbrary_Tr-Gen/Roman_Ybn/Savaş ve Barış-Tolstoy.epub,b-Lİbrary_Tr-Gen/Roman_Ybn,1.77
Borsada-Tek-Başına-Peter-Lynch.pdf,PDF,ZIP Arşivi İçinde (b-Lİbrary_Tr-Gen-20260601T232943Z-3-003.zip),C:\Users\default.LAPTOP-OBA1HVU9\.antigravity-ide\Books\b-Lİbrary_Tr-Gen-20260601T232943Z-3-003.zip -> b-Lİbrary_Tr-Gen/Para-Finans/Borsa/Borsada-Tek-Başına-Peter-Lynch.pdf,b-Lİbrary_Tr-Gen/Para-Finans/Borsa,4.53
Icindeki-Devi-Uyandır-Tony-Robbins.pdf,PDF,ZIP Arşivi İçinde (b-Lİbrary_Tr-Gen-20260601T232943Z-3-003.zip),C:\Users\default.LAPTOP-OBA1HVU9\.antigravity-ide\Books\b-Lİbrary_Tr-Gen-20260601T232943Z-3-003.zip -> b-Lİbrary_Tr-Gen/Kişisel Gelişim/Motivasyon/Icindeki-Devi-Uyandır-Tony-Robbins.pdf,b-Lİbrary_Tr-Gen/Kişisel Gelişim/Motivasyon,0.26
Rene-Girard-Şiddet-ve-Kutsal.pdf,PDF,ZIP Arşivi İçinde (b-Lİbrary_Tr-Gen-20260601T232943Z-3-003.zip),C:\Users\default.LAPTOP-OBA1HVU9\.antigravity-ide\Books\b-Lİbrary_Tr-Gen-20260601T232943Z-3-003.zip -> b-Lİbrary_Tr-Gen/Felsefe-Fikriyat/Rene-Girard-Şiddet-ve-Kutsal.pdf,b-Lİbrary_Tr-Gen/Felsefe-Fikriyat,3.35
George-Orwell-1984-isbankasi.pdf,PDF,ZIP Arşivi İçinde (b-Lİbrary_Tr-Gen-20260601T232943Z-3-003.zip),C:\Users\default.LAPTOP-OBA1HVU9\.antigravity-ide\Books\b-Lİbrary_Tr-Gen-20260601T232943Z-3-003.zip -> b-Lİbrary_Tr-Gen/Roman_Ybn/George-Orwell-1984-isbankasi.pdf,b-Lİbrary_Tr-Gen/Roman_Ybn,2.94
Buyuk Dusunmenin Buyusu.pdf,PDF,ZIP Arşivi İçinde (b-Lİbrary_Tr-Gen-20260601T232943Z-3-003.zip),C:\Users\default.LAPTOP-OBA1HVU9\.antigravity-ide\Books\b-Lİbrary_Tr-Gen-20260601T232943Z-3-003.zip -> b-Lİbrary_Tr-Gen/Kişisel Gelişim/Motivasyon/Buyuk Dusunmenin Buyusu.pdf,b-Lİbrary_Tr-Gen/Kişisel Gelişim/Motivasyon,2.25
Borsa Okulu.pdf,PDF,ZIP Arşivi İçinde (b-Lİbrary_Tr-Gen-20260601T232943Z-3-003.zip),C:\Users\default.LAPTOP-OBA1HVU9\.antigravity-ide\Books\b-Lİbrary_Tr-Gen-20260601T232943Z-3-003.zip -> b-Lİbrary_Tr-Gen/Para-Finans/Borsa/Borsa Okulu.pdf,b-Lİbrary_Tr-Gen/Para-Finans/Borsa,7.89
Monte-Kristo-Kontu1-Alexandre-Dumas.pdf,PDF,ZIP Arşivi İçinde (b-Lİbrary_Tr-Gen-20260601T232943Z-3-003.zip),C:\Users\default.LAPTOP-OBA1HVU9\.antigravity-ide\Books\b-Lİbrary_Tr-Gen-20260601T232943Z-3-003.zip -> b-Lİbrary_Tr-Gen/Roman_Ybn/Monte-Kristo-Kontu1-Alexandre-Dumas.pdf,b-Lİbrary_Tr-Gen/Roman_Ybn,5.07
Erich-Fromm-İtaatsizlik-Uzerine.pdf,PDF,ZIP Arşivi İçinde (b-Lİbrary_Tr-Gen-20260601T232943Z-3-003.zip),C:\Users\default.LAPTOP-OBA1HVU9\.antigravity-ide\Books\b-Lİbrary_Tr-Gen-20260601T232943Z-3-003.zip -> b-Lİbrary_Tr-Gen/Psikoloji/Erich-Fromm/Erich-Fromm-İtaatsizlik-Uzerine.pdf,b-Lİbrary_Tr-Gen/Psikoloji/Erich-Fromm,0.91
Basit-Duşun-Owain-Service-Rory-Gallagher (1).pdf,PDF,ZIP Arşivi İçinde (b-Lİbrary_Tr-Gen-20260601T232943Z-3-003.zip),C:\Users\default.LAPTOP-OBA1HVU9\.antigravity-ide\Books\b-Lİbrary_Tr-Gen-20260601T232943Z-3-003.zip -> b-Lİbrary_Tr-Gen/Kişisel Gelişim/Motivasyon/Basit-Duşun-Owain-Service-Rory-Gallagher (1).pdf,b-Lİbrary_Tr-Gen/Kişisel Gelişim/Motivasyon,2.79
Aptal-Beyin-Dean-Burnett.pdf,PDF,ZIP Arşivi İçinde (b-Lİbrary_Tr-Gen-20260601T232943Z-3-003.zip),C:\Users\default.LAPTOP-OBA1HVU9\.antigravity-ide\Books\b-Lİbrary_Tr-Gen-20260601T232943Z-3-003.zip -> b-Lİbrary_Tr-Gen/Beyin ve Hafıza/Beyin/Aptal-Beyin-Dean-Burnett.pdf,b-Lİbrary_Tr-Gen/Beyin ve Hafıza/Beyin,1.59
Beyin-ve-Zihin-Jeffrey-M-Schwartz-Sharon-Begley.pdf,PDF,ZIP Arşivi İçinde (b-Lİbrary_Tr-Gen-20260601T232943Z-3-003.zip),C:\Users\default.LAPTOP-OBA1HVU9\.antigravity-ide\Books\b-Lİbrary_Tr-Gen-20260601T232943Z-3-003.zip -> b-Lİbrary_Tr-Gen/Beyin ve Hafıza/Beyin/Beyin-ve-Zihin-Jeffrey-M-Schwartz-Sharon-Begley.pdf,b-Lİbrary_Tr-Gen/Beyin ve Hafıza/Beyin,3.52
Üxüntüyü Bırak Yaşamaya Bak-Dale Carnegie.pdf,PDF,ZIP Arşivi İçinde (b-Lİbrary_Tr-Gen-20260601T232943Z-3-003.zip),C:\Users\default.LAPTOP-OBA1HVU9\.antigravity-ide\Books\b-Lİbrary_Tr-Gen-20260601T232943Z-3-003.zip -> b-Lİbrary_Tr-Gen/Kişisel Gelişim/Motivasyon/Üxüntüyü Bırak Yaşamaya Bak-Dale Carnegie.pdf,b-Lİbrary_Tr-Gen/Kişisel Gelişim/Motivasyon,1.77
Erich-Fromm-Dinleme-Sanatı-Say.pdf,PDF,ZIP Arşivi İçinde (b-Lİbrary_Tr-Gen-20260601T232943Z-3-003.zip),C:\Users\default.LAPTOP-OBA1HVU9\.antigravity-ide\Books\b-Lİbrary_Tr-Gen-20260601T232943Z-3-003.zip -> b-Lİbrary_Tr-Gen/Psikoloji/Erich-Fromm/Erich-Fromm-Dinleme-Sanatı-Say.pdf,b-Lİbrary_Tr-Gen/Psikoloji/Erich-Fromm,2.81
Beyin Bagırsak Baglantısı-Emeran-Mayer.pdf,PDF,ZIP Arşivi İçinde (b-Lİbrary_Tr-Gen-20260601T232943Z-3-003.zip),C:\Users\default.LAPTOP-OBA1HVU9\.antigravity-ide\Books\b-Lİbrary_Tr-Gen-20260601T232943Z-3-003.zip -> b-Lİbrary_Tr-Gen/Beyin ve Hafıza/Beyin/Beyin Bagırsak Baglantısı-Emeran-Mayer.pdf,b-Lİbrary_Tr-Gen/Beyin ve Hafıza/Beyin,4.71
Erich-Fromm-Sevme Sanati.pdf,PDF,ZIP Arşivi İçinde (b-Lİbrary_Tr-Gen-20260601T232943Z-3-003.zip),C:\Users\default.LAPTOP-OBA1HVU9\.antigravity-ide\Books\b-Lİbrary_Tr-Gen-20260601T232943Z-3-003.zip -> b-Lİbrary_Tr-Gen/Psikoloji/Erich-Fromm/Erich-Fromm-Sevme Sanati.pdf,b-Lİbrary_Tr-Gen/Psikoloji/Erich-Fromm,3.45
Erich-Fromm-Ozgurlukten-Kacış.pdf,PDF,ZIP Arşivi İçinde (b-Lİbrary_Tr-Gen-20260601T232943Z-3-003.zip),C:\Users\default.LAPTOP-OBA1HVU9\.antigravity-ide\Books\b-Lİbrary_Tr-Gen-20260601T232943Z-3-003.zip -> b-Lİbrary_Tr-Gen/Psikoloji/Erich-Fromm/Erich-Fromm-Ozgurlukten-Kacış.pdf,b-Lİbrary_Tr-Gen/Psikoloji/Erich-Fromm,8.82
Erich-Fromm-Olma-Sanatı.pdf,PDF,ZIP Arşivi İçinde (b-Lİbrary_Tr-Gen-20260601T232943Z-3-003.zip),C:\Users\default.LAPTOP-OBA1HVU9\.antigravity-ide\Books\b-Lİbrary_Tr-Gen-20260601T232943Z-3-003.zip -> b-Lİbrary_Tr-Gen/Psikoloji/Erich-Fromm/Erich-Fromm-Olma-Sanatı.pdf,b-Lİbrary_Tr-Gen/Psikoloji/Erich-Fromm,1.27
Sofinin-Dunyası-Jostein-Gaarder.pdf,PDF,ZIP Arşivi İçinde (b-Lİbrary_Tr-Gen-20260601T232943Z-3-003.zip),C:\Users\default.LAPTOP-OBA1HVU9\.antigravity-ide\Books\b-Lİbrary_Tr-Gen-20260601T232943Z-3-003.zip -> b-Lİbrary_Tr-Gen/Felsefe-Fikriyat/Sofinin-Dunyası-Jostein-Gaarder.pdf,b-Lİbrary_Tr-Gen/Felsefe-Fikriyat,2.03
Zafer Sızlanarak Kazanılmaz (Haluk Tatar) (z-lib.org).pdf,PDF,ZIP Arşivi İçinde (b-Lİbrary_Tr-Gen-20260601T232943Z-3-003.zip),C:\Users\default.LAPTOP-OBA1HVU9\.antigravity-ide\Books\b-Lİbrary_Tr-Gen-20260601T232943Z-3-003.zip -> b-Lİbrary_Tr-Gen/Kişisel Gelişim/Motivasyon/Zafer Sızlanarak Kazanılmaz (Haluk Tatar) (z-lib.org).pdf,b-Lİbrary_Tr-Gen/Kişisel Gelişim/Motivasyon,1.44
Purdikkat-Indistractable-Nir-Eyal.pdf,PDF,ZIP Arşivi İçinde (b-Lİbrary_Tr-Gen-20260601T232943Z-3-003.zip),C:\Users\default.LAPTOP-OBA1HVU9\.antigravity-ide\Books\b-Lİbrary_Tr-Gen-20260601T232943Z-3-003.zip -> b-Lİbrary_Tr-Gen/Kişisel Gelişim/Konsantrasyon/Purdikkat-Indistractable-Nir-Eyal.pdf,b-Lİbrary_Tr-Gen/Kişisel Gelişim/Konsantrasyon,4.11
Odak-Daniel-Goleman.pdf,PDF,ZIP Arşivi İçinde (b-Lİbrary_Tr-Gen-20260601T232943Z-3-003.zip),C:\Users\default.LAPTOP-OBA1HVU9\.antigravity-ide\Books\b-Lİbrary_Tr-Gen-20260601T232943Z-3-003.zip -> b-Lİbrary_Tr-Gen/Kişisel Gelişim/Konsantrasyon/Odak-Daniel-Goleman.pdf,b-Lİbrary_Tr-Gen/Kişisel Gelişim/Konsantrasyon,1.56
Ne-İcin-Yaşıyoruz-Alfred-Adler.pdf,PDF,ZIP Arşivi İçinde (b-Lİbrary_Tr-Gen-20260601T232943Z-3-003.zip),C:\Users\default.LAPTOP-OBA1HVU9\.antigravity-ide\Books\b-Lİbrary_Tr-Gen-20260601T232943Z-3-003.zip -> b-Lİbrary_Tr-Gen/Psikoloji/Alfred-Adler/Ne-İcin-Yaşıyoruz-Alfred-Adler.pdf,b-Lİbrary_Tr-Gen/Psikoloji/Alfred-Adler,9.63
Calınan-Dikkat-Johann-Hari.pdf,PDF,ZIP Arşivi İçinde (b-Lİbrary_Tr-Gen-20260601T232943Z-3-003.zip),C:\Users\default.LAPTOP-OBA1HVU9\.antigravity-ide\Books\b-Lİbrary_Tr-Gen-20260601T232943Z-3-003.zip -> b-Lİbrary_Tr-Gen/Kişisel Gelişim/Konsantrasyon/Calınan-Dikkat-Johann-Hari.pdf,b-Lİbrary_Tr-Gen/Kişisel Gelişim/Konsantrasyon,11.11
Sınırsız-guc-Anthony-Robbins-.pdf,PDF,ZIP Arşivi İçinde (b-Lİbrary_Tr-Gen-20260601T232943Z-3-003.zip),C:\Users\default.LAPTOP-OBA1HVU9\.antigravity-ide\Books\b-Lİbrary_Tr-Gen-20260601T232943Z-3-003.zip -> b-Lİbrary_Tr-Gen/Kişisel Gelişim/Motivasyon/Sınırsız-guc-Anthony-Robbins-.pdf,b-Lİbrary_Tr-Gen/Kişisel Gelişim/Motivasyon,3.06
John-Steinbeck-Gazap-Uzumleri-Sel-pdf.pdf,PDF,ZIP Arşivi İçinde (b-Lİbrary_Tr-Gen-20260601T232943Z-3-003.zip),C:\Users\default.LAPTOP-OBA1HVU9\.antigravity-ide\Books\b-Lİbrary_Tr-Gen-20260601T232943Z-3-003.zip -> b-Lİbrary_Tr-Gen/Roman_Ybn/John-Steinbeck-Gazap-Uzumleri-Sel-pdf.pdf,b-Lİbrary_Tr-Gen/Roman_Ybn,5.66
Mutlu-Beyin-Loretta-Graziano-Breuning.pdf,PDF,ZIP Arşivi İçinde (b-Lİbrary_Tr-Gen-20260601T232943Z-3-003.zip),C:\Users\default.LAPTOP-OBA1HVU9\.antigravity-ide\Books\b-Lİbrary_Tr-Gen-20260601T232943Z-3-003.zip -> b-Lİbrary_Tr-Gen/Beyin ve Hafıza/Beyin/Mutlu-Beyin-Loretta-Graziano-Breuning.pdf,b-Lİbrary_Tr-Gen/Beyin ve Hafıza/Beyin,2.75
Şimdinin-Gucu-Uygulama-Kitabı-Eckhart-Tolle.pdf,PDF,ZIP Arşivi İçinde (b-Lİbrary_Tr-Gen-20260601T232943Z-3-003.zip),C:\Users\default.LAPTOP-OBA1HVU9\.antigravity-ide\Books\b-Lİbrary_Tr-Gen-20260601T232943Z-3-003.zip -> b-Lİbrary_Tr-Gen/Kişisel Gelişim/Erteleme/Şimdinin-Gucu-Uygulama-Kitabı-Eckhart-Tolle.pdf,b-Lİbrary_Tr-Gen/Kişisel Gelişim/Erteleme,2.86
Gabor Mate - Dağınık Zihinler.pdf,PDF,ZIP Arşivi İçinde (b-Lİbrary_Tr-Gen-20260601T232943Z-3-003.zip),C:\Users\default.LAPTOP-OBA1HVU9\.antigravity-ide\Books\b-Lİbrary_Tr-Gen-20260601T232943Z-3-003.zip -> b-Lİbrary_Tr-Gen/Kişisel Gelişim/Konsantrasyon/Gabor Mate - Dağınık Zihinler.pdf,b-Lİbrary_Tr-Gen/Kişisel Gelişim/Konsantrasyon,2.15
Umberto Eco-Gulun-Adı.pdf,PDF,ZIP Arşivi İçinde (b-Lİbrary_Tr-Gen-20260601T232943Z-3-003.zip),C:\Users\default.LAPTOP-OBA1HVU9\.antigravity-ide\Books\b-Lİbrary_Tr-Gen-20260601T232943Z-3-003.zip -> b-Lİbrary_Tr-Gen/Felsefe-Fikriyat/Umberto Eco/Umberto Eco-Gulun-Adı.pdf,b-Lİbrary_Tr-Gen/Felsefe-Fikriyat/Umberto Eco,2.51
Niyet-Etmenin-Gucu-Wayne-W-Dyer.pdf,PDF,ZIP Arşivi İçinde (b-Lİbrary_Tr-Gen-20260601T232943Z-3-003.zip),C:\Users\default.LAPTOP-OBA1HVU9\.antigravity-ide\Books\b-Lİbrary_Tr-Gen-20260601T232943Z-3-003.zip -> b-Lİbrary_Tr-Gen/Kişisel Gelişim/Motivasyon/Niyet-Etmenin-Gucu-Wayne-W-Dyer.pdf,b-Lİbrary_Tr-Gen/Kişisel Gelişim/Motivasyon,6.5
Umberto Eco-Tez-Nasıl-Yazılır.pdf,PDF,ZIP Arşivi İçinde (b-Lİbrary_Tr-Gen-20260601T232943Z-3-003.zip),C:\Users\default.LAPTOP-OBA1HVU9\.antigravity-ide\Books\b-Lİbrary_Tr-Gen-20260601T232943Z-3-003.zip -> b-Lİbrary_Tr-Gen/Felsefe-Fikriyat/Umberto Eco/Umberto Eco-Tez-Nasıl-Yazılır.pdf,b-Lİbrary_Tr-Gen/Felsefe-Fikriyat/Umberto Eco,3.62
5-Gun-5-Saniye-Kuralı.pdf,PDF,ZIP Arşivi İçinde (b-Lİbrary_Tr-Gen-20260601T232943Z-3-003.zip),C:\Users\default.LAPTOP-OBA1HVU9\.antigravity-ide\Books\b-Lİbrary_Tr-Gen-20260601T232943Z-3-003.zip -> b-Lİbrary_Tr-Gen/Kişisel Gelişim/Erteleme/5-Gun-5-Saniye-Kuralı.pdf,b-Lİbrary_Tr-Gen/Kişisel Gelişim/Erteleme,5.8
Etsy-Rehberi-Sıfırdan-Profesyonelliğe-Giden-Yol-3-1.pdf,PDF,ZIP Arşivi İçinde (b-Lİbrary_Tr-Gen-20260601T232943Z-3-003.zip),C:\Users\default.LAPTOP-OBA1HVU9\.antigravity-ide\Books\b-Lİbrary_Tr-Gen-20260601T232943Z-3-003.zip -> b-Lİbrary_Tr-Gen/Reklam-Pazarlama-Satis/Etsy/Etsy-Rehberi-Sıfırdan-Profesyonelliğe-Giden-Yol-3-1.pdf,b-Lİbrary_Tr-Gen/Reklam-Pazarlama-Satis/Etsy,6.12
Etsy-kurallari.pdf,PDF,ZIP Arşivi İçinde (b-Lİbrary_Tr-Gen-20260601T232943Z-3-003.zip),C:\Users\default.LAPTOP-OBA1HVU9\.antigravity-ide\Books\b-Lİbrary_Tr-Gen-20260601T232943Z-3-003.zip -> b-Lİbrary_Tr-Gen/Reklam-Pazarlama-Satis/Etsy/Etsy-kurallari.pdf,b-Lİbrary_Tr-Gen/Reklam-Pazarlama-Satis/Etsy,1.55
Etsy-Rehberi-Sıfırdan-Profesyonelliğe-Giden-Yol-3-1 (1).pdf,PDF,ZIP Arşivi İçinde (b-Lİbrary_Tr-Gen-20260601T232943Z-3-003.zip),C:\Users\default.LAPTOP-OBA1HVU9\.antigravity-ide\Books\b-Lİbrary_Tr-Gen-20260601T232943Z-3-003.zip -> b-Lİbrary_Tr-Gen/Reklam-Pazarlama-Satis/Etsy/Etsy-Rehberi-Sıfırdan-Profesyonelliğe-Giden-Yol-3-1 (1).pdf,b-Lİbrary_Tr-Gen/Reklam-Pazarlama-Satis/Etsy,6.12
Erteleme-Sanatı-John-Perry.pdf,PDF,ZIP Arşivi İçinde (b-Lİbrary_Tr-Gen-20260601T232943Z-3-003.zip),C:\Users\default.LAPTOP-OBA1HVU9\.antigravity-ide\Books\b-Lİbrary_Tr-Gen-20260601T232943Z-3-003.zip -> b-Lİbrary_Tr-Gen/Kişisel Gelişim/Erteleme/Erteleme-Sanatı-John-Perry.pdf,b-Lİbrary_Tr-Gen/Kişisel Gelişim/Erteleme,2.61
Erteleme-Steve-Chandler.pdf,PDF,ZIP Arşivi İçinde (b-Lİbrary_Tr-Gen-20260601T232943Z-3-003.zip),C:\Users\default.LAPTOP-OBA1HVU9\.antigravity-ide\Books\b-Lİbrary_Tr-Gen-20260601T232943Z-3-003.zip -> b-Lİbrary_Tr-Gen/Kişisel Gelişim/Erteleme/Erteleme-Steve-Chandler.pdf,b-Lİbrary_Tr-Gen/Kişisel Gelişim/Erteleme,6.97
Einstein-Fikirler-ve-Tercihler.pdf,PDF,ZIP Arşivi İçinde (b-Lİbrary_Tr-Gen-20260601T232943Z-3-003.zip),C:\Users\default.LAPTOP-OBA1HVU9\.antigravity-ide\Books\b-Lİbrary_Tr-Gen-20260601T232943Z-3-003.zip -> b-Lİbrary_Tr-Gen/Felsefe-Fikriyat/Einstein-Fikirler-ve-Tercihler.pdf,b-Lİbrary_Tr-Gen/Felsefe-Fikriyat,7.33
Hafızana-Hukmet-Tony-Buzan.pdf,PDF,ZIP Arşivi İçinde (b-Lİbrary_Tr-Gen-20260601T232943Z-3-003.zip),C:\Users\default.LAPTOP-OBA1HVU9\.antigravity-ide\Books\b-Lİbrary_Tr-Gen-20260601T232943Z-3-003.zip -> b-Lİbrary_Tr-Gen/Beyin ve Hafıza/Hafiza/Hafızana-Hukmet-Tony-Buzan.pdf,b-Lİbrary_Tr-Gen/Beyin ve Hafıza/Hafiza,4.04
Umberto Eco-Felsefe Tarihi-2 Antik Yunan.pdf,PDF,ZIP Arşivi İçinde (b-Lİbrary_Tr-Gen-20260601T232943Z-3-003.zip),C:\Users\default.LAPTOP-OBA1HVU9\.antigravity-ide\Books\b-Lİbrary_Tr-Gen-20260601T232943Z-3-003.zip -> b-Lİbrary_Tr-Gen/Felsefe-Fikriyat/Umberto Eco/Umberto Eco-Felsefe Tarihi-2 Antik Yunan.pdf,b-Lİbrary_Tr-Gen/Felsefe-Fikriyat/Umberto Eco,18.98
Bilincaltinin-Gucu-Joseph-Murphy-PDF.pdf,PDF,ZIP Arşivi İçinde (b-Lİbrary_Tr-Gen-20260601T232943Z-3-003.zip),C:\Users\default.LAPTOP-OBA1HVU9\.antigravity-ide\Books\b-Lİbrary_Tr-Gen-20260601T232943Z-3-003.zip -> b-Lİbrary_Tr-Gen/Beyin ve Hafıza/Bilincalti/Bilincaltinin-Gucu-Joseph-Murphy-PDF.pdf,b-Lİbrary_Tr-Gen/Beyin ve Hafıza/Bilincalti,1.46
Umberto Eco-Felsefe Tarihi-4.pdf,PDF,ZIP Arşivi İçinde (b-Lİbrary_Tr-Gen-20260601T232943Z-3-003.zip),C:\Users\default.LAPTOP-OBA1HVU9\.antigravity-ide\Books\b-Lİbrary_Tr-Gen-20260601T232943Z-3-003.zip -> b-Lİbrary_Tr-Gen/Felsefe-Fikriyat/Umberto Eco/Umberto Eco-Felsefe Tarihi-4.pdf,b-Lİbrary_Tr-Gen/Felsefe-Fikriyat/Umberto Eco,14.87
-ETSY-Baslangic-Rehberi (1).pdf,PDF,ZIP Arşivi İçinde (b-Lİbrary_Tr-Gen-20260601T232943Z-3-003.zip),C:\Users\default.LAPTOP-OBA1HVU9\.antigravity-ide\Books\b-Lİbrary_Tr-Gen-20260601T232943Z-3-003.zip -> b-Lİbrary_Tr-Gen/Reklam-Pazarlama-Satis/Etsy/-ETSY-Baslangic-Rehberi (1).pdf,b-Lİbrary_Tr-Gen/Reklam-Pazarlama-Satis/Etsy,2.46
Bir-Borsacinin-Itiraflari.pdf,PDF,ZIP Arşivi İçinde (b-Lİbrary_Tr-Gen-20260601T232943Z-3-003.zip),C:\Users\default.LAPTOP-OBA1HVU9\.antigravity-ide\Books\b-Lİbrary_Tr-Gen-20260601T232943Z-3-003.zip -> b-Lİbrary_Tr-Gen/Para-Finans/Borsa/Bir-Borsacinin-Itiraflari.pdf,b-Lİbrary_Tr-Gen/Para-Finans/Borsa,19.16
Borsa-Sihirbazlari-Jack-Schwager.pdf,PDF,ZIP Arşivi İçinde (b-Lİbrary_Tr-Gen-20260601T232943Z-3-003.zip),C:\Users\default.LAPTOP-OBA1HVU9\.antigravity-ide\Books\b-Lİbrary_Tr-Gen-20260601T232943Z-3-003.zip -> b-Lİbrary_Tr-Gen/Para-Finans/Borsa/Borsa-Sihirbazlari-Jack-Schwager.pdf,b-Lİbrary_Tr-Gen/Para-Finans/Borsa,197.23
NLP-ye-Nihai-Giriş-Başarılı-bir-yaşam-nasıl-kurulur.pdf,PDF,ZIP Arşivi İçinde (b-Lİbrary_Tr-Gen-20260601T232943Z-3-003.zip),C:\Users\default.LAPTOP-OBA1HVU9\.antigravity-ide\Books\b-Lİbrary_Tr-Gen-20260601T232943Z-3-003.zip -> b-Lİbrary_Tr-Gen/Beyin ve Hafıza/NLP/NLP-ye-Nihai-Giriş-Başarılı-bir-yaşam-nasıl-kurulur.pdf,b-Lİbrary_Tr-Gen/Beyin ve Hafıza/NLP,0.53
Ustalik-Gerektiren-Kafaya-Takmama-Sanati-Mark-Manson.pdf,PDF,ZIP Arşivi İçinde (b-Lİbrary_Tr-Gen-20260601T232943Z-3-003.zip),C:\Users\default.LAPTOP-OBA1HVU9\.antigravity-ide\Books\b-Lİbrary_Tr-Gen-20260601T232943Z-3-003.zip -> b-Lİbrary_Tr-Gen/Psikoloji/Stres/Ustalik-Gerektiren-Kafaya-Takmama-Sanati-Mark-Manson.pdf,b-Lİbrary_Tr-Gen/Psikoloji/Stres,0.56
Bilincaltının-Gucu-Joseph-Murphy-K.pdf,PDF,ZIP Arşivi İçinde (b-Lİbrary_Tr-Gen-20260601T232943Z-3-003.zip),C:\Users\default.LAPTOP-OBA1HVU9\.antigravity-ide\Books\b-Lİbrary_Tr-Gen-20260601T232943Z-3-003.zip -> b-Lİbrary_Tr-Gen/Beyin ve Hafıza/Bilincalti/Bilincaltının-Gucu-Joseph-Murphy-K.pdf,b-Lİbrary_Tr-Gen/Beyin ve Hafıza/Bilincalti,3.68
Umberto Eco-Felsefe Tarihi-1 Antik Yunan.pdf,PDF,ZIP Arşivi İçinde (b-Lİbrary_Tr-Gen-20260601T232943Z-3-003.zip),C:\Users\default.LAPTOP-OBA1HVU9\.antigravity-ide\Books\b-Lİbrary_Tr-Gen-20260601T232943Z-3-003.zip -> b-Lİbrary_Tr-Gen/Felsefe-Fikriyat/Umberto Eco/Umberto Eco-Felsefe Tarihi-1 Antik Yunan.pdf,b-Lİbrary_Tr-Gen/Felsefe-Fikriyat/Umberto Eco,21.58
NLP-Potansiyelinizi-En-Ust-Duzeye-Cıkarın-Victoria-Price.pdf,PDF,ZIP Arşivi İçinde (b-Lİbrary_Tr-Gen-20260601T232943Z-3-003.zip),C:\Users\default.LAPTOP-OBA1HVU9\.antigravity-ide\Books\b-Lİbrary_Tr-Gen-20260601T232943Z-3-003.zip -> b-Lİbrary_Tr-Gen/Beyin ve Hafıza/NLP/NLP-Potansiyelinizi-En-Ust-Duzeye-Cıkarın-Victoria-Price.pdf,b-Lİbrary_Tr-Gen/Beyin ve Hafıza/NLP,1.81
İlacsız-Anksiyete-Terapisi-Dr-David-Burns.pdf,PDF,ZIP Arşivi İçinde (b-Lİbrary_Tr-Gen-20260601T232943Z-3-003.zip),C:\Users\default.LAPTOP-OBA1HVU9\.antigravity-ide\Books\b-Lİbrary_Tr-Gen-20260601T232943Z-3-003.zip -> b-Lİbrary_Tr-Gen/Psikoloji/Anksiyete-Kaygi/İlacsız-Anksiyete-Terapisi-Dr-David-Burns.pdf,b-Lİbrary_Tr-Gen/Psikoloji/Anksiyete-Kaygi,6.95
Bilincaltı-Zihninizin-Gucu-C-James-Jensen.pdf,PDF,ZIP Arşivi İçinde (b-Lİbrary_Tr-Gen-20260601T232943Z-3-003.zip),C:\Users\default.LAPTOP-OBA1HVU9\.antigravity-ide\Books\b-Lİbrary_Tr-Gen-20260601T232943Z-3-003.zip -> b-Lİbrary_Tr-Gen/Beyin ve Hafıza/Bilincalti/Bilincaltı-Zihninizin-Gucu-C-James-Jensen.pdf,b-Lİbrary_Tr-Gen/Beyin ve Hafıza/Bilincalti,3.25
NLP-Zihninizi-Kullanma-Kilavuzu.pdf,PDF,ZIP Arşivi İçinde (b-Lİbrary_Tr-Gen-20260601T232943Z-3-003.zip),C:\Users\default.LAPTOP-OBA1HVU9\.antigravity-ide\Books\b-Lİbrary_Tr-Gen-20260601T232943Z-3-003.zip -> b-Lİbrary_Tr-Gen/Beyin ve Hafıza/NLP/NLP-Zihninizi-Kullanma-Kilavuzu.pdf,b-Lİbrary_Tr-Gen/Beyin ve Hafıza/NLP,12.27
Durtme-Richard-H-Thaler.pdf,PDF,ZIP Arşivi İçinde (b-Lİbrary_Tr-Gen-20260601T232943Z-3-003.zip),C:\Users\default.LAPTOP-OBA1HVU9\.antigravity-ide\Books\b-Lİbrary_Tr-Gen-20260601T232943Z-3-003.zip -> b-Lİbrary_Tr-Gen/Reklam-Pazarlama-Satis/Durtme-Richard-H-Thaler.pdf,b-Lİbrary_Tr-Gen/Reklam-Pazarlama-Satis,25.4
Uygulamalarla-NLP-Sue-Knight.pdf,PDF,ZIP Arşivi İçinde (b-Lİbrary_Tr-Gen-20260601T232943Z-3-003.zip),C:\Users\default.LAPTOP-OBA1HVU9\.antigravity-ide\Books\b-Lİbrary_Tr-Gen-20260601T232943Z-3-003.zip -> b-Lİbrary_Tr-Gen/Beyin ve Hafıza/NLP/Uygulamalarla-NLP-Sue-Knight.pdf,b-Lİbrary_Tr-Gen/Beyin ve Hafıza/NLP,5.35
Network-Marketing-Doğrular-Yanlışlar.pdf,PDF,ZIP Arşivi İçinde (b-Lİbrary_Tr-Gen-20260601T232943Z-3-003.zip),C:\Users\default.LAPTOP-OBA1HVU9\.antigravity-ide\Books\b-Lİbrary_Tr-Gen-20260601T232943Z-3-003.zip -> b-Lİbrary_Tr-Gen/Reklam-Pazarlama-Satis/Dijital-Pazarlama/Network-Marketing-Doğrular-Yanlışlar.pdf,b-Lİbrary_Tr-Gen/Reklam-Pazarlama-Satis/Dijital-Pazarlama,1.39
Nlp-yeni-baslayanlar.pdf,PDF,ZIP Arşivi İçinde (b-Lİbrary_Tr-Gen-20260601T232943Z-3-003.zip),C:\Users\default.LAPTOP-OBA1HVU9\.antigravity-ide\Books\b-Lİbrary_Tr-Gen-20260601T232943Z-3-003.zip -> b-Lİbrary_Tr-Gen/Beyin ve Hafıza/NLP/Nlp-yeni-baslayanlar.pdf,b-Lİbrary_Tr-Gen/Beyin ve Hafıza/NLP,4.77
Dijital-Pazarlama-Dan-manl.pdf,PDF,ZIP Arşivi İçinde (b-Lİbrary_Tr-Gen-20260601T232943Z-3-003.zip),C:\Users\default.LAPTOP-OBA1HVU9\.antigravity-ide\Books\b-Lİbrary_Tr-Gen-20260601T232943Z-3-003.zip -> b-Lİbrary_Tr-Gen/Reklam-Pazarlama-Satis/Dijital-Pazarlama/Dijital-Pazarlama-Dan-manl.pdf,b-Lİbrary_Tr-Gen/Reklam-Pazarlama-Satis/Dijital-Pazarlama,0.56
Chatgpt-Satış-ve-Pazarlamada.pdf,PDF,ZIP Arşivi İçinde (b-Lİbrary_Tr-Gen-20260601T232943Z-3-003.zip),C:\Users\default.LAPTOP-OBA1HVU9\.antigravity-ide\Books\b-Lİbrary_Tr-Gen-20260601T232943Z-3-003.zip -> b-Lİbrary_Tr-Gen/Reklam-Pazarlama-Satis/Dijital-Pazarlama/Chatgpt-Satış-ve-Pazarlamada.pdf,b-Lİbrary_Tr-Gen/Reklam-Pazarlama-Satis/Dijital-Pazarlama,8.27
Doğan-Cuceloğlu-Evlenmeden-Once.pdf,PDF,ZIP Arşivi İçinde (b-Lİbrary_Tr-Gen-20260601T232943Z-3-003.zip),C:\Users\default.LAPTOP-OBA1HVU9\.antigravity-ide\Books\b-Lİbrary_Tr-Gen-20260601T232943Z-3-003.zip -> b-Lİbrary_Tr-Gen/Psikoloji/Doğan-Cuceloğlu/Doğan-Cuceloğlu-Evlenmeden-Once.pdf,b-Lİbrary_Tr-Gen/Psikoloji/Doğan-Cuceloğlu,5.63
Umberto Eco-Felsefe Tarihi-5.pdf,PDF,ZIP Arşivi İçinde (b-Lİbrary_Tr-Gen-20260601T232943Z-3-003.zip),C:\Users\default.LAPTOP-OBA1HVU9\.antigravity-ide\Books\b-Lİbrary_Tr-Gen-20260601T232943Z-3-003.zip -> b-Lİbrary_Tr-Gen/Felsefe-Fikriyat/Umberto Eco/Umberto Eco-Felsefe Tarihi-5.pdf,b-Lİbrary_Tr-Gen/Felsefe-Fikriyat/Umberto Eco,29.13
Icerik Pazarlamasi.pdf,PDF,ZIP Arşivi İçinde (b-Lİbrary_Tr-Gen-20260601T232943Z-3-003.zip),C:\Users\default.LAPTOP-OBA1HVU9\.antigravity-ide\Books\b-Lİbrary_Tr-Gen-20260601T232943Z-3-003.zip -> b-Lİbrary_Tr-Gen/Reklam-Pazarlama-Satis/Dijital-Pazarlama/Icerik Pazarlamasi.pdf,b-Lİbrary_Tr-Gen/Reklam-Pazarlama-Satis/Dijital-Pazarlama,11.03
Dijital-pazarlama.pdf,PDF,ZIP Arşivi İçinde (b-Lİbrary_Tr-Gen-20260601T232943Z-3-003.zip),C:\Users\default.LAPTOP-OBA1HVU9\.antigravity-ide\Books\b-Lİbrary_Tr-Gen-20260601T232943Z-3-003.zip -> b-Lİbrary_Tr-Gen/Reklam-Pazarlama-Satis/Dijital-Pazarlama/Dijital-pazarlama.pdf,b-Lİbrary_Tr-Gen/Reklam-Pazarlama-Satis/Dijital-Pazarlama,2.39
Guclu-Hafıza-Teknikleri-A-William-Deckard.pdf,PDF,ZIP Arşivi İçinde (b-Lİbrary_Tr-Gen-20260601T232943Z-3-003.zip),C:\Users\default.LAPTOP-OBA1HVU9\.antigravity-ide\Books\b-Lİbrary_Tr-Gen-20260601T232943Z-3-003.zip -> b-Lİbrary_Tr-Gen/Beyin ve Hafıza/Hafiza/Guclu-Hafıza-Teknikleri-A-William-Deckard.pdf,b-Lİbrary_Tr-Gen/Beyin ve Hafıza/Hafiza,4.84
Ted Gibi Konuş (Gallo Carmine) (z-lib.org) (1).epub,EPUB,ZIP Arşivi İçinde (b-Lİbrary_Tr-Gen-20260601T232943Z-3-003.zip),C:\Users\default.LAPTOP-OBA1HVU9\.antigravity-ide\Books\b-Lİbrary_Tr-Gen-20260601T232943Z-3-003.zip -> b-Lİbrary_Tr-Gen/Kişisel Gelişim/Konuşma-Sunum-Hitap/Ted Gibi Konuş (Gallo Carmine) (z-lib.org) (1).epub,b-Lİbrary_Tr-Gen/Kişisel Gelişim/Konuşma-Sunum-Hitap,0.72
Hikaye Anlatıcısının Sırrı.pdf,PDF,ZIP Arşivi İçinde (b-Lİbrary_Tr-Gen-20260601T232943Z-3-003.zip),C:\Users\default.LAPTOP-OBA1HVU9\.antigravity-ide\Books\b-Lİbrary_Tr-Gen-20260601T232943Z-3-003.zip -> b-Lİbrary_Tr-Gen/Kişisel Gelişim/Konuşma-Sunum-Hitap/Hikaye Anlatıcısının Sırrı.pdf,b-Lİbrary_Tr-Gen/Kişisel Gelişim/Konuşma-Sunum-Hitap,1.67
Umberto Eco-Budalalıktan Deliliğe.pdf,PDF,ZIP Arşivi İçinde (b-Lİbrary_Tr-Gen-20260601T232943Z-3-003.zip),C:\Users\default.LAPTOP-OBA1HVU9\.antigravity-ide\Books\b-Lİbrary_Tr-Gen-20260601T232943Z-3-003.zip -> b-Lİbrary_Tr-Gen/Felsefe-Fikriyat/Umberto Eco/Umberto Eco-Budalalıktan Deliliğe.pdf,b-Lİbrary_Tr-Gen/Felsefe-Fikriyat/Umberto Eco,8.15
Nlp-ile-Hafiza.pdf,PDF,ZIP Arşivi İçinde (b-Lİbrary_Tr-Gen-20260601T232943Z-3-003.zip),C:\Users\default.LAPTOP-OBA1HVU9\.antigravity-ide\Books\b-Lİbrary_Tr-Gen-20260601T232943Z-3-003.zip -> b-Lİbrary_Tr-Gen/Beyin ve Hafıza/NLP/Nlp-ile-Hafiza.pdf,b-Lİbrary_Tr-Gen/Beyin ve Hafıza/NLP,7.06
Beynin-Şifa-Bulma-Gucu-Norman-Doidge.pdf,PDF,ZIP Arşivi İçinde (b-Lİbrary_Tr-Gen-20260601T232943Z-3-003.zip),C:\Users\default.LAPTOP-OBA1HVU9\.antigravity-ide\Books\b-Lİbrary_Tr-Gen-20260601T232943Z-3-003.zip -> b-Lİbrary_Tr-Gen/Beyin ve Hafıza/Beyin/Beynin-Şifa-Bulma-Gucu-Norman-Doidge.pdf,b-Lİbrary_Tr-Gen/Beyin ve Hafıza/Beyin,6.39
Dijital-Girisimcilik-101-pdf.pdf,PDF,ZIP Arşivi İçinde (b-Lİbrary_Tr-Gen-20260601T232943Z-3-003.zip),C:\Users\default.LAPTOP-OBA1HVU9\.antigravity-ide\Books\b-Lİbrary_Tr-Gen-20260601T232943Z-3-003.zip -> b-Lİbrary_Tr-Gen/Reklam-Pazarlama-Satis/Dijital-Pazarlama/Dijital-Girisimcilik-101-pdf.pdf,b-Lİbrary_Tr-Gen/Reklam-Pazarlama-Satis/Dijital-Pazarlama,6.56
Dijital-Girişimciliğe-Giriş.pdf,PDF,ZIP Arşivi İçinde (b-Lİbrary_Tr-Gen-20260601T232943Z-3-003.zip),C:\Users\default.LAPTOP-OBA1HVU9\.antigravity-ide\Books\b-Lİbrary_Tr-Gen-20260601T232943Z-3-003.zip -> b-Lİbrary_Tr-Gen/Reklam-Pazarlama-Satis/Dijital-Pazarlama/Dijital-Girişimciliğe-Giriş.pdf,b-Lİbrary_Tr-Gen/Reklam-Pazarlama-Satis/Dijital-Pazarlama,12.89
Gizli-Hipnoz-Tekniklerine-Giriş.pdf,PDF,ZIP Arşivi İçinde (b-Lİbrary_Tr-Gen-20260601T232943Z-3-003.zip),C:\Users\default.LAPTOP-OBA1HVU9\.antigravity-ide\Books\b-Lİbrary_Tr-Gen-20260601T232943Z-3-003.zip -> b-Lİbrary_Tr-Gen/Beyin ve Hafıza/Hipnoz/Gizli-Hipnoz-Tekniklerine-Giriş.pdf,b-Lİbrary_Tr-Gen/Beyin ve Hafıza/Hipnoz,0.51
Aidin-Salih-Gerc-ek-Tıp-SON-BASKI-pdf.pdf,PDF,ZIP Arşivi İçinde (b-Lİbrary_Tr-Gen-20260601T232943Z-3-003.zip),C:\Users\default.LAPTOP-OBA1HVU9\.antigravity-ide\Books\b-Lİbrary_Tr-Gen-20260601T232943Z-3-003.zip -> b-Lİbrary_Tr-Gen/Tıp/Aidin-Salih-Gerc-ek-Tıp-SON-BASKI-pdf.pdf,b-Lİbrary_Tr-Gen/Tıp,15.07
Dijital-Pazarlama-Uzmanlık-Eğitimi.pdf,PDF,ZIP Arşivi İçinde (b-Lİbrary_Tr-Gen-20260601T232943Z-3-003.zip),C:\Users\default.LAPTOP-OBA1HVU9\.antigravity-ide\Books\b-Lİbrary_Tr-Gen-20260601T232943Z-3-003.zip -> b-Lİbrary_Tr-Gen/Reklam-Pazarlama-Satis/Dijital-Pazarlama/Dijital-Pazarlama-Uzmanlık-Eğitimi.pdf,b-Lİbrary_Tr-Gen/Reklam-Pazarlama-Satis/Dijital-Pazarlama,5.25
Network-Marketing-Kazanc-Rehberi.pdf,PDF,ZIP Arşivi İçinde (b-Lİbrary_Tr-Gen-20260601T232943Z-3-003.zip),C:\Users\default.LAPTOP-OBA1HVU9\.antigravity-ide\Books\b-Lİbrary_Tr-Gen-20260601T232943Z-3-003.zip -> b-Lİbrary_Tr-Gen/Reklam-Pazarlama-Satis/Dijital-Pazarlama/Network-Marketing-Kazanc-Rehberi.pdf,b-Lİbrary_Tr-Gen/Reklam-Pazarlama-Satis/Dijital-Pazarlama,13.52
Gabor-Mate-Vucudunuz-Hayr-Diyorsa_compress.pdf,PDF,ZIP Arşivi İçinde (b-Lİbrary_Tr-Gen-20260601T232943Z-3-003.zip),C:\Users\default.LAPTOP-OBA1HVU9\.antigravity-ide\Books\b-Lİbrary_Tr-Gen-20260601T232943Z-3-003.zip -> b-Lİbrary_Tr-Gen/Psikoloji/Stres/Gabor-Mate-Vucudunuz-Hayr-Diyorsa_compress.pdf,b-Lİbrary_Tr-Gen/Psikoloji/Stres,4.04
Kendinle-Savaşma-Sanatı.pdf,PDF,ZIP Arşivi İçinde (b-Lİbrary_Tr-Gen-20260601T232943Z-3-003.zip),C:\Users\default.LAPTOP-OBA1HVU9\.antigravity-ide\Books\b-Lİbrary_Tr-Gen-20260601T232943Z-3-003.zip -> b-Lİbrary_Tr-Gen/Kişisel Gelişim/irade-Disiplin/Kendinle-Savaşma-Sanatı.pdf,b-Lİbrary_Tr-Gen/Kişisel Gelişim/irade-Disiplin,2.43
Hipnoz-Bruce-Goldberg.pdf,PDF,ZIP Arşivi İçinde (b-Lİbrary_Tr-Gen-20260601T232943Z-3-003.zip),C:\Users\default.LAPTOP-OBA1HVU9\.antigravity-ide\Books\b-Lİbrary_Tr-Gen-20260601T232943Z-3-003.zip -> b-Lİbrary_Tr-Gen/Beyin ve Hafıza/Hipnoz/Hipnoz-Bruce-Goldberg.pdf,b-Lİbrary_Tr-Gen/Beyin ve Hafıza/Hipnoz,0.72
Hipnoz-Tahir-Ozakkaş.pdf,PDF,ZIP Arşivi İçinde (b-Lİbrary_Tr-Gen-20260601T232943Z-3-003.zip),C:\Users\default.LAPTOP-OBA1HVU9\.antigravity-ide\Books\b-Lİbrary_Tr-Gen-20260601T232943Z-3-003.zip -> b-Lİbrary_Tr-Gen/Beyin ve Hafıza/Hipnoz/Hipnoz-Tahir-Ozakkaş.pdf,b-Lİbrary_Tr-Gen/Beyin ve Hafıza/Hipnoz,9.1
Irade-Terbiyesi-Jules-Payot.pdf,PDF,ZIP Arşivi İçinde (b-Lİbrary_Tr-Gen-20260601T232943Z-3-003.zip),C:\Users\default.LAPTOP-OBA1HVU9\.antigravity-ide\Books\b-Lİbrary_Tr-Gen-20260601T232943Z-3-003.zip -> b-Lİbrary_Tr-Gen/Kişisel Gelişim/irade-Disiplin/Irade-Terbiyesi-Jules-Payot.pdf,b-Lİbrary_Tr-Gen/Kişisel Gelişim/irade-Disiplin,1.17
Vazgecebilmek-Guy-Finley.pdf,PDF,ZIP Arşivi İçinde (b-Lİbrary_Tr-Gen-20260601T232943Z-3-003.zip),C:\Users\default.LAPTOP-OBA1HVU9\.antigravity-ide\Books\b-Lİbrary_Tr-Gen-20260601T232943Z-3-003.zip -> b-Lİbrary_Tr-Gen/Kişisel Gelişim/irade-Disiplin/Vazgecebilmek-Guy-Finley.pdf,b-Lİbrary_Tr-Gen/Kişisel Gelişim/irade-Disiplin,3.73
Dijital-Pazarlama-Nedir-1.pdf,PDF,ZIP Arşivi İçinde (b-Lİbrary_Tr-Gen-20260601T232943Z-3-003.zip),C:\Users\default.LAPTOP-OBA1HVU9\.antigravity-ide\Books\b-Lİbrary_Tr-Gen-20260601T232943Z-3-003.zip -> b-Lİbrary_Tr-Gen/Reklam-Pazarlama-Satis/Dijital-Pazarlama/Dijital-Pazarlama-Nedir-1.pdf,b-Lİbrary_Tr-Gen/Reklam-Pazarlama-Satis/Dijital-Pazarlama,25.14
Robert Greene-Ustalık.pdf,PDF,ZIP Arşivi İçinde (b-Lİbrary_Tr-Gen-20260601T232943Z-3-003.zip),C:\Users\default.LAPTOP-OBA1HVU9\.antigravity-ide\Books\b-Lİbrary_Tr-Gen-20260601T232943Z-3-003.zip -> b-Lİbrary_Tr-Gen/Kişisel Gelişim/Robert Greene-Ustalık.pdf,b-Lİbrary_Tr-Gen/Kişisel Gelişim,7.43
The Merck Manual Hasta Belirtileri Pratik Tanı ve Tedavi Rehberi (Nurver Tufaner Sipahioğlu) (z-lib.org).pdf,PDF,ZIP Arşivi İçinde (b-Lİbrary_Tr-Gen-20260601T232943Z-3-003.zip),C:\Users\default.LAPTOP-OBA1HVU9\.antigravity-ide\Books\b-Lİbrary_Tr-Gen-20260601T232943Z-3-003.zip -> b-Lİbrary_Tr-Gen/Tıp/The Merck Manual Hasta Belirtileri Pratik Tanı ve Tedavi Rehberi (Nurver Tufaner Sipahioğlu) (z-lib.org).pdf,b-Lİbrary_Tr-Gen/Tıp,45.12
Duzenli-Olmanın-Yolları-John-Caunt.pdf,PDF,ZIP Arşivi İçinde (b-Lİbrary_Tr-Gen-20260601T232943Z-3-003.zip),C:\Users\default.LAPTOP-OBA1HVU9\.antigravity-ide\Books\b-Lİbrary_Tr-Gen-20260601T232943Z-3-003.zip -> b-Lİbrary_Tr-Gen/Kişisel Gelişim/irade-Disiplin/Duzenli-Olmanın-Yolları-John-Caunt.pdf,b-Lİbrary_Tr-Gen/Kişisel Gelişim/irade-Disiplin,2.9
Maddi-İktidar-Manevi-Otorite-Rene-Guenon.pdf,PDF,ZIP Arşivi İçinde (b-Lİbrary_Tr-Gen-20260601T232943Z-3-003.zip),C:\Users\default.LAPTOP-OBA1HVU9\.antigravity-ide\Books\b-Lİbrary_Tr-Gen-20260601T232943Z-3-003.zip -> b-Lİbrary_Tr-Gen/Felsefe-Fikriyat/Rene-Guenon-Felsefe/Maddi-İktidar-Manevi-Otorite-Rene-Guenon.pdf,b-Lİbrary_Tr-Gen/Felsefe-Fikriyat/Rene-Guenon-Felsefe,0.71
Ted-Gibi-Konuş-Carmine-Gallo.pdf,PDF,ZIP Arşivi İçinde (b-Lİbrary_Tr-Gen-20260601T232943Z-3-003.zip),C:\Users\default.LAPTOP-OBA1HVU9\.antigravity-ide\Books\b-Lİbrary_Tr-Gen-20260601T232943Z-3-003.zip -> b-Lİbrary_Tr-Gen/Kişisel Gelişim/Konuşma-Sunum-Hitap/Ted-Gibi-Konuş-Carmine-Gallo.pdf,b-Lİbrary_Tr-Gen/Kişisel Gelişim/Konuşma-Sunum-Hitap,4.01
Şimdinin-Gucu-Eckhart-Tolle.pdf,PDF,ZIP Arşivi İçinde (b-Lİbrary_Tr-Gen-20260601T232943Z-3-003.zip),C:\Users\default.LAPTOP-OBA1HVU9\.antigravity-ide\Books\b-Lİbrary_Tr-Gen-20260601T232943Z-3-003.zip -> b-Lİbrary_Tr-Gen/Kişisel Gelişim/irade-Disiplin/Şimdinin-Gucu-Eckhart-Tolle.pdf,b-Lİbrary_Tr-Gen/Kişisel Gelişim/irade-Disiplin,0.74
etsy-kurallari.pdf,PDF,ZIP Arşivi İçinde (b-Lİbrary_Tr-Gen-20260601T232943Z-3-003.zip),C:\Users\default.LAPTOP-OBA1HVU9\.antigravity-ide\Books\b-Lİbrary_Tr-Gen-20260601T232943Z-3-003.zip -> b-Lİbrary_Tr-Gen/Reklam-Pazarlama-Satis/Digital Marketing/etsy-kurallari.pdf,b-Lİbrary_Tr-Gen/Reklam-Pazarlama-Satis/Digital Marketing,1.55
Alemin-Hukumdarı-Rene-Guenon.pdf,PDF,ZIP Arşivi İçinde (b-Lİbrary_Tr-Gen-20260601T232943Z-3-003.zip),C:\Users\default.LAPTOP-OBA1HVU9\.antigravity-ide\Books\b-Lİbrary_Tr-Gen-20260601T232943Z-3-003.zip -> b-Lİbrary_Tr-Gen/Felsefe-Fikriyat/Rene-Guenon-Felsefe/Alemin-Hukumdarı-Rene-Guenon.pdf,b-Lİbrary_Tr-Gen/Felsefe-Fikriyat/Rene-Guenon-Felsefe,2.44
Kendiniz-Olma-Aliskanligini-Kirmak-Joe-Dispenza.pdf,PDF,ZIP Arşivi İçinde (b-Lİbrary_Tr-Gen-20260601T232943Z-3-003.zip),C:\Users\default.LAPTOP-OBA1HVU9\.antigravity-ide\Books\b-Lİbrary_Tr-Gen-20260601T232943Z-3-003.zip -> b-Lİbrary_Tr-Gen/Kişisel Gelişim/irade-Disiplin/Kendiniz-Olma-Aliskanligini-Kirmak-Joe-Dispenza.pdf,b-Lİbrary_Tr-Gen/Kişisel Gelişim/irade-Disiplin,16.84
Atomik Alıskanlıklar-james-clear-pdf-indir-5909.pdf,PDF,ZIP Arşivi İçinde (b-Lİbrary_Tr-Gen-20260601T232943Z-3-003.zip),C:\Users\default.LAPTOP-OBA1HVU9\.antigravity-ide\Books\b-Lİbrary_Tr-Gen-20260601T232943Z-3-003.zip -> b-Lİbrary_Tr-Gen/Kişisel Gelişim/irade-Disiplin/Atomik Alıskanlıklar-james-clear-pdf-indir-5909.pdf,b-Lİbrary_Tr-Gen/Kişisel Gelişim/irade-Disiplin,4.05
Zihnin-Anahtarları-Hipnoz.pdf,PDF,ZIP Arşivi İçinde (b-Lİbrary_Tr-Gen-20260601T232943Z-3-003.zip),C:\Users\default.LAPTOP-OBA1HVU9\.antigravity-ide\Books\b-Lİbrary_Tr-Gen-20260601T232943Z-3-003.zip -> b-Lİbrary_Tr-Gen/Beyin ve Hafıza/Hipnoz/Zihnin-Anahtarları-Hipnoz.pdf,b-Lİbrary_Tr-Gen/Beyin ve Hafıza/Hipnoz,1.02
SefillerTek-Cilt-Victor-Hugo.pdf,PDF,ZIP Arşivi İçinde (b-Lİbrary_Tr-Gen-20260601T232943Z-3-003.zip),C:\Users\default.LAPTOP-OBA1HVU9\.antigravity-ide\Books\b-Lİbrary_Tr-Gen-20260601T232943Z-3-003.zip -> b-Lİbrary_Tr-Gen/Roman_Ybn/SefillerTek-Cilt-Victor-Hugo.pdf,b-Lİbrary_Tr-Gen/Roman_Ybn,3.95
Varlığın-Mertebeleri-Rene-Guenon.pdf,PDF,ZIP Arşivi İçinde (b-Lİbrary_Tr-Gen-20260601T232943Z-3-003.zip),C:\Users\default.LAPTOP-OBA1HVU9\.antigravity-ide\Books\b-Lİbrary_Tr-Gen-20260601T232943Z-3-003.zip -> b-Lİbrary_Tr-Gen/Felsefe-Fikriyat/Rene-Guenon-Felsefe/Varlığın-Mertebeleri-Rene-Guenon.pdf,b-Lİbrary_Tr-Gen/Felsefe-Fikriyat/Rene-Guenon-Felsefe,1.43
Depresyon-Terapisi-Irvin-D-Yalom.pdf,PDF,ZIP Arşivi İçinde (b-Lİbrary_Tr-Gen-20260601T232943Z-3-003.zip),C:\Users\default.LAPTOP-OBA1HVU9\.antigravity-ide\Books\b-Lİbrary_Tr-Gen-20260601T232943Z-3-003.zip -> b-Lİbrary_Tr-Gen/Psikoloji/Depresyon/Depresyon-Terapisi-Irvin-D-Yalom.pdf,b-Lİbrary_Tr-Gen/Psikoloji/Depresyon,4.06
En-Derin-Hipnozumuz-Değersizlik-Inanci-Bulent-Uran.pdf,PDF,ZIP Arşivi İçinde (b-Lİbrary_Tr-Gen-20260601T232943Z-3-003.zip),C:\Users\default.LAPTOP-OBA1HVU9\.antigravity-ide\Books\b-Lİbrary_Tr-Gen-20260601T232943Z-3-003.zip -> b-Lİbrary_Tr-Gen/Beyin ve Hafıza/Hipnoz/En-Derin-Hipnozumuz-Değersizlik-Inanci-Bulent-Uran.pdf,b-Lİbrary_Tr-Gen/Beyin ve Hafıza/Hipnoz,6.84
Evlilik-Hipnozu-Bulent-Uran.pdf,PDF,ZIP Arşivi İçinde (b-Lİbrary_Tr-Gen-20260601T232943Z-3-003.zip),C:\Users\default.LAPTOP-OBA1HVU9\.antigravity-ide\Books\b-Lİbrary_Tr-Gen-20260601T232943Z-3-003.zip -> b-Lİbrary_Tr-Gen/Beyin ve Hafıza/Hipnoz/Evlilik-Hipnozu-Bulent-Uran.pdf,b-Lİbrary_Tr-Gen/Beyin ve Hafıza/Hipnoz,5.6
Etsy-Baslangic-Rehberi-2023.pdf,PDF,ZIP Arşivi İçinde (b-Lİbrary_Tr-Gen-20260601T232943Z-3-003.zip),C:\Users\default.LAPTOP-OBA1HVU9\.antigravity-ide\Books\b-Lİbrary_Tr-Gen-20260601T232943Z-3-003.zip -> b-Lİbrary_Tr-Gen/Reklam-Pazarlama-Satis/Digital Marketing/Etsy-Baslangic-Rehberi-2023.pdf,b-Lİbrary_Tr-Gen/Reklam-Pazarlama-Satis/Digital Marketing,1.05
Herkes-icin-Hipnoz.pdf,PDF,ZIP Arşivi İçinde (b-Lİbrary_Tr-Gen-20260601T232943Z-3-003.zip),C:\Users\default.LAPTOP-OBA1HVU9\.antigravity-ide\Books\b-Lİbrary_Tr-Gen-20260601T232943Z-3-003.zip -> b-Lİbrary_Tr-Gen/Beyin ve Hafıza/Hipnoz/Herkes-icin-Hipnoz.pdf,b-Lİbrary_Tr-Gen/Beyin ve Hafıza/Hipnoz,19.57
Shopify-Dropshipping-E-Kitap.pdf,PDF,ZIP Arşivi İçinde (b-Lİbrary_Tr-Gen-20260601T232943Z-3-003.zip),C:\Users\default.LAPTOP-OBA1HVU9\.antigravity-ide\Books\b-Lİbrary_Tr-Gen-20260601T232943Z-3-003.zip -> b-Lİbrary_Tr-Gen/Reklam-Pazarlama-Satis/Digital Marketing/Shopify-Dropshipping-E-Kitap.pdf,b-Lİbrary_Tr-Gen/Reklam-Pazarlama-Satis/Digital Marketing,2.07
Doğan-Cuceloğlu-İnsan-Ve-Davranışı.pdf,PDF,ZIP Arşivi İçinde (b-Lİbrary_Tr-Gen-20260601T232943Z-3-003.zip),C:\Users\default.LAPTOP-OBA1HVU9\.antigravity-ide\Books\b-Lİbrary_Tr-Gen-20260601T232943Z-3-003.zip -> b-Lİbrary_Tr-Gen/Psikoloji/Doğan-Cuceloğlu/Doğan-Cuceloğlu-İnsan-Ve-Davranışı.pdf,b-Lİbrary_Tr-Gen/Psikoloji/Doğan-Cuceloğlu,33.7
Kendinizi-Yonetmek-Peter-F-Drucker.pdf,PDF,ZIP Arşivi İçinde (b-Lİbrary_Tr-Gen-20260601T232943Z-3-003.zip),C:\Users\default.LAPTOP-OBA1HVU9\.antigravity-ide\Books\b-Lİbrary_Tr-Gen-20260601T232943Z-3-003.zip -> b-Lİbrary_Tr-Gen/Kişisel Gelişim/irade-Disiplin/Kendinizi-Yonetmek-Peter-F-Drucker.pdf,b-Lİbrary_Tr-Gen/Kişisel Gelişim/irade-Disiplin,2.31
Hipnoz-Ve-Beyin-Bulend-Uran.pdf,PDF,ZIP Arşivi İçinde (b-Lİbrary_Tr-Gen-20260601T232943Z-3-003.zip),C:\Users\default.LAPTOP-OBA1HVU9\.antigravity-ide\Books\b-Lİbrary_Tr-Gen-20260601T232943Z-3-003.zip -> b-Lİbrary_Tr-Gen/Beyin ve Hafıza/Hipnoz/Hipnoz-Ve-Beyin-Bulend-Uran.pdf,b-Lİbrary_Tr-Gen/Beyin ve Hafıza/Hipnoz,2.28
Hipnoz-Telkinleri-Bulend-Uran.pdf,PDF,ZIP Arşivi İçinde (b-Lİbrary_Tr-Gen-20260601T232943Z-3-003.zip),C:\Users\default.LAPTOP-OBA1HVU9\.antigravity-ide\Books\b-Lİbrary_Tr-Gen-20260601T232943Z-3-003.zip -> b-Lİbrary_Tr-Gen/Beyin ve Hafıza/Hipnoz/Hipnoz-Telkinleri-Bulend-Uran.pdf,b-Lİbrary_Tr-Gen/Beyin ve Hafıza/Hipnoz,1.93
İnternet-ten-Para-Kazandıran-20-Yontem-E-Kitabı.pdf,PDF,ZIP Arşivi İçinde (b-Lİbrary_Tr-Gen-20260601T232943Z-3-003.zip),C:\Users\default.LAPTOP-OBA1HVU9\.antigravity-ide\Books\b-Lİbrary_Tr-Gen-20260601T232943Z-3-003.zip -> b-Lİbrary_Tr-Gen/Reklam-Pazarlama-Satis/Digital Marketing/İnternet-ten-Para-Kazandıran-20-Yontem-E-Kitabı.pdf,b-Lİbrary_Tr-Gen/Reklam-Pazarlama-Satis/Digital Marketing,3.15
Shopify-Dropshipping-Erdens-Com.pdf,PDF,ZIP Arşivi İçinde (b-Lİbrary_Tr-Gen-20260601T232943Z-3-003.zip),C:\Users\default.LAPTOP-OBA1HVU9\.antigravity-ide\Books\b-Lİbrary_Tr-Gen-20260601T232943Z-3-003.zip -> b-Lİbrary_Tr-Gen/Reklam-Pazarlama-Satis/Digital Marketing/Shopify-Dropshipping-Erdens-Com.pdf,b-Lİbrary_Tr-Gen/Reklam-Pazarlama-Satis/Digital Marketing,4.23
Medya-Denetimi-Noam-Chomsky.pdf,PDF,ZIP Arşivi İçinde (b-Lİbrary_Tr-Gen-20260601T232943Z-3-003.zip),C:\Users\default.LAPTOP-OBA1HVU9\.antigravity-ide\Books\b-Lİbrary_Tr-Gen-20260601T232943Z-3-003.zip -> b-Lİbrary_Tr-Gen/Felsefe-Fikriyat/Noam Chomsky/Medya-Denetimi-Noam-Chomsky.pdf,b-Lİbrary_Tr-Gen/Felsefe-Fikriyat/Noam Chomsky,0.36
Monte-Kristo-Kontu2-Alexandre-Dumas.pdf,PDF,ZIP Arşivi İçinde (b-Lİbrary_Tr-Gen-20260601T232943Z-3-003.zip),C:\Users\default.LAPTOP-OBA1HVU9\.antigravity-ide\Books\b-Lİbrary_Tr-Gen-20260601T232943Z-3-003.zip -> b-Lİbrary_Tr-Gen/Roman_Ybn/Monte-Kristo-Kontu2-Alexandre-Dumas.pdf,b-Lİbrary_Tr-Gen/Roman_Ybn,6.29
E-Ticaret-Yeni-Baslayanlar-Icin.pdf,PDF,ZIP Arşivi İçinde (b-Lİbrary_Tr-Gen-20260601T232943Z-3-003.zip),C:\Users\default.LAPTOP-OBA1HVU9\.antigravity-ide\Books\b-Lİbrary_Tr-Gen-20260601T232943Z-3-003.zip -> b-Lİbrary_Tr-Gen/Reklam-Pazarlama-Satis/Digital Marketing/E-Ticaret-Yeni-Baslayanlar-Icin.pdf,b-Lİbrary_Tr-Gen/Reklam-Pazarlama-Satis/Digital Marketing,2.74
Umberto Eco-Felsefe Tarihi-3.pdf,PDF,ZIP Arşivi İçinde (b-Lİbrary_Tr-Gen-20260601T232943Z-3-003.zip),C:\Users\default.LAPTOP-OBA1HVU9\.antigravity-ide\Books\b-Lİbrary_Tr-Gen-20260601T232943Z-3-003.zip -> b-Lİbrary_Tr-Gen/Felsefe-Fikriyat/Umberto Eco/Umberto Eco-Felsefe Tarihi-3.pdf,b-Lİbrary_Tr-Gen/Felsefe-Fikriyat/Umberto Eco,17.34
Youtube-Para-Kazanma-Rehberi.pdf,PDF,ZIP Arşivi İçinde (b-Lİbrary_Tr-Gen-20260601T232943Z-3-003.zip),C:\Users\default.LAPTOP-OBA1HVU9\.antigravity-ide\Books\b-Lİbrary_Tr-Gen-20260601T232943Z-3-003.zip -> b-Lİbrary_Tr-Gen/Reklam-Pazarlama-Satis/Sosyal Medya Marketing/Youtube-Para-Kazanma-Rehberi.pdf,b-Lİbrary_Tr-Gen/Reklam-Pazarlama-Satis/Sosyal Medya Marketing,0.98
SMMA-Sosyal Medya Marketing-Nedir.pdf,PDF,ZIP Arşivi İçinde (b-Lİbrary_Tr-Gen-20260601T232943Z-3-003.zip),C:\Users\default.LAPTOP-OBA1HVU9\.antigravity-ide\Books\b-Lİbrary_Tr-Gen-20260601T232943Z-3-003.zip -> b-Lİbrary_Tr-Gen/Reklam-Pazarlama-Satis/Sosyal Medya Marketing/SMMA-Sosyal Medya Marketing-Nedir.pdf,b-Lİbrary_Tr-Gen/Reklam-Pazarlama-Satis/Sosyal Medya Marketing,1.34
Modern-Dunyanin-Bunalimi-Rene-Guenon.pdf,PDF,ZIP Arşivi İçinde (b-Lİbrary_Tr-Gen-20260601T232943Z-3-003.zip),C:\Users\default.LAPTOP-OBA1HVU9\.antigravity-ide\Books\b-Lİbrary_Tr-Gen-20260601T232943Z-3-003.zip -> b-Lİbrary_Tr-Gen/Felsefe-Fikriyat/Rene-Guenon-Felsefe/Modern-Dunyanin-Bunalimi-Rene-Guenon.pdf,b-Lİbrary_Tr-Gen/Felsefe-Fikriyat/Rene-Guenon-Felsefe,5.3
Hıristiyan-Ezoterizmi-Rene-Guenon.pdf,PDF,ZIP Arşivi İçinde (b-Lİbrary_Tr-Gen-20260601T232943Z-3-003.zip),C:\Users\default.LAPTOP-OBA1HVU9\.antigravity-ide\Books\b-Lİbrary_Tr-Gen-20260601T232943Z-3-003.zip -> b-Lİbrary_Tr-Gen/Felsefe-Fikriyat/Rene-Guenon-Felsefe/Hıristiyan-Ezoterizmi-Rene-Guenon.pdf,b-Lİbrary_Tr-Gen/Felsefe-Fikriyat/Rene-Guenon-Felsefe,4.53
SMMA-Baslangic egitimi.pdf,PDF,ZIP Arşivi İçinde (b-Lİbrary_Tr-Gen-20260601T232943Z-3-003.zip),C:\Users\default.LAPTOP-OBA1HVU9\.antigravity-ide\Books\b-Lİbrary_Tr-Gen-20260601T232943Z-3-003.zip -> b-Lİbrary_Tr-Gen/Reklam-Pazarlama-Satis/Sosyal Medya Marketing/SMMA-Baslangic egitimi.pdf,b-Lİbrary_Tr-Gen/Reklam-Pazarlama-Satis/Sosyal Medya Marketing,7.01
Dropshippingde-Markalasma.pdf,PDF,ZIP Arşivi İçinde (b-Lİbrary_Tr-Gen-20260601T232943Z-3-003.zip),C:\Users\default.LAPTOP-OBA1HVU9\.antigravity-ide\Books\b-Lİbrary_Tr-Gen-20260601T232943Z-3-003.zip -> b-Lİbrary_Tr-Gen/Reklam-Pazarlama-Satis/Digital Marketing/Dropshippingde-Markalasma.pdf,b-Lİbrary_Tr-Gen/Reklam-Pazarlama-Satis/Digital Marketing,1.88
Instagram-E-Kitap-Sifirdan.pdf,PDF,ZIP Arşivi İçinde (b-Lİbrary_Tr-Gen-20260601T232943Z-3-003.zip),C:\Users\default.LAPTOP-OBA1HVU9\.antigravity-ide\Books\b-Lİbrary_Tr-Gen-20260601T232943Z-3-003.zip -> b-Lİbrary_Tr-Gen/Reklam-Pazarlama-Satis/Sosyal Medya Marketing/Instagram-E-Kitap-Sifirdan.pdf,b-Lİbrary_Tr-Gen/Reklam-Pazarlama-Satis/Sosyal Medya Marketing,0.28
Sosyalmedya-Reklamciliginin-El-Kitabi.pdf,PDF,ZIP Arşivi İçinde (b-Lİbrary_Tr-Gen-20260601T232943Z-3-003.zip),C:\Users\default.LAPTOP-OBA1HVU9\.antigravity-ide\Books\b-Lİbrary_Tr-Gen-20260601T232943Z-3-003.zip -> b-Lİbrary_Tr-Gen/Reklam-Pazarlama-Satis/Sosyal Medya Marketing/Sosyalmedya-Reklamciliginin-El-Kitabi.pdf,b-Lİbrary_Tr-Gen/Reklam-Pazarlama-Satis/Sosyal Medya Marketing,1.06
Instegram Algoritma ve Gelir.pdf,PDF,ZIP Arşivi İçinde (b-Lİbrary_Tr-Gen-20260601T232943Z-3-003.zip),C:\Users\default.LAPTOP-OBA1HVU9\.antigravity-ide\Books\b-Lİbrary_Tr-Gen-20260601T232943Z-3-003.zip -> b-Lİbrary_Tr-Gen/Reklam-Pazarlama-Satis/Sosyal Medya Marketing/Instegram Algoritma ve Gelir.pdf,b-Lİbrary_Tr-Gen/Reklam-Pazarlama-Satis/Sosyal Medya Marketing,10.2
İnstagram-Buyume-Sırları-Finansal-Gelişim.pdf,PDF,ZIP Arşivi İçinde (b-Lİbrary_Tr-Gen-20260601T232943Z-3-003.zip),C:\Users\default.LAPTOP-OBA1HVU9\.antigravity-ide\Books\b-Lİbrary_Tr-Gen-20260601T232943Z-3-003.zip -> b-Lİbrary_Tr-Gen/Reklam-Pazarlama-Satis/Sosyal Medya Marketing/İnstagram-Buyume-Sırları-Finansal-Gelişim.pdf,b-Lİbrary_Tr-Gen/Reklam-Pazarlama-Satis/Sosyal Medya Marketing,5.89
Entelektuellerin-Sorumluluğu-Noam Chomsky.pdf,PDF,ZIP Arşivi İçinde (b-Lİbrary_Tr-Gen-20260601T232943Z-3-003.zip),C:\Users\default.LAPTOP-OBA1HVU9\.antigravity-ide\Books\b-Lİbrary_Tr-Gen-20260601T232943Z-3-003.zip -> b-Lİbrary_Tr-Gen/Felsefe-Fikriyat/Noam Chomsky/Entelektuellerin-Sorumluluğu-Noam Chomsky.pdf,b-Lİbrary_Tr-Gen/Felsefe-Fikriyat/Noam Chomsky,2.46
İnstagram-Finansal-Gelişim.pdf,PDF,ZIP Arşivi İçinde (b-Lİbrary_Tr-Gen-20260601T232943Z-3-003.zip),C:\Users\default.LAPTOP-OBA1HVU9\.antigravity-ide\Books\b-Lİbrary_Tr-Gen-20260601T232943Z-3-003.zip -> b-Lİbrary_Tr-Gen/Reklam-Pazarlama-Satis/Sosyal Medya Marketing/İnstagram-Finansal-Gelişim.pdf,b-Lİbrary_Tr-Gen/Reklam-Pazarlama-Satis/Sosyal Medya Marketing,5.89
Youtube-ve-Instagramda-Gelir-Oluşturma.pdf,PDF,ZIP Arşivi İçinde (b-Lİbrary_Tr-Gen-20260601T232943Z-3-003.zip),C:\Users\default.LAPTOP-OBA1HVU9\.antigravity-ide\Books\b-Lİbrary_Tr-Gen-20260601T232943Z-3-003.zip -> b-Lİbrary_Tr-Gen/Reklam-Pazarlama-Satis/Sosyal Medya Marketing/Youtube-ve-Instagramda-Gelir-Oluşturma.pdf,b-Lİbrary_Tr-Gen/Reklam-Pazarlama-Satis/Sosyal Medya Marketing,7.84
Instegram-E-TICARET MARKETING.pdf,PDF,ZIP Arşivi İçinde (b-Lİbrary_Tr-Gen-20260601T232943Z-3-003.zip),C:\Users\default.LAPTOP-OBA1HVU9\.antigravity-ide\Books\b-Lİbrary_Tr-Gen-20260601T232943Z-3-003.zip -> b-Lİbrary_Tr-Gen/Reklam-Pazarlama-Satis/Sosyal Medya Marketing/Instegram-E-TICARET MARKETING.pdf,b-Lİbrary_Tr-Gen/Reklam-Pazarlama-Satis/Sosyal Medya Marketing,19.78
Dilin Mimarisi-Noam Chomsky.pdf,PDF,ZIP Arşivi İçinde (b-Lİbrary_Tr-Gen-20260601T232943Z-3-003.zip),C:\Users\default.LAPTOP-OBA1HVU9\.antigravity-ide\Books\b-Lİbrary_Tr-Gen-20260601T232943Z-3-003.zip -> b-Lİbrary_Tr-Gen/Felsefe-Fikriyat/Noam Chomsky/Dilin Mimarisi-Noam Chomsky.pdf,b-Lİbrary_Tr-Gen/Felsefe-Fikriyat/Noam Chomsky,1.7
SMMA-Başlangıc-E-Kitabı.pdf,PDF,ZIP Arşivi İçinde (b-Lİbrary_Tr-Gen-20260601T232943Z-3-003.zip),C:\Users\default.LAPTOP-OBA1HVU9\.antigravity-ide\Books\b-Lİbrary_Tr-Gen-20260601T232943Z-3-003.zip -> b-Lİbrary_Tr-Gen/Reklam-Pazarlama-Satis/Sosyal Medya Marketing/SMMA-Başlangıc-E-Kitabı.pdf,b-Lİbrary_Tr-Gen/Reklam-Pazarlama-Satis/Sosyal Medya Marketing,5.83
ETSY-Baslangic-Rehberi.pdf,PDF,ZIP Arşivi İçinde (b-Lİbrary_Tr-Gen-20260601T232943Z-3-003.zip),C:\Users\default.LAPTOP-OBA1HVU9\.antigravity-ide\Books\b-Lİbrary_Tr-Gen-20260601T232943Z-3-003.zip -> b-Lİbrary_Tr-Gen/Reklam-Pazarlama-Satis/Digital Marketing/ETSY-Baslangic-Rehberi.pdf,b-Lİbrary_Tr-Gen/Reklam-Pazarlama-Satis/Digital Marketing,2.46
E-Ticaret-Akademisi.pdf,PDF,ZIP Arşivi İçinde (b-Lİbrary_Tr-Gen-20260601T232943Z-3-003.zip),C:\Users\default.LAPTOP-OBA1HVU9\.antigravity-ide\Books\b-Lİbrary_Tr-Gen-20260601T232943Z-3-003.zip -> b-Lİbrary_Tr-Gen/Reklam-Pazarlama-Satis/Digital Marketing/E-Ticaret-Akademisi.pdf,b-Lİbrary_Tr-Gen/Reklam-Pazarlama-Satis/Digital Marketing,9.63
"Tehlikeli Güç ABDnin Dış Siyaseti ve Ortadoğu (Terör, Demokrasi, Savaş ve Adalet Üzerine Diyaloglar-Noam Chomsky, Gilbert Achcar.pdf",PDF,ZIP Arşivi İçinde (b-Lİbrary_Tr-Gen-20260601T232943Z-3-003.zip),"C:\Users\default.LAPTOP-OBA1HVU9\.antigravity-ide\Books\b-Lİbrary_Tr-Gen-20260601T232943Z-3-003.zip -> b-Lİbrary_Tr-Gen/Felsefe-Fikriyat/Noam Chomsky/Tehlikeli Güç ABDnin Dış Siyaseti ve Ortadoğu (Terör, Demokrasi, Savaş ve Adalet Üzerine Diyaloglar-Noam Chomsky, Gilbert Achcar.pdf",b-Lİbrary_Tr-Gen/Felsefe-Fikriyat/Noam Chomsky,7.7
Dil ve Zihin-Noam Chomsky.pdf,PDF,ZIP Arşivi İçinde (b-Lİbrary_Tr-Gen-20260601T232943Z-3-003.zip),C:\Users\default.LAPTOP-OBA1HVU9\.antigravity-ide\Books\b-Lİbrary_Tr-Gen-20260601T232943Z-3-003.zip -> b-Lİbrary_Tr-Gen/Felsefe-Fikriyat/Noam Chomsky/Dil ve Zihin-Noam Chomsky.pdf,b-Lİbrary_Tr-Gen/Felsefe-Fikriyat/Noam Chomsky,14.31
Terrizm Kültürü-Noam Chomsky.pdf,PDF,ZIP Arşivi İçinde (b-Lİbrary_Tr-Gen-20260601T232943Z-3-003.zip),C:\Users\default.LAPTOP-OBA1HVU9\.antigravity-ide\Books\b-Lİbrary_Tr-Gen-20260601T232943Z-3-003.zip -> b-Lİbrary_Tr-Gen/Felsefe-Fikriyat/Noam Chomsky/Terrizm Kültürü-Noam Chomsky.pdf,b-Lİbrary_Tr-Gen/Felsefe-Fikriyat/Noam Chomsky,6.35
Felsefenin-Kısa-Tarihi-Peter-Gibson.pdf,PDF,ZIP Arşivi İçinde (b-Lİbrary_Tr-Gen-20260601T232943Z-3-003.zip),C:\Users\default.LAPTOP-OBA1HVU9\.antigravity-ide\Books\b-Lİbrary_Tr-Gen-20260601T232943Z-3-003.zip -> b-Lİbrary_Tr-Gen/Felsefe-Fikriyat/Felsefe-Genel/Felsefenin-Kısa-Tarihi-Peter-Gibson.pdf,b-Lİbrary_Tr-Gen/Felsefe-Fikriyat/Felsefe-Genel,2.67
Epiktetos-Duşunceler-ve-Sohbetler.pdf,PDF,ZIP Arşivi İçinde (b-Lİbrary_Tr-Gen-20260601T232943Z-3-003.zip),C:\Users\default.LAPTOP-OBA1HVU9\.antigravity-ide\Books\b-Lİbrary_Tr-Gen-20260601T232943Z-3-003.zip -> b-Lİbrary_Tr-Gen/Felsefe-Fikriyat/Epictetos/Epiktetos-Duşunceler-ve-Sohbetler.pdf,b-Lİbrary_Tr-Gen/Felsefe-Fikriyat/Epictetos,5.08
SOSYAL-MEDYA-UZMANLIK-PROGRAMI.pdf,PDF,ZIP Arşivi İçinde (b-Lİbrary_Tr-Gen-20260601T232943Z-3-003.zip),C:\Users\default.LAPTOP-OBA1HVU9\.antigravity-ide\Books\b-Lİbrary_Tr-Gen-20260601T232943Z-3-003.zip -> b-Lİbrary_Tr-Gen/Reklam-Pazarlama-Satis/Sosyal Medya Marketing/SOSYAL-MEDYA-UZMANLIK-PROGRAMI.pdf,b-Lİbrary_Tr-Gen/Reklam-Pazarlama-Satis/Sosyal Medya Marketing,4.84
Karl Popper-Bilimsel Araştırmanın Mantığı.pdf,PDF,ZIP Arşivi İçinde (b-Lİbrary_Tr-Gen-20260601T232943Z-3-003.zip),C:\Users\default.LAPTOP-OBA1HVU9\.antigravity-ide\Books\b-Lİbrary_Tr-Gen-20260601T232943Z-3-003.zip -> b-Lİbrary_Tr-Gen/Felsefe-Fikriyat/Karl Popper/Karl Popper-Bilimsel Araştırmanın Mantığı.pdf,b-Lİbrary_Tr-Gen/Felsefe-Fikriyat/Karl Popper,7.67
Rizanin Imalati-Noam Chomsky.pdf,PDF,ZIP Arşivi İçinde (b-Lİbrary_Tr-Gen-20260601T232943Z-3-003.zip),C:\Users\default.LAPTOP-OBA1HVU9\.antigravity-ide\Books\b-Lİbrary_Tr-Gen-20260601T232943Z-3-003.zip -> b-Lİbrary_Tr-Gen/Felsefe-Fikriyat/Noam Chomsky/Rizanin Imalati-Noam Chomsky.pdf,b-Lİbrary_Tr-Gen/Felsefe-Fikriyat/Noam Chomsky,10.12
Karl-R-Popper-Daha-İyi-Bir-Dunya-Arayışı.pdf,PDF,ZIP Arşivi İçinde (b-Lİbrary_Tr-Gen-20260601T232943Z-3-003.zip),C:\Users\default.LAPTOP-OBA1HVU9\.antigravity-ide\Books\b-Lİbrary_Tr-Gen-20260601T232943Z-3-003.zip -> b-Lİbrary_Tr-Gen/Felsefe-Fikriyat/Karl Popper/Karl-R-Popper-Daha-İyi-Bir-Dunya-Arayışı.pdf,b-Lİbrary_Tr-Gen/Felsefe-Fikriyat/Karl Popper,1.98
Youtube Gizli-Konseptler-2-Akademi.pdf,PDF,ZIP Arşivi İçinde (b-Lİbrary_Tr-Gen-20260601T232943Z-3-003.zip),C:\Users\default.LAPTOP-OBA1HVU9\.antigravity-ide\Books\b-Lİbrary_Tr-Gen-20260601T232943Z-3-003.zip -> b-Lİbrary_Tr-Gen/Reklam-Pazarlama-Satis/Sosyal Medya Marketing/Youtube Gizli-Konseptler-2-Akademi.pdf,b-Lİbrary_Tr-Gen/Reklam-Pazarlama-Satis/Sosyal Medya Marketing,79.66
Felsefe-101.pdf,PDF,ZIP Arşivi İçinde (b-Lİbrary_Tr-Gen-20260601T232943Z-3-003.zip),C:\Users\default.LAPTOP-OBA1HVU9\.antigravity-ide\Books\b-Lİbrary_Tr-Gen-20260601T232943Z-3-003.zip -> b-Lİbrary_Tr-Gen/Felsefe-Fikriyat/Felsefe-Genel/Felsefe-101.pdf,b-Lİbrary_Tr-Gen/Felsefe-Fikriyat/Felsefe-Genel,5.5
Felsefe-Yeni-Baslayanlar-Icin-Richard-Osborne.pdf,PDF,ZIP Arşivi İçinde (b-Lİbrary_Tr-Gen-20260601T232943Z-3-003.zip),C:\Users\default.LAPTOP-OBA1HVU9\.antigravity-ide\Books\b-Lİbrary_Tr-Gen-20260601T232943Z-3-003.zip -> b-Lİbrary_Tr-Gen/Felsefe-Fikriyat/Felsefe-Genel/Felsefe-Yeni-Baslayanlar-Icin-Richard-Osborne.pdf,b-Lİbrary_Tr-Gen/Felsefe-Fikriyat/Felsefe-Genel,10.01
Karl-Popper-Bitmeyen-Arayış-Plato-Yayınları.pdf,PDF,ZIP Arşivi İçinde (b-Lİbrary_Tr-Gen-20260601T232943Z-3-003.zip),C:\Users\default.LAPTOP-OBA1HVU9\.antigravity-ide\Books\b-Lİbrary_Tr-Gen-20260601T232943Z-3-003.zip -> b-Lİbrary_Tr-Gen/Felsefe-Fikriyat/Karl Popper/Karl-Popper-Bitmeyen-Arayış-Plato-Yayınları.pdf,b-Lİbrary_Tr-Gen/Felsefe-Fikriyat/Karl Popper,4.59
Felsefenin-Kisa-Tarihi-Nigel-Warburton.pdf,PDF,ZIP Arşivi İçinde (b-Lİbrary_Tr-Gen-20260601T232943Z-3-003.zip),C:\Users\default.LAPTOP-OBA1HVU9\.antigravity-ide\Books\b-Lİbrary_Tr-Gen-20260601T232943Z-3-003.zip -> b-Lİbrary_Tr-Gen/Felsefe-Fikriyat/Felsefe-Genel/Felsefenin-Kisa-Tarihi-Nigel-Warburton.pdf,b-Lİbrary_Tr-Gen/Felsefe-Fikriyat/Felsefe-Genel,2.17
Epiktetos-Duşunceler-Ve-Konuşmalar-İnkılap-Yayınları.pdf,PDF,ZIP Arşivi İçinde (b-Lİbrary_Tr-Gen-20260601T232943Z-3-003.zip),C:\Users\default.LAPTOP-OBA1HVU9\.antigravity-ide\Books\b-Lİbrary_Tr-Gen-20260601T232943Z-3-003.zip -> b-Lİbrary_Tr-Gen/Felsefe-Fikriyat/Epictetos/Epiktetos-Duşunceler-Ve-Konuşmalar-İnkılap-Yayınları.pdf,b-Lİbrary_Tr-Gen/Felsefe-Fikriyat/Epictetos,2.49
Felsefe Kitabi.pdf,PDF,ZIP Arşivi İçinde (b-Lİbrary_Tr-Gen-20260601T232943Z-3-003.zip),C:\Users\default.LAPTOP-OBA1HVU9\.antigravity-ide\Books\b-Lİbrary_Tr-Gen-20260601T232943Z-3-003.zip -> b-Lİbrary_Tr-Gen/Felsefe-Fikriyat/Felsefe-Genel/Felsefe Kitabi.pdf,b-Lİbrary_Tr-Gen/Felsefe-Fikriyat/Felsefe-Genel,23.94
Dijital-Girişimcilik-Rehberi.pdf,PDF,ZIP Arşivi İçinde (b-Lİbrary_Tr-Gen-20260601T232943Z-3-003.zip),C:\Users\default.LAPTOP-OBA1HVU9\.antigravity-ide\Books\b-Lİbrary_Tr-Gen-20260601T232943Z-3-003.zip -> b-Lİbrary_Tr-Gen/Reklam-Pazarlama-Satis/Dijital-Pazarlama/Dijital-Girişimcilik-Rehberi.pdf,b-Lİbrary_Tr-Gen/Reklam-Pazarlama-Satis/Dijital-Pazarlama,22.75
Nazi Propaganda and Techniques of Neutralization.pdf,PDF,ZIP Arşivi İçinde (Books for Text_Eng-20260529T160906Z-3-001.zip),C:\Users\default.LAPTOP-OBA1HVU9\.antigravity-ide\Books\Books for Text_Eng-20260529T160906Z-3-001.zip -> Books for Text_Eng/Propaganda/Nazi Propaganda and Techniques of Neutralization.pdf,Books for Text_Eng/Propaganda,0.17
RAND_2008_Turkey Security Partner.pdf,PDF,ZIP Arşivi İçinde (Books for Text_Eng-20260529T160906Z-3-001.zip),C:\Users\default.LAPTOP-OBA1HVU9\.antigravity-ide\Books\Books for Text_Eng-20260529T160906Z-3-001.zip -> Books for Text_Eng/Rand/RAND_2008_Turkey Security Partner.pdf,Books for Text_Eng/Rand,0.26
RAND_2000_ Turkish-Western Relations_s Future.pdf,PDF,ZIP Arşivi İçinde (Books for Text_Eng-20260529T160906Z-3-001.zip),C:\Users\default.LAPTOP-OBA1HVU9\.antigravity-ide\Books\Books for Text_Eng-20260529T160906Z-3-001.zip -> Books for Text_Eng/Rand/RAND_2000_ Turkish-Western Relations_s Future.pdf,Books for Text_Eng/Rand,0.32
RAND_2008_Middle East Perspectives.pdf,PDF,ZIP Arşivi İçinde (Books for Text_Eng-20260529T160906Z-3-001.zip),C:\Users\default.LAPTOP-OBA1HVU9\.antigravity-ide\Books\Books for Text_Eng-20260529T160906Z-3-001.zip -> Books for Text_Eng/Rand/RAND_2008_Middle East Perspectives.pdf,Books for Text_Eng/Rand,0.27
"The citizen marketer  promoting political opinion in the social media age (Penney, Joel) (z-lib.org).epub",EPUB,ZIP Arşivi İçinde (Books for Text_Eng-20260529T160906Z-3-001.zip),"C:\Users\default.LAPTOP-OBA1HVU9\.antigravity-ide\Books\Books for Text_Eng-20260529T160906Z-3-001.zip -> Books for Text_Eng/Social Media/The citizen marketer  promoting political opinion in the social media age (Penney, Joel) (z-lib.org).epub",Books for Text_Eng/Social Media,0.46
Totaliterizm ve Dezenformasyon-Atilla Yayla.pdf,PDF,ZIP Arşivi İçinde (Books for Text_Eng-20260529T160906Z-3-001.zip),C:\Users\default.LAPTOP-OBA1HVU9\.antigravity-ide\Books\Books for Text_Eng-20260529T160906Z-3-001.zip -> Books for Text_Eng/Propaganda/Totaliterizm ve Dezenformasyon-Atilla Yayla.pdf,Books for Text_Eng/Propaganda,1.04
GOEBBELS-PROPAGANDA-ONE-C.pdf,PDF,ZIP Arşivi İçinde (Books for Text_Eng-20260529T160906Z-3-001.zip),C:\Users\default.LAPTOP-OBA1HVU9\.antigravity-ide\Books\Books for Text_Eng-20260529T160906Z-3-001.zip -> Books for Text_Eng/Propaganda/GOEBBELS-PROPAGANDA-ONE-C.pdf,Books for Text_Eng/Propaganda,0.54
"All Art Is Propaganda Critical Essays (George Orwell, Keith Gessen, George Packer) (z-lib.org).epub",EPUB,ZIP Arşivi İçinde (Books for Text_Eng-20260529T160906Z-3-001.zip),"C:\Users\default.LAPTOP-OBA1HVU9\.antigravity-ide\Books\Books for Text_Eng-20260529T160906Z-3-001.zip -> Books for Text_Eng/Propaganda/All Art Is Propaganda Critical Essays (George Orwell, Keith Gessen, George Packer) (z-lib.org).epub",Books for Text_Eng/Propaganda,0.41
"(OSINT) Open Source Intelligence Glossary Guide to keywords, phrases for improved Internet research results (Nicholas Crowder) (z-lib.org).epub",EPUB,ZIP Arşivi İçinde (Books for Text_Eng-20260529T160906Z-3-001.zip),"C:\Users\default.LAPTOP-OBA1HVU9\.antigravity-ide\Books\Books for Text_Eng-20260529T160906Z-3-001.zip -> Books for Text_Eng/Open Source/(OSINT) Open Source Intelligence Glossary Guide to keywords, phrases for improved Internet research results (Nicholas Crowder) (z-lib.org).epub",Books for Text_Eng/Open Source,0.15
RAND_1997_Turkey_s Ethnic and Religious Strains.pdf,PDF,ZIP Arşivi İçinde (Books for Text_Eng-20260529T160906Z-3-001.zip),C:\Users\default.LAPTOP-OBA1HVU9\.antigravity-ide\Books\Books for Text_Eng-20260529T160906Z-3-001.zip -> Books for Text_Eng/Rand/RAND_1997_Turkey_s Ethnic and Religious Strains.pdf,Books for Text_Eng/Rand,0.88
RAND_2008_Turkey_s Political Islam.pdf,PDF,ZIP Arşivi İçinde (Books for Text_Eng-20260529T160906Z-3-001.zip),C:\Users\default.LAPTOP-OBA1HVU9\.antigravity-ide\Books\Books for Text_Eng-20260529T160906Z-3-001.zip -> Books for Text_Eng/Rand/RAND_2008_Turkey_s Political Islam.pdf,Books for Text_Eng/Rand,0.78
RAND_1993_Graham Fuller.pdf,PDF,ZIP Arşivi İçinde (Books for Text_Eng-20260529T160906Z-3-001.zip),C:\Users\default.LAPTOP-OBA1HVU9\.antigravity-ide\Books\Books for Text_Eng-20260529T160906Z-3-001.zip -> Books for Text_Eng/Rand/RAND_1993_Graham Fuller.pdf,Books for Text_Eng/Rand,1.19
RAND_1991_Turkey_s Urbanization and Insurgency_1976-1980.pdf,PDF,ZIP Arşivi İçinde (Books for Text_Eng-20260529T160906Z-3-001.zip),C:\Users\default.LAPTOP-OBA1HVU9\.antigravity-ide\Books\Books for Text_Eng-20260529T160906Z-3-001.zip -> Books for Text_Eng/Rand/RAND_1991_Turkey_s Urbanization and Insurgency_1976-1980.pdf,Books for Text_Eng/Rand,1.22
"Protests in the Information Age Social Movements, Digital Practices and Surveillance (Lucas Melgaço, Jeffrey Monaghan) (z-lib.org).epub",EPUB,ZIP Arşivi İçinde (Books for Text_Eng-20260529T160906Z-3-001.zip),"C:\Users\default.LAPTOP-OBA1HVU9\.antigravity-ide\Books\Books for Text_Eng-20260529T160906Z-3-001.zip -> Books for Text_Eng/Propaganda/Protests in the Information Age Social Movements, Digital Practices and Surveillance (Lucas Melgaço, Jeffrey Monaghan) (z-lib.org).epub",Books for Text_Eng/Propaganda,2.44
Dictatorship.pdf,PDF,ZIP Arşivi İçinde (Books for Text_Eng-20260529T160906Z-3-001.zip),C:\Users\default.LAPTOP-OBA1HVU9\.antigravity-ide\Books\Books for Text_Eng-20260529T160906Z-3-001.zip -> Books for Text_Eng/Politic/Dictatorship.pdf,Books for Text_Eng/Politic,0.6
Game Theory_Rand_1979.pdf,PDF,ZIP Arşivi İçinde (Books for Text_Eng-20260529T160906Z-3-001.zip),C:\Users\default.LAPTOP-OBA1HVU9\.antigravity-ide\Books\Books for Text_Eng-20260529T160906Z-3-001.zip -> Books for Text_Eng/Rand/Game Theory_Rand_1979.pdf,Books for Text_Eng/Rand,0.34
RAND_2008_How Terrorist Groups End.pdf,PDF,ZIP Arşivi İçinde (Books for Text_Eng-20260529T160906Z-3-001.zip),C:\Users\default.LAPTOP-OBA1HVU9\.antigravity-ide\Books\Books for Text_Eng-20260529T160906Z-3-001.zip -> Books for Text_Eng/Rand/RAND_2008_How Terrorist Groups End.pdf,Books for Text_Eng/Rand,3.02
Game Theory_Rand_1987.pdf,PDF,ZIP Arşivi İçinde (Books for Text_Eng-20260529T160906Z-3-001.zip),C:\Users\default.LAPTOP-OBA1HVU9\.antigravity-ide\Books\Books for Text_Eng-20260529T160906Z-3-001.zip -> Books for Text_Eng/Rand/Game Theory_Rand_1987.pdf,Books for Text_Eng/Rand,0.87
Kevin Roberts-Taking Back Washington to Save America.docx,DOCX,ZIP Arşivi İçinde (Books for Text_Eng-20260529T160906Z-3-001.zip),C:\Users\default.LAPTOP-OBA1HVU9\.antigravity-ide\Books\Books for Text_Eng-20260529T160906Z-3-001.zip -> Books for Text_Eng/Us_Project2025/Kevin Roberts-Taking Back Washington to Save America.docx,Books for Text_Eng/Us_Project2025,0.59
"Totalitarianism and Political Religions, Volume II Concepts for the Comparison Of Dictatorships (Hans Maier, Michael Schäfer) (z-lib.org).pdf",PDF,ZIP Arşivi İçinde (Books for Text_Eng-20260529T160906Z-3-001.zip),"C:\Users\default.LAPTOP-OBA1HVU9\.antigravity-ide\Books\Books for Text_Eng-20260529T160906Z-3-001.zip -> Books for Text_Eng/Politic/Totalitarianism and Political Religions, Volume II Concepts for the Comparison Of Dictatorships (Hans Maier, Michael Schäfer) (z-lib.org).pdf",Books for Text_Eng/Politic,2.07
RAND_1992_Turkey_Paul Henze.pdf,PDF,ZIP Arşivi İçinde (Books for Text_Eng-20260529T160906Z-3-001.zip),C:\Users\default.LAPTOP-OBA1HVU9\.antigravity-ide\Books\Books for Text_Eng-20260529T160906Z-3-001.zip -> Books for Text_Eng/Rand/RAND_1992_Turkey_Paul Henze.pdf,Books for Text_Eng/Rand,2.5
Kevin Roberts-Taking Back Washington to Save America.pdf,PDF,ZIP Arşivi İçinde (Books for Text_Eng-20260529T160906Z-3-001.zip),C:\Users\default.LAPTOP-OBA1HVU9\.antigravity-ide\Books\Books for Text_Eng-20260529T160906Z-3-001.zip -> Books for Text_Eng/Us_Project2025/Kevin Roberts-Taking Back Washington to Save America.pdf,Books for Text_Eng/Us_Project2025,2.46
RAND_2003_Civil Democratic Islam.pdf,PDF,ZIP Arşivi İçinde (Books for Text_Eng-20260529T160906Z-3-001.zip),C:\Users\default.LAPTOP-OBA1HVU9\.antigravity-ide\Books\Books for Text_Eng-20260529T160906Z-3-001.zip -> Books for Text_Eng/Rand/RAND_2003_Civil Democratic Islam.pdf,Books for Text_Eng/Rand,0.7
The effectiveness of Nazi propaganda during World War II.pdf,PDF,ZIP Arşivi İçinde (Books for Text_Eng-20260529T160906Z-3-001.zip),C:\Users\default.LAPTOP-OBA1HVU9\.antigravity-ide\Books\Books for Text_Eng-20260529T160906Z-3-001.zip -> Books for Text_Eng/Propaganda/The effectiveness of Nazi propaganda during World War II.pdf,Books for Text_Eng/Propaganda,3.12
RAND_2012_Public Support for Insurgency.pdf,PDF,ZIP Arşivi İçinde (Books for Text_Eng-20260529T160906Z-3-001.zip),C:\Users\default.LAPTOP-OBA1HVU9\.antigravity-ide\Books\Books for Text_Eng-20260529T160906Z-3-001.zip -> Books for Text_Eng/Rand/RAND_2012_Public Support for Insurgency.pdf,Books for Text_Eng/Rand,1.27
"Social Movements An Introduction (Donatella Della Porta, Mario Diani) (z-lib.org) (1).epub",EPUB,ZIP Arşivi İçinde (Books for Text_Eng-20260529T160906Z-3-001.zip),"C:\Users\default.LAPTOP-OBA1HVU9\.antigravity-ide\Books\Books for Text_Eng-20260529T160906Z-3-001.zip -> Books for Text_Eng/Social Movement/Social Movements An Introduction (Donatella Della Porta, Mario Diani) (z-lib.org) (1).epub",Books for Text_Eng/Social Movement,0.91
"The Rise of Political Islam in Turkey (Stephen F. Larrabee, Angel Rabasa) (https___z-lib.org).pdf",PDF,ZIP Arşivi İçinde (Books for Text_Eng-20260529T160906Z-3-001.zip),"C:\Users\default.LAPTOP-OBA1HVU9\.antigravity-ide\Books\Books for Text_Eng-20260529T160906Z-3-001.zip -> Books for Text_Eng/Rand/The Rise of Political Islam in Turkey (Stephen F. Larrabee, Angel Rabasa) (https___z-lib.org).pdf",Books for Text_Eng/Rand,0.88
The Art of War (Sun Tzu) (z-lib.org).epub,EPUB,ZIP Arşivi İçinde (Books for Text_Eng-20260529T160906Z-3-001.zip),C:\Users\default.LAPTOP-OBA1HVU9\.antigravity-ide\Books\Books for Text_Eng-20260529T160906Z-3-001.zip -> Books for Text_Eng/Art of War/The Art of War (Sun Tzu) (z-lib.org).epub,Books for Text_Eng/Art of War,0.12
Turk_Amerikan_Iliskilerine_RAND_Corporat.pdf,PDF,ZIP Arşivi İçinde (Books for Text_Eng-20260529T160906Z-3-001.zip),C:\Users\default.LAPTOP-OBA1HVU9\.antigravity-ide\Books\Books for Text_Eng-20260529T160906Z-3-001.zip -> Books for Text_Eng/Rand/Turk_Amerikan_Iliskilerine_RAND_Corporat.pdf,Books for Text_Eng/Rand,1.26
One Hundred Unorthodox Strategies Battle And Tactics of Chinese Warfare (Ralph D. Sawyer) (z-lib.org).epub,EPUB,ZIP Arşivi İçinde (Books for Text_Eng-20260529T160906Z-3-001.zip),C:\Users\default.LAPTOP-OBA1HVU9\.antigravity-ide\Books\Books for Text_Eng-20260529T160906Z-3-001.zip -> Books for Text_Eng/Art of War/One Hundred Unorthodox Strategies Battle And Tactics of Chinese Warfare (Ralph D. Sawyer) (z-lib.org).epub,Books for Text_Eng/Art of War,0.86
RAND_2008_War by Other Means.pdf,PDF,ZIP Arşivi İçinde (Books for Text_Eng-20260529T160906Z-3-001.zip),C:\Users\default.LAPTOP-OBA1HVU9\.antigravity-ide\Books\Books for Text_Eng-20260529T160906Z-3-001.zip -> Books for Text_Eng/Rand/RAND_2008_War by Other Means.pdf,Books for Text_Eng/Rand,2.31
The Thirty-Six Stratagems A Modern Interpretation Of A Strategy Classic (Peter Taylor) (z-lib.org).epub,EPUB,ZIP Arşivi İçinde (Books for Text_Eng-20260529T160906Z-3-001.zip),C:\Users\default.LAPTOP-OBA1HVU9\.antigravity-ide\Books\Books for Text_Eng-20260529T160906Z-3-001.zip -> Books for Text_Eng/Art of War/The Thirty-Six Stratagems A Modern Interpretation Of A Strategy Classic (Peter Taylor) (z-lib.org).epub,Books for Text_Eng/Art of War,0.76
Sun Tzu The Art of War (Restored Translation) (Sun Tzu) (z-lib.org).pdf,PDF,ZIP Arşivi İçinde (Books for Text_Eng-20260529T160906Z-3-001.zip),C:\Users\default.LAPTOP-OBA1HVU9\.antigravity-ide\Books\Books for Text_Eng-20260529T160906Z-3-001.zip -> Books for Text_Eng/Art of War/Sun Tzu The Art of War (Restored Translation) (Sun Tzu) (z-lib.org).pdf,Books for Text_Eng/Art of War,1.53
"Open Source Intelligence Glossary Guide to Keywords, Phrases for Improved Internet Research Results (Crowder, Nicholas) (z-lib.org).epub",EPUB,ZIP Arşivi İçinde (Books for Text_Eng-20260529T160906Z-3-001.zip),"C:\Users\default.LAPTOP-OBA1HVU9\.antigravity-ide\Books\Books for Text_Eng-20260529T160906Z-3-001.zip -> Books for Text_Eng/Open Source/Open Source Intelligence Glossary Guide to Keywords, Phrases for Improved Internet Research Results (Crowder, Nicholas) (z-lib.org).epub",Books for Text_Eng/Open Source,0.18
The_Family-Jeff Sharlet.pdf,PDF,ZIP Arşivi İçinde (Books for Text_Eng-20260529T160906Z-3-001.zip),C:\Users\default.LAPTOP-OBA1HVU9\.antigravity-ide\Books\Books for Text_Eng-20260529T160906Z-3-001.zip -> Books for Text_Eng/Politic/The_Family-Jeff Sharlet.pdf,Books for Text_Eng/Politic,2.26
Social Movements The Structure of Collective Mobilization (Paul Almeida) (z-lib.org).epub,EPUB,ZIP Arşivi İçinde (Books for Text_Eng-20260529T160906Z-3-001.zip),C:\Users\default.LAPTOP-OBA1HVU9\.antigravity-ide\Books\Books for Text_Eng-20260529T160906Z-3-001.zip -> Books for Text_Eng/Social Movement/Social Movements The Structure of Collective Mobilization (Paul Almeida) (z-lib.org).epub,Books for Text_Eng/Social Movement,8.87
RAND_2003_Turkish Foreign Policy.pdf,PDF,ZIP Arşivi İçinde (Books for Text_Eng-20260529T160906Z-3-001.zip),C:\Users\default.LAPTOP-OBA1HVU9\.antigravity-ide\Books\Books for Text_Eng-20260529T160906Z-3-001.zip -> Books for Text_Eng/Rand/RAND_2003_Turkish Foreign Policy.pdf,Books for Text_Eng/Rand,1.32
"The 36 strategies of the martial arts  the classic Chinese guide for success in war, business, and life (Moriya, Hiroshi Wilson, William Scott) (z-lib.org).epub",EPUB,ZIP Arşivi İçinde (Books for Text_Eng-20260529T160906Z-3-001.zip),"C:\Users\default.LAPTOP-OBA1HVU9\.antigravity-ide\Books\Books for Text_Eng-20260529T160906Z-3-001.zip -> Books for Text_Eng/Art of War/The 36 strategies of the martial arts  the classic Chinese guide for success in war, business, and life (Moriya, Hiroshi Wilson, William Scott) (z-lib.org).epub",Books for Text_Eng/Art of War,6.99
Democracy’s Fourth Wave Digital Media and the Arab Spring (Philip N. Howard Muzammil M. Hussain) (z-lib.org).epub,EPUB,ZIP Arşivi İçinde (Books for Text_Eng-20260529T160906Z-3-001.zip),C:\Users\default.LAPTOP-OBA1HVU9\.antigravity-ide\Books\Books for Text_Eng-20260529T160906Z-3-001.zip -> Books for Text_Eng/Social Media/Democracy’s Fourth Wave Digital Media and the Arab Spring (Philip N. Howard Muzammil M. Hussain) (z-lib.org).epub,Books for Text_Eng/Social Media,2.81
FreeMasonry-Shriners-Eastern-Star-Illuminati-Bilderbergers-and-others.pdf,PDF,ZIP Arşivi İçinde (Books for Text_Eng-20260529T160906Z-3-001.zip),C:\Users\default.LAPTOP-OBA1HVU9\.antigravity-ide\Books\Books for Text_Eng-20260529T160906Z-3-001.zip -> Books for Text_Eng/DUVAR-Eng/FreeMasonry-Shriners-Eastern-Star-Illuminati-Bilderbergers-and-others.pdf,Books for Text_Eng/DUVAR-Eng,0.24
"The Art of War Complete Texts and Commentaries (Sun Tzu, Thomas Cleary) (z-lib.org).epub",EPUB,ZIP Arşivi İçinde (Books for Text_Eng-20260529T160906Z-3-001.zip),"C:\Users\default.LAPTOP-OBA1HVU9\.antigravity-ide\Books\Books for Text_Eng-20260529T160906Z-3-001.zip -> Books for Text_Eng/Art of War/The Art of War Complete Texts and Commentaries (Sun Tzu, Thomas Cleary) (z-lib.org).epub",Books for Text_Eng/Art of War,0.74
The-Dual-State-Ernst-Fraenkel.pdf,PDF,ZIP Arşivi İçinde (Books for Text_Eng-20260529T160906Z-3-001.zip),C:\Users\default.LAPTOP-OBA1HVU9\.antigravity-ide\Books\Books for Text_Eng-20260529T160906Z-3-001.zip -> Books for Text_Eng/Politic/The-Dual-State-Ernst-Fraenkel.pdf,Books for Text_Eng/Politic,2.78
"The Worlds Most Dangerous Secret Societies The Illuminati, Freemasons, Bilderberg Group, Knights Templar, The Jesuits, Skull... (James Jackson) (z-lib.org).epub",EPUB,ZIP Arşivi İçinde (Books for Text_Eng-20260529T160906Z-3-001.zip),"C:\Users\default.LAPTOP-OBA1HVU9\.antigravity-ide\Books\Books for Text_Eng-20260529T160906Z-3-001.zip -> Books for Text_Eng/DUVAR-Eng/The Worlds Most Dangerous Secret Societies The Illuminati, Freemasons, Bilderberg Group, Knights Templar, The Jesuits, Skull... (James Jackson) (z-lib.org).epub",Books for Text_Eng/DUVAR-Eng,0.2
Game of Strategy_Rand_1961.pdf,PDF,ZIP Arşivi İçinde (Books for Text_Eng-20260529T160906Z-3-001.zip),C:\Users\default.LAPTOP-OBA1HVU9\.antigravity-ide\Books\Books for Text_Eng-20260529T160906Z-3-001.zip -> Books for Text_Eng/Rand/Game of Strategy_Rand_1961.pdf,Books for Text_Eng/Rand,6.1
The+Future+of+Freemasonry+-+SIRC+Report+-+Embargoed+until+00.01hrs+9+March+2012.pdf,PDF,ZIP Arşivi İçinde (Books for Text_Eng-20260529T160906Z-3-001.zip),C:\Users\default.LAPTOP-OBA1HVU9\.antigravity-ide\Books\Books for Text_Eng-20260529T160906Z-3-001.zip -> Books for Text_Eng/DUVAR-Eng/The+Future+of+Freemasonry+-+SIRC+Report+-+Embargoed+until+00.01hrs+9+March+2012.pdf,Books for Text_Eng/DUVAR-Eng,0.43
Modern Dictators.pdf,PDF,ZIP Arşivi İçinde (Books for Text_Eng-20260529T160906Z-3-001.zip),C:\Users\default.LAPTOP-OBA1HVU9\.antigravity-ide\Books\Books for Text_Eng-20260529T160906Z-3-001.zip -> Books for Text_Eng/Politic/Modern Dictators.pdf,Books for Text_Eng/Politic,0.82
"Political Turbulence How Social Media Shape Collective Action (Helen Margetts, Peter John, Scott Hale etc.) (z-lib.org).epub",EPUB,ZIP Arşivi İçinde (Books for Text_Eng-20260529T160906Z-3-001.zip),"C:\Users\default.LAPTOP-OBA1HVU9\.antigravity-ide\Books\Books for Text_Eng-20260529T160906Z-3-001.zip -> Books for Text_Eng/Social Media/Political Turbulence How Social Media Shape Collective Action (Helen Margetts, Peter John, Scott Hale etc.) (z-lib.org).epub",Books for Text_Eng/Social Media,5.88
The Coup in Turkey..pdf,PDF,ZIP Arşivi İçinde (Books for Text_Eng-20260529T160906Z-3-001.zip),C:\Users\default.LAPTOP-OBA1HVU9\.antigravity-ide\Books\Books for Text_Eng-20260529T160906Z-3-001.zip -> Books for Text_Eng/July 15_Eng/The Coup in Turkey..pdf,Books for Text_Eng/July 15_Eng,10.63
The 33 Strategies of War (Robert Greene) (z-lib.org).epub,EPUB,ZIP Arşivi İçinde (Books for Text_Eng-20260529T160906Z-3-001.zip),C:\Users\default.LAPTOP-OBA1HVU9\.antigravity-ide\Books\Books for Text_Eng-20260529T160906Z-3-001.zip -> Books for Text_Eng/Art of War/The 33 Strategies of War (Robert Greene) (z-lib.org).epub,Books for Text_Eng/Art of War,1.04
UK_Report for July 15.pdf,PDF,ZIP Arşivi İçinde (Books for Text_Eng-20260529T160906Z-3-001.zip),C:\Users\default.LAPTOP-OBA1HVU9\.antigravity-ide\Books\Books for Text_Eng-20260529T160906Z-3-001.zip -> Books for Text_Eng/July 15_Eng/UK_Report for July 15.pdf,Books for Text_Eng/July 15_Eng,1.13
"Open Source Intelligence Methods and Tools A Practical Guide to Online Intelligence (Nihad A. Hassan, Rami Hijazi) (z-lib.org).epub",EPUB,ZIP Arşivi İçinde (Books for Text_Eng-20260529T160906Z-3-001.zip),"C:\Users\default.LAPTOP-OBA1HVU9\.antigravity-ide\Books\Books for Text_Eng-20260529T160906Z-3-001.zip -> Books for Text_Eng/Open Source/Open Source Intelligence Methods and Tools A Practical Guide to Online Intelligence (Nihad A. Hassan, Rami Hijazi) (z-lib.org).epub",Books for Text_Eng/Open Source,12.12
Nationalism on the Internet Critical Theory and Ideology in the Age of Social Media and Fake News (Christian Fuchs) (z-lib.org).epub,EPUB,ZIP Arşivi İçinde (Books for Text_Eng-20260529T160906Z-3-001.zip),C:\Users\default.LAPTOP-OBA1HVU9\.antigravity-ide\Books\Books for Text_Eng-20260529T160906Z-3-001.zip -> Books for Text_Eng/Social Media/Nationalism on the Internet Critical Theory and Ideology in the Age of Social Media and Fake News (Christian Fuchs) (z-lib.org).epub,Books for Text_Eng/Social Media,1.5
A Search fot Truth.pdf,PDF,ZIP Arşivi İçinde (Books for Text_Eng-20260529T160906Z-3-001.zip),C:\Users\default.LAPTOP-OBA1HVU9\.antigravity-ide\Books\Books for Text_Eng-20260529T160906Z-3-001.zip -> Books for Text_Eng/July 15_Eng/A Search fot Truth.pdf,Books for Text_Eng/July 15_Eng,1.62
Arithmetic-of-Freemasonry.pdf,PDF,ZIP Arşivi İçinde (Books for Text_Eng-20260529T160906Z-3-001.zip),C:\Users\default.LAPTOP-OBA1HVU9\.antigravity-ide\Books\Books for Text_Eng-20260529T160906Z-3-001.zip -> Books for Text_Eng/DUVAR-Eng/Msn_Symbol/Arithmetic-of-Freemasonry.pdf,Books for Text_Eng/DUVAR-Eng/Msn_Symbol,1.26
"The Symbolism of Freemasonry (Albert G. Mackey, [Mackey, Albert G.]) (z-lib.org).epub",EPUB,ZIP Arşivi İçinde (Books for Text_Eng-20260529T160906Z-3-001.zip),"C:\Users\default.LAPTOP-OBA1HVU9\.antigravity-ide\Books\Books for Text_Eng-20260529T160906Z-3-001.zip -> Books for Text_Eng/DUVAR-Eng/Msn_Symbol/The Symbolism of Freemasonry (Albert G. Mackey, [Mackey, Albert G.]) (z-lib.org).epub",Books for Text_Eng/DUVAR-Eng/Msn_Symbol,0.31
The Mysteries of Freemasonry (William Morgan) (z-lib.org).pdf,PDF,ZIP Arşivi İçinde (Books for Text_Eng-20260529T160906Z-3-001.zip),C:\Users\default.LAPTOP-OBA1HVU9\.antigravity-ide\Books\Books for Text_Eng-20260529T160906Z-3-001.zip -> Books for Text_Eng/DUVAR-Eng/The Mysteries of Freemasonry (William Morgan) (z-lib.org).pdf,Books for Text_Eng/DUVAR-Eng,1.16
The Masonic Letter G (Paul Foster Case) (z-lib.org).pdf,PDF,ZIP Arşivi İçinde (Books for Text_Eng-20260529T160906Z-3-001.zip),C:\Users\default.LAPTOP-OBA1HVU9\.antigravity-ide\Books\Books for Text_Eng-20260529T160906Z-3-001.zip -> Books for Text_Eng/DUVAR-Eng/Msn_Symbol/The Masonic Letter G (Paul Foster Case) (z-lib.org).pdf,Books for Text_Eng/DUVAR-Eng/Msn_Symbol,1.4
Masonic-Degree-Rituals.pdf,PDF,ZIP Arşivi İçinde (Books for Text_Eng-20260529T160906Z-3-001.zip),C:\Users\default.LAPTOP-OBA1HVU9\.antigravity-ide\Books\Books for Text_Eng-20260529T160906Z-3-001.zip -> Books for Text_Eng/DUVAR-Eng/Msn_Book/Masonic-Degree-Rituals.pdf,Books for Text_Eng/DUVAR-Eng/Msn_Book,0.28
"Ask, Measure, Learn Using Social Media Analytics to Understand and Influence Customer Behavior (Lutz Finger, Soumitra Dutta) (z-lib.org).epub",EPUB,ZIP Arşivi İçinde (Books for Text_Eng-20260529T160906Z-3-001.zip),"C:\Users\default.LAPTOP-OBA1HVU9\.antigravity-ide\Books\Books for Text_Eng-20260529T160906Z-3-001.zip -> Books for Text_Eng/Social Media/Ask, Measure, Learn Using Social Media Analytics to Understand and Influence Customer Behavior (Lutz Finger, Soumitra Dutta) (z-lib.org).epub",Books for Text_Eng/Social Media,14.37
RAND_2020_Turkey Report.pdf,PDF,ZIP Arşivi İçinde (Books for Text_Eng-20260529T160906Z-3-001.zip),C:\Users\default.LAPTOP-OBA1HVU9\.antigravity-ide\Books\Books for Text_Eng-20260529T160906Z-3-001.zip -> Books for Text_Eng/Rand/RAND_2020_Turkey Report.pdf,Books for Text_Eng/Rand,4.17
You Said What Lies and Propaganda Throughout History (Bill Fawcett) (z-lib.org).pdf,PDF,ZIP Arşivi İçinde (Books for Text_Eng-20260529T160906Z-3-001.zip),C:\Users\default.LAPTOP-OBA1HVU9\.antigravity-ide\Books\Books for Text_Eng-20260529T160906Z-3-001.zip -> Books for Text_Eng/Propaganda/You Said What Lies and Propaganda Throughout History (Bill Fawcett) (z-lib.org).pdf,Books for Text_Eng/Propaganda,3.1
"Network propaganda manipulation, disinformation, and radicalization in American politics (Yochai BENKLER, Robert FARIS, Hal ROBERTS) (z-lib.org).epub",EPUB,ZIP Arşivi İçinde (Books for Text_Eng-20260529T160906Z-3-001.zip),"C:\Users\default.LAPTOP-OBA1HVU9\.antigravity-ide\Books\Books for Text_Eng-20260529T160906Z-3-001.zip -> Books for Text_Eng/Propaganda/Network propaganda manipulation, disinformation, and radicalization in American politics (Yochai BENKLER, Robert FARIS, Hal ROBERTS) (z-lib.org).epub",Books for Text_Eng/Propaganda,62.29
The art of war = [Sunzi bing fa] (Sunzi Ralph D Sawyer Mei-chün Sawyer) (z-lib.org).epub,EPUB,ZIP Arşivi İçinde (Books for Text_Eng-20260529T160906Z-3-001.zip),C:\Users\default.LAPTOP-OBA1HVU9\.antigravity-ide\Books\Books for Text_Eng-20260529T160906Z-3-001.zip -> Books for Text_Eng/Art of War/The art of war = [Sunzi bing fa] (Sunzi Ralph D Sawyer Mei-chün Sawyer) (z-lib.org).epub,Books for Text_Eng/Art of War,1.61
GAMES_game_theory_and_artificial_intelligence.pdf,PDF,ZIP Arşivi İçinde (Books for Text_Eng-20260529T160906Z-3-001.zip),C:\Users\default.LAPTOP-OBA1HVU9\.antigravity-ide\Books\Books for Text_Eng-20260529T160906Z-3-001.zip -> Books for Text_Eng/Game Theory/AI_Game Theory/GAMES_game_theory_and_artificial_intelligence.pdf,Books for Text_Eng/Game Theory/AI_Game Theory,0.81
Morgans Freemasonry Exposed and Explained (William Morgan) (z-lib.org).pdf,PDF,ZIP Arşivi İçinde (Books for Text_Eng-20260529T160906Z-3-001.zip),C:\Users\default.LAPTOP-OBA1HVU9\.antigravity-ide\Books\Books for Text_Eng-20260529T160906Z-3-001.zip -> Books for Text_Eng/DUVAR-Eng/Morgans Freemasonry Exposed and Explained (William Morgan) (z-lib.org).pdf,Books for Text_Eng/DUVAR-Eng,8.92
"The Symbolism of Freemasonry Illustrating and Explaining its Science and Philosophy, its Legends, Myths and Symbols (Mackey, Albert Gallatin) (z-lib.org).epub",EPUB,ZIP Arşivi İçinde (Books for Text_Eng-20260529T160906Z-3-001.zip),"C:\Users\default.LAPTOP-OBA1HVU9\.antigravity-ide\Books\Books for Text_Eng-20260529T160906Z-3-001.zip -> Books for Text_Eng/DUVAR-Eng/Msn_Symbol/The Symbolism of Freemasonry Illustrating and Explaining its Science and Philosophy, its Legends, Myths and Symbols (Mackey, Albert Gallatin) (z-lib.org).epub",Books for Text_Eng/DUVAR-Eng/Msn_Symbol,3.5
Secret-Ritual-of-the-33-Degree-Mason.pdf,PDF,ZIP Arşivi İçinde (Books for Text_Eng-20260529T160906Z-3-001.zip),C:\Users\default.LAPTOP-OBA1HVU9\.antigravity-ide\Books\Books for Text_Eng-20260529T160906Z-3-001.zip -> Books for Text_Eng/DUVAR-Eng/Msn_Book/Secret-Ritual-of-the-33-Degree-Mason.pdf,Books for Text_Eng/DUVAR-Eng/Msn_Book,1.44
"Mystic masonry, or, The symbols of freemasonry and the greater mysteries of antiquity (Buck, J. D. (Jirah Dewey), 1838-1916) (z-lib.org).pdf",PDF,ZIP Arşivi İçinde (Books for Text_Eng-20260529T160906Z-3-001.zip),"C:\Users\default.LAPTOP-OBA1HVU9\.antigravity-ide\Books\Books for Text_Eng-20260529T160906Z-3-001.zip -> Books for Text_Eng/DUVAR-Eng/Msn_Symbol/Mystic masonry, or, The symbols of freemasonry and the greater mysteries of antiquity (Buck, J. D. (Jirah Dewey), 1838-1916) (z-lib.org).pdf",Books for Text_Eng/DUVAR-Eng/Msn_Symbol,8.77
The Role of Game Theory and Artificial Intelligence in International Relations.pdf,PDF,ZIP Arşivi İçinde (Books for Text_Eng-20260529T160906Z-3-001.zip),C:\Users\default.LAPTOP-OBA1HVU9\.antigravity-ide\Books\Books for Text_Eng-20260529T160906Z-3-001.zip -> Books for Text_Eng/Game Theory/AI_Game Theory/The Role of Game Theory and Artificial Intelligence in International Relations.pdf,Books for Text_Eng/Game Theory/AI_Game Theory,0.33
Origin-of-Shriners.pdf,PDF,ZIP Arşivi İçinde (Books for Text_Eng-20260529T160906Z-3-001.zip),C:\Users\default.LAPTOP-OBA1HVU9\.antigravity-ide\Books\Books for Text_Eng-20260529T160906Z-3-001.zip -> Books for Text_Eng/DUVAR-Eng/Msn_Shrn/Origin-of-Shriners.pdf,Books for Text_Eng/DUVAR-Eng/Msn_Shrn,0.13
SADAT_Erdogan_s Private Army.pdf,PDF,ZIP Arşivi İçinde (Books for Text_Eng-20260529T160906Z-3-001.zip),C:\Users\default.LAPTOP-OBA1HVU9\.antigravity-ide\Books\Books for Text_Eng-20260529T160906Z-3-001.zip -> Books for Text_Eng/July 15_Eng/SADAT_Erdogan_s Private Army.pdf,Books for Text_Eng/July 15_Eng,6.25
Artificial intelligence and the fifth phase of political riskk.pdf,PDF,ZIP Arşivi İçinde (Books for Text_Eng-20260529T160906Z-3-001.zip),C:\Users\default.LAPTOP-OBA1HVU9\.antigravity-ide\Books\Books for Text_Eng-20260529T160906Z-3-001.zip -> Books for Text_Eng/Game Theory/AI_Game Theory/Artificial intelligence and the fifth phase of political riskk.pdf,Books for Text_Eng/Game Theory/AI_Game Theory,0.89
Ritual-of-the-Shriners.pdf,PDF,ZIP Arşivi İçinde (Books for Text_Eng-20260529T160906Z-3-001.zip),C:\Users\default.LAPTOP-OBA1HVU9\.antigravity-ide\Books\Books for Text_Eng-20260529T160906Z-3-001.zip -> Books for Text_Eng/DUVAR-Eng/Msn_Shrn/Ritual-of-the-Shriners.pdf,Books for Text_Eng/DUVAR-Eng/Msn_Shrn,0.76
Artificial-Intelligence-Game-Theory-And-Mechanism-Design-In-International-Politics-Tshilidzi-Marwala-full-chapter.pdf,PDF,ZIP Arşivi İçinde (Books for Text_Eng-20260529T160906Z-3-001.zip),C:\Users\default.LAPTOP-OBA1HVU9\.antigravity-ide\Books\Books for Text_Eng-20260529T160906Z-3-001.zip -> Books for Text_Eng/Game Theory/AI_Game Theory/Artificial-Intelligence-Game-Theory-And-Mechanism-Design-In-International-Politics-Tshilidzi-Marwala-full-chapter.pdf,Books for Text_Eng/Game Theory/AI_Game Theory,1.08
A Dictionary of Symbolical Masonry (George Oliver) (z-lib.org).pdf,PDF,ZIP Arşivi İçinde (Books for Text_Eng-20260529T160906Z-3-001.zip),C:\Users\default.LAPTOP-OBA1HVU9\.antigravity-ide\Books\Books for Text_Eng-20260529T160906Z-3-001.zip -> Books for Text_Eng/DUVAR-Eng/Msn_Symbol/A Dictionary of Symbolical Masonry (George Oliver) (z-lib.org).pdf,Books for Text_Eng/DUVAR-Eng/Msn_Symbol,8.9
Mystic-Shrine-Ritual-Ea-Cook.pdf,PDF,ZIP Arşivi İçinde (Books for Text_Eng-20260529T160906Z-3-001.zip),C:\Users\default.LAPTOP-OBA1HVU9\.antigravity-ide\Books\Books for Text_Eng-20260529T160906Z-3-001.zip -> Books for Text_Eng/DUVAR-Eng/Msn_Shrn/Mystic-Shrine-Ritual-Ea-Cook.pdf,Books for Text_Eng/DUVAR-Eng/Msn_Shrn,1.86
cl-tmt_1721-1956a.pdf,PDF,ZIP Arşivi İçinde (Books for Text_Eng-20260529T160906Z-3-001.zip),C:\Users\default.LAPTOP-OBA1HVU9\.antigravity-ide\Books\Books for Text_Eng-20260529T160906Z-3-001.zip -> Books for Text_Eng/DUVAR-Eng/Msn_Book/cl-tmt_1721-1956a.pdf,Books for Text_Eng/DUVAR-Eng/Msn_Book,3.76
Freemasonary in the Ottoman.pdf,PDF,ZIP Arşivi İçinde (Books for Text_Eng-20260529T160906Z-3-001.zip),C:\Users\default.LAPTOP-OBA1HVU9\.antigravity-ide\Books\Books for Text_Eng-20260529T160906Z-3-001.zip -> Books for Text_Eng/DUVAR-Eng/Msn_Book/Freemasonary in the Ottoman.pdf,Books for Text_Eng/DUVAR-Eng/Msn_Book,2.69
A New Sacred Geometry The Art and Science of Frank Chester (Seth Thomas Miller) (z-lib.org).pdf,PDF,ZIP Arşivi İçinde (Books for Text_Eng-20260529T160906Z-3-001.zip),C:\Users\default.LAPTOP-OBA1HVU9\.antigravity-ide\Books\Books for Text_Eng-20260529T160906Z-3-001.zip -> Books for Text_Eng/DUVAR-Eng/Msn_Symbol/A New Sacred Geometry The Art and Science of Frank Chester (Seth Thomas Miller) (z-lib.org).pdf,Books for Text_Eng/DUVAR-Eng/Msn_Symbol,16.05
Egyptian-Rite-of-Memphis.pdf,PDF,ZIP Arşivi İçinde (Books for Text_Eng-20260529T160906Z-3-001.zip),C:\Users\default.LAPTOP-OBA1HVU9\.antigravity-ide\Books\Books for Text_Eng-20260529T160906Z-3-001.zip -> Books for Text_Eng/DUVAR-Eng/Msn_Book/Egyptian-Rite-of-Memphis.pdf,Books for Text_Eng/DUVAR-Eng/Msn_Book,10.91
Project 2025-MandateF or Leadership.pdf,PDF,ZIP Arşivi İçinde (Books for Text_Eng-20260529T160906Z-3-001.zip),C:\Users\default.LAPTOP-OBA1HVU9\.antigravity-ide\Books\Books for Text_Eng-20260529T160906Z-3-001.zip -> Books for Text_Eng/Us_Project2025/Project 2025-MandateF or Leadership.pdf,Books for Text_Eng/Us_Project2025,4.5
The Rise of the Mafia. The Definitive Story of Organised Crime (Martin Short) (z-lib.org).epub,EPUB,ZIP Arşivi İçinde (Books for Text_Eng-20260529T160906Z-3-001.zip),C:\Users\default.LAPTOP-OBA1HVU9\.antigravity-ide\Books\Books for Text_Eng-20260529T160906Z-3-001.zip -> Books for Text_Eng/DUVAR-Eng/Msn_Gldy/The Rise of the Mafia. The Definitive Story of Organised Crime (Martin Short) (z-lib.org).epub,Books for Text_Eng/DUVAR-Eng/Msn_Gldy,0.61
Secrets-of-the-Shriners.pdf,PDF,ZIP Arşivi İçinde (Books for Text_Eng-20260529T160906Z-3-001.zip),C:\Users\default.LAPTOP-OBA1HVU9\.antigravity-ide\Books\Books for Text_Eng-20260529T160906Z-3-001.zip -> Books for Text_Eng/DUVAR-Eng/Msn_Shrn/Secrets-of-the-Shriners.pdf,Books for Text_Eng/DUVAR-Eng/Msn_Shrn,0.3
Game Theory Through Examples.pdf,PDF,ZIP Arşivi İçinde (Books for Text_Eng-20260529T160906Z-3-001.zip),C:\Users\default.LAPTOP-OBA1HVU9\.antigravity-ide\Books\Books for Text_Eng-20260529T160906Z-3-001.zip -> Books for Text_Eng/Game Theory/Game Theory Course/Game Theory Through Examples.pdf,Books for Text_Eng/Game Theory/Game Theory Course,0.39
Game Theory_Rand_1979.pdf,PDF,ZIP Arşivi İçinde (Books for Text_Eng-20260529T160906Z-3-001.zip),C:\Users\default.LAPTOP-OBA1HVU9\.antigravity-ide\Books\Books for Text_Eng-20260529T160906Z-3-001.zip -> Books for Text_Eng/Game Theory/Game Theory_Rand/Game Theory_Rand_1979.pdf,Books for Text_Eng/Game Theory/Game Theory_Rand,0.34
Sacred Geometry Philosophy and Practice (Robert Lawlor) (z-lib.org).pdf,PDF,ZIP Arşivi İçinde (Books for Text_Eng-20260529T160906Z-3-001.zip),C:\Users\default.LAPTOP-OBA1HVU9\.antigravity-ide\Books\Books for Text_Eng-20260529T160906Z-3-001.zip -> Books for Text_Eng/DUVAR-Eng/Msn_Symbol/Sacred Geometry Philosophy and Practice (Robert Lawlor) (z-lib.org).pdf,Books for Text_Eng/DUVAR-Eng/Msn_Symbol,17.97
RAND_2020_Hedgemony_Game of Stratgy.pdf,PDF,ZIP Arşivi İçinde (Books for Text_Eng-20260529T160906Z-3-001.zip),C:\Users\default.LAPTOP-OBA1HVU9\.antigravity-ide\Books\Books for Text_Eng-20260529T160906Z-3-001.zip -> Books for Text_Eng/Rand/RAND_2020_Hedgemony_Game of Stratgy.pdf,Books for Text_Eng/Rand,17.84
The Last Supper (Philip Willan) (z-lib.org).epub,EPUB,ZIP Arşivi İçinde (Books for Text_Eng-20260529T160906Z-3-001.zip),C:\Users\default.LAPTOP-OBA1HVU9\.antigravity-ide\Books\Books for Text_Eng-20260529T160906Z-3-001.zip -> Books for Text_Eng/DUVAR-Eng/Msn_Gldy/The Last Supper (Philip Willan) (z-lib.org).epub,Books for Text_Eng/DUVAR-Eng/Msn_Gldy,3.29
"Operation Gladio The Unholy Alliance between the Vatican, the CIA, and the Mafia (Paul L. Williams) (z-lib.org).epub",EPUB,ZIP Arşivi İçinde (Books for Text_Eng-20260529T160906Z-3-001.zip),"C:\Users\default.LAPTOP-OBA1HVU9\.antigravity-ide\Books\Books for Text_Eng-20260529T160906Z-3-001.zip -> Books for Text_Eng/DUVAR-Eng/Msn_Gldy/Operation Gladio The Unholy Alliance between the Vatican, the CIA, and the Mafia (Paul L. Williams) (z-lib.org).epub",Books for Text_Eng/DUVAR-Eng/Msn_Gldy,1.03
Shrine-Illustrated.pdf,PDF,ZIP Arşivi İçinde (Books for Text_Eng-20260529T160906Z-3-001.zip),C:\Users\default.LAPTOP-OBA1HVU9\.antigravity-ide\Books\Books for Text_Eng-20260529T160906Z-3-001.zip -> Books for Text_Eng/DUVAR-Eng/Msn_Shrn/Shrine-Illustrated.pdf,Books for Text_Eng/DUVAR-Eng/Msn_Shrn,2.31
Kora Shriners.pdf,PDF,ZIP Arşivi İçinde (Books for Text_Eng-20260529T160906Z-3-001.zip),C:\Users\default.LAPTOP-OBA1HVU9\.antigravity-ide\Books\Books for Text_Eng-20260529T160906Z-3-001.zip -> Books for Text_Eng/DUVAR-Eng/Msn_Shrn/Kora Shriners.pdf,Books for Text_Eng/DUVAR-Eng/Msn_Shrn,1.84
candidate-booklet (1).pdf,PDF,ZIP Arşivi İçinde (Books for Text_Eng-20260529T160906Z-3-001.zip),C:\Users\default.LAPTOP-OBA1HVU9\.antigravity-ide\Books\Books for Text_Eng-20260529T160906Z-3-001.zip -> Books for Text_Eng/DUVAR-Eng/Msn_Shrn/candidate-booklet (1).pdf,Books for Text_Eng/DUVAR-Eng/Msn_Shrn,1.84
meccatempleancie00anci.pdf,PDF,ZIP Arşivi İçinde (Books for Text_Eng-20260529T160906Z-3-001.zip),C:\Users\default.LAPTOP-OBA1HVU9\.antigravity-ide\Books\Books for Text_Eng-20260529T160906Z-3-001.zip -> Books for Text_Eng/DUVAR-Eng/Msn_Shrn/meccatempleancie00anci.pdf,Books for Text_Eng/DUVAR-Eng/Msn_Shrn,11.61
NATOs Secret Armies - Operation Gladio and Terrorism in Western Europe (Daniele Ganser) (z-lib.org).pdf,PDF,ZIP Arşivi İçinde (Books for Text_Eng-20260529T160906Z-3-001.zip),C:\Users\default.LAPTOP-OBA1HVU9\.antigravity-ide\Books\Books for Text_Eng-20260529T160906Z-3-001.zip -> Books for Text_Eng/DUVAR-Eng/Msn_Gldy/NATOs Secret Armies - Operation Gladio and Terrorism in Western Europe (Daniele Ganser) (z-lib.org).pdf,Books for Text_Eng/DUVAR-Eng/Msn_Gldy,2.88
Game-Theory for Business-Harvard.pdf,PDF,ZIP Arşivi İçinde (Books for Text_Eng-20260529T160906Z-3-001.zip),C:\Users\default.LAPTOP-OBA1HVU9\.antigravity-ide\Books\Books for Text_Eng-20260529T160906Z-3-001.zip -> Books for Text_Eng/Game Theory/Game Theory_Business/Game-Theory for Business-Harvard.pdf,Books for Text_Eng/Game Theory/Game Theory_Business,0.46
Game Theory and Machine Learnng.pdf,PDF,ZIP Arşivi İçinde (Books for Text_Eng-20260529T160906Z-3-001.zip),C:\Users\default.LAPTOP-OBA1HVU9\.antigravity-ide\Books\Books for Text_Eng-20260529T160906Z-3-001.zip -> Books for Text_Eng/Game Theory/AI_Game Theory/Game Theory and Machine Learnng.pdf,Books for Text_Eng/Game Theory/AI_Game Theory,5.93
Game Theory_Rand_1987.pdf,PDF,ZIP Arşivi İçinde (Books for Text_Eng-20260529T160906Z-3-001.zip),C:\Users\default.LAPTOP-OBA1HVU9\.antigravity-ide\Books\Books for Text_Eng-20260529T160906Z-3-001.zip -> Books for Text_Eng/Game Theory/Game Theory_Rand/Game Theory_Rand_1987.pdf,Books for Text_Eng/Game Theory/Game Theory_Rand,0.87
Shriner_Primer.pdf,PDF,ZIP Arşivi İçinde (Books for Text_Eng-20260529T160906Z-3-001.zip),C:\Users\default.LAPTOP-OBA1HVU9\.antigravity-ide\Books\Books for Text_Eng-20260529T160906Z-3-001.zip -> Books for Text_Eng/DUVAR-Eng/Msn_Shrn/Shriner_Primer.pdf,Books for Text_Eng/DUVAR-Eng/Msn_Shrn,3.03
Dark Mysteries of the Vatican    (H. Paul Jeffers) (z-lib.org).epub,EPUB,ZIP Arşivi İçinde (Books for Text_Eng-20260529T160906Z-3-001.zip),C:\Users\default.LAPTOP-OBA1HVU9\.antigravity-ide\Books\Books for Text_Eng-20260529T160906Z-3-001.zip -> Books for Text_Eng/DUVAR-Eng/Vatkn/Dark Mysteries of the Vatican    (H. Paul Jeffers) (z-lib.org).epub,Books for Text_Eng/DUVAR-Eng/Vatkn,0.59
Yahudilik Masonluk Dönmelik (Necip Fazıl Kısakürek) (z-lib.org).pdf,PDF,ZIP Arşivi İçinde (Books for Text_Eng-20260529T160906Z-3-001.zip),C:\Users\default.LAPTOP-OBA1HVU9\.antigravity-ide\Books\Books for Text_Eng-20260529T160906Z-3-001.zip -> Books for Text_Eng/DUVAR-Eng/Msn_Trk/Yahudilik Masonluk Dönmelik (Necip Fazıl Kısakürek) (z-lib.org).pdf,Books for Text_Eng/DUVAR-Eng/Msn_Trk,6.89
Game Theory-Business Strategy.pdf,PDF,ZIP Arşivi İçinde (Books for Text_Eng-20260529T160906Z-3-001.zip),C:\Users\default.LAPTOP-OBA1HVU9\.antigravity-ide\Books\Books for Text_Eng-20260529T160906Z-3-001.zip -> Books for Text_Eng/Game Theory/Game Theory_Business/Game Theory-Business Strategy.pdf,Books for Text_Eng/Game Theory/Game Theory_Business,0.28
Secret Practices of the Sufi Freemasons The Islamic Teachings at the Heart of Alchemy (Rudolf von Sebottendorff) (z-lib.org) (1).epub,EPUB,ZIP Arşivi İçinde (Books for Text_Eng-20260529T160906Z-3-001.zip),C:\Users\default.LAPTOP-OBA1HVU9\.antigravity-ide\Books\Books for Text_Eng-20260529T160906Z-3-001.zip -> Books for Text_Eng/DUVAR-Eng/Msn_Trk/Secret Practices of the Sufi Freemasons The Islamic Teachings at the Heart of Alchemy (Rudolf von Sebottendorff) (z-lib.org) (1).epub,Books for Text_Eng/DUVAR-Eng/Msn_Trk,0.38
17_degerler_ve_cikarlar_abdnin_ortadogu.pdf,PDF,ZIP Arşivi İçinde (Books for Text_Eng-20260529T160906Z-3-001.zip),C:\Users\default.LAPTOP-OBA1HVU9\.antigravity-ide\Books\Books for Text_Eng-20260529T160906Z-3-001.zip -> Books for Text_Eng/DUVAR-Eng/Msn_Eng_Pdf/17_degerler_ve_cikarlar_abdnin_ortadogu.pdf,Books for Text_Eng/DUVAR-Eng/Msn_Eng_Pdf,0.36
Game theory Solved exercises.pdf,PDF,ZIP Arşivi İçinde (Books for Text_Eng-20260529T160906Z-3-001.zip),C:\Users\default.LAPTOP-OBA1HVU9\.antigravity-ide\Books\Books for Text_Eng-20260529T160906Z-3-001.zip -> Books for Text_Eng/Game Theory/Game Theory Course/Game theory Solved exercises.pdf,Books for Text_Eng/Game Theory/Game Theory Course,1.89
10.33630-ausbf.570931-725075.pdf,PDF,ZIP Arşivi İçinde (Books for Text_Eng-20260529T160906Z-3-001.zip),C:\Users\default.LAPTOP-OBA1HVU9\.antigravity-ide\Books\Books for Text_Eng-20260529T160906Z-3-001.zip -> Books for Text_Eng/DUVAR-Eng/Msn_Eng_Pdf/10.33630-ausbf.570931-725075.pdf,Books for Text_Eng/DUVAR-Eng/Msn_Eng_Pdf,0.89
Game of Strategy_Rand_1961.pdf,PDF,ZIP Arşivi İçinde (Books for Text_Eng-20260529T160906Z-3-001.zip),C:\Users\default.LAPTOP-OBA1HVU9\.antigravity-ide\Books\Books for Text_Eng-20260529T160906Z-3-001.zip -> Books for Text_Eng/Game Theory/Game Theory_Rand/Game of Strategy_Rand_1961.pdf,Books for Text_Eng/Game Theory/Game Theory_Rand,6.1
Anti Globalization.pdf,PDF,ZIP Arşivi İçinde (Books for Text_Eng-20260529T160906Z-3-001.zip),C:\Users\default.LAPTOP-OBA1HVU9\.antigravity-ide\Books\Books for Text_Eng-20260529T160906Z-3-001.zip -> Books for Text_Eng/DUVAR-Eng/Msn_Eng_Pdf/Anti Globalization.pdf,Books for Text_Eng/DUVAR-Eng/Msn_Eng_Pdf,0.15
Compleat Strategyst_Game Theory_Rand_1954.pdf,PDF,ZIP Arşivi İçinde (Books for Text_Eng-20260529T160906Z-3-001.zip),C:\Users\default.LAPTOP-OBA1HVU9\.antigravity-ide\Books\Books for Text_Eng-20260529T160906Z-3-001.zip -> Books for Text_Eng/Game Theory/Game Theory_Rand/Compleat Strategyst_Game Theory_Rand_1954.pdf,Books for Text_Eng/Game Theory/Game Theory_Rand,7.83
Coup For Dummies_Fake Coup.pdf,PDF,ZIP Arşivi İçinde (Books for Text_Eng-20260529T160906Z-3-001.zip),C:\Users\default.LAPTOP-OBA1HVU9\.antigravity-ide\Books\Books for Text_Eng-20260529T160906Z-3-001.zip -> Books for Text_Eng/July 15_Eng/Coup For Dummies_Fake Coup.pdf,Books for Text_Eng/July 15_Eng,11.39
"The autobiography of Harry S. Truman (Harry S. Truman, Robert H. Ferrell) (z-lib.org).epub",EPUB,ZIP Arşivi İçinde (Books for Text_Eng-20260529T160906Z-3-001.zip),"C:\Users\default.LAPTOP-OBA1HVU9\.antigravity-ide\Books\Books for Text_Eng-20260529T160906Z-3-001.zip -> Books for Text_Eng/DUVAR-Eng/Truman/The autobiography of Harry S. Truman (Harry S. Truman, Robert H. Ferrell) (z-lib.org).epub",Books for Text_Eng/DUVAR-Eng/Truman,1.42
~$litical_Game_Theory_Princeton.docx,DOCX,ZIP Arşivi İçinde (Books for Text_Eng-20260529T160906Z-3-001.zip),C:\Users\default.LAPTOP-OBA1HVU9\.antigravity-ide\Books\Books for Text_Eng-20260529T160906Z-3-001.zip -> Books for Text_Eng/Game Theory/Game Theory_Political/~$litical_Game_Theory_Princeton.docx,Books for Text_Eng/Game Theory/Game Theory_Political,0.0
Project 2025-MandateF or Leadership.docx,DOCX,ZIP Arşivi İçinde (Books for Text_Eng-20260529T160906Z-3-001.zip),C:\Users\default.LAPTOP-OBA1HVU9\.antigravity-ide\Books\Books for Text_Eng-20260529T160906Z-3-001.zip -> Books for Text_Eng/Us_Project2025/Project 2025-MandateF or Leadership.docx,Books for Text_Eng/Us_Project2025,2.8
TheHiddenPowerOfFreemasonry.pdf,PDF,ZIP Arşivi İçinde (Books for Text_Eng-20260529T160906Z-3-001.zip),C:\Users\default.LAPTOP-OBA1HVU9\.antigravity-ide\Books\Books for Text_Eng-20260529T160906Z-3-001.zip -> Books for Text_Eng/DUVAR-Eng/Msn_Eng_Pdf/TheHiddenPowerOfFreemasonry.pdf,Books for Text_Eng/DUVAR-Eng/Msn_Eng_Pdf,1.02
The-Secret-Ritual.pdf,PDF,ZIP Arşivi İçinde (Books for Text_Eng-20260529T160906Z-3-001.zip),C:\Users\default.LAPTOP-OBA1HVU9\.antigravity-ide\Books\Books for Text_Eng-20260529T160906Z-3-001.zip -> Books for Text_Eng/DUVAR-Eng/Msn_Shrn/The-Secret-Ritual.pdf,Books for Text_Eng/DUVAR-Eng/Msn_Shrn,1.12
The Rise of Turkey The Twenty-First Century’s First Muslim Power (Soner Cagaptay) (https___z-lib.org).pdf,PDF,ZIP Arşivi İçinde (Books for Text_Eng-20260529T160906Z-3-001.zip),C:\Users\default.LAPTOP-OBA1HVU9\.antigravity-ide\Books\Books for Text_Eng-20260529T160906Z-3-001.zip -> Books for Text_Eng/Rand/The Rise of Turkey The Twenty-First Century’s First Muslim Power (Soner Cagaptay) (https___z-lib.org).pdf,Books for Text_Eng/Rand,2.11
Freemasonry in the Ottoman Empire  a history of the Fraternity and its influence in Syria and the Levant (Dorothea Sommer) (z-lib.org).epub,EPUB,ZIP Arşivi İçinde (Books for Text_Eng-20260529T160906Z-3-001.zip),C:\Users\default.LAPTOP-OBA1HVU9\.antigravity-ide\Books\Books for Text_Eng-20260529T160906Z-3-001.zip -> Books for Text_Eng/DUVAR-Eng/Msn_Trk/Freemasonry in the Ottoman Empire  a history of the Fraternity and its influence in Syria and the Levant (Dorothea Sommer) (z-lib.org).epub,Books for Text_Eng/DUVAR-Eng/Msn_Trk,6.11
Thomas Dunckerley and English Freemasonry (Susan Mitchell Sommers) (z-lib.org).pdf,PDF,ZIP Arşivi İçinde (Books for Text_Eng-20260529T160906Z-3-001.zip),C:\Users\default.LAPTOP-OBA1HVU9\.antigravity-ide\Books\Books for Text_Eng-20260529T160906Z-3-001.zip -> Books for Text_Eng/DUVAR-Eng/Msn_ing/Thomas Dunckerley and English Freemasonry (Susan Mitchell Sommers) (z-lib.org).pdf,Books for Text_Eng/DUVAR-Eng/Msn_ing,0.92
The Templars The History and the Myth From Solomons Temple to the Freemasons (Michael Haag) (z-lib.org).epub,EPUB,ZIP Arşivi İçinde (Books for Text_Eng-20260529T160906Z-3-001.zip),C:\Users\default.LAPTOP-OBA1HVU9\.antigravity-ide\Books\Books for Text_Eng-20260529T160906Z-3-001.zip -> Books for Text_Eng/DUVAR-Eng/Msn_Templars/The Templars The History and the Myth From Solomons Temple to the Freemasons (Michael Haag) (z-lib.org).epub,Books for Text_Eng/DUVAR-Eng/Msn_Templars,0.42
Global Leadership.pdf,PDF,ZIP Arşivi İçinde (Books for Text_Eng-20260529T160906Z-3-001.zip),C:\Users\default.LAPTOP-OBA1HVU9\.antigravity-ide\Books\Books for Text_Eng-20260529T160906Z-3-001.zip -> Books for Text_Eng/DUVAR-Eng/Msn_Eng_Pdf/Global Leadership.pdf,Books for Text_Eng/DUVAR-Eng/Msn_Eng_Pdf,0.95
Four Masonic Elements.pdf,PDF,ZIP Arşivi İçinde (Books for Text_Eng-20260529T160906Z-3-001.zip),C:\Users\default.LAPTOP-OBA1HVU9\.antigravity-ide\Books\Books for Text_Eng-20260529T160906Z-3-001.zip -> Books for Text_Eng/DUVAR-Eng/Msn_Eng_Pdf/Four Masonic Elements.pdf,Books for Text_Eng/DUVAR-Eng/Msn_Eng_Pdf,0.56
"The Practice of the Ancient Turkish Freemasons The Key to the Understanding of Alchemy A Presentation of the Ritual, Doctrine... (Rudolf von Sebottendorf) (z-lib.org).pdf",PDF,ZIP Arşivi İçinde (Books for Text_Eng-20260529T160906Z-3-001.zip),"C:\Users\default.LAPTOP-OBA1HVU9\.antigravity-ide\Books\Books for Text_Eng-20260529T160906Z-3-001.zip -> Books for Text_Eng/DUVAR-Eng/Msn_Shrn/The Practice of the Ancient Turkish Freemasons The Key to the Understanding of Alchemy A Presentation of the Ritual, Doctrine... (Rudolf von Sebottendorf) (z-lib.org).pdf",Books for Text_Eng/DUVAR-Eng/Msn_Shrn,4.29
Morals-and-Dogma-of-the-Ancient-and-Accepted-Scottish-Rite.pdf,PDF,ZIP Arşivi İçinde (Books for Text_Eng-20260529T160906Z-3-001.zip),C:\Users\default.LAPTOP-OBA1HVU9\.antigravity-ide\Books\Books for Text_Eng-20260529T160906Z-3-001.zip -> Books for Text_Eng/DUVAR-Eng/Msn_Book/Morals-and-Dogma-of-the-Ancient-and-Accepted-Scottish-Rite.pdf,Books for Text_Eng/DUVAR-Eng/Msn_Book,5.35
The Secrets of Freemasonry (Robert Lomas) (z-lib.org).epub,EPUB,ZIP Arşivi İçinde (Books for Text_Eng-20260529T160906Z-3-001.zip),C:\Users\default.LAPTOP-OBA1HVU9\.antigravity-ide\Books\Books for Text_Eng-20260529T160906Z-3-001.zip -> Books for Text_Eng/DUVAR-Eng/Msn_ing/The Secrets of Freemasonry (Robert Lomas) (z-lib.org).epub,Books for Text_Eng/DUVAR-Eng/Msn_ing,1.01
Compleat Strategyst_Game Theory_Rand_1954.pdf,PDF,ZIP Arşivi İçinde (Books for Text_Eng-20260529T160906Z-3-001.zip),C:\Users\default.LAPTOP-OBA1HVU9\.antigravity-ide\Books\Books for Text_Eng-20260529T160906Z-3-001.zip -> Books for Text_Eng/Rand/Compleat Strategyst_Game Theory_Rand_1954.pdf,Books for Text_Eng/Rand,7.83
~$t-Game_Theory_Princeton.docx,DOCX,ZIP Arşivi İçinde (Books for Text_Eng-20260529T160906Z-3-001.zip),C:\Users\default.LAPTOP-OBA1HVU9\.antigravity-ide\Books\Books for Text_Eng-20260529T160906Z-3-001.zip -> Books for Text_Eng/Game Theory/Game Theory/~$t-Game_Theory_Princeton.docx,Books for Text_Eng/Game Theory/Game Theory,0.0
War of Anti-Christ with the Church and Christian.pdf,PDF,ZIP Arşivi İçinde (Books for Text_Eng-20260529T160906Z-3-001.zip),C:\Users\default.LAPTOP-OBA1HVU9\.antigravity-ide\Books\Books for Text_Eng-20260529T160906Z-3-001.zip -> Books for Text_Eng/DUVAR-Eng/Msn_Eng_Pdf/War of Anti-Christ with the Church and Christian.pdf,Books for Text_Eng/DUVAR-Eng/Msn_Eng_Pdf,0.79
~$me_Theory_Princeton.docx,DOCX,ZIP Arşivi İçinde (Books for Text_Eng-20260529T160906Z-3-001.zip),C:\Users\default.LAPTOP-OBA1HVU9\.antigravity-ide\Books\Books for Text_Eng-20260529T160906Z-3-001.zip -> Books for Text_Eng/Game Theory/Game Theory/~$me_Theory_Princeton.docx,Books for Text_Eng/Game Theory/Game Theory,0.0
Freemasonry History.pdf,PDF,ZIP Arşivi İçinde (Books for Text_Eng-20260529T160906Z-3-001.zip),C:\Users\default.LAPTOP-OBA1HVU9\.antigravity-ide\Books\Books for Text_Eng-20260529T160906Z-3-001.zip -> Books for Text_Eng/DUVAR-Eng/Msn_Eng_Pdf/Freemasonry History.pdf,Books for Text_Eng/DUVAR-Eng/Msn_Eng_Pdf,0.34
The-5-Principles-of-ISLAM.pdf,PDF,ZIP Arşivi İçinde (Books for Text_Eng-20260529T160906Z-3-001.zip),C:\Users\default.LAPTOP-OBA1HVU9\.antigravity-ide\Books\Books for Text_Eng-20260529T160906Z-3-001.zip -> Books for Text_Eng/DUVAR-Eng/Msn_Shrn/The-5-Principles-of-ISLAM.pdf,Books for Text_Eng/DUVAR-Eng/Msn_Shrn,10.36
"Builders of Empire Freemasons and British Imperialism, 1717-1927 (Jessica L. Harland-Jacobs) (z-lib.org).epub",EPUB,ZIP Arşivi İçinde (Books for Text_Eng-20260529T160906Z-3-001.zip),"C:\Users\default.LAPTOP-OBA1HVU9\.antigravity-ide\Books\Books for Text_Eng-20260529T160906Z-3-001.zip -> Books for Text_Eng/DUVAR-Eng/Msn_ing/Builders of Empire Freemasons and British Imperialism, 1717-1927 (Jessica L. Harland-Jacobs) (z-lib.org).epub",Books for Text_Eng/DUVAR-Eng/Msn_ing,3.0
"Classical, Modern and New Game Theory-Yale.pdf",PDF,ZIP Arşivi İçinde (Books for Text_Eng-20260529T160906Z-3-001.zip),"C:\Users\default.LAPTOP-OBA1HVU9\.antigravity-ide\Books\Books for Text_Eng-20260529T160906Z-3-001.zip -> Books for Text_Eng/Game Theory/Game Theory/Classical, Modern and New Game Theory-Yale.pdf",Books for Text_Eng/Game Theory/Game Theory,0.12
Game Theory-Business and Economics-Springer-2015.pdf,PDF,ZIP Arşivi İçinde (Books for Text_Eng-20260529T160906Z-3-001.zip),C:\Users\default.LAPTOP-OBA1HVU9\.antigravity-ide\Books\Books for Text_Eng-20260529T160906Z-3-001.zip -> Books for Text_Eng/Game Theory/Game Theory_Business/Game Theory-Business and Economics-Springer-2015.pdf,Books for Text_Eng/Game Theory/Game Theory_Business,3.37
THOMAS-DISSERTATION.pdf,PDF,ZIP Arşivi İçinde (Books for Text_Eng-20260529T160906Z-3-001.zip),C:\Users\default.LAPTOP-OBA1HVU9\.antigravity-ide\Books\Books for Text_Eng-20260529T160906Z-3-001.zip -> Books for Text_Eng/DUVAR-Eng/Msn_Eng_Pdf/THOMAS-DISSERTATION.pdf,Books for Text_Eng/DUVAR-Eng/Msn_Eng_Pdf,7.41
"Osborne, Game Theory, Nash.pdf",PDF,ZIP Arşivi İçinde (Books for Text_Eng-20260529T160906Z-3-001.zip),"C:\Users\default.LAPTOP-OBA1HVU9\.antigravity-ide\Books\Books for Text_Eng-20260529T160906Z-3-001.zip -> Books for Text_Eng/Game Theory/Game Theory/Osborne, Game Theory, Nash.pdf",Books for Text_Eng/Game Theory/Game Theory,0.29
Political Game Theory-Cambridge.pdf,PDF,ZIP Arşivi İçinde (Books for Text_Eng-20260529T160906Z-3-001.zip),C:\Users\default.LAPTOP-OBA1HVU9\.antigravity-ide\Books\Books for Text_Eng-20260529T160906Z-3-001.zip -> Books for Text_Eng/Game Theory/Game Theory_Political/Political Game Theory-Cambridge.pdf,Books for Text_Eng/Game Theory/Game Theory_Political,1.8
Game-Theory for Decision-Making.pdf,PDF,ZIP Arşivi İçinde (Books for Text_Eng-20260529T160906Z-3-001.zip),C:\Users\default.LAPTOP-OBA1HVU9\.antigravity-ide\Books\Books for Text_Eng-20260529T160906Z-3-001.zip -> Books for Text_Eng/Game Theory/Game Theory/Game-Theory for Decision-Making.pdf,Books for Text_Eng/Game Theory/Game Theory,1.29
Masonic Networks.pdf,PDF,ZIP Arşivi İçinde (Books for Text_Eng-20260529T160906Z-3-001.zip),C:\Users\default.LAPTOP-OBA1HVU9\.antigravity-ide\Books\Books for Text_Eng-20260529T160906Z-3-001.zip -> Books for Text_Eng/DUVAR-Eng/Msn_Eng_Pdf/Masonic Networks.pdf,Books for Text_Eng/DUVAR-Eng/Msn_Eng_Pdf,1.95
Masonry Inside Out ( etc.) (z-lib.org).epub,EPUB,ZIP Arşivi İçinde (Books for Text_Eng-20260529T160906Z-3-001.zip),C:\Users\default.LAPTOP-OBA1HVU9\.antigravity-ide\Books\Books for Text_Eng-20260529T160906Z-3-001.zip -> Books for Text_Eng/DUVAR-Eng/Msn_insd/Masonry Inside Out ( etc.) (z-lib.org).epub,Books for Text_Eng/DUVAR-Eng/Msn_insd,0.17
Algorithmic-Game-Theory.pdf,PDF,ZIP Arşivi İçinde (Books for Text_Eng-20260529T160906Z-3-001.zip),C:\Users\default.LAPTOP-OBA1HVU9\.antigravity-ide\Books\Books for Text_Eng-20260529T160906Z-3-001.zip -> Books for Text_Eng/Game Theory/AI_Game Theory/Algorithmic-Game-Theory.pdf,Books for Text_Eng/Game Theory/AI_Game Theory,5.17
"10,000 Famous Freemasons (William R. Denslow) (z-lib.org) (1).pdf",PDF,ZIP Arşivi İçinde (Books for Text_Eng-20260529T160906Z-3-001.zip),"C:\Users\default.LAPTOP-OBA1HVU9\.antigravity-ide\Books\Books for Text_Eng-20260529T160906Z-3-001.zip -> Books for Text_Eng/DUVAR-Eng/Msn_Famous/10,000 Famous Freemasons (William R. Denslow) (z-lib.org) (1).pdf",Books for Text_Eng/DUVAR-Eng/Msn_Famous,0.43
"Games, Information,  and politics.pdf",PDF,ZIP Arşivi İçinde (Books for Text_Eng-20260529T160906Z-3-001.zip),"C:\Users\default.LAPTOP-OBA1HVU9\.antigravity-ide\Books\Books for Text_Eng-20260529T160906Z-3-001.zip -> Books for Text_Eng/Game Theory/Game Theory_Political/Games, Information,  and politics.pdf",Books for Text_Eng/Game Theory/Game Theory_Political,2.96
Code_Texe Marrs-x.pdf,PDF,ZIP Arşivi İçinde (Books for Text_Eng-20260529T160906Z-3-001.zip),C:\Users\default.LAPTOP-OBA1HVU9\.antigravity-ide\Books\Books for Text_Eng-20260529T160906Z-3-001.zip -> Books for Text_Eng/DUVAR-Eng/Msn_Book/Code_Texe Marrs-x.pdf,Books for Text_Eng/DUVAR-Eng/Msn_Book,31.44
An Introductıon To Game Theory-Torono.pdf,PDF,ZIP Arşivi İçinde (Books for Text_Eng-20260529T160906Z-3-001.zip),C:\Users\default.LAPTOP-OBA1HVU9\.antigravity-ide\Books\Books for Text_Eng-20260529T160906Z-3-001.zip -> Books for Text_Eng/Game Theory/Game Theory/An Introductıon To Game Theory-Torono.pdf,Books for Text_Eng/Game Theory/Game Theory,0.84
Political_Game_Theory_Princeton.pdf,PDF,ZIP Arşivi İçinde (Books for Text_Eng-20260529T160906Z-3-001.zip),C:\Users\default.LAPTOP-OBA1HVU9\.antigravity-ide\Books\Books for Text_Eng-20260529T160906Z-3-001.zip -> Books for Text_Eng/Game Theory/Game Theory_Political/Political_Game_Theory_Princeton.pdf,Books for Text_Eng/Game Theory/Game Theory_Political,2.85
"Rule by Secrecy The Hidden History that Connects the Trilateral Commission, the Freemasons  the Great Pyramids (Jim Marrs) (z-lib.org) (1).epub",EPUB,ZIP Arşivi İçinde (Books for Text_Eng-20260529T160906Z-3-001.zip),"C:\Users\default.LAPTOP-OBA1HVU9\.antigravity-ide\Books\Books for Text_Eng-20260529T160906Z-3-001.zip -> Books for Text_Eng/DUVAR-Eng/Illmnt/Rule by Secrecy The Hidden History that Connects the Trilateral Commission, the Freemasons  the Great Pyramids (Jim Marrs) (z-lib.org) (1).epub",Books for Text_Eng/DUVAR-Eng/Illmnt,0.8
Game Theory Course-MIT-Rubinsten.pdf,PDF,ZIP Arşivi İçinde (Books for Text_Eng-20260529T160906Z-3-001.zip),C:\Users\default.LAPTOP-OBA1HVU9\.antigravity-ide\Books\Books for Text_Eng-20260529T160906Z-3-001.zip -> Books for Text_Eng/Game Theory/Game Theory Course/Game Theory Course-MIT-Rubinsten.pdf,Books for Text_Eng/Game Theory/Game Theory Course,1.61
The Illuminati Facts and Fiction (Mark Dice) (z-lib.org).epub,EPUB,ZIP Arşivi İçinde (Books for Text_Eng-20260529T160906Z-3-001.zip),C:\Users\default.LAPTOP-OBA1HVU9\.antigravity-ide\Books\Books for Text_Eng-20260529T160906Z-3-001.zip -> Books for Text_Eng/DUVAR-Eng/Illmnt/The Illuminati Facts and Fiction (Mark Dice) (z-lib.org).epub,Books for Text_Eng/DUVAR-Eng/Illmnt,0.48
Strategy and Politics_ An Introduction to Game Theory.pdf,PDF,ZIP Arşivi İçinde (Books for Text_Eng-20260529T160906Z-3-001.zip),C:\Users\default.LAPTOP-OBA1HVU9\.antigravity-ide\Books\Books for Text_Eng-20260529T160906Z-3-001.zip -> Books for Text_Eng/Game Theory/Game Theory_Political/Strategy and Politics_ An Introduction to Game Theory.pdf,Books for Text_Eng/Game Theory/Game Theory_Political,2.41
Game Theory Solved Exercises-- Bonanno.pdf,PDF,ZIP Arşivi İçinde (Books for Text_Eng-20260529T160906Z-3-001.zip),C:\Users\default.LAPTOP-OBA1HVU9\.antigravity-ide\Books\Books for Text_Eng-20260529T160906Z-3-001.zip -> Books for Text_Eng/Game Theory/Game Theory Course/Game Theory Solved Exercises-- Bonanno.pdf,Books for Text_Eng/Game Theory/Game Theory Course,5.21
Game Theory_Introduction-Oxford.pdf,PDF,ZIP Arşivi İçinde (Books for Text_Eng-20260529T160906Z-3-001.zip),C:\Users\default.LAPTOP-OBA1HVU9\.antigravity-ide\Books\Books for Text_Eng-20260529T160906Z-3-001.zip -> Books for Text_Eng/Game Theory/Game Theory/Game Theory_Introduction-Oxford.pdf,Books for Text_Eng/Game Theory/Game Theory,2.99
A Manual for Officers of Subordinate Bodies Ancient Accepted Scottish Rite of Freemasonry (coll.) (z-lib.org).pdf,PDF,ZIP Arşivi İçinde (Books for Text_Eng-20260529T160906Z-3-001.zip),C:\Users\default.LAPTOP-OBA1HVU9\.antigravity-ide\Books\Books for Text_Eng-20260529T160906Z-3-001.zip -> Books for Text_Eng/DUVAR-Eng/Msn_Rules/A Manual for Officers of Subordinate Bodies Ancient Accepted Scottish Rite of Freemasonry (coll.) (z-lib.org).pdf,Books for Text_Eng/DUVAR-Eng/Msn_Rules,1.7
Game-Theory_Analysis of Conflict_Harvard.pdf,PDF,ZIP Arşivi İçinde (Books for Text_Eng-20260529T160906Z-3-001.zip),C:\Users\default.LAPTOP-OBA1HVU9\.antigravity-ide\Books\Books for Text_Eng-20260529T160906Z-3-001.zip -> Books for Text_Eng/Game Theory/Game Theory/Game-Theory_Analysis of Conflict_Harvard.pdf,Books for Text_Eng/Game Theory/Game Theory,5.73
"Morals and Dogma of the Ancient and Accepted Scottish Rite of Freemasonry (Albert Pike [Pike, Albert]) (z-lib.org).epub",EPUB,ZIP Arşivi İçinde (Books for Text_Eng-20260529T160906Z-3-001.zip),"C:\Users\default.LAPTOP-OBA1HVU9\.antigravity-ide\Books\Books for Text_Eng-20260529T160906Z-3-001.zip -> Books for Text_Eng/DUVAR-Eng/Msn_Rules/Morals and Dogma of the Ancient and Accepted Scottish Rite of Freemasonry (Albert Pike [Pike, Albert]) (z-lib.org).epub",Books for Text_Eng/DUVAR-Eng/Msn_Rules,1.01
The Freemasons in America Inside the Secret Society (H. Paul Jeffers) (z-lib.org).epub,EPUB,ZIP Arşivi İçinde (Books for Text_Eng-20260529T160906Z-3-001.zip),C:\Users\default.LAPTOP-OBA1HVU9\.antigravity-ide\Books\Books for Text_Eng-20260529T160906Z-3-001.zip -> Books for Text_Eng/DUVAR-Eng/Msn_Abd/The Freemasons in America Inside the Secret Society (H. Paul Jeffers) (z-lib.org).epub,Books for Text_Eng/DUVAR-Eng/Msn_Abd,0.51
Manual for Officers (1982) Freemasonry ( etc.) (z-lib.org).pdf,PDF,ZIP Arşivi İçinde (Books for Text_Eng-20260529T160906Z-3-001.zip),C:\Users\default.LAPTOP-OBA1HVU9\.antigravity-ide\Books\Books for Text_Eng-20260529T160906Z-3-001.zip -> Books for Text_Eng/DUVAR-Eng/Msn_Rules/Manual for Officers (1982) Freemasonry ( etc.) (z-lib.org).pdf,Books for Text_Eng/DUVAR-Eng/Msn_Rules,3.59
soner-yalçın-efendi-1-beyaz-türklerin-büyük-sırrı.pdf,PDF,ZIP Arşivi İçinde (Books for Text_Eng-20260529T160906Z-3-001.zip),C:\Users\default.LAPTOP-OBA1HVU9\.antigravity-ide\Books\Books for Text_Eng-20260529T160906Z-3-001.zip -> Books for Text_Eng/DUVAR-Eng/Msn_Book/soner-yalçın-efendi-1-beyaz-türklerin-büyük-sırrı.pdf,Books for Text_Eng/DUVAR-Eng/Msn_Book,2.95
Game Theory-and-Strategy.pdf,PDF,ZIP Arşivi İçinde (Books for Text_Eng-20260529T160906Z-3-001.zip),C:\Users\default.LAPTOP-OBA1HVU9\.antigravity-ide\Books\Books for Text_Eng-20260529T160906Z-3-001.zip -> Books for Text_Eng/Game Theory/Game Theory/Game Theory-and-Strategy.pdf,Books for Text_Eng/Game Theory/Game Theory,9.92
"The Israel Lobby and U.S. Foreign Policy (John J. Mearsheimer, Stephen M. Walt) (z-lib.org).epub",EPUB,ZIP Arşivi İçinde (Books for Text_Eng-20260529T160906Z-3-001.zip),"C:\Users\default.LAPTOP-OBA1HVU9\.antigravity-ide\Books\Books for Text_Eng-20260529T160906Z-3-001.zip -> Books for Text_Eng/DUVAR-Eng/zjew/The Israel Lobby and U.S. Foreign Policy (John J. Mearsheimer, Stephen M. Walt) (z-lib.org).epub",Books for Text_Eng/DUVAR-Eng/zjew,210.86
Global-Britain-An-American-Review.pdf,PDF,ZIP Arşivi İçinde (Books for Text_Eng-20260529T160906Z-3-001.zip),C:\Users\default.LAPTOP-OBA1HVU9\.antigravity-ide\Books\Books for Text_Eng-20260529T160906Z-3-001.zip -> Books for Text_Eng/DUVAR-Eng/Msn_Eng_Pdf/Global-Britain-An-American-Review.pdf,Books for Text_Eng/DUVAR-Eng/Msn_Eng_Pdf,5.67
"The Jews of France A History from Antiquity to the Present. (Esther Benbassa, M. B. Debevoise) (z-lib.org).epub",EPUB,ZIP Arşivi İçinde (Books for Text_Eng-20260529T160906Z-3-001.zip),"C:\Users\default.LAPTOP-OBA1HVU9\.antigravity-ide\Books\Books for Text_Eng-20260529T160906Z-3-001.zip -> Books for Text_Eng/DUVAR-Eng/zjew/The Jews of France A History from Antiquity to the Present. (Esther Benbassa, M. B. Debevoise) (z-lib.org).epub",Books for Text_Eng/DUVAR-Eng/zjew,0.36
"The Jews And Modern Capitalism (Sombart, Werner) (z-lib.org).epub",EPUB,ZIP Arşivi İçinde (Books for Text_Eng-20260529T160906Z-3-001.zip),"C:\Users\default.LAPTOP-OBA1HVU9\.antigravity-ide\Books\Books for Text_Eng-20260529T160906Z-3-001.zip -> Books for Text_Eng/DUVAR-Eng/zjew/The Jews And Modern Capitalism (Sombart, Werner) (z-lib.org).epub",Books for Text_Eng/DUVAR-Eng/zjew,0.32
Manual of Freemasonry (Richard Carlile) (z-lib.org).pdf,PDF,ZIP Arşivi İçinde (Books for Text_Eng-20260529T160906Z-3-001.zip),C:\Users\default.LAPTOP-OBA1HVU9\.antigravity-ide\Books\Books for Text_Eng-20260529T160906Z-3-001.zip -> Books for Text_Eng/DUVAR-Eng/Msn_Rules/Manual of Freemasonry (Richard Carlile) (z-lib.org).pdf,Books for Text_Eng/DUVAR-Eng/Msn_Rules,1.09
The Jewish State (Theodor Herzl) (z-lib.org).epub,EPUB,ZIP Arşivi İçinde (Books for Text_Eng-20260529T160906Z-3-001.zip),C:\Users\default.LAPTOP-OBA1HVU9\.antigravity-ide\Books\Books for Text_Eng-20260529T160906Z-3-001.zip -> Books for Text_Eng/DUVAR-Eng/zjew/The Jewish State (Theodor Herzl) (z-lib.org).epub,Books for Text_Eng/DUVAR-Eng/zjew,0.1
Game Theory_Oxford_Graham Rom.pdf,PDF,ZIP Arşivi İçinde (Books for Text_Eng-20260529T160906Z-3-001.zip),C:\Users\default.LAPTOP-OBA1HVU9\.antigravity-ide\Books\Books for Text_Eng-20260529T160906Z-3-001.zip -> Books for Text_Eng/Game Theory/Game Theory/Game Theory_Oxford_Graham Rom.pdf,Books for Text_Eng/Game Theory/Game Theory,17.8
"That Religion in Which All Men Agree freemasonry in American culture (FreemasonsHackett, David G) (z-lib.org).epub",EPUB,ZIP Arşivi İçinde (Books for Text_Eng-20260529T160906Z-3-001.zip),"C:\Users\default.LAPTOP-OBA1HVU9\.antigravity-ide\Books\Books for Text_Eng-20260529T160906Z-3-001.zip -> Books for Text_Eng/DUVAR-Eng/Msn_Abd/That Religion in Which All Men Agree freemasonry in American culture (FreemasonsHackett, David G) (z-lib.org).epub",Books for Text_Eng/DUVAR-Eng/Msn_Abd,1.16
"Esoteric freemasonry rituals  practices for a deeper understanding (Biasi, Jean-Louis de) (z-lib.org).epub",EPUB,ZIP Arşivi İçinde (Books for Text_Eng-20260529T160906Z-3-001.zip),"C:\Users\default.LAPTOP-OBA1HVU9\.antigravity-ide\Books\Books for Text_Eng-20260529T160906Z-3-001.zip -> Books for Text_Eng/DUVAR-Eng/Msn_Ezot/Esoteric freemasonry rituals  practices for a deeper understanding (Biasi, Jean-Louis de) (z-lib.org).epub",Books for Text_Eng/DUVAR-Eng/Msn_Ezot,5.96
Inside the Brotherhood Further Secrets of the Freemasons (Martin Short) (z-lib.org).pdf,PDF,ZIP Arşivi İçinde (Books for Text_Eng-20260529T160906Z-3-001.zip),C:\Users\default.LAPTOP-OBA1HVU9\.antigravity-ide\Books\Books for Text_Eng-20260529T160906Z-3-001.zip -> Books for Text_Eng/DUVAR-Eng/Msn_insd/Inside the Brotherhood Further Secrets of the Freemasons (Martin Short) (z-lib.org).pdf,Books for Text_Eng/DUVAR-Eng/Msn_insd,27.59
The_Integrated_Review.pdf,PDF,ZIP Arşivi İçinde (Books for Text_Eng-20260529T160906Z-3-001.zip),C:\Users\default.LAPTOP-OBA1HVU9\.antigravity-ide\Books\Books for Text_Eng-20260529T160906Z-3-001.zip -> Books for Text_Eng/DUVAR-Eng/Msn_Eng_Pdf/The_Integrated_Review.pdf,Books for Text_Eng/DUVAR-Eng/Msn_Eng_Pdf,11.6
An Analysis of Stochastic Game Theory for Multiagent.pdf,PDF,ZIP Arşivi İçinde (Books for Text_Eng-20260529T160906Z-3-001.zip),C:\Users\default.LAPTOP-OBA1HVU9\.antigravity-ide\Books\Books for Text_Eng-20260529T160906Z-3-001.zip -> Books for Text_Eng/Game Theory/AI_Multi Agent System_Game Theory/An Analysis of Stochastic Game Theory for Multiagent.pdf,Books for Text_Eng/Game Theory/AI_Multi Agent System_Game Theory,0.1
Strategy_Game Theory_Watson.pdf,PDF,ZIP Arşivi İçinde (Books for Text_Eng-20260529T160906Z-3-001.zip),C:\Users\default.LAPTOP-OBA1HVU9\.antigravity-ide\Books\Books for Text_Eng-20260529T160906Z-3-001.zip -> Books for Text_Eng/Game Theory/Game Theory/Strategy_Game Theory_Watson.pdf,Books for Text_Eng/Game Theory/Game Theory,2.71
The Jews of Ottoman Izmir A Modern History (Dina Danon) (z-lib.org).epub,EPUB,ZIP Arşivi İçinde (Books for Text_Eng-20260529T160906Z-3-001.zip),C:\Users\default.LAPTOP-OBA1HVU9\.antigravity-ide\Books\Books for Text_Eng-20260529T160906Z-3-001.zip -> Books for Text_Eng/DUVAR-Eng/zjew/The Jews of Ottoman Izmir A Modern History (Dina Danon) (z-lib.org).epub,Books for Text_Eng/DUVAR-Eng/zjew,2.71
The-Deadly-Deception.pdf,PDF,ZIP Arşivi İçinde (Books for Text_Eng-20260529T160906Z-3-001.zip),C:\Users\default.LAPTOP-OBA1HVU9\.antigravity-ide\Books\Books for Text_Eng-20260529T160906Z-3-001.zip -> Books for Text_Eng/DUVAR-Eng/Msn_Abd/The-Deadly-Deception.pdf,Books for Text_Eng/DUVAR-Eng/Msn_Abd,5.09
The Jews in Britain A Chronology (Frank Raphael Langham) (z-lib.org).epub,EPUB,ZIP Arşivi İçinde (Books for Text_Eng-20260529T160906Z-3-001.zip),C:\Users\default.LAPTOP-OBA1HVU9\.antigravity-ide\Books\Books for Text_Eng-20260529T160906Z-3-001.zip -> Books for Text_Eng/DUVAR-Eng/zjew/The Jews in Britain A Chronology (Frank Raphael Langham) (z-lib.org).epub,Books for Text_Eng/DUVAR-Eng/zjew,1.23
Game Theory and Decision Theory inMulti-Agent Systems.pdf,PDF,ZIP Arşivi İçinde (Books for Text_Eng-20260529T160906Z-3-001.zip),C:\Users\default.LAPTOP-OBA1HVU9\.antigravity-ide\Books\Books for Text_Eng-20260529T160906Z-3-001.zip -> Books for Text_Eng/Game Theory/AI_Multi Agent System_Game Theory/Game Theory and Decision Theory inMulti-Agent Systems.pdf,Books for Text_Eng/Game Theory/AI_Multi Agent System_Game Theory,0.1
"NATOs Secret Armies Operation Gladio and terrorism in Western Europe (Prados, John Ganser, Daniele) (z-lib.org).epub",EPUB,ZIP Arşivi İçinde (Books for Text_Eng-20260529T160906Z-3-001.zip),"C:\Users\default.LAPTOP-OBA1HVU9\.antigravity-ide\Books\Books for Text_Eng-20260529T160906Z-3-001.zip -> Books for Text_Eng/DUVAR-Eng/Msn_Gldy/NATOs Secret Armies Operation Gladio and terrorism in Western Europe (Prados, John Ganser, Daniele) (z-lib.org).epub",Books for Text_Eng/DUVAR-Eng/Msn_Gldy,1.74
Strategies-and-Games_-The-MIT-Press-1999.pdf,PDF,ZIP Arşivi İçinde (Books for Text_Eng-20260529T160906Z-3-001.zip),C:\Users\default.LAPTOP-OBA1HVU9\.antigravity-ide\Books\Books for Text_Eng-20260529T160906Z-3-001.zip -> Books for Text_Eng/Game Theory/Game Theory/Strategies-and-Games_-The-MIT-Press-1999.pdf,Books for Text_Eng/Game Theory/Game Theory,2.78
GlobalTrends_2030.pdf,PDF,ZIP Arşivi İçinde (Books for Text_Eng-20260529T160906Z-3-001.zip),C:\Users\default.LAPTOP-OBA1HVU9\.antigravity-ide\Books\Books for Text_Eng-20260529T160906Z-3-001.zip -> Books for Text_Eng/DUVAR-Eng/Msn_Eng_Pdf/GlobalTrends_2030.pdf,Books for Text_Eng/DUVAR-Eng/Msn_Eng_Pdf,20.5
Game Theory California.pdf,PDF,ZIP Arşivi İçinde (Books for Text_Eng-20260529T160906Z-3-001.zip),C:\Users\default.LAPTOP-OBA1HVU9\.antigravity-ide\Books\Books for Text_Eng-20260529T160906Z-3-001.zip -> Books for Text_Eng/Game Theory/Game Theory/Game Theory California.pdf,Books for Text_Eng/Game Theory/Game Theory,3.77
"The beginning of masonry. A collection of forty papers on the hidden mysteries of ancient freemasonry, reprinted from the... (Frank C Higgins) (z-lib.org).pdf",PDF,ZIP Arşivi İçinde (Books for Text_Eng-20260529T160906Z-3-001.zip),"C:\Users\default.LAPTOP-OBA1HVU9\.antigravity-ide\Books\Books for Text_Eng-20260529T160906Z-3-001.zip -> Books for Text_Eng/DUVAR-Eng/Msn_Rules/The beginning of masonry. A collection of forty papers on the hidden mysteries of ancient freemasonry, reprinted from the... (Frank C Higgins) (z-lib.org).pdf",Books for Text_Eng/DUVAR-Eng/Msn_Rules,5.93
A_Comprehensive_Analysis_of_Game_theory_on_Multi-A.pdf,PDF,ZIP Arşivi İçinde (Books for Text_Eng-20260529T160906Z-3-001.zip),C:\Users\default.LAPTOP-OBA1HVU9\.antigravity-ide\Books\Books for Text_Eng-20260529T160906Z-3-001.zip -> Books for Text_Eng/Game Theory/AI_Multi Agent System_Game Theory/A_Comprehensive_Analysis_of_Game_theory_on_Multi-A.pdf,Books for Text_Eng/Game Theory/AI_Multi Agent System_Game Theory,0.39
Secret-of-freemasonry.pdf,PDF,ZIP Arşivi İçinde (Books for Text_Eng-20260529T160906Z-3-001.zip),C:\Users\default.LAPTOP-OBA1HVU9\.antigravity-ide\Books\Books for Text_Eng-20260529T160906Z-3-001.zip -> Books for Text_Eng/DUVAR-Eng/Msn_Eng_Pdf/Secret-of-freemasonry.pdf,Books for Text_Eng/DUVAR-Eng/Msn_Eng_Pdf,6.39
Freemasonry Quest for Immortality - Christopher Earnshaw (Christopher Earnshaw) (z-lib.org).pdf,PDF,ZIP Arşivi İçinde (Books for Text_Eng-20260529T160906Z-3-001.zip),C:\Users\default.LAPTOP-OBA1HVU9\.antigravity-ide\Books\Books for Text_Eng-20260529T160906Z-3-001.zip -> Books for Text_Eng/DUVAR-Eng/Msn_Filosphy/Freemasonry Quest for Immortality - Christopher Earnshaw (Christopher Earnshaw) (z-lib.org).pdf,Books for Text_Eng/DUVAR-Eng/Msn_Filosphy,5.97
The Art of Strategy_ A Game Theorist_s Guide to Success in Business and Lifeive.pdf,PDF,ZIP Arşivi İçinde (Books for Text_Eng-20260529T160906Z-3-001.zip),C:\Users\default.LAPTOP-OBA1HVU9\.antigravity-ide\Books\Books for Text_Eng-20260529T160906Z-3-001.zip -> Books for Text_Eng/Game Theory/Game Theory_Business/The Art of Strategy_ A Game Theorist_s Guide to Success in Business and Lifeive.pdf,Books for Text_Eng/Game Theory/Game Theory_Business,3.49
Multi-Agent Learning.pdf,PDF,ZIP Arşivi İçinde (Books for Text_Eng-20260529T160906Z-3-001.zip),C:\Users\default.LAPTOP-OBA1HVU9\.antigravity-ide\Books\Books for Text_Eng-20260529T160906Z-3-001.zip -> Books for Text_Eng/Game Theory/AI_Multi Agent System_Game Theory/Multi-Agent Learning.pdf,Books for Text_Eng/Game Theory/AI_Multi Agent System_Game Theory,1.07
Ancient Mysteries and Modern Masonry (C. H. Vail) (z-lib.org).epub,EPUB,ZIP Arşivi İçinde (Books for Text_Eng-20260529T160906Z-3-001.zip),C:\Users\default.LAPTOP-OBA1HVU9\.antigravity-ide\Books\Books for Text_Eng-20260529T160906Z-3-001.zip -> Books for Text_Eng/DUVAR-Eng/Msn_History/Ancient Mysteries and Modern Masonry (C. H. Vail) (z-lib.org).epub,Books for Text_Eng/DUVAR-Eng/Msn_History,0.49
"Hegemons, Leaders and Followers.pdf",PDF,ZIP Arşivi İçinde (Books for Text_Eng-20260529T160906Z-3-001.zip),"C:\Users\default.LAPTOP-OBA1HVU9\.antigravity-ide\Books\Books for Text_Eng-20260529T160906Z-3-001.zip -> Books for Text_Eng/Game Theory/Game Theory_Political Economy/Hegemons, Leaders and Followers.pdf",Books for Text_Eng/Game Theory/Game Theory_Political Economy,0.13
"The Lost Keys of Freemasonry (Hall, Manly P) (z-lib.org).epub",EPUB,ZIP Arşivi İçinde (Books for Text_Eng-20260529T160906Z-3-001.zip),"C:\Users\default.LAPTOP-OBA1HVU9\.antigravity-ide\Books\Books for Text_Eng-20260529T160906Z-3-001.zip -> Books for Text_Eng/DUVAR-Eng/Msn_History/The Lost Keys of Freemasonry (Hall, Manly P) (z-lib.org).epub",Books for Text_Eng/DUVAR-Eng/Msn_History,2.18
Game Theory_Princeton.pdf,PDF,ZIP Arşivi İçinde (Books for Text_Eng-20260529T160906Z-3-001.zip),C:\Users\default.LAPTOP-OBA1HVU9\.antigravity-ide\Books\Books for Text_Eng-20260529T160906Z-3-001.zip -> Books for Text_Eng/Game Theory/Game Theory/Game Theory_Princeton.pdf,Books for Text_Eng/Game Theory/Game Theory,3.56
Scarlet and the Beast A History of the War Between English and French Freemasonry (John Daniel) (z-lib.org).epub,EPUB,ZIP Arşivi İçinde (Books for Text_Eng-20260529T160906Z-3-001.zip),C:\Users\default.LAPTOP-OBA1HVU9\.antigravity-ide\Books\Books for Text_Eng-20260529T160906Z-3-001.zip -> Books for Text_Eng/DUVAR-Eng/Msn_History/Scarlet and the Beast A History of the War Between English and French Freemasonry (John Daniel) (z-lib.org).epub,Books for Text_Eng/DUVAR-Eng/Msn_History,2.05
The Secrets of Solomon s Temple Discover the Hidden Truth that Lies at the Heart of Freemasonry (Unknown) (z-lib.org).epub,EPUB,ZIP Arşivi İçinde (Books for Text_Eng-20260529T160906Z-3-001.zip),C:\Users\default.LAPTOP-OBA1HVU9\.antigravity-ide\Books\Books for Text_Eng-20260529T160906Z-3-001.zip -> Books for Text_Eng/DUVAR-Eng/Msn_History/The Secrets of Solomon s Temple Discover the Hidden Truth that Lies at the Heart of Freemasonry (Unknown) (z-lib.org).epub,Books for Text_Eng/DUVAR-Eng/Msn_History,5.2
The+Future+of+Freemasonry+-+SIRC+Report+-+Embargoed+until+00.01hrs+9+March+2012.pdf,PDF,ZIP Arşivi İçinde (Books for Text_Eng-20260529T160906Z-3-001.zip),C:\Users\default.LAPTOP-OBA1HVU9\.antigravity-ide\Books\Books for Text_Eng-20260529T160906Z-3-001.zip -> Books for Text_Eng/DUVAR-Eng/Msn_Eng_Pdf/Msn_Read/The+Future+of+Freemasonry+-+SIRC+Report+-+Embargoed+until+00.01hrs+9+March+2012.pdf,Books for Text_Eng/DUVAR-Eng/Msn_Eng_Pdf/Msn_Read,0.43
The Secrets of Freemasonry (Elijah Muhammad) (z-lib.org).pdf,PDF,ZIP Arşivi İçinde (Books for Text_Eng-20260529T160906Z-3-001.zip),C:\Users\default.LAPTOP-OBA1HVU9\.antigravity-ide\Books\Books for Text_Eng-20260529T160906Z-3-001.zip -> Books for Text_Eng/DUVAR-Eng/Msn_anti/The Secrets of Freemasonry (Elijah Muhammad) (z-lib.org).pdf,Books for Text_Eng/DUVAR-Eng/Msn_anti,1.11
Strategy and Politics wiith Game Theory.pdf,PDF,ZIP Arşivi İçinde (Books for Text_Eng-20260529T160906Z-3-001.zip),C:\Users\default.LAPTOP-OBA1HVU9\.antigravity-ide\Books\Books for Text_Eng-20260529T160906Z-3-001.zip -> Books for Text_Eng/Game Theory/Game Theory_Political/Strategy and Politics wiith Game Theory.pdf,Books for Text_Eng/Game Theory/Game Theory_Political,7.99
Political Economy with Game Theory.pdf,PDF,ZIP Arşivi İçinde (Books for Text_Eng-20260529T160906Z-3-001.zip),C:\Users\default.LAPTOP-OBA1HVU9\.antigravity-ide\Books\Books for Text_Eng-20260529T160906Z-3-001.zip -> Books for Text_Eng/Game Theory/Game Theory_Political Economy/Political Economy with Game Theory.pdf,Books for Text_Eng/Game Theory/Game Theory_Political Economy,0.52
"Game Theory, Alive.pdf",PDF,ZIP Arşivi İçinde (Books for Text_Eng-20260529T160906Z-3-001.zip),"C:\Users\default.LAPTOP-OBA1HVU9\.antigravity-ide\Books\Books for Text_Eng-20260529T160906Z-3-001.zip -> Books for Text_Eng/Game Theory/Game Theory Course/Game Theory, Alive.pdf",Books for Text_Eng/Game Theory/Game Theory Course,8.17
The Facts on the Masonic Lodge ( etc.) (z-lib.org).epub,EPUB,ZIP Arşivi İçinde (Books for Text_Eng-20260529T160906Z-3-001.zip),C:\Users\default.LAPTOP-OBA1HVU9\.antigravity-ide\Books\Books for Text_Eng-20260529T160906Z-3-001.zip -> Books for Text_Eng/DUVAR-Eng/Msn_Hrst/The Facts on the Masonic Lodge ( etc.) (z-lib.org).epub,Books for Text_Eng/DUVAR-Eng/Msn_Hrst,0.51
The Key to Solomons Key Is This the Lost Symbol of Masonry (Lon Milo DuQuette) (z-lib.org).epub,EPUB,ZIP Arşivi İçinde (Books for Text_Eng-20260529T160906Z-3-001.zip),C:\Users\default.LAPTOP-OBA1HVU9\.antigravity-ide\Books\Books for Text_Eng-20260529T160906Z-3-001.zip -> Books for Text_Eng/DUVAR-Eng/Msn_History/The Key to Solomons Key Is This the Lost Symbol of Masonry (Lon Milo DuQuette) (z-lib.org).epub,Books for Text_Eng/DUVAR-Eng/Msn_History,2.08
Sufi Freemason.pdf,PDF,ZIP Arşivi İçinde (Books for Text_Eng-20260529T160906Z-3-001.zip),C:\Users\default.LAPTOP-OBA1HVU9\.antigravity-ide\Books\Books for Text_Eng-20260529T160906Z-3-001.zip -> Books for Text_Eng/DUVAR-Eng/Msn_Eng_Pdf/Msn_Read/Sufi Freemason.pdf,Books for Text_Eng/DUVAR-Eng/Msn_Eng_Pdf/Msn_Read,0.21
Meeters in Secret_ The History of Freemasonry and Its Influence o.pdf,PDF,ZIP Arşivi İçinde (Books for Text_Eng-20260529T160906Z-3-001.zip),C:\Users\default.LAPTOP-OBA1HVU9\.antigravity-ide\Books\Books for Text_Eng-20260529T160906Z-3-001.zip -> Books for Text_Eng/DUVAR-Eng/Msn_Eng_Pdf/Msn_Read/Meeters in Secret_ The History of Freemasonry and Its Influence o.pdf,Books for Text_Eng/DUVAR-Eng/Msn_Eng_Pdf/Msn_Read,0.25
Thirty-first Degree Grand Inspector Inquisitor Commander (Freemasonry) (z-lib.org) (1).pdf,PDF,ZIP Arşivi İçinde (Books for Text_Eng-20260529T160906Z-3-001.zip),C:\Users\default.LAPTOP-OBA1HVU9\.antigravity-ide\Books\Books for Text_Eng-20260529T160906Z-3-001.zip -> Books for Text_Eng/DUVAR-Eng/Msn_Rules/Degree/Thirty-first Degree Grand Inspector Inquisitor Commander (Freemasonry) (z-lib.org) (1).pdf,Books for Text_Eng/DUVAR-Eng/Msn_Rules/Degree,1.42
"The Second Messiah Templars, the Turin Shroud and the Great Secret of Freemasonry (Christopher Knight, Robert Lomas) (z-lib.org).epub",EPUB,ZIP Arşivi İçinde (Books for Text_Eng-20260529T160906Z-3-001.zip),"C:\Users\default.LAPTOP-OBA1HVU9\.antigravity-ide\Books\Books for Text_Eng-20260529T160906Z-3-001.zip -> Books for Text_Eng/DUVAR-Eng/Msn_History/The Second Messiah Templars, the Turin Shroud and the Great Secret of Freemasonry (Christopher Knight, Robert Lomas) (z-lib.org).epub",Books for Text_Eng/DUVAR-Eng/Msn_History,1.72
32nd Degree Sublime Prince of the Royal Secret (Freemasonry) (z-lib.org).pdf,PDF,ZIP Arşivi İçinde (Books for Text_Eng-20260529T160906Z-3-001.zip),C:\Users\default.LAPTOP-OBA1HVU9\.antigravity-ide\Books\Books for Text_Eng-20260529T160906Z-3-001.zip -> Books for Text_Eng/DUVAR-Eng/Msn_Rules/Degree/32nd Degree Sublime Prince of the Royal Secret (Freemasonry) (z-lib.org).pdf,Books for Text_Eng/DUVAR-Eng/Msn_Rules/Degree,1.56
FreemasonMagazine-1996-05.pdf,PDF,ZIP Arşivi İçinde (Books for Text_Eng-20260529T160906Z-3-001.zip),C:\Users\default.LAPTOP-OBA1HVU9\.antigravity-ide\Books\Books for Text_Eng-20260529T160906Z-3-001.zip -> Books for Text_Eng/DUVAR-Eng/Msn_Eng_Pdf/Msn_magazin/FreemasonMagazine-1996-05.pdf,Books for Text_Eng/DUVAR-Eng/Msn_Eng_Pdf/Msn_magazin,6.72
"Fifteenth Degree The Knight of the East, of the Sword, or of the Eagle (Freemasonry) (z-lib.org).pdf",PDF,ZIP Arşivi İçinde (Books for Text_Eng-20260529T160906Z-3-001.zip),"C:\Users\default.LAPTOP-OBA1HVU9\.antigravity-ide\Books\Books for Text_Eng-20260529T160906Z-3-001.zip -> Books for Text_Eng/DUVAR-Eng/Msn_Rules/Degree/Fifteenth Degree The Knight of the East, of the Sword, or of the Eagle (Freemasonry) (z-lib.org).pdf",Books for Text_Eng/DUVAR-Eng/Msn_Rules/Degree,1.04
The Masonic Myth (Jay Kinney) (z-lib.org).epub,EPUB,ZIP Arşivi İçinde (Books for Text_Eng-20260529T160906Z-3-001.zip),C:\Users\default.LAPTOP-OBA1HVU9\.antigravity-ide\Books\Books for Text_Eng-20260529T160906Z-3-001.zip -> Books for Text_Eng/DUVAR-Eng/Msn_Gen/The Masonic Myth (Jay Kinney) (z-lib.org).epub,Books for Text_Eng/DUVAR-Eng/Msn_Gen,1.62
TheHiddenPowerOfFreemasonry.pdf,PDF,ZIP Arşivi İçinde (Books for Text_Eng-20260529T160906Z-3-001.zip),C:\Users\default.LAPTOP-OBA1HVU9\.antigravity-ide\Books\Books for Text_Eng-20260529T160906Z-3-001.zip -> Books for Text_Eng/DUVAR-Eng/Msn_Eng_Pdf/Msn_Read/TheHiddenPowerOfFreemasonry.pdf,Books for Text_Eng/DUVAR-Eng/Msn_Eng_Pdf/Msn_Read,1.02
Game-Theory-4th-Edition-Owen-Guillermo.pdf,PDF,ZIP Arşivi İçinde (Books for Text_Eng-20260529T160906Z-3-001.zip),C:\Users\default.LAPTOP-OBA1HVU9\.antigravity-ide\Books\Books for Text_Eng-20260529T160906Z-3-001.zip -> Books for Text_Eng/Game Theory/Game Theory/Game-Theory-4th-Edition-Owen-Guillermo.pdf,Books for Text_Eng/Game Theory/Game Theory,12.99
The Constitutions of the Free-Masons (1734)..pdf,PDF,ZIP Arşivi İçinde (Books for Text_Eng-20260529T160906Z-3-001.zip),C:\Users\default.LAPTOP-OBA1HVU9\.antigravity-ide\Books\Books for Text_Eng-20260529T160906Z-3-001.zip -> Books for Text_Eng/DUVAR-Eng/Msn_Eng_Pdf/Msn_Read/The Constitutions of the Free-Masons (1734)..pdf,Books for Text_Eng/DUVAR-Eng/Msn_Eng_Pdf/Msn_Read,0.98
Secret Ritual of the Thirty-third and Last Degree (Freemasonry) (z-lib.org) (1).pdf,PDF,ZIP Arşivi İçinde (Books for Text_Eng-20260529T160906Z-3-001.zip),C:\Users\default.LAPTOP-OBA1HVU9\.antigravity-ide\Books\Books for Text_Eng-20260529T160906Z-3-001.zip -> Books for Text_Eng/DUVAR-Eng/Msn_Rules/Degree/Secret Ritual of the Thirty-third and Last Degree (Freemasonry) (z-lib.org) (1).pdf,Books for Text_Eng/DUVAR-Eng/Msn_Rules/Degree,1.44
"Constitution of the United Supreme Council, 33rd degree Freemasonry ( etc.) (z-lib.org).pdf",PDF,ZIP Arşivi İçinde (Books for Text_Eng-20260529T160906Z-3-001.zip),"C:\Users\default.LAPTOP-OBA1HVU9\.antigravity-ide\Books\Books for Text_Eng-20260529T160906Z-3-001.zip -> Books for Text_Eng/DUVAR-Eng/Msn_Rules/Degree/Constitution of the United Supreme Council, 33rd degree Freemasonry ( etc.) (z-lib.org).pdf",Books for Text_Eng/DUVAR-Eng/Msn_Rules/Degree,2.24
Game-Theory-of-International-Politics-Cambridge.pdf,PDF,ZIP Arşivi İçinde (Books for Text_Eng-20260529T160906Z-3-001.zip),C:\Users\default.LAPTOP-OBA1HVU9\.antigravity-ide\Books\Books for Text_Eng-20260529T160906Z-3-001.zip -> Books for Text_Eng/Game Theory/Game Theory_International Politics/Game-Theory-of-International-Politics-Cambridge.pdf,Books for Text_Eng/Game Theory/Game Theory_International Politics,2.43
Fourteenth Degree Grand Elect Mason (Freemasonry) (z-lib.org).pdf,PDF,ZIP Arşivi İçinde (Books for Text_Eng-20260529T160906Z-3-001.zip),C:\Users\default.LAPTOP-OBA1HVU9\.antigravity-ide\Books\Books for Text_Eng-20260529T160906Z-3-001.zip -> Books for Text_Eng/DUVAR-Eng/Msn_Rules/Degree/Fourteenth Degree Grand Elect Mason (Freemasonry) (z-lib.org).pdf,Books for Text_Eng/DUVAR-Eng/Msn_Rules/Degree,1.97
30 Degree Grand Elect Knight Kadosh (Freemasonry) (z-lib.org) (1).pdf,PDF,ZIP Arşivi İçinde (Books for Text_Eng-20260529T160906Z-3-001.zip),C:\Users\default.LAPTOP-OBA1HVU9\.antigravity-ide\Books\Books for Text_Eng-20260529T160906Z-3-001.zip -> Books for Text_Eng/DUVAR-Eng/Msn_Rules/Degree/30 Degree Grand Elect Knight Kadosh (Freemasonry) (z-lib.org) (1).pdf,Books for Text_Eng/DUVAR-Eng/Msn_Rules/Degree,1.59
FreemasonMagazine-2008-08.pdf,PDF,ZIP Arşivi İçinde (Books for Text_Eng-20260529T160906Z-3-001.zip),C:\Users\default.LAPTOP-OBA1HVU9\.antigravity-ide\Books\Books for Text_Eng-20260529T160906Z-3-001.zip -> Books for Text_Eng/DUVAR-Eng/Msn_Eng_Pdf/Msn_magazin/FreemasonMagazine-2008-08.pdf,Books for Text_Eng/DUVAR-Eng/Msn_Eng_Pdf/Msn_magazin,8.85
Between Jews and Freemasonay.pdf,PDF,ZIP Arşivi İçinde (Books for Text_Eng-20260529T160906Z-3-001.zip),C:\Users\default.LAPTOP-OBA1HVU9\.antigravity-ide\Books\Books for Text_Eng-20260529T160906Z-3-001.zip -> Books for Text_Eng/DUVAR-Eng/Msn_Eng_Pdf/Msn_Read/Between Jews and Freemasonay.pdf,Books for Text_Eng/DUVAR-Eng/Msn_Eng_Pdf/Msn_Read,1.25
A general history of Freemasonry in Europe (Emmanuel Rebold) (z-lib.org).pdf,PDF,ZIP Arşivi İçinde (Books for Text_Eng-20260529T160906Z-3-001.zip),C:\Users\default.LAPTOP-OBA1HVU9\.antigravity-ide\Books\Books for Text_Eng-20260529T160906Z-3-001.zip -> Books for Text_Eng/DUVAR-Eng/Msn_History/A general history of Freemasonry in Europe (Emmanuel Rebold) (z-lib.org).pdf,Books for Text_Eng/DUVAR-Eng/Msn_History,50.39
The Jewish Enemy Nazi Propaganda during World War II and the Holocaust (Jeffrey Herf) (z-lib.org).pdf,PDF,ZIP Arşivi İçinde (Books for Text_Eng-20260529T160906Z-3-001.zip),C:\Users\default.LAPTOP-OBA1HVU9\.antigravity-ide\Books\Books for Text_Eng-20260529T160906Z-3-001.zip -> Books for Text_Eng/DUVAR-Eng/zjew/The Jewish Enemy Nazi Propaganda during World War II and the Holocaust (Jeffrey Herf) (z-lib.org).pdf,Books for Text_Eng/DUVAR-Eng/zjew,2.7
"The Israel Lobby and U.S. Foreign Policy (John J. Mearsheimer, Stephen M. Walt) (https___z-lib.org).pdf",PDF,ZIP Arşivi İçinde (Books for Text_Eng-20260529T160906Z-3-001.zip),"C:\Users\default.LAPTOP-OBA1HVU9\.antigravity-ide\Books\Books for Text_Eng-20260529T160906Z-3-001.zip -> Books for Text_Eng/DUVAR-Eng/zjew/The Israel Lobby and U.S. Foreign Policy (John J. Mearsheimer, Stephen M. Walt) (https___z-lib.org).pdf",Books for Text_Eng/DUVAR-Eng/zjew,8.8
"The Secret History of Freemasonry Its Origins and Connection to the Knights Templar (Naudon, Paul) (z-lib.org).epub",EPUB,ZIP Arşivi İçinde (Books for Text_Eng-20260529T160906Z-3-001.zip),"C:\Users\default.LAPTOP-OBA1HVU9\.antigravity-ide\Books\Books for Text_Eng-20260529T160906Z-3-001.zip -> Books for Text_Eng/DUVAR-Eng/Msn_History/The Secret History of Freemasonry Its Origins and Connection to the Knights Templar (Naudon, Paul) (z-lib.org).epub",Books for Text_Eng/DUVAR-Eng/Msn_History,0.99
"Multi Agent System-Algorithmic, Game-Theoretic.pdf",PDF,ZIP Arşivi İçinde (Books for Text_Eng-20260529T160906Z-3-001.zip),"C:\Users\default.LAPTOP-OBA1HVU9\.antigravity-ide\Books\Books for Text_Eng-20260529T160906Z-3-001.zip -> Books for Text_Eng/Game Theory/AI_Multi Agent System_Game Theory/Multi Agent System-Algorithmic, Game-Theoretic.pdf",Books for Text_Eng/Game Theory/AI_Multi Agent System_Game Theory,3.73
Lucifer_s Network.pdf,PDF,ZIP Arşivi İçinde (Books for Text_Eng-20260529T160906Z-3-001.zip),C:\Users\default.LAPTOP-OBA1HVU9\.antigravity-ide\Books\Books for Text_Eng-20260529T160906Z-3-001.zip -> Books for Text_Eng/DUVAR-Eng/Msn_Eng_Pdf/Msn_Read/Lucifer_s Network.pdf,Books for Text_Eng/DUVAR-Eng/Msn_Eng_Pdf/Msn_Read,2.29
World_s Masonic register.pdf,PDF,ZIP Arşivi İçinde (Books for Text_Eng-20260529T160906Z-3-001.zip),C:\Users\default.LAPTOP-OBA1HVU9\.antigravity-ide\Books\Books for Text_Eng-20260529T160906Z-3-001.zip -> Books for Text_Eng/DUVAR-Eng/Msn_Abd/World_s Masonic register.pdf,Books for Text_Eng/DUVAR-Eng/Msn_Abd,22.74
"An Encyclopedia of Freemasonry Volume 1 (Albert G. MacKey 33, William J. Hughan 32 etc.) (z-lib.org).pdf",PDF,ZIP Arşivi İçinde (Books for Text_Eng-20260529T160906Z-3-001.zip),"C:\Users\default.LAPTOP-OBA1HVU9\.antigravity-ide\Books\Books for Text_Eng-20260529T160906Z-3-001.zip -> Books for Text_Eng/DUVAR-Eng/Msn_History/An Encyclopedia of Freemasonry Volume 1 (Albert G. MacKey 33, William J. Hughan 32 etc.) (z-lib.org).pdf",Books for Text_Eng/DUVAR-Eng/Msn_History,29.1
"The Origins of Freemasonry Scotlands Century, 1590 to 1710 (David Stevenson) (z-lib.org).pdf",PDF,ZIP Arşivi İçinde (Books for Text_Eng-20260529T160906Z-3-001.zip),"C:\Users\default.LAPTOP-OBA1HVU9\.antigravity-ide\Books\Books for Text_Eng-20260529T160906Z-3-001.zip -> Books for Text_Eng/DUVAR-Eng/Msn_History/The Origins of Freemasonry Scotlands Century, 1590 to 1710 (David Stevenson) (z-lib.org).pdf",Books for Text_Eng/DUVAR-Eng/Msn_History,10.03
Freemasonry and the birth of modern science (Robert Lomas) (z-lib.org).pdf,PDF,ZIP Arşivi İçinde (Books for Text_Eng-20260529T160906Z-3-001.zip),C:\Users\default.LAPTOP-OBA1HVU9\.antigravity-ide\Books\Books for Text_Eng-20260529T160906Z-3-001.zip -> Books for Text_Eng/DUVAR-Eng/Msn_Gen/Freemasonry and the birth of modern science (Robert Lomas) (z-lib.org).pdf,Books for Text_Eng/DUVAR-Eng/Msn_Gen,3.59
The Secrets of Solomons Temple Discover the Hidden Truth that Lies at the Heart of Freemasonry (Kevin L Gest) (z-lib.org).pdf,PDF,ZIP Arşivi İçinde (Books for Text_Eng-20260529T160906Z-3-001.zip),C:\Users\default.LAPTOP-OBA1HVU9\.antigravity-ide\Books\Books for Text_Eng-20260529T160906Z-3-001.zip -> Books for Text_Eng/DUVAR-Eng/Msn_History/The Secrets of Solomons Temple Discover the Hidden Truth that Lies at the Heart of Freemasonry (Kevin L Gest) (z-lib.org).pdf,Books for Text_Eng/DUVAR-Eng/Msn_History,4.05
The-32-Secret-Paths-of-Solomon_A-New-Examination-of-the-Qabbalah-in-Freemasonry (Timothy Hogan) (z-lib.org).pdf,PDF,ZIP Arşivi İçinde (Books for Text_Eng-20260529T160906Z-3-001.zip),C:\Users\default.LAPTOP-OBA1HVU9\.antigravity-ide\Books\Books for Text_Eng-20260529T160906Z-3-001.zip -> Books for Text_Eng/DUVAR-Eng/Msn_Ezot/The-32-Secret-Paths-of-Solomon_A-New-Examination-of-the-Qabbalah-in-Freemasonry (Timothy Hogan) (z-lib.org).pdf,Books for Text_Eng/DUVAR-Eng/Msn_Ezot,25.54
"General history, Cyclopedia and Dictionary of Freemasonry (Robert Macoy) (z-lib.org).pdf",PDF,ZIP Arşivi İçinde (Books for Text_Eng-20260529T160906Z-3-001.zip),"C:\Users\default.LAPTOP-OBA1HVU9\.antigravity-ide\Books\Books for Text_Eng-20260529T160906Z-3-001.zip -> Books for Text_Eng/DUVAR-Eng/Msn_History/General history, Cyclopedia and Dictionary of Freemasonry (Robert Macoy) (z-lib.org).pdf",Books for Text_Eng/DUVAR-Eng/Msn_History,24.09
"The Square and the Tower Networks and Power, from the Freemasons to Facebook (Niall Ferguson) (z-lib.org).epub",EPUB,ZIP Arşivi İçinde (Books for Text_Eng-20260529T160906Z-3-001.zip),"C:\Users\default.LAPTOP-OBA1HVU9\.antigravity-ide\Books\Books for Text_Eng-20260529T160906Z-3-001.zip -> Books for Text_Eng/DUVAR-Eng/Illmnt/The Square and the Tower Networks and Power, from the Freemasons to Facebook (Niall Ferguson) (z-lib.org).epub",Books for Text_Eng/DUVAR-Eng/Illmnt,55.95
"Morals and dogma of the ancient and accepted Scottish Rite of freemasonry (Pike, Albert, 1809-1891, comp) (z-lib.org).pdf",PDF,ZIP Arşivi İçinde (Books for Text_Eng-20260529T160906Z-3-001.zip),"C:\Users\default.LAPTOP-OBA1HVU9\.antigravity-ide\Books\Books for Text_Eng-20260529T160906Z-3-001.zip -> Books for Text_Eng/DUVAR-Eng/Msn_Rules/Morals and dogma of the ancient and accepted Scottish Rite of freemasonry (Pike, Albert, 1809-1891, comp) (z-lib.org).pdf",Books for Text_Eng/DUVAR-Eng/Msn_Rules,74.35
Open Source Intelligence Techniques Resources for Searching and Analyzing Online Information (Michael Bazzell) (z-lib.org) (1).pdf,PDF,ZIP Arşivi İçinde (Books for Text_Eng-20260529T160906Z-3-001.zip),C:\Users\default.LAPTOP-OBA1HVU9\.antigravity-ide\Books\Books for Text_Eng-20260529T160906Z-3-001.zip -> Books for Text_Eng/Open Source/Open Source Intelligence Techniques Resources for Searching and Analyzing Online Information (Michael Bazzell) (z-lib.org) (1).pdf,Books for Text_Eng/Open Source,51.92
Ali Unal-Gecmisten-Gelecege-Kopru-Fethullah-Gulen.pdf,PDF,ZIP Arşivi İçinde (Books for Text_Hzm-20260529T161525Z-3-001.zip),C:\Users\default.LAPTOP-OBA1HVU9\.antigravity-ide\Books\Books for Text_Hzm-20260529T161525Z-3-001.zip -> Books for Text_Hzm/HE_Biyografi/Ali Unal-Gecmisten-Gelecege-Kopru-Fethullah-Gulen.pdf,Books for Text_Hzm/HE_Biyografi,0.88
The-Essentials-of-the-Islamic-Faith-Fethullah-Gulen.pdf,PDF,ZIP Arşivi İçinde (Books for Text_Hzm-20260529T161525Z-3-001.zip),C:\Users\default.LAPTOP-OBA1HVU9\.antigravity-ide\Books\Books for Text_Hzm-20260529T161525Z-3-001.zip -> Books for Text_Hzm/PRL-English/The-Essentials-of-the-Islamic-Faith-Fethullah-Gulen.pdf,Books for Text_Hzm/PRL-English,0.7
Gaybın Son Habercisi.pdf,PDF,ZIP Arşivi İçinde (Books for Text_Hzm-20260529T161525Z-3-001.zip),C:\Users\default.LAPTOP-OBA1HVU9\.antigravity-ide\Books\Books for Text_Hzm-20260529T161525Z-3-001.zip -> Books for Text_Hzm/PRL/Gaybın Son Habercisi.pdf,Books for Text_Hzm/PRL,0.64
Questions-and-Answers-About-Islam-Vol-1-M-Fethullah-Gulen.pdf,PDF,ZIP Arşivi İçinde (Books for Text_Hzm-20260529T161525Z-3-001.zip),C:\Users\default.LAPTOP-OBA1HVU9\.antigravity-ide\Books\Books for Text_Hzm-20260529T161525Z-3-001.zip -> Books for Text_Hzm/PRL-English/Questions-and-Answers-About-Islam-Vol-1-M-Fethullah-Gulen.pdf,Books for Text_Hzm/PRL-English,0.89
SA-2_Bahar Neşidesi.pdf,PDF,ZIP Arşivi İçinde (Books for Text_Hzm-20260529T161525Z-3-001.zip),C:\Users\default.LAPTOP-OBA1HVU9\.antigravity-ide\Books\Books for Text_Hzm-20260529T161525Z-3-001.zip -> Books for Text_Hzm/PRL/SA-2_Bahar Neşidesi.pdf,Books for Text_Hzm/PRL,1.19
An-Analysis-of-the-Prophet-s-Life-The-Messenger-Of-God-Muhammad-Fethullah-Gulen.pdf,PDF,ZIP Arşivi İçinde (Books for Text_Hzm-20260529T161525Z-3-001.zip),C:\Users\default.LAPTOP-OBA1HVU9\.antigravity-ide\Books\Books for Text_Hzm-20260529T161525Z-3-001.zip -> Books for Text_Hzm/PRL-English/An-Analysis-of-the-Prophet-s-Life-The-Messenger-Of-God-Muhammad-Fethullah-Gulen.pdf,Books for Text_Hzm/PRL-English,1.14
Questions-and-Answers-About-Islam-Vol-2-M-Fethullah-Gulen.pdf,PDF,ZIP Arşivi İçinde (Books for Text_Hzm-20260529T161525Z-3-001.zip),C:\Users\default.LAPTOP-OBA1HVU9\.antigravity-ide\Books\Books for Text_Hzm-20260529T161525Z-3-001.zip -> Books for Text_Hzm/PRL-English/Questions-and-Answers-About-Islam-Vol-2-M-Fethullah-Gulen.pdf,Books for Text_Hzm/PRL-English,0.52
Hüzmeler ve İktibaslar.pdf,PDF,ZIP Arşivi İçinde (Books for Text_Hzm-20260529T161525Z-3-001.zip),C:\Users\default.LAPTOP-OBA1HVU9\.antigravity-ide\Books\Books for Text_Hzm-20260529T161525Z-3-001.zip -> Books for Text_Hzm/PRL/Hüzmeler ve İktibaslar.pdf,Books for Text_Hzm/PRL,0.4
Fethullah Gülen Röportajı (Ekrem Dumanlı) (z-lib.org).epub,EPUB,ZIP Arşivi İçinde (Books for Text_Hzm-20260529T161525Z-3-001.zip),C:\Users\default.LAPTOP-OBA1HVU9\.antigravity-ide\Books\Books for Text_Hzm-20260529T161525Z-3-001.zip -> Books for Text_Hzm/HE_Roportajlar/Fethullah Gülen Röportajı (Ekrem Dumanlı) (z-lib.org).epub,Books for Text_Hzm/HE_Roportajlar,0.09
KT-17-İstikamet Çizgisi.pdf,PDF,ZIP Arşivi İçinde (Books for Text_Hzm-20260529T161525Z-3-001.zip),C:\Users\default.LAPTOP-OBA1HVU9\.antigravity-ide\Books\Books for Text_Hzm-20260529T161525Z-3-001.zip -> Books for Text_Hzm/PRL/KT-17-İstikamet Çizgisi.pdf,Books for Text_Hzm/PRL,2.85
Gulen-Hareketi-1-Farkli-Seslerin-Ahengi-M-F-Gulen.pdf,PDF,ZIP Arşivi İçinde (Books for Text_Hzm-20260529T161525Z-3-001.zip),C:\Users\default.LAPTOP-OBA1HVU9\.antigravity-ide\Books\Books for Text_Hzm-20260529T161525Z-3-001.zip -> Books for Text_Hzm/HE_Biyografi/Gulen-Hareketi-1-Farkli-Seslerin-Ahengi-M-F-Gulen.pdf,Books for Text_Hzm/HE_Biyografi,0.93
Gurbette-Fethullah-Gulen-Nuriye-Akman.pdf,PDF,ZIP Arşivi İçinde (Books for Text_Hzm-20260529T161525Z-3-001.zip),C:\Users\default.LAPTOP-OBA1HVU9\.antigravity-ide\Books\Books for Text_Hzm-20260529T161525Z-3-001.zip -> Books for Text_Hzm/HE_Roportajlar/Gurbette-Fethullah-Gulen-Nuriye-Akman.pdf,Books for Text_Hzm/HE_Roportajlar,9.45
Asrin Getirdigi Tereddutler_1.pdf,PDF,ZIP Arşivi İçinde (Books for Text_Hzm-20260529T161525Z-3-001.zip),C:\Users\default.LAPTOP-OBA1HVU9\.antigravity-ide\Books\Books for Text_Hzm-20260529T161525Z-3-001.zip -> Books for Text_Hzm/PRL/Asrin Getirdigi Tereddutler_1.pdf,Books for Text_Hzm/PRL,0.84
Fethullah-Gulen-Biography.pdf,PDF,ZIP Arşivi İçinde (Books for Text_Hzm-20260529T161525Z-3-001.zip),C:\Users\default.LAPTOP-OBA1HVU9\.antigravity-ide\Books\Books for Text_Hzm-20260529T161525Z-3-001.zip -> Books for Text_Hzm/HE_Biyografi/Fethullah-Gulen-Biography.pdf,Books for Text_Hzm/HE_Biyografi,2.94
Asrin Getirdigi Tereddutler_3.pdf,PDF,ZIP Arşivi İçinde (Books for Text_Hzm-20260529T161525Z-3-001.zip),C:\Users\default.LAPTOP-OBA1HVU9\.antigravity-ide\Books\Books for Text_Hzm-20260529T161525Z-3-001.zip -> Books for Text_Hzm/PRL/Asrin Getirdigi Tereddutler_3.pdf,Books for Text_Hzm/PRL,0.98
Asrin Getirdigi Tereddutler_4.pdf,PDF,ZIP Arşivi İçinde (Books for Text_Hzm-20260529T161525Z-3-001.zip),C:\Users\default.LAPTOP-OBA1HVU9\.antigravity-ide\Books\Books for Text_Hzm-20260529T161525Z-3-001.zip -> Books for Text_Hzm/PRL/Asrin Getirdigi Tereddutler_4.pdf,Books for Text_Hzm/PRL,1.09
Beyan.pdf,PDF,ZIP Arşivi İçinde (Books for Text_Hzm-20260529T161525Z-3-001.zip),C:\Users\default.LAPTOP-OBA1HVU9\.antigravity-ide\Books\Books for Text_Hzm-20260529T161525Z-3-001.zip -> Books for Text_Hzm/PRL/Beyan.pdf,Books for Text_Hzm/PRL,0.79
Oruç-Gufranla Tüllenen İbadet.pdf,PDF,ZIP Arşivi İçinde (Books for Text_Hzm-20260529T161525Z-3-001.zip),C:\Users\default.LAPTOP-OBA1HVU9\.antigravity-ide\Books\Books for Text_Hzm-20260529T161525Z-3-001.zip -> Books for Text_Hzm/PRL/Oruç-Gufranla Tüllenen İbadet.pdf,Books for Text_Hzm/PRL,1.13
Kalbin Solukları.pdf,PDF,ZIP Arşivi İçinde (Books for Text_Hzm-20260529T161525Z-3-001.zip),C:\Users\default.LAPTOP-OBA1HVU9\.antigravity-ide\Books\Books for Text_Hzm-20260529T161525Z-3-001.zip -> Books for Text_Hzm/PRL/Kalbin Solukları.pdf,Books for Text_Hzm/PRL,2.18
CN_3_Yitirilmiş Cennete Doğru.pdf,PDF,ZIP Arşivi İçinde (Books for Text_Hzm-20260529T161525Z-3-001.zip),C:\Users\default.LAPTOP-OBA1HVU9\.antigravity-ide\Books\Books for Text_Hzm-20260529T161525Z-3-001.zip -> Books for Text_Hzm/PRL/CN_3_Yitirilmiş Cennete Doğru.pdf,Books for Text_Hzm/PRL,0.55
CN_1_Cag ve Nesil.pdf,PDF,ZIP Arşivi İçinde (Books for Text_Hzm-20260529T161525Z-3-001.zip),C:\Users\default.LAPTOP-OBA1HVU9\.antigravity-ide\Books\Books for Text_Hzm-20260529T161525Z-3-001.zip -> Books for Text_Hzm/PRL/CN_1_Cag ve Nesil.pdf,Books for Text_Hzm/PRL,0.66
Gurbetteki-Ogretmen-M-Fethulllah-Gulen-MustuY.pdf,PDF,ZIP Arşivi İçinde (Books for Text_Hzm-20260529T161525Z-3-001.zip),C:\Users\default.LAPTOP-OBA1HVU9\.antigravity-ide\Books\Books for Text_Hzm-20260529T161525Z-3-001.zip -> Books for Text_Hzm/HE_Biyografi/Gurbetteki-Ogretmen-M-Fethulllah-Gulen-MustuY.pdf,Books for Text_Hzm/HE_Biyografi,44.49
Asrin Getirdigi Tereddutler_2.pdf,PDF,ZIP Arşivi İçinde (Books for Text_Hzm-20260529T161525Z-3-001.zip),C:\Users\default.LAPTOP-OBA1HVU9\.antigravity-ide\Books\Books for Text_Hzm-20260529T161525Z-3-001.zip -> Books for Text_Hzm/PRL/Asrin Getirdigi Tereddutler_2.pdf,Books for Text_Hzm/PRL,1.01
The-Messenger-of-God-Muhammad-An-Analysis-of-the-Prophet-s-Life.pdf,PDF,ZIP Arşivi İçinde (Books for Text_Hzm-20260529T161525Z-3-001.zip),C:\Users\default.LAPTOP-OBA1HVU9\.antigravity-ide\Books\Books for Text_Hzm-20260529T161525Z-3-001.zip -> Books for Text_Hzm/PRL-English/The-Messenger-of-God-Muhammad-An-Analysis-of-the-Prophet-s-Life.pdf,Books for Text_Hzm/PRL-English,2.19
KT-18-İmtihanlar Kuşağı.pdf,PDF,ZIP Arşivi İçinde (Books for Text_Hzm-20260529T161525Z-3-001.zip),C:\Users\default.LAPTOP-OBA1HVU9\.antigravity-ide\Books\Books for Text_Hzm-20260529T161525Z-3-001.zip -> Books for Text_Hzm/PRL/KT-18-İmtihanlar Kuşağı.pdf,Books for Text_Hzm/PRL,2.84
CN_9_Sükûtun Çığlıkları.pdf,PDF,ZIP Arşivi İçinde (Books for Text_Hzm-20260529T161525Z-3-001.zip),C:\Users\default.LAPTOP-OBA1HVU9\.antigravity-ide\Books\Books for Text_Hzm-20260529T161525Z-3-001.zip -> Books for Text_Hzm/PRL/CN_9_Sükûtun Çığlıkları.pdf,Books for Text_Hzm/PRL,0.77
CN_2_Buhranlar Anaforunda Insan.pdf,PDF,ZIP Arşivi İçinde (Books for Text_Hzm-20260529T161525Z-3-001.zip),C:\Users\default.LAPTOP-OBA1HVU9\.antigravity-ide\Books\Books for Text_Hzm-20260529T161525Z-3-001.zip -> Books for Text_Hzm/PRL/CN_2_Buhranlar Anaforunda Insan.pdf,Books for Text_Hzm/PRL,0.57
CN_6_Yeseren Dusunceler.pdf,PDF,ZIP Arşivi İçinde (Books for Text_Hzm-20260529T161525Z-3-001.zip),C:\Users\default.LAPTOP-OBA1HVU9\.antigravity-ide\Books\Books for Text_Hzm-20260529T161525Z-3-001.zip -> Books for Text_Hzm/PRL/CN_6_Yeseren Dusunceler.pdf,Books for Text_Hzm/PRL,0.84
Fasıldan Fasıla-3.pdf,PDF,ZIP Arşivi İçinde (Books for Text_Hzm-20260529T161525Z-3-001.zip),C:\Users\default.LAPTOP-OBA1HVU9\.antigravity-ide\Books\Books for Text_Hzm-20260529T161525Z-3-001.zip -> Books for Text_Hzm/PRL/Fasıldan Fasıla-3.pdf,Books for Text_Hzm/PRL,1.02
Cekirdekten-Cinara-M.-Fethullah-Gulen.pdf,PDF,ZIP Arşivi İçinde (Books for Text_Hzm-20260529T161525Z-3-001.zip),C:\Users\default.LAPTOP-OBA1HVU9\.antigravity-ide\Books\Books for Text_Hzm-20260529T161525Z-3-001.zip -> Books for Text_Hzm/PRL/Cekirdekten-Cinara-M.-Fethullah-Gulen.pdf,Books for Text_Hzm/PRL,0.85
Fethullah Gülen’s Teaching and Practice-Paul Weller.pdf,PDF,ZIP Arşivi İçinde (Books for Text_Hzm-20260529T161525Z-3-001.zip),C:\Users\default.LAPTOP-OBA1HVU9\.antigravity-ide\Books\Books for Text_Hzm-20260529T161525Z-3-001.zip -> Books for Text_Hzm/HE_Biyografi/Fethullah Gülen’s Teaching and Practice-Paul Weller.pdf,Books for Text_Hzm/HE_Biyografi,1.8
Fasıldan Fasıla-2.pdf,PDF,ZIP Arşivi İçinde (Books for Text_Hzm-20260529T161525Z-3-001.zip),C:\Users\default.LAPTOP-OBA1HVU9\.antigravity-ide\Books\Books for Text_Hzm-20260529T161525Z-3-001.zip -> Books for Text_Hzm/PRL/Fasıldan Fasıla-2.pdf,Books for Text_Hzm/PRL,0.72
CN_5_Gunler Bahari Soluklarken.pdf,PDF,ZIP Arşivi İçinde (Books for Text_Hzm-20260529T161525Z-3-001.zip),C:\Users\default.LAPTOP-OBA1HVU9\.antigravity-ide\Books\Books for Text_Hzm-20260529T161525Z-3-001.zip -> Books for Text_Hzm/PRL/CN_5_Gunler Bahari Soluklarken.pdf,Books for Text_Hzm/PRL,0.61
Fasıldan Fasıla-4.pdf,PDF,ZIP Arşivi İçinde (Books for Text_Hzm-20260529T161525Z-3-001.zip),C:\Users\default.LAPTOP-OBA1HVU9\.antigravity-ide\Books\Books for Text_Hzm-20260529T161525Z-3-001.zip -> Books for Text_Hzm/PRL/Fasıldan Fasıla-4.pdf,Books for Text_Hzm/PRL,0.88
İla-yı Kelimetullah veya Cihad.pdf,PDF,ZIP Arşivi İçinde (Books for Text_Hzm-20260529T161525Z-3-001.zip),C:\Users\default.LAPTOP-OBA1HVU9\.antigravity-ide\Books\Books for Text_Hzm-20260529T161525Z-3-001.zip -> Books for Text_Hzm/PRL/İla-yı Kelimetullah veya Cihad.pdf,Books for Text_Hzm/PRL,2.4
Fasıldan Fasıla-1.pdf,PDF,ZIP Arşivi İçinde (Books for Text_Hzm-20260529T161525Z-3-001.zip),C:\Users\default.LAPTOP-OBA1HVU9\.antigravity-ide\Books\Books for Text_Hzm-20260529T161525Z-3-001.zip -> Books for Text_Hzm/PRL/Fasıldan Fasıla-1.pdf,Books for Text_Hzm/PRL,0.74
CN_7_Isigin Gorundugu Ufuk.pdf,PDF,ZIP Arşivi İçinde (Books for Text_Hzm-20260529T161525Z-3-001.zip),C:\Users\default.LAPTOP-OBA1HVU9\.antigravity-ide\Books\Books for Text_Hzm-20260529T161525Z-3-001.zip -> Books for Text_Hzm/PRL/CN_7_Isigin Gorundugu Ufuk.pdf,Books for Text_Hzm/PRL,1.04
Fasıldan Fasıla-5 - Fikir Atlası.pdf,PDF,ZIP Arşivi İçinde (Books for Text_Hzm-20260529T161525Z-3-001.zip),C:\Users\default.LAPTOP-OBA1HVU9\.antigravity-ide\Books\Books for Text_Hzm-20260529T161525Z-3-001.zip -> Books for Text_Hzm/PRL/Fasıldan Fasıla-5 - Fikir Atlası.pdf,Books for Text_Hzm/PRL,0.75
Fikir ve Aksiyon İnsanı Olarak Fethullah Gülen - Yüksel Çayıroğlu.pdf,PDF,ZIP Arşivi İçinde (Books for Text_Hzm-20260529T161525Z-3-001.zip),C:\Users\default.LAPTOP-OBA1HVU9\.antigravity-ide\Books\Books for Text_Hzm-20260529T161525Z-3-001.zip -> Books for Text_Hzm/HE_Biyografi/Fikir ve Aksiyon İnsanı Olarak Fethullah Gülen - Yüksel Çayıroğlu.pdf,Books for Text_Hzm/HE_Biyografi,13.34
CN_4_Zamanin Altin Dilimi.pdf,PDF,ZIP Arşivi İçinde (Books for Text_Hzm-20260529T161525Z-3-001.zip),C:\Users\default.LAPTOP-OBA1HVU9\.antigravity-ide\Books\Books for Text_Hzm-20260529T161525Z-3-001.zip -> Books for Text_Hzm/PRL/CN_4_Zamanin Altin Dilimi.pdf,Books for Text_Hzm/PRL,0.78
CN_8_Ornekleri Kendinden Bir Hareket.pdf,PDF,ZIP Arşivi İçinde (Books for Text_Hzm-20260529T161525Z-3-001.zip),C:\Users\default.LAPTOP-OBA1HVU9\.antigravity-ide\Books\Books for Text_Hzm-20260529T161525Z-3-001.zip -> Books for Text_Hzm/PRL/CN_8_Ornekleri Kendinden Bir Hareket.pdf,Books for Text_Hzm/PRL,0.78
Hitap Çiçekleri.pdf,PDF,ZIP Arşivi İçinde (Books for Text_Hzm-20260529T161525Z-3-001.zip),C:\Users\default.LAPTOP-OBA1HVU9\.antigravity-ide\Books\Books for Text_Hzm-20260529T161525Z-3-001.zip -> Books for Text_Hzm/PRL/Hitap Çiçekleri.pdf,Books for Text_Hzm/PRL,0.62
İrşad Ekseni.pdf,PDF,ZIP Arşivi İçinde (Books for Text_Hzm-20260529T161525Z-3-001.zip),C:\Users\default.LAPTOP-OBA1HVU9\.antigravity-ide\Books\Books for Text_Hzm-20260529T161525Z-3-001.zip -> Books for Text_Hzm/PRL/İrşad Ekseni.pdf,Books for Text_Hzm/PRL,0.97
İnancın Gölgesinde-1.pdf,PDF,ZIP Arşivi İçinde (Books for Text_Hzm-20260529T161525Z-3-001.zip),C:\Users\default.LAPTOP-OBA1HVU9\.antigravity-ide\Books\Books for Text_Hzm-20260529T161525Z-3-001.zip -> Books for Text_Hzm/PRL/İnancın Gölgesinde-1.pdf,Books for Text_Hzm/PRL,1.07
Understanding-Fethullah-Gulen.pdf,PDF,ZIP Arşivi İçinde (Books for Text_Hzm-20260529T161525Z-3-001.zip),C:\Users\default.LAPTOP-OBA1HVU9\.antigravity-ide\Books\Books for Text_Hzm-20260529T161525Z-3-001.zip -> Books for Text_Hzm/HE_Biyografi/Understanding-Fethullah-Gulen.pdf,Books for Text_Hzm/HE_Biyografi,85.33
Kırık Mızrap.pdf,PDF,ZIP Arşivi İçinde (Books for Text_Hzm-20260529T161525Z-3-001.zip),C:\Users\default.LAPTOP-OBA1HVU9\.antigravity-ide\Books\Books for Text_Hzm-20260529T161525Z-3-001.zip -> Books for Text_Hzm/PRL/Kırık Mızrap.pdf,Books for Text_Hzm/PRL,0.72
KT-2-Sohbeti Canan.pdf,PDF,ZIP Arşivi İçinde (Books for Text_Hzm-20260529T161525Z-3-001.zip),C:\Users\default.LAPTOP-OBA1HVU9\.antigravity-ide\Books\Books for Text_Hzm-20260529T161525Z-3-001.zip -> Books for Text_Hzm/PRL/KT-2-Sohbeti Canan.pdf,Books for Text_Hzm/PRL,0.83
Fatiha Üzerine Mülahazalar.pdf,PDF,ZIP Arşivi İçinde (Books for Text_Hzm-20260529T161525Z-3-001.zip),C:\Users\default.LAPTOP-OBA1HVU9\.antigravity-ide\Books\Books for Text_Hzm-20260529T161525Z-3-001.zip -> Books for Text_Hzm/PRL/Fatiha Üzerine Mülahazalar.pdf,Books for Text_Hzm/PRL,1.07
Kalbin Zümrüt Tepeleri - 1.pdf,PDF,ZIP Arşivi İçinde (Books for Text_Hzm-20260529T161525Z-3-001.zip),C:\Users\default.LAPTOP-OBA1HVU9\.antigravity-ide\Books\Books for Text_Hzm-20260529T161525Z-3-001.zip -> Books for Text_Hzm/PRL/Kalbin Zümrüt Tepeleri - 1.pdf,Books for Text_Hzm/PRL,1.18
Kalbin Zümrüt Tepeleri - 4.pdf,PDF,ZIP Arşivi İçinde (Books for Text_Hzm-20260529T161525Z-3-001.zip),C:\Users\default.LAPTOP-OBA1HVU9\.antigravity-ide\Books\Books for Text_Hzm-20260529T161525Z-3-001.zip -> Books for Text_Hzm/PRL/Kalbin Zümrüt Tepeleri - 4.pdf,Books for Text_Hzm/PRL,0.95
İnancın Gölgesinde-2.pdf,PDF,ZIP Arşivi İçinde (Books for Text_Hzm-20260529T161525Z-3-001.zip),C:\Users\default.LAPTOP-OBA1HVU9\.antigravity-ide\Books\Books for Text_Hzm-20260529T161525Z-3-001.zip -> Books for Text_Hzm/PRL/İnancın Gölgesinde-2.pdf,Books for Text_Hzm/PRL,1.0
Kalbin Zümrüt Tepeleri - 2.pdf,PDF,ZIP Arşivi İçinde (Books for Text_Hzm-20260529T161525Z-3-001.zip),C:\Users\default.LAPTOP-OBA1HVU9\.antigravity-ide\Books\Books for Text_Hzm-20260529T161525Z-3-001.zip -> Books for Text_Hzm/PRL/Kalbin Zümrüt Tepeleri - 2.pdf,Books for Text_Hzm/PRL,1.31
Olum-ve-Otesi-Hayat-M.-Fethullah-Gulen.pdf,PDF,ZIP Arşivi İçinde (Books for Text_Hzm-20260529T161525Z-3-001.zip),C:\Users\default.LAPTOP-OBA1HVU9\.antigravity-ide\Books\Books for Text_Hzm-20260529T161525Z-3-001.zip -> Books for Text_Hzm/PRL/Olum-ve-Otesi-Hayat-M.-Fethullah-Gulen.pdf,Books for Text_Hzm/PRL,0.54
KT-1-Kırık Testi.pdf,PDF,ZIP Arşivi İçinde (Books for Text_Hzm-20260529T161525Z-3-001.zip),C:\Users\default.LAPTOP-OBA1HVU9\.antigravity-ide\Books\Books for Text_Hzm-20260529T161525Z-3-001.zip -> Books for Text_Hzm/PRL/KT-1-Kırık Testi.pdf,Books for Text_Hzm/PRL,1.06
Enginligiyle-Bizim-Dunyamiz-Iktisadi-Mulahazalar.pdf,PDF,ZIP Arşivi İçinde (Books for Text_Hzm-20260529T161525Z-3-001.zip),C:\Users\default.LAPTOP-OBA1HVU9\.antigravity-ide\Books\Books for Text_Hzm-20260529T161525Z-3-001.zip -> Books for Text_Hzm/PRL/Enginligiyle-Bizim-Dunyamiz-Iktisadi-Mulahazalar.pdf,Books for Text_Hzm/PRL,1.82
Prizma-1-M.-Fethullah-Gulen.pdf,PDF,ZIP Arşivi İçinde (Books for Text_Hzm-20260529T161525Z-3-001.zip),C:\Users\default.LAPTOP-OBA1HVU9\.antigravity-ide\Books\Books for Text_Hzm-20260529T161525Z-3-001.zip -> Books for Text_Hzm/PRL/Prizma-1-M.-Fethullah-Gulen.pdf,Books for Text_Hzm/PRL,0.96
KT-13-Mefkure Yolculuğu.pdf,PDF,ZIP Arşivi İçinde (Books for Text_Hzm-20260529T161525Z-3-001.zip),C:\Users\default.LAPTOP-OBA1HVU9\.antigravity-ide\Books\Books for Text_Hzm-20260529T161525Z-3-001.zip -> Books for Text_Hzm/PRL/KT-13-Mefkure Yolculuğu.pdf,Books for Text_Hzm/PRL,1.36
KT-14-Buhranlı Günler ve Ümit Atlası.pdf,PDF,ZIP Arşivi İçinde (Books for Text_Hzm-20260529T161525Z-3-001.zip),C:\Users\default.LAPTOP-OBA1HVU9\.antigravity-ide\Books\Books for Text_Hzm-20260529T161525Z-3-001.zip -> Books for Text_Hzm/PRL/KT-14-Buhranlı Günler ve Ümit Atlası.pdf,Books for Text_Hzm/PRL,1.21
KT-12-Yenilenme Cehdi.pdf,PDF,ZIP Arşivi İçinde (Books for Text_Hzm-20260529T161525Z-3-001.zip),C:\Users\default.LAPTOP-OBA1HVU9\.antigravity-ide\Books\Books for Text_Hzm-20260529T161525Z-3-001.zip -> Books for Text_Hzm/PRL/KT-12-Yenilenme Cehdi.pdf,Books for Text_Hzm/PRL,1.3
KT-3-Gurbet Ufukları.pdf,PDF,ZIP Arşivi İçinde (Books for Text_Hzm-20260529T161525Z-3-001.zip),C:\Users\default.LAPTOP-OBA1HVU9\.antigravity-ide\Books\Books for Text_Hzm-20260529T161525Z-3-001.zip -> Books for Text_Hzm/PRL/KT-3-Gurbet Ufukları.pdf,Books for Text_Hzm/PRL,0.98
KT-11-Yaşatma İdeali.pdf,PDF,ZIP Arşivi İçinde (Books for Text_Hzm-20260529T161525Z-3-001.zip),C:\Users\default.LAPTOP-OBA1HVU9\.antigravity-ide\Books\Books for Text_Hzm-20260529T161525Z-3-001.zip -> Books for Text_Hzm/PRL/KT-11-Yaşatma İdeali.pdf,Books for Text_Hzm/PRL,1.21
Prizma-2-M.-Fethullah-Gulen.pdf,PDF,ZIP Arşivi İçinde (Books for Text_Hzm-20260529T161525Z-3-001.zip),C:\Users\default.LAPTOP-OBA1HVU9\.antigravity-ide\Books\Books for Text_Hzm-20260529T161525Z-3-001.zip -> Books for Text_Hzm/PRL/Prizma-2-M.-Fethullah-Gulen.pdf,Books for Text_Hzm/PRL,0.83
Kader-Kitap ve Sünnet Perspektifinde Kader .pdf,PDF,ZIP Arşivi İçinde (Books for Text_Hzm-20260529T161525Z-3-001.zip),C:\Users\default.LAPTOP-OBA1HVU9\.antigravity-ide\Books\Books for Text_Hzm-20260529T161525Z-3-001.zip -> Books for Text_Hzm/PRL/Kader-Kitap ve Sünnet Perspektifinde Kader .pdf,Books for Text_Hzm/PRL,0.84
KT-5-İkindi Yağmurları.pdf,PDF,ZIP Arşivi İçinde (Books for Text_Hzm-20260529T161525Z-3-001.zip),C:\Users\default.LAPTOP-OBA1HVU9\.antigravity-ide\Books\Books for Text_Hzm-20260529T161525Z-3-001.zip -> Books for Text_Hzm/PRL/KT-5-İkindi Yağmurları.pdf,Books for Text_Hzm/PRL,1.66
Kalbin Zümrüt Tepeleri - 3.pdf,PDF,ZIP Arşivi İçinde (Books for Text_Hzm-20260529T161525Z-3-001.zip),C:\Users\default.LAPTOP-OBA1HVU9\.antigravity-ide\Books\Books for Text_Hzm-20260529T161525Z-3-001.zip -> Books for Text_Hzm/PRL/Kalbin Zümrüt Tepeleri - 3.pdf,Books for Text_Hzm/PRL,1.15
Olcu-veya-Yoldaki-Isiklar-M.-Fethullah-Gulen.pdf,PDF,ZIP Arşivi İçinde (Books for Text_Hzm-20260529T161525Z-3-001.zip),C:\Users\default.LAPTOP-OBA1HVU9\.antigravity-ide\Books\Books for Text_Hzm-20260529T161525Z-3-001.zip -> Books for Text_Hzm/PRL/Olcu-veya-Yoldaki-Isiklar-M.-Fethullah-Gulen.pdf,Books for Text_Hzm/PRL,0.7
KT-9-Kalb İbresi.pdf,PDF,ZIP Arşivi İçinde (Books for Text_Hzm-20260529T161525Z-3-001.zip),C:\Users\default.LAPTOP-OBA1HVU9\.antigravity-ide\Books\Books for Text_Hzm-20260529T161525Z-3-001.zip -> Books for Text_Hzm/PRL/KT-9-Kalb İbresi.pdf,Books for Text_Hzm/PRL,1.27
KT-8-Vuslat Muştusu.pdf,PDF,ZIP Arşivi İçinde (Books for Text_Hzm-20260529T161525Z-3-001.zip),C:\Users\default.LAPTOP-OBA1HVU9\.antigravity-ide\Books\Books for Text_Hzm-20260529T161525Z-3-001.zip -> Books for Text_Hzm/PRL/KT-8-Vuslat Muştusu.pdf,Books for Text_Hzm/PRL,1.32
KT-10-Cemre Beklentisi.pdf,PDF,ZIP Arşivi İçinde (Books for Text_Hzm-20260529T161525Z-3-001.zip),C:\Users\default.LAPTOP-OBA1HVU9\.antigravity-ide\Books\Books for Text_Hzm-20260529T161525Z-3-001.zip -> Books for Text_Hzm/PRL/KT-10-Cemre Beklentisi.pdf,Books for Text_Hzm/PRL,1.26
Prizma-3-M.-Fethullah-Gulen.pdf,PDF,ZIP Arşivi İçinde (Books for Text_Hzm-20260529T161525Z-3-001.zip),C:\Users\default.LAPTOP-OBA1HVU9\.antigravity-ide\Books\Books for Text_Hzm-20260529T161525Z-3-001.zip -> Books for Text_Hzm/PRL/Prizma-3-M.-Fethullah-Gulen.pdf,Books for Text_Hzm/PRL,0.88
Prizma-6-Yol-Mulahazalari-M.-Fethullah-Gulen.pdf,PDF,ZIP Arşivi İçinde (Books for Text_Hzm-20260529T161525Z-3-001.zip),C:\Users\default.LAPTOP-OBA1HVU9\.antigravity-ide\Books\Books for Text_Hzm-20260529T161525Z-3-001.zip -> Books for Text_Hzm/PRL/Prizma-6-Yol-Mulahazalari-M.-Fethullah-Gulen.pdf,Books for Text_Hzm/PRL,0.88
Prizma-7-Zihin-Harmani-M.-Fethullah-Gulen.pdf,PDF,ZIP Arşivi İçinde (Books for Text_Hzm-20260529T161525Z-3-001.zip),C:\Users\default.LAPTOP-OBA1HVU9\.antigravity-ide\Books\Books for Text_Hzm-20260529T161525Z-3-001.zip -> Books for Text_Hzm/PRL/Prizma-7-Zihin-Harmani-M.-Fethullah-Gulen.pdf,Books for Text_Hzm/PRL,0.85
Ruhumuzun-Heykelini-Dikerken-1-M.-Fethullah-Gulen.pdf,PDF,ZIP Arşivi İçinde (Books for Text_Hzm-20260529T161525Z-3-001.zip),C:\Users\default.LAPTOP-OBA1HVU9\.antigravity-ide\Books\Books for Text_Hzm-20260529T161525Z-3-001.zip -> Books for Text_Hzm/PRL/Ruhumuzun-Heykelini-Dikerken-1-M.-Fethullah-Gulen.pdf,Books for Text_Hzm/PRL,0.63
KT-16-Dert Musikisi.pdf,PDF,ZIP Arşivi İçinde (Books for Text_Hzm-20260529T161525Z-3-001.zip),C:\Users\default.LAPTOP-OBA1HVU9\.antigravity-ide\Books\Books for Text_Hzm-20260529T161525Z-3-001.zip -> Books for Text_Hzm/PRL/KT-16-Dert Musikisi.pdf,Books for Text_Hzm/PRL,1.21
Yaratilis-Gercegi-ve-Evrim-M.-Fethullah-Gulen.pdf,PDF,ZIP Arşivi İçinde (Books for Text_Hzm-20260529T161525Z-3-001.zip),C:\Users\default.LAPTOP-OBA1HVU9\.antigravity-ide\Books\Books for Text_Hzm-20260529T161525Z-3-001.zip -> Books for Text_Hzm/PRL/Yaratilis-Gercegi-ve-Evrim-M.-Fethullah-Gulen.pdf,Books for Text_Hzm/PRL,0.59
KT-7-Ölümsüzlük İksiri.pdf,PDF,ZIP Arşivi İçinde (Books for Text_Hzm-20260529T161525Z-3-001.zip),C:\Users\default.LAPTOP-OBA1HVU9\.antigravity-ide\Books\Books for Text_Hzm-20260529T161525Z-3-001.zip -> Books for Text_Hzm/PRL/KT-7-Ölümsüzlük İksiri.pdf,Books for Text_Hzm/PRL,1.28
Prizma-5-Kendi-Iklimimiz-M.-Fethullah-Gulen.pdf,PDF,ZIP Arşivi İçinde (Books for Text_Hzm-20260529T161525Z-3-001.zip),C:\Users\default.LAPTOP-OBA1HVU9\.antigravity-ide\Books\Books for Text_Hzm-20260529T161525Z-3-001.zip -> Books for Text_Hzm/PRL/Prizma-5-Kendi-Iklimimiz-M.-Fethullah-Gulen.pdf,Books for Text_Hzm/PRL,0.99
KT-15-Yolun Kaderi.pdf,PDF,ZIP Arşivi İçinde (Books for Text_Hzm-20260529T161525Z-3-001.zip),C:\Users\default.LAPTOP-OBA1HVU9\.antigravity-ide\Books\Books for Text_Hzm-20260529T161525Z-3-001.zip -> Books for Text_Hzm/PRL/KT-15-Yolun Kaderi.pdf,Books for Text_Hzm/PRL,1.67
KT-4-Ümit Burcu.pdf,PDF,ZIP Arşivi İçinde (Books for Text_Hzm-20260529T161525Z-3-001.zip),C:\Users\default.LAPTOP-OBA1HVU9\.antigravity-ide\Books\Books for Text_Hzm-20260529T161525Z-3-001.zip -> Books for Text_Hzm/PRL/KT-4-Ümit Burcu.pdf,Books for Text_Hzm/PRL,1.45
Namaz-Miraç Enginlikli İbadet.pdf,PDF,ZIP Arşivi İçinde (Books for Text_Hzm-20260529T161525Z-3-001.zip),C:\Users\default.LAPTOP-OBA1HVU9\.antigravity-ide\Books\Books for Text_Hzm-20260529T161525Z-3-001.zip -> Books for Text_Hzm/PRL/Namaz-Miraç Enginlikli İbadet.pdf,Books for Text_Hzm/PRL,2.18
Ruhumuzun-Heykelini-Dikerken-2-Kendi-Dunyamiza-Dogru-M.-Fethullah-Gulen.pdf,PDF,ZIP Arşivi İçinde (Books for Text_Hzm-20260529T161525Z-3-001.zip),C:\Users\default.LAPTOP-OBA1HVU9\.antigravity-ide\Books\Books for Text_Hzm-20260529T161525Z-3-001.zip -> Books for Text_Hzm/PRL/Ruhumuzun-Heykelini-Dikerken-2-Kendi-Dunyamiza-Dogru-M.-Fethullah-Gulen.pdf,Books for Text_Hzm/PRL,1.05
CN-10_Hakka Adanmışlar Yolu.pdf,PDF,ZIP Arşivi İçinde (Books for Text_Hzm-20260529T161525Z-3-001.zip),C:\Users\default.LAPTOP-OBA1HVU9\.antigravity-ide\Books\Books for Text_Hzm-20260529T161525Z-3-001.zip -> Books for Text_Hzm/PRL/CN-10_Hakka Adanmışlar Yolu.pdf,Books for Text_Hzm/PRL,8.4
Prizma-4-M.-Fethullah-Gulen.pdf,PDF,ZIP Arşivi İçinde (Books for Text_Hzm-20260529T161525Z-3-001.zip),C:\Users\default.LAPTOP-OBA1HVU9\.antigravity-ide\Books\Books for Text_Hzm-20260529T161525Z-3-001.zip -> Books for Text_Hzm/PRL/Prizma-4-M.-Fethullah-Gulen.pdf,Books for Text_Hzm/PRL,1.2
Prizma-9-Kendi-Ruhumuzu-Ararken-M.-Fethullah-Gulen.pdf,PDF,ZIP Arşivi İçinde (Books for Text_Hzm-20260529T161525Z-3-001.zip),C:\Users\default.LAPTOP-OBA1HVU9\.antigravity-ide\Books\Books for Text_Hzm-20260529T161525Z-3-001.zip -> Books for Text_Hzm/PRL/Prizma-9-Kendi-Ruhumuzu-Ararken-M.-Fethullah-Gulen.pdf,Books for Text_Hzm/PRL,1.36
SA-1_Sohbet-Atmosferi-M.-Fethullah-Gulen.pdf,PDF,ZIP Arşivi İçinde (Books for Text_Hzm-20260529T161525Z-3-001.zip),C:\Users\default.LAPTOP-OBA1HVU9\.antigravity-ide\Books\Books for Text_Hzm-20260529T161525Z-3-001.zip -> Books for Text_Hzm/PRL/SA-1_Sohbet-Atmosferi-M.-Fethullah-Gulen.pdf,Books for Text_Hzm/PRL,1.15
Varligin-Metafizik-Boyutu-M.-Fethullah-Gulen.pdf,PDF,ZIP Arşivi İçinde (Books for Text_Hzm-20260529T161525Z-3-001.zip),C:\Users\default.LAPTOP-OBA1HVU9\.antigravity-ide\Books\Books for Text_Hzm-20260529T161525Z-3-001.zip -> Books for Text_Hzm/PRL/Varligin-Metafizik-Boyutu-M.-Fethullah-Gulen.pdf,Books for Text_Hzm/PRL,1.5
Sonsuz-Nur-2-M.-Fethullah-Gulen.pdf,PDF,ZIP Arşivi İçinde (Books for Text_Hzm-20260529T161525Z-3-001.zip),C:\Users\default.LAPTOP-OBA1HVU9\.antigravity-ide\Books\Books for Text_Hzm-20260529T161525Z-3-001.zip -> Books for Text_Hzm/PRL/Sonsuz-Nur-2-M.-Fethullah-Gulen.pdf,Books for Text_Hzm/PRL,2.24
Prizma-8-Cizgimizi-Hecelerken-M.-Fethullah-Gulen.pdf,PDF,ZIP Arşivi İçinde (Books for Text_Hzm-20260529T161525Z-3-001.zip),C:\Users\default.LAPTOP-OBA1HVU9\.antigravity-ide\Books\Books for Text_Hzm-20260529T161525Z-3-001.zip -> Books for Text_Hzm/PRL/Prizma-8-Cizgimizi-Hecelerken-M.-Fethullah-Gulen.pdf,Books for Text_Hzm/PRL,1.11
KT-6-Diriliş Çağrısı.pdf,PDF,ZIP Arşivi İçinde (Books for Text_Hzm-20260529T161525Z-3-001.zip),C:\Users\default.LAPTOP-OBA1HVU9\.antigravity-ide\Books\Books for Text_Hzm-20260529T161525Z-3-001.zip -> Books for Text_Hzm/PRL/KT-6-Diriliş Çağrısı.pdf,Books for Text_Hzm/PRL,1.44
250411 HE Roportajlar.pdf,PDF,ZIP Arşivi İçinde (Books for Text_Hzm-20260529T161525Z-3-001.zip),C:\Users\default.LAPTOP-OBA1HVU9\.antigravity-ide\Books\Books for Text_Hzm-20260529T161525Z-3-001.zip -> Books for Text_Hzm/HE_Roportajlar/250411 HE Roportajlar.pdf,Books for Text_Hzm/HE_Roportajlar,12.2
Bir İ_caz Hecelemesi.pdf,PDF,ZIP Arşivi İçinde (Books for Text_Hzm-20260529T161525Z-3-001.zip),C:\Users\default.LAPTOP-OBA1HVU9\.antigravity-ide\Books\Books for Text_Hzm-20260529T161525Z-3-001.zip -> Books for Text_Hzm/PRL/Bir İ_caz Hecelemesi.pdf,Books for Text_Hzm/PRL,24.6
KT-20-Işık-Karanlık Devr-i Daimi.pdf,PDF,ZIP Arşivi İçinde (Books for Text_Hzm-20260529T161525Z-3-001.zip),C:\Users\default.LAPTOP-OBA1HVU9\.antigravity-ide\Books\Books for Text_Hzm-20260529T161525Z-3-001.zip -> Books for Text_Hzm/PRL/KT-20-Işık-Karanlık Devr-i Daimi.pdf,Books for Text_Hzm/PRL,15.78
Kuranin-Altin-Ikliminde-M.-Fethullah-Gulen.pdf,PDF,ZIP Arşivi İçinde (Books for Text_Hzm-20260529T161525Z-3-001.zip),C:\Users\default.LAPTOP-OBA1HVU9\.antigravity-ide\Books\Books for Text_Hzm-20260529T161525Z-3-001.zip -> Books for Text_Hzm/PRL/Kuranin-Altin-Ikliminde-M.-Fethullah-Gulen.pdf,Books for Text_Hzm/PRL,2.13
Kur_an_dan İdrake Yansıyanlar.pdf,PDF,ZIP Arşivi İçinde (Books for Text_Hzm-20260529T161525Z-3-001.zip),C:\Users\default.LAPTOP-OBA1HVU9\.antigravity-ide\Books\Books for Text_Hzm-20260529T161525Z-3-001.zip -> Books for Text_Hzm/PRL/Kur_an_dan İdrake Yansıyanlar.pdf,Books for Text_Hzm/PRL,1.49
Sonsuz-Nur-1-M.-Fethullah-Gulen.pdf,PDF,ZIP Arşivi İçinde (Books for Text_Hzm-20260529T161525Z-3-001.zip),C:\Users\default.LAPTOP-OBA1HVU9\.antigravity-ide\Books\Books for Text_Hzm-20260529T161525Z-3-001.zip -> Books for Text_Hzm/PRL/Sonsuz-Nur-1-M.-Fethullah-Gulen.pdf,Books for Text_Hzm/PRL,2.89
Yusuf_Suresi-MFG.pdf,PDF,ZIP Arşivi İçinde (Books for Text_Hzm-20260529T161525Z-3-001.zip),C:\Users\default.LAPTOP-OBA1HVU9\.antigravity-ide\Books\Books for Text_Hzm-20260529T161525Z-3-001.zip -> Books for Text_Hzm/PRL/Yusuf_Suresi-MFG.pdf,Books for Text_Hzm/PRL,22.91
Hutbeler-Gönül_Nağmeleri-MFG.pdf,PDF,ZIP Arşivi İçinde (Books for Text_Hzm-20260529T161525Z-3-001.zip),C:\Users\default.LAPTOP-OBA1HVU9\.antigravity-ide\Books\Books for Text_Hzm-20260529T161525Z-3-001.zip -> Books for Text_Hzm/PRL/Hutbeler-Gönül_Nağmeleri-MFG.pdf,Books for Text_Hzm/PRL,14.4
Kur_an_ın_Sihirli_Ufku_Yusuf_Suresi-MFG.pdf,PDF,ZIP Arşivi İçinde (Books for Text_Hzm-20260529T161525Z-3-001.zip),C:\Users\default.LAPTOP-OBA1HVU9\.antigravity-ide\Books\Books for Text_Hzm-20260529T161525Z-3-001.zip -> Books for Text_Hzm/PRL/Kur_an_ın_Sihirli_Ufku_Yusuf_Suresi-MFG.pdf,Books for Text_Hzm/PRL,22.91
KT-19-Işık Karanlığı Boğarken.pdf,PDF,ZIP Arşivi İçinde (Books for Text_Hzm-20260529T161525Z-3-001.zip),C:\Users\default.LAPTOP-OBA1HVU9\.antigravity-ide\Books\Books for Text_Hzm-20260529T161525Z-3-001.zip -> Books for Text_Hzm/PRL/KT-19-Işık Karanlığı Boğarken.pdf,Books for Text_Hzm/PRL,15.85
Sosyal-Medya-Verileri-Uzerinden-İstihbarat-Faaliyetleri.pdf,PDF,ZIP Arşivi İçinde (Books for Text_TR-20260529T163910Z-3-001.zip),C:\Users\default.LAPTOP-OBA1HVU9\.antigravity-ide\Books\Books for Text_TR-20260529T163910Z-3-001.zip -> Books for Text_TR/İstihbarat/Sosyal-Medya-Verileri-Uzerinden-İstihbarat-Faaliyetleri.pdf,Books for Text_TR/İstihbarat,0.88
israil-sorunu-siyasi-siyonizm (1).pdf,PDF,ZIP Arşivi İçinde (Books for Text_TR-20260529T163910Z-3-001.zip),C:\Users\default.LAPTOP-OBA1HVU9\.antigravity-ide\Books\Books for Text_TR-20260529T163910Z-3-001.zip -> Books for Text_TR/ODogu/israil-sorunu-siyasi-siyonizm (1).pdf,Books for Text_TR/ODogu,0.15
ERGENEKON-Devlet-İcinde-Devlet-CAN-DUNDAR-CELAL-KAZDAĞLI.pdf,PDF,ZIP Arşivi İçinde (Books for Text_TR-20260529T163910Z-3-001.zip),C:\Users\default.LAPTOP-OBA1HVU9\.antigravity-ide\Books\Books for Text_TR-20260529T163910Z-3-001.zip -> Books for Text_TR/Gld-Tr/ERGENEKON-Devlet-İcinde-Devlet-CAN-DUNDAR-CELAL-KAZDAĞLI.pdf,Books for Text_TR/Gld-Tr,1.19
istihbarat-Sirlari-Ali Burak Daricili.pdf,PDF,ZIP Arşivi İçinde (Books for Text_TR-20260529T163910Z-3-001.zip),C:\Users\default.LAPTOP-OBA1HVU9\.antigravity-ide\Books\Books for Text_TR-20260529T163910Z-3-001.zip -> Books for Text_TR/İstihbarat/istihbarat-Sirlari-Ali Burak Daricili.pdf,Books for Text_TR/İstihbarat,0.49
Bektasilik_Mevlevilik_Masonluk_Kitap_Tan.pdf,PDF,ZIP Arşivi İçinde (Books for Text_TR-20260529T163910Z-3-001.zip),C:\Users\default.LAPTOP-OBA1HVU9\.antigravity-ide\Books\Books for Text_TR-20260529T163910Z-3-001.zip -> Books for Text_TR/Duvar_TR/Bektasilik_Mevlevilik_Masonluk_Kitap_Tan.pdf,Books for Text_TR/Duvar_TR,0.13
İstihbaratın-İcinden-Anthony-Cavendish.pdf,PDF,ZIP Arşivi İçinde (Books for Text_TR-20260529T163910Z-3-001.zip),C:\Users\default.LAPTOP-OBA1HVU9\.antigravity-ide\Books\Books for Text_TR-20260529T163910Z-3-001.zip -> Books for Text_TR/İstihbarat/İstihbaratın-İcinden-Anthony-Cavendish.pdf,Books for Text_TR/İstihbarat,2.64
Biri-Totalitarizm-Mi-Dedi-Slavoj-Zizek.pdf,PDF,ZIP Arşivi İçinde (Books for Text_TR-20260529T163910Z-3-001.zip),C:\Users\default.LAPTOP-OBA1HVU9\.antigravity-ide\Books\Books for Text_TR-20260529T163910Z-3-001.zip -> Books for Text_TR/Zulum ve Adalet/Biri-Totalitarizm-Mi-Dedi-Slavoj-Zizek.pdf,Books for Text_TR/Zulum ve Adalet,2.46
Gultekin-Avcı-Istihbarat-Teknikleri-pdf.pdf,PDF,ZIP Arşivi İçinde (Books for Text_TR-20260529T163910Z-3-001.zip),C:\Users\default.LAPTOP-OBA1HVU9\.antigravity-ide\Books\Books for Text_TR-20260529T163910Z-3-001.zip -> Books for Text_TR/İstihbarat/Gultekin-Avcı-Istihbarat-Teknikleri-pdf.pdf,Books for Text_TR/İstihbarat,0.52
Siddetsiz-Direnis-Todd-May.pdf,PDF,ZIP Arşivi İçinde (Books for Text_TR-20260529T163910Z-3-001.zip),C:\Users\default.LAPTOP-OBA1HVU9\.antigravity-ide\Books\Books for Text_TR-20260529T163910Z-3-001.zip -> Books for Text_TR/Zulum ve Adalet/Siddetsiz-Direnis-Todd-May.pdf,Books for Text_TR/Zulum ve Adalet,1.93
Ajan-Casus-Muhbir-Muhabir-Nurullah-Aydin.pdf,PDF,ZIP Arşivi İçinde (Books for Text_TR-20260529T163910Z-3-001.zip),C:\Users\default.LAPTOP-OBA1HVU9\.antigravity-ide\Books\Books for Text_TR-20260529T163910Z-3-001.zip -> Books for Text_TR/İstihbarat/Ajan-Casus-Muhbir-Muhabir-Nurullah-Aydin.pdf,Books for Text_TR/İstihbarat,1.68
Kamu-Vicdanına-Cağrı-Sivil-itaatsizlik.pdf,PDF,ZIP Arşivi İçinde (Books for Text_TR-20260529T163910Z-3-001.zip),C:\Users\default.LAPTOP-OBA1HVU9\.antigravity-ide\Books\Books for Text_TR-20260529T163910Z-3-001.zip -> Books for Text_TR/Sivil Toplum/Kamu-Vicdanına-Cağrı-Sivil-itaatsizlik.pdf,Books for Text_TR/Sivil Toplum,8.29
Ezoterik Toplulukların Sosyolojisi Masonlar Üzerine Bir İnceleme_Gülay Acar Göktepe - Y.L. Tezi .pdf,PDF,ZIP Arşivi İçinde (Books for Text_TR-20260529T163910Z-3-001.zip),C:\Users\default.LAPTOP-OBA1HVU9\.antigravity-ide\Books\Books for Text_TR-20260529T163910Z-3-001.zip -> Books for Text_TR/Duvar_TR/Ezoterik Toplulukların Sosyolojisi Masonlar Üzerine Bir İnceleme_Gülay Acar Göktepe - Y.L. Tezi .pdf,Books for Text_TR/Duvar_TR,1.59
Amerikan-Anayasası-Ne-Kadar-Demokratik-Robert-A-Dahl.pdf,PDF,ZIP Arşivi İçinde (Books for Text_TR-20260529T163910Z-3-001.zip),C:\Users\default.LAPTOP-OBA1HVU9\.antigravity-ide\Books\Books for Text_TR-20260529T163910Z-3-001.zip -> Books for Text_TR/Us/Amerikan-Anayasası-Ne-Kadar-Demokratik-Robert-A-Dahl.pdf,Books for Text_TR/Us,2.29
Şiddetin-Eleştirisi-Uzerine-Walter-Benjamin.pdf,PDF,ZIP Arşivi İçinde (Books for Text_TR-20260529T163910Z-3-001.zip),C:\Users\default.LAPTOP-OBA1HVU9\.antigravity-ide\Books\Books for Text_TR-20260529T163910Z-3-001.zip -> Books for Text_TR/Zulum ve Adalet/Şiddetin-Eleştirisi-Uzerine-Walter-Benjamin.pdf,Books for Text_TR/Zulum ve Adalet,6.36
İstihbarat-Ahmet-Enes-Sarıcicek.pdf,PDF,ZIP Arşivi İçinde (Books for Text_TR-20260529T163910Z-3-001.zip),C:\Users\default.LAPTOP-OBA1HVU9\.antigravity-ide\Books\Books for Text_TR-20260529T163910Z-3-001.zip -> Books for Text_TR/İstihbarat/İstihbarat-Ahmet-Enes-Sarıcicek.pdf,Books for Text_TR/İstihbarat,4.11
Diktatorluk-Sendromu-Ala-El-Asvani.pdf,PDF,ZIP Arşivi İçinde (Books for Text_TR-20260529T163910Z-3-001.zip),C:\Users\default.LAPTOP-OBA1HVU9\.antigravity-ide\Books\Books for Text_TR-20260529T163910Z-3-001.zip -> Books for Text_TR/Zulum ve Adalet/Diktatorluk-Sendromu-Ala-El-Asvani.pdf,Books for Text_TR/Zulum ve Adalet,3.1
Devleti-Korumak-Guvenlik-Paradigmasının-gelişimi-baski.pdf,PDF,ZIP Arşivi İçinde (Books for Text_TR-20260529T163910Z-3-001.zip),C:\Users\default.LAPTOP-OBA1HVU9\.antigravity-ide\Books\Books for Text_TR-20260529T163910Z-3-001.zip -> Books for Text_TR/Zulum ve Adalet/Devleti-Korumak-Guvenlik-Paradigmasının-gelişimi-baski.pdf,Books for Text_TR/Zulum ve Adalet,3.33
Peter-F-Drucker-Yeni-Gercekler.pdf,PDF,ZIP Arşivi İçinde (Books for Text_TR-20260529T163910Z-3-001.zip),C:\Users\default.LAPTOP-OBA1HVU9\.antigravity-ide\Books\Books for Text_TR-20260529T163910Z-3-001.zip -> Books for Text_TR/Yazarlar-Ybnc/Peter-F-Drucker-Yeni-Gercekler.pdf,Books for Text_TR/Yazarlar-Ybnc,5.77
Eleştiri-Toplum-Uzerine-Adorno.pdf,PDF,ZIP Arşivi İçinde (Books for Text_TR-20260529T163910Z-3-001.zip),C:\Users\default.LAPTOP-OBA1HVU9\.antigravity-ide\Books\Books for Text_TR-20260529T163910Z-3-001.zip -> Books for Text_TR/Zulum ve Adalet/Eleştiri-Toplum-Uzerine-Adorno.pdf,Books for Text_TR/Zulum ve Adalet,2.95
Vasatlığın-İktidarı-Alain-Deneault.pdf,PDF,ZIP Arşivi İçinde (Books for Text_TR-20260529T163910Z-3-001.zip),C:\Users\default.LAPTOP-OBA1HVU9\.antigravity-ide\Books\Books for Text_TR-20260529T163910Z-3-001.zip -> Books for Text_TR/Zulum ve Adalet/Vasatlığın-İktidarı-Alain-Deneault.pdf,Books for Text_TR/Zulum ve Adalet,5.74
Metastaz-Barış-Pehlivan.pdf,PDF,ZIP Arşivi İçinde (Books for Text_TR-20260529T163910Z-3-001.zip),C:\Users\default.LAPTOP-OBA1HVU9\.antigravity-ide\Books\Books for Text_TR-20260529T163910Z-3-001.zip -> Books for Text_TR/Hzm-Aleyhte/Metastaz-Barış-Pehlivan.pdf,Books for Text_TR/Hzm-Aleyhte,1.19
Dunya-Avrupa-ve-Turkiye-de-Sivil-Ağlar-Rehberi.pdf,PDF,ZIP Arşivi İçinde (Books for Text_TR-20260529T163910Z-3-001.zip),C:\Users\default.LAPTOP-OBA1HVU9\.antigravity-ide\Books\Books for Text_TR-20260529T163910Z-3-001.zip -> Books for Text_TR/Sivil Toplum/Dunya-Avrupa-ve-Turkiye-de-Sivil-Ağlar-Rehberi.pdf,Books for Text_TR/Sivil Toplum,1.24
Yeni-Despotizm-Bulent-Diken.pdf,PDF,ZIP Arşivi İçinde (Books for Text_TR-20260529T163910Z-3-001.zip),C:\Users\default.LAPTOP-OBA1HVU9\.antigravity-ide\Books\Books for Text_TR-20260529T163910Z-3-001.zip -> Books for Text_TR/Zulum ve Adalet/Yeni-Despotizm-Bulent-Diken.pdf,Books for Text_TR/Zulum ve Adalet,2.99
Ernest-Volkman-Casusluk.pdf,PDF,ZIP Arşivi İçinde (Books for Text_TR-20260529T163910Z-3-001.zip),C:\Users\default.LAPTOP-OBA1HVU9\.antigravity-ide\Books\Books for Text_TR-20260529T163910Z-3-001.zip -> Books for Text_TR/İstihbarat/Ernest-Volkman-Casusluk.pdf,Books for Text_TR/İstihbarat,1.48
Heyet-2-Devletin-Gizli-Sırları-Halil-Yaşar-Kollu.pdf,PDF,ZIP Arşivi İçinde (Books for Text_TR-20260529T163910Z-3-001.zip),C:\Users\default.LAPTOP-OBA1HVU9\.antigravity-ide\Books\Books for Text_TR-20260529T163910Z-3-001.zip -> Books for Text_TR/İstihbarat/Heyet-2-Devletin-Gizli-Sırları-Halil-Yaşar-Kollu.pdf,Books for Text_TR/İstihbarat,8.44
İnsan-Hakları-Jacques-Mourgeon.pdf,PDF,ZIP Arşivi İçinde (Books for Text_TR-20260529T163910Z-3-001.zip),C:\Users\default.LAPTOP-OBA1HVU9\.antigravity-ide\Books\Books for Text_TR-20260529T163910Z-3-001.zip -> Books for Text_TR/Sivil Toplum/İnsan-Hakları-Jacques-Mourgeon.pdf,Books for Text_TR/Sivil Toplum,8.95
Devlete-Karsi-insan-Herbert-Spencer.pdf,PDF,ZIP Arşivi İçinde (Books for Text_TR-20260529T163910Z-3-001.zip),C:\Users\default.LAPTOP-OBA1HVU9\.antigravity-ide\Books\Books for Text_TR-20260529T163910Z-3-001.zip -> Books for Text_TR/Zulum ve Adalet/Devlete-Karsi-insan-Herbert-Spencer.pdf,Books for Text_TR/Zulum ve Adalet,5.7
Orhan Koloğlu - Curnalcilikten Teşkilatı Mahsusa_ya.pdf,PDF,ZIP Arşivi İçinde (Books for Text_TR-20260529T163910Z-3-001.zip),C:\Users\default.LAPTOP-OBA1HVU9\.antigravity-ide\Books\Books for Text_TR-20260529T163910Z-3-001.zip -> Books for Text_TR/İstihbarat/Orhan Koloğlu - Curnalcilikten Teşkilatı Mahsusa_ya.pdf,Books for Text_TR/İstihbarat,33.86
Razi-Canikligil-ABD-Gizli-Belgelerinde-Fethullah-Gulen-Doğan-Kitap.pdf,PDF,ZIP Arşivi İçinde (Books for Text_TR-20260529T163910Z-3-001.zip),C:\Users\default.LAPTOP-OBA1HVU9\.antigravity-ide\Books\Books for Text_TR-20260529T163910Z-3-001.zip -> Books for Text_TR/Hzm-Aleyhte/Razi-Canikligil-ABD-Gizli-Belgelerinde-Fethullah-Gulen-Doğan-Kitap.pdf,Books for Text_TR/Hzm-Aleyhte,4.84
Sosyalizm-ve-İnsan-Ruhu-Oscar-Wilde.pdf,PDF,ZIP Arşivi İçinde (Books for Text_TR-20260529T163910Z-3-001.zip),C:\Users\default.LAPTOP-OBA1HVU9\.antigravity-ide\Books\Books for Text_TR-20260529T163910Z-3-001.zip -> Books for Text_TR/Siyaset/Sosyalizm-ve-İnsan-Ruhu-Oscar-Wilde.pdf,Books for Text_TR/Siyaset,2.02
Darbe-ve-terorizm-Yalcin Akdogan.pdf,PDF,ZIP Arşivi İçinde (Books for Text_TR-20260529T163910Z-3-001.zip),C:\Users\default.LAPTOP-OBA1HVU9\.antigravity-ide\Books\Books for Text_TR-20260529T163910Z-3-001.zip -> Books for Text_TR/Darbe ve ihtilal/Darbe-ve-terorizm-Yalcin Akdogan.pdf,Books for Text_TR/Darbe ve ihtilal,0.37
Mahir-Kaynak-İstihbarat-Ve-Teror-Oyunları.pdf,PDF,ZIP Arşivi İçinde (Books for Text_TR-20260529T163910Z-3-001.zip),C:\Users\default.LAPTOP-OBA1HVU9\.antigravity-ide\Books\Books for Text_TR-20260529T163910Z-3-001.zip -> Books for Text_TR/İstihbarat/Mahir-Kaynak-İstihbarat-Ve-Teror-Oyunları.pdf,Books for Text_TR/İstihbarat,4.56
Politika-Bilimine-Giriş.pdf,PDF,ZIP Arşivi İçinde (Books for Text_TR-20260529T163910Z-3-001.zip),C:\Users\default.LAPTOP-OBA1HVU9\.antigravity-ide\Books\Books for Text_TR-20260529T163910Z-3-001.zip -> Books for Text_TR/Siyaset/Politika-Bilimine-Giriş.pdf,Books for Text_TR/Siyaset,2.04
Dunyayı-Yoneten-Guc-İstihbarat-Bilimi.pdf,PDF,ZIP Arşivi İçinde (Books for Text_TR-20260529T163910Z-3-001.zip),C:\Users\default.LAPTOP-OBA1HVU9\.antigravity-ide\Books\Books for Text_TR-20260529T163910Z-3-001.zip -> Books for Text_TR/İstihbarat/Dunyayı-Yoneten-Guc-İstihbarat-Bilimi.pdf,Books for Text_TR/İstihbarat,7.91
ifşa-Toygun-Atilla.pdf,PDF,ZIP Arşivi İçinde (Books for Text_TR-20260529T163910Z-3-001.zip),C:\Users\default.LAPTOP-OBA1HVU9\.antigravity-ide\Books\Books for Text_TR-20260529T163910Z-3-001.zip -> Books for Text_TR/Hzm-Aleyhte/ifşa-Toygun-Atilla.pdf,Books for Text_TR/Hzm-Aleyhte,52.31
Oyun Teorsi ve UA politka.pdf,PDF,ZIP Arşivi İçinde (Books for Text_TR-20260529T163910Z-3-001.zip),C:\Users\default.LAPTOP-OBA1HVU9\.antigravity-ide\Books\Books for Text_TR-20260529T163910Z-3-001.zip -> Books for Text_TR/Oyun Teorisi/Oyun Teorsi ve UA politka.pdf,Books for Text_TR/Oyun Teorisi,0.15
İstihbarat-Ve-Teror-Oyunları-Mahir-Kaynak.pdf,PDF,ZIP Arşivi İçinde (Books for Text_TR-20260529T163910Z-3-001.zip),C:\Users\default.LAPTOP-OBA1HVU9\.antigravity-ide\Books\Books for Text_TR-20260529T163910Z-3-001.zip -> Books for Text_TR/İstihbarat/İstihbarat-Ve-Teror-Oyunları-Mahir-Kaynak.pdf,Books for Text_TR/İstihbarat,4.56
Oyun Teorisi-2009 Yerel Seçimleri.pdf,PDF,ZIP Arşivi İçinde (Books for Text_TR-20260529T163910Z-3-001.zip),C:\Users\default.LAPTOP-OBA1HVU9\.antigravity-ide\Books\Books for Text_TR-20260529T163910Z-3-001.zip -> Books for Text_TR/Oyun Teorisi/Oyun Teorisi-2009 Yerel Seçimleri.pdf,Books for Text_TR/Oyun Teorisi,0.33
Uluslararası Bir Krzde Oyun Teorsi.pdf,PDF,ZIP Arşivi İçinde (Books for Text_TR-20260529T163910Z-3-001.zip),C:\Users\default.LAPTOP-OBA1HVU9\.antigravity-ide\Books\Books for Text_TR-20260529T163910Z-3-001.zip -> Books for Text_TR/Oyun Teorisi/Uluslararası Bir Krzde Oyun Teorsi.pdf,Books for Text_TR/Oyun Teorisi,0.43
Chicken Game.pdf,PDF,ZIP Arşivi İçinde (Books for Text_TR-20260529T163910Z-3-001.zip),C:\Users\default.LAPTOP-OBA1HVU9\.antigravity-ide\Books\Books for Text_TR-20260529T163910Z-3-001.zip -> Books for Text_TR/Oyun Teorisi/Chicken Game.pdf,Books for Text_TR/Oyun Teorisi,0.06
Oyun Teorsi-Uluslararası llişkilerde kullanımı.pdf,PDF,ZIP Arşivi İçinde (Books for Text_TR-20260529T163910Z-3-001.zip),C:\Users\default.LAPTOP-OBA1HVU9\.antigravity-ide\Books\Books for Text_TR-20260529T163910Z-3-001.zip -> Books for Text_TR/Oyun Teorisi/Oyun Teorsi-Uluslararası llişkilerde kullanımı.pdf,Books for Text_TR/Oyun Teorisi,0.12
Sivil-Toplum-Orgutleri-İcin-Kampanya-Hazırlama-Rehberi.pdf,PDF,ZIP Arşivi İçinde (Books for Text_TR-20260529T163910Z-3-001.zip),C:\Users\default.LAPTOP-OBA1HVU9\.antigravity-ide\Books\Books for Text_TR-20260529T163910Z-3-001.zip -> Books for Text_TR/Sivil Toplum/Sivil-Toplum-Orgutleri-İcin-Kampanya-Hazırlama-Rehberi.pdf,Books for Text_TR/Sivil Toplum,5.72
İstihbarat-Orgutleri-Kenan-Karataş.pdf,PDF,ZIP Arşivi İçinde (Books for Text_TR-20260529T163910Z-3-001.zip),C:\Users\default.LAPTOP-OBA1HVU9\.antigravity-ide\Books\Books for Text_TR-20260529T163910Z-3-001.zip -> Books for Text_TR/İstihbarat/İstihbarat-Orgutleri-Kenan-Karataş.pdf,Books for Text_TR/İstihbarat,12.06
Oyun Teorisi-UA İilşkiiler Kitaplar.pdf,PDF,ZIP Arşivi İçinde (Books for Text_TR-20260529T163910Z-3-001.zip),C:\Users\default.LAPTOP-OBA1HVU9\.antigravity-ide\Books\Books for Text_TR-20260529T163910Z-3-001.zip -> Books for Text_TR/Oyun Teorisi/Oyun Teorisi-UA İilşkiiler Kitaplar.pdf,Books for Text_TR/Oyun Teorisi,0.28
Ordu-ve-Siyaset-27-Mayıs-12-Mart-Kurtulus-Kayalı.pdf,PDF,ZIP Arşivi İçinde (Books for Text_TR-20260529T163910Z-3-001.zip),C:\Users\default.LAPTOP-OBA1HVU9\.antigravity-ide\Books\Books for Text_TR-20260529T163910Z-3-001.zip -> Books for Text_TR/Darbe ve ihtilal/Ordu-ve-Siyaset-27-Mayıs-12-Mart-Kurtulus-Kayalı.pdf,Books for Text_TR/Darbe ve ihtilal,3.44
Istihbarat-Ve-Istihbaratci-Nurullah-Aydin.pdf,PDF,ZIP Arşivi İçinde (Books for Text_TR-20260529T163910Z-3-001.zip),C:\Users\default.LAPTOP-OBA1HVU9\.antigravity-ide\Books\Books for Text_TR-20260529T163910Z-3-001.zip -> Books for Text_TR/İstihbarat/Istihbarat-Ve-Istihbaratci-Nurullah-Aydin.pdf,Books for Text_TR/İstihbarat,1.69
Oyun Terosi--Ekonomi.pdf,PDF,ZIP Arşivi İçinde (Books for Text_TR-20260529T163910Z-3-001.zip),C:\Users\default.LAPTOP-OBA1HVU9\.antigravity-ide\Books\Books for Text_TR-20260529T163910Z-3-001.zip -> Books for Text_TR/Oyun Teorisi/Oyun Terosi--Ekonomi.pdf,Books for Text_TR/Oyun Teorisi,0.5
siyaset_ve_iktsatta_oyun_teorisi.pdf,PDF,ZIP Arşivi İçinde (Books for Text_TR-20260529T163910Z-3-001.zip),C:\Users\default.LAPTOP-OBA1HVU9\.antigravity-ide\Books\Books for Text_TR-20260529T163910Z-3-001.zip -> Books for Text_TR/Oyun Teorisi/siyaset_ve_iktsatta_oyun_teorisi.pdf,Books for Text_TR/Oyun Teorisi,0.17
27-Mayıs-1960-Darbesi-Raporu.pdf,PDF,ZIP Arşivi İçinde (Books for Text_TR-20260529T163910Z-3-001.zip),C:\Users\default.LAPTOP-OBA1HVU9\.antigravity-ide\Books\Books for Text_TR-20260529T163910Z-3-001.zip -> Books for Text_TR/Darbe ve ihtilal/27-Mayıs-1960-Darbesi-Raporu.pdf,Books for Text_TR/Darbe ve ihtilal,2.71
Oyun Teorisi ve Nash___in Denge Stratejisi[#1045033]-2154272.PDF,PDF,ZIP Arşivi İçinde (Books for Text_TR-20260529T163910Z-3-001.zip),C:\Users\default.LAPTOP-OBA1HVU9\.antigravity-ide\Books\Books for Text_TR-20260529T163910Z-3-001.zip -> Books for Text_TR/Oyun Teorisi/Oyun Teorisi ve Nash___in Denge Stratejisi[#1045033]-2154272.PDF,Books for Text_TR/Oyun Teorisi,0.48
ERGUN-POYRAZ-AMERİKADAKİ-İMAM.pdf,PDF,ZIP Arşivi İçinde (Books for Text_TR-20260529T163910Z-3-001.zip),C:\Users\default.LAPTOP-OBA1HVU9\.antigravity-ide\Books\Books for Text_TR-20260529T163910Z-3-001.zip -> Books for Text_TR/Hzm-Aleyhte/ERGUN-POYRAZ-AMERİKADAKİ-İMAM.pdf,Books for Text_TR/Hzm-Aleyhte,1.79
Murat-Yetkin-Meraklısı-İcin-Entrikalar-Kitabı.pdf,PDF,ZIP Arşivi İçinde (Books for Text_TR-20260529T163910Z-3-001.zip),C:\Users\default.LAPTOP-OBA1HVU9\.antigravity-ide\Books\Books for Text_TR-20260529T163910Z-3-001.zip -> Books for Text_TR/İstihbarat/Murat-Yetkin-Meraklısı-İcin-Entrikalar-Kitabı.pdf,Books for Text_TR/İstihbarat,7.95
Maxime-Lefebvre-Amerikan-Dış-Politikası.pdf,PDF,ZIP Arşivi İçinde (Books for Text_TR-20260529T163910Z-3-001.zip),C:\Users\default.LAPTOP-OBA1HVU9\.antigravity-ide\Books\Books for Text_TR-20260529T163910Z-3-001.zip -> Books for Text_TR/Us/Maxime-Lefebvre-Amerikan-Dış-Politikası.pdf,Books for Text_TR/Us,1.61
Darbe-Girisiminde-FETO-izleri.pdf,PDF,ZIP Arşivi İçinde (Books for Text_TR-20260529T163910Z-3-001.zip),C:\Users\default.LAPTOP-OBA1HVU9\.antigravity-ide\Books\Books for Text_TR-20260529T163910Z-3-001.zip -> Books for Text_TR/RTE_15 Temmuz/Darbe-Girisiminde-FETO-izleri.pdf,Books for Text_TR/RTE_15 Temmuz,2.11
İhtilalin-Mantığı-ve-27-Mayıs-Şevket-Sureyye-Aydemir.pdf,PDF,ZIP Arşivi İçinde (Books for Text_TR-20260529T163910Z-3-001.zip),C:\Users\default.LAPTOP-OBA1HVU9\.antigravity-ide\Books\Books for Text_TR-20260529T163910Z-3-001.zip -> Books for Text_TR/Darbe ve ihtilal/İhtilalin-Mantığı-ve-27-Mayıs-Şevket-Sureyye-Aydemir.pdf,Books for Text_TR/Darbe ve ihtilal,9.65
Karar Verme Sürecinde Oyun Teorisi.pdf,PDF,ZIP Arşivi İçinde (Books for Text_TR-20260529T163910Z-3-001.zip),C:\Users\default.LAPTOP-OBA1HVU9\.antigravity-ide\Books\Books for Text_TR-20260529T163910Z-3-001.zip -> Books for Text_TR/Oyun Teorisi/Karar Verme Sürecinde Oyun Teorisi.pdf,Books for Text_TR/Oyun Teorisi,2.22
darbeler-dosyasi-feto-darbe-girisiminin-askeri-analizi-f27c9078-1df8-456c-89be-69d8fe8daf74.pdf,PDF,ZIP Arşivi İçinde (Books for Text_TR-20260529T163910Z-3-001.zip),C:\Users\default.LAPTOP-OBA1HVU9\.antigravity-ide\Books\Books for Text_TR-20260529T163910Z-3-001.zip -> Books for Text_TR/RTE_15 Temmuz/darbeler-dosyasi-feto-darbe-girisiminin-askeri-analizi-f27c9078-1df8-456c-89be-69d8fe8daf74.pdf,Books for Text_TR/RTE_15 Temmuz,1.53
Ak-Devrim.pdf,PDF,ZIP Arşivi İçinde (Books for Text_TR-20260529T163910Z-3-001.zip),C:\Users\default.LAPTOP-OBA1HVU9\.antigravity-ide\Books\Books for Text_TR-20260529T163910Z-3-001.zip -> Books for Text_TR/Darbe ve ihtilal/Ak-Devrim.pdf,Books for Text_TR/Darbe ve ihtilal,11.25
Oncesi-Sonrasıyla-12-Mart-Erol-Bilbilik.pdf,PDF,ZIP Arşivi İçinde (Books for Text_TR-20260529T163910Z-3-001.zip),C:\Users\default.LAPTOP-OBA1HVU9\.antigravity-ide\Books\Books for Text_TR-20260529T163910Z-3-001.zip -> Books for Text_TR/Darbe ve ihtilal/Oncesi-Sonrasıyla-12-Mart-Erol-Bilbilik.pdf,Books for Text_TR/Darbe ve ihtilal,0.89
Diyanet_feto_kendi_dilinden_din_istismari_2017.pdf,PDF,ZIP Arşivi İçinde (Books for Text_TR-20260529T163910Z-3-001.zip),C:\Users\default.LAPTOP-OBA1HVU9\.antigravity-ide\Books\Books for Text_TR-20260529T163910Z-3-001.zip -> Books for Text_TR/RTE_15 Temmuz/Diyanet_feto_kendi_dilinden_din_istismari_2017.pdf,Books for Text_TR/RTE_15 Temmuz,6.94
GARAUDY-Amerikan-Efsanesi.pdf,PDF,ZIP Arşivi İçinde (Books for Text_TR-20260529T163910Z-3-001.zip),C:\Users\default.LAPTOP-OBA1HVU9\.antigravity-ide\Books\Books for Text_TR-20260529T163910Z-3-001.zip -> Books for Text_TR/Us/GARAUDY-Amerikan-Efsanesi.pdf,Books for Text_TR/Us,1.5
F-Tipi-Yapılanma.pdf,PDF,ZIP Arşivi İçinde (Books for Text_TR-20260529T163910Z-3-001.zip),C:\Users\default.LAPTOP-OBA1HVU9\.antigravity-ide\Books\Books for Text_TR-20260529T163910Z-3-001.zip -> Books for Text_TR/Hzm-Aleyhte/F-Tipi-Yapılanma.pdf,Books for Text_TR/Hzm-Aleyhte,7.09
Siyaset-Bilimi-Gokhan-Atılgan-E-Attila-Aytekin.pdf,PDF,ZIP Arşivi İçinde (Books for Text_TR-20260529T163910Z-3-001.zip),C:\Users\default.LAPTOP-OBA1HVU9\.antigravity-ide\Books\Books for Text_TR-20260529T163910Z-3-001.zip -> Books for Text_TR/Siyaset/Siyaset-Bilimi-Gokhan-Atılgan-E-Attila-Aytekin.pdf,Books for Text_TR/Siyaset,11.53
Abd-Anayasasi.pdf,PDF,ZIP Arşivi İçinde (Books for Text_TR-20260529T163910Z-3-001.zip),C:\Users\default.LAPTOP-OBA1HVU9\.antigravity-ide\Books\Books for Text_TR-20260529T163910Z-3-001.zip -> Books for Text_TR/Us/Abd-Anayasasi.pdf,Books for Text_TR/Us,2.46
Siyaset-Andrew-Heywood.pdf,PDF,ZIP Arşivi İçinde (Books for Text_TR-20260529T163910Z-3-001.zip),C:\Users\default.LAPTOP-OBA1HVU9\.antigravity-ide\Books\Books for Text_TR-20260529T163910Z-3-001.zip -> Books for Text_TR/Siyaset/Siyaset-Andrew-Heywood.pdf,Books for Text_TR/Siyaset,15.51
Yeni-Emperyalizm-David-Harvey.pdf,PDF,ZIP Arşivi İçinde (Books for Text_TR-20260529T163910Z-3-001.zip),C:\Users\default.LAPTOP-OBA1HVU9\.antigravity-ide\Books\Books for Text_TR-20260529T163910Z-3-001.zip -> Books for Text_TR/Us/Yeni-Emperyalizm-David-Harvey.pdf,Books for Text_TR/Us,2.15
İran-da-Devrim-ve-Karşı-Devrim-Peter-Marshall.pdf,PDF,ZIP Arşivi İçinde (Books for Text_TR-20260529T163910Z-3-001.zip),C:\Users\default.LAPTOP-OBA1HVU9\.antigravity-ide\Books\Books for Text_TR-20260529T163910Z-3-001.zip -> Books for Text_TR/ODogu/İran-da-Devrim-ve-Karşı-Devrim-Peter-Marshall.pdf,Books for Text_TR/ODogu,0.77
imparatorluktan-Sonra.pdf,PDF,ZIP Arşivi İçinde (Books for Text_TR-20260529T163910Z-3-001.zip),C:\Users\default.LAPTOP-OBA1HVU9\.antigravity-ide\Books\Books for Text_TR-20260529T163910Z-3-001.zip -> Books for Text_TR/Us/imparatorluktan-Sonra.pdf,Books for Text_TR/Us,6.14
Yavuz-Bulent-Bakiler-Turkistan-Turkistan.pdf,PDF,ZIP Arşivi İçinde (Books for Text_TR-20260529T163910Z-3-001.zip),C:\Users\default.LAPTOP-OBA1HVU9\.antigravity-ide\Books\Books for Text_TR-20260529T163910Z-3-001.zip -> Books for Text_TR/Tarih/Yavuz-Bulent-Bakiler-Turkistan-Turkistan.pdf,Books for Text_TR/Tarih,8.25
Turk-Siyasi-Tarihi-Kemal-H-Karpat.pdf,PDF,ZIP Arşivi İçinde (Books for Text_TR-20260529T163910Z-3-001.zip),C:\Users\default.LAPTOP-OBA1HVU9\.antigravity-ide\Books\Books for Text_TR-20260529T163910Z-3-001.zip -> Books for Text_TR/Tarih/Turk-Siyasi-Tarihi-Kemal-H-Karpat.pdf,Books for Text_TR/Tarih,2.39
Bolşevik-Devrimi-1.pdf,PDF,ZIP Arşivi İçinde (Books for Text_TR-20260529T163910Z-3-001.zip),C:\Users\default.LAPTOP-OBA1HVU9\.antigravity-ide\Books\Books for Text_TR-20260529T163910Z-3-001.zip -> Books for Text_TR/Tarih/Bolşevik-Devrimi-1.pdf,Books for Text_TR/Tarih,2.09
Teşkilat-i-Mahsusa.pdf,PDF,ZIP Arşivi İçinde (Books for Text_TR-20260529T163910Z-3-001.zip),C:\Users\default.LAPTOP-OBA1HVU9\.antigravity-ide\Books\Books for Text_TR-20260529T163910Z-3-001.zip -> Books for Text_TR/İstihbarat/Teşkilat-i-Mahsusa.pdf,Books for Text_TR/İstihbarat,1.99
İlber-Ortaylı-Turkiye-nin-Yakın-Tarihi.pdf,PDF,ZIP Arşivi İçinde (Books for Text_TR-20260529T163910Z-3-001.zip),C:\Users\default.LAPTOP-OBA1HVU9\.antigravity-ide\Books\Books for Text_TR-20260529T163910Z-3-001.zip -> Books for Text_TR/Tarih/İlber-Ortaylı-Turkiye-nin-Yakın-Tarihi.pdf,Books for Text_TR/Tarih,0.7
Nt-nun-İslam-la-Savaşı-Murat-Akan.pdf,PDF,ZIP Arşivi İçinde (Books for Text_TR-20260529T163910Z-3-001.zip),C:\Users\default.LAPTOP-OBA1HVU9\.antigravity-ide\Books\Books for Text_TR-20260529T163910Z-3-001.zip -> Books for Text_TR/ODogu/Nt-nun-İslam-la-Savaşı-Murat-Akan.pdf,Books for Text_TR/ODogu,9.82
Amerikan-Gizli-Hukumeti-Antony-C-Sutton.pdf,PDF,ZIP Arşivi İçinde (Books for Text_TR-20260529T163910Z-3-001.zip),C:\Users\default.LAPTOP-OBA1HVU9\.antigravity-ide\Books\Books for Text_TR-20260529T163910Z-3-001.zip -> Books for Text_TR/Us/Amerikan-Gizli-Hukumeti-Antony-C-Sutton.pdf,Books for Text_TR/Us,11.24
Karşılaştırmalı-Devrimler-Tarihi.pdf,PDF,ZIP Arşivi İçinde (Books for Text_TR-20260529T163910Z-3-001.zip),C:\Users\default.LAPTOP-OBA1HVU9\.antigravity-ide\Books\Books for Text_TR-20260529T163910Z-3-001.zip -> Books for Text_TR/Tarih/Karşılaştırmalı-Devrimler-Tarihi.pdf,Books for Text_TR/Tarih,6.92
Ali-Cimen-Tarihi-Değiştiren-Gizli-Servisler.pdf,PDF,ZIP Arşivi İçinde (Books for Text_TR-20260529T163910Z-3-001.zip),C:\Users\default.LAPTOP-OBA1HVU9\.antigravity-ide\Books\Books for Text_TR-20260529T163910Z-3-001.zip -> Books for Text_TR/İstihbarat/Ali-Cimen-Tarihi-Değiştiren-Gizli-Servisler.pdf,Books for Text_TR/İstihbarat,5.59
Teşkilat-ı-Mahsusa-Philip-Hendrick-Stoddard.pdf,PDF,ZIP Arşivi İçinde (Books for Text_TR-20260529T163910Z-3-001.zip),C:\Users\default.LAPTOP-OBA1HVU9\.antigravity-ide\Books\Books for Text_TR-20260529T163910Z-3-001.zip -> Books for Text_TR/İstihbarat/Teşkilat-ı-Mahsusa-Philip-Hendrick-Stoddard.pdf,Books for Text_TR/İstihbarat,12.14
Seferberlik-Tetkik-Dairesi-Umit-Ozdağ.pdf,PDF,ZIP Arşivi İçinde (Books for Text_TR-20260529T163910Z-3-001.zip),C:\Users\default.LAPTOP-OBA1HVU9\.antigravity-ide\Books\Books for Text_TR-20260529T163910Z-3-001.zip -> Books for Text_TR/Gld-Tr/Seferberlik-Tetkik-Dairesi-Umit-Ozdağ.pdf,Books for Text_TR/Gld-Tr,0.55
21-Yuzyılda-Din-Jeopolitik-Ve-Postmodernitenin-Krizi-İletişim-Yayınları-2008.pdf,PDF,ZIP Arşivi İçinde (Books for Text_TR-20260529T163910Z-3-001.zip),C:\Users\default.LAPTOP-OBA1HVU9\.antigravity-ide\Books\Books for Text_TR-20260529T163910Z-3-001.zip -> Books for Text_TR/World Politics/21-Yuzyılda-Din-Jeopolitik-Ve-Postmodernitenin-Krizi-İletişim-Yayınları-2008.pdf,Books for Text_TR/World Politics,4.4
Ezber-Bozmak-Stephen-Kinzer.pdf,PDF,ZIP Arşivi İçinde (Books for Text_TR-20260529T163910Z-3-001.zip),C:\Users\default.LAPTOP-OBA1HVU9\.antigravity-ide\Books\Books for Text_TR-20260529T163910Z-3-001.zip -> Books for Text_TR/ODogu/Ezber-Bozmak-Stephen-Kinzer.pdf,Books for Text_TR/ODogu,7.42
feto_darbe_girisimi.pdf,PDF,ZIP Arşivi İçinde (Books for Text_TR-20260529T163910Z-3-001.zip),C:\Users\default.LAPTOP-OBA1HVU9\.antigravity-ide\Books\Books for Text_TR-20260529T163910Z-3-001.zip -> Books for Text_TR/RTE_15 Temmuz/feto_darbe_girisimi.pdf,Books for Text_TR/RTE_15 Temmuz,7.95
fethullah-gulen-iddianames_1999_Nuh Mete Yükseli.pdf,PDF,ZIP Arşivi İçinde (Books for Text_TR-20260529T163910Z-3-001.zip),C:\Users\default.LAPTOP-OBA1HVU9\.antigravity-ide\Books\Books for Text_TR-20260529T163910Z-3-001.zip -> Books for Text_TR/Hzm_Dava Doc/fethullah-gulen-iddianames_1999_Nuh Mete Yükseli.pdf,Books for Text_TR/Hzm_Dava Doc,0.69
Nefret-Soylemi-Ve-Linc-Kulturu.pdf,PDF,ZIP Arşivi İçinde (Books for Text_TR-20260529T163910Z-3-001.zip),C:\Users\default.LAPTOP-OBA1HVU9\.antigravity-ide\Books\Books for Text_TR-20260529T163910Z-3-001.zip -> Books for Text_TR/Propaganda ve İkna/Nefret-Soylemi-Ve-Linc-Kulturu.pdf,Books for Text_TR/Propaganda ve İkna,1.33
Henry-Kissinger-Kriz-.pdf,PDF,ZIP Arşivi İçinde (Books for Text_TR-20260529T163910Z-3-001.zip),C:\Users\default.LAPTOP-OBA1HVU9\.antigravity-ide\Books\Books for Text_TR-20260529T163910Z-3-001.zip -> Books for Text_TR/World Politics/Henry-Kissinger-Kriz-.pdf,Books for Text_TR/World Politics,3.12
Haydut-Devlet-William-Blum.pdf,PDF,ZIP Arşivi İçinde (Books for Text_TR-20260529T163910Z-3-001.zip),C:\Users\default.LAPTOP-OBA1HVU9\.antigravity-ide\Books\Books for Text_TR-20260529T163910Z-3-001.zip -> Books for Text_TR/Us/Haydut-Devlet-William-Blum.pdf,Books for Text_TR/Us,15.78
"Ortadoğu’da Devlet Dışı Silahlı Aktörler (Murat Yeşiltaş, Burhanettin Duran) (z-lib.org).pdf",PDF,ZIP Arşivi İçinde (Books for Text_TR-20260529T163910Z-3-001.zip),"C:\Users\default.LAPTOP-OBA1HVU9\.antigravity-ide\Books\Books for Text_TR-20260529T163910Z-3-001.zip -> Books for Text_TR/ODogu/Ortadoğu’da Devlet Dışı Silahlı Aktörler (Murat Yeşiltaş, Burhanettin Duran) (z-lib.org).pdf",Books for Text_TR/ODogu,10.2
Siyasal-İslamın-İflası-Olivier Roy.pdf,PDF,ZIP Arşivi İçinde (Books for Text_TR-20260529T163910Z-3-001.zip),C:\Users\default.LAPTOP-OBA1HVU9\.antigravity-ide\Books\Books for Text_TR-20260529T163910Z-3-001.zip -> Books for Text_TR/World Politics/Siyasal-İslamın-İflası-Olivier Roy.pdf,Books for Text_TR/World Politics,2.08
Fatih-Oktay-Cin-Ve-Dunyanın-Geleceği-Yeni-Buyuk-Guc-Ve-Ticaret.pdf,PDF,ZIP Arşivi İçinde (Books for Text_TR-20260529T163910Z-3-001.zip),C:\Users\default.LAPTOP-OBA1HVU9\.antigravity-ide\Books\Books for Text_TR-20260529T163910Z-3-001.zip -> Books for Text_TR/World Politics/Fatih-Oktay-Cin-Ve-Dunyanın-Geleceği-Yeni-Buyuk-Guc-Ve-Ticaret.pdf,Books for Text_TR/World Politics,3.25
Gormenin-İktidarı-Giovanni-Sartori.pdf,PDF,ZIP Arşivi İçinde (Books for Text_TR-20260529T163910Z-3-001.zip),C:\Users\default.LAPTOP-OBA1HVU9\.antigravity-ide\Books\Books for Text_TR-20260529T163910Z-3-001.zip -> Books for Text_TR/Propaganda ve İkna/Gormenin-İktidarı-Giovanni-Sartori.pdf,Books for Text_TR/Propaganda ve İkna,3.69
Modern Dünya Tarihi-William Woodruff.pdf,PDF,ZIP Arşivi İçinde (Books for Text_TR-20260529T163910Z-3-001.zip),C:\Users\default.LAPTOP-OBA1HVU9\.antigravity-ide\Books\Books for Text_TR-20260529T163910Z-3-001.zip -> Books for Text_TR/Tarih/Modern Dünya Tarihi-William Woodruff.pdf,Books for Text_TR/Tarih,7.6
Guclu-Soru-Sorma-Sanatı.pdf,PDF,ZIP Arşivi İçinde (Books for Text_TR-20260529T163910Z-3-001.zip),C:\Users\default.LAPTOP-OBA1HVU9\.antigravity-ide\Books\Books for Text_TR-20260529T163910Z-3-001.zip -> Books for Text_TR/Propaganda ve İkna/Guclu-Soru-Sorma-Sanatı.pdf,Books for Text_TR/Propaganda ve İkna,4.44
Karşı-Devrim-1923-Ten-2023-e-Fikret-Bila.pdf,PDF,ZIP Arşivi İçinde (Books for Text_TR-20260529T163910Z-3-001.zip),C:\Users\default.LAPTOP-OBA1HVU9\.antigravity-ide\Books\Books for Text_TR-20260529T163910Z-3-001.zip -> Books for Text_TR/Gld-Tr/Karşı-Devrim-1923-Ten-2023-e-Fikret-Bila.pdf,Books for Text_TR/Gld-Tr,2.91
Kazım-Karabekir-İttihat-ve-Terakki-Cemiyeti-pdf.pdf,PDF,ZIP Arşivi İçinde (Books for Text_TR-20260529T163910Z-3-001.zip),C:\Users\default.LAPTOP-OBA1HVU9\.antigravity-ide\Books\Books for Text_TR-20260529T163910Z-3-001.zip -> Books for Text_TR/Tarih/Kazım-Karabekir-İttihat-ve-Terakki-Cemiyeti-pdf.pdf,Books for Text_TR/Tarih,12.02
Murat Yetkin-Meraklısı İçin Casuslar Kitabı.pdf,PDF,ZIP Arşivi İçinde (Books for Text_TR-20260529T163910Z-3-001.zip),C:\Users\default.LAPTOP-OBA1HVU9\.antigravity-ide\Books\Books for Text_TR-20260529T163910Z-3-001.zip -> Books for Text_TR/İstihbarat/Murat Yetkin-Meraklısı İçin Casuslar Kitabı.pdf,Books for Text_TR/İstihbarat,17.63
Henry-Kissinger-Dunya-Duzeni.pdf,PDF,ZIP Arşivi İçinde (Books for Text_TR-20260529T163910Z-3-001.zip),C:\Users\default.LAPTOP-OBA1HVU9\.antigravity-ide\Books\Books for Text_TR-20260529T163910Z-3-001.zip -> Books for Text_TR/World Politics/Henry-Kissinger-Dunya-Duzeni.pdf,Books for Text_TR/World Politics,3.81
Golge-Ordu-SADAT-Ersin-Eroglu-Caner-Taspınar.pdf,PDF,ZIP Arşivi İçinde (Books for Text_TR-20260529T163910Z-3-001.zip),C:\Users\default.LAPTOP-OBA1HVU9\.antigravity-ide\Books\Books for Text_TR-20260529T163910Z-3-001.zip -> Books for Text_TR/Gld-Tr/Golge-Ordu-SADAT-Ersin-Eroglu-Caner-Taspınar.pdf,Books for Text_TR/Gld-Tr,9.0
Derin-Devletler-Gizli-Projeler-Ve-Kirli-Gercekler-Umit-Sayın.pdf,PDF,ZIP Arşivi İçinde (Books for Text_TR-20260529T163910Z-3-001.zip),C:\Users\default.LAPTOP-OBA1HVU9\.antigravity-ide\Books\Books for Text_TR-20260529T163910Z-3-001.zip -> Books for Text_TR/Gld-Tr/Derin-Devletler-Gizli-Projeler-Ve-Kirli-Gercekler-Umit-Sayın.pdf,Books for Text_TR/Gld-Tr,7.82
Dolaylı-Telkin-Dil-Paternleri-Erıcksonıan.pdf,PDF,ZIP Arşivi İçinde (Books for Text_TR-20260529T163910Z-3-001.zip),C:\Users\default.LAPTOP-OBA1HVU9\.antigravity-ide\Books\Books for Text_TR-20260529T163910Z-3-001.zip -> Books for Text_TR/Propaganda ve İkna/Dolaylı-Telkin-Dil-Paternleri-Erıcksonıan.pdf,Books for Text_TR/Propaganda ve İkna,0.33
Şeytan-Ucgeninde-Turkiye-Cuneyt-Arcayurek.pdf,PDF,ZIP Arşivi İçinde (Books for Text_TR-20260529T163910Z-3-001.zip),C:\Users\default.LAPTOP-OBA1HVU9\.antigravity-ide\Books\Books for Text_TR-20260529T163910Z-3-001.zip -> Books for Text_TR/Gld-Tr/Şeytan-Ucgeninde-Turkiye-Cuneyt-Arcayurek.pdf,Books for Text_TR/Gld-Tr,5.01
Sozlu-Dovuş-Sanatı-Tongue-Fu-Sam-Horn.pdf,PDF,ZIP Arşivi İçinde (Books for Text_TR-20260529T163910Z-3-001.zip),C:\Users\default.LAPTOP-OBA1HVU9\.antigravity-ide\Books\Books for Text_TR-20260529T163910Z-3-001.zip -> Books for Text_TR/Propaganda ve İkna/Sozlu-Dovuş-Sanatı-Tongue-Fu-Sam-Horn.pdf,Books for Text_TR/Propaganda ve İkna,4.75
Yeni-Derin-Devlet-Ecevit-Kılıc.pdf,PDF,ZIP Arşivi İçinde (Books for Text_TR-20260529T163910Z-3-001.zip),C:\Users\default.LAPTOP-OBA1HVU9\.antigravity-ide\Books\Books for Text_TR-20260529T163910Z-3-001.zip -> Books for Text_TR/Gld-Tr/Yeni-Derin-Devlet-Ecevit-Kılıc.pdf,Books for Text_TR/Gld-Tr,6.62
Siyaset-Teorisine-Giriş-Andrew-Heywood.pdf,PDF,ZIP Arşivi İçinde (Books for Text_TR-20260529T163910Z-3-001.zip),C:\Users\default.LAPTOP-OBA1HVU9\.antigravity-ide\Books\Books for Text_TR-20260529T163910Z-3-001.zip -> Books for Text_TR/Siyaset/Siyaset-Teorisine-Giriş-Andrew-Heywood.pdf,Books for Text_TR/Siyaset,8.31
İstihbarat Teorisi.pdf,PDF,ZIP Arşivi İçinde (Books for Text_TR-20260529T163910Z-3-001.zip),C:\Users\default.LAPTOP-OBA1HVU9\.antigravity-ide\Books\Books for Text_TR-20260529T163910Z-3-001.zip -> Books for Text_TR/İstihbarat/İstihbarat Teorisi.pdf,Books for Text_TR/İstihbarat,13.22
Sorgulama-Teknikleri-Min.pdf,PDF,ZIP Arşivi İçinde (Books for Text_TR-20260529T163910Z-3-001.zip),C:\Users\default.LAPTOP-OBA1HVU9\.antigravity-ide\Books\Books for Text_TR-20260529T163910Z-3-001.zip -> Books for Text_TR/Propaganda ve İkna/Sorgulama-Teknikleri-Min.pdf,Books for Text_TR/Propaganda ve İkna,1.03
Lev-Tolstoy-Savas-ve-Askerlik-Uzerine.pdf,PDF,ZIP Arşivi İçinde (Books for Text_TR-20260529T163910Z-3-001.zip),C:\Users\default.LAPTOP-OBA1HVU9\.antigravity-ide\Books\Books for Text_TR-20260529T163910Z-3-001.zip -> Books for Text_TR/Strateji/Lev-Tolstoy-Savas-ve-Askerlik-Uzerine.pdf,Books for Text_TR/Strateji,1.24
Savaş Sanatı - Sun Tzu.pdf,PDF,ZIP Arşivi İçinde (Books for Text_TR-20260529T163910Z-3-001.zip),C:\Users\default.LAPTOP-OBA1HVU9\.antigravity-ide\Books\Books for Text_TR-20260529T163910Z-3-001.zip -> Books for Text_TR/Strateji/Savaş Sanatı - Sun Tzu.pdf,Books for Text_TR/Strateji,1.15
İdeolojinin-Sonu-Danıel-Bell.pdf,PDF,ZIP Arşivi İçinde (Books for Text_TR-20260529T163910Z-3-001.zip),C:\Users\default.LAPTOP-OBA1HVU9\.antigravity-ide\Books\Books for Text_TR-20260529T163910Z-3-001.zip -> Books for Text_TR/Us/İdeolojinin-Sonu-Danıel-Bell.pdf,Books for Text_TR/Us,3.59
Fahir-Armaoglu-20-Yy-siyasi-Tarihi.pdf,PDF,ZIP Arşivi İçinde (Books for Text_TR-20260529T163910Z-3-001.zip),C:\Users\default.LAPTOP-OBA1HVU9\.antigravity-ide\Books\Books for Text_TR-20260529T163910Z-3-001.zip -> Books for Text_TR/Tarih/Fahir-Armaoglu-20-Yy-siyasi-Tarihi.pdf,Books for Text_TR/Tarih,3.47
Yalanın-Siyaseti-Yalın-Alpay.pdf,PDF,ZIP Arşivi İçinde (Books for Text_TR-20260529T163910Z-3-001.zip),C:\Users\default.LAPTOP-OBA1HVU9\.antigravity-ide\Books\Books for Text_TR-20260529T163910Z-3-001.zip -> Books for Text_TR/Propaganda ve İkna/Yalanın-Siyaseti-Yalın-Alpay.pdf,Books for Text_TR/Propaganda ve İkna,4.09
Savaş-Uzerine-Carl-Von-Clausewitz-pdf.pdf,PDF,ZIP Arşivi İçinde (Books for Text_TR-20260529T163910Z-3-001.zip),C:\Users\default.LAPTOP-OBA1HVU9\.antigravity-ide\Books\Books for Text_TR-20260529T163910Z-3-001.zip -> Books for Text_TR/Strateji/Savaş-Uzerine-Carl-Von-Clausewitz-pdf.pdf,Books for Text_TR/Strateji,1.18
Toksik-Zihin-Gad-Saad.pdf,PDF,ZIP Arşivi İçinde (Books for Text_TR-20260529T163910Z-3-001.zip),C:\Users\default.LAPTOP-OBA1HVU9\.antigravity-ide\Books\Books for Text_TR-20260529T163910Z-3-001.zip -> Books for Text_TR/Propaganda ve İkna/Toksik-Zihin-Gad-Saad.pdf,Books for Text_TR/Propaganda ve İkna,3.43
îttihad ve Terakki Cemiyeti ve Jön Türkler.pdf,PDF,ZIP Arşivi İçinde (Books for Text_TR-20260529T163910Z-3-001.zip),C:\Users\default.LAPTOP-OBA1HVU9\.antigravity-ide\Books\Books for Text_TR-20260529T163910Z-3-001.zip -> Books for Text_TR/Tarih/îttihad ve Terakki Cemiyeti ve Jön Türkler.pdf,Books for Text_TR/Tarih,69.83
Gizli-Parapsikoloji-Savaşı.pdf,PDF,ZIP Arşivi İçinde (Books for Text_TR-20260529T163910Z-3-001.zip),C:\Users\default.LAPTOP-OBA1HVU9\.antigravity-ide\Books\Books for Text_TR-20260529T163910Z-3-001.zip -> Books for Text_TR/Propaganda ve İkna/Gizli-Parapsikoloji-Savaşı.pdf,Books for Text_TR/Propaganda ve İkna,2.91
Prens-niccolo-machiavelli.pdf,PDF,ZIP Arşivi İçinde (Books for Text_TR-20260529T163910Z-3-001.zip),C:\Users\default.LAPTOP-OBA1HVU9\.antigravity-ide\Books\Books for Text_TR-20260529T163910Z-3-001.zip -> Books for Text_TR/Strateji/Prens-niccolo-machiavelli.pdf,Books for Text_TR/Strateji,3.13
Karanlık-Psikoloji.pdf,PDF,ZIP Arşivi İçinde (Books for Text_TR-20260529T163910Z-3-001.zip),C:\Users\default.LAPTOP-OBA1HVU9\.antigravity-ide\Books\Books for Text_TR-20260529T163910Z-3-001.zip -> Books for Text_TR/Propaganda ve İkna/Karanlık-Psikoloji.pdf,Books for Text_TR/Propaganda ve İkna,3.43
Baronlar-Ahmet-Han.pdf,PDF,ZIP Arşivi İçinde (Books for Text_TR-20260529T163910Z-3-001.zip),C:\Users\default.LAPTOP-OBA1HVU9\.antigravity-ide\Books\Books for Text_TR-20260529T163910Z-3-001.zip -> Books for Text_TR/Gld-World/Baronlar-Ahmet-Han.pdf,Books for Text_TR/Gld-World,2.97
Dijitalleşmeyi-Tartışmak-Medya-Kultur-Kimlik.pdf,PDF,ZIP Arşivi İçinde (Books for Text_TR-20260529T163910Z-3-001.zip),C:\Users\default.LAPTOP-OBA1HVU9\.antigravity-ide\Books\Books for Text_TR-20260529T163910Z-3-001.zip -> Books for Text_TR/Propaganda ve İkna/Dijitalleşmeyi-Tartışmak-Medya-Kultur-Kimlik.pdf,Books for Text_TR/Propaganda ve İkna,6.1
Amerika-da-Demokrasi-Alexis-de-Tocqueville.pdf,PDF,ZIP Arşivi İçinde (Books for Text_TR-20260529T163910Z-3-001.zip),C:\Users\default.LAPTOP-OBA1HVU9\.antigravity-ide\Books\Books for Text_TR-20260529T163910Z-3-001.zip -> Books for Text_TR/Us/Amerika-da-Demokrasi-Alexis-de-Tocqueville.pdf,Books for Text_TR/Us,5.88
Buyuk-Cokuş-Zbigniew-Brzezinski.pdf,PDF,ZIP Arşivi İçinde (Books for Text_TR-20260529T163910Z-3-001.zip),C:\Users\default.LAPTOP-OBA1HVU9\.antigravity-ide\Books\Books for Text_TR-20260529T163910Z-3-001.zip -> Books for Text_TR/World Politics/Buyuk-Cokuş-Zbigniew-Brzezinski.pdf,Books for Text_TR/World Politics,7.83
Konuşulmayan-Gercek-Zorla-Kaybetmeler.pdf,PDF,ZIP Arşivi İçinde (Books for Text_TR-20260529T163910Z-3-001.zip),C:\Users\default.LAPTOP-OBA1HVU9\.antigravity-ide\Books\Books for Text_TR-20260529T163910Z-3-001.zip -> Books for Text_TR/Zulum ve Adalet/Konuşulmayan-Gercek-Zorla-Kaybetmeler.pdf,Books for Text_TR/Zulum ve Adalet,0.89
Savaş-Sanatı-Tarihi-John-Keegan.pdf,PDF,ZIP Arşivi İçinde (Books for Text_TR-20260529T163910Z-3-001.zip),C:\Users\default.LAPTOP-OBA1HVU9\.antigravity-ide\Books\Books for Text_TR-20260529T163910Z-3-001.zip -> Books for Text_TR/Strateji/Savaş-Sanatı-Tarihi-John-Keegan.pdf,Books for Text_TR/Strateji,11.14
Totalitarizm-Arendt ile Popper’ın Totalitarizm Anlayı ları.pdf,PDF,ZIP Arşivi İçinde (Books for Text_TR-20260529T163910Z-3-001.zip),C:\Users\default.LAPTOP-OBA1HVU9\.antigravity-ide\Books\Books for Text_TR-20260529T163910Z-3-001.zip -> Books for Text_TR/Zulum ve Adalet/Totalitarizm-Arendt ile Popper’ın Totalitarizm Anlayı ları.pdf,Books for Text_TR/Zulum ve Adalet,0.23
Savaş-Sanatı-Sun-Tzu-Osman-Pamukoğlu.pdf,PDF,ZIP Arşivi İçinde (Books for Text_TR-20260529T163910Z-3-001.zip),C:\Users\default.LAPTOP-OBA1HVU9\.antigravity-ide\Books\Books for Text_TR-20260529T163910Z-3-001.zip -> Books for Text_TR/Strateji/Savaş-Sanatı-Sun-Tzu-Osman-Pamukoğlu.pdf,Books for Text_TR/Strateji,3.21
Militan-Demokrasi-Alexander-S-Kirshner.pdf,PDF,ZIP Arşivi İçinde (Books for Text_TR-20260529T163910Z-3-001.zip),C:\Users\default.LAPTOP-OBA1HVU9\.antigravity-ide\Books\Books for Text_TR-20260529T163910Z-3-001.zip -> Books for Text_TR/Zulum ve Adalet/Militan-Demokrasi-Alexander-S-Kirshner.pdf,Books for Text_TR/Zulum ve Adalet,3.68
12-Eylul-Saat-4-00-Mehmet-Ali-Birand.pdf,PDF,ZIP Arşivi İçinde (Books for Text_TR-20260529T163910Z-3-001.zip),C:\Users\default.LAPTOP-OBA1HVU9\.antigravity-ide\Books\Books for Text_TR-20260529T163910Z-3-001.zip -> Books for Text_TR/Gld-Tr/12-Eylul-Saat-4-00-Mehmet-Ali-Birand.pdf,Books for Text_TR/Gld-Tr,13.07
Ezilenlerin-Pedagojisi-Paulo-Freire.pdf,PDF,ZIP Arşivi İçinde (Books for Text_TR-20260529T163910Z-3-001.zip),C:\Users\default.LAPTOP-OBA1HVU9\.antigravity-ide\Books\Books for Text_TR-20260529T163910Z-3-001.zip -> Books for Text_TR/Zulum ve Adalet/Ezilenlerin-Pedagojisi-Paulo-Freire.pdf,Books for Text_TR/Zulum ve Adalet,3.0
Kotuluğun-Egemenliği-Jean Baudrillard.pdf,PDF,ZIP Arşivi İçinde (Books for Text_TR-20260529T163910Z-3-001.zip),C:\Users\default.LAPTOP-OBA1HVU9\.antigravity-ide\Books\Books for Text_TR-20260529T163910Z-3-001.zip -> Books for Text_TR/Zulum ve Adalet/Kotuluğun-Egemenliği-Jean Baudrillard.pdf,Books for Text_TR/Zulum ve Adalet,1.49
Savaş-Hileleri-Strategemler-3-Harro-Von-Senger.pdf,PDF,ZIP Arşivi İçinde (Books for Text_TR-20260529T163910Z-3-001.zip),C:\Users\default.LAPTOP-OBA1HVU9\.antigravity-ide\Books\Books for Text_TR-20260529T163910Z-3-001.zip -> Books for Text_TR/Strateji/Savaş-Hileleri-Strategemler-3-Harro-Von-Senger.pdf,Books for Text_TR/Strateji,8.97
"Aldatma sanatı  Güvenliğin insan boyutunun kullanılması (Kevin D. Mitnick, William L. Simon) (z-lib.org).pdf",PDF,ZIP Arşivi İçinde (Books for Text_TR-20260529T163910Z-3-001.zip),"C:\Users\default.LAPTOP-OBA1HVU9\.antigravity-ide\Books\Books for Text_TR-20260529T163910Z-3-001.zip -> Books for Text_TR/Strateji/Aldatma sanatı  Güvenliğin insan boyutunun kullanılması (Kevin D. Mitnick, William L. Simon) (z-lib.org).pdf",Books for Text_TR/Strateji,7.24
Umberto Eco-Düşman Yaratmak.pdf,PDF,ZIP Arşivi İçinde (Books for Text_TR-20260529T163910Z-3-001.zip),C:\Users\default.LAPTOP-OBA1HVU9\.antigravity-ide\Books\Books for Text_TR-20260529T163910Z-3-001.zip -> Books for Text_TR/Zulum ve Adalet/Umberto Eco-Düşman Yaratmak.pdf,Books for Text_TR/Zulum ve Adalet,3.15
Kazım-Karabekir-Gunlukler.pdf,PDF,ZIP Arşivi İçinde (Books for Text_TR-20260529T163910Z-3-001.zip),C:\Users\default.LAPTOP-OBA1HVU9\.antigravity-ide\Books\Books for Text_TR-20260529T163910Z-3-001.zip -> Books for Text_TR/Tarih/Kazım-Karabekir-Gunlukler.pdf,Books for Text_TR/Tarih,9.58
Buyuk-Yalanlar-Joseph-Goebbels-cs.pdf,PDF,ZIP Arşivi İçinde (Books for Text_TR-20260529T163910Z-3-001.zip),C:\Users\default.LAPTOP-OBA1HVU9\.antigravity-ide\Books\Books for Text_TR-20260529T163910Z-3-001.zip -> Books for Text_TR/Propaganda ve İkna/Buyuk-Yalanlar-Joseph-Goebbels-cs.pdf,Books for Text_TR/Propaganda ve İkna,19.57
Kitle-Ve-Iktidar-Elias-Canetti.pdf,PDF,ZIP Arşivi İçinde (Books for Text_TR-20260529T163910Z-3-001.zip),C:\Users\default.LAPTOP-OBA1HVU9\.antigravity-ide\Books\Books for Text_TR-20260529T163910Z-3-001.zip -> Books for Text_TR/Propaganda ve İkna/Kitle-Ve-Iktidar-Elias-Canetti.pdf,Books for Text_TR/Propaganda ve İkna,2.42
Asimetrik-Savaş.pdf,PDF,ZIP Arşivi İçinde (Books for Text_TR-20260529T163910Z-3-001.zip),C:\Users\default.LAPTOP-OBA1HVU9\.antigravity-ide\Books\Books for Text_TR-20260529T163910Z-3-001.zip -> Books for Text_TR/Strateji/Asimetrik-Savaş.pdf,Books for Text_TR/Strateji,9.12
"İnsan Doğası-İktidara Karşı Adalet (Michel Foucault, Noam Chomsky.pdf",PDF,ZIP Arşivi İçinde (Books for Text_TR-20260529T163910Z-3-001.zip),"C:\Users\default.LAPTOP-OBA1HVU9\.antigravity-ide\Books\Books for Text_TR-20260529T163910Z-3-001.zip -> Books for Text_TR/Zulum ve Adalet/İnsan Doğası-İktidara Karşı Adalet (Michel Foucault, Noam Chomsky.pdf",Books for Text_TR/Zulum ve Adalet,1.65
Ezeli-Maglup-Emil-MichelCioran.pdf,PDF,ZIP Arşivi İçinde (Books for Text_TR-20260529T163910Z-3-001.zip),C:\Users\default.LAPTOP-OBA1HVU9\.antigravity-ide\Books\Books for Text_TR-20260529T163910Z-3-001.zip -> Books for Text_TR/Zulum ve Adalet/Ezeli-Maglup-Emil-MichelCioran.pdf,Books for Text_TR/Zulum ve Adalet,2.15
Farabi-İdeal-Devlet-pdf.pdf,PDF,ZIP Arşivi İçinde (Books for Text_TR-20260529T163910Z-3-001.zip),C:\Users\default.LAPTOP-OBA1HVU9\.antigravity-ide\Books\Books for Text_TR-20260529T163910Z-3-001.zip -> Books for Text_TR/Siyaset/Farabi-İdeal-Devlet-pdf.pdf,Books for Text_TR/Siyaset,0.47
Dijital Yasam Kulturu.pdf,PDF,ZIP Arşivi İçinde (Books for Text_TR-20260529T163910Z-3-001.zip),C:\Users\default.LAPTOP-OBA1HVU9\.antigravity-ide\Books\Books for Text_TR-20260529T163910Z-3-001.zip -> Books for Text_TR/Propaganda ve İkna/Dijital Yasam Kulturu.pdf,Books for Text_TR/Propaganda ve İkna,29.43
Adalet-Yapilmasi-Gereken-Dogru-Sey-Nedir.pdf,PDF,ZIP Arşivi İçinde (Books for Text_TR-20260529T163910Z-3-001.zip),C:\Users\default.LAPTOP-OBA1HVU9\.antigravity-ide\Books\Books for Text_TR-20260529T163910Z-3-001.zip -> Books for Text_TR/Zulum ve Adalet/Adalet-Yapilmasi-Gereken-Dogru-Sey-Nedir.pdf,Books for Text_TR/Zulum ve Adalet,7.11
Korku Siyaseti ve Siyaset Korkusu-Halis Çetin.pdf,PDF,ZIP Arşivi İçinde (Books for Text_TR-20260529T163910Z-3-001.zip),C:\Users\default.LAPTOP-OBA1HVU9\.antigravity-ide\Books\Books for Text_TR-20260529T163910Z-3-001.zip -> Books for Text_TR/Zulum ve Adalet/Korku Siyaseti ve Siyaset Korkusu-Halis Çetin.pdf,Books for Text_TR/Zulum ve Adalet,2.88
Karl Popper-Hayat-Problem Cozmektir.pdf,PDF,ZIP Arşivi İçinde (Books for Text_TR-20260529T163910Z-3-001.zip),C:\Users\default.LAPTOP-OBA1HVU9\.antigravity-ide\Books\Books for Text_TR-20260529T163910Z-3-001.zip -> Books for Text_TR/Zulum ve Adalet/Karl Popper-Hayat-Problem Cozmektir.pdf,Books for Text_TR/Zulum ve Adalet,0.79
kukla.docx,DOCX,ZIP Arşivi İçinde (Books for Text_TR-20260529T163910Z-3-001.zip),C:\Users\default.LAPTOP-OBA1HVU9\.antigravity-ide\Books\Books for Text_TR-20260529T163910Z-3-001.zip -> Books for Text_TR/Gld-World/kukla.docx,Books for Text_TR/Gld-World,0.0
Hileler Kitabı-Rene R. Khawam.pdf,PDF,ZIP Arşivi İçinde (Books for Text_TR-20260529T163910Z-3-001.zip),C:\Users\default.LAPTOP-OBA1HVU9\.antigravity-ide\Books\Books for Text_TR-20260529T163910Z-3-001.zip -> Books for Text_TR/Strateji/Hileler Kitabı-Rene R. Khawam.pdf,Books for Text_TR/Strateji,2.19
Curumenin-Kitabı-Emil-Michel-Cioran2.pdf,PDF,ZIP Arşivi İçinde (Books for Text_TR-20260529T163910Z-3-001.zip),C:\Users\default.LAPTOP-OBA1HVU9\.antigravity-ide\Books\Books for Text_TR-20260529T163910Z-3-001.zip -> Books for Text_TR/Zulum ve Adalet/Curumenin-Kitabı-Emil-Michel-Cioran2.pdf,Books for Text_TR/Zulum ve Adalet,1.02
Siyaset-Bilimi-Atilla-Yayla.pdf,PDF,ZIP Arşivi İçinde (Books for Text_TR-20260529T163910Z-3-001.zip),C:\Users\default.LAPTOP-OBA1HVU9\.antigravity-ide\Books\Books for Text_TR-20260529T163910Z-3-001.zip -> Books for Text_TR/Siyaset/Siyaset-Bilimi-Atilla-Yayla.pdf,Books for Text_TR/Siyaset,1.89
Ortadoğu-da-Devlet-ve-İktidar-Otoriter-Rejimler-Erdem-Demirtaş.pdf,PDF,ZIP Arşivi İçinde (Books for Text_TR-20260529T163910Z-3-001.zip),C:\Users\default.LAPTOP-OBA1HVU9\.antigravity-ide\Books\Books for Text_TR-20260529T163910Z-3-001.zip -> Books for Text_TR/Zulum ve Adalet/Ortadoğu-da-Devlet-ve-İktidar-Otoriter-Rejimler-Erdem-Demirtaş.pdf,Books for Text_TR/Zulum ve Adalet,2.65
Komplo-Teorileri-Mutercimler Erol.pdf,PDF,ZIP Arşivi İçinde (Books for Text_TR-20260529T163910Z-3-001.zip),C:\Users\default.LAPTOP-OBA1HVU9\.antigravity-ide\Books\Books for Text_TR-20260529T163910Z-3-001.zip -> Books for Text_TR/Strateji/Komplo-Teorileri-Mutercimler Erol.pdf,Books for Text_TR/Strateji,1.61
Yalanın-Siyaseti-Yalın-Alpay.pdf,PDF,ZIP Arşivi İçinde (Books for Text_TR-20260529T163910Z-3-001.zip),C:\Users\default.LAPTOP-OBA1HVU9\.antigravity-ide\Books\Books for Text_TR-20260529T163910Z-3-001.zip -> Books for Text_TR/Zulum ve Adalet/Yalanın-Siyaseti-Yalın-Alpay.pdf,Books for Text_TR/Zulum ve Adalet,4.09
Otoritaryen-Kişilik-Ustune-Theodor-W-Adorno.pdf,PDF,ZIP Arşivi İçinde (Books for Text_TR-20260529T163910Z-3-001.zip),C:\Users\default.LAPTOP-OBA1HVU9\.antigravity-ide\Books\Books for Text_TR-20260529T163910Z-3-001.zip -> Books for Text_TR/Zulum ve Adalet/Otoritaryen-Kişilik-Ustune-Theodor-W-Adorno.pdf,Books for Text_TR/Zulum ve Adalet,11.15
Truman Doktrini __üzerine Bir Analiz[#99192]-84525.pdf,PDF,ZIP Arşivi İçinde (Books for Text_TR-20260529T163910Z-3-001.zip),C:\Users\default.LAPTOP-OBA1HVU9\.antigravity-ide\Books\Books for Text_TR-20260529T163910Z-3-001.zip -> Books for Text_TR/Gld-World/Truman Doktrini __üzerine Bir Analiz[#99192]-84525.pdf,Books for Text_TR/Gld-World,0.21
Başkaldıran-İnsan-Albert-Camus.pdf,PDF,ZIP Arşivi İçinde (Books for Text_TR-20260529T163910Z-3-001.zip),C:\Users\default.LAPTOP-OBA1HVU9\.antigravity-ide\Books\Books for Text_TR-20260529T163910Z-3-001.zip -> Books for Text_TR/Zulum ve Adalet/Başkaldıran-İnsan-Albert-Camus.pdf,Books for Text_TR/Zulum ve Adalet,5.29
Nazizmin-Gizli-Kokenleri-Gizli-Aryan-Kultleri-Nicholas-Goodrick-Clarke.pdf,PDF,ZIP Arşivi İçinde (Books for Text_TR-20260529T163910Z-3-001.zip),C:\Users\default.LAPTOP-OBA1HVU9\.antigravity-ide\Books\Books for Text_TR-20260529T163910Z-3-001.zip -> Books for Text_TR/Zulum ve Adalet/Nazizmin-Gizli-Kokenleri-Gizli-Aryan-Kultleri-Nicholas-Goodrick-Clarke.pdf,Books for Text_TR/Zulum ve Adalet,5.62
Derin-Devlet-Talat Turhan.pdf,PDF,ZIP Arşivi İçinde (Books for Text_TR-20260529T163910Z-3-001.zip),C:\Users\default.LAPTOP-OBA1HVU9\.antigravity-ide\Books\Books for Text_TR-20260529T163910Z-3-001.zip -> Books for Text_TR/Gld-Tr/Derin-Devlet-Talat Turhan.pdf,Books for Text_TR/Gld-Tr,1.01
Jean-Ziegler-Sucun-Derebeyleri.pdf,PDF,ZIP Arşivi İçinde (Books for Text_TR-20260529T163910Z-3-001.zip),C:\Users\default.LAPTOP-OBA1HVU9\.antigravity-ide\Books\Books for Text_TR-20260529T163910Z-3-001.zip -> Books for Text_TR/Gld-World/Jean-Ziegler-Sucun-Derebeyleri.pdf,Books for Text_TR/Gld-World,4.8
İsyanlar-Kurucu-İktidar-Ve-Modern-Devlet-Antonio-Negri.pdf,PDF,ZIP Arşivi İçinde (Books for Text_TR-20260529T163910Z-3-001.zip),C:\Users\default.LAPTOP-OBA1HVU9\.antigravity-ide\Books\Books for Text_TR-20260529T163910Z-3-001.zip -> Books for Text_TR/Zulum ve Adalet/İsyanlar-Kurucu-İktidar-Ve-Modern-Devlet-Antonio-Negri.pdf,Books for Text_TR/Zulum ve Adalet,2.99
Amerikan-Evanjelikleri-A-Rafet-Ozkan (2).pdf,PDF,ZIP Arşivi İçinde (Books for Text_TR-20260529T163910Z-3-001.zip),C:\Users\default.LAPTOP-OBA1HVU9\.antigravity-ide\Books\Books for Text_TR-20260529T163910Z-3-001.zip -> Books for Text_TR/Gld-World/Amerikan-Evanjelikleri-A-Rafet-Ozkan (2).pdf,Books for Text_TR/Gld-World,0.93
Talat Turhan_Derin-Devlet.pdf,PDF,ZIP Arşivi İçinde (Books for Text_TR-20260529T163910Z-3-001.zip),C:\Users\default.LAPTOP-OBA1HVU9\.antigravity-ide\Books\Books for Text_TR-20260529T163910Z-3-001.zip -> Books for Text_TR/Gld-Tr/Talat Turhan_Derin-Devlet.pdf,Books for Text_TR/Gld-Tr,1.01
Puppetmasters _ the political use of terrorism in Italy.pdf,PDF,ZIP Arşivi İçinde (Books for Text_TR-20260529T163910Z-3-001.zip),C:\Users\default.LAPTOP-OBA1HVU9\.antigravity-ide\Books\Books for Text_TR-20260529T163910Z-3-001.zip -> Books for Text_TR/Gld-World/Puppetmasters _ the political use of terrorism in Italy.pdf,Books for Text_TR/Gld-World,2.02
Uluslarin-Dususu-James-A.-Robinson-Daron-Acemoglu.pdf,PDF,ZIP Arşivi İçinde (Books for Text_TR-20260529T163910Z-3-001.zip),C:\Users\default.LAPTOP-OBA1HVU9\.antigravity-ide\Books\Books for Text_TR-20260529T163910Z-3-001.zip -> Books for Text_TR/World Politics/Uluslarin-Dususu-James-A.-Robinson-Daron-Acemoglu.pdf,Books for Text_TR/World Politics,6.52
Refah-Devletinin-Yukselişi-ve-Duşuşu-Asbjorn-Wahl.pdf,PDF,ZIP Arşivi İçinde (Books for Text_TR-20260529T163910Z-3-001.zip),C:\Users\default.LAPTOP-OBA1HVU9\.antigravity-ide\Books\Books for Text_TR-20260529T163910Z-3-001.zip -> Books for Text_TR/Siyaset/Refah-Devletinin-Yukselişi-ve-Duşuşu-Asbjorn-Wahl.pdf,Books for Text_TR/Siyaset,2.63
İhtilaller-Ve-Darbeler-Tarihi-1.pdf,PDF,ZIP Arşivi İçinde (Books for Text_TR-20260529T163910Z-3-001.zip),C:\Users\default.LAPTOP-OBA1HVU9\.antigravity-ide\Books\Books for Text_TR-20260529T163910Z-3-001.zip -> Books for Text_TR/Darbe ve ihtilal/İhtilaller-Ve-Darbeler-Tarihi-1.pdf,Books for Text_TR/Darbe ve ihtilal,8.72
Yeni-Kapitalizmin-Kulturu-Richard-Sennett.pdf,PDF,ZIP Arşivi İçinde (Books for Text_TR-20260529T163910Z-3-001.zip),C:\Users\default.LAPTOP-OBA1HVU9\.antigravity-ide\Books\Books for Text_TR-20260529T163910Z-3-001.zip -> Books for Text_TR/Siyaset/Yeni-Kapitalizmin-Kulturu-Richard-Sennett.pdf,Books for Text_TR/Siyaset,3.6
Kontr-gerilla-Cihat Akyol.pdf,PDF,ZIP Arşivi İçinde (Books for Text_TR-20260529T163910Z-3-001.zip),C:\Users\default.LAPTOP-OBA1HVU9\.antigravity-ide\Books\Books for Text_TR-20260529T163910Z-3-001.zip -> Books for Text_TR/Gld-Tr/Kontr-gerilla-Cihat Akyol.pdf,Books for Text_TR/Gld-Tr,3.8
Erol-Mutercimler-Gelecegi-Yonetmek.pdf,PDF,ZIP Arşivi İçinde (Books for Text_TR-20260529T163910Z-3-001.zip),C:\Users\default.LAPTOP-OBA1HVU9\.antigravity-ide\Books\Books for Text_TR-20260529T163910Z-3-001.zip -> Books for Text_TR/Strateji/Erol-Mutercimler-Gelecegi-Yonetmek.pdf,Books for Text_TR/Strateji,32.39
Dunyanın-Gizli-Tarihi-2.pdf,PDF,ZIP Arşivi İçinde (Books for Text_TR-20260529T163910Z-3-001.zip),C:\Users\default.LAPTOP-OBA1HVU9\.antigravity-ide\Books\Books for Text_TR-20260529T163910Z-3-001.zip -> Books for Text_TR/Gld-World/Dunyanın-Gizli-Tarihi-2.pdf,Books for Text_TR/Gld-World,9.42
Kontrgerilla Öğretileri (Uğur Mumcu) (z-lib.org).pdf,PDF,ZIP Arşivi İçinde (Books for Text_TR-20260529T163910Z-3-001.zip),C:\Users\default.LAPTOP-OBA1HVU9\.antigravity-ide\Books\Books for Text_TR-20260529T163910Z-3-001.zip -> Books for Text_TR/Gld-Tr/Kontrgerilla Öğretileri (Uğur Mumcu) (z-lib.org).pdf,Books for Text_TR/Gld-Tr,0.5
Rothschild-Para-İmparatorluğu.pdf,PDF,ZIP Arşivi İçinde (Books for Text_TR-20260529T163910Z-3-001.zip),C:\Users\default.LAPTOP-OBA1HVU9\.antigravity-ide\Books\Books for Text_TR-20260529T163910Z-3-001.zip -> Books for Text_TR/Gld-World/Rothschild-Para-İmparatorluğu.pdf,Books for Text_TR/Gld-World,0.82
İhtilaller-Ve-Darbeler-Tarihi-2.pdf,PDF,ZIP Arşivi İçinde (Books for Text_TR-20260529T163910Z-3-001.zip),C:\Users\default.LAPTOP-OBA1HVU9\.antigravity-ide\Books\Books for Text_TR-20260529T163910Z-3-001.zip -> Books for Text_TR/Darbe ve ihtilal/İhtilaller-Ve-Darbeler-Tarihi-2.pdf,Books for Text_TR/Darbe ve ihtilal,8.68
Dev-Şirketler-Kuresel-Guc-Elitleri-Dunya-Kapitalizminin-En-Guclu.pdf,PDF,ZIP Arşivi İçinde (Books for Text_TR-20260529T163910Z-3-001.zip),C:\Users\default.LAPTOP-OBA1HVU9\.antigravity-ide\Books\Books for Text_TR-20260529T163910Z-3-001.zip -> Books for Text_TR/Gld-World/Dev-Şirketler-Kuresel-Guc-Elitleri-Dunya-Kapitalizminin-En-Guclu.pdf,Books for Text_TR/Gld-World,2.86
15-Temmuzun-arka-planı-akar-ve-unal.pdf,PDF,ZIP Arşivi İçinde (Books for Text_TR-20260529T163910Z-3-001.zip),C:\Users\default.LAPTOP-OBA1HVU9\.antigravity-ide\Books\Books for Text_TR-20260529T163910Z-3-001.zip -> Books for Text_TR/Hzm_15Tm/15-Temmuzun-arka-planı-akar-ve-unal.pdf,Books for Text_TR/Hzm_15Tm,2.23
İşgal Birlikleri_Erol Bilbilik.pdf,PDF,ZIP Arşivi İçinde (Books for Text_TR-20260529T163910Z-3-001.zip),C:\Users\default.LAPTOP-OBA1HVU9\.antigravity-ide\Books\Books for Text_TR-20260529T163910Z-3-001.zip -> Books for Text_TR/Gld-Tr/İşgal Birlikleri_Erol Bilbilik.pdf,Books for Text_TR/Gld-Tr,1.34
Osmanlıdan Günümüze Gizli Devlet (Suat Parlar) (z-lib.org).pdf,PDF,ZIP Arşivi İçinde (Books for Text_TR-20260529T163910Z-3-001.zip),C:\Users\default.LAPTOP-OBA1HVU9\.antigravity-ide\Books\Books for Text_TR-20260529T163910Z-3-001.zip -> Books for Text_TR/Gld-Tr/Osmanlıdan Günümüze Gizli Devlet (Suat Parlar) (z-lib.org).pdf,Books for Text_TR/Gld-Tr,9.81
Hulusinasyon-15-Temmuz-Ozel-Harp-Komutan.pdf,PDF,ZIP Arşivi İçinde (Books for Text_TR-20260529T163910Z-3-001.zip),C:\Users\default.LAPTOP-OBA1HVU9\.antigravity-ide\Books\Books for Text_TR-20260529T163910Z-3-001.zip -> Books for Text_TR/Hzm_15Tm/Hulusinasyon-15-Temmuz-Ozel-Harp-Komutan.pdf,Books for Text_TR/Hzm_15Tm,4.11
Marmaris-15Temmuz.pdf,PDF,ZIP Arşivi İçinde (Books for Text_TR-20260529T163910Z-3-001.zip),C:\Users\default.LAPTOP-OBA1HVU9\.antigravity-ide\Books\Books for Text_TR-20260529T163910Z-3-001.zip -> Books for Text_TR/Hzm_15Tm/Marmaris-15Temmuz.pdf,Books for Text_TR/Hzm_15Tm,4.76
15-Temmuz-da-Turk-Donanmasında-Ne-Oldu-Donanmayı-kimler-batırdı.pdf,PDF,ZIP Arşivi İçinde (Books for Text_TR-20260529T163910Z-3-001.zip),C:\Users\default.LAPTOP-OBA1HVU9\.antigravity-ide\Books\Books for Text_TR-20260529T163910Z-3-001.zip -> Books for Text_TR/Hzm_15Tm/15-Temmuz-da-Turk-Donanmasında-Ne-Oldu-Donanmayı-kimler-batırdı.pdf,Books for Text_TR/Hzm_15Tm,9.45
Cuneyt-Arcayurek-Derin-Devlet.pdf,PDF,ZIP Arşivi İçinde (Books for Text_TR-20260529T163910Z-3-001.zip),C:\Users\default.LAPTOP-OBA1HVU9\.antigravity-ide\Books\Books for Text_TR-20260529T163910Z-3-001.zip -> Books for Text_TR/Gld-Tr/Cuneyt-Arcayurek-Derin-Devlet.pdf,Books for Text_TR/Gld-Tr,5.84
33-Stratejide-Savas-Robert-Greene-Joost-Elffers-pdf.pdf,PDF,ZIP Arşivi İçinde (Books for Text_TR-20260529T163910Z-3-001.zip),C:\Users\default.LAPTOP-OBA1HVU9\.antigravity-ide\Books\Books for Text_TR-20260529T163910Z-3-001.zip -> Books for Text_TR/Strateji/33-Stratejide-Savas-Robert-Greene-Joost-Elffers-pdf.pdf,Books for Text_TR/Strateji,15.22
15-Temmuz-Erdoganın-darbesi-05-07-2017.pdf,PDF,ZIP Arşivi İçinde (Books for Text_TR-20260529T163910Z-3-001.zip),C:\Users\default.LAPTOP-OBA1HVU9\.antigravity-ide\Books\Books for Text_TR-20260529T163910Z-3-001.zip -> Books for Text_TR/Hzm_15Tm/15-Temmuz-Erdoganın-darbesi-05-07-2017.pdf,Books for Text_TR/Hzm_15Tm,6.97
Gercegin-Peşinde-17-Haziran-2017.pdf,PDF,ZIP Arşivi İçinde (Books for Text_TR-20260529T163910Z-3-001.zip),C:\Users\default.LAPTOP-OBA1HVU9\.antigravity-ide\Books\Books for Text_TR-20260529T163910Z-3-001.zip -> Books for Text_TR/Hzm_15Tm/Gercegin-Peşinde-17-Haziran-2017.pdf,Books for Text_TR/Hzm_15Tm,5.13
Adli Yargının Ölümü_Semih Terzi ve Özel Kuvvetler Timi dosyası.pdf,PDF,ZIP Arşivi İçinde (Books for Text_TR-20260529T163910Z-3-001.zip),C:\Users\default.LAPTOP-OBA1HVU9\.antigravity-ide\Books\Books for Text_TR-20260529T163910Z-3-001.zip -> Books for Text_TR/Hzm_15Tm/Adli Yargının Ölümü_Semih Terzi ve Özel Kuvvetler Timi dosyası.pdf,Books for Text_TR/Hzm_15Tm,10.5
Umit-Sayın-Derin-Devletler-Gizli-Projeler-Ve-Kirli-Gercekler.pdf,PDF,ZIP Arşivi İçinde (Books for Text_TR-20260529T163910Z-3-001.zip),C:\Users\default.LAPTOP-OBA1HVU9\.antigravity-ide\Books\Books for Text_TR-20260529T163910Z-3-001.zip -> Books for Text_TR/Gld-Tr/Umit-Sayın-Derin-Devletler-Gizli-Projeler-Ve-Kirli-Gercekler.pdf,Books for Text_TR/Gld-Tr,7.82
Tanrıyı-Kıyamete-Zorlamak-Armageddon-Hristiyan-Kıyametciliği-ve-İsrail-Grace-Hallsell-pdf.pdf,PDF,ZIP Arşivi İçinde (Books for Text_TR-20260529T163910Z-3-001.zip),C:\Users\default.LAPTOP-OBA1HVU9\.antigravity-ide\Books\Books for Text_TR-20260529T163910Z-3-001.zip -> Books for Text_TR/Yhd/Tanrıyı-Kıyamete-Zorlamak-Armageddon-Hristiyan-Kıyametciliği-ve-İsrail-Grace-Hallsell-pdf.pdf,Books for Text_TR/Yhd,5.01
Savaş-Hileleri-Strategemler-2-Harro-Von-Senger.pdf,PDF,ZIP Arşivi İçinde (Books for Text_TR-20260529T163910Z-3-001.zip),C:\Users\default.LAPTOP-OBA1HVU9\.antigravity-ide\Books\Books for Text_TR-20260529T163910Z-3-001.zip -> Books for Text_TR/Strateji/Savaş-Hileleri-Strategemler-2-Harro-Von-Senger.pdf,Books for Text_TR/Strateji,6.75
Rotschild-para-mparatorluu-derin-yahudi-devleti-pdf.pdf,PDF,ZIP Arşivi İçinde (Books for Text_TR-20260529T163910Z-3-001.zip),C:\Users\default.LAPTOP-OBA1HVU9\.antigravity-ide\Books\Books for Text_TR-20260529T163910Z-3-001.zip -> Books for Text_TR/Yhd/Rotschild-para-mparatorluu-derin-yahudi-devleti-pdf.pdf,Books for Text_TR/Yhd,4.2
15 Temmuz_un arka planı-1_Marmaris.pdf,PDF,ZIP Arşivi İçinde (Books for Text_TR-20260529T163910Z-3-001.zip),C:\Users\default.LAPTOP-OBA1HVU9\.antigravity-ide\Books\Books for Text_TR-20260529T163910Z-3-001.zip -> Books for Text_TR/Hzm_15Tm/15 Temmuz_un arka planı-1_Marmaris.pdf,Books for Text_TR/Hzm_15Tm,5.85
Gizli Dünya Devleti (Gary Allen) (z-lib.org).pdf,PDF,ZIP Arşivi İçinde (Books for Text_TR-20260529T163910Z-3-001.zip),C:\Users\default.LAPTOP-OBA1HVU9\.antigravity-ide\Books\Books for Text_TR-20260529T163910Z-3-001.zip -> Books for Text_TR/Gld-World/Gizli Dünya Devleti (Gary Allen) (z-lib.org).pdf,Books for Text_TR/Gld-World,13.76
Kabala-Yahudi-Kadim-Mistik-Oğretisi-A-Ekrem-Ulku.epub,EPUB,ZIP Arşivi İçinde (Books for Text_TR-20260529T163910Z-3-001.zip),C:\Users\default.LAPTOP-OBA1HVU9\.antigravity-ide\Books\Books for Text_TR-20260529T163910Z-3-001.zip -> Books for Text_TR/Yhd/Kabala-Yahudi-Kadim-Mistik-Oğretisi-A-Ekrem-Ulku.epub,Books for Text_TR/Yhd,1.25
SCF_15-Temmuz-Erdoganın-darbesi_05.07.2017.pdf,PDF,ZIP Arşivi İçinde (Books for Text_TR-20260529T163910Z-3-001.zip),C:\Users\default.LAPTOP-OBA1HVU9\.antigravity-ide\Books\Books for Text_TR-20260529T163910Z-3-001.zip -> Books for Text_TR/Hzm_15Tm/SCF_15-Temmuz-Erdoganın-darbesi_05.07.2017.pdf,Books for Text_TR/Hzm_15Tm,6.97
"Yahudiler, Dünya ve Para - Yahudi Halkının Ekonomik Tarihi (Jacgues Attali) (z-lib.org).epub",EPUB,ZIP Arşivi İçinde (Books for Text_TR-20260529T163910Z-3-001.zip),"C:\Users\default.LAPTOP-OBA1HVU9\.antigravity-ide\Books\Books for Text_TR-20260529T163910Z-3-001.zip -> Books for Text_TR/Yhd/Yahudiler, Dünya ve Para - Yahudi Halkının Ekonomik Tarihi (Jacgues Attali) (z-lib.org).epub",Books for Text_TR/Yhd,0.92
Yahudi-Devleti.pdf,PDF,ZIP Arşivi İçinde (Books for Text_TR-20260529T163910Z-3-001.zip),C:\Users\default.LAPTOP-OBA1HVU9\.antigravity-ide\Books\Books for Text_TR-20260529T163910Z-3-001.zip -> Books for Text_TR/Yhd/Yahudi-Devleti.pdf,Books for Text_TR/Yhd,0.72
Mustafa Güldağı-Derin İsrail.pdf,PDF,ZIP Arşivi İçinde (Books for Text_TR-20260529T163910Z-3-001.zip),C:\Users\default.LAPTOP-OBA1HVU9\.antigravity-ide\Books\Books for Text_TR-20260529T163910Z-3-001.zip -> Books for Text_TR/Yhd/Mustafa Güldağı-Derin İsrail.pdf,Books for Text_TR/Yhd,39.32
Gizli Dunya Devleti ve Siyonizm.pdf,PDF,ZIP Arşivi İçinde (Books for Text_TR-20260529T163910Z-3-001.zip),C:\Users\default.LAPTOP-OBA1HVU9\.antigravity-ide\Books\Books for Text_TR-20260529T163910Z-3-001.zip -> Books for Text_TR/Yhd/Gizli Dunya Devleti ve Siyonizm.pdf,Books for Text_TR/Yhd,0.25
Mehmet-Ali-Birand-12-Eylul-Saat-4-00.pdf,PDF,ZIP Arşivi İçinde (Books for Text_TR-20260529T163910Z-3-001.zip),C:\Users\default.LAPTOP-OBA1HVU9\.antigravity-ide\Books\Books for Text_TR-20260529T163910Z-3-001.zip -> Books for Text_TR/Darbe ve ihtilal/Mehmet-Ali-Birand-12-Eylul-Saat-4-00.pdf,Books for Text_TR/Darbe ve ihtilal,13.07
Üst Akıl İngiliz Derin Devletinin İçyüzü 2 (Adnan Harun Yahya) (z-lib.org).pdf,PDF,ZIP Arşivi İçinde (Books for Text_TR-20260529T163910Z-3-001.zip),C:\Users\default.LAPTOP-OBA1HVU9\.antigravity-ide\Books\Books for Text_TR-20260529T163910Z-3-001.zip -> Books for Text_TR/Gld-World/Üst Akıl İngiliz Derin Devletinin İçyüzü 2 (Adnan Harun Yahya) (z-lib.org).pdf,Books for Text_TR/Gld-World,54.12
Umut Bir Yöntem Olamaz-Gordon R. Sullivan ve Michael V. Harper.pdf,PDF,ZIP Arşivi İçinde (Books for Text_TR-20260529T163910Z-3-001.zip),C:\Users\default.LAPTOP-OBA1HVU9\.antigravity-ide\Books\Books for Text_TR-20260529T163910Z-3-001.zip -> Books for Text_TR/Zulum ve Adalet/Umut Bir Yöntem Olamaz-Gordon R. Sullivan ve Michael V. Harper.pdf,Books for Text_TR/Zulum ve Adalet,13.76
Fatih-Oktay-Cin-Yeni-Buyuk-Guc.pdf,PDF,ZIP Arşivi İçinde (Books for Text_TR-20260529T163910Z-3-001.zip),C:\Users\default.LAPTOP-OBA1HVU9\.antigravity-ide\Books\Books for Text_TR-20260529T163910Z-3-001.zip -> Books for Text_TR/World Politics/Fatih-Oktay-Cin-Yeni-Buyuk-Guc.pdf,Books for Text_TR/World Politics,10.28
islam-Dunyasinda-Yahudiler-Bernard-Lewis-Bahadir-Sina-Shener-2005-276s.pdf,PDF,ZIP Arşivi İçinde (Books for Text_TR-20260529T163910Z-3-001.zip),C:\Users\default.LAPTOP-OBA1HVU9\.antigravity-ide\Books\Books for Text_TR-20260529T163910Z-3-001.zip -> Books for Text_TR/Yhd/islam-Dunyasinda-Yahudiler-Bernard-Lewis-Bahadir-Sina-Shener-2005-276s.pdf,Books for Text_TR/Yhd,7.8
Anarsizmin-Tarihi-imkansizi-istemek-peter-marshall.pdf,PDF,ZIP Arşivi İçinde (Books for Text_TR-20260529T163910Z-3-001.zip),C:\Users\default.LAPTOP-OBA1HVU9\.antigravity-ide\Books\Books for Text_TR-20260529T163910Z-3-001.zip -> Books for Text_TR/Zulum ve Adalet/Anarsizmin-Tarihi-imkansizi-istemek-peter-marshall.pdf,Books for Text_TR/Zulum ve Adalet,24.45
SADAT-Erdoğan_ın Özel Ordusu.pdf,PDF,ZIP Arşivi İçinde (Books for Text_TR-20260529T163910Z-3-001.zip),C:\Users\default.LAPTOP-OBA1HVU9\.antigravity-ide\Books\Books for Text_TR-20260529T163910Z-3-001.zip -> Books for Text_TR/Hzm_15Tm/SADAT-Erdoğan_ın Özel Ordusu.pdf,Books for Text_TR/Hzm_15Tm,6.85
HDP - Darbe Komisyonu Raporu Muhalefet Şerhi.pdf,PDF,ZIP Arşivi İçinde (Books for Text_TR-20260529T163910Z-3-001.zip),C:\Users\default.LAPTOP-OBA1HVU9\.antigravity-ide\Books\Books for Text_TR-20260529T163910Z-3-001.zip -> Books for Text_TR/RTE_15 Temmuz/Meclis_15 Temmuz/HDP - Darbe Komisyonu Raporu Muhalefet Şerhi.pdf,Books for Text_TR/RTE_15 Temmuz/Meclis_15 Temmuz,0.45
Musa-Ve-Yahudilik-Hayrullah-Ors.pdf,PDF,ZIP Arşivi İçinde (Books for Text_TR-20260529T163910Z-3-001.zip),C:\Users\default.LAPTOP-OBA1HVU9\.antigravity-ide\Books\Books for Text_TR-20260529T163910Z-3-001.zip -> Books for Text_TR/Yhd/Musa-Ve-Yahudilik-Hayrullah-Ors.pdf,Books for Text_TR/Yhd,11.41
"Yahudi Tarihi ve Siyonist Liderlerin Protokolleri (Will Durant, Roger Lambelin) (z-lib.org) (1).pdf",PDF,ZIP Arşivi İçinde (Books for Text_TR-20260529T163910Z-3-001.zip),"C:\Users\default.LAPTOP-OBA1HVU9\.antigravity-ide\Books\Books for Text_TR-20260529T163910Z-3-001.zip -> Books for Text_TR/Yhd/Yahudi Tarihi ve Siyonist Liderlerin Protokolleri (Will Durant, Roger Lambelin) (z-lib.org) (1).pdf",Books for Text_TR/Yhd,2.0
Yahudiliğin-Kokenleri-ve-Kuresel-Gucu-pdf.pdf,PDF,ZIP Arşivi İçinde (Books for Text_TR-20260529T163910Z-3-001.zip),C:\Users\default.LAPTOP-OBA1HVU9\.antigravity-ide\Books\Books for Text_TR-20260529T163910Z-3-001.zip -> Books for Text_TR/Yhd/Yahudiliğin-Kokenleri-ve-Kuresel-Gucu-pdf.pdf,Books for Text_TR/Yhd,8.62
Buyuk-Satranc-Tahtası-Zbigniew-Brzezinski.pdf,PDF,ZIP Arşivi İçinde (Books for Text_TR-20260529T163910Z-3-001.zip),C:\Users\default.LAPTOP-OBA1HVU9\.antigravity-ide\Books\Books for Text_TR-20260529T163910Z-3-001.zip -> Books for Text_TR/Yazarlar-Ybnc/Zbigniew-Brzezinski/Buyuk-Satranc-Tahtası-Zbigniew-Brzezinski.pdf,Books for Text_TR/Yazarlar-Ybnc/Zbigniew-Brzezinski,6.77
Yahudi-Halkı-Nasıl-İcat-Edildi-Şlamo-Sand.pdf,PDF,ZIP Arşivi İçinde (Books for Text_TR-20260529T163910Z-3-001.zip),C:\Users\default.LAPTOP-OBA1HVU9\.antigravity-ide\Books\Books for Text_TR-20260529T163910Z-3-001.zip -> Books for Text_TR/Yhd/Yahudi-Halkı-Nasıl-İcat-Edildi-Şlamo-Sand.pdf,Books for Text_TR/Yhd,5.04
Buyuk-Medeniyet-Savasi-Robert-Fisk.pdf,PDF,ZIP Arşivi İçinde (Books for Text_TR-20260529T163910Z-3-001.zip),C:\Users\default.LAPTOP-OBA1HVU9\.antigravity-ide\Books\Books for Text_TR-20260529T163910Z-3-001.zip -> Books for Text_TR/ODogu/Buyuk-Medeniyet-Savasi-Robert-Fisk.pdf,Books for Text_TR/ODogu,6.41
Emre Kongar-ABD-nin-Siyasal-İslam`la-Dansı.pdf,PDF,ZIP Arşivi İçinde (Books for Text_TR-20260529T163910Z-3-001.zip),C:\Users\default.LAPTOP-OBA1HVU9\.antigravity-ide\Books\Books for Text_TR-20260529T163910Z-3-001.zip -> Books for Text_TR/Yazarlar-Tr/Emre Kongar-ABD-nin-Siyasal-İslam`la-Dansı.pdf,Books for Text_TR/Yazarlar-Tr,3.2
Yahudilik Tarihi (Ömer Erdoğan) (z-lib.org).pdf,PDF,ZIP Arşivi İçinde (Books for Text_TR-20260529T163910Z-3-001.zip),C:\Users\default.LAPTOP-OBA1HVU9\.antigravity-ide\Books\Books for Text_TR-20260529T163910Z-3-001.zip -> Books for Text_TR/Yhd/Yahudilik Tarihi (Ömer Erdoğan) (z-lib.org).pdf,Books for Text_TR/Yhd,3.37
Cevheri-Guven-Bal-Tuzagi-2013.pdf,PDF,ZIP Arşivi İçinde (Books for Text_TR-20260529T163910Z-3-001.zip),C:\Users\default.LAPTOP-OBA1HVU9\.antigravity-ide\Books\Books for Text_TR-20260529T163910Z-3-001.zip -> Books for Text_TR/Yazarlar-Tr/Cevheri-Guven-Bal-Tuzagi-2013.pdf,Books for Text_TR/Yazarlar-Tr,3.1
Banu-Avar-Zemberek.pdf,PDF,ZIP Arşivi İçinde (Books for Text_TR-20260529T163910Z-3-001.zip),C:\Users\default.LAPTOP-OBA1HVU9\.antigravity-ide\Books\Books for Text_TR-20260529T163910Z-3-001.zip -> Books for Text_TR/Yazarlar-Tr/Banu-Avar-Zemberek.pdf,Books for Text_TR/Yazarlar-Tr,8.33
Yahudi Dönmeler ve Mumsöndü Ayinleri (Süleyman Yeşilyurt) (z-lib.org).pdf,PDF,ZIP Arşivi İçinde (Books for Text_TR-20260529T163910Z-3-001.zip),C:\Users\default.LAPTOP-OBA1HVU9\.antigravity-ide\Books\Books for Text_TR-20260529T163910Z-3-001.zip -> Books for Text_TR/Yhd/Yahudi Dönmeler ve Mumsöndü Ayinleri (Süleyman Yeşilyurt) (z-lib.org).pdf,Books for Text_TR/Yhd,6.67
Amerika-ve-Dunya-Zbigniew-Brzezinski.pdf,PDF,ZIP Arşivi İçinde (Books for Text_TR-20260529T163910Z-3-001.zip),C:\Users\default.LAPTOP-OBA1HVU9\.antigravity-ide\Books\Books for Text_TR-20260529T163910Z-3-001.zip -> Books for Text_TR/Yazarlar-Ybnc/Zbigniew-Brzezinski/Amerika-ve-Dunya-Zbigniew-Brzezinski.pdf,Books for Text_TR/Yazarlar-Ybnc/Zbigniew-Brzezinski,7.2
Aydoğan Vatandaş-Türkiye-İsrail Gizli Savaşı-Armagedon.pdf,PDF,ZIP Arşivi İçinde (Books for Text_TR-20260529T163910Z-3-001.zip),C:\Users\default.LAPTOP-OBA1HVU9\.antigravity-ide\Books\Books for Text_TR-20260529T163910Z-3-001.zip -> Books for Text_TR/Yazarlar-Tr/Aydoğan Vatandaş-Türkiye-İsrail Gizli Savaşı-Armagedon.pdf,Books for Text_TR/Yazarlar-Tr,0.52
Seta_15 Temmuz iddianameleri.pdf,PDF,ZIP Arşivi İçinde (Books for Text_TR-20260529T163910Z-3-001.zip),C:\Users\default.LAPTOP-OBA1HVU9\.antigravity-ide\Books\Books for Text_TR-20260529T163910Z-3-001.zip -> Books for Text_TR/RTE_15 Temmuz/Seta_15 Temmuz/Seta_15 Temmuz iddianameleri.pdf,Books for Text_TR/RTE_15 Temmuz/Seta_15 Temmuz,1.2
Dünya Düzeni (Henry Kissinger).pdf,PDF,ZIP Arşivi İçinde (Books for Text_TR-20260529T163910Z-3-001.zip),C:\Users\default.LAPTOP-OBA1HVU9\.antigravity-ide\Books\Books for Text_TR-20260529T163910Z-3-001.zip -> Books for Text_TR/Yazarlar-Ybnc/Henry Kissinger/Dünya Düzeni (Henry Kissinger).pdf,Books for Text_TR/Yazarlar-Ybnc/Henry Kissinger,3.56
Umit Ozdag-Stratejik Goc.pdf,PDF,ZIP Arşivi İçinde (Books for Text_TR-20260529T163910Z-3-001.zip),C:\Users\default.LAPTOP-OBA1HVU9\.antigravity-ide\Books\Books for Text_TR-20260529T163910Z-3-001.zip -> Books for Text_TR/Yazarlar-Tr/Umit Ozdag-Stratejik Goc.pdf,Books for Text_TR/Yazarlar-Tr,4.98
Kriz İki Büyük Dış Politika Krizinin Anatomisi (Henry Kissinger).pdf,PDF,ZIP Arşivi İçinde (Books for Text_TR-20260529T163910Z-3-001.zip),C:\Users\default.LAPTOP-OBA1HVU9\.antigravity-ide\Books\Books for Text_TR-20260529T163910Z-3-001.zip -> Books for Text_TR/Yazarlar-Ybnc/Henry Kissinger/Kriz İki Büyük Dış Politika Krizinin Anatomisi (Henry Kissinger).pdf,Books for Text_TR/Yazarlar-Ybnc/Henry Kissinger,3.33
Buyuk-Cokuş-Zbigniew-Brzezinski.pdf,PDF,ZIP Arşivi İçinde (Books for Text_TR-20260529T163910Z-3-001.zip),C:\Users\default.LAPTOP-OBA1HVU9\.antigravity-ide\Books\Books for Text_TR-20260529T163910Z-3-001.zip -> Books for Text_TR/Yazarlar-Ybnc/Zbigniew-Brzezinski/Buyuk-Cokuş-Zbigniew-Brzezinski.pdf,Books for Text_TR/Yazarlar-Ybnc/Zbigniew-Brzezinski,7.83
Kısa-Yahudi-Tarihi-Michael-Brenner.pdf,PDF,ZIP Arşivi İçinde (Books for Text_TR-20260529T163910Z-3-001.zip),C:\Users\default.LAPTOP-OBA1HVU9\.antigravity-ide\Books\Books for Text_TR-20260529T163910Z-3-001.zip -> Books for Text_TR/Yhd/Kısa-Yahudi-Tarihi-Michael-Brenner.pdf,Books for Text_TR/Yhd,14.93
Seta_15-temmuz--darbe-girisiminde-medya-pdf.pdf,PDF,ZIP Arşivi İçinde (Books for Text_TR-20260529T163910Z-3-001.zip),C:\Users\default.LAPTOP-OBA1HVU9\.antigravity-ide\Books\Books for Text_TR-20260529T163910Z-3-001.zip -> Books for Text_TR/RTE_15 Temmuz/Seta_15 Temmuz/Seta_15-temmuz--darbe-girisiminde-medya-pdf.pdf,Books for Text_TR/RTE_15 Temmuz/Seta_15 Temmuz,1.67
CHP_darbe_raporu_chp_2017.pdf,PDF,ZIP Arşivi İçinde (Books for Text_TR-20260529T163910Z-3-001.zip),C:\Users\default.LAPTOP-OBA1HVU9\.antigravity-ide\Books\Books for Text_TR-20260529T163910Z-3-001.zip -> Books for Text_TR/RTE_15 Temmuz/Meclis_15 Temmuz/CHP_darbe_raporu_chp_2017.pdf,Books for Text_TR/RTE_15 Temmuz/Meclis_15 Temmuz,3.61
Strateji-Lawrence Freedman.pdf,PDF,ZIP Arşivi İçinde (Books for Text_TR-20260529T163910Z-3-001.zip),C:\Users\default.LAPTOP-OBA1HVU9\.antigravity-ide\Books\Books for Text_TR-20260529T163910Z-3-001.zip -> Books for Text_TR/Strateji/Strateji-Lawrence Freedman.pdf,Books for Text_TR/Strateji,6.91
Seta_15-temmuz-darbe1.pdf,PDF,ZIP Arşivi İçinde (Books for Text_TR-20260529T163910Z-3-001.zip),C:\Users\default.LAPTOP-OBA1HVU9\.antigravity-ide\Books\Books for Text_TR-20260529T163910Z-3-001.zip -> Books for Text_TR/RTE_15 Temmuz/Seta_15 Temmuz/Seta_15-temmuz-darbe1.pdf,Books for Text_TR/RTE_15 Temmuz/Seta_15 Temmuz,4.83
Yahudiler-Ve-Modern-Kapitalizm-Werner-Sombart.pdf,PDF,ZIP Arşivi İçinde (Books for Text_TR-20260529T163910Z-3-001.zip),C:\Users\default.LAPTOP-OBA1HVU9\.antigravity-ide\Books\Books for Text_TR-20260529T163910Z-3-001.zip -> Books for Text_TR/Yhd/Yahudiler-Ve-Modern-Kapitalizm-Werner-Sombart.pdf,Books for Text_TR/Yhd,4.37
FT-KADEM.pdf,PDF,ZIP Arşivi İçinde (Books for Text_TR-20260529T163910Z-3-001.zip),C:\Users\default.LAPTOP-OBA1HVU9\.antigravity-ide\Books\Books for Text_TR-20260529T163910Z-3-001.zip -> Books for Text_TR/Hzm-Aleyhte/FT/FT-KADEM.pdf,Books for Text_TR/Hzm-Aleyhte/FT,1.76
FT nun_Kalintilarından Arınmak-2018.pdf,PDF,ZIP Arşivi İçinde (Books for Text_TR-20260529T163910Z-3-001.zip),C:\Users\default.LAPTOP-OBA1HVU9\.antigravity-ide\Books\Books for Text_TR-20260529T163910Z-3-001.zip -> Books for Text_TR/Hzm-Aleyhte/FT/FT nun_Kalintilarından Arınmak-2018.pdf,Books for Text_TR/Hzm-Aleyhte/FT,0.15
Fikret Bila-Karşı Devrim-1923ten 2023e.pdf,PDF,ZIP Arşivi İçinde (Books for Text_TR-20260529T163910Z-3-001.zip),C:\Users\default.LAPTOP-OBA1HVU9\.antigravity-ide\Books\Books for Text_TR-20260529T163910Z-3-001.zip -> Books for Text_TR/Yazarlar-Tr/Fikret Bila-Karşı Devrim-1923ten 2023e.pdf,Books for Text_TR/Yazarlar-Tr,2.91
Seta_Darbenin-Harekat-Plani-ve-Cuntacı-Terorle-Mucadele-PDF.pdf,PDF,ZIP Arşivi İçinde (Books for Text_TR-20260529T163910Z-3-001.zip),C:\Users\default.LAPTOP-OBA1HVU9\.antigravity-ide\Books\Books for Text_TR-20260529T163910Z-3-001.zip -> Books for Text_TR/RTE_15 Temmuz/Seta_15 Temmuz/Seta_Darbenin-Harekat-Plani-ve-Cuntacı-Terorle-Mucadele-PDF.pdf,Books for Text_TR/RTE_15 Temmuz/Seta_15 Temmuz,3.95
Zihin-Kontrolu-ve-Yonlendirmesi-Us.docx,DOCX,ZIP Arşivi İçinde (Books for Text_TR-20260529T163910Z-3-001.zip),C:\Users\default.LAPTOP-OBA1HVU9\.antigravity-ide\Books\Books for Text_TR-20260529T163910Z-3-001.zip -> Books for Text_TR/Propaganda ve İkna/Zihin Kontrolu/Zihin-Kontrolu-ve-Yonlendirmesi-Us.docx,Books for Text_TR/Propaganda ve İkna/Zihin Kontrolu,0.37
Diplomasi (Henry Kissinger).pdf,PDF,ZIP Arşivi İçinde (Books for Text_TR-20260529T163910Z-3-001.zip),C:\Users\default.LAPTOP-OBA1HVU9\.antigravity-ide\Books\Books for Text_TR-20260529T163910Z-3-001.zip -> Books for Text_TR/Yazarlar-Ybnc/Henry Kissinger/Diplomasi (Henry Kissinger).pdf,Books for Text_TR/Yazarlar-Ybnc/Henry Kissinger,7.24
Kult_Trr_Orgutlerinde_Radikallesme_Sur.pdf,PDF,ZIP Arşivi İçinde (Books for Text_TR-20260529T163910Z-3-001.zip),C:\Users\default.LAPTOP-OBA1HVU9\.antigravity-ide\Books\Books for Text_TR-20260529T163910Z-3-001.zip -> Books for Text_TR/Hzm-Aleyhte/FT/Kult_Trr_Orgutlerinde_Radikallesme_Sur.pdf,Books for Text_TR/Hzm-Aleyhte/FT,0.78
"Nato gizli birliği ve Alman öncüleri  Gladio-Leo A. Müller,çev. Emin Karaca.pdf",PDF,ZIP Arşivi İçinde (Books for Text_TR-20260529T163910Z-3-001.zip),"C:\Users\default.LAPTOP-OBA1HVU9\.antigravity-ide\Books\Books for Text_TR-20260529T163910Z-3-001.zip -> Books for Text_TR/Gld-World/Nato gizli birliği ve Alman öncüleri  Gladio-Leo A. Müller,çev. Emin Karaca.pdf",Books for Text_TR/Gld-World,12.66
Zihin-Kontrolu-Leonard-Moore.pdf,PDF,ZIP Arşivi İçinde (Books for Text_TR-20260529T163910Z-3-001.zip),C:\Users\default.LAPTOP-OBA1HVU9\.antigravity-ide\Books\Books for Text_TR-20260529T163910Z-3-001.zip -> Books for Text_TR/Propaganda ve İkna/Zihin Kontrolu/Zihin-Kontrolu-Leonard-Moore.pdf,Books for Text_TR/Propaganda ve İkna/Zihin Kontrolu,0.62
Kuresel_Kusatmaya_Direnen_Turkiye-2017.pdf,PDF,ZIP Arşivi İçinde (Books for Text_TR-20260529T163910Z-3-001.zip),C:\Users\default.LAPTOP-OBA1HVU9\.antigravity-ide\Books\Books for Text_TR-20260529T163910Z-3-001.zip -> Books for Text_TR/Hzm-Aleyhte/FT/Kuresel_Kusatmaya_Direnen_Turkiye-2017.pdf,Books for Text_TR/Hzm-Aleyhte/FT,3.08
KULT_ORGUTLER_KAPSAMINDA_FETO_ILE_MUCADE.pdf,PDF,ZIP Arşivi İçinde (Books for Text_TR-20260529T163910Z-3-001.zip),C:\Users\default.LAPTOP-OBA1HVU9\.antigravity-ide\Books\Books for Text_TR-20260529T163910Z-3-001.zip -> Books for Text_TR/Hzm-Aleyhte/FT/KULT_ORGUTLER_KAPSAMINDA_FETO_ILE_MUCADE.pdf,Books for Text_TR/Hzm-Aleyhte/FT,1.18
FT_nun_Aklanma_ve_Yeniden Meşruiyet Çabaları-2023.pdf,PDF,ZIP Arşivi İçinde (Books for Text_TR-20260529T163910Z-3-001.zip),C:\Users\default.LAPTOP-OBA1HVU9\.antigravity-ide\Books\Books for Text_TR-20260529T163910Z-3-001.zip -> Books for Text_TR/Hzm-Aleyhte/FT/FT_nun_Aklanma_ve_Yeniden Meşruiyet Çabaları-2023.pdf,Books for Text_TR/Hzm-Aleyhte/FT,2.37
Akıl-Okuma-Sanatı-Henrik-Fexeus.pdf,PDF,ZIP Arşivi İçinde (Books for Text_TR-20260529T163910Z-3-001.zip),C:\Users\default.LAPTOP-OBA1HVU9\.antigravity-ide\Books\Books for Text_TR-20260529T163910Z-3-001.zip -> Books for Text_TR/Propaganda ve İkna/Zihin Okuma/Akıl-Okuma-Sanatı-Henrik-Fexeus.pdf,Books for Text_TR/Propaganda ve İkna/Zihin Okuma,5.18
TBMM 15 Temmuz Raporu.pdf,PDF,ZIP Arşivi İçinde (Books for Text_TR-20260529T163910Z-3-001.zip),C:\Users\default.LAPTOP-OBA1HVU9\.antigravity-ide\Books\Books for Text_TR-20260529T163910Z-3-001.zip -> Books for Text_TR/RTE_15 Temmuz/Meclis_15 Temmuz/TBMM 15 Temmuz Raporu.pdf,Books for Text_TR/RTE_15 Temmuz/Meclis_15 Temmuz,6.02
Zihin-Kontrol.pdf,PDF,ZIP Arşivi İçinde (Books for Text_TR-20260529T163910Z-3-001.zip),C:\Users\default.LAPTOP-OBA1HVU9\.antigravity-ide\Books\Books for Text_TR-20260529T163910Z-3-001.zip -> Books for Text_TR/Propaganda ve İkna/Zihin Kontrolu/Zihin-Kontrol.pdf,Books for Text_TR/Propaganda ve İkna/Zihin Kontrolu,1.08
Zihin_Okuma_Teknikleri-Insanlarin_Gerchek_Dushuncelerini_Chozumlemenin_Yollari-Stan_B.Walters-Ipek_Ibik-2000-214s.pdf,PDF,ZIP Arşivi İçinde (Books for Text_TR-20260529T163910Z-3-001.zip),C:\Users\default.LAPTOP-OBA1HVU9\.antigravity-ide\Books\Books for Text_TR-20260529T163910Z-3-001.zip -> Books for Text_TR/Propaganda ve İkna/Zihin Okuma/Zihin_Okuma_Teknikleri-Insanlarin_Gerchek_Dushuncelerini_Chozumlemenin_Yollari-Stan_B.Walters-Ipek_Ibik-2000-214s.pdf,Books for Text_TR/Propaganda ve İkna/Zihin Okuma,2.61
Zihin-Kontrolu-Silva-Metodu-Jose-Silva.pdf,PDF,ZIP Arşivi İçinde (Books for Text_TR-20260529T163910Z-3-001.zip),C:\Users\default.LAPTOP-OBA1HVU9\.antigravity-ide\Books\Books for Text_TR-20260529T163910Z-3-001.zip -> Books for Text_TR/Propaganda ve İkna/Zihin Kontrolu/Zihin-Kontrolu-Silva-Metodu-Jose-Silva.pdf,Books for Text_TR/Propaganda ve İkna/Zihin Kontrolu,7.17
Cuneyt-Arcayurek-Buyuklere-Masallar-Sessiz-Darbe.pdf,PDF,ZIP Arşivi İçinde (Books for Text_TR-20260529T163910Z-3-001.zip),C:\Users\default.LAPTOP-OBA1HVU9\.antigravity-ide\Books\Books for Text_TR-20260529T163910Z-3-001.zip -> Books for Text_TR/Yazarlar-Tr/Cuneyt-Arcayurek-Buyuklere-Masallar-Sessiz-Darbe.pdf,Books for Text_TR/Yazarlar-Tr,3.57
Kripto-Yahudiler-ahmet-akgul.pdf,PDF,ZIP Arşivi İçinde (Books for Text_TR-20260529T163910Z-3-001.zip),C:\Users\default.LAPTOP-OBA1HVU9\.antigravity-ide\Books\Books for Text_TR-20260529T163910Z-3-001.zip -> Books for Text_TR/Yhd/Kripto-Yahudiler-ahmet-akgul.pdf,Books for Text_TR/Yhd,6.01
Cagdas_Masonlugun_Dogus_Oykusune_Farkli.pdf,PDF,ZIP Arşivi İçinde (Books for Text_TR-20260529T163910Z-3-001.zip),C:\Users\default.LAPTOP-OBA1HVU9\.antigravity-ide\Books\Books for Text_TR-20260529T163910Z-3-001.zip -> Books for Text_TR/Duvar_TR/M-Murat Özgen Ayfer/Cagdas_Masonlugun_Dogus_Oykusune_Farkli.pdf,Books for Text_TR/Duvar_TR/M-Murat Özgen Ayfer,0.95
Masonluga_Benzer_Paramasonik_Kuruluslar (1).pdf,PDF,ZIP Arşivi İçinde (Books for Text_TR-20260529T163910Z-3-001.zip),C:\Users\default.LAPTOP-OBA1HVU9\.antigravity-ide\Books\Books for Text_TR-20260529T163910Z-3-001.zip -> Books for Text_TR/Duvar_TR/Msn-web/Masonluga_Benzer_Paramasonik_Kuruluslar (1).pdf,Books for Text_TR/Duvar_TR/Msn-web,1.4
Nicin_Masonluk_Degil_Adli_Kitap_ve_Elest (1).pdf,PDF,ZIP Arşivi İçinde (Books for Text_TR-20260529T163910Z-3-001.zip),C:\Users\default.LAPTOP-OBA1HVU9\.antigravity-ide\Books\Books for Text_TR-20260529T163910Z-3-001.zip -> Books for Text_TR/Duvar_TR/M-Murat Özgen Ayfer/Nicin_Masonluk_Degil_Adli_Kitap_ve_Elest (1).pdf,Books for Text_TR/Duvar_TR/M-Murat Özgen Ayfer,0.56
Abd sinemasında mason sembolleri.pdf,PDF,ZIP Arşivi İçinde (Books for Text_TR-20260529T163910Z-3-001.zip),C:\Users\default.LAPTOP-OBA1HVU9\.antigravity-ide\Books\Books for Text_TR-20260529T163910Z-3-001.zip -> Books for Text_TR/Duvar_TR/Msn-web/Abd sinemasında mason sembolleri.pdf,Books for Text_TR/Duvar_TR/Msn-web,4.15
Zihin-Kontrol-Yontemi-Silva.pdf,PDF,ZIP Arşivi İçinde (Books for Text_TR-20260529T163910Z-3-001.zip),C:\Users\default.LAPTOP-OBA1HVU9\.antigravity-ide\Books\Books for Text_TR-20260529T163910Z-3-001.zip -> Books for Text_TR/Propaganda ve İkna/Zihin Kontrolu/Zihin-Kontrol-Yontemi-Silva.pdf,Books for Text_TR/Propaganda ve İkna/Zihin Kontrolu,5.17
Ataturk_Doneminde_Masonluk_ve_Masonlarla.pdf,PDF,ZIP Arşivi İçinde (Books for Text_TR-20260529T163910Z-3-001.zip),C:\Users\default.LAPTOP-OBA1HVU9\.antigravity-ide\Books\Books for Text_TR-20260529T163910Z-3-001.zip -> Books for Text_TR/Duvar_TR/Msn-web/Ataturk_Doneminde_Masonluk_ve_Masonlarla.pdf,Books for Text_TR/Duvar_TR/Msn-web,1.48
Masonlugun_Sosyal_Yonleri_Uzerine_Kisa_B.pdf,PDF,ZIP Arşivi İçinde (Books for Text_TR-20260529T163910Z-3-001.zip),C:\Users\default.LAPTOP-OBA1HVU9\.antigravity-ide\Books\Books for Text_TR-20260529T163910Z-3-001.zip -> Books for Text_TR/Duvar_TR/M-Murat Özgen Ayfer/Masonlugun_Sosyal_Yonleri_Uzerine_Kisa_B.pdf,Books for Text_TR/Duvar_TR/M-Murat Özgen Ayfer,0.18
Masonluktaki_Iskoc_Riti_1-Tarihçe ve Simgeler.pdf,PDF,ZIP Arşivi İçinde (Books for Text_TR-20260529T163910Z-3-001.zip),C:\Users\default.LAPTOP-OBA1HVU9\.antigravity-ide\Books\Books for Text_TR-20260529T163910Z-3-001.zip -> Books for Text_TR/Duvar_TR/M-Murat Özgen Ayfer/Masonluktaki_Iskoc_Riti_1-Tarihçe ve Simgeler.pdf,Books for Text_TR/Duvar_TR/M-Murat Özgen Ayfer,0.67
Masonluktaki_Icsel_ve_Islevsel_Sorunlar.pdf,PDF,ZIP Arşivi İçinde (Books for Text_TR-20260529T163910Z-3-001.zip),C:\Users\default.LAPTOP-OBA1HVU9\.antigravity-ide\Books\Books for Text_TR-20260529T163910Z-3-001.zip -> Books for Text_TR/Duvar_TR/M-Murat Özgen Ayfer/Masonluktaki_Icsel_ve_Islevsel_Sorunlar.pdf,Books for Text_TR/Duvar_TR/M-Murat Özgen Ayfer,0.38
Gulen orgütü.pdf,PDF,ZIP Arşivi İçinde (Books for Text_TR-20260529T163910Z-3-001.zip),C:\Users\default.LAPTOP-OBA1HVU9\.antigravity-ide\Books\Books for Text_TR-20260529T163910Z-3-001.zip -> Books for Text_TR/Hzm-Aleyhte/FT/Gulen orgütü.pdf,Books for Text_TR/Hzm-Aleyhte/FT,0.89
Masonlarin_Ozelliklerinden_Biri_Masonca.pdf,PDF,ZIP Arşivi İçinde (Books for Text_TR-20260529T163910Z-3-001.zip),C:\Users\default.LAPTOP-OBA1HVU9\.antigravity-ide\Books\Books for Text_TR-20260529T163910Z-3-001.zip -> Books for Text_TR/Duvar_TR/M-Murat Özgen Ayfer/Masonlarin_Ozelliklerinden_Biri_Masonca.pdf,Books for Text_TR/Duvar_TR/M-Murat Özgen Ayfer,0.48
Zihin-Kontrolu-Omer Ozkaya.pdf,PDF,ZIP Arşivi İçinde (Books for Text_TR-20260529T163910Z-3-001.zip),C:\Users\default.LAPTOP-OBA1HVU9\.antigravity-ide\Books\Books for Text_TR-20260529T163910Z-3-001.zip -> Books for Text_TR/Propaganda ve İkna/Zihin Kontrolu/Zihin-Kontrolu-Omer Ozkaya.pdf,Books for Text_TR/Propaganda ve İkna/Zihin Kontrolu,1.36
Zihin-Okuma-Teknikleri-Stan-B-Walters.pdf,PDF,ZIP Arşivi İçinde (Books for Text_TR-20260529T163910Z-3-001.zip),C:\Users\default.LAPTOP-OBA1HVU9\.antigravity-ide\Books\Books for Text_TR-20260529T163910Z-3-001.zip -> Books for Text_TR/Propaganda ve İkna/Zihin Okuma/Zihin-Okuma-Teknikleri-Stan-B-Walters.pdf,Books for Text_TR/Propaganda ve İkna/Zihin Okuma,2.61
Tapinakcilarin_Hazinesi_1_Paris.pdf,PDF,ZIP Arşivi İçinde (Books for Text_TR-20260529T163910Z-3-001.zip),C:\Users\default.LAPTOP-OBA1HVU9\.antigravity-ide\Books\Books for Text_TR-20260529T163910Z-3-001.zip -> Books for Text_TR/Duvar_TR/M-Murat Özgen Ayfer/Tapinakcilarin_Hazinesi_1_Paris.pdf,Books for Text_TR/Duvar_TR/M-Murat Özgen Ayfer,1.58
Postmodern_Masonluk_Gelecege_yonelis_mi.pdf,PDF,ZIP Arşivi İçinde (Books for Text_TR-20260529T163910Z-3-001.zip),C:\Users\default.LAPTOP-OBA1HVU9\.antigravity-ide\Books\Books for Text_TR-20260529T163910Z-3-001.zip -> Books for Text_TR/Duvar_TR/Msn-web/Postmodern_Masonluk_Gelecege_yonelis_mi.pdf,Books for Text_TR/Duvar_TR/Msn-web,1.87
Masonluğun Temel-Kavramları-RSanver.pdf,PDF,ZIP Arşivi İçinde (Books for Text_TR-20260529T163910Z-3-001.zip),C:\Users\default.LAPTOP-OBA1HVU9\.antigravity-ide\Books\Books for Text_TR-20260529T163910Z-3-001.zip -> Books for Text_TR/Duvar_TR/M-RSanver/Masonluğun Temel-Kavramları-RSanver.pdf,Books for Text_TR/Duvar_TR/M-RSanver,0.55
YARGITAYDAN-FETO.pdf,PDF,ZIP Arşivi İçinde (Books for Text_TR-20260529T163910Z-3-001.zip),C:\Users\default.LAPTOP-OBA1HVU9\.antigravity-ide\Books\Books for Text_TR-20260529T163910Z-3-001.zip -> Books for Text_TR/Hzm-Aleyhte/FT/YARGITAYDAN-FETO.pdf,Books for Text_TR/Hzm-Aleyhte/FT,10.39
Masonlukta_Cok_Onem_Verilen_Bir_Konu_Geo.pdf,PDF,ZIP Arşivi İçinde (Books for Text_TR-20260529T163910Z-3-001.zip),C:\Users\default.LAPTOP-OBA1HVU9\.antigravity-ide\Books\Books for Text_TR-20260529T163910Z-3-001.zip -> Books for Text_TR/Duvar_TR/M-Murat Özgen Ayfer/Masonlukta_Cok_Onem_Verilen_Bir_Konu_Geo.pdf,Books for Text_TR/Duvar_TR/M-Murat Özgen Ayfer,0.5
Gladio-Abd`nin kurduğu gizli örgüt-Ali Kuzu.pdf,PDF,ZIP Arşivi İçinde (Books for Text_TR-20260529T163910Z-3-001.zip),C:\Users\default.LAPTOP-OBA1HVU9\.antigravity-ide\Books\Books for Text_TR-20260529T163910Z-3-001.zip -> Books for Text_TR/Gld-World/Gladio-Abd`nin kurduğu gizli örgüt-Ali Kuzu.pdf,Books for Text_TR/Gld-World,21.64
Masonluk_uzerine_bilgiler.pdf,PDF,ZIP Arşivi İçinde (Books for Text_TR-20260529T163910Z-3-001.zip),C:\Users\default.LAPTOP-OBA1HVU9\.antigravity-ide\Books\Books for Text_TR-20260529T163910Z-3-001.zip -> Books for Text_TR/Duvar_TR/M-Murat Özgen Ayfer/Masonluk_uzerine_bilgiler.pdf,Books for Text_TR/Duvar_TR/M-Murat Özgen Ayfer,1.31
Masonlukta_Hurluk_Eskilik_Kabul_Edilmisl.pdf,PDF,ZIP Arşivi İçinde (Books for Text_TR-20260529T163910Z-3-001.zip),C:\Users\default.LAPTOP-OBA1HVU9\.antigravity-ide\Books\Books for Text_TR-20260529T163910Z-3-001.zip -> Books for Text_TR/Duvar_TR/M-Murat Özgen Ayfer/Masonlukta_Hurluk_Eskilik_Kabul_Edilmisl.pdf,Books for Text_TR/Duvar_TR/M-Murat Özgen Ayfer,0.31
isigi-arayanlarin-hikayesi-RSanver.pdf,PDF,ZIP Arşivi İçinde (Books for Text_TR-20260529T163910Z-3-001.zip),C:\Users\default.LAPTOP-OBA1HVU9\.antigravity-ide\Books\Books for Text_TR-20260529T163910Z-3-001.zip -> Books for Text_TR/Duvar_TR/M-RSanver/isigi-arayanlarin-hikayesi-RSanver.pdf,Books for Text_TR/Duvar_TR/M-RSanver,1.89
MASONLUK TARIHIMIZDE 1970LI YILLAR (1).pdf,PDF,ZIP Arşivi İçinde (Books for Text_TR-20260529T163910Z-3-001.zip),C:\Users\default.LAPTOP-OBA1HVU9\.antigravity-ide\Books\Books for Text_TR-20260529T163910Z-3-001.zip -> Books for Text_TR/Duvar_TR/M-RSanver/MASONLUK TARIHIMIZDE 1970LI YILLAR (1).pdf,Books for Text_TR/Duvar_TR/M-RSanver,2.39
1960-Turk-İhtilali.pdf,PDF,ZIP Arşivi İçinde (Books for Text_TR-20260529T163910Z-3-001.zip),C:\Users\default.LAPTOP-OBA1HVU9\.antigravity-ide\Books\Books for Text_TR-20260529T163910Z-3-001.zip -> Books for Text_TR/Darbe ve ihtilal/1960-Turk-İhtilali.pdf,Books for Text_TR/Darbe ve ihtilal,5.48
MASONLUK_TARIHI.pdf,PDF,ZIP Arşivi İçinde (Books for Text_TR-20260529T163910Z-3-001.zip),C:\Users\default.LAPTOP-OBA1HVU9\.antigravity-ide\Books\Books for Text_TR-20260529T163910Z-3-001.zip -> Books for Text_TR/Duvar_TR/M-Murat Özgen Ayfer/MASONLUK_TARIHI.pdf,Books for Text_TR/Duvar_TR/M-Murat Özgen Ayfer,3.75
Atilla Akar-Suikastlar Cumhuriyeti.pdf,PDF,ZIP Arşivi İçinde (Books for Text_TR-20260529T163910Z-3-001.zip),C:\Users\default.LAPTOP-OBA1HVU9\.antigravity-ide\Books\Books for Text_TR-20260529T163910Z-3-001.zip -> Books for Text_TR/Yazarlar-Tr/Atilla Akar-Suikastlar Cumhuriyeti.pdf,Books for Text_TR/Yazarlar-Tr,6.07
Masonluk Kulturu-RSanver.pdf,PDF,ZIP Arşivi İçinde (Books for Text_TR-20260529T163910Z-3-001.zip),C:\Users\default.LAPTOP-OBA1HVU9\.antigravity-ide\Books\Books for Text_TR-20260529T163910Z-3-001.zip -> Books for Text_TR/Duvar_TR/M-RSanver/Masonluk Kulturu-RSanver.pdf,Books for Text_TR/Duvar_TR/M-RSanver,1.5
Boğaziçi Ünv_de Mason Rektörller-HTaşdelen.pdf,PDF,ZIP Arşivi İçinde (Books for Text_TR-20260529T163910Z-3-001.zip),C:\Users\default.LAPTOP-OBA1HVU9\.antigravity-ide\Books\Books for Text_TR-20260529T163910Z-3-001.zip -> Books for Text_TR/Duvar_TR/M-HTaşdelen/Boğaziçi Ünv_de Mason Rektörller-HTaşdelen.pdf,Books for Text_TR/Duvar_TR/M-HTaşdelen,4.33
TurkiyeMasonTarikati_1948_1949.pdf,PDF,ZIP Arşivi İçinde (Books for Text_TR-20260529T163910Z-3-001.zip),C:\Users\default.LAPTOP-OBA1HVU9\.antigravity-ide\Books\Books for Text_TR-20260529T163910Z-3-001.zip -> Books for Text_TR/Duvar_TR/M-HTaşdelen/TurkiyeMasonTarikati_1948_1949.pdf,Books for Text_TR/Duvar_TR/M-HTaşdelen,17.87
TurkiyeMasonTarikati_1936-47.pdf,PDF,ZIP Arşivi İçinde (Books for Text_TR-20260529T163910Z-3-001.zip),C:\Users\default.LAPTOP-OBA1HVU9\.antigravity-ide\Books\Books for Text_TR-20260529T163910Z-3-001.zip -> Books for Text_TR/Duvar_TR/M-HTaşdelen/TurkiyeMasonTarikati_1936-47.pdf,Books for Text_TR/Duvar_TR/M-HTaşdelen,17.03
Hannah-Arendt-Siyasette-Yalan.pdf,PDF,ZIP Arşivi İçinde (Books for Text_TR-20260529T163910Z-3-001.zip),C:\Users\default.LAPTOP-OBA1HVU9\.antigravity-ide\Books\Books for Text_TR-20260529T163910Z-3-001.zip -> Books for Text_TR/Zulum ve Adalet/Hannah Arendt/Hannah-Arendt-Siyasette-Yalan.pdf,Books for Text_TR/Zulum ve Adalet/Hannah Arendt,0.82
Hannah Arendt ve İnsan Haklarının Çıkmazları.pdf,PDF,ZIP Arşivi İçinde (Books for Text_TR-20260529T163910Z-3-001.zip),C:\Users\default.LAPTOP-OBA1HVU9\.antigravity-ide\Books\Books for Text_TR-20260529T163910Z-3-001.zip -> Books for Text_TR/Zulum ve Adalet/Hannah Arendt/Hannah Arendt ve İnsan Haklarının Çıkmazları.pdf,Books for Text_TR/Zulum ve Adalet/Hannah Arendt,0.45
Yaklaşan Kasırga-Levent Gültekin .pdf,PDF,ZIP Arşivi İçinde (Books for Text_TR-20260529T163910Z-3-001.zip),C:\Users\default.LAPTOP-OBA1HVU9\.antigravity-ide\Books\Books for Text_TR-20260529T163910Z-3-001.zip -> Books for Text_TR/Gld-Tr/Yaklaşan Kasırga-Levent Gültekin .pdf,Books for Text_TR/Gld-Tr,9.08
İran Devrimi’ni Okumak.pdf,PDF,ZIP Arşivi İçinde (Books for Text_TR-20260529T163910Z-3-001.zip),C:\Users\default.LAPTOP-OBA1HVU9\.antigravity-ide\Books\Books for Text_TR-20260529T163910Z-3-001.zip -> Books for Text_TR/ODogu/İran/İran Devrimi’ni Okumak.pdf,Books for Text_TR/ODogu/İran,0.31
Hürol-Osmanlida_Mason_Localari.pdf,PDF,ZIP Arşivi İçinde (Books for Text_TR-20260529T163910Z-3-001.zip),C:\Users\default.LAPTOP-OBA1HVU9\.antigravity-ide\Books\Books for Text_TR-20260529T163910Z-3-001.zip -> Books for Text_TR/Duvar_TR/M-HTaşdelen/Hürol-Osmanlida_Mason_Localari.pdf,Books for Text_TR/Duvar_TR/M-HTaşdelen,4.12
AmerikaMasonYayilisi_B02.pdf,PDF,ZIP Arşivi İçinde (Books for Text_TR-20260529T163910Z-3-001.zip),C:\Users\default.LAPTOP-OBA1HVU9\.antigravity-ide\Books\Books for Text_TR-20260529T163910Z-3-001.zip -> Books for Text_TR/Duvar_TR/M-HTaşdelen/AmerikaMasonYayilisi_B02.pdf,Books for Text_TR/Duvar_TR/M-HTaşdelen,9.34
Populer-Masonlar-Suleyman-Yesilyurt.pdf,PDF,ZIP Arşivi İçinde (Books for Text_TR-20260529T163910Z-3-001.zip),C:\Users\default.LAPTOP-OBA1HVU9\.antigravity-ide\Books\Books for Text_TR-20260529T163910Z-3-001.zip -> Books for Text_TR/Duvar_TR/M-SYeşilyurt/Populer-Masonlar-Suleyman-Yesilyurt.pdf,Books for Text_TR/Duvar_TR/M-SYeşilyurt,9.48
Tapınak Şövalyelerinin Tarihi - Yeni Şövalyelik (Malcolm Barber) (z-lib.org).pdf,PDF,ZIP Arşivi İçinde (Books for Text_TR-20260529T163910Z-3-001.zip),C:\Users\default.LAPTOP-OBA1HVU9\.antigravity-ide\Books\Books for Text_TR-20260529T163910Z-3-001.zip -> Books for Text_TR/Duvar_TR/Tpn Şövy/Tapınak Şövalyelerinin Tarihi - Yeni Şövalyelik (Malcolm Barber) (z-lib.org).pdf,Books for Text_TR/Duvar_TR/Tpn Şövy,5.45
TurkiyeMasonTarikati_1923-35.pdf,PDF,ZIP Arşivi İçinde (Books for Text_TR-20260529T163910Z-3-001.zip),C:\Users\default.LAPTOP-OBA1HVU9\.antigravity-ide\Books\Books for Text_TR-20260529T163910Z-3-001.zip -> Books for Text_TR/Duvar_TR/M-HTaşdelen/TurkiyeMasonTarikati_1923-35.pdf,Books for Text_TR/Duvar_TR/M-HTaşdelen,8.04
iran devrimnin Türkiye yansımaları.pdf,PDF,ZIP Arşivi İçinde (Books for Text_TR-20260529T163910Z-3-001.zip),C:\Users\default.LAPTOP-OBA1HVU9\.antigravity-ide\Books\Books for Text_TR-20260529T163910Z-3-001.zip -> Books for Text_TR/ODogu/İran/iran devrimnin Türkiye yansımaları.pdf,Books for Text_TR/ODogu/İran,5.43
Hannah Arendt-Politikanın-Vaadi.pdf,PDF,ZIP Arşivi İçinde (Books for Text_TR-20260529T163910Z-3-001.zip),C:\Users\default.LAPTOP-OBA1HVU9\.antigravity-ide\Books\Books for Text_TR-20260529T163910Z-3-001.zip -> Books for Text_TR/Zulum ve Adalet/Hannah Arendt/Hannah Arendt-Politikanın-Vaadi.pdf,Books for Text_TR/Zulum ve Adalet/Hannah Arendt,1.51
Mason Komutanlar (Süleyman Yeşilyurt) (z-lib.org).pdf,PDF,ZIP Arşivi İçinde (Books for Text_TR-20260529T163910Z-3-001.zip),C:\Users\default.LAPTOP-OBA1HVU9\.antigravity-ide\Books\Books for Text_TR-20260529T163910Z-3-001.zip -> Books for Text_TR/Duvar_TR/M-SYeşilyurt/Mason Komutanlar (Süleyman Yeşilyurt) (z-lib.org).pdf,Books for Text_TR/Duvar_TR/M-SYeşilyurt,7.3
YL Tezlernde Masonluk-HTaşdelen.pdf,PDF,ZIP Arşivi İçinde (Books for Text_TR-20260529T163910Z-3-001.zip),C:\Users\default.LAPTOP-OBA1HVU9\.antigravity-ide\Books\Books for Text_TR-20260529T163910Z-3-001.zip -> Books for Text_TR/Duvar_TR/M-HTaşdelen/YL Tezlernde Masonluk-HTaşdelen.pdf,Books for Text_TR/Duvar_TR/M-HTaşdelen,8.45
Dijital-Yerliler-Z-Kuşağı-ve-Sosyal-Medya-Pazarlaması.pdf,PDF,ZIP Arşivi İçinde (Books for Text_TR-20260529T163910Z-3-001.zip),C:\Users\default.LAPTOP-OBA1HVU9\.antigravity-ide\Books\Books for Text_TR-20260529T163910Z-3-001.zip -> Books for Text_TR/Propaganda ve İkna/Sosyal Medya/Dijital-Yerliler-Z-Kuşağı-ve-Sosyal-Medya-Pazarlaması.pdf,Books for Text_TR/Propaganda ve İkna/Sosyal Medya,0.37
Dijital-Kultur-ve-Fragmanları.pdf,PDF,ZIP Arşivi İçinde (Books for Text_TR-20260529T163910Z-3-001.zip),C:\Users\default.LAPTOP-OBA1HVU9\.antigravity-ide\Books\Books for Text_TR-20260529T163910Z-3-001.zip -> Books for Text_TR/Propaganda ve İkna/Sosyal Medya/Dijital-Kultur-ve-Fragmanları.pdf,Books for Text_TR/Propaganda ve İkna/Sosyal Medya,0.14
50-Soruda-FT-2023.pdf,PDF,ZIP Arşivi İçinde (Books for Text_TR-20260529T163910Z-3-001.zip),C:\Users\default.LAPTOP-OBA1HVU9\.antigravity-ide\Books\Books for Text_TR-20260529T163910Z-3-001.zip -> Books for Text_TR/Hzm-Aleyhte/FT/50-Soruda-FT-2023.pdf,Books for Text_TR/Hzm-Aleyhte/FT,26.36
Masonluk Tarihimizde 1965 Olaylari-RSanver.pdf,PDF,ZIP Arşivi İçinde (Books for Text_TR-20260529T163910Z-3-001.zip),C:\Users\default.LAPTOP-OBA1HVU9\.antigravity-ide\Books\Books for Text_TR-20260529T163910Z-3-001.zip -> Books for Text_TR/Duvar_TR/M-RSanver/Masonluk Tarihimizde 1965 Olaylari-RSanver.pdf,Books for Text_TR/Duvar_TR/M-RSanver,3.21
Bilgi-Ekonomisi-Sosyal-Medya-Analiz.pdf,PDF,ZIP Arşivi İçinde (Books for Text_TR-20260529T163910Z-3-001.zip),C:\Users\default.LAPTOP-OBA1HVU9\.antigravity-ide\Books\Books for Text_TR-20260529T163910Z-3-001.zip -> Books for Text_TR/Propaganda ve İkna/Sosyal Medya/Bilgi-Ekonomisi-Sosyal-Medya-Analiz.pdf,Books for Text_TR/Propaganda ve İkna/Sosyal Medya,2.26
Levent Gultekin-Yaklaşan-Kasırga.pdf,PDF,ZIP Arşivi İçinde (Books for Text_TR-20260529T163910Z-3-001.zip),C:\Users\default.LAPTOP-OBA1HVU9\.antigravity-ide\Books\Books for Text_TR-20260529T163910Z-3-001.zip -> Books for Text_TR/Yazarlar-Tr/Levent Gultekin-Yaklaşan-Kasırga.pdf,Books for Text_TR/Yazarlar-Tr,10.61
Hannah Arendt-Antisemitizm.pdf,PDF,ZIP Arşivi İçinde (Books for Text_TR-20260529T163910Z-3-001.zip),C:\Users\default.LAPTOP-OBA1HVU9\.antigravity-ide\Books\Books for Text_TR-20260529T163910Z-3-001.zip -> Books for Text_TR/Zulum ve Adalet/Hannah Arendt/Hannah Arendt-Antisemitizm.pdf,Books for Text_TR/Zulum ve Adalet/Hannah Arendt,2.09
Hannah Arendt-Şiddet-Üzerine.pdf,PDF,ZIP Arşivi İçinde (Books for Text_TR-20260529T163910Z-3-001.zip),C:\Users\default.LAPTOP-OBA1HVU9\.antigravity-ide\Books\Books for Text_TR-20260529T163910Z-3-001.zip -> Books for Text_TR/Zulum ve Adalet/Hannah Arendt/Hannah Arendt-Şiddet-Üzerine.pdf,Books for Text_TR/Zulum ve Adalet/Hannah Arendt,4.35
Hannah Arendt Düşüncesinde İnsanlığa Karşı Suçlar.pdf,PDF,ZIP Arşivi İçinde (Books for Text_TR-20260529T163910Z-3-001.zip),C:\Users\default.LAPTOP-OBA1HVU9\.antigravity-ide\Books\Books for Text_TR-20260529T163910Z-3-001.zip -> Books for Text_TR/Zulum ve Adalet/Hannah Arendt/Hannah Arendt Düşüncesinde İnsanlığa Karşı Suçlar.pdf,Books for Text_TR/Zulum ve Adalet/Hannah Arendt,2.27
Instegramda Strateji Olusturma.pdf,PDF,ZIP Arşivi İçinde (Books for Text_TR-20260529T163910Z-3-001.zip),C:\Users\default.LAPTOP-OBA1HVU9\.antigravity-ide\Books\Books for Text_TR-20260529T163910Z-3-001.zip -> Books for Text_TR/Propaganda ve İkna/Sosyal Medya/Instegramda Strateji Olusturma.pdf,Books for Text_TR/Propaganda ve İkna/Sosyal Medya,1.48
Yahudilik-Fuat Aydın.pdf,PDF,ZIP Arşivi İçinde (Books for Text_TR-20260529T163910Z-3-001.zip),C:\Users\default.LAPTOP-OBA1HVU9\.antigravity-ide\Books\Books for Text_TR-20260529T163910Z-3-001.zip -> Books for Text_TR/Yhd/Yahudilik-Fuat Aydın.pdf,Books for Text_TR/Yhd,79.71
Sosyal-Medya-ve-Gerceklik.pdf,PDF,ZIP Arşivi İçinde (Books for Text_TR-20260529T163910Z-3-001.zip),C:\Users\default.LAPTOP-OBA1HVU9\.antigravity-ide\Books\Books for Text_TR-20260529T163910Z-3-001.zip -> Books for Text_TR/Propaganda ve İkna/Sosyal Medya/Sosyal-Medya-ve-Gerceklik.pdf,Books for Text_TR/Propaganda ve İkna/Sosyal Medya,3.03
Sosyal-Medya-Aracları.pdf,PDF,ZIP Arşivi İçinde (Books for Text_TR-20260529T163910Z-3-001.zip),C:\Users\default.LAPTOP-OBA1HVU9\.antigravity-ide\Books\Books for Text_TR-20260529T163910Z-3-001.zip -> Books for Text_TR/Propaganda ve İkna/Sosyal Medya/Sosyal-Medya-Aracları.pdf,Books for Text_TR/Propaganda ve İkna/Sosyal Medya,2.86
Sosyal-Medya-Eleştirel-Bir-Giriş-Christian-Fuchs.pdf,PDF,ZIP Arşivi İçinde (Books for Text_TR-20260529T163910Z-3-001.zip),C:\Users\default.LAPTOP-OBA1HVU9\.antigravity-ide\Books\Books for Text_TR-20260529T163910Z-3-001.zip -> Books for Text_TR/Propaganda ve İkna/Sosyal Medya/Sosyal-Medya-Eleştirel-Bir-Giriş-Christian-Fuchs.pdf,Books for Text_TR/Propaganda ve İkna/Sosyal Medya,14.4
Hürol-Mason-Tarikati-ve-Emperyalizm-I-Eski-uye-pdf.pdf,PDF,ZIP Arşivi İçinde (Books for Text_TR-20260529T163910Z-3-001.zip),C:\Users\default.LAPTOP-OBA1HVU9\.antigravity-ide\Books\Books for Text_TR-20260529T163910Z-3-001.zip -> Books for Text_TR/Duvar_TR/M-HTaşdelen/Hürol-Mason-Tarikati-ve-Emperyalizm-I-Eski-uye-pdf.pdf,Books for Text_TR/Duvar_TR/M-HTaşdelen,6.22
Hannah Arendt-Gecmisle-Gelecek-Arasinda.pdf,PDF,ZIP Arşivi İçinde (Books for Text_TR-20260529T163910Z-3-001.zip),C:\Users\default.LAPTOP-OBA1HVU9\.antigravity-ide\Books\Books for Text_TR-20260529T163910Z-3-001.zip -> Books for Text_TR/Zulum ve Adalet/Hannah Arendt/Hannah Arendt-Gecmisle-Gelecek-Arasinda.pdf,Books for Text_TR/Zulum ve Adalet/Hannah Arendt,2.8
Türkiyenin Büyük Masonları (Süleyman Yeşilyurt) (z-lib.org).pdf,PDF,ZIP Arşivi İçinde (Books for Text_TR-20260529T163910Z-3-001.zip),C:\Users\default.LAPTOP-OBA1HVU9\.antigravity-ide\Books\Books for Text_TR-20260529T163910Z-3-001.zip -> Books for Text_TR/Duvar_TR/M-SYeşilyurt/Türkiyenin Büyük Masonları (Süleyman Yeşilyurt) (z-lib.org).pdf,Books for Text_TR/Duvar_TR/M-SYeşilyurt,17.99
Hannah Arendt-Kotuluğun-Sıradanlığı.pdf,PDF,ZIP Arşivi İçinde (Books for Text_TR-20260529T163910Z-3-001.zip),C:\Users\default.LAPTOP-OBA1HVU9\.antigravity-ide\Books\Books for Text_TR-20260529T163910Z-3-001.zip -> Books for Text_TR/Zulum ve Adalet/Hannah Arendt/Hannah Arendt-Kotuluğun-Sıradanlığı.pdf,Books for Text_TR/Zulum ve Adalet/Hannah Arendt,1.66
SOSYAL-MEDYA-UZMANLIK-PROGRAMI-pptx (1).pdf,PDF,ZIP Arşivi İçinde (Books for Text_TR-20260529T163910Z-3-001.zip),C:\Users\default.LAPTOP-OBA1HVU9\.antigravity-ide\Books\Books for Text_TR-20260529T163910Z-3-001.zip -> Books for Text_TR/Propaganda ve İkna/Sosyal Medya/SOSYAL-MEDYA-UZMANLIK-PROGRAMI-pptx (1).pdf,Books for Text_TR/Propaganda ve İkna/Sosyal Medya,4.84
Hannah Arendt-Totalitarizm.pdf,PDF,ZIP Arşivi İçinde (Books for Text_TR-20260529T163910Z-3-001.zip),C:\Users\default.LAPTOP-OBA1HVU9\.antigravity-ide\Books\Books for Text_TR-20260529T163910Z-3-001.zip -> Books for Text_TR/Zulum ve Adalet/Hannah Arendt/Hannah Arendt-Totalitarizm.pdf,Books for Text_TR/Zulum ve Adalet/Hannah Arendt,5.92
Omer_Seyfettin_ve_Masonluk.pdf,PDF,ZIP Arşivi İçinde (Books for Text_TR-20260529T163910Z-3-001.zip),C:\Users\default.LAPTOP-OBA1HVU9\.antigravity-ide\Books\Books for Text_TR-20260529T163910Z-3-001.zip -> Books for Text_TR/Duvar_TR/Msn_TR/Omer_Seyfettin_ve_Masonluk.pdf,Books for Text_TR/Duvar_TR/Msn_TR,0.43
Masonlar-Dinleyiniz-Mahmut-Esat-Bozkurt.pdf,PDF,ZIP Arşivi İçinde (Books for Text_TR-20260529T163910Z-3-001.zip),C:\Users\default.LAPTOP-OBA1HVU9\.antigravity-ide\Books\Books for Text_TR-20260529T163910Z-3-001.zip -> Books for Text_TR/Duvar_TR/Msn_TR/Masonlar-Dinleyiniz-Mahmut-Esat-Bozkurt.pdf,Books for Text_TR/Duvar_TR/Msn_TR,1.43
isigi-arayanlarin-hikayesi.pdf,PDF,ZIP Arşivi İçinde (Books for Text_TR-20260529T163910Z-3-001.zip),C:\Users\default.LAPTOP-OBA1HVU9\.antigravity-ide\Books\Books for Text_TR-20260529T163910Z-3-001.zip -> Books for Text_TR/Duvar_TR/Msn_TR/isigi-arayanlarin-hikayesi.pdf,Books for Text_TR/Duvar_TR/Msn_TR,1.89
Aydinlanmanin-Masonluk-Vektoru.pdf,PDF,ZIP Arşivi İçinde (Books for Text_TR-20260529T163910Z-3-001.zip),C:\Users\default.LAPTOP-OBA1HVU9\.antigravity-ide\Books\Books for Text_TR-20260529T163910Z-3-001.zip -> Books for Text_TR/Duvar_TR/Msn_TR/Aydinlanmanin-Masonluk-Vektoru.pdf,Books for Text_TR/Duvar_TR/Msn_TR,8.35
MASONLUK TARIHIMIZDE 1970LI YILLAR.pdf,PDF,ZIP Arşivi İçinde (Books for Text_TR-20260529T163910Z-3-001.zip),C:\Users\default.LAPTOP-OBA1HVU9\.antigravity-ide\Books\Books for Text_TR-20260529T163910Z-3-001.zip -> Books for Text_TR/Duvar_TR/Msn_TR/MASONLUK TARIHIMIZDE 1970LI YILLAR.pdf,Books for Text_TR/Duvar_TR/Msn_TR,2.39
Tahran Yunus Emre Enstitüsü.pdf,PDF,ZIP Arşivi İçinde (Books for Text_TR-20260529T163910Z-3-001.zip),C:\Users\default.LAPTOP-OBA1HVU9\.antigravity-ide\Books\Books for Text_TR-20260529T163910Z-3-001.zip -> Books for Text_TR/ODogu/İran/Tahran Yunus Emre Enstitüsü.pdf,Books for Text_TR/ODogu/İran,12.02
masontarikatiemperyalizm_kokendinogretiorgutkadinyayilis.pdf,PDF,ZIP Arşivi İçinde (Books for Text_TR-20260529T163910Z-3-001.zip),C:\Users\default.LAPTOP-OBA1HVU9\.antigravity-ide\Books\Books for Text_TR-20260529T163910Z-3-001.zip -> Books for Text_TR/Duvar_TR/M-HTaşdelen/masontarikatiemperyalizm_kokendinogretiorgutkadinyayilis.pdf,Books for Text_TR/Duvar_TR/M-HTaşdelen,10.54
muntazam masonluk ve inanc.pdf,PDF,ZIP Arşivi İçinde (Books for Text_TR-20260529T163910Z-3-001.zip),C:\Users\default.LAPTOP-OBA1HVU9\.antigravity-ide\Books\Books for Text_TR-20260529T163910Z-3-001.zip -> Books for Text_TR/Duvar_TR/Msn_TR/muntazam masonluk ve inanc.pdf,Books for Text_TR/Duvar_TR/Msn_TR,0.37
metodoloji-3-_1_.pdf,PDF,ZIP Arşivi İçinde (Books for Text_TR-20260529T163910Z-3-001.zip),C:\Users\default.LAPTOP-OBA1HVU9\.antigravity-ide\Books\Books for Text_TR-20260529T163910Z-3-001.zip -> Books for Text_TR/Duvar_TR/Msn_TR/metodoloji-3-_1_.pdf,Books for Text_TR/Duvar_TR/Msn_TR,0.53
Sosyal-Medya Egitimi.pdf,PDF,ZIP Arşivi İçinde (Books for Text_TR-20260529T163910Z-3-001.zip),C:\Users\default.LAPTOP-OBA1HVU9\.antigravity-ide\Books\Books for Text_TR-20260529T163910Z-3-001.zip -> Books for Text_TR/Propaganda ve İkna/Sosyal Medya/Sosyal-Medya Egitimi.pdf,Books for Text_TR/Propaganda ve İkna/Sosyal Medya,13.48
Mason Dergileri-HTaşdelen.pdf,PDF,ZIP Arşivi İçinde (Books for Text_TR-20260529T163910Z-3-001.zip),C:\Users\default.LAPTOP-OBA1HVU9\.antigravity-ide\Books\Books for Text_TR-20260529T163910Z-3-001.zip -> Books for Text_TR/Duvar_TR/M-HTaşdelen/Mason Dergileri-HTaşdelen.pdf,Books for Text_TR/Duvar_TR/M-HTaşdelen,31.64
Siyonistler-Ve-Masonlar-Mim-Kemal-Oke.pdf,PDF,ZIP Arşivi İçinde (Books for Text_TR-20260529T163910Z-3-001.zip),C:\Users\default.LAPTOP-OBA1HVU9\.antigravity-ide\Books\Books for Text_TR-20260529T163910Z-3-001.zip -> Books for Text_TR/Duvar_TR/Msn_TR/Siyonistler-Ve-Masonlar-Mim-Kemal-Oke.pdf,Books for Text_TR/Duvar_TR/Msn_TR,15.55
Halil-İnalcık-Turkluk-Muslumanlık-ve-Osmanlı-Mirası.pdf,PDF,ZIP Arşivi İçinde (Books for Text_TR-20260529T163910Z-3-001.zip),C:\Users\default.LAPTOP-OBA1HVU9\.antigravity-ide\Books\Books for Text_TR-20260529T163910Z-3-001.zip -> Books for Text_TR/Tarih/Halil İnalcık/Halil-İnalcık-Turkluk-Muslumanlık-ve-Osmanlı-Mirası.pdf,Books for Text_TR/Tarih/Halil İnalcık,2.68
Halil-İnalcık-Osmanlı-Tarihinde-Efsaneler-Ve-Gercekler.pdf,PDF,ZIP Arşivi İçinde (Books for Text_TR-20260529T163910Z-3-001.zip),C:\Users\default.LAPTOP-OBA1HVU9\.antigravity-ide\Books\Books for Text_TR-20260529T163910Z-3-001.zip -> Books for Text_TR/Tarih/Halil İnalcık/Halil-İnalcık-Osmanlı-Tarihinde-Efsaneler-Ve-Gercekler.pdf,Books for Text_TR/Tarih/Halil İnalcık,12.81
Taxil-Ve-Masonlar.pdf,PDF,ZIP Arşivi İçinde (Books for Text_TR-20260529T163910Z-3-001.zip),C:\Users\default.LAPTOP-OBA1HVU9\.antigravity-ide\Books\Books for Text_TR-20260529T163910Z-3-001.zip -> Books for Text_TR/Duvar_TR/Msn_TR/Taxil-Ve-Masonlar.pdf,Books for Text_TR/Duvar_TR/Msn_TR,3.02
Ms-Msn Hukuku-2009-MS Dergisi.pdf,PDF,ZIP Arşivi İçinde (Books for Text_TR-20260529T163910Z-3-001.zip),C:\Users\default.LAPTOP-OBA1HVU9\.antigravity-ide\Books\Books for Text_TR-20260529T163910Z-3-001.zip -> Books for Text_TR/Duvar_TR/Msn-Muhtelif/Ms-Msn Hukuku-2009-MS Dergisi.pdf,Books for Text_TR/Duvar_TR/Msn-Muhtelif,0.26
Ms-Ünite modeli-1980-MS Dergisi.pdf,PDF,ZIP Arşivi İçinde (Books for Text_TR-20260529T163910Z-3-001.zip),C:\Users\default.LAPTOP-OBA1HVU9\.antigravity-ide\Books\Books for Text_TR-20260529T163910Z-3-001.zip -> Books for Text_TR/Duvar_TR/Msn-Muhtelif/Ms-Ünite modeli-1980-MS Dergisi.pdf,Books for Text_TR/Duvar_TR/Msn-Muhtelif,0.66
Masonlarn-Dünyası-Sabahattn Arıç.pdf,PDF,ZIP Arşivi İçinde (Books for Text_TR-20260529T163910Z-3-001.zip),C:\Users\default.LAPTOP-OBA1HVU9\.antigravity-ide\Books\Books for Text_TR-20260529T163910Z-3-001.zip -> Books for Text_TR/Duvar_TR/Msn_TR/Masonlarn-Dünyası-Sabahattn Arıç.pdf,Books for Text_TR/Duvar_TR/Msn_TR,3.24
Ms-Shriners-1983-MS Dergisi.pdf,PDF,ZIP Arşivi İçinde (Books for Text_TR-20260529T163910Z-3-001.zip),C:\Users\default.LAPTOP-OBA1HVU9\.antigravity-ide\Books\Books for Text_TR-20260529T163910Z-3-001.zip -> Books for Text_TR/Duvar_TR/Msn-Muhtelif/Ms-Shriners-1983-MS Dergisi.pdf,Books for Text_TR/Duvar_TR/Msn-Muhtelif,0.14
Ms-Truman-Tesviye-2003.pdf,PDF,ZIP Arşivi İçinde (Books for Text_TR-20260529T163910Z-3-001.zip),C:\Users\default.LAPTOP-OBA1HVU9\.antigravity-ide\Books\Books for Text_TR-20260529T163910Z-3-001.zip -> Books for Text_TR/Duvar_TR/Msn-Muhtelif/Ms-Truman-Tesviye-2003.pdf,Books for Text_TR/Duvar_TR/Msn-Muhtelif,1.54
Cumhuriyeti-Kuran-Mason-Kadrolar-PDFDrive.pdf,PDF,ZIP Arşivi İçinde (Books for Text_TR-20260529T163910Z-3-001.zip),C:\Users\default.LAPTOP-OBA1HVU9\.antigravity-ide\Books\Books for Text_TR-20260529T163910Z-3-001.zip -> Books for Text_TR/Duvar_TR/Msn_TR/Cumhuriyeti-Kuran-Mason-Kadrolar-PDFDrive.pdf,Books for Text_TR/Duvar_TR/Msn_TR,3.58
Ms-Nur L-1986-MS Dergsi.pdf,PDF,ZIP Arşivi İçinde (Books for Text_TR-20260529T163910Z-3-001.zip),C:\Users\default.LAPTOP-OBA1HVU9\.antigravity-ide\Books\Books for Text_TR-20260529T163910Z-3-001.zip -> Books for Text_TR/Duvar_TR/Msn-Muhtelif/Ms-Nur L-1986-MS Dergsi.pdf,Books for Text_TR/Duvar_TR/Msn-Muhtelif,0.18
Ms-Abd_nin kurulluşunda Msn_ların Etkisi-2000-MS Dergisi.pdf,PDF,ZIP Arşivi İçinde (Books for Text_TR-20260529T163910Z-3-001.zip),C:\Users\default.LAPTOP-OBA1HVU9\.antigravity-ide\Books\Books for Text_TR-20260529T163910Z-3-001.zip -> Books for Text_TR/Duvar_TR/Msn-Muhtelif/Ms-Abd_nin kurulluşunda Msn_ların Etkisi-2000-MS Dergisi.pdf,Books for Text_TR/Duvar_TR/Msn-Muhtelif,0.81
Graham-E-Fuller-Yeni-Turkiye-Cumhuriyeti.pdf,PDF,ZIP Arşivi İçinde (Books for Text_TR-20260529T163910Z-3-001.zip),C:\Users\default.LAPTOP-OBA1HVU9\.antigravity-ide\Books\Books for Text_TR-20260529T163910Z-3-001.zip -> Books for Text_TR/Yazarlar-Ybnc/G.Fuller/Graham-E-Fuller-Yeni-Turkiye-Cumhuriyeti.pdf,Books for Text_TR/Yazarlar-Ybnc/G.Fuller,7.8
Ms-Askeri Msn_luk-2002-MS Dergisi.pdf,PDF,ZIP Arşivi İçinde (Books for Text_TR-20260529T163910Z-3-001.zip),C:\Users\default.LAPTOP-OBA1HVU9\.antigravity-ide\Books\Books for Text_TR-20260529T163910Z-3-001.zip -> Books for Text_TR/Duvar_TR/Msn-Muhtelif/Ms-Askeri Msn_luk-2002-MS Dergisi.pdf,Books for Text_TR/Duvar_TR/Msn-Muhtelif,0.75
Masonların-Saklı-Tarihi-Tuncer-Tuğcu.pdf,PDF,ZIP Arşivi İçinde (Books for Text_TR-20260529T163910Z-3-001.zip),C:\Users\default.LAPTOP-OBA1HVU9\.antigravity-ide\Books\Books for Text_TR-20260529T163910Z-3-001.zip -> Books for Text_TR/Duvar_TR/Msn_TR/Masonların-Saklı-Tarihi-Tuncer-Tuğcu.pdf,Books for Text_TR/Duvar_TR/Msn_TR,0.88
Ms-Kilsenin Darbesi-1986-MS Dergisii.pdf,PDF,ZIP Arşivi İçinde (Books for Text_TR-20260529T163910Z-3-001.zip),C:\Users\default.LAPTOP-OBA1HVU9\.antigravity-ide\Books\Books for Text_TR-20260529T163910Z-3-001.zip -> Books for Text_TR/Duvar_TR/Msn-Muhtelif/Ms-Kilsenin Darbesi-1986-MS Dergisii.pdf,Books for Text_TR/Duvar_TR/Msn-Muhtelif,0.12
MASONLUK_TARIHI.pdf,PDF,ZIP Arşivi İçinde (Books for Text_TR-20260529T163910Z-3-001.zip),C:\Users\default.LAPTOP-OBA1HVU9\.antigravity-ide\Books\Books for Text_TR-20260529T163910Z-3-001.zip -> Books for Text_TR/Duvar_TR/Msn_TR/MASONLUK_TARIHI.pdf,Books for Text_TR/Duvar_TR/Msn_TR,3.75
Tapınak-Sovalyeleri-ve-No-ro-Mesih-Ramazan-Kurtoglu.pdf,PDF,ZIP Arşivi İçinde (Books for Text_TR-20260529T163910Z-3-001.zip),C:\Users\default.LAPTOP-OBA1HVU9\.antigravity-ide\Books\Books for Text_TR-20260529T163910Z-3-001.zip -> Books for Text_TR/Duvar_TR/Tpn Şövy/Tapınak-Sovalyeleri-ve-No-ro-Mesih-Ramazan-Kurtoglu.pdf,Books for Text_TR/Duvar_TR/Tpn Şövy,13.73
Halil-İnalcık-Osmanlı-Klasik-Cağ-1300-1600.pdf,PDF,ZIP Arşivi İçinde (Books for Text_TR-20260529T163910Z-3-001.zip),C:\Users\default.LAPTOP-OBA1HVU9\.antigravity-ide\Books\Books for Text_TR-20260529T163910Z-3-001.zip -> Books for Text_TR/Tarih/Halil İnalcık/Halil-İnalcık-Osmanlı-Klasik-Cağ-1300-1600.pdf,Books for Text_TR/Tarih/Halil İnalcık,18.29
Ms-Devamsızllık-1977-MS Dergisi.pdf,PDF,ZIP Arşivi İçinde (Books for Text_TR-20260529T163910Z-3-001.zip),C:\Users\default.LAPTOP-OBA1HVU9\.antigravity-ide\Books\Books for Text_TR-20260529T163910Z-3-001.zip -> Books for Text_TR/Duvar_TR/Msn-Muhtelif/Ms-Devamsızllık-1977-MS Dergisi.pdf,Books for Text_TR/Duvar_TR/Msn-Muhtelif,0.5
Halil-inalcik-Ronesans-Avrupasi.pdf,PDF,ZIP Arşivi İçinde (Books for Text_TR-20260529T163910Z-3-001.zip),C:\Users\default.LAPTOP-OBA1HVU9\.antigravity-ide\Books\Books for Text_TR-20260529T163910Z-3-001.zip -> Books for Text_TR/Tarih/Halil İnalcık/Halil-inalcik-Ronesans-Avrupasi.pdf,Books for Text_TR/Tarih/Halil İnalcık,9.8
Ms-GFord-Tören-1977-MS Dergisi.pdf,PDF,ZIP Arşivi İçinde (Books for Text_TR-20260529T163910Z-3-001.zip),C:\Users\default.LAPTOP-OBA1HVU9\.antigravity-ide\Books\Books for Text_TR-20260529T163910Z-3-001.zip -> Books for Text_TR/Duvar_TR/Msn-Muhtelif/Ms-GFord-Tören-1977-MS Dergisi.pdf,Books for Text_TR/Duvar_TR/Msn-Muhtelif,0.03
Ms-Toplantılara Katılım-1977-MS Dergisi.pdf,PDF,ZIP Arşivi İçinde (Books for Text_TR-20260529T163910Z-3-001.zip),C:\Users\default.LAPTOP-OBA1HVU9\.antigravity-ide\Books\Books for Text_TR-20260529T163910Z-3-001.zip -> Books for Text_TR/Duvar_TR/Msn-Muhtelif/Ms-Toplantılara Katılım-1977-MS Dergisi.pdf,Books for Text_TR/Duvar_TR/Msn-Muhtelif,0.03
Ms-Abd_de Msn luk-1978-MS Dergisi.pdf,PDF,ZIP Arşivi İçinde (Books for Text_TR-20260529T163910Z-3-001.zip),C:\Users\default.LAPTOP-OBA1HVU9\.antigravity-ide\Books\Books for Text_TR-20260529T163910Z-3-001.zip -> Books for Text_TR/Duvar_TR/Msn-Muhtelif/Ms-Abd_de Msn luk-1978-MS Dergisi.pdf,Books for Text_TR/Duvar_TR/Msn-Muhtelif,0.61
Eski Türk Masonlarının Uygulamaları Simya Sırlarının Anahtarı (Baron Rudolf von Sebottendorf) (z-lib.org).pdf,PDF,ZIP Arşivi İçinde (Books for Text_TR-20260529T163910Z-3-001.zip),C:\Users\default.LAPTOP-OBA1HVU9\.antigravity-ide\Books\Books for Text_TR-20260529T163910Z-3-001.zip -> Books for Text_TR/Duvar_TR/Msn_TR/Eski Türk Masonlarının Uygulamaları Simya Sırlarının Anahtarı (Baron Rudolf von Sebottendorf) (z-lib.org).pdf,Books for Text_TR/Duvar_TR/Msn_TR,4.04
Halil-Inalcik-Devlet-i-Aliyye-2.pdf,PDF,ZIP Arşivi İçinde (Books for Text_TR-20260529T163910Z-3-001.zip),C:\Users\default.LAPTOP-OBA1HVU9\.antigravity-ide\Books\Books for Text_TR-20260529T163910Z-3-001.zip -> Books for Text_TR/Tarih/Halil İnalcık/Halil-Inalcik-Devlet-i-Aliyye-2.pdf,Books for Text_TR/Tarih/Halil İnalcık,5.01
Yahudilik Masonluk Dönmelik-Necip Fazıl Kısakürek.pdf,PDF,ZIP Arşivi İçinde (Books for Text_TR-20260529T163910Z-3-001.zip),C:\Users\default.LAPTOP-OBA1HVU9\.antigravity-ide\Books\Books for Text_TR-20260529T163910Z-3-001.zip -> Books for Text_TR/Duvar_TR/Msn_TR/Yahudilik Masonluk Dönmelik-Necip Fazıl Kısakürek.pdf,Books for Text_TR/Duvar_TR/Msn_TR,6.89
Roger-Garaudy-Siyasi-siyonizm.pdf,PDF,ZIP Arşivi İçinde (Books for Text_TR-20260529T163910Z-3-001.zip),C:\Users\default.LAPTOP-OBA1HVU9\.antigravity-ide\Books\Books for Text_TR-20260529T163910Z-3-001.zip -> Books for Text_TR/Yhd/Sion/Roger-Garaudy-Siyasi-siyonizm.pdf,Books for Text_TR/Yhd/Sion,0.15
Siyonizmin-Sekuler-Ve-Dini-Temelleri.pdf,PDF,ZIP Arşivi İçinde (Books for Text_TR-20260529T163910Z-3-001.zip),C:\Users\default.LAPTOP-OBA1HVU9\.antigravity-ide\Books\Books for Text_TR-20260529T163910Z-3-001.zip -> Books for Text_TR/Yhd/Sion/Siyonizmin-Sekuler-Ve-Dini-Temelleri.pdf,Books for Text_TR/Yhd/Sion,0.35
Populer-Masonlar-Suleyman-Yesilyurt.pdf,PDF,ZIP Arşivi İçinde (Books for Text_TR-20260529T163910Z-3-001.zip),C:\Users\default.LAPTOP-OBA1HVU9\.antigravity-ide\Books\Books for Text_TR-20260529T163910Z-3-001.zip -> Books for Text_TR/Duvar_TR/Msn_TR/Populer-Masonlar-Suleyman-Yesilyurt.pdf,Books for Text_TR/Duvar_TR/Msn_TR,9.48
Mason bektasiler.pdf,PDF,ZIP Arşivi İçinde (Books for Text_TR-20260529T163910Z-3-001.zip),C:\Users\default.LAPTOP-OBA1HVU9\.antigravity-ide\Books\Books for Text_TR-20260529T163910Z-3-001.zip -> Books for Text_TR/Duvar_TR/Msn_TR/Mason bektasiler.pdf,Books for Text_TR/Duvar_TR/Msn_TR,2.56
İlhami Soysal - Masonluk ve Masonlar.pdf,PDF,ZIP Arşivi İçinde (Books for Text_TR-20260529T163910Z-3-001.zip),C:\Users\default.LAPTOP-OBA1HVU9\.antigravity-ide\Books\Books for Text_TR-20260529T163910Z-3-001.zip -> Books for Text_TR/Duvar_TR/Msn_TR/İlhami Soysal - Masonluk ve Masonlar.pdf,Books for Text_TR/Duvar_TR/Msn_TR,24.64
Secret Ritual of the Thirty-third and Last Degree (Freemasonry) (z-lib.org) (1).pdf,PDF,ZIP Arşivi İçinde (Books for Text_TR-20260529T163910Z-3-001.zip),C:\Users\default.LAPTOP-OBA1HVU9\.antigravity-ide\Books\Books for Text_TR-20260529T163910Z-3-001.zip -> Books for Text_TR/Duvar_TR/Msn-English/Secret Ritual of the Thirty-third and Last Degree (Freemasonry) (z-lib.org) (1).pdf,Books for Text_TR/Duvar_TR/Msn-English,1.44
Yeni_Dini_Hareketler_Kapsaminda_Siyonizm.pdf,PDF,ZIP Arşivi İçinde (Books for Text_TR-20260529T163910Z-3-001.zip),C:\Users\default.LAPTOP-OBA1HVU9\.antigravity-ide\Books\Books for Text_TR-20260529T163910Z-3-001.zip -> Books for Text_TR/Yhd/Sbty ve Yhd/Yeni_Dini_Hareketler_Kapsaminda_Siyonizm.pdf,Books for Text_TR/Yhd/Sbty ve Yhd,0.37
Sahte-Mesih-Erhan-Afyoncu.pdf,PDF,ZIP Arşivi İçinde (Books for Text_TR-20260529T163910Z-3-001.zip),C:\Users\default.LAPTOP-OBA1HVU9\.antigravity-ide\Books\Books for Text_TR-20260529T163910Z-3-001.zip -> Books for Text_TR/Yhd/Sbty ve Yhd/Sahte-Mesih-Erhan-Afyoncu.pdf,Books for Text_TR/Yhd/Sbty ve Yhd,5.76
Sabetay-Sevi-Ve-Sabetaycıların-Gelenekleri-Abraham-Galante.pdf,PDF,ZIP Arşivi İçinde (Books for Text_TR-20260529T163910Z-3-001.zip),C:\Users\default.LAPTOP-OBA1HVU9\.antigravity-ide\Books\Books for Text_TR-20260529T163910Z-3-001.zip -> Books for Text_TR/Yhd/Sbty ve Yhd/Sabetay-Sevi-Ve-Sabetaycıların-Gelenekleri-Abraham-Galante.pdf,Books for Text_TR/Yhd/Sbty ve Yhd,2.07
Siyonizmin Gizli Tarihi (Ralph Schoenman) (z-lib.org).pdf,PDF,ZIP Arşivi İçinde (Books for Text_TR-20260529T163910Z-3-001.zip),C:\Users\default.LAPTOP-OBA1HVU9\.antigravity-ide\Books\Books for Text_TR-20260529T163910Z-3-001.zip -> Books for Text_TR/Yhd/Sion/Siyonizmin Gizli Tarihi (Ralph Schoenman) (z-lib.org).pdf,Books for Text_TR/Yhd/Sion,4.63
Roger-Garaudy-Siyonizm-Dosyası.pdf,PDF,ZIP Arşivi İçinde (Books for Text_TR-20260529T163910Z-3-001.zip),C:\Users\default.LAPTOP-OBA1HVU9\.antigravity-ide\Books\Books for Text_TR-20260529T163910Z-3-001.zip -> Books for Text_TR/Yhd/Sion/Roger-Garaudy-Siyonizm-Dosyası.pdf,Books for Text_TR/Yhd/Sion,7.91
Turkler ve Yahudiler-a.Galanti-int.pdf,PDF,ZIP Arşivi İçinde (Books for Text_TR-20260529T163910Z-3-001.zip),C:\Users\default.LAPTOP-OBA1HVU9\.antigravity-ide\Books\Books for Text_TR-20260529T163910Z-3-001.zip -> Books for Text_TR/Yhd/Sbty ve Yhd/Turkler ve Yahudiler-a.Galanti-int.pdf,Books for Text_TR/Yhd/Sbty ve Yhd,7.94
Yahudilik-Ve-Masonluk-Tr.pdf,PDF,ZIP Arşivi İçinde (Books for Text_TR-20260529T163910Z-3-001.zip),C:\Users\default.LAPTOP-OBA1HVU9\.antigravity-ide\Books\Books for Text_TR-20260529T163910Z-3-001.zip -> Books for Text_TR/Yhd/Sbty ve Yhd/Yahudilik-Ve-Masonluk-Tr.pdf,Books for Text_TR/Yhd/Sbty ve Yhd,0.51
Turkiyede-Donme-Yahudi-Gercegi-Huda-Dervis-Chev.pdf,PDF,ZIP Arşivi İçinde (Books for Text_TR-20260529T163910Z-3-001.zip),C:\Users\default.LAPTOP-OBA1HVU9\.antigravity-ide\Books\Books for Text_TR-20260529T163910Z-3-001.zip -> Books for Text_TR/Yhd/Sbty ve Yhd/Turkiyede-Donme-Yahudi-Gercegi-Huda-Dervis-Chev.pdf,Books for Text_TR/Yhd/Sbty ve Yhd,1.86
Yakın-Tarihimizde-Donmelik-Ve-Donmeler-M-Ertuǧrul-Duzdaǧ.pdf,PDF,ZIP Arşivi İçinde (Books for Text_TR-20260529T163910Z-3-001.zip),C:\Users\default.LAPTOP-OBA1HVU9\.antigravity-ide\Books\Books for Text_TR-20260529T163910Z-3-001.zip -> Books for Text_TR/Yhd/Sbty ve Yhd/Yakın-Tarihimizde-Donmelik-Ve-Donmeler-M-Ertuǧrul-Duzdaǧ.pdf,Books for Text_TR/Yhd/Sbty ve Yhd,1.4
Reşad-Abdullah-Din-Devleti-İsr.pdf,PDF,ZIP Arşivi İçinde (Books for Text_TR-20260529T163910Z-3-001.zip),C:\Users\default.LAPTOP-OBA1HVU9\.antigravity-ide\Books\Books for Text_TR-20260529T163910Z-3-001.zip -> Books for Text_TR/Yhd/Sion/Reşad-Abdullah-Din-Devleti-İsr.pdf,Books for Text_TR/Yhd/Sion,3.46
Donmeler-pdf.pdf,PDF,ZIP Arşivi İçinde (Books for Text_TR-20260529T163910Z-3-001.zip),C:\Users\default.LAPTOP-OBA1HVU9\.antigravity-ide\Books\Books for Text_TR-20260529T163910Z-3-001.zip -> Books for Text_TR/Yhd/Sbty ve Yhd/Donmeler-pdf.pdf,Books for Text_TR/Yhd/Sbty ve Yhd,1.57
Masonlukta-Gizli-Hayat-pdf.pdf,PDF,ZIP Arşivi İçinde (Books for Text_TR-20260529T163910Z-3-001.zip),C:\Users\default.LAPTOP-OBA1HVU9\.antigravity-ide\Books\Books for Text_TR-20260529T163910Z-3-001.zip -> Books for Text_TR/Duvar_TR/Msn-Genel/Masonlukta-Gizli-Hayat-pdf.pdf,Books for Text_TR/Duvar_TR/Msn-Genel,2.17
21-Yuzyıl-Medya Okur Yazarlığı.pdf,PDF,ZIP Arşivi İçinde (Books for Text_TR-20260529T163910Z-3-001.zip),C:\Users\default.LAPTOP-OBA1HVU9\.antigravity-ide\Books\Books for Text_TR-20260529T163910Z-3-001.zip -> Books for Text_TR/Propaganda ve İkna/Medya/21-Yuzyıl-Medya Okur Yazarlığı.pdf,Books for Text_TR/Propaganda ve İkna/Medya,1.74
Yahudilik ve Masonluk (Harun Yahya) (z-lib.org).pdf,PDF,ZIP Arşivi İçinde (Books for Text_TR-20260529T163910Z-3-001.zip),C:\Users\default.LAPTOP-OBA1HVU9\.antigravity-ide\Books\Books for Text_TR-20260529T163910Z-3-001.zip -> Books for Text_TR/Duvar_TR/Msn-HYahya/Yahudilik ve Masonluk (Harun Yahya) (z-lib.org).pdf,Books for Text_TR/Duvar_TR/Msn-HYahya,0.56
Tanju-Koray-Ezoterizm-ve-Masonluk-Geometri.pdf,PDF,ZIP Arşivi İçinde (Books for Text_TR-20260529T163910Z-3-001.zip),C:\Users\default.LAPTOP-OBA1HVU9\.antigravity-ide\Books\Books for Text_TR-20260529T163910Z-3-001.zip -> Books for Text_TR/Duvar_TR/Msn-Lc/Tanju-Koray-Ezoterizm-ve-Masonluk-Geometri.pdf,Books for Text_TR/Duvar_TR/Msn-Lc,0.2
Tanju-Koray-Masonik-Protokol-Geometri.pdf,PDF,ZIP Arşivi İçinde (Books for Text_TR-20260529T163910Z-3-001.zip),C:\Users\default.LAPTOP-OBA1HVU9\.antigravity-ide\Books\Books for Text_TR-20260529T163910Z-3-001.zip -> Books for Text_TR/Duvar_TR/Msn-Lc/Tanju-Koray-Masonik-Protokol-Geometri.pdf,Books for Text_TR/Duvar_TR/Msn-Lc,0.22
Tanju-Koray-Emulation-Modern-d1.pdf,PDF,ZIP Arşivi İçinde (Books for Text_TR-20260529T163910Z-3-001.zip),C:\Users\default.LAPTOP-OBA1HVU9\.antigravity-ide\Books\Books for Text_TR-20260529T163910Z-3-001.zip -> Books for Text_TR/Duvar_TR/Msn-Lc/Tanju-Koray-Emulation-Modern-d1.pdf,Books for Text_TR/Duvar_TR/Msn-Lc,0.8
Merdan-Yanardağ-Bir-ABD-Projesi-Olarak-AKP.pdf,PDF,ZIP Arşivi İçinde (Books for Text_TR-20260529T163910Z-3-001.zip),C:\Users\default.LAPTOP-OBA1HVU9\.antigravity-ide\Books\Books for Text_TR-20260529T163910Z-3-001.zip -> Books for Text_TR/RTE/Merdan-Yanardağ-Bir-ABD-Projesi-Olarak-AKP.pdf,Books for Text_TR/RTE,1.11
100 AKP Gerçeği (Anonim) (z-lib.org).pdf,PDF,ZIP Arşivi İçinde (Books for Text_TR-20260529T163910Z-3-001.zip),C:\Users\default.LAPTOP-OBA1HVU9\.antigravity-ide\Books\Books for Text_TR-20260529T163910Z-3-001.zip -> Books for Text_TR/RTE/100 AKP Gerçeği (Anonim) (z-lib.org).pdf,Books for Text_TR/RTE,0.15
A-dan-Z-ye-RECEPLAROUSSE.pdf,PDF,ZIP Arşivi İçinde (Books for Text_TR-20260529T163910Z-3-001.zip),C:\Users\default.LAPTOP-OBA1HVU9\.antigravity-ide\Books\Books for Text_TR-20260529T163910Z-3-001.zip -> Books for Text_TR/RTE/A-dan-Z-ye-RECEPLAROUSSE.pdf,Books for Text_TR/RTE,1.76
"AKPnin Önlenebilir Karşı-Devrimi (Timur, Taner) (z-lib.org).epub",EPUB,ZIP Arşivi İçinde (Books for Text_TR-20260529T163910Z-3-001.zip),"C:\Users\default.LAPTOP-OBA1HVU9\.antigravity-ide\Books\Books for Text_TR-20260529T163910Z-3-001.zip -> Books for Text_TR/RTE/AKPnin Önlenebilir Karşı-Devrimi (Timur, Taner) (z-lib.org).epub",Books for Text_TR/RTE,0.6
Psikolojik Manipülasyon.docx,DOCX,ZIP Arşivi İçinde (Books for Text_TR-20260529T163910Z-3-001.zip),C:\Users\default.LAPTOP-OBA1HVU9\.antigravity-ide\Books\Books for Text_TR-20260529T163910Z-3-001.zip -> Books for Text_TR/Propaganda ve İkna/Manipulasyon/Psikolojik Manipülasyon.docx,Books for Text_TR/Propaganda ve İkna/Manipulasyon,0.05
Karanlık-Manipulasyon-Rehberi.pdf,PDF,ZIP Arşivi İçinde (Books for Text_TR-20260529T163910Z-3-001.zip),C:\Users\default.LAPTOP-OBA1HVU9\.antigravity-ide\Books\Books for Text_TR-20260529T163910Z-3-001.zip -> Books for Text_TR/Propaganda ve İkna/Manipulasyon/Karanlık-Manipulasyon-Rehberi.pdf,Books for Text_TR/Propaganda ve İkna/Manipulasyon,0.46
Big-Boss-Mustafa-Hoş-PDFDrive.pdf,PDF,ZIP Arşivi İçinde (Books for Text_TR-20260529T163910Z-3-001.zip),C:\Users\default.LAPTOP-OBA1HVU9\.antigravity-ide\Books\Books for Text_TR-20260529T163910Z-3-001.zip -> Books for Text_TR/RTE/Big-Boss-Mustafa-Hoş-PDFDrive.pdf,Books for Text_TR/RTE,1.25
Ugur-Mumcu-Tarikat-Siyaset-Ticaret-pdf.pdf,PDF,ZIP Arşivi İçinde (Books for Text_TR-20260529T163910Z-3-001.zip),C:\Users\default.LAPTOP-OBA1HVU9\.antigravity-ide\Books\Books for Text_TR-20260529T163910Z-3-001.zip -> Books for Text_TR/Yazarlar-Tr/Uğur Mumcu/Ugur-Mumcu-Tarikat-Siyaset-Ticaret-pdf.pdf,Books for Text_TR/Yazarlar-Tr/Uğur Mumcu,0.61
Her-Taşın-Altında-Illuminati-mi-Var-Yeni-adı-ile-İnferno-Kara-Buyuculer.pdf,PDF,ZIP Arşivi İçinde (Books for Text_TR-20260529T163910Z-3-001.zip),C:\Users\default.LAPTOP-OBA1HVU9\.antigravity-ide\Books\Books for Text_TR-20260529T163910Z-3-001.zip -> Books for Text_TR/Duvar_TR/illumint/Her-Taşın-Altında-Illuminati-mi-Var-Yeni-adı-ile-İnferno-Kara-Buyuculer.pdf,Books for Text_TR/Duvar_TR/illumint,1.72
Gizli-Cemiyetler-S-Hutin.pdf,PDF,ZIP Arşivi İçinde (Books for Text_TR-20260529T163910Z-3-001.zip),C:\Users\default.LAPTOP-OBA1HVU9\.antigravity-ide\Books\Books for Text_TR-20260529T163910Z-3-001.zip -> Books for Text_TR/Duvar_TR/illumint/Gizli-Cemiyetler-S-Hutin.pdf,Books for Text_TR/Duvar_TR/illumint,2.66
Uğur-Mumcu-Dersim.pdf,PDF,ZIP Arşivi İçinde (Books for Text_TR-20260529T163910Z-3-001.zip),C:\Users\default.LAPTOP-OBA1HVU9\.antigravity-ide\Books\Books for Text_TR-20260529T163910Z-3-001.zip -> Books for Text_TR/Yazarlar-Tr/Uğur Mumcu/Uğur-Mumcu-Dersim.pdf,Books for Text_TR/Yazarlar-Tr/Uğur Mumcu,0.44
Ugur-Mumcu-Sakincali-Piyade.pdf,PDF,ZIP Arşivi İçinde (Books for Text_TR-20260529T163910Z-3-001.zip),C:\Users\default.LAPTOP-OBA1HVU9\.antigravity-ide\Books\Books for Text_TR-20260529T163910Z-3-001.zip -> Books for Text_TR/Yazarlar-Tr/Uğur Mumcu/Ugur-Mumcu-Sakincali-Piyade.pdf,Books for Text_TR/Yazarlar-Tr/Uğur Mumcu,1.11
Uğur-Mumcu-Kürt-İslam Ayaklanmasi (1919-1925) (Ugur Mumcu).pdf,PDF,ZIP Arşivi İçinde (Books for Text_TR-20260529T163910Z-3-001.zip),C:\Users\default.LAPTOP-OBA1HVU9\.antigravity-ide\Books\Books for Text_TR-20260529T163910Z-3-001.zip -> Books for Text_TR/Yazarlar-Tr/Uğur Mumcu/Uğur-Mumcu-Kürt-İslam Ayaklanmasi (1919-1925) (Ugur Mumcu).pdf,Books for Text_TR/Yazarlar-Tr/Uğur Mumcu,0.78
T23.pdf,PDF,ZIP Arşivi İçinde (Books for Text_TR-20260529T163910Z-3-001.zip),C:\Users\default.LAPTOP-OBA1HVU9\.antigravity-ide\Books\Books for Text_TR-20260529T163910Z-3-001.zip -> Books for Text_TR/Duvar_TR/Dergi-Tesviye/T23.pdf,Books for Text_TR/Duvar_TR/Dergi-Tesviye,3.52
T31.pdf,PDF,ZIP Arşivi İçinde (Books for Text_TR-20260529T163910Z-3-001.zip),C:\Users\default.LAPTOP-OBA1HVU9\.antigravity-ide\Books\Books for Text_TR-20260529T163910Z-3-001.zip -> Books for Text_TR/Duvar_TR/Dergi-Tesviye/T31.pdf,Books for Text_TR/Duvar_TR/Dergi-Tesviye,15.29
T16.pdf,PDF,ZIP Arşivi İçinde (Books for Text_TR-20260529T163910Z-3-001.zip),C:\Users\default.LAPTOP-OBA1HVU9\.antigravity-ide\Books\Books for Text_TR-20260529T163910Z-3-001.zip -> Books for Text_TR/Duvar_TR/Dergi-Tesviye/T16.pdf,Books for Text_TR/Duvar_TR/Dergi-Tesviye,9.31
"Haliçte Yaşayan Simonlar (Hanefi Avcı [Avcı, Hanefi]) (z-lib.org).epub",EPUB,ZIP Arşivi İçinde (Books for Text_TR-20260529T163910Z-3-001.zip),"C:\Users\default.LAPTOP-OBA1HVU9\.antigravity-ide\Books\Books for Text_TR-20260529T163910Z-3-001.zip -> Books for Text_TR/Yazarlar-Tr/Hanefi Avcı/Haliçte Yaşayan Simonlar (Hanefi Avcı [Avcı, Hanefi]) (z-lib.org).epub",Books for Text_TR/Yazarlar-Tr/Hanefi Avcı,0.56
Mimar-Sinan-dergisi-180.pdf,PDF,ZIP Arşivi İçinde (Books for Text_TR-20260529T163910Z-3-001.zip),C:\Users\default.LAPTOP-OBA1HVU9\.antigravity-ide\Books\Books for Text_TR-20260529T163910Z-3-001.zip -> Books for Text_TR/Duvar_TR/Dergi-MSinan/Mimar-Sinan-dergisi-180.pdf,Books for Text_TR/Duvar_TR/Dergi-MSinan,0.36
"Cemaatin İflası (Hanefi Avcı [Avcı, Hanefi]) (z-lib.org).epub",EPUB,ZIP Arşivi İçinde (Books for Text_TR-20260529T163910Z-3-001.zip),"C:\Users\default.LAPTOP-OBA1HVU9\.antigravity-ide\Books\Books for Text_TR-20260529T163910Z-3-001.zip -> Books for Text_TR/Yazarlar-Tr/Hanefi Avcı/Cemaatin İflası (Hanefi Avcı [Avcı, Hanefi]) (z-lib.org).epub",Books for Text_TR/Yazarlar-Tr/Hanefi Avcı,0.26
Mimar-Sinan-dergisi-102.pdf,PDF,ZIP Arşivi İçinde (Books for Text_TR-20260529T163910Z-3-001.zip),C:\Users\default.LAPTOP-OBA1HVU9\.antigravity-ide\Books\Books for Text_TR-20260529T163910Z-3-001.zip -> Books for Text_TR/Duvar_TR/Dergi-MSinan/Mimar-Sinan-dergisi-102.pdf,Books for Text_TR/Duvar_TR/Dergi-MSinan,5.06
Yön Dergisi-183-Masonluk.pdf,PDF,ZIP Arşivi İçinde (Books for Text_TR-20260529T163910Z-3-002.zip),C:\Users\default.LAPTOP-OBA1HVU9\.antigravity-ide\Books\Books for Text_TR-20260529T163910Z-3-002.zip -> Books for Text_TR/Duvar_TR/Msn_TR/Yön Dergisi-183-Masonluk.pdf,Books for Text_TR/Duvar_TR/Msn_TR,16.22
Masones-Todos-sus-secretos-al-descubierto-Gioele-Magaldi-Kailas.pdf,PDF,ZIP Arşivi İçinde (Books for Text_TR-20260529T163910Z-3-002.zip),C:\Users\default.LAPTOP-OBA1HVU9\.antigravity-ide\Books\Books for Text_TR-20260529T163910Z-3-002.zip -> Books for Text_TR/Duvar_TR/Msn-Genel/Masones-Todos-sus-secretos-al-descubierto-Gioele-Magaldi-Kailas.pdf,Books for Text_TR/Duvar_TR/Msn-Genel,1.88
"The Origins of Freemasonry Scotlands Century, 1590 to 1710 (David Stevenson) (z-lib.org).pdf",PDF,ZIP Arşivi İçinde (Books for Text_TR-20260529T163910Z-3-002.zip),"C:\Users\default.LAPTOP-OBA1HVU9\.antigravity-ide\Books\Books for Text_TR-20260529T163910Z-3-002.zip -> Books for Text_TR/Duvar_TR/Msn-English/The Origins of Freemasonry Scotlands Century, 1590 to 1710 (David Stevenson) (z-lib.org).pdf",Books for Text_TR/Duvar_TR/Msn-English,10.03
"Constitution of the United Supreme Council, 33rd degree Freemasonry ( etc.) (z-lib.org).pdf",PDF,ZIP Arşivi İçinde (Books for Text_TR-20260529T163910Z-3-002.zip),"C:\Users\default.LAPTOP-OBA1HVU9\.antigravity-ide\Books\Books for Text_TR-20260529T163910Z-3-002.zip -> Books for Text_TR/Duvar_TR/Msn-English/Constitution of the United Supreme Council, 33rd degree Freemasonry ( etc.) (z-lib.org).pdf",Books for Text_TR/Duvar_TR/Msn-English,2.24
Masonluk-Paul-Naudon.pdf,PDF,ZIP Arşivi İçinde (Books for Text_TR-20260529T163910Z-3-002.zip),C:\Users\default.LAPTOP-OBA1HVU9\.antigravity-ide\Books\Books for Text_TR-20260529T163910Z-3-002.zip -> Books for Text_TR/Duvar_TR/Msn-Genel/Masonluk-Paul-Naudon.pdf,Books for Text_TR/Duvar_TR/Msn-Genel,3.82
Sabetay-Sevi-Joseph-Kastein-Izmirli-Mesih.pdf,PDF,ZIP Arşivi İçinde (Books for Text_TR-20260529T163910Z-3-002.zip),C:\Users\default.LAPTOP-OBA1HVU9\.antigravity-ide\Books\Books for Text_TR-20260529T163910Z-3-002.zip -> Books for Text_TR/Yhd/Sbty ve Yhd/Sabetay-Sevi-Joseph-Kastein-Izmirli-Mesih.pdf,Books for Text_TR/Yhd/Sbty ve Yhd,3.26
Medya-Dezenformasyonu-Sozluğu.pdf,PDF,ZIP Arşivi İçinde (Books for Text_TR-20260529T163910Z-3-002.zip),C:\Users\default.LAPTOP-OBA1HVU9\.antigravity-ide\Books\Books for Text_TR-20260529T163910Z-3-002.zip -> Books for Text_TR/Propaganda ve İkna/Medya/Medya-Dezenformasyonu-Sozluğu.pdf,Books for Text_TR/Propaganda ve İkna/Medya,4.25
Halil-Inalcik-Devlet-i-Aliyye-3.pdf,PDF,ZIP Arşivi İçinde (Books for Text_TR-20260529T163910Z-3-002.zip),C:\Users\default.LAPTOP-OBA1HVU9\.antigravity-ide\Books\Books for Text_TR-20260529T163910Z-3-002.zip -> Books for Text_TR/Tarih/Halil İnalcık/Halil-Inalcik-Devlet-i-Aliyye-3.pdf,Books for Text_TR/Tarih/Halil İnalcık,23.93
Selanik-Yahudileri-1856-1919-Rena-Molho.pdf,PDF,ZIP Arşivi İçinde (Books for Text_TR-20260529T163910Z-3-002.zip),C:\Users\default.LAPTOP-OBA1HVU9\.antigravity-ide\Books\Books for Text_TR-20260529T163910Z-3-002.zip -> Books for Text_TR/Yhd/Sbty ve Yhd/Selanik-Yahudileri-1856-1919-Rena-Molho.pdf,Books for Text_TR/Yhd/Sbty ve Yhd,3.51
Roger-Garaudy-Siyonizm Dosyası.pdf,PDF,ZIP Arşivi İçinde (Books for Text_TR-20260529T163910Z-3-002.zip),C:\Users\default.LAPTOP-OBA1HVU9\.antigravity-ide\Books\Books for Text_TR-20260529T163910Z-3-002.zip -> Books for Text_TR/Yhd/Sion/Roger-Garaudy-Siyonizm Dosyası.pdf,Books for Text_TR/Yhd/Sion,8.62
Musa-ve-Yahudilik-Hayrullah Ors.pdf,PDF,ZIP Arşivi İçinde (Books for Text_TR-20260529T163910Z-3-002.zip),C:\Users\default.LAPTOP-OBA1HVU9\.antigravity-ide\Books\Books for Text_TR-20260529T163910Z-3-002.zip -> Books for Text_TR/Yhd/Sbty ve Yhd/Musa-ve-Yahudilik-Hayrullah Ors.pdf,Books for Text_TR/Yhd/Sbty ve Yhd,3.09
Freemasonry Quest for Immortality - Christopher Earnshaw (Christopher Earnshaw) (z-lib.org).pdf,PDF,ZIP Arşivi İçinde (Books for Text_TR-20260529T163910Z-3-002.zip),C:\Users\default.LAPTOP-OBA1HVU9\.antigravity-ide\Books\Books for Text_TR-20260529T163910Z-3-002.zip -> Books for Text_TR/Duvar_TR/Msn-English/Freemasonry Quest for Immortality - Christopher Earnshaw (Christopher Earnshaw) (z-lib.org).pdf,Books for Text_TR/Duvar_TR/Msn-English,5.97
A-G-Michel-Mason-Diktatorluğu.pdf,PDF,ZIP Arşivi İçinde (Books for Text_TR-20260529T163910Z-3-002.zip),C:\Users\default.LAPTOP-OBA1HVU9\.antigravity-ide\Books\Books for Text_TR-20260529T163910Z-3-002.zip -> Books for Text_TR/Duvar_TR/Msn-Genel/A-G-Michel-Mason-Diktatorluğu.pdf,Books for Text_TR/Duvar_TR/Msn-Genel,9.0
Inside the Brotherhood Further Secrets of the Freemasons (Martin Short) (z-lib.org).pdf,PDF,ZIP Arşivi İçinde (Books for Text_TR-20260529T163910Z-3-002.zip),C:\Users\default.LAPTOP-OBA1HVU9\.antigravity-ide\Books\Books for Text_TR-20260529T163910Z-3-002.zip -> Books for Text_TR/Duvar_TR/Msn-English/Inside the Brotherhood Further Secrets of the Freemasons (Martin Short) (z-lib.org).pdf,Books for Text_TR/Duvar_TR/Msn-English,27.59
İletişim-ve-Televizyon-Teorileri-Rıdvan-Şenturk.pdf,PDF,ZIP Arşivi İçinde (Books for Text_TR-20260529T163910Z-3-002.zip),C:\Users\default.LAPTOP-OBA1HVU9\.antigravity-ide\Books\Books for Text_TR-20260529T163910Z-3-002.zip -> Books for Text_TR/Propaganda ve İkna/Medya/İletişim-ve-Televizyon-Teorileri-Rıdvan-Şenturk.pdf,Books for Text_TR/Propaganda ve İkna/Medya,2.64
Halil-Inalcik-Kurulus-Donemi-Osmanli-Sultanlari.pdf,PDF,ZIP Arşivi İçinde (Books for Text_TR-20260529T163910Z-3-002.zip),C:\Users\default.LAPTOP-OBA1HVU9\.antigravity-ide\Books\Books for Text_TR-20260529T163910Z-3-002.zip -> Books for Text_TR/Tarih/Halil İnalcık/Halil-Inalcik-Kurulus-Donemi-Osmanli-Sultanlari.pdf,Books for Text_TR/Tarih/Halil İnalcık,8.56
The Secrets of Freemasonry (Elijah Muhammad) (z-lib.org).pdf,PDF,ZIP Arşivi İçinde (Books for Text_TR-20260529T163910Z-3-002.zip),C:\Users\default.LAPTOP-OBA1HVU9\.antigravity-ide\Books\Books for Text_TR-20260529T163910Z-3-002.zip -> Books for Text_TR/Duvar_TR/Msn-English/The Secrets of Freemasonry (Elijah Muhammad) (z-lib.org).pdf,Books for Text_TR/Duvar_TR/Msn-English,1.11
"The beginning of masonry. A collection of forty papers on the hidden mysteries of ancient freemasonry, reprinted from the... (Frank C Higgins) (z-lib.org).pdf",PDF,ZIP Arşivi İçinde (Books for Text_TR-20260529T163910Z-3-002.zip),"C:\Users\default.LAPTOP-OBA1HVU9\.antigravity-ide\Books\Books for Text_TR-20260529T163910Z-3-002.zip -> Books for Text_TR/Duvar_TR/Msn-English/The beginning of masonry. A collection of forty papers on the hidden mysteries of ancient freemasonry, reprinted from the... (Frank C Higgins) (z-lib.org).pdf",Books for Text_TR/Duvar_TR/Msn-English,5.93
Selanikli-Donmeler-Marc-David-Baer.pdf,PDF,ZIP Arşivi İçinde (Books for Text_TR-20260529T163910Z-3-002.zip),C:\Users\default.LAPTOP-OBA1HVU9\.antigravity-ide\Books\Books for Text_TR-20260529T163910Z-3-002.zip -> Books for Text_TR/Yhd/Sbty ve Yhd/Selanikli-Donmeler-Marc-David-Baer.pdf,Books for Text_TR/Yhd/Sbty ve Yhd,5.78
Yeni-Medyalar-Francis-Balle-Gerard-Eymery.pdf,PDF,ZIP Arşivi İçinde (Books for Text_TR-20260529T163910Z-3-002.zip),C:\Users\default.LAPTOP-OBA1HVU9\.antigravity-ide\Books\Books for Text_TR-20260529T163910Z-3-002.zip -> Books for Text_TR/Propaganda ve İkna/Medya/Yeni-Medyalar-Francis-Balle-Gerard-Eymery.pdf,Books for Text_TR/Propaganda ve İkna/Medya,5.68
"An Encyclopedia of Freemasonry Volume 1 (Albert G. MacKey 33, William J. Hughan 32 etc.) (z-lib.org).pdf",PDF,ZIP Arşivi İçinde (Books for Text_TR-20260529T163910Z-3-002.zip),"C:\Users\default.LAPTOP-OBA1HVU9\.antigravity-ide\Books\Books for Text_TR-20260529T163910Z-3-002.zip -> Books for Text_TR/Duvar_TR/Msn-English/An Encyclopedia of Freemasonry Volume 1 (Albert G. MacKey 33, William J. Hughan 32 etc.) (z-lib.org).pdf",Books for Text_TR/Duvar_TR/Msn-English,29.1
Medya-Demokrasisi-Thomas-Meyer.pdf,PDF,ZIP Arşivi İçinde (Books for Text_TR-20260529T163910Z-3-002.zip),C:\Users\default.LAPTOP-OBA1HVU9\.antigravity-ide\Books\Books for Text_TR-20260529T163910Z-3-002.zip -> Books for Text_TR/Propaganda ve İkna/Medya/Medya-Demokrasisi-Thomas-Meyer.pdf,Books for Text_TR/Propaganda ve İkna/Medya,8.43
Evet-Ben-Selanikliyim-Turkiye-Sabetaycilighi-Ilqaz-Zorlu-1998-233s-pdf.pdf,PDF,ZIP Arşivi İçinde (Books for Text_TR-20260529T163910Z-3-002.zip),C:\Users\default.LAPTOP-OBA1HVU9\.antigravity-ide\Books\Books for Text_TR-20260529T163910Z-3-002.zip -> Books for Text_TR/Yhd/Sbty ve Yhd/Evet-Ben-Selanikliyim-Turkiye-Sabetaycilighi-Ilqaz-Zorlu-1998-233s-pdf.pdf,Books for Text_TR/Yhd/Sbty ve Yhd,4.06
Medya-Populer-Kultur-ve-Ideoloji.pdf,PDF,ZIP Arşivi İçinde (Books for Text_TR-20260529T163910Z-3-002.zip),C:\Users\default.LAPTOP-OBA1HVU9\.antigravity-ide\Books\Books for Text_TR-20260529T163910Z-3-002.zip -> Books for Text_TR/Propaganda ve İkna/Medya/Medya-Populer-Kultur-ve-Ideoloji.pdf,Books for Text_TR/Propaganda ve İkna/Medya,9.46
Medya-ve-iletisim-Sosyolojisi-Eric-Maıgret.pdf,PDF,ZIP Arşivi İçinde (Books for Text_TR-20260529T163910Z-3-002.zip),C:\Users\default.LAPTOP-OBA1HVU9\.antigravity-ide\Books\Books for Text_TR-20260529T163910Z-3-002.zip -> Books for Text_TR/Propaganda ve İkna/Medya/Medya-ve-iletisim-Sosyolojisi-Eric-Maıgret.pdf,Books for Text_TR/Propaganda ve İkna/Medya,6.52
Tapınak Şövalyeleri (Adnan Oktar [HARUN YAHYA]) (z-lib.org).pdf,PDF,ZIP Arşivi İçinde (Books for Text_TR-20260529T163910Z-3-002.zip),C:\Users\default.LAPTOP-OBA1HVU9\.antigravity-ide\Books\Books for Text_TR-20260529T163910Z-3-002.zip -> Books for Text_TR/Duvar_TR/Msn-HYahya/Tapınak Şövalyeleri (Adnan Oktar [HARUN YAHYA]) (z-lib.org).pdf,Books for Text_TR/Duvar_TR/Msn-HYahya,7.67
A general history of Freemasonry in Europe (Emmanuel Rebold) (z-lib.org).pdf,PDF,ZIP Arşivi İçinde (Books for Text_TR-20260529T163910Z-3-002.zip),C:\Users\default.LAPTOP-OBA1HVU9\.antigravity-ide\Books\Books for Text_TR-20260529T163910Z-3-002.zip -> Books for Text_TR/Duvar_TR/Msn-English/A general history of Freemasonry in Europe (Emmanuel Rebold) (z-lib.org).pdf,Books for Text_TR/Duvar_TR/Msn-English,50.39
Geçmişten Günümüz Masonluk Tarihi.pdf,PDF,ZIP Arşivi İçinde (Books for Text_TR-20260529T163910Z-3-002.zip),C:\Users\default.LAPTOP-OBA1HVU9\.antigravity-ide\Books\Books for Text_TR-20260529T163910Z-3-002.zip -> Books for Text_TR/Duvar_TR/Msn_TR/Geçmişten Günümüz Masonluk Tarihi.pdf,Books for Text_TR/Duvar_TR/Msn_TR,7.19
TanjuKoray-Tablolar-04-Ustat.pdf,PDF,ZIP Arşivi İçinde (Books for Text_TR-20260529T163910Z-3-002.zip),C:\Users\default.LAPTOP-OBA1HVU9\.antigravity-ide\Books\Books for Text_TR-20260529T163910Z-3-002.zip -> Books for Text_TR/Duvar_TR/Msn-Lc/TanjuKoray-Tablolar-04-Ustat.pdf,Books for Text_TR/Duvar_TR/Msn-Lc,1.6
Yahudilik ve Masonluğa Karşı Cevat Rıfat Atilhan.pdf,PDF,ZIP Arşivi İçinde (Books for Text_TR-20260529T163910Z-3-002.zip),C:\Users\default.LAPTOP-OBA1HVU9\.antigravity-ide\Books\Books for Text_TR-20260529T163910Z-3-002.zip -> Books for Text_TR/Duvar_TR/Msn_TR/Yahudilik ve Masonluğa Karşı Cevat Rıfat Atilhan.pdf,Books for Text_TR/Duvar_TR/Msn_TR,44.42
Tapınakçılar Ve Masonlar (Adnan Oktar) (z-lib.org).pdf,PDF,ZIP Arşivi İçinde (Books for Text_TR-20260529T163910Z-3-002.zip),C:\Users\default.LAPTOP-OBA1HVU9\.antigravity-ide\Books\Books for Text_TR-20260529T163910Z-3-002.zip -> Books for Text_TR/Duvar_TR/Msn-HYahya/Tapınakçılar Ve Masonlar (Adnan Oktar) (z-lib.org).pdf,Books for Text_TR/Duvar_TR/Msn-HYahya,8.12
Tanju-Koray-EKSR-d2.pdf,PDF,ZIP Arşivi İçinde (Books for Text_TR-20260529T163910Z-3-002.zip),C:\Users\default.LAPTOP-OBA1HVU9\.antigravity-ide\Books\Books for Text_TR-20260529T163910Z-3-002.zip -> Books for Text_TR/Duvar_TR/Msn-Lc/Tanju-Koray-EKSR-d2.pdf,Books for Text_TR/Duvar_TR/Msn-Lc,0.51
Tanju-Koray-EKSR-d1.pdf,PDF,ZIP Arşivi İçinde (Books for Text_TR-20260529T163910Z-3-002.zip),C:\Users\default.LAPTOP-OBA1HVU9\.antigravity-ide\Books\Books for Text_TR-20260529T163910Z-3-002.zip -> Books for Text_TR/Duvar_TR/Msn-Lc/Tanju-Koray-EKSR-d1.pdf,Books for Text_TR/Duvar_TR/Msn-Lc,0.63
İstanbul Yahudi Cemaati’nin Tarihi Oluşum Yılları (1453-1566) (Minna Rozen) (z-lib.org).epub,EPUB,ZIP Arşivi İçinde (Books for Text_TR-20260529T163910Z-3-002.zip),C:\Users\default.LAPTOP-OBA1HVU9\.antigravity-ide\Books\Books for Text_TR-20260529T163910Z-3-002.zip -> Books for Text_TR/Yhd/Sbty ve Yhd/İstanbul Yahudi Cemaati’nin Tarihi Oluşum Yılları (1453-1566) (Minna Rozen) (z-lib.org).epub,Books for Text_TR/Yhd/Sbty ve Yhd,8.89
Massoni. Società a responsabilità illimitata. La scoperta delle Ur-Lodges ( PDFDrive ).pdf,PDF,ZIP Arşivi İçinde (Books for Text_TR-20260529T163910Z-3-002.zip),C:\Users\default.LAPTOP-OBA1HVU9\.antigravity-ide\Books\Books for Text_TR-20260529T163910Z-3-002.zip -> Books for Text_TR/Duvar_TR/Msn-Genel/Massoni. Società a responsabilità illimitata. La scoperta delle Ur-Lodges ( PDFDrive ).pdf,Books for Text_TR/Duvar_TR/Msn-Genel,2.82
Medya-Ve-Gazetecilikte-Etik-Sorunlar.pdf,PDF,ZIP Arşivi İçinde (Books for Text_TR-20260529T163910Z-3-002.zip),C:\Users\default.LAPTOP-OBA1HVU9\.antigravity-ide\Books\Books for Text_TR-20260529T163910Z-3-002.zip -> Books for Text_TR/Propaganda ve İkna/Medya/Medya-Ve-Gazetecilikte-Etik-Sorunlar.pdf,Books for Text_TR/Propaganda ve İkna/Medya,2.76
"Morals and dogma of the ancient and accepted Scottish Rite of freemasonry (Pike, Albert, 1809-1891, comp) (z-lib.org).pdf",PDF,ZIP Arşivi İçinde (Books for Text_TR-20260529T163910Z-3-002.zip),"C:\Users\default.LAPTOP-OBA1HVU9\.antigravity-ide\Books\Books for Text_TR-20260529T163910Z-3-002.zip -> Books for Text_TR/Duvar_TR/Msn-English/Morals and dogma of the ancient and accepted Scottish Rite of freemasonry (Pike, Albert, 1809-1891, comp) (z-lib.org).pdf",Books for Text_TR/Duvar_TR/Msn-English,74.35
Yeni-Masonik-Duzen-Tr-b7.pdf,PDF,ZIP Arşivi İçinde (Books for Text_TR-20260529T163910Z-3-002.zip),C:\Users\default.LAPTOP-OBA1HVU9\.antigravity-ide\Books\Books for Text_TR-20260529T163910Z-3-002.zip -> Books for Text_TR/Duvar_TR/Msn-HYahya/Yeni-Masonik-Duzen-Tr-b7.pdf,Books for Text_TR/Duvar_TR/Msn-HYahya,3.73
Masonluktaki_Iskoc_Riti_Konusunda_Anlati (1).pdf,PDF,ZIP Arşivi İçinde (Books for Text_TR-20260529T163910Z-3-002.zip),C:\Users\default.LAPTOP-OBA1HVU9\.antigravity-ide\Books\Books for Text_TR-20260529T163910Z-3-002.zip -> Books for Text_TR/Duvar_TR/Msn-Lc/Masonluktaki_Iskoc_Riti_Konusunda_Anlati (1).pdf,Books for Text_TR/Duvar_TR/Msn-Lc,0.83
The-32-Secret-Paths-of-Solomon_A-New-Examination-of-the-Qabbalah-in-Freemasonry (Timothy Hogan) (z-lib.org).pdf,PDF,ZIP Arşivi İçinde (Books for Text_TR-20260529T163910Z-3-002.zip),C:\Users\default.LAPTOP-OBA1HVU9\.antigravity-ide\Books\Books for Text_TR-20260529T163910Z-3-002.zip -> Books for Text_TR/Duvar_TR/Msn-English/The-32-Secret-Paths-of-Solomon_A-New-Examination-of-the-Qabbalah-in-Freemasonry (Timothy Hogan) (z-lib.org).pdf,Books for Text_TR/Duvar_TR/Msn-English,25.54
Masonluktaki_Iskoc_Riti_Konusunda_Anlati (2).pdf,PDF,ZIP Arşivi İçinde (Books for Text_TR-20260529T163910Z-3-002.zip),C:\Users\default.LAPTOP-OBA1HVU9\.antigravity-ide\Books\Books for Text_TR-20260529T163910Z-3-002.zip -> Books for Text_TR/Duvar_TR/Msn-Lc/Masonluktaki_Iskoc_Riti_Konusunda_Anlati (2).pdf,Books for Text_TR/Duvar_TR/Msn-Lc,0.93
Masonluktaki_Iskoc_Riti_Konusunda_Anlati.pdf,PDF,ZIP Arşivi İçinde (Books for Text_TR-20260529T163910Z-3-002.zip),C:\Users\default.LAPTOP-OBA1HVU9\.antigravity-ide\Books\Books for Text_TR-20260529T163910Z-3-002.zip -> Books for Text_TR/Duvar_TR/Msn-Lc/Masonluktaki_Iskoc_Riti_Konusunda_Anlati.pdf,Books for Text_TR/Duvar_TR/Msn-Lc,0.87
Masonluktaki_Ritler_Konusunda_Bir_Derlem.pdf,PDF,ZIP Arşivi İçinde (Books for Text_TR-20260529T163910Z-3-002.zip),C:\Users\default.LAPTOP-OBA1HVU9\.antigravity-ide\Books\Books for Text_TR-20260529T163910Z-3-002.zip -> Books for Text_TR/Duvar_TR/Msn-Lc/Masonluktaki_Ritler_Konusunda_Bir_Derlem.pdf,Books for Text_TR/Duvar_TR/Msn-Lc,1.58
Global Masonluk (Adnan Oktar - Harun Yahya) (z-lib.org) (1).pdf,PDF,ZIP Arşivi İçinde (Books for Text_TR-20260529T163910Z-3-002.zip),C:\Users\default.LAPTOP-OBA1HVU9\.antigravity-ide\Books\Books for Text_TR-20260529T163910Z-3-002.zip -> Books for Text_TR/Duvar_TR/Msn-HYahya/Global Masonluk (Adnan Oktar - Harun Yahya) (z-lib.org) (1).pdf,Books for Text_TR/Duvar_TR/Msn-HYahya,10.43
Tanju-Koray-Merak-Ettiklerimiz-Geometri.pdf,PDF,ZIP Arşivi İçinde (Books for Text_TR-20260529T163910Z-3-002.zip),C:\Users\default.LAPTOP-OBA1HVU9\.antigravity-ide\Books\Books for Text_TR-20260529T163910Z-3-002.zip -> Books for Text_TR/Duvar_TR/Msn-Lc/Tanju-Koray-Merak-Ettiklerimiz-Geometri.pdf,Books for Text_TR/Duvar_TR/Msn-Lc,8.76
Medya-Ve-Demokrasi-John-Keane.pdf,PDF,ZIP Arşivi İçinde (Books for Text_TR-20260529T163910Z-3-002.zip),C:\Users\default.LAPTOP-OBA1HVU9\.antigravity-ide\Books\Books for Text_TR-20260529T163910Z-3-002.zip -> Books for Text_TR/Propaganda ve İkna/Medya/Medya-Ve-Demokrasi-John-Keane.pdf,Books for Text_TR/Propaganda ve İkna/Medya,9.45
HYahya-ingiliz Derin Devleti-1.pdf,PDF,ZIP Arşivi İçinde (Books for Text_TR-20260529T163910Z-3-002.zip),C:\Users\default.LAPTOP-OBA1HVU9\.antigravity-ide\Books\Books for Text_TR-20260529T163910Z-3-002.zip -> Books for Text_TR/Duvar_TR/Msn-HYahya/HYahya-ingiliz Derin Devleti-1.pdf,Books for Text_TR/Duvar_TR/Msn-HYahya,18.21
Siyonizmson.pdf,PDF,ZIP Arşivi İçinde (Books for Text_TR-20260529T163910Z-3-002.zip),C:\Users\default.LAPTOP-OBA1HVU9\.antigravity-ide\Books\Books for Text_TR-20260529T163910Z-3-002.zip -> Books for Text_TR/Yhd/Sion/Siyonizmson.pdf,Books for Text_TR/Yhd/Sion,113.87
Tanju-Koray-ozveri-CIRAK-KALFA (1).pdf,PDF,ZIP Arşivi İçinde (Books for Text_TR-20260529T163910Z-3-002.zip),C:\Users\default.LAPTOP-OBA1HVU9\.antigravity-ide\Books\Books for Text_TR-20260529T163910Z-3-002.zip -> Books for Text_TR/Duvar_TR/Msn-Lc/Tanju-Koray-ozveri-CIRAK-KALFA (1).pdf,Books for Text_TR/Duvar_TR/Msn-Lc,4.54
Murat-Agirel-parsel-parsel.pdf,PDF,ZIP Arşivi İçinde (Books for Text_TR-20260529T163910Z-3-002.zip),C:\Users\default.LAPTOP-OBA1HVU9\.antigravity-ide\Books\Books for Text_TR-20260529T163910Z-3-002.zip -> Books for Text_TR/RTE/Murat-Agirel-parsel-parsel.pdf,Books for Text_TR/RTE,4.37
The Secrets of Solomons Temple Discover the Hidden Truth that Lies at the Heart of Freemasonry (Kevin L Gest) (z-lib.org).pdf,PDF,ZIP Arşivi İçinde (Books for Text_TR-20260529T163910Z-3-002.zip),C:\Users\default.LAPTOP-OBA1HVU9\.antigravity-ide\Books\Books for Text_TR-20260529T163910Z-3-002.zip -> Books for Text_TR/Duvar_TR/Msn-English/The Secrets of Solomons Temple Discover the Hidden Truth that Lies at the Heart of Freemasonry (Kevin L Gest) (z-lib.org).pdf,Books for Text_TR/Duvar_TR/Msn-English,4.05
HYahya-ingiliz Derin Devleti-3.pdf,PDF,ZIP Arşivi İçinde (Books for Text_TR-20260529T163910Z-3-002.zip),C:\Users\default.LAPTOP-OBA1HVU9\.antigravity-ide\Books\Books for Text_TR-20260529T163910Z-3-002.zip -> Books for Text_TR/Duvar_TR/Msn-HYahya/HYahya-ingiliz Derin Devleti-3.pdf,Books for Text_TR/Duvar_TR/Msn-HYahya,4.65
TAKKELİ-FİRAVUNLAR-VE-BUYUK-SİYASİ-SIRLAR.pdf,PDF,ZIP Arşivi İçinde (Books for Text_TR-20260529T163910Z-3-002.zip),C:\Users\default.LAPTOP-OBA1HVU9\.antigravity-ide\Books\Books for Text_TR-20260529T163910Z-3-002.zip -> Books for Text_TR/RTE/TAKKELİ-FİRAVUNLAR-VE-BUYUK-SİYASİ-SIRLAR.pdf,Books for Text_TR/RTE,3.95
Manipulasyon-Teknikleri-ile-Zihin-Yonlendirme-Nasil-Yapilir-docx.pdf,PDF,ZIP Arşivi İçinde (Books for Text_TR-20260529T163910Z-3-002.zip),C:\Users\default.LAPTOP-OBA1HVU9\.antigravity-ide\Books\Books for Text_TR-20260529T163910Z-3-002.zip -> Books for Text_TR/Propaganda ve İkna/Manipulasyon/Manipulasyon-Teknikleri-ile-Zihin-Yonlendirme-Nasil-Yapilir-docx.pdf,Books for Text_TR/Propaganda ve İkna/Manipulasyon,0.39
Manipulasyon-Tuzakları-1-1-1.pdf,PDF,ZIP Arşivi İçinde (Books for Text_TR-20260529T163910Z-3-002.zip),C:\Users\default.LAPTOP-OBA1HVU9\.antigravity-ide\Books\Books for Text_TR-20260529T163910Z-3-002.zip -> Books for Text_TR/Propaganda ve İkna/Manipulasyon/Manipulasyon-Tuzakları-1-1-1.pdf,Books for Text_TR/Propaganda ve İkna/Manipulasyon,0.35
PKK-Cumhuriyeti-Sufyan-Erdoğan-ve-AKP-acmazı.pdf,PDF,ZIP Arşivi İçinde (Books for Text_TR-20260529T163910Z-3-002.zip),C:\Users\default.LAPTOP-OBA1HVU9\.antigravity-ide\Books\Books for Text_TR-20260529T163910Z-3-002.zip -> Books for Text_TR/RTE/PKK-Cumhuriyeti-Sufyan-Erdoğan-ve-AKP-acmazı.pdf,Books for Text_TR/RTE,1.83
BİR AKP BELGESELİ-MASKESİZ SOYGUN (İLHAN TAŞCI) (z-lib.org).epub,EPUB,ZIP Arşivi İçinde (Books for Text_TR-20260529T163910Z-3-002.zip),C:\Users\default.LAPTOP-OBA1HVU9\.antigravity-ide\Books\Books for Text_TR-20260529T163910Z-3-002.zip -> Books for Text_TR/RTE/BİR AKP BELGESELİ-MASKESİZ SOYGUN (İLHAN TAŞCI) (z-lib.org).epub,Books for Text_TR/RTE,9.86
Yeni-Muhafazakarlık-Neo-Conlar-Merdan-Yanardağ-2013.pdf,PDF,ZIP Arşivi İçinde (Books for Text_TR-20260529T163910Z-3-002.zip),C:\Users\default.LAPTOP-OBA1HVU9\.antigravity-ide\Books\Books for Text_TR-20260529T163910Z-3-002.zip -> Books for Text_TR/RTE/Yeni-Muhafazakarlık-Neo-Conlar-Merdan-Yanardağ-2013.pdf,Books for Text_TR/RTE,0.71
EKSR_HD_33_Derece_209-2015 Döneminde Adalet.pdf,PDF,ZIP Arşivi İçinde (Books for Text_TR-20260529T163910Z-3-002.zip),C:\Users\default.LAPTOP-OBA1HVU9\.antigravity-ide\Books\Books for Text_TR-20260529T163910Z-3-002.zip -> Books for Text_TR/Duvar_TR/Msn-Lc/EKSR_HD_33_Derece_209-2015 Döneminde Adalet.pdf,Books for Text_TR/Duvar_TR/Msn-Lc,13.54
Mason-Profili.pdf,PDF,ZIP Arşivi İçinde (Books for Text_TR-20260529T163910Z-3-002.zip),C:\Users\default.LAPTOP-OBA1HVU9\.antigravity-ide\Books\Books for Text_TR-20260529T163910Z-3-002.zip -> Books for Text_TR/Duvar_TR/M-CLayktez/Mason-Profili.pdf,Books for Text_TR/Duvar_TR/M-CLayktez,11.66
HYahya-ingiliz Derin Devleti-2.pdf,PDF,ZIP Arşivi İçinde (Books for Text_TR-20260529T163910Z-3-002.zip),C:\Users\default.LAPTOP-OBA1HVU9\.antigravity-ide\Books\Books for Text_TR-20260529T163910Z-3-002.zip -> Books for Text_TR/Duvar_TR/Msn-HYahya/HYahya-ingiliz Derin Devleti-2.pdf,Books for Text_TR/Duvar_TR/Msn-HYahya,3.94
TR_de Msn Tarhi-1_1721-1956a.pdf,PDF,ZIP Arşivi İçinde (Books for Text_TR-20260529T163910Z-3-002.zip),C:\Users\default.LAPTOP-OBA1HVU9\.antigravity-ide\Books\Books for Text_TR-20260529T163910Z-3-002.zip -> Books for Text_TR/Duvar_TR/M-CLayktez/TR_de Msn Tarhi-1_1721-1956a.pdf,Books for Text_TR/Duvar_TR/M-CLayktez,3.76
Manipulasyondan-Korunmanın-Yolları-Josef-Kirschner.pdf,PDF,ZIP Arşivi İçinde (Books for Text_TR-20260529T163910Z-3-002.zip),C:\Users\default.LAPTOP-OBA1HVU9\.antigravity-ide\Books\Books for Text_TR-20260529T163910Z-3-002.zip -> Books for Text_TR/Propaganda ve İkna/Manipulasyon/Manipulasyondan-Korunmanın-Yolları-Josef-Kirschner.pdf,Books for Text_TR/Propaganda ve İkna/Manipulasyon,3.58
Kabala ve Masonluk (Harun Yahya -AdnanOktar) (z-lib.org).pdf,PDF,ZIP Arşivi İçinde (Books for Text_TR-20260529T163910Z-3-002.zip),C:\Users\default.LAPTOP-OBA1HVU9\.antigravity-ide\Books\Books for Text_TR-20260529T163910Z-3-002.zip -> Books for Text_TR/Duvar_TR/Msn-HYahya/Kabala ve Masonluk (Harun Yahya -AdnanOktar) (z-lib.org).pdf,Books for Text_TR/Duvar_TR/Msn-HYahya,14.75
Manipulasyon-Teknikleri.pdf,PDF,ZIP Arşivi İçinde (Books for Text_TR-20260529T163910Z-3-002.zip),C:\Users\default.LAPTOP-OBA1HVU9\.antigravity-ide\Books\Books for Text_TR-20260529T163910Z-3-002.zip -> Books for Text_TR/Propaganda ve İkna/Manipulasyon/Manipulasyon-Teknikleri.pdf,Books for Text_TR/Propaganda ve İkna/Manipulasyon,15.86
Gizli-Toplumlar-Ve-20-Yuzyıldaki-Gucleri.pdf,PDF,ZIP Arşivi İçinde (Books for Text_TR-20260529T163910Z-3-002.zip),C:\Users\default.LAPTOP-OBA1HVU9\.antigravity-ide\Books\Books for Text_TR-20260529T163910Z-3-002.zip -> Books for Text_TR/Duvar_TR/illumint/Gizli-Toplumlar-Ve-20-Yuzyıldaki-Gucleri.pdf,Books for Text_TR/Duvar_TR/illumint,1.72
Uğur-Mumcu-Kontrgerilla-Oğretileri.pdf,PDF,ZIP Arşivi İçinde (Books for Text_TR-20260529T163910Z-3-002.zip),C:\Users\default.LAPTOP-OBA1HVU9\.antigravity-ide\Books\Books for Text_TR-20260529T163910Z-3-002.zip -> Books for Text_TR/Yazarlar-Tr/Uğur Mumcu/Uğur-Mumcu-Kontrgerilla-Oğretileri.pdf,Books for Text_TR/Yazarlar-Tr/Uğur Mumcu,0.5
İlluminatinin-Tarihcesi.pdf,PDF,ZIP Arşivi İçinde (Books for Text_TR-20260529T163910Z-3-002.zip),C:\Users\default.LAPTOP-OBA1HVU9\.antigravity-ide\Books\Books for Text_TR-20260529T163910Z-3-002.zip -> Books for Text_TR/Duvar_TR/illumint/İlluminatinin-Tarihcesi.pdf,Books for Text_TR/Duvar_TR/illumint,10.65
Akıncılar-Hareketi-1970-lerde-İslamcı-Gencliğin-Oluşumu-Ertuğrul-Zengin.pdf,PDF,ZIP Arşivi İçinde (Books for Text_TR-20260529T163910Z-3-002.zip),C:\Users\default.LAPTOP-OBA1HVU9\.antigravity-ide\Books\Books for Text_TR-20260529T163910Z-3-002.zip -> Books for Text_TR/RTE/Akıncılar-Hareketi-1970-lerde-İslamcı-Gencliğin-Oluşumu-Ertuğrul-Zengin.pdf,Books for Text_TR/RTE,2.59
Gizli Cemiyetler.pdf,PDF,ZIP Arşivi İçinde (Books for Text_TR-20260529T163910Z-3-002.zip),C:\Users\default.LAPTOP-OBA1HVU9\.antigravity-ide\Books\Books for Text_TR-20260529T163910Z-3-002.zip -> Books for Text_TR/Duvar_TR/illumint/Gizli Cemiyetler.pdf,Books for Text_TR/Duvar_TR/illumint,2.66
"Dünyanın En Tehlikeli Gizli Örgütleri- İlluminati, Masonlar, Bilderberg Grubu, Tapmak Şövalyeleri, Cizvitler, Kafatası ve... (James Jackson) (z-lib.org).pdf",PDF,ZIP Arşivi İçinde (Books for Text_TR-20260529T163910Z-3-002.zip),"C:\Users\default.LAPTOP-OBA1HVU9\.antigravity-ide\Books\Books for Text_TR-20260529T163910Z-3-002.zip -> Books for Text_TR/Duvar_TR/illumint/Dünyanın En Tehlikeli Gizli Örgütleri- İlluminati, Masonlar, Bilderberg Grubu, Tapmak Şövalyeleri, Cizvitler, Kafatası ve... (James Jackson) (z-lib.org).pdf",Books for Text_TR/Duvar_TR/illumint,2.48
T72.pdf,PDF,ZIP Arşivi İçinde (Books for Text_TR-20260529T163910Z-3-002.zip),C:\Users\default.LAPTOP-OBA1HVU9\.antigravity-ide\Books\Books for Text_TR-20260529T163910Z-3-002.zip -> Books for Text_TR/Duvar_TR/Dergi-Tesviye/T72.pdf,Books for Text_TR/Duvar_TR/Dergi-Tesviye,1.99
Gizli-Orgutler-Eski-Buyuculerden-Cağdaş-Darbecilere-Attila-Tokatlı.pdf,PDF,ZIP Arşivi İçinde (Books for Text_TR-20260529T163910Z-3-002.zip),C:\Users\default.LAPTOP-OBA1HVU9\.antigravity-ide\Books\Books for Text_TR-20260529T163910Z-3-002.zip -> Books for Text_TR/Duvar_TR/illumint/Gizli-Orgutler-Eski-Buyuculerden-Cağdaş-Darbecilere-Attila-Tokatlı.pdf,Books for Text_TR/Duvar_TR/illumint,1.62
Dunyanın-Gizli-Tarihi-2-pdf-1-surumu.pdf,PDF,ZIP Arşivi İçinde (Books for Text_TR-20260529T163910Z-3-002.zip),C:\Users\default.LAPTOP-OBA1HVU9\.antigravity-ide\Books\Books for Text_TR-20260529T163910Z-3-002.zip -> Books for Text_TR/Duvar_TR/illumint/Dunyanın-Gizli-Tarihi-2-pdf-1-surumu.pdf,Books for Text_TR/Duvar_TR/illumint,9.42
Ugur-Mumcu-Rabita.pdf,PDF,ZIP Arşivi İçinde (Books for Text_TR-20260529T163910Z-3-002.zip),C:\Users\default.LAPTOP-OBA1HVU9\.antigravity-ide\Books\Books for Text_TR-20260529T163910Z-3-002.zip -> Books for Text_TR/Yazarlar-Tr/Uğur Mumcu/Ugur-Mumcu-Rabita.pdf,Books for Text_TR/Yazarlar-Tr/Uğur Mumcu,1.31
Ergun-Poyraz-Musa`nın-Cocukları-Tayyip-Ve-Emine.pdf,PDF,ZIP Arşivi İçinde (Books for Text_TR-20260529T163910Z-3-002.zip),C:\Users\default.LAPTOP-OBA1HVU9\.antigravity-ide\Books\Books for Text_TR-20260529T163910Z-3-002.zip -> Books for Text_TR/RTE/Ergun-Poyraz-Musa`nın-Cocukları-Tayyip-Ve-Emine.pdf,Books for Text_TR/RTE,1.04
Ahlak ve inanc-Albert Pike-Morals and Dogma.pdf,PDF,ZIP Arşivi İçinde (Books for Text_TR-20260529T163910Z-3-002.zip),C:\Users\default.LAPTOP-OBA1HVU9\.antigravity-ide\Books\Books for Text_TR-20260529T163910Z-3-002.zip -> Books for Text_TR/Duvar_TR/Msn-Genel/Ahlak ve inanc-Albert Pike-Morals and Dogma.pdf,Books for Text_TR/Duvar_TR/Msn-Genel,5.39
TR_de Msn Tarhi-2_1957-1970a.pdf,PDF,ZIP Arşivi İçinde (Books for Text_TR-20260529T163910Z-3-002.zip),C:\Users\default.LAPTOP-OBA1HVU9\.antigravity-ide\Books\Books for Text_TR-20260529T163910Z-3-002.zip -> Books for Text_TR/Duvar_TR/M-CLayktez/TR_de Msn Tarhi-2_1957-1970a.pdf,Books for Text_TR/Duvar_TR/M-CLayktez,7.92
Le-Forestier-Tarihte-Ve-Gunumuzde-Gizli-Orgutler.pdf,PDF,ZIP Arşivi İçinde (Books for Text_TR-20260529T163910Z-3-002.zip),C:\Users\default.LAPTOP-OBA1HVU9\.antigravity-ide\Books\Books for Text_TR-20260529T163910Z-3-002.zip -> Books for Text_TR/Duvar_TR/illumint/Le-Forestier-Tarihte-Ve-Gunumuzde-Gizli-Orgutler.pdf,Books for Text_TR/Duvar_TR/illumint,11.22
T57.pdf,PDF,ZIP Arşivi İçinde (Books for Text_TR-20260529T163910Z-3-002.zip),C:\Users\default.LAPTOP-OBA1HVU9\.antigravity-ide\Books\Books for Text_TR-20260529T163910Z-3-002.zip -> Books for Text_TR/Duvar_TR/Dergi-Tesviye/T57.pdf,Books for Text_TR/Duvar_TR/Dergi-Tesviye,12.5
T74.pdf,PDF,ZIP Arşivi İçinde (Books for Text_TR-20260529T163910Z-3-002.zip),C:\Users\default.LAPTOP-OBA1HVU9\.antigravity-ide\Books\Books for Text_TR-20260529T163910Z-3-002.zip -> Books for Text_TR/Duvar_TR/Dergi-Tesviye/T74.pdf,Books for Text_TR/Duvar_TR/Dergi-Tesviye,7.84
Natonun-gizli-ordular-daniele-ganser - Kopya.pdf,PDF,ZIP Arşivi İçinde (Books for Text_TR-20260529T163910Z-3-002.zip),C:\Users\default.LAPTOP-OBA1HVU9\.antigravity-ide\Books\Books for Text_TR-20260529T163910Z-3-002.zip -> Books for Text_TR/Gld-Tr/Natonun-gizli-ordular-daniele-ganser - Kopya.pdf,Books for Text_TR/Gld-Tr,13.74
Uğur-Mumcu-Kürt Dosyası.pdf,PDF,ZIP Arşivi İçinde (Books for Text_TR-20260529T163910Z-3-002.zip),C:\Users\default.LAPTOP-OBA1HVU9\.antigravity-ide\Books\Books for Text_TR-20260529T163910Z-3-002.zip -> Books for Text_TR/Yazarlar-Tr/Uğur Mumcu/Uğur-Mumcu-Kürt Dosyası.pdf,Books for Text_TR/Yazarlar-Tr/Uğur Mumcu,11.53
T56.pdf,PDF,ZIP Arşivi İçinde (Books for Text_TR-20260529T163910Z-3-002.zip),C:\Users\default.LAPTOP-OBA1HVU9\.antigravity-ide\Books\Books for Text_TR-20260529T163910Z-3-002.zip -> Books for Text_TR/Duvar_TR/Dergi-Tesviye/T56.pdf,Books for Text_TR/Duvar_TR/Dergi-Tesviye,14.45
Küresel Düzenin Şifreleri-Ramazan Kurtoğlu.pdf,PDF,ZIP Arşivi İçinde (Books for Text_TR-20260529T163910Z-3-002.zip),C:\Users\default.LAPTOP-OBA1HVU9\.antigravity-ide\Books\Books for Text_TR-20260529T163910Z-3-002.zip -> Books for Text_TR/Duvar_TR/illumint/Küresel Düzenin Şifreleri-Ramazan Kurtoğlu.pdf,Books for Text_TR/Duvar_TR/illumint,13.72
T59.pdf,PDF,ZIP Arşivi İçinde (Books for Text_TR-20260529T163910Z-3-002.zip),C:\Users\default.LAPTOP-OBA1HVU9\.antigravity-ide\Books\Books for Text_TR-20260529T163910Z-3-002.zip -> Books for Text_TR/Duvar_TR/Dergi-Tesviye/T59.pdf,Books for Text_TR/Duvar_TR/Dergi-Tesviye,12.13
TR_de Msn Tarhi-3_1971-1990a.pdf,PDF,ZIP Arşivi İçinde (Books for Text_TR-20260529T163910Z-3-002.zip),C:\Users\default.LAPTOP-OBA1HVU9\.antigravity-ide\Books\Books for Text_TR-20260529T163910Z-3-002.zip -> Books for Text_TR/Duvar_TR/M-CLayktez/TR_de Msn Tarhi-3_1971-1990a.pdf,Books for Text_TR/Duvar_TR/M-CLayktez,8.55
T58.pdf,PDF,ZIP Arşivi İçinde (Books for Text_TR-20260529T163910Z-3-002.zip),C:\Users\default.LAPTOP-OBA1HVU9\.antigravity-ide\Books\Books for Text_TR-20260529T163910Z-3-002.zip -> Books for Text_TR/Duvar_TR/Dergi-Tesviye/T58.pdf,Books for Text_TR/Duvar_TR/Dergi-Tesviye,11.81
T75.pdf,PDF,ZIP Arşivi İçinde (Books for Text_TR-20260529T163910Z-3-002.zip),C:\Users\default.LAPTOP-OBA1HVU9\.antigravity-ide\Books\Books for Text_TR-20260529T163910Z-3-002.zip -> Books for Text_TR/Duvar_TR/Dergi-Tesviye/T75.pdf,Books for Text_TR/Duvar_TR/Dergi-Tesviye,17.46
T67.pdf,PDF,ZIP Arşivi İçinde (Books for Text_TR-20260529T163910Z-3-002.zip),C:\Users\default.LAPTOP-OBA1HVU9\.antigravity-ide\Books\Books for Text_TR-20260529T163910Z-3-002.zip -> Books for Text_TR/Duvar_TR/Dergi-Tesviye/T67.pdf,Books for Text_TR/Duvar_TR/Dergi-Tesviye,16.34
AKP Devrinde Medya Alemi (Vahdet Mesut Ayan) (z-lib.org).pdf,PDF,ZIP Arşivi İçinde (Books for Text_TR-20260529T163910Z-3-002.zip),C:\Users\default.LAPTOP-OBA1HVU9\.antigravity-ide\Books\Books for Text_TR-20260529T163910Z-3-002.zip -> Books for Text_TR/RTE/AKP Devrinde Medya Alemi (Vahdet Mesut Ayan) (z-lib.org).pdf,Books for Text_TR/RTE,7.15
T50.pdf,PDF,ZIP Arşivi İçinde (Books for Text_TR-20260529T163910Z-3-002.zip),C:\Users\default.LAPTOP-OBA1HVU9\.antigravity-ide\Books\Books for Text_TR-20260529T163910Z-3-002.zip -> Books for Text_TR/Duvar_TR/Dergi-Tesviye/T50.pdf,Books for Text_TR/Duvar_TR/Dergi-Tesviye,17.38
T49.pdf,PDF,ZIP Arşivi İçinde (Books for Text_TR-20260529T163910Z-3-002.zip),C:\Users\default.LAPTOP-OBA1HVU9\.antigravity-ide\Books\Books for Text_TR-20260529T163910Z-3-002.zip -> Books for Text_TR/Duvar_TR/Dergi-Tesviye/T49.pdf,Books for Text_TR/Duvar_TR/Dergi-Tesviye,13.65
T44.pdf,PDF,ZIP Arşivi İçinde (Books for Text_TR-20260529T163910Z-3-002.zip),C:\Users\default.LAPTOP-OBA1HVU9\.antigravity-ide\Books\Books for Text_TR-20260529T163910Z-3-002.zip -> Books for Text_TR/Duvar_TR/Dergi-Tesviye/T44.pdf,Books for Text_TR/Duvar_TR/Dergi-Tesviye,10.87
T45.pdf,PDF,ZIP Arşivi İçinde (Books for Text_TR-20260529T163910Z-3-002.zip),C:\Users\default.LAPTOP-OBA1HVU9\.antigravity-ide\Books\Books for Text_TR-20260529T163910Z-3-002.zip -> Books for Text_TR/Duvar_TR/Dergi-Tesviye/T45.pdf,Books for Text_TR/Duvar_TR/Dergi-Tesviye,15.27
T40.pdf,PDF,ZIP Arşivi İçinde (Books for Text_TR-20260529T163910Z-3-002.zip),C:\Users\default.LAPTOP-OBA1HVU9\.antigravity-ide\Books\Books for Text_TR-20260529T163910Z-3-002.zip -> Books for Text_TR/Duvar_TR/Dergi-Tesviye/T40.pdf,Books for Text_TR/Duvar_TR/Dergi-Tesviye,10.09
Halil-Inalcik-Devlet-i-Aliyye-1-pdf.pdf,PDF,ZIP Arşivi İçinde (Books for Text_TR-20260529T163910Z-3-002.zip),C:\Users\default.LAPTOP-OBA1HVU9\.antigravity-ide\Books\Books for Text_TR-20260529T163910Z-3-002.zip -> Books for Text_TR/Tarih/Halil İnalcık/Halil-Inalcik-Devlet-i-Aliyye-1-pdf.pdf,Books for Text_TR/Tarih/Halil İnalcık,15.93
T52.pdf,PDF,ZIP Arşivi İçinde (Books for Text_TR-20260529T163910Z-3-002.zip),C:\Users\default.LAPTOP-OBA1HVU9\.antigravity-ide\Books\Books for Text_TR-20260529T163910Z-3-002.zip -> Books for Text_TR/Duvar_TR/Dergi-Tesviye/T52.pdf,Books for Text_TR/Duvar_TR/Dergi-Tesviye,21.53
T47.pdf,PDF,ZIP Arşivi İçinde (Books for Text_TR-20260529T163910Z-3-002.zip),C:\Users\default.LAPTOP-OBA1HVU9\.antigravity-ide\Books\Books for Text_TR-20260529T163910Z-3-002.zip -> Books for Text_TR/Duvar_TR/Dergi-Tesviye/T47.pdf,Books for Text_TR/Duvar_TR/Dergi-Tesviye,18.24
T48.pdf,PDF,ZIP Arşivi İçinde (Books for Text_TR-20260529T163910Z-3-002.zip),C:\Users\default.LAPTOP-OBA1HVU9\.antigravity-ide\Books\Books for Text_TR-20260529T163910Z-3-002.zip -> Books for Text_TR/Duvar_TR/Dergi-Tesviye/T48.pdf,Books for Text_TR/Duvar_TR/Dergi-Tesviye,17.81
T37.pdf,PDF,ZIP Arşivi İçinde (Books for Text_TR-20260529T163910Z-3-002.zip),C:\Users\default.LAPTOP-OBA1HVU9\.antigravity-ide\Books\Books for Text_TR-20260529T163910Z-3-002.zip -> Books for Text_TR/Duvar_TR/Dergi-Tesviye/T37.pdf,Books for Text_TR/Duvar_TR/Dergi-Tesviye,7.39
T54.pdf,PDF,ZIP Arşivi İçinde (Books for Text_TR-20260529T163910Z-3-002.zip),C:\Users\default.LAPTOP-OBA1HVU9\.antigravity-ide\Books\Books for Text_TR-20260529T163910Z-3-002.zip -> Books for Text_TR/Duvar_TR/Dergi-Tesviye/T54.pdf,Books for Text_TR/Duvar_TR/Dergi-Tesviye,21.89
T43.pdf,PDF,ZIP Arşivi İçinde (Books for Text_TR-20260529T163910Z-3-002.zip),C:\Users\default.LAPTOP-OBA1HVU9\.antigravity-ide\Books\Books for Text_TR-20260529T163910Z-3-002.zip -> Books for Text_TR/Duvar_TR/Dergi-Tesviye/T43.pdf,Books for Text_TR/Duvar_TR/Dergi-Tesviye,10.08
T22.pdf,PDF,ZIP Arşivi İçinde (Books for Text_TR-20260529T163910Z-3-002.zip),C:\Users\default.LAPTOP-OBA1HVU9\.antigravity-ide\Books\Books for Text_TR-20260529T163910Z-3-002.zip -> Books for Text_TR/Duvar_TR/Dergi-Tesviye/T22.pdf,Books for Text_TR/Duvar_TR/Dergi-Tesviye,8.7
T41.pdf,PDF,ZIP Arşivi İçinde (Books for Text_TR-20260529T163910Z-3-002.zip),C:\Users\default.LAPTOP-OBA1HVU9\.antigravity-ide\Books\Books for Text_TR-20260529T163910Z-3-002.zip -> Books for Text_TR/Duvar_TR/Dergi-Tesviye/T41.pdf,Books for Text_TR/Duvar_TR/Dergi-Tesviye,14.79
T51.pdf,PDF,ZIP Arşivi İçinde (Books for Text_TR-20260529T163910Z-3-002.zip),C:\Users\default.LAPTOP-OBA1HVU9\.antigravity-ide\Books\Books for Text_TR-20260529T163910Z-3-002.zip -> Books for Text_TR/Duvar_TR/Dergi-Tesviye/T51.pdf,Books for Text_TR/Duvar_TR/Dergi-Tesviye,20.91
T38.pdf,PDF,ZIP Arşivi İçinde (Books for Text_TR-20260529T163910Z-3-002.zip),C:\Users\default.LAPTOP-OBA1HVU9\.antigravity-ide\Books\Books for Text_TR-20260529T163910Z-3-002.zip -> Books for Text_TR/Duvar_TR/Dergi-Tesviye/T38.pdf,Books for Text_TR/Duvar_TR/Dergi-Tesviye,11.74
T39.pdf,PDF,ZIP Arşivi İçinde (Books for Text_TR-20260529T163910Z-3-002.zip),C:\Users\default.LAPTOP-OBA1HVU9\.antigravity-ide\Books\Books for Text_TR-20260529T163910Z-3-002.zip -> Books for Text_TR/Duvar_TR/Dergi-Tesviye/T39.pdf,Books for Text_TR/Duvar_TR/Dergi-Tesviye,13.27
SS-1-Baris-Pehlivan-Baris-Terkoglu.pdf,PDF,ZIP Arşivi İçinde (Books for Text_TR-20260529T163910Z-3-002.zip),C:\Users\default.LAPTOP-OBA1HVU9\.antigravity-ide\Books\Books for Text_TR-20260529T163910Z-3-002.zip -> Books for Text_TR/RTE/SS-1-Baris-Pehlivan-Baris-Terkoglu.pdf,Books for Text_TR/RTE,21.61
T42.pdf,PDF,ZIP Arşivi İçinde (Books for Text_TR-20260529T163910Z-3-002.zip),C:\Users\default.LAPTOP-OBA1HVU9\.antigravity-ide\Books\Books for Text_TR-20260529T163910Z-3-002.zip -> Books for Text_TR/Duvar_TR/Dergi-Tesviye/T42.pdf,Books for Text_TR/Duvar_TR/Dergi-Tesviye,13.0
T35.pdf,PDF,ZIP Arşivi İçinde (Books for Text_TR-20260529T163910Z-3-002.zip),C:\Users\default.LAPTOP-OBA1HVU9\.antigravity-ide\Books\Books for Text_TR-20260529T163910Z-3-002.zip -> Books for Text_TR/Duvar_TR/Dergi-Tesviye/T35.pdf,Books for Text_TR/Duvar_TR/Dergi-Tesviye,11.75
T36.pdf,PDF,ZIP Arşivi İçinde (Books for Text_TR-20260529T163910Z-3-002.zip),C:\Users\default.LAPTOP-OBA1HVU9\.antigravity-ide\Books\Books for Text_TR-20260529T163910Z-3-002.zip -> Books for Text_TR/Duvar_TR/Dergi-Tesviye/T36.pdf,Books for Text_TR/Duvar_TR/Dergi-Tesviye,18.09
T46.pdf,PDF,ZIP Arşivi İçinde (Books for Text_TR-20260529T163910Z-3-002.zip),C:\Users\default.LAPTOP-OBA1HVU9\.antigravity-ide\Books\Books for Text_TR-20260529T163910Z-3-002.zip -> Books for Text_TR/Duvar_TR/Dergi-Tesviye/T46.pdf,Books for Text_TR/Duvar_TR/Dergi-Tesviye,24.2
T21.pdf,PDF,ZIP Arşivi İçinde (Books for Text_TR-20260529T163910Z-3-002.zip),C:\Users\default.LAPTOP-OBA1HVU9\.antigravity-ide\Books\Books for Text_TR-20260529T163910Z-3-002.zip -> Books for Text_TR/Duvar_TR/Dergi-Tesviye/T21.pdf,Books for Text_TR/Duvar_TR/Dergi-Tesviye,9.73
T19.pdf,PDF,ZIP Arşivi İçinde (Books for Text_TR-20260529T163910Z-3-002.zip),C:\Users\default.LAPTOP-OBA1HVU9\.antigravity-ide\Books\Books for Text_TR-20260529T163910Z-3-002.zip -> Books for Text_TR/Duvar_TR/Dergi-Tesviye/T19.pdf,Books for Text_TR/Duvar_TR/Dergi-Tesviye,11.94
T20.pdf,PDF,ZIP Arşivi İçinde (Books for Text_TR-20260529T163910Z-3-002.zip),C:\Users\default.LAPTOP-OBA1HVU9\.antigravity-ide\Books\Books for Text_TR-20260529T163910Z-3-002.zip -> Books for Text_TR/Duvar_TR/Dergi-Tesviye/T20.pdf,Books for Text_TR/Duvar_TR/Dergi-Tesviye,10.69
T53.pdf,PDF,ZIP Arşivi İçinde (Books for Text_TR-20260529T163910Z-3-002.zip),C:\Users\default.LAPTOP-OBA1HVU9\.antigravity-ide\Books\Books for Text_TR-20260529T163910Z-3-002.zip -> Books for Text_TR/Duvar_TR/Dergi-Tesviye/T53.pdf,Books for Text_TR/Duvar_TR/Dergi-Tesviye,20.99
T33.pdf,PDF,ZIP Arşivi İçinde (Books for Text_TR-20260529T163910Z-3-002.zip),C:\Users\default.LAPTOP-OBA1HVU9\.antigravity-ide\Books\Books for Text_TR-20260529T163910Z-3-002.zip -> Books for Text_TR/Duvar_TR/Dergi-Tesviye/T33.pdf,Books for Text_TR/Duvar_TR/Dergi-Tesviye,16.06
T13.pdf,PDF,ZIP Arşivi İçinde (Books for Text_TR-20260529T163910Z-3-002.zip),C:\Users\default.LAPTOP-OBA1HVU9\.antigravity-ide\Books\Books for Text_TR-20260529T163910Z-3-002.zip -> Books for Text_TR/Duvar_TR/Dergi-Tesviye/T13.pdf,Books for Text_TR/Duvar_TR/Dergi-Tesviye,10.65
T26.pdf,PDF,ZIP Arşivi İçinde (Books for Text_TR-20260529T163910Z-3-002.zip),C:\Users\default.LAPTOP-OBA1HVU9\.antigravity-ide\Books\Books for Text_TR-20260529T163910Z-3-002.zip -> Books for Text_TR/Duvar_TR/Dergi-Tesviye/T26.pdf,Books for Text_TR/Duvar_TR/Dergi-Tesviye,7.87
T55.pdf,PDF,ZIP Arşivi İçinde (Books for Text_TR-20260529T163910Z-3-002.zip),C:\Users\default.LAPTOP-OBA1HVU9\.antigravity-ide\Books\Books for Text_TR-20260529T163910Z-3-002.zip -> Books for Text_TR/Duvar_TR/Dergi-Tesviye/T55.pdf,Books for Text_TR/Duvar_TR/Dergi-Tesviye,28.69
T34.pdf,PDF,ZIP Arşivi İçinde (Books for Text_TR-20260529T163910Z-3-002.zip),C:\Users\default.LAPTOP-OBA1HVU9\.antigravity-ide\Books\Books for Text_TR-20260529T163910Z-3-002.zip -> Books for Text_TR/Duvar_TR/Dergi-Tesviye/T34.pdf,Books for Text_TR/Duvar_TR/Dergi-Tesviye,18.69
T27.pdf,PDF,ZIP Arşivi İçinde (Books for Text_TR-20260529T163910Z-3-002.zip),C:\Users\default.LAPTOP-OBA1HVU9\.antigravity-ide\Books\Books for Text_TR-20260529T163910Z-3-002.zip -> Books for Text_TR/Duvar_TR/Dergi-Tesviye/T27.pdf,Books for Text_TR/Duvar_TR/Dergi-Tesviye,14.2
T17.pdf,PDF,ZIP Arşivi İçinde (Books for Text_TR-20260529T163910Z-3-002.zip),C:\Users\default.LAPTOP-OBA1HVU9\.antigravity-ide\Books\Books for Text_TR-20260529T163910Z-3-002.zip -> Books for Text_TR/Duvar_TR/Dergi-Tesviye/T17.pdf,Books for Text_TR/Duvar_TR/Dergi-Tesviye,13.07
T18.pdf,PDF,ZIP Arşivi İçinde (Books for Text_TR-20260529T163910Z-3-002.zip),C:\Users\default.LAPTOP-OBA1HVU9\.antigravity-ide\Books\Books for Text_TR-20260529T163910Z-3-002.zip -> Books for Text_TR/Duvar_TR/Dergi-Tesviye/T18.pdf,Books for Text_TR/Duvar_TR/Dergi-Tesviye,11.55
T14.pdf,PDF,ZIP Arşivi İçinde (Books for Text_TR-20260529T163910Z-3-002.zip),C:\Users\default.LAPTOP-OBA1HVU9\.antigravity-ide\Books\Books for Text_TR-20260529T163910Z-3-002.zip -> Books for Text_TR/Duvar_TR/Dergi-Tesviye/T14.pdf,Books for Text_TR/Duvar_TR/Dergi-Tesviye,11.8
T11.pdf,PDF,ZIP Arşivi İçinde (Books for Text_TR-20260529T163910Z-3-002.zip),C:\Users\default.LAPTOP-OBA1HVU9\.antigravity-ide\Books\Books for Text_TR-20260529T163910Z-3-002.zip -> Books for Text_TR/Duvar_TR/Dergi-Tesviye/T11.pdf,Books for Text_TR/Duvar_TR/Dergi-Tesviye,10.44
T29.pdf,PDF,ZIP Arşivi İçinde (Books for Text_TR-20260529T163910Z-3-002.zip),C:\Users\default.LAPTOP-OBA1HVU9\.antigravity-ide\Books\Books for Text_TR-20260529T163910Z-3-002.zip -> Books for Text_TR/Duvar_TR/Dergi-Tesviye/T29.pdf,Books for Text_TR/Duvar_TR/Dergi-Tesviye,17.1
T12.pdf,PDF,ZIP Arşivi İçinde (Books for Text_TR-20260529T163910Z-3-002.zip),C:\Users\default.LAPTOP-OBA1HVU9\.antigravity-ide\Books\Books for Text_TR-20260529T163910Z-3-002.zip -> Books for Text_TR/Duvar_TR/Dergi-Tesviye/T12.pdf,Books for Text_TR/Duvar_TR/Dergi-Tesviye,11.45
T10.pdf,PDF,ZIP Arşivi İçinde (Books for Text_TR-20260529T163910Z-3-002.zip),C:\Users\default.LAPTOP-OBA1HVU9\.antigravity-ide\Books\Books for Text_TR-20260529T163910Z-3-002.zip -> Books for Text_TR/Duvar_TR/Dergi-Tesviye/T10.pdf,Books for Text_TR/Duvar_TR/Dergi-Tesviye,10.0
T32.pdf,PDF,ZIP Arşivi İçinde (Books for Text_TR-20260529T163910Z-3-002.zip),C:\Users\default.LAPTOP-OBA1HVU9\.antigravity-ide\Books\Books for Text_TR-20260529T163910Z-3-002.zip -> Books for Text_TR/Duvar_TR/Dergi-Tesviye/T32.pdf,Books for Text_TR/Duvar_TR/Dergi-Tesviye,16.01
T15.pdf,PDF,ZIP Arşivi İçinde (Books for Text_TR-20260529T163910Z-3-002.zip),C:\Users\default.LAPTOP-OBA1HVU9\.antigravity-ide\Books\Books for Text_TR-20260529T163910Z-3-002.zip -> Books for Text_TR/Duvar_TR/Dergi-Tesviye/T15.pdf,Books for Text_TR/Duvar_TR/Dergi-Tesviye,13.5
T28.pdf,PDF,ZIP Arşivi İçinde (Books for Text_TR-20260529T163910Z-3-002.zip),C:\Users\default.LAPTOP-OBA1HVU9\.antigravity-ide\Books\Books for Text_TR-20260529T163910Z-3-002.zip -> Books for Text_TR/Duvar_TR/Dergi-Tesviye/T28.pdf,Books for Text_TR/Duvar_TR/Dergi-Tesviye,17.03
T09.pdf,PDF,ZIP Arşivi İçinde (Books for Text_TR-20260529T163910Z-3-002.zip),C:\Users\default.LAPTOP-OBA1HVU9\.antigravity-ide\Books\Books for Text_TR-20260529T163910Z-3-002.zip -> Books for Text_TR/Duvar_TR/Dergi-Tesviye/T09.pdf,Books for Text_TR/Duvar_TR/Dergi-Tesviye,9.95
Soner-Yalcın-Kara-Kutu-1-pdf.pdf,PDF,ZIP Arşivi İçinde (Books for Text_TR-20260529T163910Z-3-002.zip),C:\Users\default.LAPTOP-OBA1HVU9\.antigravity-ide\Books\Books for Text_TR-20260529T163910Z-3-002.zip -> Books for Text_TR/Yazarlar-Tr/Soner Yalçın/Soner-Yalcın-Kara-Kutu-1-pdf.pdf,Books for Text_TR/Yazarlar-Tr/Soner Yalçın,267.79
T08.pdf,PDF,ZIP Arşivi İçinde (Books for Text_TR-20260529T163910Z-3-002.zip),C:\Users\default.LAPTOP-OBA1HVU9\.antigravity-ide\Books\Books for Text_TR-20260529T163910Z-3-002.zip -> Books for Text_TR/Duvar_TR/Dergi-Tesviye/T08.pdf,Books for Text_TR/Duvar_TR/Dergi-Tesviye,10.4
T05.pdf,PDF,ZIP Arşivi İçinde (Books for Text_TR-20260529T163910Z-3-002.zip),C:\Users\default.LAPTOP-OBA1HVU9\.antigravity-ide\Books\Books for Text_TR-20260529T163910Z-3-002.zip -> Books for Text_TR/Duvar_TR/Dergi-Tesviye/T05.pdf,Books for Text_TR/Duvar_TR/Dergi-Tesviye,7.37
T03.pdf,PDF,ZIP Arşivi İçinde (Books for Text_TR-20260529T163910Z-3-002.zip),C:\Users\default.LAPTOP-OBA1HVU9\.antigravity-ide\Books\Books for Text_TR-20260529T163910Z-3-002.zip -> Books for Text_TR/Duvar_TR/Dergi-Tesviye/T03.pdf,Books for Text_TR/Duvar_TR/Dergi-Tesviye,7.6
T02.pdf,PDF,ZIP Arşivi İçinde (Books for Text_TR-20260529T163910Z-3-002.zip),C:\Users\default.LAPTOP-OBA1HVU9\.antigravity-ide\Books\Books for Text_TR-20260529T163910Z-3-002.zip -> Books for Text_TR/Duvar_TR/Dergi-Tesviye/T02.pdf,Books for Text_TR/Duvar_TR/Dergi-Tesviye,10.58
T06.pdf,PDF,ZIP Arşivi İçinde (Books for Text_TR-20260529T163910Z-3-002.zip),C:\Users\default.LAPTOP-OBA1HVU9\.antigravity-ide\Books\Books for Text_TR-20260529T163910Z-3-002.zip -> Books for Text_TR/Duvar_TR/Dergi-Tesviye/T06.pdf,Books for Text_TR/Duvar_TR/Dergi-Tesviye,9.03
T25.pdf,PDF,ZIP Arşivi İçinde (Books for Text_TR-20260529T163910Z-3-002.zip),C:\Users\default.LAPTOP-OBA1HVU9\.antigravity-ide\Books\Books for Text_TR-20260529T163910Z-3-002.zip -> Books for Text_TR/Duvar_TR/Dergi-Tesviye/T25.pdf,Books for Text_TR/Duvar_TR/Dergi-Tesviye,20.47
T04.pdf,PDF,ZIP Arşivi İçinde (Books for Text_TR-20260529T163910Z-3-002.zip),C:\Users\default.LAPTOP-OBA1HVU9\.antigravity-ide\Books\Books for Text_TR-20260529T163910Z-3-002.zip -> Books for Text_TR/Duvar_TR/Dergi-Tesviye/T04.pdf,Books for Text_TR/Duvar_TR/Dergi-Tesviye,11.58
Mimar-Sinan-dergisi-93.pdf,PDF,ZIP Arşivi İçinde (Books for Text_TR-20260529T163910Z-3-002.zip),C:\Users\default.LAPTOP-OBA1HVU9\.antigravity-ide\Books\Books for Text_TR-20260529T163910Z-3-002.zip -> Books for Text_TR/Duvar_TR/Dergi-MSinan/Mimar-Sinan-dergisi-93.pdf,Books for Text_TR/Duvar_TR/Dergi-MSinan,3.87
Mimar-Sinan-dergisi-101.pdf,PDF,ZIP Arşivi İçinde (Books for Text_TR-20260529T163910Z-3-002.zip),C:\Users\default.LAPTOP-OBA1HVU9\.antigravity-ide\Books\Books for Text_TR-20260529T163910Z-3-002.zip -> Books for Text_TR/Duvar_TR/Dergi-MSinan/Mimar-Sinan-dergisi-101.pdf,Books for Text_TR/Duvar_TR/Dergi-MSinan,5.79
T07.pdf,PDF,ZIP Arşivi İçinde (Books for Text_TR-20260529T163910Z-3-002.zip),C:\Users\default.LAPTOP-OBA1HVU9\.antigravity-ide\Books\Books for Text_TR-20260529T163910Z-3-002.zip -> Books for Text_TR/Duvar_TR/Dergi-Tesviye/T07.pdf,Books for Text_TR/Duvar_TR/Dergi-Tesviye,11.84
Mimar-Sinan-dergisi-16.pdf,PDF,ZIP Arşivi İçinde (Books for Text_TR-20260529T163910Z-3-002.zip),C:\Users\default.LAPTOP-OBA1HVU9\.antigravity-ide\Books\Books for Text_TR-20260529T163910Z-3-002.zip -> Books for Text_TR/Duvar_TR/Dergi-MSinan/Mimar-Sinan-dergisi-16.pdf,Books for Text_TR/Duvar_TR/Dergi-MSinan,3.7
Mimar-Sinan-dergisi-92.pdf,PDF,ZIP Arşivi İçinde (Books for Text_TR-20260529T163910Z-3-002.zip),C:\Users\default.LAPTOP-OBA1HVU9\.antigravity-ide\Books\Books for Text_TR-20260529T163910Z-3-002.zip -> Books for Text_TR/Duvar_TR/Dergi-MSinan/Mimar-Sinan-dergisi-92.pdf,Books for Text_TR/Duvar_TR/Dergi-MSinan,4.46
Mimar-Sinan-dergisi-95.pdf,PDF,ZIP Arşivi İçinde (Books for Text_TR-20260529T163910Z-3-002.zip),C:\Users\default.LAPTOP-OBA1HVU9\.antigravity-ide\Books\Books for Text_TR-20260529T163910Z-3-002.zip -> Books for Text_TR/Duvar_TR/Dergi-MSinan/Mimar-Sinan-dergisi-95.pdf,Books for Text_TR/Duvar_TR/Dergi-MSinan,3.62
Mimar-Sinan-dergisi-100.pdf,PDF,ZIP Arşivi İçinde (Books for Text_TR-20260529T163910Z-3-002.zip),C:\Users\default.LAPTOP-OBA1HVU9\.antigravity-ide\Books\Books for Text_TR-20260529T163910Z-3-002.zip -> Books for Text_TR/Duvar_TR/Dergi-MSinan/Mimar-Sinan-dergisi-100.pdf,Books for Text_TR/Duvar_TR/Dergi-MSinan,7.77
Mimar-Sinan-dergisi-17.pdf,PDF,ZIP Arşivi İçinde (Books for Text_TR-20260529T163910Z-3-002.zip),C:\Users\default.LAPTOP-OBA1HVU9\.antigravity-ide\Books\Books for Text_TR-20260529T163910Z-3-002.zip -> Books for Text_TR/Duvar_TR/Dergi-MSinan/Mimar-Sinan-dergisi-17.pdf,Books for Text_TR/Duvar_TR/Dergi-MSinan,3.35
Mimar-Sinan-dergisi-94.pdf,PDF,ZIP Arşivi İçinde (Books for Text_TR-20260529T163910Z-3-002.zip),C:\Users\default.LAPTOP-OBA1HVU9\.antigravity-ide\Books\Books for Text_TR-20260529T163910Z-3-002.zip -> Books for Text_TR/Duvar_TR/Dergi-MSinan/Mimar-Sinan-dergisi-94.pdf,Books for Text_TR/Duvar_TR/Dergi-MSinan,4.08
T01.pdf,PDF,ZIP Arşivi İçinde (Books for Text_TR-20260529T163910Z-3-002.zip),C:\Users\default.LAPTOP-OBA1HVU9\.antigravity-ide\Books\Books for Text_TR-20260529T163910Z-3-002.zip -> Books for Text_TR/Duvar_TR/Dergi-Tesviye/T01.pdf,Books for Text_TR/Duvar_TR/Dergi-Tesviye,9.98
Mimar-Sinan-dergisi-137.pdf,PDF,ZIP Arşivi İçinde (Books for Text_TR-20260529T163910Z-3-002.zip),C:\Users\default.LAPTOP-OBA1HVU9\.antigravity-ide\Books\Books for Text_TR-20260529T163910Z-3-002.zip -> Books for Text_TR/Duvar_TR/Dergi-MSinan/Mimar-Sinan-dergisi-137.pdf,Books for Text_TR/Duvar_TR/Dergi-MSinan,4.39
Mimar-Sinan-dergisi-1.pdf,PDF,ZIP Arşivi İçinde (Books for Text_TR-20260529T163910Z-3-002.zip),C:\Users\default.LAPTOP-OBA1HVU9\.antigravity-ide\Books\Books for Text_TR-20260529T163910Z-3-002.zip -> Books for Text_TR/Duvar_TR/Dergi-MSinan/Mimar-Sinan-dergisi-1.pdf,Books for Text_TR/Duvar_TR/Dergi-MSinan,59.26
Ms_Sozlugu_12_Yontemler.pdf,PDF,ZIP Arşivi İçinde (Books for Text_TR-20260529T163910Z-3-002.zip),C:\Users\default.LAPTOP-OBA1HVU9\.antigravity-ide\Books\Books for Text_TR-20260529T163910Z-3-002.zip -> Books for Text_TR/Duvar_TR/M-Murat Özgen Ayfer/Ms-Sözlüğü/Ms_Sozlugu_12_Yontemler.pdf,Books for Text_TR/Duvar_TR/M-Murat Özgen Ayfer/Ms-Sözlüğü,1.41
T30.pdf,PDF,ZIP Arşivi İçinde (Books for Text_TR-20260529T163910Z-3-002.zip),C:\Users\default.LAPTOP-OBA1HVU9\.antigravity-ide\Books\Books for Text_TR-20260529T163910Z-3-002.zip -> Books for Text_TR/Duvar_TR/Dergi-Tesviye/T30.pdf,Books for Text_TR/Duvar_TR/Dergi-Tesviye,14.47
Mimar-Sinan-dergisi-96.pdf,PDF,ZIP Arşivi İçinde (Books for Text_TR-20260529T163910Z-3-002.zip),C:\Users\default.LAPTOP-OBA1HVU9\.antigravity-ide\Books\Books for Text_TR-20260529T163910Z-3-002.zip -> Books for Text_TR/Duvar_TR/Dergi-MSinan/Mimar-Sinan-dergisi-96.pdf,Books for Text_TR/Duvar_TR/Dergi-MSinan,3.89
Mimar-Sinan-dergisi-26.pdf,PDF,ZIP Arşivi İçinde (Books for Text_TR-20260529T163910Z-3-002.zip),C:\Users\default.LAPTOP-OBA1HVU9\.antigravity-ide\Books\Books for Text_TR-20260529T163910Z-3-002.zip -> Books for Text_TR/Duvar_TR/Dergi-MSinan/Mimar-Sinan-dergisi-26.pdf,Books for Text_TR/Duvar_TR/Dergi-MSinan,3.97
Mimar-Sinan-dergisi-146.pdf,PDF,ZIP Arşivi İçinde (Books for Text_TR-20260529T163910Z-3-002.zip),C:\Users\default.LAPTOP-OBA1HVU9\.antigravity-ide\Books\Books for Text_TR-20260529T163910Z-3-002.zip -> Books for Text_TR/Duvar_TR/Dergi-MSinan/Mimar-Sinan-dergisi-146.pdf,Books for Text_TR/Duvar_TR/Dergi-MSinan,3.16
Soner-Yalcin-Binbasi-Ersever-in-Itiraflari.pdf,PDF,ZIP Arşivi İçinde (Books for Text_TR-20260529T163910Z-3-002.zip),C:\Users\default.LAPTOP-OBA1HVU9\.antigravity-ide\Books\Books for Text_TR-20260529T163910Z-3-002.zip -> Books for Text_TR/Yazarlar-Tr/Soner Yalçın/Soner-Yalcin-Binbasi-Ersever-in-Itiraflari.pdf,Books for Text_TR/Yazarlar-Tr/Soner Yalçın,0.94
Ms_Sozlugu_11_Gorevler.pdf,PDF,ZIP Arşivi İçinde (Books for Text_TR-20260529T163910Z-3-002.zip),C:\Users\default.LAPTOP-OBA1HVU9\.antigravity-ide\Books\Books for Text_TR-20260529T163910Z-3-002.zip -> Books for Text_TR/Duvar_TR/M-Murat Özgen Ayfer/Ms-Sözlüğü/Ms_Sozlugu_11_Gorevler.pdf,Books for Text_TR/Duvar_TR/M-Murat Özgen Ayfer/Ms-Sözlüğü,0.92
Ms_Sozlugu_10_Sistemle.pdf,PDF,ZIP Arşivi İçinde (Books for Text_TR-20260529T163910Z-3-002.zip),C:\Users\default.LAPTOP-OBA1HVU9\.antigravity-ide\Books\Books for Text_TR-20260529T163910Z-3-002.zip -> Books for Text_TR/Duvar_TR/M-Murat Özgen Ayfer/Ms-Sözlüğü/Ms_Sozlugu_10_Sistemle.pdf,Books for Text_TR/Duvar_TR/M-Murat Özgen Ayfer/Ms-Sözlüğü,1.43
Andersonun_Kitabı-4-Genel Tüzük.pdf,PDF,ZIP Arşivi İçinde (Books for Text_TR-20260529T163910Z-3-002.zip),C:\Users\default.LAPTOP-OBA1HVU9\.antigravity-ide\Books\Books for Text_TR-20260529T163910Z-3-002.zip -> Books for Text_TR/Duvar_TR/M-Murat Özgen Ayfer/Anderson_un Kitabı/Andersonun_Kitabı-4-Genel Tüzük.pdf,Books for Text_TR/Duvar_TR/M-Murat Özgen Ayfer/Anderson_un Kitabı,0.29
Manipüle Edilen Büyükelçi.pdf,PDF,ZIP Arşivi İçinde (Books for Text_TR-20260529T163910Z-3-002.zip),C:\Users\default.LAPTOP-OBA1HVU9\.antigravity-ide\Books\Books for Text_TR-20260529T163910Z-3-002.zip -> Books for Text_TR/Karlov/Manipüle Edilen Büyükelçi.pdf,Books for Text_TR/Karlov,1.03
karlov_case_ENG.pdf,PDF,ZIP Arşivi İçinde (Books for Text_TR-20260529T163910Z-3-002.zip),C:\Users\default.LAPTOP-OBA1HVU9\.antigravity-ide\Books\Books for Text_TR-20260529T163910Z-3-002.zip -> Books for Text_TR/Karlov/karlov_case_ENG.pdf,Books for Text_TR/Karlov,0.4
Soner-Yalcın-Teşkilatın-İki-Silahşoru-pdf (1).pdf,PDF,ZIP Arşivi İçinde (Books for Text_TR-20260529T163910Z-3-002.zip),C:\Users\default.LAPTOP-OBA1HVU9\.antigravity-ide\Books\Books for Text_TR-20260529T163910Z-3-002.zip -> Books for Text_TR/Yazarlar-Tr/Soner Yalçın/Soner-Yalcın-Teşkilatın-İki-Silahşoru-pdf (1).pdf,Books for Text_TR/Yazarlar-Tr/Soner Yalçın,1.24
Philip Willan Soylesi-Umran Dergisi-2009-Aralik.pdf,PDF,ZIP Arşivi İçinde (Books for Text_TR-20260529T163910Z-3-002.zip),C:\Users\default.LAPTOP-OBA1HVU9\.antigravity-ide\Books\Books for Text_TR-20260529T163910Z-3-002.zip -> Books for Text_TR/Gld-World/Philip Willan Soylesi/Philip Willan Soylesi-Umran Dergisi-2009-Aralik.pdf,Books for Text_TR/Gld-World/Philip Willan Soylesi,0.64
Andersonun_Kitabı-3-Yükümlülükler.pdf,PDF,ZIP Arşivi İçinde (Books for Text_TR-20260529T163910Z-3-002.zip),C:\Users\default.LAPTOP-OBA1HVU9\.antigravity-ide\Books\Books for Text_TR-20260529T163910Z-3-002.zip -> Books for Text_TR/Duvar_TR/M-Murat Özgen Ayfer/Anderson_un Kitabı/Andersonun_Kitabı-3-Yükümlülükler.pdf,Books for Text_TR/Duvar_TR/M-Murat Özgen Ayfer/Anderson_un Kitabı,0.34
zBilinmeyen-Yonleriyle-Soner-Yalcın.pdf,PDF,ZIP Arşivi İçinde (Books for Text_TR-20260529T163910Z-3-002.zip),C:\Users\default.LAPTOP-OBA1HVU9\.antigravity-ide\Books\Books for Text_TR-20260529T163910Z-3-002.zip -> Books for Text_TR/Yazarlar-Tr/Soner Yalçın/zBilinmeyen-Yonleriyle-Soner-Yalcın.pdf,Books for Text_TR/Yazarlar-Tr/Soner Yalçın,0.13
İletişim-Cağında-Kultur.pdf,PDF,ZIP Arşivi İçinde (Books for Text_TR-20260529T163910Z-3-002.zip),C:\Users\default.LAPTOP-OBA1HVU9\.antigravity-ide\Books\Books for Text_TR-20260529T163910Z-3-002.zip -> Books for Text_TR/Propaganda ve İkna/Kitle iletisimi/İletişim-Cağında-Kultur.pdf,Books for Text_TR/Propaganda ve İkna/Kitle iletisimi,1.63
CIA-nin-Buyuk-Operasyonları.pdf,PDF,ZIP Arşivi İçinde (Books for Text_TR-20260529T163910Z-3-002.zip),C:\Users\default.LAPTOP-OBA1HVU9\.antigravity-ide\Books\Books for Text_TR-20260529T163910Z-3-002.zip -> Books for Text_TR/İstihbarat/ca/CIA-nin-Buyuk-Operasyonları.pdf,Books for Text_TR/İstihbarat/ca,0.95
Mimar-Sinan-dergisi-14.pdf,PDF,ZIP Arşivi İçinde (Books for Text_TR-20260529T163910Z-3-002.zip),C:\Users\default.LAPTOP-OBA1HVU9\.antigravity-ide\Books\Books for Text_TR-20260529T163910Z-3-002.zip -> Books for Text_TR/Duvar_TR/Dergi-MSinan/Mimar-Sinan-dergisi-14.pdf,Books for Text_TR/Duvar_TR/Dergi-MSinan,3.03
zKonulara_Gore_Fihrist.pdf,PDF,ZIP Arşivi İçinde (Books for Text_TR-20260529T163910Z-3-002.zip),C:\Users\default.LAPTOP-OBA1HVU9\.antigravity-ide\Books\Books for Text_TR-20260529T163910Z-3-002.zip -> Books for Text_TR/Duvar_TR/Dergi-MSinan/zKonulara_Gore_Fihrist.pdf,Books for Text_TR/Duvar_TR/Dergi-MSinan,0.31
Ms_Sozlugu_2_Simgeler_v.pdf,PDF,ZIP Arşivi İçinde (Books for Text_TR-20260529T163910Z-3-002.zip),C:\Users\default.LAPTOP-OBA1HVU9\.antigravity-ide\Books\Books for Text_TR-20260529T163910Z-3-002.zip -> Books for Text_TR/Duvar_TR/M-Murat Özgen Ayfer/Ms-Sözlüğü/Ms_Sozlugu_2_Simgeler_v.pdf,Books for Text_TR/Duvar_TR/M-Murat Özgen Ayfer/Ms-Sözlüğü,1.2
Analiz-Mehmet-Eymur.pdf,PDF,ZIP Arşivi İçinde (Books for Text_TR-20260529T163910Z-3-002.zip),C:\Users\default.LAPTOP-OBA1HVU9\.antigravity-ide\Books\Books for Text_TR-20260529T163910Z-3-002.zip -> Books for Text_TR/İstihbarat/Mit/Analiz-Mehmet-Eymur.pdf,Books for Text_TR/İstihbarat/Mit,1.35
Aytunç Altındal - Hangi İsa.pdf,PDF,ZIP Arşivi İçinde (Books for Text_TR-20260529T163910Z-3-002.zip),C:\Users\default.LAPTOP-OBA1HVU9\.antigravity-ide\Books\Books for Text_TR-20260529T163910Z-3-002.zip -> Books for Text_TR/Yazarlar-Tr/Aytunç Altındal/Aytunç Altındal - Hangi İsa.pdf,Books for Text_TR/Yazarlar-Tr/Aytunç Altındal,0.86
3.pdf,PDF,ZIP Arşivi İçinde (Books for Text_TR-20260529T163910Z-3-002.zip),C:\Users\default.LAPTOP-OBA1HVU9\.antigravity-ide\Books\Books for Text_TR-20260529T163910Z-3-002.zip -> Books for Text_TR/Gld-World/Philip Willan Soylesi/3.pdf,Books for Text_TR/Gld-World/Philip Willan Soylesi,0.06
Mimar-Sinan-dergisi-76.pdf,PDF,ZIP Arşivi İçinde (Books for Text_TR-20260529T163910Z-3-002.zip),C:\Users\default.LAPTOP-OBA1HVU9\.antigravity-ide\Books\Books for Text_TR-20260529T163910Z-3-002.zip -> Books for Text_TR/Duvar_TR/Dergi-MSinan/Mimar-Sinan-dergisi-76.pdf,Books for Text_TR/Duvar_TR/Dergi-MSinan,3.55
Ms_Sozlugu_1_Kisaltmala.pdf,PDF,ZIP Arşivi İçinde (Books for Text_TR-20260529T163910Z-3-002.zip),C:\Users\default.LAPTOP-OBA1HVU9\.antigravity-ide\Books\Books for Text_TR-20260529T163910Z-3-002.zip -> Books for Text_TR/Duvar_TR/M-Murat Özgen Ayfer/Ms-Sözlüğü/Ms_Sozlugu_1_Kisaltmala.pdf,Books for Text_TR/Duvar_TR/M-Murat Özgen Ayfer/Ms-Sözlüğü,0.8
Ms_Sozlugu_4_Binalar_ve.pdf,PDF,ZIP Arşivi İçinde (Books for Text_TR-20260529T163910Z-3-002.zip),C:\Users\default.LAPTOP-OBA1HVU9\.antigravity-ide\Books\Books for Text_TR-20260529T163910Z-3-002.zip -> Books for Text_TR/Duvar_TR/M-Murat Özgen Ayfer/Ms-Sözlüğü/Ms_Sozlugu_4_Binalar_ve.pdf,Books for Text_TR/Duvar_TR/M-Murat Özgen Ayfer/Ms-Sözlüğü,0.69
Mimar-Sinan-dergisi-31.pdf,PDF,ZIP Arşivi İçinde (Books for Text_TR-20260529T163910Z-3-002.zip),C:\Users\default.LAPTOP-OBA1HVU9\.antigravity-ide\Books\Books for Text_TR-20260529T163910Z-3-002.zip -> Books for Text_TR/Duvar_TR/Dergi-MSinan/Mimar-Sinan-dergisi-31.pdf,Books for Text_TR/Duvar_TR/Dergi-MSinan,3.48
iKalin-Knowledge-in-Later-Islamic-Philosophy-Mulla-Sadra-on-Existence-Intellect-and-Intuition-2010-pdf.pdf,PDF,ZIP Arşivi İçinde (Books for Text_TR-20260529T163910Z-3-002.zip),C:\Users\default.LAPTOP-OBA1HVU9\.antigravity-ide\Books\Books for Text_TR-20260529T163910Z-3-002.zip -> Books for Text_TR/İstihbarat/Kalin/iKalin Englısh/iKalin-Knowledge-in-Later-Islamic-Philosophy-Mulla-Sadra-on-Existence-Intellect-and-Intuition-2010-pdf.pdf,Books for Text_TR/İstihbarat/Kalin/iKalin Englısh,1.68
Dogu-Perincek-Mafyokrasi.pdf,PDF,ZIP Arşivi İçinde (Books for Text_TR-20260529T163910Z-3-002.zip),C:\Users\default.LAPTOP-OBA1HVU9\.antigravity-ide\Books\Books for Text_TR-20260529T163910Z-3-002.zip -> Books for Text_TR/Yazarlar-Tr/Dogu-Perincek/Dogu-Perincek-Mafyokrasi.pdf,Books for Text_TR/Yazarlar-Tr/Dogu-Perincek,0.99
Mimar-Sinan-dergisi-64.pdf,PDF,ZIP Arşivi İçinde (Books for Text_TR-20260529T163910Z-3-002.zip),C:\Users\default.LAPTOP-OBA1HVU9\.antigravity-ide\Books\Books for Text_TR-20260529T163910Z-3-002.zip -> Books for Text_TR/Duvar_TR/Dergi-MSinan/Mimar-Sinan-dergisi-64.pdf,Books for Text_TR/Duvar_TR/Dergi-MSinan,4.54
Aytunç Altındal - Vatikan Ve Tapınak Şovalyeleri.pdf,PDF,ZIP Arşivi İçinde (Books for Text_TR-20260529T163910Z-3-002.zip),C:\Users\default.LAPTOP-OBA1HVU9\.antigravity-ide\Books\Books for Text_TR-20260529T163910Z-3-002.zip -> Books for Text_TR/Yazarlar-Tr/Aytunç Altındal/Aytunç Altındal - Vatikan Ve Tapınak Şovalyeleri.pdf,Books for Text_TR/Yazarlar-Tr/Aytunç Altındal,0.62
İletişimin-ABC-si-Unsal-Oskay.pdf,PDF,ZIP Arşivi İçinde (Books for Text_TR-20260529T163910Z-3-002.zip),C:\Users\default.LAPTOP-OBA1HVU9\.antigravity-ide\Books\Books for Text_TR-20260529T163910Z-3-002.zip -> Books for Text_TR/Propaganda ve İkna/Kitle iletisimi/İletişimin-ABC-si-Unsal-Oskay.pdf,Books for Text_TR/Propaganda ve İkna/Kitle iletisimi,1.11
Aytunc Altındal-Dunun-Belgeleri-Yarının-Tarihi.pdf,PDF,ZIP Arşivi İçinde (Books for Text_TR-20260529T163910Z-3-002.zip),C:\Users\default.LAPTOP-OBA1HVU9\.antigravity-ide\Books\Books for Text_TR-20260529T163910Z-3-002.zip -> Books for Text_TR/Yazarlar-Tr/Aytunç Altındal/Aytunc Altındal-Dunun-Belgeleri-Yarının-Tarihi.pdf,Books for Text_TR/Yazarlar-Tr/Aytunç Altındal,2.91
Mahir Kaynak-Derin Pkk-Büyük Oyun_un Gizli Kodları.pdf,PDF,ZIP Arşivi İçinde (Books for Text_TR-20260529T163910Z-3-002.zip),C:\Users\default.LAPTOP-OBA1HVU9\.antigravity-ide\Books\Books for Text_TR-20260529T163910Z-3-002.zip -> Books for Text_TR/Yazarlar-Tr/Mahir Kaynak/Mahir Kaynak-Derin Pkk-Büyük Oyun_un Gizli Kodları.pdf,Books for Text_TR/Yazarlar-Tr/Mahir Kaynak,4.11
Natonun-gizli-ordular-daniele-ganser.pdf,PDF,ZIP Arşivi İçinde (Books for Text_TR-20260529T163910Z-3-002.zip),C:\Users\default.LAPTOP-OBA1HVU9\.antigravity-ide\Books\Books for Text_TR-20260529T163910Z-3-002.zip -> Books for Text_TR/Gld-World/Natonun-gizli-ordular-daniele-ganser.pdf,Books for Text_TR/Gld-World,13.74
Manipulasyon-Ama-Nasıl-Josef-Kirschner.pdf,PDF,ZIP Arşivi İçinde (Books for Text_TR-20260529T163910Z-3-003.zip),C:\Users\default.LAPTOP-OBA1HVU9\.antigravity-ide\Books\Books for Text_TR-20260529T163910Z-3-003.zip -> Books for Text_TR/Propaganda ve İkna/Manipulasyon/Manipulasyon-Ama-Nasıl-Josef-Kirschner.pdf,Books for Text_TR/Propaganda ve İkna/Manipulasyon,8.89
Sosyolojik Açıdan Siyaset-İletişim İlişkisi.pdf,PDF,ZIP Arşivi İçinde (Books for Text_TR-20260529T163910Z-3-003.zip),C:\Users\default.LAPTOP-OBA1HVU9\.antigravity-ide\Books\Books for Text_TR-20260529T163910Z-3-003.zip -> Books for Text_TR/Propaganda ve İkna/Kitle iletisimi/Sosyolojik Açıdan Siyaset-İletişim İlişkisi.pdf,Books for Text_TR/Propaganda ve İkna/Kitle iletisimi,3.71
Mimar-Sinan-dergisi-25.pdf,PDF,ZIP Arşivi İçinde (Books for Text_TR-20260529T163910Z-3-003.zip),C:\Users\default.LAPTOP-OBA1HVU9\.antigravity-ide\Books\Books for Text_TR-20260529T163910Z-3-003.zip -> Books for Text_TR/Duvar_TR/Dergi-MSinan/Mimar-Sinan-dergisi-25.pdf,Books for Text_TR/Duvar_TR/Dergi-MSinan,3.12
Mimar-Sinan-dergisi-18.pdf,PDF,ZIP Arşivi İçinde (Books for Text_TR-20260529T163910Z-3-003.zip),C:\Users\default.LAPTOP-OBA1HVU9\.antigravity-ide\Books\Books for Text_TR-20260529T163910Z-3-003.zip -> Books for Text_TR/Duvar_TR/Dergi-MSinan/Mimar-Sinan-dergisi-18.pdf,Books for Text_TR/Duvar_TR/Dergi-MSinan,4.86
Mimar-Sinan-dergisi-138.pdf,PDF,ZIP Arşivi İçinde (Books for Text_TR-20260529T163910Z-3-003.zip),C:\Users\default.LAPTOP-OBA1HVU9\.antigravity-ide\Books\Books for Text_TR-20260529T163910Z-3-003.zip -> Books for Text_TR/Duvar_TR/Dergi-MSinan/Mimar-Sinan-dergisi-138.pdf,Books for Text_TR/Duvar_TR/Dergi-MSinan,3.71
Aydınlık-2009-11-22.pdf,PDF,ZIP Arşivi İçinde (Books for Text_TR-20260529T163910Z-3-003.zip),C:\Users\default.LAPTOP-OBA1HVU9\.antigravity-ide\Books\Books for Text_TR-20260529T163910Z-3-003.zip -> Books for Text_TR/Yazarlar-Tr/Dogu-Perincek/Aydınlık-2009-11-22.pdf,Books for Text_TR/Yazarlar-Tr/Dogu-Perincek,2.67
Aydınlık-2010-01-03.pdf,PDF,ZIP Arşivi İçinde (Books for Text_TR-20260529T163910Z-3-003.zip),C:\Users\default.LAPTOP-OBA1HVU9\.antigravity-ide\Books\Books for Text_TR-20260529T163910Z-3-003.zip -> Books for Text_TR/Yazarlar-Tr/Dogu-Perincek/Aydınlık-2010-01-03.pdf,Books for Text_TR/Yazarlar-Tr/Dogu-Perincek,3.5
Mimar-Sinan-dergisi-147.pdf,PDF,ZIP Arşivi İçinde (Books for Text_TR-20260529T163910Z-3-003.zip),C:\Users\default.LAPTOP-OBA1HVU9\.antigravity-ide\Books\Books for Text_TR-20260529T163910Z-3-003.zip -> Books for Text_TR/Duvar_TR/Dergi-MSinan/Mimar-Sinan-dergisi-147.pdf,Books for Text_TR/Duvar_TR/Dergi-MSinan,2.9
T24.pdf,PDF,ZIP Arşivi İçinde (Books for Text_TR-20260529T163910Z-3-003.zip),C:\Users\default.LAPTOP-OBA1HVU9\.antigravity-ide\Books\Books for Text_TR-20260529T163910Z-3-003.zip -> Books for Text_TR/Duvar_TR/Dergi-Tesviye/T24.pdf,Books for Text_TR/Duvar_TR/Dergi-Tesviye,18.29
T87.pdf,PDF,ZIP Arşivi İçinde (Books for Text_TR-20260529T163910Z-3-003.zip),C:\Users\default.LAPTOP-OBA1HVU9\.antigravity-ide\Books\Books for Text_TR-20260529T163910Z-3-003.zip -> Books for Text_TR/Duvar_TR/Dergi-Tesviye/T87.pdf,Books for Text_TR/Duvar_TR/Dergi-Tesviye,109.16
Mimar-Sinan-dergisi-97.pdf,PDF,ZIP Arşivi İçinde (Books for Text_TR-20260529T163910Z-3-003.zip),C:\Users\default.LAPTOP-OBA1HVU9\.antigravity-ide\Books\Books for Text_TR-20260529T163910Z-3-003.zip -> Books for Text_TR/Duvar_TR/Dergi-MSinan/Mimar-Sinan-dergisi-97.pdf,Books for Text_TR/Duvar_TR/Dergi-MSinan,4.49
T85.pdf,PDF,ZIP Arşivi İçinde (Books for Text_TR-20260529T163910Z-3-003.zip),C:\Users\default.LAPTOP-OBA1HVU9\.antigravity-ide\Books\Books for Text_TR-20260529T163910Z-3-003.zip -> Books for Text_TR/Duvar_TR/Dergi-Tesviye/T85.pdf,Books for Text_TR/Duvar_TR/Dergi-Tesviye,121.49
Mimar-Sinan-dergisi-19.pdf,PDF,ZIP Arşivi İçinde (Books for Text_TR-20260529T163910Z-3-003.zip),C:\Users\default.LAPTOP-OBA1HVU9\.antigravity-ide\Books\Books for Text_TR-20260529T163910Z-3-003.zip -> Books for Text_TR/Duvar_TR/Dergi-MSinan/Mimar-Sinan-dergisi-19.pdf,Books for Text_TR/Duvar_TR/Dergi-MSinan,4.69
Aydınlık-2009-08-23.pdf,PDF,ZIP Arşivi İçinde (Books for Text_TR-20260529T163910Z-3-003.zip),C:\Users\default.LAPTOP-OBA1HVU9\.antigravity-ide\Books\Books for Text_TR-20260529T163910Z-3-003.zip -> Books for Text_TR/Yazarlar-Tr/Dogu-Perincek/Aydınlık-2009-08-23.pdf,Books for Text_TR/Yazarlar-Tr/Dogu-Perincek,2.52
Mimar-Sinan-dergisi-23.pdf,PDF,ZIP Arşivi İçinde (Books for Text_TR-20260529T163910Z-3-003.zip),C:\Users\default.LAPTOP-OBA1HVU9\.antigravity-ide\Books\Books for Text_TR-20260529T163910Z-3-003.zip -> Books for Text_TR/Duvar_TR/Dergi-MSinan/Mimar-Sinan-dergisi-23.pdf,Books for Text_TR/Duvar_TR/Dergi-MSinan,3.98
Mimar-Sinan-dergisi-116.pdf,PDF,ZIP Arşivi İçinde (Books for Text_TR-20260529T163910Z-3-003.zip),C:\Users\default.LAPTOP-OBA1HVU9\.antigravity-ide\Books\Books for Text_TR-20260529T163910Z-3-003.zip -> Books for Text_TR/Duvar_TR/Dergi-MSinan/Mimar-Sinan-dergisi-116.pdf,Books for Text_TR/Duvar_TR/Dergi-MSinan,4.53
Mimar-Sinan-dergisi-20.pdf,PDF,ZIP Arşivi İçinde (Books for Text_TR-20260529T163910Z-3-003.zip),C:\Users\default.LAPTOP-OBA1HVU9\.antigravity-ide\Books\Books for Text_TR-20260529T163910Z-3-003.zip -> Books for Text_TR/Duvar_TR/Dergi-MSinan/Mimar-Sinan-dergisi-20.pdf,Books for Text_TR/Duvar_TR/Dergi-MSinan,3.79
Mimar-Sinan-dergisi-148.pdf,PDF,ZIP Arşivi İçinde (Books for Text_TR-20260529T163910Z-3-003.zip),C:\Users\default.LAPTOP-OBA1HVU9\.antigravity-ide\Books\Books for Text_TR-20260529T163910Z-3-003.zip -> Books for Text_TR/Duvar_TR/Dergi-MSinan/Mimar-Sinan-dergisi-148.pdf,Books for Text_TR/Duvar_TR/Dergi-MSinan,3.59
Aytunç Altındal - Casuslar.pdf,PDF,ZIP Arşivi İçinde (Books for Text_TR-20260529T163910Z-3-003.zip),C:\Users\default.LAPTOP-OBA1HVU9\.antigravity-ide\Books\Books for Text_TR-20260529T163910Z-3-003.zip -> Books for Text_TR/Yazarlar-Tr/Aytunç Altındal/Aytunç Altındal - Casuslar.pdf,Books for Text_TR/Yazarlar-Tr/Aytunç Altındal,1.39
Mimar-Sinan-dergisi-139.pdf,PDF,ZIP Arşivi İçinde (Books for Text_TR-20260529T163910Z-3-003.zip),C:\Users\default.LAPTOP-OBA1HVU9\.antigravity-ide\Books\Books for Text_TR-20260529T163910Z-3-003.zip -> Books for Text_TR/Duvar_TR/Dergi-MSinan/Mimar-Sinan-dergisi-139.pdf,Books for Text_TR/Duvar_TR/Dergi-MSinan,4.62
İletişim-Ayseli Usluata-1994.pdf,PDF,ZIP Arşivi İçinde (Books for Text_TR-20260529T163910Z-3-003.zip),C:\Users\default.LAPTOP-OBA1HVU9\.antigravity-ide\Books\Books for Text_TR-20260529T163910Z-3-003.zip -> Books for Text_TR/Propaganda ve İkna/Kitle iletisimi/İletişim-Ayseli Usluata-1994.pdf,Books for Text_TR/Propaganda ve İkna/Kitle iletisimi,3.41
Mimar-Sinan-dergisi-98.pdf,PDF,ZIP Arşivi İçinde (Books for Text_TR-20260529T163910Z-3-003.zip),C:\Users\default.LAPTOP-OBA1HVU9\.antigravity-ide\Books\Books for Text_TR-20260529T163910Z-3-003.zip -> Books for Text_TR/Duvar_TR/Dergi-MSinan/Mimar-Sinan-dergisi-98.pdf,Books for Text_TR/Duvar_TR/Dergi-MSinan,4.54
Mimar-Sinan-dergisi-46.pdf,PDF,ZIP Arşivi İçinde (Books for Text_TR-20260529T163910Z-3-003.zip),C:\Users\default.LAPTOP-OBA1HVU9\.antigravity-ide\Books\Books for Text_TR-20260529T163910Z-3-003.zip -> Books for Text_TR/Duvar_TR/Dergi-MSinan/Mimar-Sinan-dergisi-46.pdf,Books for Text_TR/Duvar_TR/Dergi-MSinan,3.83
Aytunç Altındal - Laiklik_ Enigma_ya Dönüşen Paradigma.pdf,PDF,ZIP Arşivi İçinde (Books for Text_TR-20260529T163910Z-3-003.zip),C:\Users\default.LAPTOP-OBA1HVU9\.antigravity-ide\Books\Books for Text_TR-20260529T163910Z-3-003.zip -> Books for Text_TR/Yazarlar-Tr/Aytunç Altındal/Aytunç Altındal - Laiklik_ Enigma_ya Dönüşen Paradigma.pdf,Books for Text_TR/Yazarlar-Tr/Aytunç Altındal,11.16
Dijital-Iletisim-Ve-Yeni-Medya.pdf,PDF,ZIP Arşivi İçinde (Books for Text_TR-20260529T163910Z-3-003.zip),C:\Users\default.LAPTOP-OBA1HVU9\.antigravity-ide\Books\Books for Text_TR-20260529T163910Z-3-003.zip -> Books for Text_TR/Propaganda ve İkna/Kitle iletisimi/Dijital-Iletisim-Ve-Yeni-Medya.pdf,Books for Text_TR/Propaganda ve İkna/Kitle iletisimi,9.53
Mimar-Sinan-dergisi-84.pdf,PDF,ZIP Arşivi İçinde (Books for Text_TR-20260529T163910Z-3-003.zip),C:\Users\default.LAPTOP-OBA1HVU9\.antigravity-ide\Books\Books for Text_TR-20260529T163910Z-3-003.zip -> Books for Text_TR/Duvar_TR/Dergi-MSinan/Mimar-Sinan-dergisi-84.pdf,Books for Text_TR/Duvar_TR/Dergi-MSinan,4.49
Mimar-Sinan-dergisi-140.pdf,PDF,ZIP Arşivi İçinde (Books for Text_TR-20260529T163910Z-3-003.zip),C:\Users\default.LAPTOP-OBA1HVU9\.antigravity-ide\Books\Books for Text_TR-20260529T163910Z-3-003.zip -> Books for Text_TR/Duvar_TR/Dergi-MSinan/Mimar-Sinan-dergisi-140.pdf,Books for Text_TR/Duvar_TR/Dergi-MSinan,4.32
Mimar-Sinan-dergisi-21.pdf,PDF,ZIP Arşivi İçinde (Books for Text_TR-20260529T163910Z-3-003.zip),C:\Users\default.LAPTOP-OBA1HVU9\.antigravity-ide\Books\Books for Text_TR-20260529T163910Z-3-003.zip -> Books for Text_TR/Duvar_TR/Dergi-MSinan/Mimar-Sinan-dergisi-21.pdf,Books for Text_TR/Duvar_TR/Dergi-MSinan,3.07
Dijitalleşen-Dunyada-Siyasal-İletişim-compressed.pdf,PDF,ZIP Arşivi İçinde (Books for Text_TR-20260529T163910Z-3-003.zip),C:\Users\default.LAPTOP-OBA1HVU9\.antigravity-ide\Books\Books for Text_TR-20260529T163910Z-3-003.zip -> Books for Text_TR/Propaganda ve İkna/Kitle iletisimi/Dijitalleşen-Dunyada-Siyasal-İletişim-compressed.pdf,Books for Text_TR/Propaganda ve İkna/Kitle iletisimi,6.52
Mimar-Sinan-dergisi-47.pdf,PDF,ZIP Arşivi İçinde (Books for Text_TR-20260529T163910Z-3-003.zip),C:\Users\default.LAPTOP-OBA1HVU9\.antigravity-ide\Books\Books for Text_TR-20260529T163910Z-3-003.zip -> Books for Text_TR/Duvar_TR/Dergi-MSinan/Mimar-Sinan-dergisi-47.pdf,Books for Text_TR/Duvar_TR/Dergi-MSinan,4.06
Soner-Yalcın-Galat-ı-Meşhur-pdf.pdf,PDF,ZIP Arşivi İçinde (Books for Text_TR-20260529T163910Z-3-003.zip),C:\Users\default.LAPTOP-OBA1HVU9\.antigravity-ide\Books\Books for Text_TR-20260529T163910Z-3-003.zip -> Books for Text_TR/Yazarlar-Tr/Soner Yalçın/Soner-Yalcın-Galat-ı-Meşhur-pdf.pdf,Books for Text_TR/Yazarlar-Tr/Soner Yalçın,15.39
Mimar-Sinan-dergisi-127.pdf,PDF,ZIP Arşivi İçinde (Books for Text_TR-20260529T163910Z-3-003.zip),C:\Users\default.LAPTOP-OBA1HVU9\.antigravity-ide\Books\Books for Text_TR-20260529T163910Z-3-003.zip -> Books for Text_TR/Duvar_TR/Dergi-MSinan/Mimar-Sinan-dergisi-127.pdf,Books for Text_TR/Duvar_TR/Dergi-MSinan,4.43
T83.pdf,PDF,ZIP Arşivi İçinde (Books for Text_TR-20260529T163910Z-3-003.zip),C:\Users\default.LAPTOP-OBA1HVU9\.antigravity-ide\Books\Books for Text_TR-20260529T163910Z-3-003.zip -> Books for Text_TR/Duvar_TR/Dergi-Tesviye/T83.pdf,Books for Text_TR/Duvar_TR/Dergi-Tesviye,116.45
Algoritmalarin-Golgesinde-Toplum-Ve-Iletisim.pdf,PDF,ZIP Arşivi İçinde (Books for Text_TR-20260529T163910Z-3-003.zip),C:\Users\default.LAPTOP-OBA1HVU9\.antigravity-ide\Books\Books for Text_TR-20260529T163910Z-3-003.zip -> Books for Text_TR/Propaganda ve İkna/Kitle iletisimi/Algoritmalarin-Golgesinde-Toplum-Ve-Iletisim.pdf,Books for Text_TR/Propaganda ve İkna/Kitle iletisimi,4.12
Mimar-Sinan-dergisi-36.pdf,PDF,ZIP Arşivi İçinde (Books for Text_TR-20260529T163910Z-3-003.zip),C:\Users\default.LAPTOP-OBA1HVU9\.antigravity-ide\Books\Books for Text_TR-20260529T163910Z-3-003.zip -> Books for Text_TR/Duvar_TR/Dergi-MSinan/Mimar-Sinan-dergisi-36.pdf,Books for Text_TR/Duvar_TR/Dergi-MSinan,3.51
Ms_Sozlugu_9_Orgutlenme.pdf,PDF,ZIP Arşivi İçinde (Books for Text_TR-20260529T163910Z-3-003.zip),C:\Users\default.LAPTOP-OBA1HVU9\.antigravity-ide\Books\Books for Text_TR-20260529T163910Z-3-003.zip -> Books for Text_TR/Duvar_TR/M-Murat Özgen Ayfer/Ms-Sözlüğü/Ms_Sozlugu_9_Orgutlenme.pdf,Books for Text_TR/Duvar_TR/M-Murat Özgen Ayfer/Ms-Sözlüğü,1.14
Aytunç Altındal - Gül ve Haç Kardeşliği.pdf,PDF,ZIP Arşivi İçinde (Books for Text_TR-20260529T163910Z-3-003.zip),C:\Users\default.LAPTOP-OBA1HVU9\.antigravity-ide\Books\Books for Text_TR-20260529T163910Z-3-003.zip -> Books for Text_TR/Yazarlar-Tr/Aytunç Altındal/Aytunç Altındal - Gül ve Haç Kardeşliği.pdf,Books for Text_TR/Yazarlar-Tr/Aytunç Altındal,13.42
AKPnin Müteahhitleri (Harun Gürek) (z-lib.org).pdf,PDF,ZIP Arşivi İçinde (Books for Text_TR-20260529T163910Z-3-003.zip),C:\Users\default.LAPTOP-OBA1HVU9\.antigravity-ide\Books\Books for Text_TR-20260529T163910Z-3-003.zip -> Books for Text_TR/RTE/AKPnin Müteahhitleri (Harun Gürek) (z-lib.org).pdf,Books for Text_TR/RTE,4.86
Mimar-Sinan-dergisi-8.pdf,PDF,ZIP Arşivi İçinde (Books for Text_TR-20260529T163910Z-3-003.zip),C:\Users\default.LAPTOP-OBA1HVU9\.antigravity-ide\Books\Books for Text_TR-20260529T163910Z-3-003.zip -> Books for Text_TR/Duvar_TR/Dergi-MSinan/Mimar-Sinan-dergisi-8.pdf,Books for Text_TR/Duvar_TR/Dergi-MSinan,41.82
Mimar-Sinan-dergisi-69.pdf,PDF,ZIP Arşivi İçinde (Books for Text_TR-20260529T163910Z-3-003.zip),C:\Users\default.LAPTOP-OBA1HVU9\.antigravity-ide\Books\Books for Text_TR-20260529T163910Z-3-003.zip -> Books for Text_TR/Duvar_TR/Dergi-MSinan/Mimar-Sinan-dergisi-69.pdf,Books for Text_TR/Duvar_TR/Dergi-MSinan,3.45
Ms_Sozlugu_17_Tarihsel.pdf,PDF,ZIP Arşivi İçinde (Books for Text_TR-20260529T163910Z-3-003.zip),C:\Users\default.LAPTOP-OBA1HVU9\.antigravity-ide\Books\Books for Text_TR-20260529T163910Z-3-003.zip -> Books for Text_TR/Duvar_TR/M-Murat Özgen Ayfer/Ms-Sözlüğü/Ms_Sozlugu_17_Tarihsel.pdf,Books for Text_TR/Duvar_TR/M-Murat Özgen Ayfer/Ms-Sözlüğü,1.02
Mimar-Sinan-dergisi-85.pdf,PDF,ZIP Arşivi İçinde (Books for Text_TR-20260529T163910Z-3-003.zip),C:\Users\default.LAPTOP-OBA1HVU9\.antigravity-ide\Books\Books for Text_TR-20260529T163910Z-3-003.zip -> Books for Text_TR/Duvar_TR/Dergi-MSinan/Mimar-Sinan-dergisi-85.pdf,Books for Text_TR/Duvar_TR/Dergi-MSinan,3.52
Mimar-Sinan-dergisi-128.pdf,PDF,ZIP Arşivi İçinde (Books for Text_TR-20260529T163910Z-3-003.zip),C:\Users\default.LAPTOP-OBA1HVU9\.antigravity-ide\Books\Books for Text_TR-20260529T163910Z-3-003.zip -> Books for Text_TR/Duvar_TR/Dergi-MSinan/Mimar-Sinan-dergisi-128.pdf,Books for Text_TR/Duvar_TR/Dergi-MSinan,3.89
Mimar-Sinan-dergisi-149.pdf,PDF,ZIP Arşivi İçinde (Books for Text_TR-20260529T163910Z-3-003.zip),C:\Users\default.LAPTOP-OBA1HVU9\.antigravity-ide\Books\Books for Text_TR-20260529T163910Z-3-003.zip -> Books for Text_TR/Duvar_TR/Dergi-MSinan/Mimar-Sinan-dergisi-149.pdf,Books for Text_TR/Duvar_TR/Dergi-MSinan,3.72
Aydınlık-2009-12-27.pdf,PDF,ZIP Arşivi İçinde (Books for Text_TR-20260529T163910Z-3-003.zip),C:\Users\default.LAPTOP-OBA1HVU9\.antigravity-ide\Books\Books for Text_TR-20260529T163910Z-3-003.zip -> Books for Text_TR/Yazarlar-Tr/Dogu-Perincek/Aydınlık-2009-12-27.pdf,Books for Text_TR/Yazarlar-Tr/Dogu-Perincek,4.06
Mimar-Sinan-dergisi-108.pdf,PDF,ZIP Arşivi İçinde (Books for Text_TR-20260529T163910Z-3-003.zip),C:\Users\default.LAPTOP-OBA1HVU9\.antigravity-ide\Books\Books for Text_TR-20260529T163910Z-3-003.zip -> Books for Text_TR/Duvar_TR/Dergi-MSinan/Mimar-Sinan-dergisi-108.pdf,Books for Text_TR/Duvar_TR/Dergi-MSinan,5.08
Ms_Sozlugu_8_Terimler.pdf,PDF,ZIP Arşivi İçinde (Books for Text_TR-20260529T163910Z-3-003.zip),C:\Users\default.LAPTOP-OBA1HVU9\.antigravity-ide\Books\Books for Text_TR-20260529T163910Z-3-003.zip -> Books for Text_TR/Duvar_TR/M-Murat Özgen Ayfer/Ms-Sözlüğü/Ms_Sozlugu_8_Terimler.pdf,Books for Text_TR/Duvar_TR/M-Murat Özgen Ayfer/Ms-Sözlüğü,1.09
Soner-Yalcın-Erbakan.pdf,PDF,ZIP Arşivi İçinde (Books for Text_TR-20260529T163910Z-3-003.zip),C:\Users\default.LAPTOP-OBA1HVU9\.antigravity-ide\Books\Books for Text_TR-20260529T163910Z-3-003.zip -> Books for Text_TR/Yazarlar-Tr/Soner Yalçın/Soner-Yalcın-Erbakan.pdf,Books for Text_TR/Yazarlar-Tr/Soner Yalçın,8.12
Mimar-Sinan-dergisi-50.pdf,PDF,ZIP Arşivi İçinde (Books for Text_TR-20260529T163910Z-3-003.zip),C:\Users\default.LAPTOP-OBA1HVU9\.antigravity-ide\Books\Books for Text_TR-20260529T163910Z-3-003.zip -> Books for Text_TR/Duvar_TR/Dergi-MSinan/Mimar-Sinan-dergisi-50.pdf,Books for Text_TR/Duvar_TR/Dergi-MSinan,4.22
iKalin-Mulla-Shadra-Existence-Intellect-and-Intuiton.pdf,PDF,ZIP Arşivi İçinde (Books for Text_TR-20260529T163910Z-3-003.zip),C:\Users\default.LAPTOP-OBA1HVU9\.antigravity-ide\Books\Books for Text_TR-20260529T163910Z-3-003.zip -> Books for Text_TR/İstihbarat/Kalin/iKalin Englısh/iKalin-Mulla-Shadra-Existence-Intellect-and-Intuiton.pdf,Books for Text_TR/İstihbarat/Kalin/iKalin Englısh,1.68
Gorunmeyen-Hukumet-CIA-David-Wise-Thomas-Bross.pdf,PDF,ZIP Arşivi İçinde (Books for Text_TR-20260529T163910Z-3-003.zip),C:\Users\default.LAPTOP-OBA1HVU9\.antigravity-ide\Books\Books for Text_TR-20260529T163910Z-3-003.zip -> Books for Text_TR/İstihbarat/ca/Gorunmeyen-Hukumet-CIA-David-Wise-Thomas-Bross.pdf,Books for Text_TR/İstihbarat/ca,3.76
Mimar-Sinan-dergisi-150.pdf,PDF,ZIP Arşivi İçinde (Books for Text_TR-20260529T163910Z-3-003.zip),C:\Users\default.LAPTOP-OBA1HVU9\.antigravity-ide\Books\Books for Text_TR-20260529T163910Z-3-003.zip -> Books for Text_TR/Duvar_TR/Dergi-MSinan/Mimar-Sinan-dergisi-150.pdf,Books for Text_TR/Duvar_TR/Dergi-MSinan,3.67
Soner-Yalcin-Sakli-Secilmisler.pdf,PDF,ZIP Arşivi İçinde (Books for Text_TR-20260529T163910Z-3-003.zip),C:\Users\default.LAPTOP-OBA1HVU9\.antigravity-ide\Books\Books for Text_TR-20260529T163910Z-3-003.zip -> Books for Text_TR/Yazarlar-Tr/Soner Yalçın/Soner-Yalcin-Sakli-Secilmisler.pdf,Books for Text_TR/Yazarlar-Tr/Soner Yalçın,1.94
Mimar-Sinan-dergisi-99.pdf,PDF,ZIP Arşivi İçinde (Books for Text_TR-20260529T163910Z-3-003.zip),C:\Users\default.LAPTOP-OBA1HVU9\.antigravity-ide\Books\Books for Text_TR-20260529T163910Z-3-003.zip -> Books for Text_TR/Duvar_TR/Dergi-MSinan/Mimar-Sinan-dergisi-99.pdf,Books for Text_TR/Duvar_TR/Dergi-MSinan,4.86
Mimar-Sinan-dergisi-74.pdf,PDF,ZIP Arşivi İçinde (Books for Text_TR-20260529T163910Z-3-003.zip),C:\Users\default.LAPTOP-OBA1HVU9\.antigravity-ide\Books\Books for Text_TR-20260529T163910Z-3-003.zip -> Books for Text_TR/Duvar_TR/Dergi-MSinan/Mimar-Sinan-dergisi-74.pdf,Books for Text_TR/Duvar_TR/Dergi-MSinan,3.74
Mimar-Sinan-dergisi-107.pdf,PDF,ZIP Arşivi İçinde (Books for Text_TR-20260529T163910Z-3-003.zip),C:\Users\default.LAPTOP-OBA1HVU9\.antigravity-ide\Books\Books for Text_TR-20260529T163910Z-3-003.zip -> Books for Text_TR/Duvar_TR/Dergi-MSinan/Mimar-Sinan-dergisi-107.pdf,Books for Text_TR/Duvar_TR/Dergi-MSinan,4.94
Mimar-Sinan-dergisi-159.pdf,PDF,ZIP Arşivi İçinde (Books for Text_TR-20260529T163910Z-3-003.zip),C:\Users\default.LAPTOP-OBA1HVU9\.antigravity-ide\Books\Books for Text_TR-20260529T163910Z-3-003.zip -> Books for Text_TR/Duvar_TR/Dergi-MSinan/Mimar-Sinan-dergisi-159.pdf,Books for Text_TR/Duvar_TR/Dergi-MSinan,5.16
Mimar-Sinan-dergisi-86.pdf,PDF,ZIP Arşivi İçinde (Books for Text_TR-20260529T163910Z-3-003.zip),C:\Users\default.LAPTOP-OBA1HVU9\.antigravity-ide\Books\Books for Text_TR-20260529T163910Z-3-003.zip -> Books for Text_TR/Duvar_TR/Dergi-MSinan/Mimar-Sinan-dergisi-86.pdf,Books for Text_TR/Duvar_TR/Dergi-MSinan,3.67
Mimar-Sinan-dergisi-45.pdf,PDF,ZIP Arşivi İçinde (Books for Text_TR-20260529T163910Z-3-003.zip),C:\Users\default.LAPTOP-OBA1HVU9\.antigravity-ide\Books\Books for Text_TR-20260529T163910Z-3-003.zip -> Books for Text_TR/Duvar_TR/Dergi-MSinan/Mimar-Sinan-dergisi-45.pdf,Books for Text_TR/Duvar_TR/Dergi-MSinan,4.18
Mimar-Sinan-dergisi-79.pdf,PDF,ZIP Arşivi İçinde (Books for Text_TR-20260529T163910Z-3-003.zip),C:\Users\default.LAPTOP-OBA1HVU9\.antigravity-ide\Books\Books for Text_TR-20260529T163910Z-3-003.zip -> Books for Text_TR/Duvar_TR/Dergi-MSinan/Mimar-Sinan-dergisi-79.pdf,Books for Text_TR/Duvar_TR/Dergi-MSinan,3.4
Reason and Rationality in the Quran-Ibrahim Kalin.pdf,PDF,ZIP Arşivi İçinde (Books for Text_TR-20260529T163910Z-3-003.zip),C:\Users\default.LAPTOP-OBA1HVU9\.antigravity-ide\Books\Books for Text_TR-20260529T163910Z-3-003.zip -> Books for Text_TR/İstihbarat/Kalin/iKalin Englısh/Reason and Rationality in the Quran-Ibrahim Kalin.pdf,Books for Text_TR/İstihbarat/Kalin/iKalin Englısh,4.5
Mimar-Sinan-dergisi-68.pdf,PDF,ZIP Arşivi İçinde (Books for Text_TR-20260529T163910Z-3-003.zip),C:\Users\default.LAPTOP-OBA1HVU9\.antigravity-ide\Books\Books for Text_TR-20260529T163910Z-3-003.zip -> Books for Text_TR/Duvar_TR/Dergi-MSinan/Mimar-Sinan-dergisi-68.pdf,Books for Text_TR/Duvar_TR/Dergi-MSinan,4.32
Mimar-Sinan-dergisi-35.pdf,PDF,ZIP Arşivi İçinde (Books for Text_TR-20260529T163910Z-3-003.zip),C:\Users\default.LAPTOP-OBA1HVU9\.antigravity-ide\Books\Books for Text_TR-20260529T163910Z-3-003.zip -> Books for Text_TR/Duvar_TR/Dergi-MSinan/Mimar-Sinan-dergisi-35.pdf,Books for Text_TR/Duvar_TR/Dergi-MSinan,3.22
Mimar-Sinan-dergisi-117.pdf,PDF,ZIP Arşivi İçinde (Books for Text_TR-20260529T163910Z-3-003.zip),C:\Users\default.LAPTOP-OBA1HVU9\.antigravity-ide\Books\Books for Text_TR-20260529T163910Z-3-003.zip -> Books for Text_TR/Duvar_TR/Dergi-MSinan/Mimar-Sinan-dergisi-117.pdf,Books for Text_TR/Duvar_TR/Dergi-MSinan,4.31
Mimar-Sinan-dergisi-141.pdf,PDF,ZIP Arşivi İçinde (Books for Text_TR-20260529T163910Z-3-003.zip),C:\Users\default.LAPTOP-OBA1HVU9\.antigravity-ide\Books\Books for Text_TR-20260529T163910Z-3-003.zip -> Books for Text_TR/Duvar_TR/Dergi-MSinan/Mimar-Sinan-dergisi-141.pdf,Books for Text_TR/Duvar_TR/Dergi-MSinan,4.01
Mimar-Sinan-dergisi-40.pdf,PDF,ZIP Arşivi İçinde (Books for Text_TR-20260529T163910Z-3-003.zip),C:\Users\default.LAPTOP-OBA1HVU9\.antigravity-ide\Books\Books for Text_TR-20260529T163910Z-3-003.zip -> Books for Text_TR/Duvar_TR/Dergi-MSinan/Mimar-Sinan-dergisi-40.pdf,Books for Text_TR/Duvar_TR/Dergi-MSinan,3.09
Mimar-Sinan-dergisi-111.pdf,PDF,ZIP Arşivi İçinde (Books for Text_TR-20260529T163910Z-3-003.zip),C:\Users\default.LAPTOP-OBA1HVU9\.antigravity-ide\Books\Books for Text_TR-20260529T163910Z-3-003.zip -> Books for Text_TR/Duvar_TR/Dergi-MSinan/Mimar-Sinan-dergisi-111.pdf,Books for Text_TR/Duvar_TR/Dergi-MSinan,4.18
Mimar-Sinan-dergisi-142.pdf,PDF,ZIP Arşivi İçinde (Books for Text_TR-20260529T163910Z-3-003.zip),C:\Users\default.LAPTOP-OBA1HVU9\.antigravity-ide\Books\Books for Text_TR-20260529T163910Z-3-003.zip -> Books for Text_TR/Duvar_TR/Dergi-MSinan/Mimar-Sinan-dergisi-142.pdf,Books for Text_TR/Duvar_TR/Dergi-MSinan,3.07
"İmparatorluğun En Uzun Yüzyılı (İlber Ortaylı [Ortaylı, İlber]) (z-lib.org).epub",EPUB,ZIP Arşivi İçinde (Books for Text_TR-20260529T163910Z-3-003.zip),"C:\Users\default.LAPTOP-OBA1HVU9\.antigravity-ide\Books\Books for Text_TR-20260529T163910Z-3-003.zip -> Books for Text_TR/Yazarlar-Tr/İlber Ortaylı/İmparatorluğun En Uzun Yüzyılı (İlber Ortaylı [Ortaylı, İlber]) (z-lib.org).epub",Books for Text_TR/Yazarlar-Tr/İlber Ortaylı,0.62
Mimar-Sinan-dergisi-118.pdf,PDF,ZIP Arşivi İçinde (Books for Text_TR-20260529T163910Z-3-003.zip),C:\Users\default.LAPTOP-OBA1HVU9\.antigravity-ide\Books\Books for Text_TR-20260529T163910Z-3-003.zip -> Books for Text_TR/Duvar_TR/Dergi-MSinan/Mimar-Sinan-dergisi-118.pdf,Books for Text_TR/Duvar_TR/Dergi-MSinan,4.43
Aytunç Altındal - Üç İsa.pdf,PDF,ZIP Arşivi İçinde (Books for Text_TR-20260529T163910Z-3-003.zip),C:\Users\default.LAPTOP-OBA1HVU9\.antigravity-ide\Books\Books for Text_TR-20260529T163910Z-3-003.zip -> Books for Text_TR/Yazarlar-Tr/Aytunç Altındal/Aytunç Altındal - Üç İsa.pdf,Books for Text_TR/Yazarlar-Tr/Aytunç Altındal,12.33
İsyan ve Umut Ağlan-İnternet Çağında Toplumsal Hareketler.pdf,PDF,ZIP Arşivi İçinde (Books for Text_TR-20260529T163910Z-3-003.zip),C:\Users\default.LAPTOP-OBA1HVU9\.antigravity-ide\Books\Books for Text_TR-20260529T163910Z-3-003.zip -> Books for Text_TR/Propaganda ve İkna/Kitle iletisimi/İsyan ve Umut Ağlan-İnternet Çağında Toplumsal Hareketler.pdf,Books for Text_TR/Propaganda ve İkna/Kitle iletisimi,3.52
Mimar-Sinan-dergisi-44.pdf,PDF,ZIP Arşivi İçinde (Books for Text_TR-20260529T163910Z-3-003.zip),C:\Users\default.LAPTOP-OBA1HVU9\.antigravity-ide\Books\Books for Text_TR-20260529T163910Z-3-003.zip -> Books for Text_TR/Duvar_TR/Dergi-MSinan/Mimar-Sinan-dergisi-44.pdf,Books for Text_TR/Duvar_TR/Dergi-MSinan,3.46
iKalin-islam and peace-Ibrahim.pdf,PDF,ZIP Arşivi İçinde (Books for Text_TR-20260529T163910Z-3-003.zip),C:\Users\default.LAPTOP-OBA1HVU9\.antigravity-ide\Books\Books for Text_TR-20260529T163910Z-3-003.zip -> Books for Text_TR/İstihbarat/Kalin/iKalin Englısh/iKalin-islam and peace-Ibrahim.pdf,Books for Text_TR/İstihbarat/Kalin/iKalin Englısh,1.52
Mimar-Sinan-dergisi-129.pdf,PDF,ZIP Arşivi İçinde (Books for Text_TR-20260529T163910Z-3-003.zip),C:\Users\default.LAPTOP-OBA1HVU9\.antigravity-ide\Books\Books for Text_TR-20260529T163910Z-3-003.zip -> Books for Text_TR/Duvar_TR/Dergi-MSinan/Mimar-Sinan-dergisi-129.pdf,Books for Text_TR/Duvar_TR/Dergi-MSinan,4.08
Aytunç Altındal - Vatikan_ın Gizli Yüzü.pdf,PDF,ZIP Arşivi İçinde (Books for Text_TR-20260529T163910Z-3-003.zip),C:\Users\default.LAPTOP-OBA1HVU9\.antigravity-ide\Books\Books for Text_TR-20260529T163910Z-3-003.zip -> Books for Text_TR/Yazarlar-Tr/Aytunç Altındal/Aytunç Altındal - Vatikan_ın Gizli Yüzü.pdf,Books for Text_TR/Yazarlar-Tr/Aytunç Altındal,0.12
Kalın_Seyyid Hüseyin Nasr.pdf,PDF,ZIP Arşivi İçinde (Books for Text_TR-20260529T163910Z-3-003.zip),C:\Users\default.LAPTOP-OBA1HVU9\.antigravity-ide\Books\Books for Text_TR-20260529T163910Z-3-003.zip -> Books for Text_TR/İstihbarat/Kalin/Kalın_Seyyid Hüseyin Nasr.pdf,Books for Text_TR/İstihbarat/Kalin,0.09
3. Adam Anlatıyor.pdf,PDF,ZIP Arşivi İçinde (Books for Text_TR-20260529T163910Z-3-003.zip),C:\Users\default.LAPTOP-OBA1HVU9\.antigravity-ide\Books\Books for Text_TR-20260529T163910Z-3-003.zip -> Books for Text_TR/İstihbarat/Mit/3. Adam Anlatıyor.pdf,Books for Text_TR/İstihbarat/Mit,1.03
Mimar-Sinan-dergisi-30.pdf,PDF,ZIP Arşivi İçinde (Books for Text_TR-20260529T163910Z-3-003.zip),C:\Users\default.LAPTOP-OBA1HVU9\.antigravity-ide\Books\Books for Text_TR-20260529T163910Z-3-003.zip -> Books for Text_TR/Duvar_TR/Dergi-MSinan/Mimar-Sinan-dergisi-30.pdf,Books for Text_TR/Duvar_TR/Dergi-MSinan,3.43
Soner-Yalcin-Reis-Gladio-nun-Turk-Tetikcisi.pdf,PDF,ZIP Arşivi İçinde (Books for Text_TR-20260529T163910Z-3-003.zip),C:\Users\default.LAPTOP-OBA1HVU9\.antigravity-ide\Books\Books for Text_TR-20260529T163910Z-3-003.zip -> Books for Text_TR/Yazarlar-Tr/Soner Yalçın/Soner-Yalcin-Reis-Gladio-nun-Turk-Tetikcisi.pdf,Books for Text_TR/Yazarlar-Tr/Soner Yalçın,1.43
Mimar-Sinan-dergisi-151.pdf,PDF,ZIP Arşivi İçinde (Books for Text_TR-20260529T163910Z-3-003.zip),C:\Users\default.LAPTOP-OBA1HVU9\.antigravity-ide\Books\Books for Text_TR-20260529T163910Z-3-003.zip -> Books for Text_TR/Duvar_TR/Dergi-MSinan/Mimar-Sinan-dergisi-151.pdf,Books for Text_TR/Duvar_TR/Dergi-MSinan,4.57
2.pdf,PDF,ZIP Arşivi İçinde (Books for Text_TR-20260529T163910Z-3-003.zip),C:\Users\default.LAPTOP-OBA1HVU9\.antigravity-ide\Books\Books for Text_TR-20260529T163910Z-3-003.zip -> Books for Text_TR/Gld-World/Philip Willan Soylesi/2.pdf,Books for Text_TR/Gld-World/Philip Willan Soylesi,0.05
Aytunç Altındal - Bir Türk Casusunun Mektupları Batıda Seküler Düşüncenin Gelişimine Katkı.pdf,PDF,ZIP Arşivi İçinde (Books for Text_TR-20260529T163910Z-3-003.zip),C:\Users\default.LAPTOP-OBA1HVU9\.antigravity-ide\Books\Books for Text_TR-20260529T163910Z-3-003.zip -> Books for Text_TR/Yazarlar-Tr/Aytunç Altındal/Aytunç Altındal - Bir Türk Casusunun Mektupları Batıda Seküler Düşüncenin Gelişimine Katkı.pdf,Books for Text_TR/Yazarlar-Tr/Aytunç Altındal,2.4
Mimar-Sinan-dergisi-63.pdf,PDF,ZIP Arşivi İçinde (Books for Text_TR-20260529T163910Z-3-003.zip),C:\Users\default.LAPTOP-OBA1HVU9\.antigravity-ide\Books\Books for Text_TR-20260529T163910Z-3-003.zip -> Books for Text_TR/Duvar_TR/Dergi-MSinan/Mimar-Sinan-dergisi-63.pdf,Books for Text_TR/Duvar_TR/Dergi-MSinan,4.09
Mimar-Sinan-dergisi-83.pdf,PDF,ZIP Arşivi İçinde (Books for Text_TR-20260529T163910Z-3-003.zip),C:\Users\default.LAPTOP-OBA1HVU9\.antigravity-ide\Books\Books for Text_TR-20260529T163910Z-3-003.zip -> Books for Text_TR/Duvar_TR/Dergi-MSinan/Mimar-Sinan-dergisi-83.pdf,Books for Text_TR/Duvar_TR/Dergi-MSinan,3.92
Mimar-Sinan-dergisi-55.pdf,PDF,ZIP Arşivi İçinde (Books for Text_TR-20260529T163910Z-3-003.zip),C:\Users\default.LAPTOP-OBA1HVU9\.antigravity-ide\Books\Books for Text_TR-20260529T163910Z-3-003.zip -> Books for Text_TR/Duvar_TR/Dergi-MSinan/Mimar-Sinan-dergisi-55.pdf,Books for Text_TR/Duvar_TR/Dergi-MSinan,4.72
Mimar-Sinan-dergisi-73.pdf,PDF,ZIP Arşivi İçinde (Books for Text_TR-20260529T163910Z-3-003.zip),C:\Users\default.LAPTOP-OBA1HVU9\.antigravity-ide\Books\Books for Text_TR-20260529T163910Z-3-003.zip -> Books for Text_TR/Duvar_TR/Dergi-MSinan/Mimar-Sinan-dergisi-73.pdf,Books for Text_TR/Duvar_TR/Dergi-MSinan,3.29
Mimar-Sinan-dergisi-11-12.pdf,PDF,ZIP Arşivi İçinde (Books for Text_TR-20260529T163910Z-3-003.zip),C:\Users\default.LAPTOP-OBA1HVU9\.antigravity-ide\Books\Books for Text_TR-20260529T163910Z-3-003.zip -> Books for Text_TR/Duvar_TR/Dergi-MSinan/Mimar-Sinan-dergisi-11-12.pdf,Books for Text_TR/Duvar_TR/Dergi-MSinan,17.26
6.pdf,PDF,ZIP Arşivi İçinde (Books for Text_TR-20260529T163910Z-3-003.zip),C:\Users\default.LAPTOP-OBA1HVU9\.antigravity-ide\Books\Books for Text_TR-20260529T163910Z-3-003.zip -> Books for Text_TR/Gld-World/Philip Willan Soylesi/6.pdf,Books for Text_TR/Gld-World/Philip Willan Soylesi,0.05
Ms_Sozlugu_16_Tarihsel.pdf,PDF,ZIP Arşivi İçinde (Books for Text_TR-20260529T163910Z-3-003.zip),C:\Users\default.LAPTOP-OBA1HVU9\.antigravity-ide\Books\Books for Text_TR-20260529T163910Z-3-003.zip -> Books for Text_TR/Duvar_TR/M-Murat Özgen Ayfer/Ms-Sözlüğü/Ms_Sozlugu_16_Tarihsel.pdf,Books for Text_TR/Duvar_TR/M-Murat Özgen Ayfer/Ms-Sözlüğü,1.45
Mimar-Sinan-dergisi-78.pdf,PDF,ZIP Arşivi İçinde (Books for Text_TR-20260529T163910Z-3-003.zip),C:\Users\default.LAPTOP-OBA1HVU9\.antigravity-ide\Books\Books for Text_TR-20260529T163910Z-3-003.zip -> Books for Text_TR/Duvar_TR/Dergi-MSinan/Mimar-Sinan-dergisi-78.pdf,Books for Text_TR/Duvar_TR/Dergi-MSinan,4.04
Andersonun_Kitabı-2-Tarih.pdf,PDF,ZIP Arşivi İçinde (Books for Text_TR-20260529T163910Z-3-003.zip),C:\Users\default.LAPTOP-OBA1HVU9\.antigravity-ide\Books\Books for Text_TR-20260529T163910Z-3-003.zip -> Books for Text_TR/Duvar_TR/M-Murat Özgen Ayfer/Anderson_un Kitabı/Andersonun_Kitabı-2-Tarih.pdf,Books for Text_TR/Duvar_TR/M-Murat Özgen Ayfer/Anderson_un Kitabı,0.7
Kolektif-Siyonizm-Ve-Irkcılık-Cev-Turkkaya-Ataov-Birey-Toplum-1985-2-Basım.pdf,PDF,ZIP Arşivi İçinde (Books for Text_TR-20260529T163910Z-3-003.zip),C:\Users\default.LAPTOP-OBA1HVU9\.antigravity-ide\Books\Books for Text_TR-20260529T163910Z-3-003.zip -> Books for Text_TR/Yhd/Sion/Kolektif-Siyonizm-Ve-Irkcılık-Cev-Turkkaya-Ataov-Birey-Toplum-1985-2-Basım.pdf,Books for Text_TR/Yhd/Sion,42.62
Stratejik-İletişim-Planı-Aysegul-Aksu-3.pdf,PDF,ZIP Arşivi İçinde (Books for Text_TR-20260529T163910Z-3-003.zip),C:\Users\default.LAPTOP-OBA1HVU9\.antigravity-ide\Books\Books for Text_TR-20260529T163910Z-3-003.zip -> Books for Text_TR/Propaganda ve İkna/Kitle iletisimi/Stratejik-İletişim-Planı-Aysegul-Aksu-3.pdf,Books for Text_TR/Propaganda ve İkna/Kitle iletisimi,0.86
Mimar-Sinan-dergisi-106.pdf,PDF,ZIP Arşivi İçinde (Books for Text_TR-20260529T163910Z-3-003.zip),C:\Users\default.LAPTOP-OBA1HVU9\.antigravity-ide\Books\Books for Text_TR-20260529T163910Z-3-003.zip -> Books for Text_TR/Duvar_TR/Dergi-MSinan/Mimar-Sinan-dergisi-106.pdf,Books for Text_TR/Duvar_TR/Dergi-MSinan,4.39
Mahir-Kaynak-Ergenekon.pdf,PDF,ZIP Arşivi İçinde (Books for Text_TR-20260529T163910Z-3-003.zip),C:\Users\default.LAPTOP-OBA1HVU9\.antigravity-ide\Books\Books for Text_TR-20260529T163910Z-3-003.zip -> Books for Text_TR/Yazarlar-Tr/Mahir Kaynak/Mahir-Kaynak-Ergenekon.pdf,Books for Text_TR/Yazarlar-Tr/Mahir Kaynak,6.06
Aytunç Altındal - Kehanetler Kitabı.pdf,PDF,ZIP Arşivi İçinde (Books for Text_TR-20260529T163910Z-3-003.zip),C:\Users\default.LAPTOP-OBA1HVU9\.antigravity-ide\Books\Books for Text_TR-20260529T163910Z-3-003.zip -> Books for Text_TR/Yazarlar-Tr/Aytunç Altındal/Aytunç Altındal - Kehanetler Kitabı.pdf,Books for Text_TR/Yazarlar-Tr/Aytunç Altındal,68.85
Andersonun_Kitabı-1-Giriş.pdf,PDF,ZIP Arşivi İçinde (Books for Text_TR-20260529T163910Z-3-003.zip),C:\Users\default.LAPTOP-OBA1HVU9\.antigravity-ide\Books\Books for Text_TR-20260529T163910Z-3-003.zip -> Books for Text_TR/Duvar_TR/M-Murat Özgen Ayfer/Anderson_un Kitabı/Andersonun_Kitabı-1-Giriş.pdf,Books for Text_TR/Duvar_TR/M-Murat Özgen Ayfer/Anderson_un Kitabı,0.46
Mimar-Sinan-dergisi-22.pdf,PDF,ZIP Arşivi İçinde (Books for Text_TR-20260529T163910Z-3-003.zip),C:\Users\default.LAPTOP-OBA1HVU9\.antigravity-ide\Books\Books for Text_TR-20260529T163910Z-3-003.zip -> Books for Text_TR/Duvar_TR/Dergi-MSinan/Mimar-Sinan-dergisi-22.pdf,Books for Text_TR/Duvar_TR/Dergi-MSinan,3.5
1.pdf,PDF,ZIP Arşivi İçinde (Books for Text_TR-20260529T163910Z-3-003.zip),C:\Users\default.LAPTOP-OBA1HVU9\.antigravity-ide\Books\Books for Text_TR-20260529T163910Z-3-003.zip -> Books for Text_TR/Gld-World/Philip Willan Soylesi/1.pdf,Books for Text_TR/Gld-World/Philip Willan Soylesi,0.25
Ms_Sozlugu_15_Dinler_v.pdf,PDF,ZIP Arşivi İçinde (Books for Text_TR-20260529T163910Z-3-003.zip),C:\Users\default.LAPTOP-OBA1HVU9\.antigravity-ide\Books\Books for Text_TR-20260529T163910Z-3-003.zip -> Books for Text_TR/Duvar_TR/M-Murat Özgen Ayfer/Ms-Sözlüğü/Ms_Sozlugu_15_Dinler_v.pdf,Books for Text_TR/Duvar_TR/M-Murat Özgen Ayfer/Ms-Sözlüğü,0.72
Tapinakcilar Siyonistler ve_Ms-2.pdf,PDF,ZIP Arşivi İçinde (Books for Text_TR-20260529T163910Z-3-003.zip),"C:\Users\default.LAPTOP-OBA1HVU9\.antigravity-ide\Books\Books for Text_TR-20260529T163910Z-3-003.zip -> Books for Text_TR/Duvar_TR/M-Murat Özgen Ayfer/Tapınakçılar, Syonistler, Masonlar/Tapinakcilar Siyonistler ve_Ms-2.pdf","Books for Text_TR/Duvar_TR/M-Murat Özgen Ayfer/Tapınakçılar, Syonistler, Masonlar",5.08
Ms_Sozlugu_7_Terimler.pdf,PDF,ZIP Arşivi İçinde (Books for Text_TR-20260529T163910Z-3-003.zip),C:\Users\default.LAPTOP-OBA1HVU9\.antigravity-ide\Books\Books for Text_TR-20260529T163910Z-3-003.zip -> Books for Text_TR/Duvar_TR/M-Murat Özgen Ayfer/Ms-Sözlüğü/Ms_Sozlugu_7_Terimler.pdf,Books for Text_TR/Duvar_TR/M-Murat Özgen Ayfer/Ms-Sözlüğü,1.38
Mimar-Sinan-dergisi-67.pdf,PDF,ZIP Arşivi İçinde (Books for Text_TR-20260529T163910Z-3-003.zip),C:\Users\default.LAPTOP-OBA1HVU9\.antigravity-ide\Books\Books for Text_TR-20260529T163910Z-3-003.zip -> Books for Text_TR/Duvar_TR/Dergi-MSinan/Mimar-Sinan-dergisi-67.pdf,Books for Text_TR/Duvar_TR/Dergi-MSinan,4.15
Mimar-Sinan-dergisi-51.pdf,PDF,ZIP Arşivi İçinde (Books for Text_TR-20260529T163910Z-3-003.zip),C:\Users\default.LAPTOP-OBA1HVU9\.antigravity-ide\Books\Books for Text_TR-20260529T163910Z-3-003.zip -> Books for Text_TR/Duvar_TR/Dergi-MSinan/Mimar-Sinan-dergisi-51.pdf,Books for Text_TR/Duvar_TR/Dergi-MSinan,4.46
Mimar-Sinan-dergisi-87.pdf,PDF,ZIP Arşivi İçinde (Books for Text_TR-20260529T163910Z-3-003.zip),C:\Users\default.LAPTOP-OBA1HVU9\.antigravity-ide\Books\Books for Text_TR-20260529T163910Z-3-003.zip -> Books for Text_TR/Duvar_TR/Dergi-MSinan/Mimar-Sinan-dergisi-87.pdf,Books for Text_TR/Duvar_TR/Dergi-MSinan,3.98
Dünya Tarihi Kronolojik Zaman Çizelgeli (Kolektif) (z-lib.org).pdf,PDF,ZIP Arşivi İçinde (Books for Text_TR-20260529T163910Z-3-003.zip),C:\Users\default.LAPTOP-OBA1HVU9\.antigravity-ide\Books\Books for Text_TR-20260529T163910Z-3-003.zip -> Books for Text_TR/Tarih/Dünya Tarihi Kronolojik Zaman Çizelgeli (Kolektif) (z-lib.org).pdf,Books for Text_TR/Tarih,105.31
Ms_Sozlugu_6_Sozcukler.pdf,PDF,ZIP Arşivi İçinde (Books for Text_TR-20260529T163910Z-3-003.zip),C:\Users\default.LAPTOP-OBA1HVU9\.antigravity-ide\Books\Books for Text_TR-20260529T163910Z-3-003.zip -> Books for Text_TR/Duvar_TR/M-Murat Özgen Ayfer/Ms-Sözlüğü/Ms_Sozlugu_6_Sozcukler.pdf,Books for Text_TR/Duvar_TR/M-Murat Özgen Ayfer/Ms-Sözlüğü,0.63
Aytunç Altındal - Yoksul Tanrı_ Tyanalı Apollonius.pdf,PDF,ZIP Arşivi İçinde (Books for Text_TR-20260529T163910Z-3-003.zip),C:\Users\default.LAPTOP-OBA1HVU9\.antigravity-ide\Books\Books for Text_TR-20260529T163910Z-3-003.zip -> Books for Text_TR/Yazarlar-Tr/Aytunç Altındal/Aytunç Altındal - Yoksul Tanrı_ Tyanalı Apollonius.pdf,Books for Text_TR/Yazarlar-Tr/Aytunç Altındal,1.41
Mimar-Sinan-dergisi-34.pdf,PDF,ZIP Arşivi İçinde (Books for Text_TR-20260529T163910Z-3-003.zip),C:\Users\default.LAPTOP-OBA1HVU9\.antigravity-ide\Books\Books for Text_TR-20260529T163910Z-3-003.zip -> Books for Text_TR/Duvar_TR/Dergi-MSinan/Mimar-Sinan-dergisi-34.pdf,Books for Text_TR/Duvar_TR/Dergi-MSinan,3.48
Kitle Psikolojisi (Sigmund Freud) (z-lib.org).pdf,PDF,ZIP Arşivi İçinde (Books for Text_TR-20260529T163910Z-3-003.zip),C:\Users\default.LAPTOP-OBA1HVU9\.antigravity-ide\Books\Books for Text_TR-20260529T163910Z-3-003.zip -> Books for Text_TR/Propaganda ve İkna/Kitle Psikolojisi/Kitle Psikolojisi (Sigmund Freud) (z-lib.org).pdf,Books for Text_TR/Propaganda ve İkna/Kitle Psikolojisi,5.62
zYazara_Gore_Fihrist.pdf,PDF,ZIP Arşivi İçinde (Books for Text_TR-20260529T163910Z-3-003.zip),C:\Users\default.LAPTOP-OBA1HVU9\.antigravity-ide\Books\Books for Text_TR-20260529T163910Z-3-003.zip -> Books for Text_TR/Duvar_TR/Dergi-MSinan/zYazara_Gore_Fihrist.pdf,Books for Text_TR/Duvar_TR/Dergi-MSinan,0.3
Mimar-Sinan-dergisi-119.pdf,PDF,ZIP Arşivi İçinde (Books for Text_TR-20260529T163910Z-3-003.zip),C:\Users\default.LAPTOP-OBA1HVU9\.antigravity-ide\Books\Books for Text_TR-20260529T163910Z-3-003.zip -> Books for Text_TR/Duvar_TR/Dergi-MSinan/Mimar-Sinan-dergisi-119.pdf,Books for Text_TR/Duvar_TR/Dergi-MSinan,4.89
Mimar-Sinan-dergisi-112.pdf,PDF,ZIP Arşivi İçinde (Books for Text_TR-20260529T163910Z-3-003.zip),C:\Users\default.LAPTOP-OBA1HVU9\.antigravity-ide\Books\Books for Text_TR-20260529T163910Z-3-003.zip -> Books for Text_TR/Duvar_TR/Dergi-MSinan/Mimar-Sinan-dergisi-112.pdf,Books for Text_TR/Duvar_TR/Dergi-MSinan,4.18
Mimar-Sinan-dergisi-152.pdf,PDF,ZIP Arşivi İçinde (Books for Text_TR-20260529T163910Z-3-003.zip),C:\Users\default.LAPTOP-OBA1HVU9\.antigravity-ide\Books\Books for Text_TR-20260529T163910Z-3-003.zip -> Books for Text_TR/Duvar_TR/Dergi-MSinan/Mimar-Sinan-dergisi-152.pdf,Books for Text_TR/Duvar_TR/Dergi-MSinan,4.82
Mimar-Sinan-dergisi-29.pdf,PDF,ZIP Arşivi İçinde (Books for Text_TR-20260529T163910Z-3-003.zip),C:\Users\default.LAPTOP-OBA1HVU9\.antigravity-ide\Books\Books for Text_TR-20260529T163910Z-3-003.zip -> Books for Text_TR/Duvar_TR/Dergi-MSinan/Mimar-Sinan-dergisi-29.pdf,Books for Text_TR/Duvar_TR/Dergi-MSinan,3.57
Mimar-Sinan-dergisi-143.pdf,PDF,ZIP Arşivi İçinde (Books for Text_TR-20260529T163910Z-3-003.zip),C:\Users\default.LAPTOP-OBA1HVU9\.antigravity-ide\Books\Books for Text_TR-20260529T163910Z-3-003.zip -> Books for Text_TR/Duvar_TR/Dergi-MSinan/Mimar-Sinan-dergisi-143.pdf,Books for Text_TR/Duvar_TR/Dergi-MSinan,5.06
Mimar-Sinan-dergisi-33.pdf,PDF,ZIP Arşivi İçinde (Books for Text_TR-20260529T163910Z-3-003.zip),C:\Users\default.LAPTOP-OBA1HVU9\.antigravity-ide\Books\Books for Text_TR-20260529T163910Z-3-003.zip -> Books for Text_TR/Duvar_TR/Dergi-MSinan/Mimar-Sinan-dergisi-33.pdf,Books for Text_TR/Duvar_TR/Dergi-MSinan,3.42
Mimar-Sinan-dergisi-123.pdf,PDF,ZIP Arşivi İçinde (Books for Text_TR-20260529T163910Z-3-003.zip),C:\Users\default.LAPTOP-OBA1HVU9\.antigravity-ide\Books\Books for Text_TR-20260529T163910Z-3-003.zip -> Books for Text_TR/Duvar_TR/Dergi-MSinan/Mimar-Sinan-dergisi-123.pdf,Books for Text_TR/Duvar_TR/Dergi-MSinan,5.03
Turkiye`de-Kitle-İletişimi.pdf,PDF,ZIP Arşivi İçinde (Books for Text_TR-20260529T163910Z-3-003.zip),C:\Users\default.LAPTOP-OBA1HVU9\.antigravity-ide\Books\Books for Text_TR-20260529T163910Z-3-003.zip -> Books for Text_TR/Propaganda ve İkna/Kitle iletisimi/Turkiye`de-Kitle-İletişimi.pdf,Books for Text_TR/Propaganda ve İkna/Kitle iletisimi,14.56
Mimar-Sinan-dergisi-43.pdf,PDF,ZIP Arşivi İçinde (Books for Text_TR-20260529T163910Z-3-003.zip),C:\Users\default.LAPTOP-OBA1HVU9\.antigravity-ide\Books\Books for Text_TR-20260529T163910Z-3-003.zip -> Books for Text_TR/Duvar_TR/Dergi-MSinan/Mimar-Sinan-dergisi-43.pdf,Books for Text_TR/Duvar_TR/Dergi-MSinan,4.23
Mimar-Sinan-dergisi-113.pdf,PDF,ZIP Arşivi İçinde (Books for Text_TR-20260529T163910Z-3-003.zip),C:\Users\default.LAPTOP-OBA1HVU9\.antigravity-ide\Books\Books for Text_TR-20260529T163910Z-3-003.zip -> Books for Text_TR/Duvar_TR/Dergi-MSinan/Mimar-Sinan-dergisi-113.pdf,Books for Text_TR/Duvar_TR/Dergi-MSinan,4.79
Mimar-Sinan-dergisi-13.pdf,PDF,ZIP Arşivi İçinde (Books for Text_TR-20260529T163910Z-3-003.zip),C:\Users\default.LAPTOP-OBA1HVU9\.antigravity-ide\Books\Books for Text_TR-20260529T163910Z-3-003.zip -> Books for Text_TR/Duvar_TR/Dergi-MSinan/Mimar-Sinan-dergisi-13.pdf,Books for Text_TR/Duvar_TR/Dergi-MSinan,5.7
Soft Power and Public Diplomacy i.pdf,PDF,ZIP Arşivi İçinde (Books for Text_TR-20260529T163910Z-3-003.zip),C:\Users\default.LAPTOP-OBA1HVU9\.antigravity-ide\Books\Books for Text_TR-20260529T163910Z-3-003.zip -> Books for Text_TR/İstihbarat/Kalin/iKalin Englısh/Soft Power and Public Diplomacy i.pdf,Books for Text_TR/İstihbarat/Kalin/iKalin Englısh,0.1
Mimar-Sinan-dergisi-160.pdf,PDF,ZIP Arşivi İçinde (Books for Text_TR-20260529T163910Z-3-003.zip),C:\Users\default.LAPTOP-OBA1HVU9\.antigravity-ide\Books\Books for Text_TR-20260529T163910Z-3-003.zip -> Books for Text_TR/Duvar_TR/Dergi-MSinan/Mimar-Sinan-dergisi-160.pdf,Books for Text_TR/Duvar_TR/Dergi-MSinan,1.91
Soner-Yalcın-Kayıp-Sicil.pdf,PDF,ZIP Arşivi İçinde (Books for Text_TR-20260529T163910Z-3-003.zip),C:\Users\default.LAPTOP-OBA1HVU9\.antigravity-ide\Books\Books for Text_TR-20260529T163910Z-3-003.zip -> Books for Text_TR/Yazarlar-Tr/Soner Yalçın/Soner-Yalcın-Kayıp-Sicil.pdf,Books for Text_TR/Yazarlar-Tr/Soner Yalçın,22.7
Gizli-Ikna-Taktikleri-Kevin-Hogan.pdf,PDF,ZIP Arşivi İçinde (Books for Text_TR-20260529T163910Z-3-003.zip),C:\Users\default.LAPTOP-OBA1HVU9\.antigravity-ide\Books\Books for Text_TR-20260529T163910Z-3-003.zip -> Books for Text_TR/Propaganda ve İkna/ikna/Gizli-Ikna-Taktikleri-Kevin-Hogan.pdf,Books for Text_TR/Propaganda ve İkna/ikna,3.07
Mahir-Kaynak-İstihbarat-Ve-Teror-Oyunları.pdf,PDF,ZIP Arşivi İçinde (Books for Text_TR-20260529T163910Z-3-003.zip),C:\Users\default.LAPTOP-OBA1HVU9\.antigravity-ide\Books\Books for Text_TR-20260529T163910Z-3-003.zip -> Books for Text_TR/Yazarlar-Tr/Mahir Kaynak/Mahir-Kaynak-İstihbarat-Ve-Teror-Oyunları.pdf,Books for Text_TR/Yazarlar-Tr/Mahir Kaynak,4.56
Mimar-Sinan-dergisi-62.pdf,PDF,ZIP Arşivi İçinde (Books for Text_TR-20260529T163910Z-3-003.zip),C:\Users\default.LAPTOP-OBA1HVU9\.antigravity-ide\Books\Books for Text_TR-20260529T163910Z-3-003.zip -> Books for Text_TR/Duvar_TR/Dergi-MSinan/Mimar-Sinan-dergisi-62.pdf,Books for Text_TR/Duvar_TR/Dergi-MSinan,4.78
Mahir-Kaynak-Buyuk-Ortadoğu-Projesi.pdf,PDF,ZIP Arşivi İçinde (Books for Text_TR-20260529T163910Z-3-003.zip),C:\Users\default.LAPTOP-OBA1HVU9\.antigravity-ide\Books\Books for Text_TR-20260529T163910Z-3-003.zip -> Books for Text_TR/Yazarlar-Tr/Mahir Kaynak/Mahir-Kaynak-Buyuk-Ortadoğu-Projesi.pdf,Books for Text_TR/Yazarlar-Tr/Mahir Kaynak,2.31
Ms-Hile-Yolu.pdf,PDF,ZIP Arşivi İçinde (Books for Text_TR-20260529T163910Z-3-003.zip),C:\Users\default.LAPTOP-OBA1HVU9\.antigravity-ide\Books\Books for Text_TR-20260529T163910Z-3-003.zip -> Books for Text_TR/İstihbarat/ms/Ms-Hile-Yolu.pdf,Books for Text_TR/İstihbarat/ms,2.31
Mimar-Sinan-dergisi-77.pdf,PDF,ZIP Arşivi İçinde (Books for Text_TR-20260529T163910Z-3-003.zip),C:\Users\default.LAPTOP-OBA1HVU9\.antigravity-ide\Books\Books for Text_TR-20260529T163910Z-3-003.zip -> Books for Text_TR/Duvar_TR/Dergi-MSinan/Mimar-Sinan-dergisi-77.pdf,Books for Text_TR/Duvar_TR/Dergi-MSinan,3.19
5.pdf,PDF,ZIP Arşivi İçinde (Books for Text_TR-20260529T163910Z-3-003.zip),C:\Users\default.LAPTOP-OBA1HVU9\.antigravity-ide\Books\Books for Text_TR-20260529T163910Z-3-003.zip -> Books for Text_TR/Gld-World/Philip Willan Soylesi/5.pdf,Books for Text_TR/Gld-World/Philip Willan Soylesi,0.05
Mimar-Sinan-dergisi-89.pdf,PDF,ZIP Arşivi İçinde (Books for Text_TR-20260529T163910Z-3-003.zip),C:\Users\default.LAPTOP-OBA1HVU9\.antigravity-ide\Books\Books for Text_TR-20260529T163910Z-3-003.zip -> Books for Text_TR/Duvar_TR/Dergi-MSinan/Mimar-Sinan-dergisi-89.pdf,Books for Text_TR/Duvar_TR/Dergi-MSinan,3.97
Mimar-Sinan-dergisi-82.pdf,PDF,ZIP Arşivi İçinde (Books for Text_TR-20260529T163910Z-3-003.zip),C:\Users\default.LAPTOP-OBA1HVU9\.antigravity-ide\Books\Books for Text_TR-20260529T163910Z-3-003.zip -> Books for Text_TR/Duvar_TR/Dergi-MSinan/Mimar-Sinan-dergisi-82.pdf,Books for Text_TR/Duvar_TR/Dergi-MSinan,3.63
Mimar-Sinan-dergisi-72.pdf,PDF,ZIP Arşivi İçinde (Books for Text_TR-20260529T163910Z-3-003.zip),C:\Users\default.LAPTOP-OBA1HVU9\.antigravity-ide\Books\Books for Text_TR-20260529T163910Z-3-003.zip -> Books for Text_TR/Duvar_TR/Dergi-MSinan/Mimar-Sinan-dergisi-72.pdf,Books for Text_TR/Duvar_TR/Dergi-MSinan,3.5
Avrupa ve Biz (İlber Ortaylı) (z-lib.org).epub,EPUB,ZIP Arşivi İçinde (Books for Text_TR-20260529T163910Z-3-003.zip),C:\Users\default.LAPTOP-OBA1HVU9\.antigravity-ide\Books\Books for Text_TR-20260529T163910Z-3-003.zip -> Books for Text_TR/Yazarlar-Tr/İlber Ortaylı/Avrupa ve Biz (İlber Ortaylı) (z-lib.org).epub,Books for Text_TR/Yazarlar-Tr/İlber Ortaylı,11.2
Mimar-Sinan-dergisi-10.pdf,PDF,ZIP Arşivi İçinde (Books for Text_TR-20260529T163910Z-3-003.zip),C:\Users\default.LAPTOP-OBA1HVU9\.antigravity-ide\Books\Books for Text_TR-20260529T163910Z-3-003.zip -> Books for Text_TR/Duvar_TR/Dergi-MSinan/Mimar-Sinan-dergisi-10.pdf,Books for Text_TR/Duvar_TR/Dergi-MSinan,49.83
Ms_Sozlugu_3_Aletler_v.pdf,PDF,ZIP Arşivi İçinde (Books for Text_TR-20260529T163910Z-3-003.zip),C:\Users\default.LAPTOP-OBA1HVU9\.antigravity-ide\Books\Books for Text_TR-20260529T163910Z-3-003.zip -> Books for Text_TR/Duvar_TR/M-Murat Özgen Ayfer/Ms-Sözlüğü/Ms_Sozlugu_3_Aletler_v.pdf,Books for Text_TR/Duvar_TR/M-Murat Özgen Ayfer/Ms-Sözlüğü,0.58
Kitleler Psikolojisi (Gustave Le Bon) (z-lib.org).pdf,PDF,ZIP Arşivi İçinde (Books for Text_TR-20260529T163910Z-3-003.zip),C:\Users\default.LAPTOP-OBA1HVU9\.antigravity-ide\Books\Books for Text_TR-20260529T163910Z-3-003.zip -> Books for Text_TR/Propaganda ve İkna/Kitle Psikolojisi/Kitleler Psikolojisi (Gustave Le Bon) (z-lib.org).pdf,Books for Text_TR/Propaganda ve İkna/Kitle Psikolojisi,6.78
Mimar-Sinan-dergisi-54.pdf,PDF,ZIP Arşivi İçinde (Books for Text_TR-20260529T163910Z-3-003.zip),C:\Users\default.LAPTOP-OBA1HVU9\.antigravity-ide\Books\Books for Text_TR-20260529T163910Z-3-003.zip -> Books for Text_TR/Duvar_TR/Dergi-MSinan/Mimar-Sinan-dergisi-54.pdf,Books for Text_TR/Duvar_TR/Dergi-MSinan,6.01
Mimar-Sinan-dergisi-121.pdf,PDF,ZIP Arşivi İçinde (Books for Text_TR-20260529T163910Z-3-003.zip),C:\Users\default.LAPTOP-OBA1HVU9\.antigravity-ide\Books\Books for Text_TR-20260529T163910Z-3-003.zip -> Books for Text_TR/Duvar_TR/Dergi-MSinan/Mimar-Sinan-dergisi-121.pdf,Books for Text_TR/Duvar_TR/Dergi-MSinan,5.08
Ms_Sozlugu_5_Sutunlar.pdf,PDF,ZIP Arşivi İçinde (Books for Text_TR-20260529T163910Z-3-003.zip),C:\Users\default.LAPTOP-OBA1HVU9\.antigravity-ide\Books\Books for Text_TR-20260529T163910Z-3-003.zip -> Books for Text_TR/Duvar_TR/M-Murat Özgen Ayfer/Ms-Sözlüğü/Ms_Sozlugu_5_Sutunlar.pdf,Books for Text_TR/Duvar_TR/M-Murat Özgen Ayfer/Ms-Sözlüğü,0.33
Mimar-Sinan-dergisi-39.pdf,PDF,ZIP Arşivi İçinde (Books for Text_TR-20260529T163910Z-3-003.zip),C:\Users\default.LAPTOP-OBA1HVU9\.antigravity-ide\Books\Books for Text_TR-20260529T163910Z-3-003.zip -> Books for Text_TR/Duvar_TR/Dergi-MSinan/Mimar-Sinan-dergisi-39.pdf,Books for Text_TR/Duvar_TR/Dergi-MSinan,3.14
Mimar-Sinan-dergisi-131.pdf,PDF,ZIP Arşivi İçinde (Books for Text_TR-20260529T163910Z-3-003.zip),C:\Users\default.LAPTOP-OBA1HVU9\.antigravity-ide\Books\Books for Text_TR-20260529T163910Z-3-003.zip -> Books for Text_TR/Duvar_TR/Dergi-MSinan/Mimar-Sinan-dergisi-131.pdf,Books for Text_TR/Duvar_TR/Dergi-MSinan,3.85
iKalin-İslam-Ve-Batı.pdf,PDF,ZIP Arşivi İçinde (Books for Text_TR-20260529T163910Z-3-003.zip),C:\Users\default.LAPTOP-OBA1HVU9\.antigravity-ide\Books\Books for Text_TR-20260529T163910Z-3-003.zip -> Books for Text_TR/İstihbarat/Kalin/iKalin-İslam-Ve-Batı.pdf,Books for Text_TR/İstihbarat/Kalin,1.35
Mimar-Sinan-dergisi-32.pdf,PDF,ZIP Arşivi İçinde (Books for Text_TR-20260529T163910Z-3-003.zip),C:\Users\default.LAPTOP-OBA1HVU9\.antigravity-ide\Books\Books for Text_TR-20260529T163910Z-3-003.zip -> Books for Text_TR/Duvar_TR/Dergi-MSinan/Mimar-Sinan-dergisi-32.pdf,Books for Text_TR/Duvar_TR/Dergi-MSinan,3.38
Aytunç Altındal - Papa 16. Benedikt Avrupa Birliği ve Türkiye.pdf,PDF,ZIP Arşivi İçinde (Books for Text_TR-20260529T163910Z-3-003.zip),C:\Users\default.LAPTOP-OBA1HVU9\.antigravity-ide\Books\Books for Text_TR-20260529T163910Z-3-003.zip -> Books for Text_TR/Yazarlar-Tr/Aytunç Altındal/Aytunç Altındal - Papa 16. Benedikt Avrupa Birliği ve Türkiye.pdf,Books for Text_TR/Yazarlar-Tr/Aytunç Altındal,2.31
Mimar-Sinan-dergisi-105.pdf,PDF,ZIP Arşivi İçinde (Books for Text_TR-20260529T163910Z-3-003.zip),C:\Users\default.LAPTOP-OBA1HVU9\.antigravity-ide\Books\Books for Text_TR-20260529T163910Z-3-003.zip -> Books for Text_TR/Duvar_TR/Dergi-MSinan/Mimar-Sinan-dergisi-105.pdf,Books for Text_TR/Duvar_TR/Dergi-MSinan,4.9
Mahir Kaynak-Bugünü Dünden Okumak.pdf,PDF,ZIP Arşivi İçinde (Books for Text_TR-20260529T163910Z-3-003.zip),C:\Users\default.LAPTOP-OBA1HVU9\.antigravity-ide\Books\Books for Text_TR-20260529T163910Z-3-003.zip -> Books for Text_TR/Yazarlar-Tr/Mahir Kaynak/Mahir Kaynak-Bugünü Dünden Okumak.pdf,Books for Text_TR/Yazarlar-Tr/Mahir Kaynak,4.27
Mimar-Sinan-dergisi-130.pdf,PDF,ZIP Arşivi İçinde (Books for Text_TR-20260529T163910Z-3-003.zip),C:\Users\default.LAPTOP-OBA1HVU9\.antigravity-ide\Books\Books for Text_TR-20260529T163910Z-3-003.zip -> Books for Text_TR/Duvar_TR/Dergi-MSinan/Mimar-Sinan-dergisi-130.pdf,Books for Text_TR/Duvar_TR/Dergi-MSinan,6.38
Andersonun_Kitabı-6-Değişiklikler.pdf,PDF,ZIP Arşivi İçinde (Books for Text_TR-20260529T163910Z-3-003.zip),C:\Users\default.LAPTOP-OBA1HVU9\.antigravity-ide\Books\Books for Text_TR-20260529T163910Z-3-003.zip -> Books for Text_TR/Duvar_TR/M-Murat Özgen Ayfer/Anderson_un Kitabı/Andersonun_Kitabı-6-Değişiklikler.pdf,Books for Text_TR/Duvar_TR/M-Murat Özgen Ayfer/Anderson_un Kitabı,0.24
4.pdf,PDF,ZIP Arşivi İçinde (Books for Text_TR-20260529T163910Z-3-003.zip),C:\Users\default.LAPTOP-OBA1HVU9\.antigravity-ide\Books\Books for Text_TR-20260529T163910Z-3-003.zip -> Books for Text_TR/Gld-World/Philip Willan Soylesi/4.pdf,Books for Text_TR/Gld-World/Philip Willan Soylesi,0.09
Tapinakcilar Siyonistler ve_Ms-1.pdf,PDF,ZIP Arşivi İçinde (Books for Text_TR-20260529T163910Z-3-003.zip),"C:\Users\default.LAPTOP-OBA1HVU9\.antigravity-ide\Books\Books for Text_TR-20260529T163910Z-3-003.zip -> Books for Text_TR/Duvar_TR/M-Murat Özgen Ayfer/Tapınakçılar, Syonistler, Masonlar/Tapinakcilar Siyonistler ve_Ms-1.pdf","Books for Text_TR/Duvar_TR/M-Murat Özgen Ayfer/Tapınakçılar, Syonistler, Masonlar",8.1
Mimar-Sinan-dergisi-65.pdf,PDF,ZIP Arşivi İçinde (Books for Text_TR-20260529T163910Z-3-003.zip),C:\Users\default.LAPTOP-OBA1HVU9\.antigravity-ide\Books\Books for Text_TR-20260529T163910Z-3-003.zip -> Books for Text_TR/Duvar_TR/Dergi-MSinan/Mimar-Sinan-dergisi-65.pdf,Books for Text_TR/Duvar_TR/Dergi-MSinan,4.03
Aytunç Altındal - Kutsal Kitabın Yorumu-Sir İsaac Newton.pdf,PDF,ZIP Arşivi İçinde (Books for Text_TR-20260529T163910Z-3-003.zip),C:\Users\default.LAPTOP-OBA1HVU9\.antigravity-ide\Books\Books for Text_TR-20260529T163910Z-3-003.zip -> Books for Text_TR/Yazarlar-Tr/Aytunç Altındal/Aytunç Altındal - Kutsal Kitabın Yorumu-Sir İsaac Newton.pdf,Books for Text_TR/Yazarlar-Tr/Aytunç Altındal,5.12
Mimar-Sinan-dergisi-66.pdf,PDF,ZIP Arşivi İçinde (Books for Text_TR-20260529T163910Z-3-003.zip),C:\Users\default.LAPTOP-OBA1HVU9\.antigravity-ide\Books\Books for Text_TR-20260529T163910Z-3-003.zip -> Books for Text_TR/Duvar_TR/Dergi-MSinan/Mimar-Sinan-dergisi-66.pdf,Books for Text_TR/Duvar_TR/Dergi-MSinan,4.73
Nedim_Şener_-Mahrem_İçinde_Mahrem.pdf,PDF,ZIP Arşivi İçinde (Books for Text_TR-20260529T163910Z-3-003.zip),C:\Users\default.LAPTOP-OBA1HVU9\.antigravity-ide\Books\Books for Text_TR-20260529T163910Z-3-003.zip -> Books for Text_TR/Yazarlar-Tr/Nedim Sener/Nedim_Şener_-Mahrem_İçinde_Mahrem.pdf,Books for Text_TR/Yazarlar-Tr/Nedim Sener,6.82
Mimar-Sinan-dergisi-124.pdf,PDF,ZIP Arşivi İçinde (Books for Text_TR-20260529T163910Z-3-003.zip),C:\Users\default.LAPTOP-OBA1HVU9\.antigravity-ide\Books\Books for Text_TR-20260529T163910Z-3-003.zip -> Books for Text_TR/Duvar_TR/Dergi-MSinan/Mimar-Sinan-dergisi-124.pdf,Books for Text_TR/Duvar_TR/Dergi-MSinan,4.61
Mimar-Sinan-dergisi-125.pdf,PDF,ZIP Arşivi İçinde (Books for Text_TR-20260529T163910Z-3-003.zip),C:\Users\default.LAPTOP-OBA1HVU9\.antigravity-ide\Books\Books for Text_TR-20260529T163910Z-3-003.zip -> Books for Text_TR/Duvar_TR/Dergi-MSinan/Mimar-Sinan-dergisi-125.pdf,Books for Text_TR/Duvar_TR/Dergi-MSinan,4.84
Ms_Sozlugu_14_Sofra_ve.pdf,PDF,ZIP Arşivi İçinde (Books for Text_TR-20260529T163910Z-3-003.zip),C:\Users\default.LAPTOP-OBA1HVU9\.antigravity-ide\Books\Books for Text_TR-20260529T163910Z-3-003.zip -> Books for Text_TR/Duvar_TR/M-Murat Özgen Ayfer/Ms-Sözlüğü/Ms_Sozlugu_14_Sofra_ve.pdf,Books for Text_TR/Duvar_TR/M-Murat Özgen Ayfer/Ms-Sözlüğü,0.27
Aytunç Altındal - Bilinmeyen-Vatikan.pdf,PDF,ZIP Arşivi İçinde (Books for Text_TR-20260529T163910Z-3-003.zip),C:\Users\default.LAPTOP-OBA1HVU9\.antigravity-ide\Books\Books for Text_TR-20260529T163910Z-3-003.zip -> Books for Text_TR/Yazarlar-Tr/Aytunç Altındal/Aytunç Altındal - Bilinmeyen-Vatikan.pdf,Books for Text_TR/Yazarlar-Tr/Aytunç Altındal,0.44
Türkiyenin Yakın Tarihi (İlber Ortaylı) (z-lib.org).epub,EPUB,ZIP Arşivi İçinde (Books for Text_TR-20260529T163910Z-3-003.zip),C:\Users\default.LAPTOP-OBA1HVU9\.antigravity-ide\Books\Books for Text_TR-20260529T163910Z-3-003.zip -> Books for Text_TR/Yazarlar-Tr/İlber Ortaylı/Türkiyenin Yakın Tarihi (İlber Ortaylı) (z-lib.org).epub,Books for Text_TR/Yazarlar-Tr/İlber Ortaylı,0.63
Kitle-Iletisim-Kuramlari-Levent-Yaylagul.pdf,PDF,ZIP Arşivi İçinde (Books for Text_TR-20260529T163910Z-3-003.zip),C:\Users\default.LAPTOP-OBA1HVU9\.antigravity-ide\Books\Books for Text_TR-20260529T163910Z-3-003.zip -> Books for Text_TR/Propaganda ve İkna/Kitle iletisimi/Kitle-Iletisim-Kuramlari-Levent-Yaylagul.pdf,Books for Text_TR/Propaganda ve İkna/Kitle iletisimi,2.16
Mimar-Sinan-dergisi-61.pdf,PDF,ZIP Arşivi İçinde (Books for Text_TR-20260529T163910Z-3-003.zip),C:\Users\default.LAPTOP-OBA1HVU9\.antigravity-ide\Books\Books for Text_TR-20260529T163910Z-3-003.zip -> Books for Text_TR/Duvar_TR/Dergi-MSinan/Mimar-Sinan-dergisi-61.pdf,Books for Text_TR/Duvar_TR/Dergi-MSinan,4.18
Mimar-Sinan-dergisi-38.pdf,PDF,ZIP Arşivi İçinde (Books for Text_TR-20260529T163910Z-3-003.zip),C:\Users\default.LAPTOP-OBA1HVU9\.antigravity-ide\Books\Books for Text_TR-20260529T163910Z-3-003.zip -> Books for Text_TR/Duvar_TR/Dergi-MSinan/Mimar-Sinan-dergisi-38.pdf,Books for Text_TR/Duvar_TR/Dergi-MSinan,3.01
Mimar-Sinan-dergisi-81.pdf,PDF,ZIP Arşivi İçinde (Books for Text_TR-20260529T163910Z-3-003.zip),C:\Users\default.LAPTOP-OBA1HVU9\.antigravity-ide\Books\Books for Text_TR-20260529T163910Z-3-003.zip -> Books for Text_TR/Duvar_TR/Dergi-MSinan/Mimar-Sinan-dergisi-81.pdf,Books for Text_TR/Duvar_TR/Dergi-MSinan,4.07
Mimar-Sinan-dergisi-144.pdf,PDF,ZIP Arşivi İçinde (Books for Text_TR-20260529T163910Z-3-003.zip),C:\Users\default.LAPTOP-OBA1HVU9\.antigravity-ide\Books\Books for Text_TR-20260529T163910Z-3-003.zip -> Books for Text_TR/Duvar_TR/Dergi-MSinan/Mimar-Sinan-dergisi-144.pdf,Books for Text_TR/Duvar_TR/Dergi-MSinan,3.55
Tuncay-Ozkan-Mit.pdf,PDF,ZIP Arşivi İçinde (Books for Text_TR-20260529T163910Z-3-003.zip),C:\Users\default.LAPTOP-OBA1HVU9\.antigravity-ide\Books\Books for Text_TR-20260529T163910Z-3-003.zip -> Books for Text_TR/İstihbarat/Mit/Tuncay-Ozkan-Mit.pdf,Books for Text_TR/İstihbarat/Mit,1.43
Kamuoyu-Iletisim-ve-Demokrasi-Arsev-Bektas.pdf,PDF,ZIP Arşivi İçinde (Books for Text_TR-20260529T163910Z-3-003.zip),C:\Users\default.LAPTOP-OBA1HVU9\.antigravity-ide\Books\Books for Text_TR-20260529T163910Z-3-003.zip -> Books for Text_TR/Propaganda ve İkna/Kitle iletisimi/Kamuoyu-Iletisim-ve-Demokrasi-Arsev-Bektas.pdf,Books for Text_TR/Propaganda ve İkna/Kitle iletisimi,3.56
Mimar-Sinan-dergisi-9.pdf,PDF,ZIP Arşivi İçinde (Books for Text_TR-20260529T163910Z-3-003.zip),C:\Users\default.LAPTOP-OBA1HVU9\.antigravity-ide\Books\Books for Text_TR-20260529T163910Z-3-003.zip -> Books for Text_TR/Duvar_TR/Dergi-MSinan/Mimar-Sinan-dergisi-9.pdf,Books for Text_TR/Duvar_TR/Dergi-MSinan,46.88
Mimar-Sinan-dergisi-157.pdf,PDF,ZIP Arşivi İçinde (Books for Text_TR-20260529T163910Z-3-003.zip),C:\Users\default.LAPTOP-OBA1HVU9\.antigravity-ide\Books\Books for Text_TR-20260529T163910Z-3-003.zip -> Books for Text_TR/Duvar_TR/Dergi-MSinan/Mimar-Sinan-dergisi-157.pdf,Books for Text_TR/Duvar_TR/Dergi-MSinan,4.23
Mimar-Sinan-dergisi-71.pdf,PDF,ZIP Arşivi İçinde (Books for Text_TR-20260529T163910Z-3-003.zip),C:\Users\default.LAPTOP-OBA1HVU9\.antigravity-ide\Books\Books for Text_TR-20260529T163910Z-3-003.zip -> Books for Text_TR/Duvar_TR/Dergi-MSinan/Mimar-Sinan-dergisi-71.pdf,Books for Text_TR/Duvar_TR/Dergi-MSinan,3.58
Mimar-Sinan-dergisi-53.pdf,PDF,ZIP Arşivi İçinde (Books for Text_TR-20260529T163910Z-3-003.zip),C:\Users\default.LAPTOP-OBA1HVU9\.antigravity-ide\Books\Books for Text_TR-20260529T163910Z-3-003.zip -> Books for Text_TR/Duvar_TR/Dergi-MSinan/Mimar-Sinan-dergisi-53.pdf,Books for Text_TR/Duvar_TR/Dergi-MSinan,3.96
Mimar-Sinan-dergisi-120.pdf,PDF,ZIP Arşivi İçinde (Books for Text_TR-20260529T163910Z-3-003.zip),C:\Users\default.LAPTOP-OBA1HVU9\.antigravity-ide\Books\Books for Text_TR-20260529T163910Z-3-003.zip -> Books for Text_TR/Duvar_TR/Dergi-MSinan/Mimar-Sinan-dergisi-120.pdf,Books for Text_TR/Duvar_TR/Dergi-MSinan,5.09
Mimar-Sinan-dergisi-28.pdf,PDF,ZIP Arşivi İçinde (Books for Text_TR-20260529T163910Z-3-003.zip),C:\Users\default.LAPTOP-OBA1HVU9\.antigravity-ide\Books\Books for Text_TR-20260529T163910Z-3-003.zip -> Books for Text_TR/Duvar_TR/Dergi-MSinan/Mimar-Sinan-dergisi-28.pdf,Books for Text_TR/Duvar_TR/Dergi-MSinan,4.53
Mimar-Sinan-dergisi-90.pdf,PDF,ZIP Arşivi İçinde (Books for Text_TR-20260529T163910Z-3-003.zip),C:\Users\default.LAPTOP-OBA1HVU9\.antigravity-ide\Books\Books for Text_TR-20260529T163910Z-3-003.zip -> Books for Text_TR/Duvar_TR/Dergi-MSinan/Mimar-Sinan-dergisi-90.pdf,Books for Text_TR/Duvar_TR/Dergi-MSinan,4.0
Mimar-Sinan-dergisi-133.pdf,PDF,ZIP Arşivi İçinde (Books for Text_TR-20260529T163910Z-3-003.zip),C:\Users\default.LAPTOP-OBA1HVU9\.antigravity-ide\Books\Books for Text_TR-20260529T163910Z-3-003.zip -> Books for Text_TR/Duvar_TR/Dergi-MSinan/Mimar-Sinan-dergisi-133.pdf,Books for Text_TR/Duvar_TR/Dergi-MSinan,4.5
Mimar-Sinan-dergisi-104.pdf,PDF,ZIP Arşivi İçinde (Books for Text_TR-20260529T163910Z-3-003.zip),C:\Users\default.LAPTOP-OBA1HVU9\.antigravity-ide\Books\Books for Text_TR-20260529T163910Z-3-003.zip -> Books for Text_TR/Duvar_TR/Dergi-MSinan/Mimar-Sinan-dergisi-104.pdf,Books for Text_TR/Duvar_TR/Dergi-MSinan,5.49
Mimar-Sinan-dergisi-114.pdf,PDF,ZIP Arşivi İçinde (Books for Text_TR-20260529T163910Z-3-003.zip),C:\Users\default.LAPTOP-OBA1HVU9\.antigravity-ide\Books\Books for Text_TR-20260529T163910Z-3-003.zip -> Books for Text_TR/Duvar_TR/Dergi-MSinan/Mimar-Sinan-dergisi-114.pdf,Books for Text_TR/Duvar_TR/Dergi-MSinan,4.8
Mimar-Sinan-dergisi-153.pdf,PDF,ZIP Arşivi İçinde (Books for Text_TR-20260529T163910Z-3-003.zip),C:\Users\default.LAPTOP-OBA1HVU9\.antigravity-ide\Books\Books for Text_TR-20260529T163910Z-3-003.zip -> Books for Text_TR/Duvar_TR/Dergi-MSinan/Mimar-Sinan-dergisi-153.pdf,Books for Text_TR/Duvar_TR/Dergi-MSinan,4.88
Mimar-Sinan-dergisi-49.pdf,PDF,ZIP Arşivi İçinde (Books for Text_TR-20260529T163910Z-3-003.zip),C:\Users\default.LAPTOP-OBA1HVU9\.antigravity-ide\Books\Books for Text_TR-20260529T163910Z-3-003.zip -> Books for Text_TR/Duvar_TR/Dergi-MSinan/Mimar-Sinan-dergisi-49.pdf,Books for Text_TR/Duvar_TR/Dergi-MSinan,4.01
Mimar-Sinan-dergisi-57.pdf,PDF,ZIP Arşivi İçinde (Books for Text_TR-20260529T163910Z-3-003.zip),C:\Users\default.LAPTOP-OBA1HVU9\.antigravity-ide\Books\Books for Text_TR-20260529T163910Z-3-003.zip -> Books for Text_TR/Duvar_TR/Dergi-MSinan/Mimar-Sinan-dergisi-57.pdf,Books for Text_TR/Duvar_TR/Dergi-MSinan,4.17
iletisim Modelleri-Denis-McQuail-Sven-Windahl.pdf,PDF,ZIP Arşivi İçinde (Books for Text_TR-20260529T163910Z-3-003.zip),C:\Users\default.LAPTOP-OBA1HVU9\.antigravity-ide\Books\Books for Text_TR-20260529T163910Z-3-003.zip -> Books for Text_TR/Propaganda ve İkna/Kitle iletisimi/iletisim Modelleri-Denis-McQuail-Sven-Windahl.pdf,Books for Text_TR/Propaganda ve İkna/Kitle iletisimi,6.0
Mimar-Sinan-dergisi-42.pdf,PDF,ZIP Arşivi İçinde (Books for Text_TR-20260529T163910Z-3-003.zip),C:\Users\default.LAPTOP-OBA1HVU9\.antigravity-ide\Books\Books for Text_TR-20260529T163910Z-3-003.zip -> Books for Text_TR/Duvar_TR/Dergi-MSinan/Mimar-Sinan-dergisi-42.pdf,Books for Text_TR/Duvar_TR/Dergi-MSinan,4.62
Mimar-Sinan-dergisi-59.pdf,PDF,ZIP Arşivi İçinde (Books for Text_TR-20260529T163910Z-3-003.zip),C:\Users\default.LAPTOP-OBA1HVU9\.antigravity-ide\Books\Books for Text_TR-20260529T163910Z-3-003.zip -> Books for Text_TR/Duvar_TR/Dergi-MSinan/Mimar-Sinan-dergisi-59.pdf,Books for Text_TR/Duvar_TR/Dergi-MSinan,5.08
Philip_Willan_Kuklacılar_Higligt.pdf,PDF,ZIP Arşivi İçinde (Books for Text_TR-20260529T163910Z-3-003.zip),C:\Users\default.LAPTOP-OBA1HVU9\.antigravity-ide\Books\Books for Text_TR-20260529T163910Z-3-003.zip -> Books for Text_TR/Gld-World/Philip_Willan_Kuklacılar_Higligt.pdf,Books for Text_TR/Gld-World,6.62
Mimar-Sinan-dergisi-135.pdf,PDF,ZIP Arşivi İçinde (Books for Text_TR-20260529T163910Z-3-003.zip),C:\Users\default.LAPTOP-OBA1HVU9\.antigravity-ide\Books\Books for Text_TR-20260529T163910Z-3-003.zip -> Books for Text_TR/Duvar_TR/Dergi-MSinan/Mimar-Sinan-dergisi-135.pdf,Books for Text_TR/Duvar_TR/Dergi-MSinan,8.68
Mimar-Sinan-dergisi-110.pdf,PDF,ZIP Arşivi İçinde (Books for Text_TR-20260529T163910Z-3-003.zip),C:\Users\default.LAPTOP-OBA1HVU9\.antigravity-ide\Books\Books for Text_TR-20260529T163910Z-3-003.zip -> Books for Text_TR/Duvar_TR/Dergi-MSinan/Mimar-Sinan-dergisi-110.pdf,Books for Text_TR/Duvar_TR/Dergi-MSinan,5.18
Mimar-Sinan-dergisi-155.pdf,PDF,ZIP Arşivi İçinde (Books for Text_TR-20260529T163910Z-3-003.zip),C:\Users\default.LAPTOP-OBA1HVU9\.antigravity-ide\Books\Books for Text_TR-20260529T163910Z-3-003.zip -> Books for Text_TR/Duvar_TR/Dergi-MSinan/Mimar-Sinan-dergisi-155.pdf,Books for Text_TR/Duvar_TR/Dergi-MSinan,5.16
Soner-Yalcın-Bay-Pipo.pdf,PDF,ZIP Arşivi İçinde (Books for Text_TR-20260529T163910Z-3-003.zip),C:\Users\default.LAPTOP-OBA1HVU9\.antigravity-ide\Books\Books for Text_TR-20260529T163910Z-3-003.zip -> Books for Text_TR/Yazarlar-Tr/Soner Yalçın/Soner-Yalcın-Bay-Pipo.pdf,Books for Text_TR/Yazarlar-Tr/Soner Yalçın,1.69
Mimar-Sinan-dergisi-56.pdf,PDF,ZIP Arşivi İçinde (Books for Text_TR-20260529T163910Z-3-003.zip),C:\Users\default.LAPTOP-OBA1HVU9\.antigravity-ide\Books\Books for Text_TR-20260529T163910Z-3-003.zip -> Books for Text_TR/Duvar_TR/Dergi-MSinan/Mimar-Sinan-dergisi-56.pdf,Books for Text_TR/Duvar_TR/Dergi-MSinan,4.24
Istediginiz-Kisiye-8-Dakikada-Nasil-Evet-Dedirtirsiniz-Hogan.pdf,PDF,ZIP Arşivi İçinde (Books for Text_TR-20260529T163910Z-3-003.zip),C:\Users\default.LAPTOP-OBA1HVU9\.antigravity-ide\Books\Books for Text_TR-20260529T163910Z-3-003.zip -> Books for Text_TR/Propaganda ve İkna/ikna/Istediginiz-Kisiye-8-Dakikada-Nasil-Evet-Dedirtirsiniz-Hogan.pdf,Books for Text_TR/Propaganda ve İkna/ikna,0.87
Mimar-Sinan-dergisi-3.pdf,PDF,ZIP Arşivi İçinde (Books for Text_TR-20260529T163910Z-3-003.zip),C:\Users\default.LAPTOP-OBA1HVU9\.antigravity-ide\Books\Books for Text_TR-20260529T163910Z-3-003.zip -> Books for Text_TR/Duvar_TR/Dergi-MSinan/Mimar-Sinan-dergisi-3.pdf,Books for Text_TR/Duvar_TR/Dergi-MSinan,16.35
İmamın-Ordusu-Ahmet-Şık.pdf,PDF,ZIP Arşivi İçinde (Books for Text_TR-20260529T163910Z-3-003.zip),C:\Users\default.LAPTOP-OBA1HVU9\.antigravity-ide\Books\Books for Text_TR-20260529T163910Z-3-003.zip -> Books for Text_TR/Yazarlar-Tr/Ahmet şık/İmamın-Ordusu-Ahmet-Şık.pdf,Books for Text_TR/Yazarlar-Tr/Ahmet şık,28.78
Mahir-Kaynak-Stratejik-Analizler.pdf,PDF,ZIP Arşivi İçinde (Books for Text_TR-20260529T163910Z-3-003.zip),C:\Users\default.LAPTOP-OBA1HVU9\.antigravity-ide\Books\Books for Text_TR-20260529T163910Z-3-003.zip -> Books for Text_TR/Yazarlar-Tr/Mahir Kaynak/Mahir-Kaynak-Stratejik-Analizler.pdf,Books for Text_TR/Yazarlar-Tr/Mahir Kaynak,1.85
Mimar-Sinan-dergisi-156.pdf,PDF,ZIP Arşivi İçinde (Books for Text_TR-20260529T163910Z-3-003.zip),C:\Users\default.LAPTOP-OBA1HVU9\.antigravity-ide\Books\Books for Text_TR-20260529T163910Z-3-003.zip -> Books for Text_TR/Duvar_TR/Dergi-MSinan/Mimar-Sinan-dergisi-156.pdf,Books for Text_TR/Duvar_TR/Dergi-MSinan,3.45
Mimar-Sinan-dergisi-27.pdf,PDF,ZIP Arşivi İçinde (Books for Text_TR-20260529T163910Z-3-003.zip),C:\Users\default.LAPTOP-OBA1HVU9\.antigravity-ide\Books\Books for Text_TR-20260529T163910Z-3-003.zip -> Books for Text_TR/Duvar_TR/Dergi-MSinan/Mimar-Sinan-dergisi-27.pdf,Books for Text_TR/Duvar_TR/Dergi-MSinan,3.06
Mimar-Sinan-dergisi-70.pdf,PDF,ZIP Arşivi İçinde (Books for Text_TR-20260529T163910Z-3-003.zip),C:\Users\default.LAPTOP-OBA1HVU9\.antigravity-ide\Books\Books for Text_TR-20260529T163910Z-3-003.zip -> Books for Text_TR/Duvar_TR/Dergi-MSinan/Mimar-Sinan-dergisi-70.pdf,Books for Text_TR/Duvar_TR/Dergi-MSinan,4.41
Mimar-Sinan-dergisi-145.pdf,PDF,ZIP Arşivi İçinde (Books for Text_TR-20260529T163910Z-3-003.zip),C:\Users\default.LAPTOP-OBA1HVU9\.antigravity-ide\Books\Books for Text_TR-20260529T163910Z-3-003.zip -> Books for Text_TR/Duvar_TR/Dergi-MSinan/Mimar-Sinan-dergisi-145.pdf,Books for Text_TR/Duvar_TR/Dergi-MSinan,3.53
Mimar-Sinan-dergisi-41.pdf,PDF,ZIP Arşivi İçinde (Books for Text_TR-20260529T163910Z-3-003.zip),C:\Users\default.LAPTOP-OBA1HVU9\.antigravity-ide\Books\Books for Text_TR-20260529T163910Z-3-003.zip -> Books for Text_TR/Duvar_TR/Dergi-MSinan/Mimar-Sinan-dergisi-41.pdf,Books for Text_TR/Duvar_TR/Dergi-MSinan,7.73
Mimar-Sinan-dergisi-60.pdf,PDF,ZIP Arşivi İçinde (Books for Text_TR-20260529T163910Z-3-003.zip),C:\Users\default.LAPTOP-OBA1HVU9\.antigravity-ide\Books\Books for Text_TR-20260529T163910Z-3-003.zip -> Books for Text_TR/Duvar_TR/Dergi-MSinan/Mimar-Sinan-dergisi-60.pdf,Books for Text_TR/Duvar_TR/Dergi-MSinan,5.21
Mimar-Sinan-dergisi-91.pdf,PDF,ZIP Arşivi İçinde (Books for Text_TR-20260529T163910Z-3-003.zip),C:\Users\default.LAPTOP-OBA1HVU9\.antigravity-ide\Books\Books for Text_TR-20260529T163910Z-3-003.zip -> Books for Text_TR/Duvar_TR/Dergi-MSinan/Mimar-Sinan-dergisi-91.pdf,Books for Text_TR/Duvar_TR/Dergi-MSinan,4.32
EKSR_HD_33_Derece_209-2015 Dönemnde Adalet.pdf,PDF,ZIP Arşivi İçinde (Books for Text_TR-20260529T163910Z-3-003.zip),C:\Users\default.LAPTOP-OBA1HVU9\.antigravity-ide\Books\Books for Text_TR-20260529T163910Z-3-003.zip -> Books for Text_TR/Duvar_TR/Dergi-MSinan/EKSR_HD_33_Derece_209-2015 Dönemnde Adalet.pdf,Books for Text_TR/Duvar_TR/Dergi-MSinan,13.54
Mimar-Sinan-dergisi-103.pdf,PDF,ZIP Arşivi İçinde (Books for Text_TR-20260529T163910Z-3-003.zip),C:\Users\default.LAPTOP-OBA1HVU9\.antigravity-ide\Books\Books for Text_TR-20260529T163910Z-3-003.zip -> Books for Text_TR/Duvar_TR/Dergi-MSinan/Mimar-Sinan-dergisi-103.pdf,Books for Text_TR/Duvar_TR/Dergi-MSinan,4.58
Mimar-Sinan-dergisi-48.pdf,PDF,ZIP Arşivi İçinde (Books for Text_TR-20260529T163910Z-3-003.zip),C:\Users\default.LAPTOP-OBA1HVU9\.antigravity-ide\Books\Books for Text_TR-20260529T163910Z-3-003.zip -> Books for Text_TR/Duvar_TR/Dergi-MSinan/Mimar-Sinan-dergisi-48.pdf,Books for Text_TR/Duvar_TR/Dergi-MSinan,4.08
iKalin-Ben-Oteki-Ve-Otesi-2016.pdf,PDF,ZIP Arşivi İçinde (Books for Text_TR-20260529T163910Z-3-003.zip),C:\Users\default.LAPTOP-OBA1HVU9\.antigravity-ide\Books\Books for Text_TR-20260529T163910Z-3-003.zip -> Books for Text_TR/İstihbarat/Kalin/iKalin-Ben-Oteki-Ve-Otesi-2016.pdf,Books for Text_TR/İstihbarat/Kalin,8.7
Mimar-Sinan-dergisi-134.pdf,PDF,ZIP Arşivi İçinde (Books for Text_TR-20260529T163910Z-3-003.zip),C:\Users\default.LAPTOP-OBA1HVU9\.antigravity-ide\Books\Books for Text_TR-20260529T163910Z-3-003.zip -> Books for Text_TR/Duvar_TR/Dergi-MSinan/Mimar-Sinan-dergisi-134.pdf,Books for Text_TR/Duvar_TR/Dergi-MSinan,3.67
Mimar-Sinan-dergisi-37.pdf,PDF,ZIP Arşivi İçinde (Books for Text_TR-20260529T163910Z-3-003.zip),C:\Users\default.LAPTOP-OBA1HVU9\.antigravity-ide\Books\Books for Text_TR-20260529T163910Z-3-003.zip -> Books for Text_TR/Duvar_TR/Dergi-MSinan/Mimar-Sinan-dergisi-37.pdf,Books for Text_TR/Duvar_TR/Dergi-MSinan,3.66
Kitle-Kulturu-Kitlelerin-Afyonu-Hasan-Bulent-Kahraman.pdf,PDF,ZIP Arşivi İçinde (Books for Text_TR-20260529T163910Z-3-003.zip),C:\Users\default.LAPTOP-OBA1HVU9\.antigravity-ide\Books\Books for Text_TR-20260529T163910Z-3-003.zip -> Books for Text_TR/Propaganda ve İkna/Kitle iletisimi/Kitle-Kulturu-Kitlelerin-Afyonu-Hasan-Bulent-Kahraman.pdf,Books for Text_TR/Propaganda ve İkna/Kitle iletisimi,11.05
Mimar-Sinan-dergisi-154.pdf,PDF,ZIP Arşivi İçinde (Books for Text_TR-20260529T163910Z-3-003.zip),C:\Users\default.LAPTOP-OBA1HVU9\.antigravity-ide\Books\Books for Text_TR-20260529T163910Z-3-003.zip -> Books for Text_TR/Duvar_TR/Dergi-MSinan/Mimar-Sinan-dergisi-154.pdf,Books for Text_TR/Duvar_TR/Dergi-MSinan,3.51
Dogu-Perincek-Tayyip-Erdoganin-Yuce-Divan-Dosyasi.pdf,PDF,ZIP Arşivi İçinde (Books for Text_TR-20260529T163910Z-3-003.zip),C:\Users\default.LAPTOP-OBA1HVU9\.antigravity-ide\Books\Books for Text_TR-20260529T163910Z-3-003.zip -> Books for Text_TR/Yazarlar-Tr/Dogu-Perincek/Dogu-Perincek-Tayyip-Erdoganin-Yuce-Divan-Dosyasi.pdf,Books for Text_TR/Yazarlar-Tr/Dogu-Perincek,7.57
Mimar-Sinan-dergisi-52.pdf,PDF,ZIP Arşivi İçinde (Books for Text_TR-20260529T163910Z-3-003.zip),C:\Users\default.LAPTOP-OBA1HVU9\.antigravity-ide\Books\Books for Text_TR-20260529T163910Z-3-003.zip -> Books for Text_TR/Duvar_TR/Dergi-MSinan/Mimar-Sinan-dergisi-52.pdf,Books for Text_TR/Duvar_TR/Dergi-MSinan,4.69
Mimar-Sinan-dergisi-109.pdf,PDF,ZIP Arşivi İçinde (Books for Text_TR-20260529T163910Z-3-003.zip),C:\Users\default.LAPTOP-OBA1HVU9\.antigravity-ide\Books\Books for Text_TR-20260529T163910Z-3-003.zip -> Books for Text_TR/Duvar_TR/Dergi-MSinan/Mimar-Sinan-dergisi-109.pdf,Books for Text_TR/Duvar_TR/Dergi-MSinan,5.15
Mimar-Sinan-dergisi-75.pdf,PDF,ZIP Arşivi İçinde (Books for Text_TR-20260529T163910Z-3-003.zip),C:\Users\default.LAPTOP-OBA1HVU9\.antigravity-ide\Books\Books for Text_TR-20260529T163910Z-3-003.zip -> Books for Text_TR/Duvar_TR/Dergi-MSinan/Mimar-Sinan-dergisi-75.pdf,Books for Text_TR/Duvar_TR/Dergi-MSinan,4.11
Mimar-Sinan-dergisi-136.pdf,PDF,ZIP Arşivi İçinde (Books for Text_TR-20260529T163910Z-3-003.zip),C:\Users\default.LAPTOP-OBA1HVU9\.antigravity-ide\Books\Books for Text_TR-20260529T163910Z-3-003.zip -> Books for Text_TR/Duvar_TR/Dergi-MSinan/Mimar-Sinan-dergisi-136.pdf,Books for Text_TR/Duvar_TR/Dergi-MSinan,4.03
Mimar-Sinan-dergisi-158.pdf,PDF,ZIP Arşivi İçinde (Books for Text_TR-20260529T163910Z-3-003.zip),C:\Users\default.LAPTOP-OBA1HVU9\.antigravity-ide\Books\Books for Text_TR-20260529T163910Z-3-003.zip -> Books for Text_TR/Duvar_TR/Dergi-MSinan/Mimar-Sinan-dergisi-158.pdf,Books for Text_TR/Duvar_TR/Dergi-MSinan,4.53
Aytunç Altındal - Bilinmeyen Hitler.pdf,PDF,ZIP Arşivi İçinde (Books for Text_TR-20260529T163910Z-3-003.zip),C:\Users\default.LAPTOP-OBA1HVU9\.antigravity-ide\Books\Books for Text_TR-20260529T163910Z-3-003.zip -> Books for Text_TR/Yazarlar-Tr/Aytunç Altındal/Aytunç Altındal - Bilinmeyen Hitler.pdf,Books for Text_TR/Yazarlar-Tr/Aytunç Altındal,5.58
Andersonun_Kitabı-5-Onama.pdf,PDF,ZIP Arşivi İçinde (Books for Text_TR-20260529T163910Z-3-003.zip),C:\Users\default.LAPTOP-OBA1HVU9\.antigravity-ide\Books\Books for Text_TR-20260529T163910Z-3-003.zip -> Books for Text_TR/Duvar_TR/M-Murat Özgen Ayfer/Anderson_un Kitabı/Andersonun_Kitabı-5-Onama.pdf,Books for Text_TR/Duvar_TR/M-Murat Özgen Ayfer/Anderson_un Kitabı,0.55
Ms_Sozlugu_13_Yontemle.pdf,PDF,ZIP Arşivi İçinde (Books for Text_TR-20260529T163910Z-3-003.zip),C:\Users\default.LAPTOP-OBA1HVU9\.antigravity-ide\Books\Books for Text_TR-20260529T163910Z-3-003.zip -> Books for Text_TR/Duvar_TR/M-Murat Özgen Ayfer/Ms-Sözlüğü/Ms_Sozlugu_13_Yontemle.pdf,Books for Text_TR/Duvar_TR/M-Murat Özgen Ayfer/Ms-Sözlüğü,1.08
Mimar-Sinan-dergisi-126.pdf,PDF,ZIP Arşivi İçinde (Books for Text_TR-20260529T163910Z-3-003.zip),C:\Users\default.LAPTOP-OBA1HVU9\.antigravity-ide\Books\Books for Text_TR-20260529T163910Z-3-003.zip -> Books for Text_TR/Duvar_TR/Dergi-MSinan/Mimar-Sinan-dergisi-126.pdf,Books for Text_TR/Duvar_TR/Dergi-MSinan,4.95
Mimar-Sinan-dergisi-80.pdf,PDF,ZIP Arşivi İçinde (Books for Text_TR-20260529T163910Z-3-003.zip),C:\Users\default.LAPTOP-OBA1HVU9\.antigravity-ide\Books\Books for Text_TR-20260529T163910Z-3-003.zip -> Books for Text_TR/Duvar_TR/Dergi-MSinan/Mimar-Sinan-dergisi-80.pdf,Books for Text_TR/Duvar_TR/Dergi-MSinan,3.78
Tapinakcilar Siyonistler ve_Ms-3.pdf,PDF,ZIP Arşivi İçinde (Books for Text_TR-20260529T163910Z-3-003.zip),"C:\Users\default.LAPTOP-OBA1HVU9\.antigravity-ide\Books\Books for Text_TR-20260529T163910Z-3-003.zip -> Books for Text_TR/Duvar_TR/M-Murat Özgen Ayfer/Tapınakçılar, Syonistler, Masonlar/Tapinakcilar Siyonistler ve_Ms-3.pdf","Books for Text_TR/Duvar_TR/M-Murat Özgen Ayfer/Tapınakçılar, Syonistler, Masonlar",6.74
Soner Yalçın_Bay_Pipo.pdf,PDF,ZIP Arşivi İçinde (Books for Text_TR-20260529T163910Z-3-003.zip),C:\Users\default.LAPTOP-OBA1HVU9\.antigravity-ide\Books\Books for Text_TR-20260529T163910Z-3-003.zip -> Books for Text_TR/Yazarlar-Tr/Soner Yalçın/Soner Yalçın_Bay_Pipo.pdf,Books for Text_TR/Yazarlar-Tr/Soner Yalçın,1.88
Mimar-Sinan-dergisi-6.pdf,PDF,ZIP Arşivi İçinde (Books for Text_TR-20260529T163910Z-3-003.zip),C:\Users\default.LAPTOP-OBA1HVU9\.antigravity-ide\Books\Books for Text_TR-20260529T163910Z-3-003.zip -> Books for Text_TR/Duvar_TR/Dergi-MSinan/Mimar-Sinan-dergisi-6.pdf,Books for Text_TR/Duvar_TR/Dergi-MSinan,48.77
iKalin-Perde-ve-Mana.pdf,PDF,ZIP Arşivi İçinde (Books for Text_TR-20260529T163910Z-3-003.zip),C:\Users\default.LAPTOP-OBA1HVU9\.antigravity-ide\Books\Books for Text_TR-20260529T163910Z-3-003.zip -> Books for Text_TR/İstihbarat/Kalin/iKalin-Perde-ve-Mana.pdf,Books for Text_TR/İstihbarat/Kalin,14.59
iKalin-Varlık-Ve-İdrak.pdf,PDF,ZIP Arşivi İçinde (Books for Text_TR-20260529T163910Z-3-003.zip),C:\Users\default.LAPTOP-OBA1HVU9\.antigravity-ide\Books\Books for Text_TR-20260529T163910Z-3-003.zip -> Books for Text_TR/İstihbarat/Kalin/iKalin-Varlık-Ve-İdrak.pdf,Books for Text_TR/İstihbarat/Kalin,9.92
iKalin-Barbar-Modern-Medeni-2018.pdf,PDF,ZIP Arşivi İçinde (Books for Text_TR-20260529T163910Z-3-003.zip),C:\Users\default.LAPTOP-OBA1HVU9\.antigravity-ide\Books\Books for Text_TR-20260529T163910Z-3-003.zip -> Books for Text_TR/İstihbarat/Kalin/iKalin-Barbar-Modern-Medeni-2018.pdf,Books for Text_TR/İstihbarat/Kalin,13.01
iKalin-War-Peace-Islam.pdf,PDF,ZIP Arşivi İçinde (Books for Text_TR-20260529T163910Z-3-003.zip),C:\Users\default.LAPTOP-OBA1HVU9\.antigravity-ide\Books\Books for Text_TR-20260529T163910Z-3-003.zip -> Books for Text_TR/İstihbarat/Kalin/iKalin Englısh/iKalin-War-Peace-Islam.pdf,Books for Text_TR/İstihbarat/Kalin/iKalin Englısh,8.46
Mimar-Sinan-dergisi-58.pdf,PDF,ZIP Arşivi İçinde (Books for Text_TR-20260529T163910Z-3-003.zip),C:\Users\default.LAPTOP-OBA1HVU9\.antigravity-ide\Books\Books for Text_TR-20260529T163910Z-3-003.zip -> Books for Text_TR/Duvar_TR/Dergi-MSinan/Mimar-Sinan-dergisi-58.pdf,Books for Text_TR/Duvar_TR/Dergi-MSinan,3.23
Mimar-Sinan-dergisi-115.pdf,PDF,ZIP Arşivi İçinde (Books for Text_TR-20260529T163910Z-3-003.zip),C:\Users\default.LAPTOP-OBA1HVU9\.antigravity-ide\Books\Books for Text_TR-20260529T163910Z-3-003.zip -> Books for Text_TR/Duvar_TR/Dergi-MSinan/Mimar-Sinan-dergisi-115.pdf,Books for Text_TR/Duvar_TR/Dergi-MSinan,4.22
Mimar-Sinan-dergisi-15.pdf,PDF,ZIP Arşivi İçinde (Books for Text_TR-20260529T163910Z-3-003.zip),C:\Users\default.LAPTOP-OBA1HVU9\.antigravity-ide\Books\Books for Text_TR-20260529T163910Z-3-003.zip -> Books for Text_TR/Duvar_TR/Dergi-MSinan/Mimar-Sinan-dergisi-15.pdf,Books for Text_TR/Duvar_TR/Dergi-MSinan,5.48
Mahir-Kaynak-Kurt-Meselesi-Turkiye`nin-Cozumu.pdf,PDF,ZIP Arşivi İçinde (Books for Text_TR-20260529T163910Z-3-003.zip),C:\Users\default.LAPTOP-OBA1HVU9\.antigravity-ide\Books\Books for Text_TR-20260529T163910Z-3-003.zip -> Books for Text_TR/Yazarlar-Tr/Mahir Kaynak/Mahir-Kaynak-Kurt-Meselesi-Turkiye`nin-Cozumu.pdf,Books for Text_TR/Yazarlar-Tr/Mahir Kaynak,3.05
Mahir-Kaynak-Başımıza Çuval Geçirenler.pdf,PDF,ZIP Arşivi İçinde (Books for Text_TR-20260529T163910Z-3-003.zip),C:\Users\default.LAPTOP-OBA1HVU9\.antigravity-ide\Books\Books for Text_TR-20260529T163910Z-3-003.zip -> Books for Text_TR/Yazarlar-Tr/Mahir Kaynak/Mahir-Kaynak-Başımıza Çuval Geçirenler.pdf,Books for Text_TR/Yazarlar-Tr/Mahir Kaynak,3.96
Mimar-Sinan-dergisi-132.pdf,PDF,ZIP Arşivi İçinde (Books for Text_TR-20260529T163910Z-3-003.zip),C:\Users\default.LAPTOP-OBA1HVU9\.antigravity-ide\Books\Books for Text_TR-20260529T163910Z-3-003.zip -> Books for Text_TR/Duvar_TR/Dergi-MSinan/Mimar-Sinan-dergisi-132.pdf,Books for Text_TR/Duvar_TR/Dergi-MSinan,4.67
Mimar-Sinan-dergisi-122.pdf,PDF,ZIP Arşivi İçinde (Books for Text_TR-20260529T163910Z-3-003.zip),C:\Users\default.LAPTOP-OBA1HVU9\.antigravity-ide\Books\Books for Text_TR-20260529T163910Z-3-003.zip -> Books for Text_TR/Duvar_TR/Dergi-MSinan/Mimar-Sinan-dergisi-122.pdf,Books for Text_TR/Duvar_TR/Dergi-MSinan,4.51
Mimar-Sinan-dergisi-5.pdf,PDF,ZIP Arşivi İçinde (Books for Text_TR-20260529T163910Z-3-003.zip),C:\Users\default.LAPTOP-OBA1HVU9\.antigravity-ide\Books\Books for Text_TR-20260529T163910Z-3-003.zip -> Books for Text_TR/Duvar_TR/Dergi-MSinan/Mimar-Sinan-dergisi-5.pdf,Books for Text_TR/Duvar_TR/Dergi-MSinan,16.96
Mimar-Sinan-dergisi-2.pdf,PDF,ZIP Arşivi İçinde (Books for Text_TR-20260529T163910Z-3-003.zip),C:\Users\default.LAPTOP-OBA1HVU9\.antigravity-ide\Books\Books for Text_TR-20260529T163910Z-3-003.zip -> Books for Text_TR/Duvar_TR/Dergi-MSinan/Mimar-Sinan-dergisi-2.pdf,Books for Text_TR/Duvar_TR/Dergi-MSinan,63.78
İknanın Psikolojisi-Robert B. Cialdini.pdf,PDF,ZIP Arşivi İçinde (Books for Text_TR-20260529T163910Z-3-003.zip),C:\Users\default.LAPTOP-OBA1HVU9\.antigravity-ide\Books\Books for Text_TR-20260529T163910Z-3-003.zip -> Books for Text_TR/Propaganda ve İkna/ikna/İknanın Psikolojisi-Robert B. Cialdini.pdf,Books for Text_TR/Propaganda ve İkna/ikna,5.67
Mimar-Sinan-dergisi-4.pdf,PDF,ZIP Arşivi İçinde (Books for Text_TR-20260529T163910Z-3-003.zip),C:\Users\default.LAPTOP-OBA1HVU9\.antigravity-ide\Books\Books for Text_TR-20260529T163910Z-3-003.zip -> Books for Text_TR/Duvar_TR/Dergi-MSinan/Mimar-Sinan-dergisi-4.pdf,Books for Text_TR/Duvar_TR/Dergi-MSinan,18.42
Enver-Altayli-Cianin-Turk-Casusu-Ruzi-Nezer-2013.pdf,PDF,ZIP Arşivi İçinde (Books for Text_TR-20260529T163910Z-3-003.zip),C:\Users\default.LAPTOP-OBA1HVU9\.antigravity-ide\Books\Books for Text_TR-20260529T163910Z-3-003.zip -> Books for Text_TR/İstihbarat/ca/Enver-Altayli-Cianin-Turk-Casusu-Ruzi-Nezer-2013.pdf,Books for Text_TR/İstihbarat/ca,5.85
Kuklacılar_İtalya_da_Gladyo_Terörü-Philip_Willan.pdf,PDF,ZIP Arşivi İçinde (Books for Text_TR-20260529T163910Z-3-003.zip),C:\Users\default.LAPTOP-OBA1HVU9\.antigravity-ide\Books\Books for Text_TR-20260529T163910Z-3-003.zip -> Books for Text_TR/Gld-World/Kuklacılar_İtalya_da_Gladyo_Terörü-Philip_Willan.pdf,Books for Text_TR/Gld-World,5.79
Mahir-Kaynak-Devriye-Orta-doğuda-Siren-Sesleri.pdf,PDF,ZIP Arşivi İçinde (Books for Text_TR-20260529T163910Z-3-003.zip),C:\Users\default.LAPTOP-OBA1HVU9\.antigravity-ide\Books\Books for Text_TR-20260529T163910Z-3-003.zip -> Books for Text_TR/Yazarlar-Tr/Mahir Kaynak/Mahir-Kaynak-Devriye-Orta-doğuda-Siren-Sesleri.pdf,Books for Text_TR/Yazarlar-Tr/Mahir Kaynak,6.19
15 Tm_iddianame.pdf,PDF,ZIP Arşivi İçinde (Books for Text_TR-20260529T163910Z-3-003.zip),C:\Users\default.LAPTOP-OBA1HVU9\.antigravity-ide\Books\Books for Text_TR-20260529T163910Z-3-003.zip -> Books for Text_TR/RTE_15 Temmuz/iddianame_15 Tm/15 Tm_iddianame.pdf,Books for Text_TR/RTE_15 Temmuz/iddianame_15 Tm,39.43
Caktirmadan-Ikna-Vance-Packard.pdf,PDF,ZIP Arşivi İçinde (Books for Text_TR-20260529T163910Z-3-003.zip),C:\Users\default.LAPTOP-OBA1HVU9\.antigravity-ide\Books\Books for Text_TR-20260529T163910Z-3-003.zip -> Books for Text_TR/Propaganda ve İkna/ikna/Caktirmadan-Ikna-Vance-Packard.pdf,Books for Text_TR/Propaganda ve İkna/ikna,13.03
Yahudilik Ansiklopedisi (3 cilt bir arada) (Yusuf Besalel) (z-lib.org).pdf,PDF,ZIP Arşivi İçinde (Books for Text_TR-20260529T163910Z-3-003.zip),C:\Users\default.LAPTOP-OBA1HVU9\.antigravity-ide\Books\Books for Text_TR-20260529T163910Z-3-003.zip -> Books for Text_TR/Yhd/Yahudilik Ansiklopedisi (3 cilt bir arada) (Yusuf Besalel) (z-lib.org).pdf,Books for Text_TR/Yhd,35.32
100-Soruda-Ahiret-Hayat-U0131.pdf,PDF,Klasörde Çıkarılmış,C:\Users\default.LAPTOP-OBA1HVU9\.antigravity-ide\Books\b-Library_Hzm-20260601T230631Z-3-001\b-Library_Hzm\100-Soruda-Ahiret-Hayat-U0131.pdf,C:\Users\default.LAPTOP-OBA1HVU9\.antigravity-ide\Books\b-Library_Hzm-20260601T230631Z-3-001\b-Library_Hzm,1.78
Ahirzaman-ve-Kiyamet-Alametleri-Ayhan-Tekines (1).pdf,PDF,Klasörde Çıkarılmış,C:\Users\default.LAPTOP-OBA1HVU9\.antigravity-ide\Books\b-Library_Hzm-20260601T230631Z-3-001\b-Library_Hzm\Ahirzaman-ve-Kiyamet-Alametleri-Ayhan-Tekines (1).pdf,C:\Users\default.LAPTOP-OBA1HVU9\.antigravity-ide\Books\b-Library_Hzm-20260601T230631Z-3-001\b-Library_Hzm,0.86
Haris-El-Muhasibi-Er-Riaye-1.pdf,PDF,Klasörde Çıkarılmış,C:\Users\default.LAPTOP-OBA1HVU9\.antigravity-ide\Books\b-Library_Hzm-20260601T230631Z-3-001\b-Library_Hzm\Haris-El-Muhasibi-Er-Riaye-1.pdf,C:\Users\default.LAPTOP-OBA1HVU9\.antigravity-ide\Books\b-Library_Hzm-20260601T230631Z-3-001\b-Library_Hzm,4.66
Haris-El-Muhasibi-Kalb-Hayati-2.pdf,PDF,Klasörde Çıkarılmış,C:\Users\default.LAPTOP-OBA1HVU9\.antigravity-ide\Books\b-Library_Hzm-20260601T230631Z-3-001\b-Library_Hzm\Haris-El-Muhasibi-Kalb-Hayati-2.pdf,C:\Users\default.LAPTOP-OBA1HVU9\.antigravity-ide\Books\b-Library_Hzm-20260601T230631Z-3-001\b-Library_Hzm,26.74
Imam-i-Rabbani-KaynakYayinlari.pdf,PDF,Klasörde Çıkarılmış,C:\Users\default.LAPTOP-OBA1HVU9\.antigravity-ide\Books\b-Library_Hzm-20260601T230631Z-3-001\b-Library_Hzm\Imam-i-Rabbani-KaynakYayinlari.pdf,C:\Users\default.LAPTOP-OBA1HVU9\.antigravity-ide\Books\b-Library_Hzm-20260601T230631Z-3-001\b-Library_Hzm,0.77
Kuranda-Ehli-Kitapla-Muhabbet-IsikAkademiY-pdf.pdf,PDF,Klasörde Çıkarılmış,C:\Users\default.LAPTOP-OBA1HVU9\.antigravity-ide\Books\b-Library_Hzm-20260601T230631Z-3-001\b-Library_Hzm\Kuranda-Ehli-Kitapla-Muhabbet-IsikAkademiY-pdf.pdf,C:\Users\default.LAPTOP-OBA1HVU9\.antigravity-ide\Books\b-Library_Hzm-20260601T230631Z-3-001\b-Library_Hzm,1.47
Kutlu Zamanlar.pdf,PDF,Klasörde Çıkarılmış,C:\Users\default.LAPTOP-OBA1HVU9\.antigravity-ide\Books\b-Library_Hzm-20260601T230631Z-3-001\b-Library_Hzm\Kutlu Zamanlar.pdf,C:\Users\default.LAPTOP-OBA1HVU9\.antigravity-ide\Books\b-Library_Hzm-20260601T230631Z-3-001\b-Library_Hzm,0.85
Meryem-Oglu-Isa-KaynakYayinlari-pdf.pdf,PDF,Klasörde Çıkarılmış,C:\Users\default.LAPTOP-OBA1HVU9\.antigravity-ide\Books\b-Library_Hzm-20260601T230631Z-3-001\b-Library_Hzm\Meryem-Oglu-Isa-KaynakYayinlari-pdf.pdf,C:\Users\default.LAPTOP-OBA1HVU9\.antigravity-ide\Books\b-Library_Hzm-20260601T230631Z-3-001\b-Library_Hzm,0.91
Metafizik-Aleminin-Sakinleri-Melekler-ve-Cinler-Mehmet-Seker-IsikYayinlari.pdf,PDF,Klasörde Çıkarılmış,C:\Users\default.LAPTOP-OBA1HVU9\.antigravity-ide\Books\b-Library_Hzm-20260601T230631Z-3-001\b-Library_Hzm\Metafizik-Aleminin-Sakinleri-Melekler-ve-Cinler-Mehmet-Seker-IsikYayinlari.pdf,C:\Users\default.LAPTOP-OBA1HVU9\.antigravity-ide\Books\b-Library_Hzm-20260601T230631Z-3-001\b-Library_Hzm,0.75
Osmanlılarda-Hilafet-Mustafa-Alkan.pdf,PDF,Klasörde Çıkarılmış,C:\Users\default.LAPTOP-OBA1HVU9\.antigravity-ide\Books\b-Library_Hzm-20260601T230631Z-3-001\b-Library_Hzm\Osmanlılarda-Hilafet-Mustafa-Alkan.pdf,C:\Users\default.LAPTOP-OBA1HVU9\.antigravity-ide\Books\b-Library_Hzm-20260601T230631Z-3-001\b-Library_Hzm,11.34
Rüya-Hakikat-Penceresi-mi-Hayal-Perdesimi-mi-M-Yusuf-Guven-O-Fatih-Belbagi.pdf,PDF,Klasörde Çıkarılmış,C:\Users\default.LAPTOP-OBA1HVU9\.antigravity-ide\Books\b-Library_Hzm-20260601T230631Z-3-001\b-Library_Hzm\Rüya-Hakikat-Penceresi-mi-Hayal-Perdesimi-mi-M-Yusuf-Guven-O-Fatih-Belbagi.pdf,C:\Users\default.LAPTOP-OBA1HVU9\.antigravity-ide\Books\b-Library_Hzm-20260601T230631Z-3-001\b-Library_Hzm,0.67
A.Aymaz-Citlembik-6-Anadolunun-en-Buyuk-Sadakasi-IsikYayinlari.pdf,PDF,Klasörde Çıkarılmış,C:\Users\default.LAPTOP-OBA1HVU9\.antigravity-ide\Books\b-Library_Hzm-20260601T230631Z-3-001\b-Library_Hzm\A.Aymaz\A.Aymaz-Citlembik-6-Anadolunun-en-Buyuk-Sadakasi-IsikYayinlari.pdf,C:\Users\default.LAPTOP-OBA1HVU9\.antigravity-ide\Books\b-Library_Hzm-20260601T230631Z-3-001\b-Library_Hzm\A.Aymaz,0.69
A.Aymaz-Gunumuz-Yusuflarina-IsikYayinlari.pdf,PDF,Klasörde Çıkarılmış,C:\Users\default.LAPTOP-OBA1HVU9\.antigravity-ide\Books\b-Library_Hzm-20260601T230631Z-3-001\b-Library_Hzm\A.Aymaz\A.Aymaz-Gunumuz-Yusuflarina-IsikYayinlari.pdf,C:\Users\default.LAPTOP-OBA1HVU9\.antigravity-ide\Books\b-Library_Hzm-20260601T230631Z-3-001\b-Library_Hzm\A.Aymaz,0.24
A.Aymaz-Soz-Saati-IsikYayinlari.pdf,PDF,Klasörde Çıkarılmış,C:\Users\default.LAPTOP-OBA1HVU9\.antigravity-ide\Books\b-Library_Hzm-20260601T230631Z-3-001\b-Library_Hzm\A.Aymaz\A.Aymaz-Soz-Saati-IsikYayinlari.pdf,C:\Users\default.LAPTOP-OBA1HVU9\.antigravity-ide\Books\b-Library_Hzm-20260601T230631Z-3-001\b-Library_Hzm\A.Aymaz,0.66
A.Aymaz-Zor-Zamanlar.pdf,PDF,Klasörde Çıkarılmış,C:\Users\default.LAPTOP-OBA1HVU9\.antigravity-ide\Books\b-Library_Hzm-20260601T230631Z-3-001\b-Library_Hzm\A.Aymaz\A.Aymaz-Zor-Zamanlar.pdf,C:\Users\default.LAPTOP-OBA1HVU9\.antigravity-ide\Books\b-Library_Hzm-20260601T230631Z-3-001\b-Library_Hzm\A.Aymaz,1.9
Saffet-Senih-Ibadetin-Getirdikleri-IsikYayinlari-pdf.pdf,PDF,Klasörde Çıkarılmış,C:\Users\default.LAPTOP-OBA1HVU9\.antigravity-ide\Books\b-Library_Hzm-20260601T230631Z-3-001\b-Library_Hzm\A.Aymaz\Saffet-Senih-Ibadetin-Getirdikleri-IsikYayinlari-pdf.pdf,C:\Users\default.LAPTOP-OBA1HVU9\.antigravity-ide\Books\b-Library_Hzm-20260601T230631Z-3-001\b-Library_Hzm\A.Aymaz,0.47
A.Aymaz-Emirdag-Lahikasi-1.pdf,PDF,Klasörde Çıkarılmış,C:\Users\default.LAPTOP-OBA1HVU9\.antigravity-ide\Books\b-Library_Hzm-20260601T230631Z-3-001\b-Library_Hzm\A.Aymaz-RN\A.Aymaz-Emirdag-Lahikasi-1.pdf,C:\Users\default.LAPTOP-OBA1HVU9\.antigravity-ide\Books\b-Library_Hzm-20260601T230631Z-3-001\b-Library_Hzm\A.Aymaz-RN,1.63
A.Aymaz-Emirdag-Lahikasi-2.pdf,PDF,Klasörde Çıkarılmış,C:\Users\default.LAPTOP-OBA1HVU9\.antigravity-ide\Books\b-Library_Hzm-20260601T230631Z-3-001\b-Library_Hzm\A.Aymaz-RN\A.Aymaz-Emirdag-Lahikasi-2.pdf,C:\Users\default.LAPTOP-OBA1HVU9\.antigravity-ide\Books\b-Library_Hzm-20260601T230631Z-3-001\b-Library_Hzm\A.Aymaz-RN,1.39
A.Aymaz-Hanimlar-Rehberi.pdf,PDF,Klasörde Çıkarılmış,C:\Users\default.LAPTOP-OBA1HVU9\.antigravity-ide\Books\b-Library_Hzm-20260601T230631Z-3-001\b-Library_Hzm\A.Aymaz-RN\A.Aymaz-Hanimlar-Rehberi.pdf,C:\Users\default.LAPTOP-OBA1HVU9\.antigravity-ide\Books\b-Library_Hzm-20260601T230631Z-3-001\b-Library_Hzm\A.Aymaz-RN,7.88
A.Aymaz-Hizmet-Rehberi.pdf,PDF,Klasörde Çıkarılmış,C:\Users\default.LAPTOP-OBA1HVU9\.antigravity-ide\Books\b-Library_Hzm-20260601T230631Z-3-001\b-Library_Hzm\A.Aymaz-RN\A.Aymaz-Hizmet-Rehberi.pdf,C:\Users\default.LAPTOP-OBA1HVU9\.antigravity-ide\Books\b-Library_Hzm-20260601T230631Z-3-001\b-Library_Hzm\A.Aymaz-RN,1.6
A.Aymaz-Kastamonu-Lahikasi.pdf,PDF,Klasörde Çıkarılmış,C:\Users\default.LAPTOP-OBA1HVU9\.antigravity-ide\Books\b-Library_Hzm-20260601T230631Z-3-001\b-Library_Hzm\A.Aymaz-RN\A.Aymaz-Kastamonu-Lahikasi.pdf,C:\Users\default.LAPTOP-OBA1HVU9\.antigravity-ide\Books\b-Library_Hzm-20260601T230631Z-3-001\b-Library_Hzm\A.Aymaz-RN,1.77
A.Aymaz-Lemaat-Uzerine.pdf,PDF,Klasörde Çıkarılmış,C:\Users\default.LAPTOP-OBA1HVU9\.antigravity-ide\Books\b-Library_Hzm-20260601T230631Z-3-001\b-Library_Hzm\A.Aymaz-RN\A.Aymaz-Lemaat-Uzerine.pdf,C:\Users\default.LAPTOP-OBA1HVU9\.antigravity-ide\Books\b-Library_Hzm-20260601T230631Z-3-001\b-Library_Hzm\A.Aymaz-RN,3.5
A.Aymaz-Muhakemat.pdf,PDF,Klasörde Çıkarılmış,C:\Users\default.LAPTOP-OBA1HVU9\.antigravity-ide\Books\b-Library_Hzm-20260601T230631Z-3-001\b-Library_Hzm\A.Aymaz-RN\A.Aymaz-Muhakemat.pdf,C:\Users\default.LAPTOP-OBA1HVU9\.antigravity-ide\Books\b-Library_Hzm-20260601T230631Z-3-001\b-Library_Hzm\A.Aymaz-RN,1.61
A.Aymaz-Sunuhat.pdf,PDF,Klasörde Çıkarılmış,C:\Users\default.LAPTOP-OBA1HVU9\.antigravity-ide\Books\b-Library_Hzm-20260601T230631Z-3-001\b-Library_Hzm\A.Aymaz-RN\A.Aymaz-Sunuhat.pdf,C:\Users\default.LAPTOP-OBA1HVU9\.antigravity-ide\Books\b-Library_Hzm-20260601T230631Z-3-001\b-Library_Hzm\A.Aymaz-RN,1.87
A.Kurucan-Bosanmak icin mi evleniyoruz-GulYurduYayinlari.pdf,PDF,Klasörde Çıkarılmış,C:\Users\default.LAPTOP-OBA1HVU9\.antigravity-ide\Books\b-Library_Hzm-20260601T230631Z-3-001\b-Library_Hzm\Ahmet Kurucan\A.Kurucan-Bosanmak icin mi evleniyoruz-GulYurduYayinlari.pdf,C:\Users\default.LAPTOP-OBA1HVU9\.antigravity-ide\Books\b-Library_Hzm-20260601T230631Z-3-001\b-Library_Hzm\Ahmet Kurucan,0.79
A.Kurucan-Evcilik Oynamiyoruz - GulYurduYayinlari.pdf,PDF,Klasörde Çıkarılmış,C:\Users\default.LAPTOP-OBA1HVU9\.antigravity-ide\Books\b-Library_Hzm-20260601T230631Z-3-001\b-Library_Hzm\Ahmet Kurucan\A.Kurucan-Evcilik Oynamiyoruz - GulYurduYayinlari.pdf,C:\Users\default.LAPTOP-OBA1HVU9\.antigravity-ide\Books\b-Library_Hzm-20260601T230631Z-3-001\b-Library_Hzm\Ahmet Kurucan,0.45
A.Kurucan-Fıkıh-Dunyamız-1.pdf,PDF,Klasörde Çıkarılmış,C:\Users\default.LAPTOP-OBA1HVU9\.antigravity-ide\Books\b-Library_Hzm-20260601T230631Z-3-001\b-Library_Hzm\Ahmet Kurucan\A.Kurucan-Fıkıh-Dunyamız-1.pdf,C:\Users\default.LAPTOP-OBA1HVU9\.antigravity-ide\Books\b-Library_Hzm-20260601T230631Z-3-001\b-Library_Hzm\Ahmet Kurucan,2.14
A.Kurucan-Rotasiz Evlilik - GulYurduYayinlari.pdf,PDF,Klasörde Çıkarılmış,C:\Users\default.LAPTOP-OBA1HVU9\.antigravity-ide\Books\b-Library_Hzm-20260601T230631Z-3-001\b-Library_Hzm\Ahmet Kurucan\A.Kurucan-Rotasiz Evlilik - GulYurduYayinlari.pdf,C:\Users\default.LAPTOP-OBA1HVU9\.antigravity-ide\Books\b-Library_Hzm-20260601T230631Z-3-001\b-Library_Hzm\Ahmet Kurucan,0.63
hz.-peygamberin-sunnetinde-terbiye.pdf,PDF,Klasörde Çıkarılmış,C:\Users\default.LAPTOP-OBA1HVU9\.antigravity-ide\Books\b-Library_Hzm-20260601T230631Z-3-001\b-Library_Hzm\Aile ve Çocuk-Hzm\hz.-peygamberin-sunnetinde-terbiye.pdf,C:\Users\default.LAPTOP-OBA1HVU9\.antigravity-ide\Books\b-Library_Hzm-20260601T230631Z-3-001\b-Library_Hzm\Aile ve Çocuk-Hzm,3.26
Caglayan_2019.02.pdf,PDF,Klasörde Çıkarılmış,C:\Users\default.LAPTOP-OBA1HVU9\.antigravity-ide\Books\b-Library_Hzm-20260601T230631Z-3-001\b-Library_Hzm\Dergi-caglayan\Caglayan_2019.02.pdf,C:\Users\default.LAPTOP-OBA1HVU9\.antigravity-ide\Books\b-Library_Hzm-20260601T230631Z-3-001\b-Library_Hzm\Dergi-caglayan,131.24
Sızıntı-2012-01.pdf,PDF,Klasörde Çıkarılmış,C:\Users\default.LAPTOP-OBA1HVU9\.antigravity-ide\Books\b-Library_Hzm-20260601T230631Z-3-001\b-Library_Hzm\Dergi-Sızıntı\Sızıntı-2012-01.pdf,C:\Users\default.LAPTOP-OBA1HVU9\.antigravity-ide\Books\b-Library_Hzm-20260601T230631Z-3-001\b-Library_Hzm\Dergi-Sızıntı,5.3
Sızıntı-2012.04.pdf,PDF,Klasörde Çıkarılmış,C:\Users\default.LAPTOP-OBA1HVU9\.antigravity-ide\Books\b-Library_Hzm-20260601T230631Z-3-001\b-Library_Hzm\Dergi-Sızıntı\Sızıntı-2012.04.pdf,C:\Users\default.LAPTOP-OBA1HVU9\.antigravity-ide\Books\b-Library_Hzm-20260601T230631Z-3-001\b-Library_Hzm\Dergi-Sızıntı,5.55
Yeni-Umit-Dergisi-004-1989-4.pdf,PDF,Klasörde Çıkarılmış,C:\Users\default.LAPTOP-OBA1HVU9\.antigravity-ide\Books\b-Library_Hzm-20260601T230631Z-3-001\b-Library_Hzm\Dergi-Yeni Ümit\Yeni-Umit-Dergisi-004-1989-4.pdf,C:\Users\default.LAPTOP-OBA1HVU9\.antigravity-ide\Books\b-Library_Hzm-20260601T230631Z-3-001\b-Library_Hzm\Dergi-Yeni Ümit,2.18
Diyalogun-Dini-Ve-Tarihi-Temelleri-Yeni-Umit.pdf,PDF,Klasörde Çıkarılmış,C:\Users\default.LAPTOP-OBA1HVU9\.antigravity-ide\Books\b-Library_Hzm-20260601T230631Z-3-001\b-Library_Hzm\Diyalog\Diyalogun-Dini-Ve-Tarihi-Temelleri-Yeni-Umit.pdf,C:\Users\default.LAPTOP-OBA1HVU9\.antigravity-ide\Books\b-Library_Hzm-20260601T230631Z-3-001\b-Library_Hzm\Diyalog,0.9
ayetlerde_dua.pdf,PDF,Klasörde Çıkarılmış,C:\Users\default.LAPTOP-OBA1HVU9\.antigravity-ide\Books\b-Library_Hzm-20260601T230631Z-3-001\b-Library_Hzm\Dua-Hzm\ayetlerde_dua.pdf,C:\Users\default.LAPTOP-OBA1HVU9\.antigravity-ide\Books\b-Library_Hzm-20260601T230631Z-3-001\b-Library_Hzm\Dua-Hzm,0.16
dua-ufku-m-f-gulen.pdf,PDF,Klasörde Çıkarılmış,C:\Users\default.LAPTOP-OBA1HVU9\.antigravity-ide\Books\b-Library_Hzm-20260601T230631Z-3-001\b-Library_Hzm\Dua-Hzm\dua-ufku-m-f-gulen.pdf,C:\Users\default.LAPTOP-OBA1HVU9\.antigravity-ide\Books\b-Library_Hzm-20260601T230631Z-3-001\b-Library_Hzm\Dua-Hzm,0.73
Bir-Kırık-Dilekce-M-Fethullah-Gulen.epub,EPUB,Klasörde Çıkarılmış,C:\Users\default.LAPTOP-OBA1HVU9\.antigravity-ide\Books\b-Library_Hzm-20260601T230631Z-3-001\b-Library_Hzm\Dua-Oku\Bir-Kırık-Dilekce-M-Fethullah-Gulen.epub,C:\Users\default.LAPTOP-OBA1HVU9\.antigravity-ide\Books\b-Library_Hzm-20260601T230631Z-3-001\b-Library_Hzm\Dua-Oku,0.08
kisa-sureler-ve-gunluk-dualar-rehberyayinlari.pdf,PDF,Klasörde Çıkarılmış,C:\Users\default.LAPTOP-OBA1HVU9\.antigravity-ide\Books\b-Library_Hzm-20260601T230631Z-3-001\b-Library_Hzm\Dua-Oku\kisa-sureler-ve-gunluk-dualar-rehberyayinlari.pdf,C:\Users\default.LAPTOP-OBA1HVU9\.antigravity-ide\Books\b-Library_Hzm-20260601T230631Z-3-001\b-Library_Hzm\Dua-Oku,0.71
Mustafa Yilmaz - Yanik Sinelerden Dualar - DefineYayinlari (Mustafa Yilmaz) (z-lib.org).pdf,PDF,Klasörde Çıkarılmış,C:\Users\default.LAPTOP-OBA1HVU9\.antigravity-ide\Books\b-Library_Hzm-20260601T230631Z-3-001\b-Library_Hzm\Dua-Oku\Mustafa Yilmaz - Yanik Sinelerden Dualar - DefineYayinlari (Mustafa Yilmaz) (z-lib.org).pdf,C:\Users\default.LAPTOP-OBA1HVU9\.antigravity-ide\Books\b-Library_Hzm-20260601T230631Z-3-001\b-Library_Hzm\Dua-Oku,1.06
teravih-dualari.pdf,PDF,Klasörde Çıkarılmış,C:\Users\default.LAPTOP-OBA1HVU9\.antigravity-ide\Books\b-Library_Hzm-20260601T230631Z-3-001\b-Library_Hzm\Dua-Oku\teravih-dualari.pdf,C:\Users\default.LAPTOP-OBA1HVU9\.antigravity-ide\Books\b-Library_Hzm-20260601T230631Z-3-001\b-Library_Hzm\Dua-Oku,0.13
Aile-reisi-ve-baba-olarak-hz-peygamber-ibrahim-canan-gulyurduyayinlari.pdf,PDF,Klasörde Çıkarılmış,C:\Users\default.LAPTOP-OBA1HVU9\.antigravity-ide\Books\b-Library_Hzm-20260601T230631Z-3-001\b-Library_Hzm\Efendimiz Sav-Hzm\Aile-reisi-ve-baba-olarak-hz-peygamber-ibrahim-canan-gulyurduyayinlari.pdf,C:\Users\default.LAPTOP-OBA1HVU9\.antigravity-ide\Books\b-Library_Hzm-20260601T230631Z-3-001\b-Library_Hzm\Efendimiz Sav-Hzm,0.69
Dillerdeki Mujde-resit-haylamaz.pdf,PDF,Klasörde Çıkarılmış,C:\Users\default.LAPTOP-OBA1HVU9\.antigravity-ide\Books\b-Library_Hzm-20260601T230631Z-3-001\b-Library_Hzm\Efendimiz Sav-Hzm\Dillerdeki Mujde-resit-haylamaz.pdf,C:\Users\default.LAPTOP-OBA1HVU9\.antigravity-ide\Books\b-Library_Hzm-20260601T230631Z-3-001\b-Library_Hzm\Efendimiz Sav-Hzm,0.91
Efendimiz-in-Bir-Gunu-Abdulhakim-Yuce-Işık-Yayınları-2011.epub,EPUB,Klasörde Çıkarılmış,C:\Users\default.LAPTOP-OBA1HVU9\.antigravity-ide\Books\b-Library_Hzm-20260601T230631Z-3-001\b-Library_Hzm\Efendimiz Sav-Hzm\Efendimiz-in-Bir-Gunu-Abdulhakim-Yuce-Işık-Yayınları-2011.epub,C:\Users\default.LAPTOP-OBA1HVU9\.antigravity-ide\Books\b-Library_Hzm-20260601T230631Z-3-001\b-Library_Hzm\Efendimiz Sav-Hzm,0.26
Efendimizin-bir-gunu-abdulhakim-yuce-isikyayinlari.pdf,PDF,Klasörde Çıkarılmış,C:\Users\default.LAPTOP-OBA1HVU9\.antigravity-ide\Books\b-Library_Hzm-20260601T230631Z-3-001\b-Library_Hzm\Efendimiz Sav-Hzm\Efendimizin-bir-gunu-abdulhakim-yuce-isikyayinlari.pdf,C:\Users\default.LAPTOP-OBA1HVU9\.antigravity-ide\Books\b-Library_Hzm-20260601T230631Z-3-001\b-Library_Hzm\Efendimiz Sav-Hzm,0.69
Gonullerin Gulu-hz-muhammed-sav-aynur-uraler.pdf,PDF,Klasörde Çıkarılmış,C:\Users\default.LAPTOP-OBA1HVU9\.antigravity-ide\Books\b-Library_Hzm-20260601T230631Z-3-001\b-Library_Hzm\Efendimiz Sav-Hzm\Gonullerin Gulu-hz-muhammed-sav-aynur-uraler.pdf,C:\Users\default.LAPTOP-OBA1HVU9\.antigravity-ide\Books\b-Library_Hzm-20260601T230631Z-3-001\b-Library_Hzm\Efendimiz Sav-Hzm,0.76
Gul-Kokulu-Hikayeler-Kemal-Turan.pdf,PDF,Klasörde Çıkarılmış,C:\Users\default.LAPTOP-OBA1HVU9\.antigravity-ide\Books\b-Library_Hzm-20260601T230631Z-3-001\b-Library_Hzm\Efendimiz Sav-Hzm\Gul-Kokulu-Hikayeler-Kemal-Turan.pdf,C:\Users\default.LAPTOP-OBA1HVU9\.antigravity-ide\Books\b-Library_Hzm-20260601T230631Z-3-001\b-Library_Hzm\Efendimiz Sav-Hzm,0.94
Hz Peygamber Modeli-insanlar-arasi-iliskilerde-rehberyayinlari.pdf,PDF,Klasörde Çıkarılmış,C:\Users\default.LAPTOP-OBA1HVU9\.antigravity-ide\Books\b-Library_Hzm-20260601T230631Z-3-001\b-Library_Hzm\Efendimiz Sav-Hzm\Hz Peygamber Modeli-insanlar-arasi-iliskilerde-rehberyayinlari.pdf,C:\Users\default.LAPTOP-OBA1HVU9\.antigravity-ide\Books\b-Library_Hzm-20260601T230631Z-3-001\b-Library_Hzm\Efendimiz Sav-Hzm,0.73
ilim-ve-sifatlariyla-efendimiz-sav-ali-budak.pdf,PDF,Klasörde Çıkarılmış,C:\Users\default.LAPTOP-OBA1HVU9\.antigravity-ide\Books\b-Library_Hzm-20260601T230631Z-3-001\b-Library_Hzm\Efendimiz Sav-Hzm\ilim-ve-sifatlariyla-efendimiz-sav-ali-budak.pdf,C:\Users\default.LAPTOP-OBA1HVU9\.antigravity-ide\Books\b-Library_Hzm-20260601T230631Z-3-001\b-Library_Hzm\Efendimiz Sav-Hzm,0.77
Kutlu Dogum-dergisi-2008-sulh-peygamberi-sav-rehberyayinlari.pdf,PDF,Klasörde Çıkarılmış,C:\Users\default.LAPTOP-OBA1HVU9\.antigravity-ide\Books\b-Library_Hzm-20260601T230631Z-3-001\b-Library_Hzm\Efendimiz Sav-Hzm\Kutlu Dogum-dergisi-2008-sulh-peygamberi-sav-rehberyayinlari.pdf,C:\Users\default.LAPTOP-OBA1HVU9\.antigravity-ide\Books\b-Library_Hzm-20260601T230631Z-3-001\b-Library_Hzm\Efendimiz Sav-Hzm,14.49
Kutlu Dogum-o-herkesin-peygamberi-rehberyayinlari.pdf,PDF,Klasörde Çıkarılmış,C:\Users\default.LAPTOP-OBA1HVU9\.antigravity-ide\Books\b-Library_Hzm-20260601T230631Z-3-001\b-Library_Hzm\Efendimiz Sav-Hzm\Kutlu Dogum-o-herkesin-peygamberi-rehberyayinlari.pdf,C:\Users\default.LAPTOP-OBA1HVU9\.antigravity-ide\Books\b-Library_Hzm-20260601T230631Z-3-001\b-Library_Hzm\Efendimiz Sav-Hzm,10.38
Nebevi-Mujdenin-izinde-Huseyin-Algul.pdf,PDF,Klasörde Çıkarılmış,C:\Users\default.LAPTOP-OBA1HVU9\.antigravity-ide\Books\b-Library_Hzm-20260601T230631Z-3-001\b-Library_Hzm\Efendimiz Sav-Hzm\Nebevi-Mujdenin-izinde-Huseyin-Algul.pdf,C:\Users\default.LAPTOP-OBA1HVU9\.antigravity-ide\Books\b-Library_Hzm-20260601T230631Z-3-001\b-Library_Hzm\Efendimiz Sav-Hzm,0.6
Peygamber Sevgisi-zubeyr-tekin-rehberyayinlari.pdf,PDF,Klasörde Çıkarılmış,C:\Users\default.LAPTOP-OBA1HVU9\.antigravity-ide\Books\b-Library_Hzm-20260601T230631Z-3-001\b-Library_Hzm\Efendimiz Sav-Hzm\Peygamber Sevgisi-zubeyr-tekin-rehberyayinlari.pdf,C:\Users\default.LAPTOP-OBA1HVU9\.antigravity-ide\Books\b-Library_Hzm-20260601T230631Z-3-001\b-Library_Hzm\Efendimiz Sav-Hzm,0.73
Peygamber-Efendimizin-Gunluk-Hayati-Mustafa-Gundogdu-.pdf,PDF,Klasörde Çıkarılmış,C:\Users\default.LAPTOP-OBA1HVU9\.antigravity-ide\Books\b-Library_Hzm-20260601T230631Z-3-001\b-Library_Hzm\Efendimiz Sav-Hzm\Peygamber-Efendimizin-Gunluk-Hayati-Mustafa-Gundogdu-.pdf,C:\Users\default.LAPTOP-OBA1HVU9\.antigravity-ide\Books\b-Library_Hzm-20260601T230631Z-3-001\b-Library_Hzm\Efendimiz Sav-Hzm,0.93
Peygamber-Sevgisi-RehberYayinlari.pdf,PDF,Klasörde Çıkarılmış,C:\Users\default.LAPTOP-OBA1HVU9\.antigravity-ide\Books\b-Library_Hzm-20260601T230631Z-3-001\b-Library_Hzm\Efendimiz Sav-Hzm\Peygamber-Sevgisi-RehberYayinlari.pdf,C:\Users\default.LAPTOP-OBA1HVU9\.antigravity-ide\Books\b-Library_Hzm-20260601T230631Z-3-001\b-Library_Hzm\Efendimiz Sav-Hzm,0.73
peygamberimizin-sav-semaili-ahlak-ve-adabi-huseyin-algul.pdf,PDF,Klasörde Çıkarılmış,C:\Users\default.LAPTOP-OBA1HVU9\.antigravity-ide\Books\b-Library_Hzm-20260601T230631Z-3-001\b-Library_Hzm\Efendimiz Sav-Hzm\peygamberimizin-sav-semaili-ahlak-ve-adabi-huseyin-algul.pdf,C:\Users\default.LAPTOP-OBA1HVU9\.antigravity-ide\Books\b-Library_Hzm-20260601T230631Z-3-001\b-Library_Hzm\Efendimiz Sav-Hzm,0.45
VE GAYBIN SON HABERCİSİ.pdf,PDF,Klasörde Çıkarılmış,C:\Users\default.LAPTOP-OBA1HVU9\.antigravity-ide\Books\b-Library_Hzm-20260601T230631Z-3-001\b-Library_Hzm\Efendimiz Sav-Hzm\VE GAYBIN SON HABERCİSİ.pdf,C:\Users\default.LAPTOP-OBA1HVU9\.antigravity-ide\Books\b-Library_Hzm-20260601T230631Z-3-001\b-Library_Hzm\Efendimiz Sav-Hzm,0.56
Çesitli Yonleriyle Hz Peygamber-sav-ibrahim-bayraktar-isikyayinlari.pdf,PDF,Klasörde Çıkarılmış,C:\Users\default.LAPTOP-OBA1HVU9\.antigravity-ide\Books\b-Library_Hzm-20260601T230631Z-3-001\b-Library_Hzm\Efendimiz Sav-Hzm\Çesitli Yonleriyle Hz Peygamber-sav-ibrahim-bayraktar-isikyayinlari.pdf,C:\Users\default.LAPTOP-OBA1HVU9\.antigravity-ide\Books\b-Library_Hzm-20260601T230631Z-3-001\b-Library_Hzm\Efendimiz Sav-Hzm,0.59
Şefkat Gunesi-resit-haylamaz.pdf,PDF,Klasörde Çıkarılmış,C:\Users\default.LAPTOP-OBA1HVU9\.antigravity-ide\Books\b-Library_Hzm-20260601T230631Z-3-001\b-Library_Hzm\Efendimiz Sav-Hzm\Şefkat Gunesi-resit-haylamaz.pdf,C:\Users\default.LAPTOP-OBA1HVU9\.antigravity-ide\Books\b-Library_Hzm-20260601T230631Z-3-001\b-Library_Hzm\Efendimiz Sav-Hzm,1.84
Şemail-isikyayinlari-faruk-vural.pdf,PDF,Klasörde Çıkarılmış,C:\Users\default.LAPTOP-OBA1HVU9\.antigravity-ide\Books\b-Library_Hzm-20260601T230631Z-3-001\b-Library_Hzm\Efendimiz Sav-Hzm\Şemail-isikyayinlari-faruk-vural.pdf,C:\Users\default.LAPTOP-OBA1HVU9\.antigravity-ide\Books\b-Library_Hzm-20260601T230631Z-3-001\b-Library_Hzm\Efendimiz Sav-Hzm,0.65
The Sultan-of-Hearts-Prophet-Muhammad-Haylamaz-Resit.pdf,PDF,Klasörde Çıkarılmış,C:\Users\default.LAPTOP-OBA1HVU9\.antigravity-ide\Books\b-Library_Hzm-20260601T230631Z-3-001\b-Library_Hzm\Efendimiz Sav-Hzm-English\The Sultan-of-Hearts-Prophet-Muhammad-Haylamaz-Resit.pdf,C:\Users\default.LAPTOP-OBA1HVU9\.antigravity-ide\Books\b-Library_Hzm-20260601T230631Z-3-001\b-Library_Hzm\Efendimiz Sav-Hzm-English,11.86
The-Luminous-Life-of-Our-Prophet-by-Resit-Haylamaz.pdf,PDF,Klasörde Çıkarılmış,C:\Users\default.LAPTOP-OBA1HVU9\.antigravity-ide\Books\b-Library_Hzm-20260601T230631Z-3-001\b-Library_Hzm\Efendimiz Sav-Hzm-English\The-Luminous-Life-of-Our-Prophet-by-Resit-Haylamaz.pdf,C:\Users\default.LAPTOP-OBA1HVU9\.antigravity-ide\Books\b-Library_Hzm-20260601T230631Z-3-001\b-Library_Hzm\Efendimiz Sav-Hzm-English,1.65
The-messenger-as-Compassion-Resid Haylamaz.pdf,PDF,Klasörde Çıkarılmış,C:\Users\default.LAPTOP-OBA1HVU9\.antigravity-ide\Books\b-Library_Hzm-20260601T230631Z-3-001\b-Library_Hzm\Efendimiz Sav-Hzm-English\The-messenger-as-Compassion-Resid Haylamaz.pdf,C:\Users\default.LAPTOP-OBA1HVU9\.antigravity-ide\Books\b-Library_Hzm-20260601T230631Z-3-001\b-Library_Hzm\Efendimiz Sav-Hzm-English,5.12
Efendimiz Sav-1-resit-haylamaz.pdf,PDF,Klasörde Çıkarılmış,C:\Users\default.LAPTOP-OBA1HVU9\.antigravity-ide\Books\b-Library_Hzm-20260601T230631Z-3-001\b-Library_Hzm\Efendimiz_in Sav Hayatı-Hzm\Efendimiz Sav-1-resit-haylamaz.pdf,C:\Users\default.LAPTOP-OBA1HVU9\.antigravity-ide\Books\b-Library_Hzm-20260601T230631Z-3-001\b-Library_Hzm\Efendimiz_in Sav Hayatı-Hzm,2.08
Efendimiz Sav-2-resit-haylamaz.pdf,PDF,Klasörde Çıkarılmış,C:\Users\default.LAPTOP-OBA1HVU9\.antigravity-ide\Books\b-Library_Hzm-20260601T230631Z-3-001\b-Library_Hzm\Efendimiz_in Sav Hayatı-Hzm\Efendimiz Sav-2-resit-haylamaz.pdf,C:\Users\default.LAPTOP-OBA1HVU9\.antigravity-ide\Books\b-Library_Hzm-20260601T230631Z-3-001\b-Library_Hzm\Efendimiz_in Sav Hayatı-Hzm,2.56
Efendimiz Sav-muhtasar-resit-haylamaz-mustuy.pdf,PDF,Klasörde Çıkarılmış,C:\Users\default.LAPTOP-OBA1HVU9\.antigravity-ide\Books\b-Library_Hzm-20260601T230631Z-3-001\b-Library_Hzm\Efendimiz_in Sav Hayatı-Hzm\Efendimiz Sav-muhtasar-resit-haylamaz-mustuy.pdf,C:\Users\default.LAPTOP-OBA1HVU9\.antigravity-ide\Books\b-Library_Hzm-20260601T230631Z-3-001\b-Library_Hzm\Efendimiz_in Sav Hayatı-Hzm,1.96
Hz Muhammed-Sav-ve-İslamiyet-Asım Köksal-.pdf,PDF,Klasörde Çıkarılmış,C:\Users\default.LAPTOP-OBA1HVU9\.antigravity-ide\Books\b-Library_Hzm-20260601T230631Z-3-001\b-Library_Hzm\Efendimiz_in Sav Hayatı-Hzm\Hz Muhammed-Sav-ve-İslamiyet-Asım Köksal-.pdf,C:\Users\default.LAPTOP-OBA1HVU9\.antigravity-ide\Books\b-Library_Hzm-20260601T230631Z-3-001\b-Library_Hzm\Efendimiz_in Sav Hayatı-Hzm,3.25
M-Asım-Koksal-Hazreti-Muhammed-S-A-V-ve-İslamiyet-İslam-Tarihi-1-2-.pdf,PDF,Klasörde Çıkarılmış,C:\Users\default.LAPTOP-OBA1HVU9\.antigravity-ide\Books\b-Library_Hzm-20260601T230631Z-3-001\b-Library_Hzm\Efendimiz_in Sav Hayatı-Hzm\M-Asım-Koksal-Hazreti-Muhammed-S-A-V-ve-İslamiyet-İslam-Tarihi-1-2-.pdf,C:\Users\default.LAPTOP-OBA1HVU9\.antigravity-ide\Books\b-Library_Hzm-20260601T230631Z-3-001\b-Library_Hzm\Efendimiz_in Sav Hayatı-Hzm,3.73
M-Asım-Koksal-Hazreti-Muhammed-S-A-V-ve-İslamiyet-İslam-Tarihi-5-6-PDFDrive-com-pdf.pdf,PDF,Klasörde Çıkarılmış,C:\Users\default.LAPTOP-OBA1HVU9\.antigravity-ide\Books\b-Library_Hzm-20260601T230631Z-3-001\b-Library_Hzm\Efendimiz_in Sav Hayatı-Hzm\M-Asım-Koksal-Hazreti-Muhammed-S-A-V-ve-İslamiyet-İslam-Tarihi-5-6-PDFDrive-com-pdf.pdf,C:\Users\default.LAPTOP-OBA1HVU9\.antigravity-ide\Books\b-Library_Hzm-20260601T230631Z-3-001\b-Library_Hzm\Efendimiz_in Sav Hayatı-Hzm,5.54
M-Asım-Koksal-Hazreti-Muhammed-S-A-V-ve-İslamiyet-İslam-Tarihi-7-8-.pdf,PDF,Klasörde Çıkarılmış,C:\Users\default.LAPTOP-OBA1HVU9\.antigravity-ide\Books\b-Library_Hzm-20260601T230631Z-3-001\b-Library_Hzm\Efendimiz_in Sav Hayatı-Hzm\M-Asım-Koksal-Hazreti-Muhammed-S-A-V-ve-İslamiyet-İslam-Tarihi-7-8-.pdf,C:\Users\default.LAPTOP-OBA1HVU9\.antigravity-ide\Books\b-Library_Hzm-20260601T230631Z-3-001\b-Library_Hzm\Efendimiz_in Sav Hayatı-Hzm,5.9
kur-an-elifbasi-ilmihalli-mustuy.pdf,PDF,Klasörde Çıkarılmış,C:\Users\default.LAPTOP-OBA1HVU9\.antigravity-ide\Books\b-Library_Hzm-20260601T230631Z-3-001\b-Library_Hzm\ElifBa-Tecvid-Hzm\kur-an-elifbasi-ilmihalli-mustuy.pdf,C:\Users\default.LAPTOP-OBA1HVU9\.antigravity-ide\Books\b-Library_Hzm-20260601T230631Z-3-001\b-Library_Hzm\ElifBa-Tecvid-Hzm,42.66
KURAN-OKUMA-SANATI.pdf,PDF,Klasörde Çıkarılmış,C:\Users\default.LAPTOP-OBA1HVU9\.antigravity-ide\Books\b-Library_Hzm-20260601T230631Z-3-001\b-Library_Hzm\ElifBa-Tecvid-Hzm\KURAN-OKUMA-SANATI.pdf,C:\Users\default.LAPTOP-OBA1HVU9\.antigravity-ide\Books\b-Library_Hzm-20260601T230631Z-3-001\b-Library_Hzm\ElifBa-Tecvid-Hzm,0.96
Kur_an Harflerinin-mahrec-cekimi.pdf,PDF,Klasörde Çıkarılmış,C:\Users\default.LAPTOP-OBA1HVU9\.antigravity-ide\Books\b-Library_Hzm-20260601T230631Z-3-001\b-Library_Hzm\ElifBa-Tecvid-Hzm\Kur_an Harflerinin-mahrec-cekimi.pdf,C:\Users\default.LAPTOP-OBA1HVU9\.antigravity-ide\Books\b-Library_Hzm-20260601T230631Z-3-001\b-Library_Hzm\ElifBa-Tecvid-Hzm,0.43
tecvid-kitabi.pdf,PDF,Klasörde Çıkarılmış,C:\Users\default.LAPTOP-OBA1HVU9\.antigravity-ide\Books\b-Library_Hzm-20260601T230631Z-3-001\b-Library_Hzm\ElifBa-Tecvid-Hzm\tecvid-kitabi.pdf,C:\Users\default.LAPTOP-OBA1HVU9\.antigravity-ide\Books\b-Library_Hzm-20260601T230631Z-3-001\b-Library_Hzm\ElifBa-Tecvid-Hzm,1.77
Tecvid-uygulamali-kurani-kerim-elifbasi-defineyayinlari.pdf,PDF,Klasörde Çıkarılmış,C:\Users\default.LAPTOP-OBA1HVU9\.antigravity-ide\Books\b-Library_Hzm-20260601T230631Z-3-001\b-Library_Hzm\ElifBa-Tecvid-Hzm\Tecvid-uygulamali-kurani-kerim-elifbasi-defineyayinlari.pdf,C:\Users\default.LAPTOP-OBA1HVU9\.antigravity-ide\Books\b-Library_Hzm-20260601T230631Z-3-001\b-Library_Hzm\ElifBa-Tecvid-Hzm,29.04
110-Soruda-Yaratilis-ve-Evrim-Tartismasi-Arif-Sarsilmaz-AltinBurcYayinlari-pdf.pdf,PDF,Klasörde Çıkarılmış,C:\Users\default.LAPTOP-OBA1HVU9\.antigravity-ide\Books\b-Library_Hzm-20260601T230631Z-3-001\b-Library_Hzm\Evrim-Hzm\110-Soruda-Yaratilis-ve-Evrim-Tartismasi-Arif-Sarsilmaz-AltinBurcYayinlari-pdf.pdf,C:\Users\default.LAPTOP-OBA1HVU9\.antigravity-ide\Books\b-Library_Hzm-20260601T230631Z-3-001\b-Library_Hzm\Evrim-Hzm,33.88
Insanlik-Tarihi-Boyunca-Evrim-Adem-Tatli.pdf,PDF,Klasörde Çıkarılmış,C:\Users\default.LAPTOP-OBA1HVU9\.antigravity-ide\Books\b-Library_Hzm-20260601T230631Z-3-001\b-Library_Hzm\Evrim-Hzm\Insanlik-Tarihi-Boyunca-Evrim-Adem-Tatli.pdf,C:\Users\default.LAPTOP-OBA1HVU9\.antigravity-ide\Books\b-Library_Hzm-20260601T230631Z-3-001\b-Library_Hzm\Evrim-Hzm,1.03
gencin-yol-rehberi-1-mustuy.pdf,PDF,Klasörde Çıkarılmış,C:\Users\default.LAPTOP-OBA1HVU9\.antigravity-ide\Books\b-Library_Hzm-20260601T230631Z-3-001\b-Library_Hzm\Gençler için-Hzm\gencin-yol-rehberi-1-mustuy.pdf,C:\Users\default.LAPTOP-OBA1HVU9\.antigravity-ide\Books\b-Library_Hzm-20260601T230631Z-3-001\b-Library_Hzm\Gençler için-Hzm,14.99
genclere-pirlanta-olculer-1-m-fethullah-gulen-mustuy.pdf,PDF,Klasörde Çıkarılmış,C:\Users\default.LAPTOP-OBA1HVU9\.antigravity-ide\Books\b-Library_Hzm-20260601T230631Z-3-001\b-Library_Hzm\Gençler için-Hzm\genclere-pirlanta-olculer-1-m-fethullah-gulen-mustuy.pdf,C:\Users\default.LAPTOP-OBA1HVU9\.antigravity-ide\Books\b-Library_Hzm-20260601T230631Z-3-001\b-Library_Hzm\Gençler için-Hzm,6.47
genclere-pirlanta-olculer-2-m-fethullah-gulen-mustuy.pdf,PDF,Klasörde Çıkarılmış,C:\Users\default.LAPTOP-OBA1HVU9\.antigravity-ide\Books\b-Library_Hzm-20260601T230631Z-3-001\b-Library_Hzm\Gençler için-Hzm\genclere-pirlanta-olculer-2-m-fethullah-gulen-mustuy.pdf,C:\Users\default.LAPTOP-OBA1HVU9\.antigravity-ide\Books\b-Library_Hzm-20260601T230631Z-3-001\b-Library_Hzm\Gençler için-Hzm,0.9
genclerle-nur-dersleri-1-mustuy.pdf,PDF,Klasörde Çıkarılmış,C:\Users\default.LAPTOP-OBA1HVU9\.antigravity-ide\Books\b-Library_Hzm-20260601T230631Z-3-001\b-Library_Hzm\Gençler için-Hzm\genclerle-nur-dersleri-1-mustuy.pdf,C:\Users\default.LAPTOP-OBA1HVU9\.antigravity-ide\Books\b-Library_Hzm-20260601T230631Z-3-001\b-Library_Hzm\Gençler için-Hzm,12.92
genclerle-nur-dersleri-2-mustuy.pdf,PDF,Klasörde Çıkarılmış,C:\Users\default.LAPTOP-OBA1HVU9\.antigravity-ide\Books\b-Library_Hzm-20260601T230631Z-3-001\b-Library_Hzm\Gençler için-Hzm\genclerle-nur-dersleri-2-mustuy.pdf,C:\Users\default.LAPTOP-OBA1HVU9\.antigravity-ide\Books\b-Library_Hzm-20260601T230631Z-3-001\b-Library_Hzm\Gençler için-Hzm,12.79
Sorularla-Acilan-Pencereler-1-MustuY.pdf,PDF,Klasörde Çıkarılmış,C:\Users\default.LAPTOP-OBA1HVU9\.antigravity-ide\Books\b-Library_Hzm-20260601T230631Z-3-001\b-Library_Hzm\Gençler için-Hzm\Sorularla-Acilan-Pencereler-1-MustuY.pdf,C:\Users\default.LAPTOP-OBA1HVU9\.antigravity-ide\Books\b-Library_Hzm-20260601T230631Z-3-001\b-Library_Hzm\Gençler için-Hzm,0.72
Riyazu-s-Salihin-Işık-Yayınları-pdf.pdf,PDF,Klasörde Çıkarılmış,C:\Users\default.LAPTOP-OBA1HVU9\.antigravity-ide\Books\b-Library_Hzm-20260601T230631Z-3-001\b-Library_Hzm\Hadis-Hzm\Riyazu-s-Salihin-Işık-Yayınları-pdf.pdf,C:\Users\default.LAPTOP-OBA1HVU9\.antigravity-ide\Books\b-Library_Hzm-20260601T230631Z-3-001\b-Library_Hzm\Hadis-Hzm,5.51
Riyazus Salihin - Muhtasar.pdf,PDF,Klasörde Çıkarılmış,C:\Users\default.LAPTOP-OBA1HVU9\.antigravity-ide\Books\b-Library_Hzm-20260601T230631Z-3-001\b-Library_Hzm\Hadis-Hzm\Riyazus Salihin - Muhtasar.pdf,C:\Users\default.LAPTOP-OBA1HVU9\.antigravity-ide\Books\b-Library_Hzm-20260601T230631Z-3-001\b-Library_Hzm\Hadis-Hzm,5.46
Fethullah Gülen Röportajı (Ekrem Dumanlı) (z-lib.org).epub,EPUB,Klasörde Çıkarılmış,C:\Users\default.LAPTOP-OBA1HVU9\.antigravity-ide\Books\b-Library_Hzm-20260601T230631Z-3-001\b-Library_Hzm\HE-Bio-Hzm\Fethullah Gülen Röportajı (Ekrem Dumanlı) (z-lib.org).epub,C:\Users\default.LAPTOP-OBA1HVU9\.antigravity-ide\Books\b-Library_Hzm-20260601T230631Z-3-001\b-Library_Hzm\HE-Bio-Hzm,0.09
Fethullah-Gulenle-Amerika`da-bir-ay-Ismail-Unal.pdf,PDF,Klasörde Çıkarılmış,C:\Users\default.LAPTOP-OBA1HVU9\.antigravity-ide\Books\b-Library_Hzm-20260601T230631Z-3-001\b-Library_Hzm\HE-Bio-Hzm\Fethullah-Gulenle-Amerika`da-bir-ay-Ismail-Unal.pdf,C:\Users\default.LAPTOP-OBA1HVU9\.antigravity-ide\Books\b-Library_Hzm-20260601T230631Z-3-001\b-Library_Hzm\HE-Bio-Hzm,9.19
Fikir ve Aksiyon İnsanı Olarak Fethullah Gülen - Yüksel Çayıroğlu.pdf,PDF,Klasörde Çıkarılmış,C:\Users\default.LAPTOP-OBA1HVU9\.antigravity-ide\Books\b-Library_Hzm-20260601T230631Z-3-001\b-Library_Hzm\HE-Bio-Hzm\Fikir ve Aksiyon İnsanı Olarak Fethullah Gülen - Yüksel Çayıroğlu.pdf,C:\Users\default.LAPTOP-OBA1HVU9\.antigravity-ide\Books\b-Library_Hzm-20260601T230631Z-3-001\b-Library_Hzm\HE-Bio-Hzm,13.34
Gurbette-Fethullah-Gulen-Nuriye-Akman.pdf,PDF,Klasörde Çıkarılmış,C:\Users\default.LAPTOP-OBA1HVU9\.antigravity-ide\Books\b-Library_Hzm-20260601T230631Z-3-001\b-Library_Hzm\HE-Bio-Hzm\Gurbette-Fethullah-Gulen-Nuriye-Akman.pdf,C:\Users\default.LAPTOP-OBA1HVU9\.antigravity-ide\Books\b-Library_Hzm-20260601T230631Z-3-001\b-Library_Hzm\HE-Bio-Hzm,9.45
Gurbetteki-Ogretmen-M-Fethulllah-Gulen-MustuY.pdf,PDF,Klasörde Çıkarılmış,C:\Users\default.LAPTOP-OBA1HVU9\.antigravity-ide\Books\b-Library_Hzm-20260601T230631Z-3-001\b-Library_Hzm\HE-Bio-Hzm\Gurbetteki-Ogretmen-M-Fethulllah-Gulen-MustuY.pdf,C:\Users\default.LAPTOP-OBA1HVU9\.antigravity-ide\Books\b-Library_Hzm-20260601T230631Z-3-001\b-Library_Hzm\HE-Bio-Hzm,44.49
İbretlik Hatıralar_Osman Şimşek.pdf,PDF,Klasörde Çıkarılmış,C:\Users\default.LAPTOP-OBA1HVU9\.antigravity-ide\Books\b-Library_Hzm-20260601T230631Z-3-001\b-Library_Hzm\HE-Bio-Hzm\İbretlik Hatıralar_Osman Şimşek.pdf,C:\Users\default.LAPTOP-OBA1HVU9\.antigravity-ide\Books\b-Library_Hzm-20260601T230631Z-3-001\b-Library_Hzm\HE-Bio-Hzm,1.22
Understanding-Fethullah-Gulen.pdf,PDF,Klasörde Çıkarılmış,C:\Users\default.LAPTOP-OBA1HVU9\.antigravity-ide\Books\b-Library_Hzm-20260601T230631Z-3-001\b-Library_Hzm\HE-Bio-Hzm-eng\Understanding-Fethullah-Gulen.pdf,C:\Users\default.LAPTOP-OBA1HVU9\.antigravity-ide\Books\b-Library_Hzm-20260601T230631Z-3-001\b-Library_Hzm\HE-Bio-Hzm-eng,85.33
Adanmışların-Vasıfları-pdf.pdf,PDF,Klasörde Çıkarılmış,C:\Users\default.LAPTOP-OBA1HVU9\.antigravity-ide\Books\b-Library_Hzm-20260601T230631Z-3-001\b-Library_Hzm\Hizmet İnsanı\Adanmışların-Vasıfları-pdf.pdf,C:\Users\default.LAPTOP-OBA1HVU9\.antigravity-ide\Books\b-Library_Hzm-20260601T230631Z-3-001\b-Library_Hzm\Hizmet İnsanı,0.92
Vazifelendirmede-Peygamber-Metodu-isikyayinlari.pdf,PDF,Klasörde Çıkarılmış,C:\Users\default.LAPTOP-OBA1HVU9\.antigravity-ide\Books\b-Library_Hzm-20260601T230631Z-3-001\b-Library_Hzm\Hizmet İnsanı\Vazifelendirmede-Peygamber-Metodu-isikyayinlari.pdf,C:\Users\default.LAPTOP-OBA1HVU9\.antigravity-ide\Books\b-Library_Hzm-20260601T230631Z-3-001\b-Library_Hzm\Hizmet İnsanı,0.87
İc-Derinlikleriyle-Hizmet-İnsanı-pdf.pdf,PDF,Klasörde Çıkarılmış,C:\Users\default.LAPTOP-OBA1HVU9\.antigravity-ide\Books\b-Library_Hzm-20260601T230631Z-3-001\b-Library_Hzm\Hizmet İnsanı\İc-Derinlikleriyle-Hizmet-İnsanı-pdf.pdf,C:\Users\default.LAPTOP-OBA1HVU9\.antigravity-ide\Books\b-Library_Hzm-20260601T230631Z-3-001\b-Library_Hzm\Hizmet İnsanı,1.14
Hizmet-Studies-Review.pdf,PDF,Klasörde Çıkarılmış,C:\Users\default.LAPTOP-OBA1HVU9\.antigravity-ide\Books\b-Library_Hzm-20260601T230631Z-3-001\b-Library_Hzm\Hzm-Studies\Hizmet-Studies-Review.pdf,C:\Users\default.LAPTOP-OBA1HVU9\.antigravity-ide\Books\b-Library_Hzm-20260601T230631Z-3-001\b-Library_Hzm\Hzm-Studies,0.61
Peaceful-Coexistence-Fethullah-Gulens-s-Initiatives.pdf,PDF,Klasörde Çıkarılmış,C:\Users\default.LAPTOP-OBA1HVU9\.antigravity-ide\Books\b-Library_Hzm-20260601T230631Z-3-001\b-Library_Hzm\Hzm-Studies\Peaceful-Coexistence-Fethullah-Gulens-s-Initiatives.pdf,C:\Users\default.LAPTOP-OBA1HVU9\.antigravity-ide\Books\b-Library_Hzm-20260601T230631Z-3-001\b-Library_Hzm\Hzm-Studies,4.85
Persecution-of-Hizmet-in-Turkey.pdf,PDF,Klasörde Çıkarılmış,C:\Users\default.LAPTOP-OBA1HVU9\.antigravity-ide\Books\b-Library_Hzm-20260601T230631Z-3-001\b-Library_Hzm\Hzm-Studies\Persecution-of-Hizmet-in-Turkey.pdf,C:\Users\default.LAPTOP-OBA1HVU9\.antigravity-ide\Books\b-Library_Hzm-20260601T230631Z-3-001\b-Library_Hzm\Hzm-Studies,0.89
hac-ve-umre-ilmihali-rehberyayinlari.pdf,PDF,Klasörde Çıkarılmış,C:\Users\default.LAPTOP-OBA1HVU9\.antigravity-ide\Books\b-Library_Hzm-20260601T230631Z-3-001\b-Library_Hzm\ilmihal-Cep-Hzm\hac-ve-umre-ilmihali-rehberyayinlari.pdf,C:\Users\default.LAPTOP-OBA1HVU9\.antigravity-ide\Books\b-Library_Hzm-20260601T230631Z-3-001\b-Library_Hzm\ilmihal-Cep-Hzm,0.56
namaz-ilmihali-rehberyayinlari.pdf,PDF,Klasörde Çıkarılmış,C:\Users\default.LAPTOP-OBA1HVU9\.antigravity-ide\Books\b-Library_Hzm-20260601T230631Z-3-001\b-Library_Hzm\ilmihal-Cep-Hzm\namaz-ilmihali-rehberyayinlari.pdf,C:\Users\default.LAPTOP-OBA1HVU9\.antigravity-ide\Books\b-Library_Hzm-20260601T230631Z-3-001\b-Library_Hzm\ilmihal-Cep-Hzm,0.72
oruc-ilmihali-rehberyayinlari.pdf,PDF,Klasörde Çıkarılmış,C:\Users\default.LAPTOP-OBA1HVU9\.antigravity-ide\Books\b-Library_Hzm-20260601T230631Z-3-001\b-Library_Hzm\ilmihal-Cep-Hzm\oruc-ilmihali-rehberyayinlari.pdf,C:\Users\default.LAPTOP-OBA1HVU9\.antigravity-ide\Books\b-Library_Hzm-20260601T230631Z-3-001\b-Library_Hzm\ilmihal-Cep-Hzm,0.66
pratik-ilmihal-rehberyayinlari.pdf,PDF,Klasörde Çıkarılmış,C:\Users\default.LAPTOP-OBA1HVU9\.antigravity-ide\Books\b-Library_Hzm-20260601T230631Z-3-001\b-Library_Hzm\ilmihal-Cep-Hzm\pratik-ilmihal-rehberyayinlari.pdf,C:\Users\default.LAPTOP-OBA1HVU9\.antigravity-ide\Books\b-Library_Hzm-20260601T230631Z-3-001\b-Library_Hzm\ilmihal-Cep-Hzm,2.76
zekat-rehberyayinlari.pdf,PDF,Klasörde Çıkarılmış,C:\Users\default.LAPTOP-OBA1HVU9\.antigravity-ide\Books\b-Library_Hzm-20260601T230631Z-3-001\b-Library_Hzm\ilmihal-Cep-Hzm\zekat-rehberyayinlari.pdf,C:\Users\default.LAPTOP-OBA1HVU9\.antigravity-ide\Books\b-Library_Hzm-20260601T230631Z-3-001\b-Library_Hzm\ilmihal-Cep-Hzm,0.86
Bir-Muslumanın-Yol-Haritası-Iman-ibadet-Ahlak.pdf,PDF,Klasörde Çıkarılmış,C:\Users\default.LAPTOP-OBA1HVU9\.antigravity-ide\Books\b-Library_Hzm-20260601T230631Z-3-001\b-Library_Hzm\ilmihal-Hzm\Bir-Muslumanın-Yol-Haritası-Iman-ibadet-Ahlak.pdf,C:\Users\default.LAPTOP-OBA1HVU9\.antigravity-ide\Books\b-Library_Hzm-20260601T230631Z-3-001\b-Library_Hzm\ilmihal-Hzm,3.22
Bir_Müslümanın_Yol_Haritası.pdf,PDF,Klasörde Çıkarılmış,C:\Users\default.LAPTOP-OBA1HVU9\.antigravity-ide\Books\b-Library_Hzm-20260601T230631Z-3-001\b-Library_Hzm\ilmihal-Hzm\Bir_Müslümanın_Yol_Haritası.pdf,C:\Users\default.LAPTOP-OBA1HVU9\.antigravity-ide\Books\b-Library_Hzm-20260601T230631Z-3-001\b-Library_Hzm\ilmihal-Hzm,4.52
Genclik-ilmihali-mustuy.pdf,PDF,Klasörde Çıkarılmış,C:\Users\default.LAPTOP-OBA1HVU9\.antigravity-ide\Books\b-Library_Hzm-20260601T230631Z-3-001\b-Library_Hzm\ilmihal-Hzm\Genclik-ilmihali-mustuy.pdf,C:\Users\default.LAPTOP-OBA1HVU9\.antigravity-ide\Books\b-Library_Hzm-20260601T230631Z-3-001\b-Library_Hzm\ilmihal-Hzm,4.46
Pratik-İlmihal-Osman-Bilgin-PDFDrive-com-pdf.pdf,PDF,Klasörde Çıkarılmış,C:\Users\default.LAPTOP-OBA1HVU9\.antigravity-ide\Books\b-Library_Hzm-20260601T230631Z-3-001\b-Library_Hzm\ilmihal-Hzm\Pratik-İlmihal-Osman-Bilgin-PDFDrive-com-pdf.pdf,C:\Users\default.LAPTOP-OBA1HVU9\.antigravity-ide\Books\b-Library_Hzm-20260601T230631Z-3-001\b-Library_Hzm\ilmihal-Hzm,2.77
Peygamberimizin-teblig-metodlari.pdf,PDF,Klasörde Çıkarılmış,C:\Users\default.LAPTOP-OBA1HVU9\.antigravity-ide\Books\b-Library_Hzm-20260601T230631Z-3-001\b-Library_Hzm\irşad-Tebliğ-Hzm\Peygamberimizin-teblig-metodlari.pdf,C:\Users\default.LAPTOP-OBA1HVU9\.antigravity-ide\Books\b-Library_Hzm-20260601T230631Z-3-001\b-Library_Hzm\irşad-Tebliğ-Hzm,2.28
Doğuştan Günümüze Büyük İslam Tarihi Cilt 01.pdf,PDF,Klasörde Çıkarılmış,C:\Users\default.LAPTOP-OBA1HVU9\.antigravity-ide\Books\b-Library_Hzm-20260601T230631Z-3-001\b-Library_Hzm\islam Tarihi-ZAMAN\Doğuştan Günümüze Büyük İslam Tarihi Cilt 01.pdf,C:\Users\default.LAPTOP-OBA1HVU9\.antigravity-ide\Books\b-Library_Hzm-20260601T230631Z-3-001\b-Library_Hzm\islam Tarihi-ZAMAN,28.7
Doğuştan Günümüze Büyük İslam Tarihi Cilt 02.pdf,PDF,Klasörde Çıkarılmış,C:\Users\default.LAPTOP-OBA1HVU9\.antigravity-ide\Books\b-Library_Hzm-20260601T230631Z-3-001\b-Library_Hzm\islam Tarihi-ZAMAN\Doğuştan Günümüze Büyük İslam Tarihi Cilt 02.pdf,C:\Users\default.LAPTOP-OBA1HVU9\.antigravity-ide\Books\b-Library_Hzm-20260601T230631Z-3-001\b-Library_Hzm\islam Tarihi-ZAMAN,28.28
Doğuştan Günümüze Büyük İslam Tarihi Cilt 03.pdf,PDF,Klasörde Çıkarılmış,C:\Users\default.LAPTOP-OBA1HVU9\.antigravity-ide\Books\b-Library_Hzm-20260601T230631Z-3-001\b-Library_Hzm\islam Tarihi-ZAMAN\Doğuştan Günümüze Büyük İslam Tarihi Cilt 03.pdf,C:\Users\default.LAPTOP-OBA1HVU9\.antigravity-ide\Books\b-Library_Hzm-20260601T230631Z-3-001\b-Library_Hzm\islam Tarihi-ZAMAN,26.66
Doğuştan Günümüze Büyük İslam Tarihi Cilt 04.pdf,PDF,Klasörde Çıkarılmış,C:\Users\default.LAPTOP-OBA1HVU9\.antigravity-ide\Books\b-Library_Hzm-20260601T230631Z-3-001\b-Library_Hzm\islam Tarihi-ZAMAN\Doğuştan Günümüze Büyük İslam Tarihi Cilt 04.pdf,C:\Users\default.LAPTOP-OBA1HVU9\.antigravity-ide\Books\b-Library_Hzm-20260601T230631Z-3-001\b-Library_Hzm\islam Tarihi-ZAMAN,26.44
Doğuştan Günümüze Büyük İslam Tarihi Cilt 05.pdf,PDF,Klasörde Çıkarılmış,C:\Users\default.LAPTOP-OBA1HVU9\.antigravity-ide\Books\b-Library_Hzm-20260601T230631Z-3-001\b-Library_Hzm\islam Tarihi-ZAMAN\Doğuştan Günümüze Büyük İslam Tarihi Cilt 05.pdf,C:\Users\default.LAPTOP-OBA1HVU9\.antigravity-ide\Books\b-Library_Hzm-20260601T230631Z-3-001\b-Library_Hzm\islam Tarihi-ZAMAN,25.47
Doğuştan Günümüze Büyük İslam Tarihi Cilt 06.pdf,PDF,Klasörde Çıkarılmış,C:\Users\default.LAPTOP-OBA1HVU9\.antigravity-ide\Books\b-Library_Hzm-20260601T230631Z-3-001\b-Library_Hzm\islam Tarihi-ZAMAN\Doğuştan Günümüze Büyük İslam Tarihi Cilt 06.pdf,C:\Users\default.LAPTOP-OBA1HVU9\.antigravity-ide\Books\b-Library_Hzm-20260601T230631Z-3-001\b-Library_Hzm\islam Tarihi-ZAMAN,27.32
Doğuştan Günümüze Büyük İslam Tarihi Cilt 07.pdf,PDF,Klasörde Çıkarılmış,C:\Users\default.LAPTOP-OBA1HVU9\.antigravity-ide\Books\b-Library_Hzm-20260601T230631Z-3-001\b-Library_Hzm\islam Tarihi-ZAMAN\Doğuştan Günümüze Büyük İslam Tarihi Cilt 07.pdf,C:\Users\default.LAPTOP-OBA1HVU9\.antigravity-ide\Books\b-Library_Hzm-20260601T230631Z-3-001\b-Library_Hzm\islam Tarihi-ZAMAN,25.1
Doğuştan Günümüze Büyük İslam Tarihi Cilt 08.pdf,PDF,Klasörde Çıkarılmış,C:\Users\default.LAPTOP-OBA1HVU9\.antigravity-ide\Books\b-Library_Hzm-20260601T230631Z-3-001\b-Library_Hzm\islam Tarihi-ZAMAN\Doğuştan Günümüze Büyük İslam Tarihi Cilt 08.pdf,C:\Users\default.LAPTOP-OBA1HVU9\.antigravity-ide\Books\b-Library_Hzm-20260601T230631Z-3-001\b-Library_Hzm\islam Tarihi-ZAMAN,23.09
Doğuştan Günümüze Büyük İslam Tarihi Cilt 09.pdf,PDF,Klasörde Çıkarılmış,C:\Users\default.LAPTOP-OBA1HVU9\.antigravity-ide\Books\b-Library_Hzm-20260601T230631Z-3-001\b-Library_Hzm\islam Tarihi-ZAMAN\Doğuştan Günümüze Büyük İslam Tarihi Cilt 09.pdf,C:\Users\default.LAPTOP-OBA1HVU9\.antigravity-ide\Books\b-Library_Hzm-20260601T230631Z-3-001\b-Library_Hzm\islam Tarihi-ZAMAN,24.99
Doğuştan Günümüze Büyük İslam Tarihi Cilt 10.pdf,PDF,Klasörde Çıkarılmış,C:\Users\default.LAPTOP-OBA1HVU9\.antigravity-ide\Books\b-Library_Hzm-20260601T230631Z-3-001\b-Library_Hzm\islam Tarihi-ZAMAN\Doğuştan Günümüze Büyük İslam Tarihi Cilt 10.pdf,C:\Users\default.LAPTOP-OBA1HVU9\.antigravity-ide\Books\b-Library_Hzm-20260601T230631Z-3-001\b-Library_Hzm\islam Tarihi-ZAMAN,21.43
Doğuştan Günümüze Büyük İslam Tarihi Cilt 11.pdf,PDF,Klasörde Çıkarılmış,C:\Users\default.LAPTOP-OBA1HVU9\.antigravity-ide\Books\b-Library_Hzm-20260601T230631Z-3-001\b-Library_Hzm\islam Tarihi-ZAMAN\Doğuştan Günümüze Büyük İslam Tarihi Cilt 11.pdf,C:\Users\default.LAPTOP-OBA1HVU9\.antigravity-ide\Books\b-Library_Hzm-20260601T230631Z-3-001\b-Library_Hzm\islam Tarihi-ZAMAN,21.0
Doğuştan Günümüze Büyük İslam Tarihi Cilt 12.pdf,PDF,Klasörde Çıkarılmış,C:\Users\default.LAPTOP-OBA1HVU9\.antigravity-ide\Books\b-Library_Hzm-20260601T230631Z-3-001\b-Library_Hzm\islam Tarihi-ZAMAN\Doğuştan Günümüze Büyük İslam Tarihi Cilt 12.pdf,C:\Users\default.LAPTOP-OBA1HVU9\.antigravity-ide\Books\b-Library_Hzm-20260601T230631Z-3-001\b-Library_Hzm\islam Tarihi-ZAMAN,23.36
Doğuştan Günümüze Büyük İslam Tarihi Cilt 13.pdf,PDF,Klasörde Çıkarılmış,C:\Users\default.LAPTOP-OBA1HVU9\.antigravity-ide\Books\b-Library_Hzm-20260601T230631Z-3-001\b-Library_Hzm\islam Tarihi-ZAMAN\Doğuştan Günümüze Büyük İslam Tarihi Cilt 13.pdf,C:\Users\default.LAPTOP-OBA1HVU9\.antigravity-ide\Books\b-Library_Hzm-20260601T230631Z-3-001\b-Library_Hzm\islam Tarihi-ZAMAN,19.62
Doğuştan Günümüze Büyük İslam Tarihi Cilt 14 Ek.pdf,PDF,Klasörde Çıkarılmış,C:\Users\default.LAPTOP-OBA1HVU9\.antigravity-ide\Books\b-Library_Hzm-20260601T230631Z-3-001\b-Library_Hzm\islam Tarihi-ZAMAN\Doğuştan Günümüze Büyük İslam Tarihi Cilt 14 Ek.pdf,C:\Users\default.LAPTOP-OBA1HVU9\.antigravity-ide\Books\b-Library_Hzm-20260601T230631Z-3-001\b-Library_Hzm\islam Tarihi-ZAMAN,19.25
Doğuştan Günümüze Büyük İslam Tarihi Cilt 14.pdf,PDF,Klasörde Çıkarılmış,C:\Users\default.LAPTOP-OBA1HVU9\.antigravity-ide\Books\b-Library_Hzm-20260601T230631Z-3-001\b-Library_Hzm\islam Tarihi-ZAMAN\Doğuştan Günümüze Büyük İslam Tarihi Cilt 14.pdf,C:\Users\default.LAPTOP-OBA1HVU9\.antigravity-ide\Books\b-Library_Hzm-20260601T230631Z-3-001\b-Library_Hzm\islam Tarihi-ZAMAN,20.95
Ezvac-ı Tahirat-gulyurduyayinlari.pdf,PDF,Klasörde Çıkarılmış,C:\Users\default.LAPTOP-OBA1HVU9\.antigravity-ide\Books\b-Library_Hzm-20260601T230631Z-3-001\b-Library_Hzm\Kadın Sahabeler\Ezvac-ı Tahirat-gulyurduyayinlari.pdf,C:\Users\default.LAPTOP-OBA1HVU9\.antigravity-ide\Books\b-Library_Hzm-20260601T230631Z-3-001\b-Library_Hzm\Kadın Sahabeler,0.93
Hanim Sahabiler-gulyurduyayinlari.pdf,PDF,Klasörde Çıkarılmış,C:\Users\default.LAPTOP-OBA1HVU9\.antigravity-ide\Books\b-Library_Hzm-20260601T230631Z-3-001\b-Library_Hzm\Kadın Sahabeler\Hanim Sahabiler-gulyurduyayinlari.pdf,C:\Users\default.LAPTOP-OBA1HVU9\.antigravity-ide\Books\b-Library_Hzm-20260601T230631Z-3-001\b-Library_Hzm\Kadın Sahabeler,0.99
Hz Aişe Ra_Reşid Haylamaz.pdf,PDF,Klasörde Çıkarılmış,C:\Users\default.LAPTOP-OBA1HVU9\.antigravity-ide\Books\b-Library_Hzm-20260601T230631Z-3-001\b-Library_Hzm\Kadın Sahabeler\Hz Aişe Ra_Reşid Haylamaz.pdf,C:\Users\default.LAPTOP-OBA1HVU9\.antigravity-ide\Books\b-Library_Hzm-20260601T230631Z-3-001\b-Library_Hzm\Kadın Sahabeler,1.8
Rehber Hanimlar-gulyurduyayinlari.pdf,PDF,Klasörde Çıkarılmış,C:\Users\default.LAPTOP-OBA1HVU9\.antigravity-ide\Books\b-Library_Hzm-20260601T230631Z-3-001\b-Library_Hzm\Kadın Sahabeler\Rehber Hanimlar-gulyurduyayinlari.pdf,C:\Users\default.LAPTOP-OBA1HVU9\.antigravity-ide\Books\b-Library_Hzm-20260601T230631Z-3-001\b-Library_Hzm\Kadın Sahabeler,0.99
Zahide-hanimlar-gulyurduyayinlari.pdf,PDF,Klasörde Çıkarılmış,C:\Users\default.LAPTOP-OBA1HVU9\.antigravity-ide\Books\b-Library_Hzm-20260601T230631Z-3-001\b-Library_Hzm\Kadın Sahabeler\Zahide-hanimlar-gulyurduyayinlari.pdf,C:\Users\default.LAPTOP-OBA1HVU9\.antigravity-ide\Books\b-Library_Hzm-20260601T230631Z-3-001\b-Library_Hzm\Kadın Sahabeler,1.19
Ali Unal-Kur-an-i-Kerim-Meal1.pdf,PDF,Klasörde Çıkarılmış,C:\Users\default.LAPTOP-OBA1HVU9\.antigravity-ide\Books\b-Library_Hzm-20260601T230631Z-3-001\b-Library_Hzm\Kur_an-Meal-Hzm\Ali Unal-Kur-an-i-Kerim-Meal1.pdf,C:\Users\default.LAPTOP-OBA1HVU9\.antigravity-ide\Books\b-Library_Hzm-20260601T230631Z-3-001\b-Library_Hzm\Kur_an-Meal-Hzm,74.48
Ali Unal-Kuran-i-Kerim-Meal2.pdf,PDF,Klasörde Çıkarılmış,C:\Users\default.LAPTOP-OBA1HVU9\.antigravity-ide\Books\b-Library_Hzm-20260601T230631Z-3-001\b-Library_Hzm\Kur_an-Meal-Hzm\Ali Unal-Kuran-i-Kerim-Meal2.pdf,C:\Users\default.LAPTOP-OBA1HVU9\.antigravity-ide\Books\b-Library_Hzm-20260601T230631Z-3-001\b-Library_Hzm\Kur_an-Meal-Hzm,19.58
Ali Unal-The-Quran-with-Annotated-interpretation-.pdf,PDF,Klasörde Çıkarılmış,C:\Users\default.LAPTOP-OBA1HVU9\.antigravity-ide\Books\b-Library_Hzm-20260601T230631Z-3-001\b-Library_Hzm\Kur_an-Meal-Hzm\Ali Unal-The-Quran-with-Annotated-interpretation-.pdf,C:\Users\default.LAPTOP-OBA1HVU9\.antigravity-ide\Books\b-Library_Hzm-20260601T230631Z-3-001\b-Library_Hzm\Kur_an-Meal-Hzm,6.27
Kuran-i_Kerim-OKU.pdf,PDF,Klasörde Çıkarılmış,C:\Users\default.LAPTOP-OBA1HVU9\.antigravity-ide\Books\b-Library_Hzm-20260601T230631Z-3-001\b-Library_Hzm\Kur_an-Meal-Hzm\Kuran-i_Kerim-OKU.pdf,C:\Users\default.LAPTOP-OBA1HVU9\.antigravity-ide\Books\b-Library_Hzm-20260601T230631Z-3-001\b-Library_Hzm\Kur_an-Meal-Hzm,9.11
Davut Aydüz-Kısa Surelerin Tefsiri.pdf,PDF,Klasörde Çıkarılmış,C:\Users\default.LAPTOP-OBA1HVU9\.antigravity-ide\Books\b-Library_Hzm-20260601T230631Z-3-001\b-Library_Hzm\Kur_an-Tefsir-Hzm\Davut Aydüz-Kısa Surelerin Tefsiri.pdf,C:\Users\default.LAPTOP-OBA1HVU9\.antigravity-ide\Books\b-Library_Hzm-20260601T230631Z-3-001\b-Library_Hzm\Kur_an-Tefsir-Hzm,1.49
Davut-Ayduz-5-Vakit-4-Asir-Namazdan-Sonra-Okunan-Ayetlerin-Tefsiri-DefineYayinlari.pdf,PDF,Klasörde Çıkarılmış,C:\Users\default.LAPTOP-OBA1HVU9\.antigravity-ide\Books\b-Library_Hzm-20260601T230631Z-3-001\b-Library_Hzm\Kur_an-Tefsir-Hzm\Davut-Ayduz-5-Vakit-4-Asir-Namazdan-Sonra-Okunan-Ayetlerin-Tefsiri-DefineYayinlari.pdf,C:\Users\default.LAPTOP-OBA1HVU9\.antigravity-ide\Books\b-Library_Hzm-20260601T230631Z-3-001\b-Library_Hzm\Kur_an-Tefsir-Hzm,1.39
Nicin-Helak-Oldular-Abdullah-Emin-Cimen-.pdf,PDF,Klasörde Çıkarılmış,C:\Users\default.LAPTOP-OBA1HVU9\.antigravity-ide\Books\b-Library_Hzm-20260601T230631Z-3-001\b-Library_Hzm\Kur_an-Tefsir-Hzm\Nicin-Helak-Oldular-Abdullah-Emin-Cimen-.pdf,C:\Users\default.LAPTOP-OBA1HVU9\.antigravity-ide\Books\b-Library_Hzm-20260601T230631Z-3-001\b-Library_Hzm\Kur_an-Tefsir-Hzm,7.06
PEYGAMBERİMİZİN-KURANI-TEFSİRİ-Suat-Yıldırım.pdf,PDF,Klasörde Çıkarılmış,C:\Users\default.LAPTOP-OBA1HVU9\.antigravity-ide\Books\b-Library_Hzm-20260601T230631Z-3-001\b-Library_Hzm\Kur_an-Tefsir-Hzm\PEYGAMBERİMİZİN-KURANI-TEFSİRİ-Suat-Yıldırım.pdf,C:\Users\default.LAPTOP-OBA1HVU9\.antigravity-ide\Books\b-Library_Hzm-20260601T230631Z-3-001\b-Library_Hzm\Kur_an-Tefsir-Hzm,2.03
Kuranda-Tesbih-Ve-Temsiller-Sadi-Eren.pdf,PDF,Klasörde Çıkarılmış,C:\Users\default.LAPTOP-OBA1HVU9\.antigravity-ide\Books\b-Library_Hzm-20260601T230631Z-3-001\b-Library_Hzm\Kur`an-Hzm\Kuranda-Tesbih-Ve-Temsiller-Sadi-Eren.pdf,C:\Users\default.LAPTOP-OBA1HVU9\.antigravity-ide\Books\b-Library_Hzm-20260601T230631Z-3-001\b-Library_Hzm\Kur`an-Hzm,1.04
Nicin-Helak-Oldular-Abdullah-Emin-Cimen.pdf,PDF,Klasörde Çıkarılmış,C:\Users\default.LAPTOP-OBA1HVU9\.antigravity-ide\Books\b-Library_Hzm-20260601T230631Z-3-001\b-Library_Hzm\Kur`an-Hzm\Nicin-Helak-Oldular-Abdullah-Emin-Cimen.pdf,C:\Users\default.LAPTOP-OBA1HVU9\.antigravity-ide\Books\b-Library_Hzm-20260601T230631Z-3-001\b-Library_Hzm\Kur`an-Hzm,7.06
Fethullah Gülen’s Teaching and Practice-Paul Weller.pdf,PDF,Klasörde Çıkarılmış,C:\Users\default.LAPTOP-OBA1HVU9\.antigravity-ide\Books\b-Library_Hzm-20260601T230631Z-3-001\b-Library_Hzm\MFG\Fethullah Gülen’s Teaching and Practice-Paul Weller.pdf,C:\Users\default.LAPTOP-OBA1HVU9\.antigravity-ide\Books\b-Library_Hzm-20260601T230631Z-3-001\b-Library_Hzm\MFG,1.8
Fethullah-Gulen-Biography.pdf,PDF,Klasörde Çıkarılmış,C:\Users\default.LAPTOP-OBA1HVU9\.antigravity-ide\Books\b-Library_Hzm-20260601T230631Z-3-001\b-Library_Hzm\MFG\Fethullah-Gulen-Biography.pdf,C:\Users\default.LAPTOP-OBA1HVU9\.antigravity-ide\Books\b-Library_Hzm-20260601T230631Z-3-001\b-Library_Hzm\MFG,2.94
Gulen-Hareketi-1-Farkli-Seslerin-Ahengi-M-F-Gulen.pdf,PDF,Klasörde Çıkarılmış,C:\Users\default.LAPTOP-OBA1HVU9\.antigravity-ide\Books\b-Library_Hzm-20260601T230631Z-3-001\b-Library_Hzm\MFG\Gulen-Hareketi-1-Farkli-Seslerin-Ahengi-M-F-Gulen.pdf,C:\Users\default.LAPTOP-OBA1HVU9\.antigravity-ide\Books\b-Library_Hzm-20260601T230631Z-3-001\b-Library_Hzm\MFG,0.93
Davut-Ayduz-Namazı-Anlayarak-Kılmak.pdf,PDF,Klasörde Çıkarılmış,C:\Users\default.LAPTOP-OBA1HVU9\.antigravity-ide\Books\b-Library_Hzm-20260601T230631Z-3-001\b-Library_Hzm\Namaz\Davut-Ayduz-Namazı-Anlayarak-Kılmak.pdf,C:\Users\default.LAPTOP-OBA1HVU9\.antigravity-ide\Books\b-Library_Hzm-20260601T230631Z-3-001\b-Library_Hzm\Namaz,0.99
Dinimin-Diregi-Namaz-Suleyman-Bosnali.pdf,PDF,Klasörde Çıkarılmış,C:\Users\default.LAPTOP-OBA1HVU9\.antigravity-ide\Books\b-Library_Hzm-20260601T230631Z-3-001\b-Library_Hzm\Namaz\Dinimin-Diregi-Namaz-Suleyman-Bosnali.pdf,C:\Users\default.LAPTOP-OBA1HVU9\.antigravity-ide\Books\b-Library_Hzm-20260601T230631Z-3-001\b-Library_Hzm\Namaz,30.7
Asrin Getirdigi Tereddutler_1.pdf,PDF,Klasörde Çıkarılmış,C:\Users\default.LAPTOP-OBA1HVU9\.antigravity-ide\Books\b-Library_Hzm-20260601T230631Z-3-001\b-Library_Hzm\PRL\Asrin Getirdigi Tereddutler_1.pdf,C:\Users\default.LAPTOP-OBA1HVU9\.antigravity-ide\Books\b-Library_Hzm-20260601T230631Z-3-001\b-Library_Hzm\PRL,0.84
Asrin Getirdigi Tereddutler_2.pdf,PDF,Klasörde Çıkarılmış,C:\Users\default.LAPTOP-OBA1HVU9\.antigravity-ide\Books\b-Library_Hzm-20260601T230631Z-3-001\b-Library_Hzm\PRL\Asrin Getirdigi Tereddutler_2.pdf,C:\Users\default.LAPTOP-OBA1HVU9\.antigravity-ide\Books\b-Library_Hzm-20260601T230631Z-3-001\b-Library_Hzm\PRL,1.01
Asrin Getirdigi Tereddutler_3.pdf,PDF,Klasörde Çıkarılmış,C:\Users\default.LAPTOP-OBA1HVU9\.antigravity-ide\Books\b-Library_Hzm-20260601T230631Z-3-001\b-Library_Hzm\PRL\Asrin Getirdigi Tereddutler_3.pdf,C:\Users\default.LAPTOP-OBA1HVU9\.antigravity-ide\Books\b-Library_Hzm-20260601T230631Z-3-001\b-Library_Hzm\PRL,0.98
Beyan.pdf,PDF,Klasörde Çıkarılmış,C:\Users\default.LAPTOP-OBA1HVU9\.antigravity-ide\Books\b-Library_Hzm-20260601T230631Z-3-001\b-Library_Hzm\PRL\Beyan.pdf,C:\Users\default.LAPTOP-OBA1HVU9\.antigravity-ide\Books\b-Library_Hzm-20260601T230631Z-3-001\b-Library_Hzm\PRL,0.79
Cekirdekten-Cinara-M.-Fethullah-Gulen.pdf,PDF,Klasörde Çıkarılmış,C:\Users\default.LAPTOP-OBA1HVU9\.antigravity-ide\Books\b-Library_Hzm-20260601T230631Z-3-001\b-Library_Hzm\PRL\Cekirdekten-Cinara-M.-Fethullah-Gulen.pdf,C:\Users\default.LAPTOP-OBA1HVU9\.antigravity-ide\Books\b-Library_Hzm-20260601T230631Z-3-001\b-Library_Hzm\PRL,0.85
CN_1_Cag ve Nesil.pdf,PDF,Klasörde Çıkarılmış,C:\Users\default.LAPTOP-OBA1HVU9\.antigravity-ide\Books\b-Library_Hzm-20260601T230631Z-3-001\b-Library_Hzm\PRL\CN_1_Cag ve Nesil.pdf,C:\Users\default.LAPTOP-OBA1HVU9\.antigravity-ide\Books\b-Library_Hzm-20260601T230631Z-3-001\b-Library_Hzm\PRL,0.66
CN_2_Buhranlar Anaforunda Insan.pdf,PDF,Klasörde Çıkarılmış,C:\Users\default.LAPTOP-OBA1HVU9\.antigravity-ide\Books\b-Library_Hzm-20260601T230631Z-3-001\b-Library_Hzm\PRL\CN_2_Buhranlar Anaforunda Insan.pdf,C:\Users\default.LAPTOP-OBA1HVU9\.antigravity-ide\Books\b-Library_Hzm-20260601T230631Z-3-001\b-Library_Hzm\PRL,0.57
CN_3_Yitirilmiş Cennete Doğru.pdf,PDF,Klasörde Çıkarılmış,C:\Users\default.LAPTOP-OBA1HVU9\.antigravity-ide\Books\b-Library_Hzm-20260601T230631Z-3-001\b-Library_Hzm\PRL\CN_3_Yitirilmiş Cennete Doğru.pdf,C:\Users\default.LAPTOP-OBA1HVU9\.antigravity-ide\Books\b-Library_Hzm-20260601T230631Z-3-001\b-Library_Hzm\PRL,0.55
CN_4_Zamanin Altin Dilimi.pdf,PDF,Klasörde Çıkarılmış,C:\Users\default.LAPTOP-OBA1HVU9\.antigravity-ide\Books\b-Library_Hzm-20260601T230631Z-3-001\b-Library_Hzm\PRL\CN_4_Zamanin Altin Dilimi.pdf,C:\Users\default.LAPTOP-OBA1HVU9\.antigravity-ide\Books\b-Library_Hzm-20260601T230631Z-3-001\b-Library_Hzm\PRL,0.78
CN_5_Gunler Bahari Soluklarken.pdf,PDF,Klasörde Çıkarılmış,C:\Users\default.LAPTOP-OBA1HVU9\.antigravity-ide\Books\b-Library_Hzm-20260601T230631Z-3-001\b-Library_Hzm\PRL\CN_5_Gunler Bahari Soluklarken.pdf,C:\Users\default.LAPTOP-OBA1HVU9\.antigravity-ide\Books\b-Library_Hzm-20260601T230631Z-3-001\b-Library_Hzm\PRL,0.61
CN_6_Yeseren Dusunceler.pdf,PDF,Klasörde Çıkarılmış,C:\Users\default.LAPTOP-OBA1HVU9\.antigravity-ide\Books\b-Library_Hzm-20260601T230631Z-3-001\b-Library_Hzm\PRL\CN_6_Yeseren Dusunceler.pdf,C:\Users\default.LAPTOP-OBA1HVU9\.antigravity-ide\Books\b-Library_Hzm-20260601T230631Z-3-001\b-Library_Hzm\PRL,0.84
CN_7_Isigin Gorundugu Ufuk.pdf,PDF,Klasörde Çıkarılmış,C:\Users\default.LAPTOP-OBA1HVU9\.antigravity-ide\Books\b-Library_Hzm-20260601T230631Z-3-001\b-Library_Hzm\PRL\CN_7_Isigin Gorundugu Ufuk.pdf,C:\Users\default.LAPTOP-OBA1HVU9\.antigravity-ide\Books\b-Library_Hzm-20260601T230631Z-3-001\b-Library_Hzm\PRL,1.04
Fasıldan Fasıla-1.pdf,PDF,Klasörde Çıkarılmış,C:\Users\default.LAPTOP-OBA1HVU9\.antigravity-ide\Books\b-Library_Hzm-20260601T230631Z-3-001\b-Library_Hzm\PRL\Fasıldan Fasıla-1.pdf,C:\Users\default.LAPTOP-OBA1HVU9\.antigravity-ide\Books\b-Library_Hzm-20260601T230631Z-3-001\b-Library_Hzm\PRL,0.74
Fasıldan Fasıla-5 - Fikir Atlası.pdf,PDF,Klasörde Çıkarılmış,C:\Users\default.LAPTOP-OBA1HVU9\.antigravity-ide\Books\b-Library_Hzm-20260601T230631Z-3-001\b-Library_Hzm\PRL\Fasıldan Fasıla-5 - Fikir Atlası.pdf,C:\Users\default.LAPTOP-OBA1HVU9\.antigravity-ide\Books\b-Library_Hzm-20260601T230631Z-3-001\b-Library_Hzm\PRL,0.75
Gaybın Son Habercisi.pdf,PDF,Klasörde Çıkarılmış,C:\Users\default.LAPTOP-OBA1HVU9\.antigravity-ide\Books\b-Library_Hzm-20260601T230631Z-3-001\b-Library_Hzm\PRL\Gaybın Son Habercisi.pdf,C:\Users\default.LAPTOP-OBA1HVU9\.antigravity-ide\Books\b-Library_Hzm-20260601T230631Z-3-001\b-Library_Hzm\PRL,0.64
Hüzmeler ve İktibaslar.pdf,PDF,Klasörde Çıkarılmış,C:\Users\default.LAPTOP-OBA1HVU9\.antigravity-ide\Books\b-Library_Hzm-20260601T230631Z-3-001\b-Library_Hzm\PRL\Hüzmeler ve İktibaslar.pdf,C:\Users\default.LAPTOP-OBA1HVU9\.antigravity-ide\Books\b-Library_Hzm-20260601T230631Z-3-001\b-Library_Hzm\PRL,0.4
Kalbin Solukları.pdf,PDF,Klasörde Çıkarılmış,C:\Users\default.LAPTOP-OBA1HVU9\.antigravity-ide\Books\b-Library_Hzm-20260601T230631Z-3-001\b-Library_Hzm\PRL\Kalbin Solukları.pdf,C:\Users\default.LAPTOP-OBA1HVU9\.antigravity-ide\Books\b-Library_Hzm-20260601T230631Z-3-001\b-Library_Hzm\PRL,2.18
KT-1-Kırık Testi.pdf,PDF,Klasörde Çıkarılmış,C:\Users\default.LAPTOP-OBA1HVU9\.antigravity-ide\Books\b-Library_Hzm-20260601T230631Z-3-001\b-Library_Hzm\PRL\KT-1-Kırık Testi.pdf,C:\Users\default.LAPTOP-OBA1HVU9\.antigravity-ide\Books\b-Library_Hzm-20260601T230631Z-3-001\b-Library_Hzm\PRL,1.06
KT-14-Buhranlı Günler ve Ümit Atlası.pdf,PDF,Klasörde Çıkarılmış,C:\Users\default.LAPTOP-OBA1HVU9\.antigravity-ide\Books\b-Library_Hzm-20260601T230631Z-3-001\b-Library_Hzm\PRL\KT-14-Buhranlı Günler ve Ümit Atlası.pdf,C:\Users\default.LAPTOP-OBA1HVU9\.antigravity-ide\Books\b-Library_Hzm-20260601T230631Z-3-001\b-Library_Hzm\PRL,1.21
KT-17-İstikamet Çizgisi.pdf,PDF,Klasörde Çıkarılmış,C:\Users\default.LAPTOP-OBA1HVU9\.antigravity-ide\Books\b-Library_Hzm-20260601T230631Z-3-001\b-Library_Hzm\PRL\KT-17-İstikamet Çizgisi.pdf,C:\Users\default.LAPTOP-OBA1HVU9\.antigravity-ide\Books\b-Library_Hzm-20260601T230631Z-3-001\b-Library_Hzm\PRL,2.85
KT-18-İmtihanlar Kuşağı.pdf,PDF,Klasörde Çıkarılmış,C:\Users\default.LAPTOP-OBA1HVU9\.antigravity-ide\Books\b-Library_Hzm-20260601T230631Z-3-001\b-Library_Hzm\PRL\KT-18-İmtihanlar Kuşağı.pdf,C:\Users\default.LAPTOP-OBA1HVU9\.antigravity-ide\Books\b-Library_Hzm-20260601T230631Z-3-001\b-Library_Hzm\PRL,2.84
KT-2-Sohbeti Canan.pdf,PDF,Klasörde Çıkarılmış,C:\Users\default.LAPTOP-OBA1HVU9\.antigravity-ide\Books\b-Library_Hzm-20260601T230631Z-3-001\b-Library_Hzm\PRL\KT-2-Sohbeti Canan.pdf,C:\Users\default.LAPTOP-OBA1HVU9\.antigravity-ide\Books\b-Library_Hzm-20260601T230631Z-3-001\b-Library_Hzm\PRL,0.83
KT-4-Ümit Burcu.pdf,PDF,Klasörde Çıkarılmış,C:\Users\default.LAPTOP-OBA1HVU9\.antigravity-ide\Books\b-Library_Hzm-20260601T230631Z-3-001\b-Library_Hzm\PRL\KT-4-Ümit Burcu.pdf,C:\Users\default.LAPTOP-OBA1HVU9\.antigravity-ide\Books\b-Library_Hzm-20260601T230631Z-3-001\b-Library_Hzm\PRL,1.45
Kuranin-Altin-Ikliminde-M.-Fethullah-Gulen.pdf,PDF,Klasörde Çıkarılmış,C:\Users\default.LAPTOP-OBA1HVU9\.antigravity-ide\Books\b-Library_Hzm-20260601T230631Z-3-001\b-Library_Hzm\PRL\Kuranin-Altin-Ikliminde-M.-Fethullah-Gulen.pdf,C:\Users\default.LAPTOP-OBA1HVU9\.antigravity-ide\Books\b-Library_Hzm-20260601T230631Z-3-001\b-Library_Hzm\PRL,2.13
Olcu-veya-Yoldaki-Isiklar-M.-Fethullah-Gulen.pdf,PDF,Klasörde Çıkarılmış,C:\Users\default.LAPTOP-OBA1HVU9\.antigravity-ide\Books\b-Library_Hzm-20260601T230631Z-3-001\b-Library_Hzm\PRL\Olcu-veya-Yoldaki-Isiklar-M.-Fethullah-Gulen.pdf,C:\Users\default.LAPTOP-OBA1HVU9\.antigravity-ide\Books\b-Library_Hzm-20260601T230631Z-3-001\b-Library_Hzm\PRL,0.7
Olum-ve-Otesi-Hayat-M.-Fethullah-Gulen.pdf,PDF,Klasörde Çıkarılmış,C:\Users\default.LAPTOP-OBA1HVU9\.antigravity-ide\Books\b-Library_Hzm-20260601T230631Z-3-001\b-Library_Hzm\PRL\Olum-ve-Otesi-Hayat-M.-Fethullah-Gulen.pdf,C:\Users\default.LAPTOP-OBA1HVU9\.antigravity-ide\Books\b-Library_Hzm-20260601T230631Z-3-001\b-Library_Hzm\PRL,0.54
Oruç-Gufranla Tüllenen İbadet.pdf,PDF,Klasörde Çıkarılmış,C:\Users\default.LAPTOP-OBA1HVU9\.antigravity-ide\Books\b-Library_Hzm-20260601T230631Z-3-001\b-Library_Hzm\PRL\Oruç-Gufranla Tüllenen İbadet.pdf,C:\Users\default.LAPTOP-OBA1HVU9\.antigravity-ide\Books\b-Library_Hzm-20260601T230631Z-3-001\b-Library_Hzm\PRL,1.13
SA-2_Bahar Neşidesi.pdf,PDF,Klasörde Çıkarılmış,C:\Users\default.LAPTOP-OBA1HVU9\.antigravity-ide\Books\b-Library_Hzm-20260601T230631Z-3-001\b-Library_Hzm\PRL\SA-2_Bahar Neşidesi.pdf,C:\Users\default.LAPTOP-OBA1HVU9\.antigravity-ide\Books\b-Library_Hzm-20260601T230631Z-3-001\b-Library_Hzm\PRL,1.19
Sonsuz-Nur-1-M.-Fethullah-Gulen.pdf,PDF,Klasörde Çıkarılmış,C:\Users\default.LAPTOP-OBA1HVU9\.antigravity-ide\Books\b-Library_Hzm-20260601T230631Z-3-001\b-Library_Hzm\PRL\Sonsuz-Nur-1-M.-Fethullah-Gulen.pdf,C:\Users\default.LAPTOP-OBA1HVU9\.antigravity-ide\Books\b-Library_Hzm-20260601T230631Z-3-001\b-Library_Hzm\PRL,2.89
An-Analysis-of-the-Prophet-s-Life-The-Messenger-Of-God-Muhammad-Fethullah-Gulen.pdf,PDF,Klasörde Çıkarılmış,C:\Users\default.LAPTOP-OBA1HVU9\.antigravity-ide\Books\b-Library_Hzm-20260601T230631Z-3-001\b-Library_Hzm\PRL-English\An-Analysis-of-the-Prophet-s-Life-The-Messenger-Of-God-Muhammad-Fethullah-Gulen.pdf,C:\Users\default.LAPTOP-OBA1HVU9\.antigravity-ide\Books\b-Library_Hzm-20260601T230631Z-3-001\b-Library_Hzm\PRL-English,1.14
Questions-and-Answers-About-Islam-Vol-1-M-Fethullah-Gulen.pdf,PDF,Klasörde Çıkarılmış,C:\Users\default.LAPTOP-OBA1HVU9\.antigravity-ide\Books\b-Library_Hzm-20260601T230631Z-3-001\b-Library_Hzm\PRL-English\Questions-and-Answers-About-Islam-Vol-1-M-Fethullah-Gulen.pdf,C:\Users\default.LAPTOP-OBA1HVU9\.antigravity-ide\Books\b-Library_Hzm-20260601T230631Z-3-001\b-Library_Hzm\PRL-English,0.89
Questions-and-Answers-About-Islam-Vol-2-M-Fethullah-Gulen.pdf,PDF,Klasörde Çıkarılmış,C:\Users\default.LAPTOP-OBA1HVU9\.antigravity-ide\Books\b-Library_Hzm-20260601T230631Z-3-001\b-Library_Hzm\PRL-English\Questions-and-Answers-About-Islam-Vol-2-M-Fethullah-Gulen.pdf,C:\Users\default.LAPTOP-OBA1HVU9\.antigravity-ide\Books\b-Library_Hzm-20260601T230631Z-3-001\b-Library_Hzm\PRL-English,0.52
The-Essentials-of-the-Islamic-Faith-Fethullah-Gulen.pdf,PDF,Klasörde Çıkarılmış,C:\Users\default.LAPTOP-OBA1HVU9\.antigravity-ide\Books\b-Library_Hzm-20260601T230631Z-3-001\b-Library_Hzm\PRL-English\The-Essentials-of-the-Islamic-Faith-Fethullah-Gulen.pdf,C:\Users\default.LAPTOP-OBA1HVU9\.antigravity-ide\Books\b-Library_Hzm-20260601T230631Z-3-001\b-Library_Hzm\PRL-English,0.7
The-Messenger-of-God-Muhammad-An-Analysis-of-the-Prophet-s-Life.pdf,PDF,Klasörde Çıkarılmış,C:\Users\default.LAPTOP-OBA1HVU9\.antigravity-ide\Books\b-Library_Hzm-20260601T230631Z-3-001\b-Library_Hzm\PRL-English\The-Messenger-of-God-Muhammad-An-Analysis-of-the-Prophet-s-Life.pdf,C:\Users\default.LAPTOP-OBA1HVU9\.antigravity-ide\Books\b-Library_Hzm-20260601T230631Z-3-001\b-Library_Hzm\PRL-English,2.19
sayit-kocer-efendimizin-sav-ramazani-isikyayinlari.pdf,PDF,Klasörde Çıkarılmış,C:\Users\default.LAPTOP-OBA1HVU9\.antigravity-ide\Books\b-Library_Hzm-20260601T230631Z-3-001\b-Library_Hzm\Ramazan-Oruç-Üç aylar\sayit-kocer-efendimizin-sav-ramazani-isikyayinlari.pdf,C:\Users\default.LAPTOP-OBA1HVU9\.antigravity-ide\Books\b-Library_Hzm-20260601T230631Z-3-001\b-Library_Hzm\Ramazan-Oruç-Üç aylar,0.88
Nurlardan-secmeler-1-Sözler_den.pdf,PDF,Klasörde Çıkarılmış,C:\Users\default.LAPTOP-OBA1HVU9\.antigravity-ide\Books\b-Library_Hzm-20260601T230631Z-3-001\b-Library_Hzm\RN-Külliyat-Hzm\RN-Seçmeler\Nurlardan-secmeler-1-Sözler_den.pdf,C:\Users\default.LAPTOP-OBA1HVU9\.antigravity-ide\Books\b-Library_Hzm-20260601T230631Z-3-001\b-Library_Hzm\RN-Külliyat-Hzm\RN-Seçmeler,0.88
Nurlardan-secmeler-2-Sözler_den.pdf,PDF,Klasörde Çıkarılmış,C:\Users\default.LAPTOP-OBA1HVU9\.antigravity-ide\Books\b-Library_Hzm-20260601T230631Z-3-001\b-Library_Hzm\RN-Külliyat-Hzm\RN-Seçmeler\Nurlardan-secmeler-2-Sözler_den.pdf,C:\Users\default.LAPTOP-OBA1HVU9\.antigravity-ide\Books\b-Library_Hzm-20260601T230631Z-3-001\b-Library_Hzm\RN-Külliyat-Hzm\RN-Seçmeler,1.05
Asere-i-Mubessere-IsikYayinlari-Ahmet-Kurucan-Zuhtu-Mercan.pdf,PDF,Klasörde Çıkarılmış,C:\Users\default.LAPTOP-OBA1HVU9\.antigravity-ide\Books\b-Library_Hzm-20260601T230631Z-3-001\b-Library_Hzm\Sahabe-Hzm\Asere-i-Mubessere-IsikYayinlari-Ahmet-Kurucan-Zuhtu-Mercan.pdf,C:\Users\default.LAPTOP-OBA1HVU9\.antigravity-ide\Books\b-Library_Hzm-20260601T230631Z-3-001\b-Library_Hzm\Sahabe-Hzm,0.91
Hayatus Sahabe - Muhtasar 2.pdf,PDF,Klasörde Çıkarılmış,C:\Users\default.LAPTOP-OBA1HVU9\.antigravity-ide\Books\b-Library_Hzm-20260601T230631Z-3-001\b-Library_Hzm\Sahabe-Hzm\Hayatus Sahabe - Muhtasar 2.pdf,C:\Users\default.LAPTOP-OBA1HVU9\.antigravity-ide\Books\b-Library_Hzm-20260601T230631Z-3-001\b-Library_Hzm\Sahabe-Hzm,2.07
Hayatus-Sahabe-Muhtasar-Cilt-1-M-Yusuf-Kandehlevi.pdf,PDF,Klasörde Çıkarılmış,C:\Users\default.LAPTOP-OBA1HVU9\.antigravity-ide\Books\b-Library_Hzm-20260601T230631Z-3-001\b-Library_Hzm\Sahabe-Hzm\Hayatus-Sahabe-Muhtasar-Cilt-1-M-Yusuf-Kandehlevi.pdf,C:\Users\default.LAPTOP-OBA1HVU9\.antigravity-ide\Books\b-Library_Hzm-20260601T230631Z-3-001\b-Library_Hzm\Sahabe-Hzm,1.75
Hazreti Ebu Bekir.pdf,PDF,Klasörde Çıkarılmış,C:\Users\default.LAPTOP-OBA1HVU9\.antigravity-ide\Books\b-Library_Hzm-20260601T230631Z-3-001\b-Library_Hzm\Sahabe-Hzm\Hazreti Ebu Bekir.pdf,C:\Users\default.LAPTOP-OBA1HVU9\.antigravity-ide\Books\b-Library_Hzm-20260601T230631Z-3-001\b-Library_Hzm\Sahabe-Hzm,5.3
Hz. Ali.pdf,PDF,Klasörde Çıkarılmış,C:\Users\default.LAPTOP-OBA1HVU9\.antigravity-ide\Books\b-Library_Hzm-20260601T230631Z-3-001\b-Library_Hzm\Sahabe-Hzm\Hz. Ali.pdf,C:\Users\default.LAPTOP-OBA1HVU9\.antigravity-ide\Books\b-Library_Hzm-20260601T230631Z-3-001\b-Library_Hzm\Sahabe-Hzm,4.12
Sultan-of-Hearts-Prophet-Muhammad-Haylamaz-Resit.pdf,PDF,Klasörde Çıkarılmış,C:\Users\default.LAPTOP-OBA1HVU9\.antigravity-ide\Books\b-Library_Hzm-20260601T230631Z-3-001\b-Library_Hzm\Sahabe-Hzm\Sultan-of-Hearts-Prophet-Muhammad-Haylamaz-Resit.pdf,C:\Users\default.LAPTOP-OBA1HVU9\.antigravity-ide\Books\b-Library_Hzm-20260601T230631Z-3-001\b-Library_Hzm\Sahabe-Hzm,57.18
Hz Aisha-the-wife-the-companion-the-scholar-Reşit Haylamaz.pdf,PDF,Klasörde Çıkarılmış,C:\Users\default.LAPTOP-OBA1HVU9\.antigravity-ide\Books\b-Library_Hzm-20260601T230631Z-3-001\b-Library_Hzm\Sahabe-Hzm-English\Hz Aisha-the-wife-the-companion-the-scholar-Reşit Haylamaz.pdf,C:\Users\default.LAPTOP-OBA1HVU9\.antigravity-ide\Books\b-Library_Hzm-20260601T230631Z-3-001\b-Library_Hzm\Sahabe-Hzm-English,1.4
Suat Yildirim-Oryantalistlerin Yanilgilari - UfukYayinlari.pdf,PDF,Klasörde Çıkarılmış,C:\Users\default.LAPTOP-OBA1HVU9\.antigravity-ide\Books\b-Library_Hzm-20260601T230631Z-3-001\b-Library_Hzm\Suat Yıldırım\Suat Yildirim-Oryantalistlerin Yanilgilari - UfukYayinlari.pdf,C:\Users\default.LAPTOP-OBA1HVU9\.antigravity-ide\Books\b-Library_Hzm-20260601T230631Z-3-001\b-Library_Hzm\Suat Yıldırım,1.4
M. Asım Köksal - Peygamberler Tarihi .pdf,PDF,Klasörde Çıkarılmış,C:\Users\default.LAPTOP-OBA1HVU9\.antigravity-ide\Books\b-Library_Hzm-20260601T230631Z-3-001\b-Library_Hzm\Tarih-Hzm\M. Asım Köksal - Peygamberler Tarihi .pdf,C:\Users\default.LAPTOP-OBA1HVU9\.antigravity-ide\Books\b-Library_Hzm-20260601T230631Z-3-001\b-Library_Hzm\Tarih-Hzm,7.9
Yavuz-Sultan-Selim-Feridun-M-Emecan.pdf,PDF,Klasörde Çıkarılmış,C:\Users\default.LAPTOP-OBA1HVU9\.antigravity-ide\Books\b-Library_Hzm-20260601T230631Z-3-001\b-Library_Hzm\Tarih-Hzm\Yavuz-Sultan-Selim-Feridun-M-Emecan.pdf,C:\Users\default.LAPTOP-OBA1HVU9\.antigravity-ide\Books\b-Library_Hzm-20260601T230631Z-3-001\b-Library_Hzm\Tarih-Hzm,10.21
İslam Tarihi_1.pdf,PDF,Klasörde Çıkarılmış,C:\Users\default.LAPTOP-OBA1HVU9\.antigravity-ide\Books\b-Library_Hzm-20260601T230631Z-3-001\b-Library_Hzm\Tarih-Hzm\İslam Tarihi_1.pdf,C:\Users\default.LAPTOP-OBA1HVU9\.antigravity-ide\Books\b-Library_Hzm-20260601T230631Z-3-001\b-Library_Hzm\Tarih-Hzm,3.53
İslam Tarihi_2.pdf,PDF,Klasörde Çıkarılmış,C:\Users\default.LAPTOP-OBA1HVU9\.antigravity-ide\Books\b-Library_Hzm-20260601T230631Z-3-001\b-Library_Hzm\Tarih-Hzm\İslam Tarihi_2.pdf,C:\Users\default.LAPTOP-OBA1HVU9\.antigravity-ide\Books\b-Library_Hzm-20260601T230631Z-3-001\b-Library_Hzm\Tarih-Hzm,4.56
İslam Tarihi_3.pdf,PDF,Klasörde Çıkarılmış,C:\Users\default.LAPTOP-OBA1HVU9\.antigravity-ide\Books\b-Library_Hzm-20260601T230631Z-3-001\b-Library_Hzm\Tarih-Hzm\İslam Tarihi_3.pdf,C:\Users\default.LAPTOP-OBA1HVU9\.antigravity-ide\Books\b-Library_Hzm-20260601T230631Z-3-001\b-Library_Hzm\Tarih-Hzm,3.83
İslam Tarihi_4.pdf,PDF,Klasörde Çıkarılmış,C:\Users\default.LAPTOP-OBA1HVU9\.antigravity-ide\Books\b-Library_Hzm-20260601T230631Z-3-001\b-Library_Hzm\Tarih-Hzm\İslam Tarihi_4.pdf,C:\Users\default.LAPTOP-OBA1HVU9\.antigravity-ide\Books\b-Library_Hzm-20260601T230631Z-3-001\b-Library_Hzm\Tarih-Hzm,3.97
Asli-Kaplan-Kozmik-Perde-AltinBurcYayinlari-pdf.pdf,PDF,Klasörde Çıkarılmış,C:\Users\default.LAPTOP-OBA1HVU9\.antigravity-ide\Books\b-Library_Hzm-20260601T230631Z-3-001\b-Library_Hzm\Tefekkür-Bilim-Hzm\Asli-Kaplan-Kozmik-Perde-AltinBurcYayinlari-pdf.pdf,C:\Users\default.LAPTOP-OBA1HVU9\.antigravity-ide\Books\b-Library_Hzm-20260601T230631Z-3-001\b-Library_Hzm\Tefekkür-Bilim-Hzm,8.28
Kainattaki Gizli Imza - Altin Oran - AltinBurcYayinlari (Yilmaz Sadikli) (z-lib.org).pdf,PDF,Klasörde Çıkarılmış,C:\Users\default.LAPTOP-OBA1HVU9\.antigravity-ide\Books\b-Library_Hzm-20260601T230631Z-3-001\b-Library_Hzm\Tefekkür-Bilim-Hzm\Kainattaki Gizli Imza - Altin Oran - AltinBurcYayinlari (Yilmaz Sadikli) (z-lib.org).pdf,C:\Users\default.LAPTOP-OBA1HVU9\.antigravity-ide\Books\b-Library_Hzm-20260601T230631Z-3-001\b-Library_Hzm\Tefekkür-Bilim-Hzm,13.76
Zekamatik-AltinBurcYayinlari.pdf,PDF,Klasörde Çıkarılmış,C:\Users\default.LAPTOP-OBA1HVU9\.antigravity-ide\Books\b-Library_Hzm-20260601T230631Z-3-001\b-Library_Hzm\Tefekkür-Bilim-Hzm\Zekamatik-AltinBurcYayinlari.pdf,C:\Users\default.LAPTOP-OBA1HVU9\.antigravity-ide\Books\b-Library_Hzm-20260601T230631Z-3-001\b-Library_Hzm\Tefekkür-Bilim-Hzm,3.66
Elmalili - Hak Dini Kuran Dili-01.pdf,PDF,Klasörde Çıkarılmış,C:\Users\default.LAPTOP-OBA1HVU9\.antigravity-ide\Books\b-Library_Hzm-20260601T230631Z-3-001\b-Library_Hzm\Tefsir-Elmalılı Tefsiri-ZAMAN.pdf\Elmalili - Hak Dini Kuran Dili-01.pdf,C:\Users\default.LAPTOP-OBA1HVU9\.antigravity-ide\Books\b-Library_Hzm-20260601T230631Z-3-001\b-Library_Hzm\Tefsir-Elmalılı Tefsiri-ZAMAN.pdf,36.04
Elmalili - Hak Dini Kuran Dili-05.pdf,PDF,Klasörde Çıkarılmış,C:\Users\default.LAPTOP-OBA1HVU9\.antigravity-ide\Books\b-Library_Hzm-20260601T230631Z-3-001\b-Library_Hzm\Tefsir-Elmalılı Tefsiri-ZAMAN.pdf\Elmalili - Hak Dini Kuran Dili-05.pdf,C:\Users\default.LAPTOP-OBA1HVU9\.antigravity-ide\Books\b-Library_Hzm-20260601T230631Z-3-001\b-Library_Hzm\Tefsir-Elmalılı Tefsiri-ZAMAN.pdf,30.95
Elmalili - Hak Dini Kuran Dili-06.pdf,PDF,Klasörde Çıkarılmış,C:\Users\default.LAPTOP-OBA1HVU9\.antigravity-ide\Books\b-Library_Hzm-20260601T230631Z-3-001\b-Library_Hzm\Tefsir-Elmalılı Tefsiri-ZAMAN.pdf\Elmalili - Hak Dini Kuran Dili-06.pdf,C:\Users\default.LAPTOP-OBA1HVU9\.antigravity-ide\Books\b-Library_Hzm-20260601T230631Z-3-001\b-Library_Hzm\Tefsir-Elmalılı Tefsiri-ZAMAN.pdf,32.11
Elmalili - Hak Dini Kuran Dili-10.pdf,PDF,Klasörde Çıkarılmış,C:\Users\default.LAPTOP-OBA1HVU9\.antigravity-ide\Books\b-Library_Hzm-20260601T230631Z-3-001\b-Library_Hzm\Tefsir-Elmalılı Tefsiri-ZAMAN.pdf\Elmalili - Hak Dini Kuran Dili-10.pdf,C:\Users\default.LAPTOP-OBA1HVU9\.antigravity-ide\Books\b-Library_Hzm-20260601T230631Z-3-001\b-Library_Hzm\Tefsir-Elmalılı Tefsiri-ZAMAN.pdf,20.93
Hak Dini Kuran Dili Tefsiri Bütün Ciltler.pdf,PDF,Klasörde Çıkarılmış,C:\Users\default.LAPTOP-OBA1HVU9\.antigravity-ide\Books\b-Library_Hzm-20260601T230631Z-3-001\b-Library_Hzm\Tefsir-Elmalılı Tefsiri-ZAMAN.pdf\Hak Dini Kuran Dili Tefsiri Bütün Ciltler.pdf,C:\Users\default.LAPTOP-OBA1HVU9\.antigravity-ide\Books\b-Library_Hzm-20260601T230631Z-3-001\b-Library_Hzm\Tefsir-Elmalılı Tefsiri-ZAMAN.pdf,115.03
Turkce-Calisma-Kitabi-11-Harmony.pdf,PDF,Klasörde Çıkarılmış,C:\Users\default.LAPTOP-OBA1HVU9\.antigravity-ide\Books\b-Library_Hzm-20260601T230631Z-3-001\b-Library_Hzm\Turkce\Turkce-Calisma-Kitabi-11-Harmony.pdf,C:\Users\default.LAPTOP-OBA1HVU9\.antigravity-ide\Books\b-Library_Hzm-20260601T230631Z-3-001\b-Library_Hzm\Turkce,70.09
B Jill Carrol - Medeniyetler Diyalogu - Gulenin islami Ogretisi ve Humanist Soylem - UfukYayinlari.pdf,PDF,Klasörde Çıkarılmış,C:\Users\default.LAPTOP-OBA1HVU9\.antigravity-ide\Books\b-Library_Hzm-20260601T230631Z-3-001\b-Library_Hzm\Ufuk Yayinlari\B Jill Carrol - Medeniyetler Diyalogu - Gulenin islami Ogretisi ve Humanist Soylem - UfukYayinlari.pdf,C:\Users\default.LAPTOP-OBA1HVU9\.antigravity-ide\Books\b-Library_Hzm-20260601T230631Z-3-001\b-Library_Hzm\Ufuk Yayinlari,0.96
E Mazhar Kurt - Yaratilis Tabiatin ilahi Emirle Varolusu - UfukYayinlari.pdf,PDF,Klasörde Çıkarılmış,C:\Users\default.LAPTOP-OBA1HVU9\.antigravity-ide\Books\b-Library_Hzm-20260601T230631Z-3-001\b-Library_Hzm\Ufuk Yayinlari\E Mazhar Kurt - Yaratilis Tabiatin ilahi Emirle Varolusu - UfukYayinlari.pdf,C:\Users\default.LAPTOP-OBA1HVU9\.antigravity-ide\Books\b-Library_Hzm-20260601T230631Z-3-001\b-Library_Hzm\Ufuk Yayinlari,0.78
Erkam Tufan Aytav - Demokratiklesme Surecinde Turkiyede Oteki Olmak - UfukYayinlari.pdf,PDF,Klasörde Çıkarılmış,C:\Users\default.LAPTOP-OBA1HVU9\.antigravity-ide\Books\b-Library_Hzm-20260601T230631Z-3-001\b-Library_Hzm\Ufuk Yayinlari\Erkam Tufan Aytav - Demokratiklesme Surecinde Turkiyede Oteki Olmak - UfukYayinlari.pdf,C:\Users\default.LAPTOP-OBA1HVU9\.antigravity-ide\Books\b-Library_Hzm-20260601T230631Z-3-001\b-Library_Hzm\Ufuk Yayinlari,0.61
Hayrettin Karaman - Hakkani Mehmet Bey - Hilye - Gonullerin Susu Hanelerin Zineti - UfukYayinlari.pdf,PDF,Klasörde Çıkarılmış,C:\Users\default.LAPTOP-OBA1HVU9\.antigravity-ide\Books\b-Library_Hzm-20260601T230631Z-3-001\b-Library_Hzm\Ufuk Yayinlari\Hayrettin Karaman - Hakkani Mehmet Bey - Hilye - Gonullerin Susu Hanelerin Zineti - UfukYayinlari.pdf,C:\Users\default.LAPTOP-OBA1HVU9\.antigravity-ide\Books\b-Library_Hzm-20260601T230631Z-3-001\b-Library_Hzm\Ufuk Yayinlari,56.17
Kuresel Dunyada islam-1 -Vincent Geisser -  islamofobi - UfukYayinlari.pdf,PDF,Klasörde Çıkarılmış,C:\Users\default.LAPTOP-OBA1HVU9\.antigravity-ide\Books\b-Library_Hzm-20260601T230631Z-3-001\b-Library_Hzm\Ufuk Yayinlari\Kuresel Dunyada islam-1 -Vincent Geisser -  islamofobi - UfukYayinlari.pdf,C:\Users\default.LAPTOP-OBA1HVU9\.antigravity-ide\Books\b-Library_Hzm-20260601T230631Z-3-001\b-Library_Hzm\Ufuk Yayinlari,0.62
Kuresel Dunyada islam-2 - Ahmet Kurucan - ABD ve Din - UfukYayinlari.pdf,PDF,Klasörde Çıkarılmış,C:\Users\default.LAPTOP-OBA1HVU9\.antigravity-ide\Books\b-Library_Hzm-20260601T230631Z-3-001\b-Library_Hzm\Ufuk Yayinlari\Kuresel Dunyada islam-2 - Ahmet Kurucan - ABD ve Din - UfukYayinlari.pdf,C:\Users\default.LAPTOP-OBA1HVU9\.antigravity-ide\Books\b-Library_Hzm-20260601T230631Z-3-001\b-Library_Hzm\Ufuk Yayinlari,0.66
Mesnevi Hikayelerinden-1 - Kadir Ozkose - Ten Kafesinden Kurtulus - UfukYayinlari.pdf,PDF,Klasörde Çıkarılmış,C:\Users\default.LAPTOP-OBA1HVU9\.antigravity-ide\Books\b-Library_Hzm-20260601T230631Z-3-001\b-Library_Hzm\Ufuk Yayinlari\Mesnevi Hikayelerinden-1 - Kadir Ozkose - Ten Kafesinden Kurtulus - UfukYayinlari.pdf,C:\Users\default.LAPTOP-OBA1HVU9\.antigravity-ide\Books\b-Library_Hzm-20260601T230631Z-3-001\b-Library_Hzm\Ufuk Yayinlari,0.96
Mesnevi Hikayelerinden-2 - Kadir Ozkose - Gafletten Kurtulus - UfukYayinlari.pdf,PDF,Klasörde Çıkarılmış,C:\Users\default.LAPTOP-OBA1HVU9\.antigravity-ide\Books\b-Library_Hzm-20260601T230631Z-3-001\b-Library_Hzm\Ufuk Yayinlari\Mesnevi Hikayelerinden-2 - Kadir Ozkose - Gafletten Kurtulus - UfukYayinlari.pdf,C:\Users\default.LAPTOP-OBA1HVU9\.antigravity-ide\Books\b-Library_Hzm-20260601T230631Z-3-001\b-Library_Hzm\Ufuk Yayinlari,0.75
Rainer Hermann - Turkiyede Neler Oluyor - Anadolunu Uyanisi ve Yeni Elitler - UfukYayinlari.pdf,PDF,Klasörde Çıkarılmış,C:\Users\default.LAPTOP-OBA1HVU9\.antigravity-ide\Books\b-Library_Hzm-20260601T230631Z-3-001\b-Library_Hzm\Ufuk Yayinlari\Rainer Hermann - Turkiyede Neler Oluyor - Anadolunu Uyanisi ve Yeni Elitler - UfukYayinlari.pdf,C:\Users\default.LAPTOP-OBA1HVU9\.antigravity-ide\Books\b-Library_Hzm-20260601T230631Z-3-001\b-Library_Hzm\Ufuk Yayinlari,0.78
Abdulhakim-Yuce-Gece-ibadeti.pdf,PDF,Klasörde Çıkarılmış,C:\Users\default.LAPTOP-OBA1HVU9\.antigravity-ide\Books\b-Library_Hzm-20260601T230631Z-3-001\b-Library_Hzm\Yazarlar-Hzm\Abdulhakim-Yuce-Gece-ibadeti.pdf,C:\Users\default.LAPTOP-OBA1HVU9\.antigravity-ide\Books\b-Library_Hzm-20260601T230631Z-3-001\b-Library_Hzm\Yazarlar-Hzm,0.83
Ekrem Dumanli-Alimler-Ve-Zalimler-Ekrem-Dumanli.pdf,PDF,Klasörde Çıkarılmış,C:\Users\default.LAPTOP-OBA1HVU9\.antigravity-ide\Books\b-Library_Hzm-20260601T230631Z-3-001\b-Library_Hzm\Yazarlar-Hzm\Ekrem Dumanli-Alimler-Ve-Zalimler-Ekrem-Dumanli.pdf,C:\Users\default.LAPTOP-OBA1HVU9\.antigravity-ide\Books\b-Library_Hzm-20260601T230631Z-3-001\b-Library_Hzm\Yazarlar-Hzm,0.97
Ibrahim-Canan-Islamda-Zaman Tanzimi.pdf,PDF,Klasörde Çıkarılmış,C:\Users\default.LAPTOP-OBA1HVU9\.antigravity-ide\Books\b-Library_Hzm-20260601T230631Z-3-001\b-Library_Hzm\Yazarlar-Hzm\Ibrahim-Canan-Islamda-Zaman Tanzimi.pdf,C:\Users\default.LAPTOP-OBA1HVU9\.antigravity-ide\Books\b-Library_Hzm-20260601T230631Z-3-001\b-Library_Hzm\Yazarlar-Hzm,1.65
OS-Ibretlik-Hatiralar-M-Fethullah-Gulenin-Ruh-Dunyasina-Ayna-OS.pdf,PDF,Klasörde Çıkarılmış,C:\Users\default.LAPTOP-OBA1HVU9\.antigravity-ide\Books\b-Library_Hzm-20260601T230631Z-3-001\b-Library_Hzm\Yazarlar-Hzm\OS-Ibretlik-Hatiralar-M-Fethullah-Gulenin-Ruh-Dunyasina-Ayna-OS.pdf,C:\Users\default.LAPTOP-OBA1HVU9\.antigravity-ide\Books\b-Library_Hzm-20260601T230631Z-3-001\b-Library_Hzm\Yazarlar-Hzm,1.13
OS-Pennsylvania-Surgununde-Bir-Cocuk.pdf,PDF,Klasörde Çıkarılmış,C:\Users\default.LAPTOP-OBA1HVU9\.antigravity-ide\Books\b-Library_Hzm-20260601T230631Z-3-001\b-Library_Hzm\Yazarlar-Hzm\OS-Pennsylvania-Surgununde-Bir-Cocuk.pdf,C:\Users\default.LAPTOP-OBA1HVU9\.antigravity-ide\Books\b-Library_Hzm-20260601T230631Z-3-001\b-Library_Hzm\Yazarlar-Hzm,0.77
Vehbi Yildiz-İlham-kaynakları.pdf,PDF,Klasörde Çıkarılmış,C:\Users\default.LAPTOP-OBA1HVU9\.antigravity-ide\Books\b-Library_Hzm-20260601T230631Z-3-001\b-Library_Hzm\Yazarlar-Hzm\Vehbi Yildiz-İlham-kaynakları.pdf,C:\Users\default.LAPTOP-OBA1HVU9\.antigravity-ide\Books\b-Library_Hzm-20260601T230631Z-3-001\b-Library_Hzm\Yazarlar-Hzm,1.08
İslamda-Resim-Heykel-Musiki-Ahmet-Yakutcan-Cuma-Omur.pdf,PDF,Klasörde Çıkarılmış,C:\Users\default.LAPTOP-OBA1HVU9\.antigravity-ide\Books\b-Library_Hzm-20260601T230631Z-3-001\b-Library_Hzm\Yazarlar-Hzm\İslamda-Resim-Heykel-Musiki-Ahmet-Yakutcan-Cuma-Omur.pdf,C:\Users\default.LAPTOP-OBA1HVU9\.antigravity-ide\Books\b-Library_Hzm-20260601T230631Z-3-001\b-Library_Hzm\Yazarlar-Hzm,3.47
aglayan-kutuk-mustuy.pdf,PDF,Klasörde Çıkarılmış,C:\Users\default.LAPTOP-OBA1HVU9\.antigravity-ide\Books\b-Library_Hzm-20260601T230631Z-3-001\b-Library_Hzm\Çocuklar için-Hzm\Peygamberimizin Mucizeleri-Çocuk\aglayan-kutuk-mustuy.pdf,C:\Users\default.LAPTOP-OBA1HVU9\.antigravity-ide\Books\b-Library_Hzm-20260601T230631Z-3-001\b-Library_Hzm\Çocuklar için-Hzm\Peygamberimizin Mucizeleri-Çocuk,2.03
bereketlenen-yemek-mustuy.pdf,PDF,Klasörde Çıkarılmış,C:\Users\default.LAPTOP-OBA1HVU9\.antigravity-ide\Books\b-Library_Hzm-20260601T230631Z-3-001\b-Library_Hzm\Çocuklar için-Hzm\Peygamberimizin Mucizeleri-Çocuk\bereketlenen-yemek-mustuy.pdf,C:\Users\default.LAPTOP-OBA1HVU9\.antigravity-ide\Books\b-Library_Hzm-20260601T230631Z-3-001\b-Library_Hzm\Çocuklar için-Hzm\Peygamberimizin Mucizeleri-Çocuk,2.53
gokten-inen-su-mustuy.pdf,PDF,Klasörde Çıkarılmış,C:\Users\default.LAPTOP-OBA1HVU9\.antigravity-ide\Books\b-Library_Hzm-20260601T230631Z-3-001\b-Library_Hzm\Çocuklar için-Hzm\Peygamberimizin Mucizeleri-Çocuk\gokten-inen-su-mustuy.pdf,C:\Users\default.LAPTOP-OBA1HVU9\.antigravity-ide\Books\b-Library_Hzm-20260601T230631Z-3-001\b-Library_Hzm\Çocuklar için-Hzm\Peygamberimizin Mucizeleri-Çocuk,2.24
konusan-kurt-mustuy.pdf,PDF,Klasörde Çıkarılmış,C:\Users\default.LAPTOP-OBA1HVU9\.antigravity-ide\Books\b-Library_Hzm-20260601T230631Z-3-001\b-Library_Hzm\Çocuklar için-Hzm\Peygamberimizin Mucizeleri-Çocuk\konusan-kurt-mustuy.pdf,C:\Users\default.LAPTOP-OBA1HVU9\.antigravity-ide\Books\b-Library_Hzm-20260601T230631Z-3-001\b-Library_Hzm\Çocuklar için-Hzm\Peygamberimizin Mucizeleri-Çocuk,1.24
peygamber-efendimizin-mucizeleri-6-ruhi-demirel-isik-sacan-asa-mustuy.pdf,PDF,Klasörde Çıkarılmış,C:\Users\default.LAPTOP-OBA1HVU9\.antigravity-ide\Books\b-Library_Hzm-20260601T230631Z-3-001\b-Library_Hzm\Çocuklar için-Hzm\Peygamberimizin Mucizeleri-Çocuk\peygamber-efendimizin-mucizeleri-6-ruhi-demirel-isik-sacan-asa-mustuy.pdf,C:\Users\default.LAPTOP-OBA1HVU9\.antigravity-ide\Books\b-Library_Hzm-20260601T230631Z-3-001\b-Library_Hzm\Çocuklar için-Hzm\Peygamberimizin Mucizeleri-Çocuk,1.46
zikreden-taslar-mustuy.pdf,PDF,Klasörde Çıkarılmış,C:\Users\default.LAPTOP-OBA1HVU9\.antigravity-ide\Books\b-Library_Hzm-20260601T230631Z-3-001\b-Library_Hzm\Çocuklar için-Hzm\Peygamberimizin Mucizeleri-Çocuk\zikreden-taslar-mustuy.pdf,C:\Users\default.LAPTOP-OBA1HVU9\.antigravity-ide\Books\b-Library_Hzm-20260601T230631Z-3-001\b-Library_Hzm\Çocuklar için-Hzm\Peygamberimizin Mucizeleri-Çocuk,1.94
akrebin-sifresi-risale-hikayeleri-mustuy.pdf,PDF,Klasörde Çıkarılmış,C:\Users\default.LAPTOP-OBA1HVU9\.antigravity-ide\Books\b-Library_Hzm-20260601T230631Z-3-001\b-Library_Hzm\Çocuklar için-Hzm\Risale Hikayeleri\akrebin-sifresi-risale-hikayeleri-mustuy.pdf,C:\Users\default.LAPTOP-OBA1HVU9\.antigravity-ide\Books\b-Library_Hzm-20260601T230631Z-3-001\b-Library_Hzm\Çocuklar için-Hzm\Risale Hikayeleri,0.39
gokkusaginin-ardindaki-ulke-risale-hikayeleri-mustuy.pdf,PDF,Klasörde Çıkarılmış,C:\Users\default.LAPTOP-OBA1HVU9\.antigravity-ide\Books\b-Library_Hzm-20260601T230631Z-3-001\b-Library_Hzm\Çocuklar için-Hzm\Risale Hikayeleri\gokkusaginin-ardindaki-ulke-risale-hikayeleri-mustuy.pdf,C:\Users\default.LAPTOP-OBA1HVU9\.antigravity-ide\Books\b-Library_Hzm-20260601T230631Z-3-001\b-Library_Hzm\Çocuklar için-Hzm\Risale Hikayeleri,0.31
5-saadet-asrinda-Dogruluk-ve-sadakat-mustuy.pdf,PDF,Klasörde Çıkarılmış,C:\Users\default.LAPTOP-OBA1HVU9\.antigravity-ide\Books\b-Library_Hzm-20260601T230631Z-3-001\b-Library_Hzm\Çocuklar için-Hzm\Saadet Asrı-Çocuk\5-saadet-asrinda-Dogruluk-ve-sadakat-mustuy.pdf,C:\Users\default.LAPTOP-OBA1HVU9\.antigravity-ide\Books\b-Library_Hzm-20260601T230631Z-3-001\b-Library_Hzm\Çocuklar için-Hzm\Saadet Asrı-Çocuk,0.38
6-saadet-asrinda-İlim-ve-ibadet-mustuy.pdf,PDF,Klasörde Çıkarılmış,C:\Users\default.LAPTOP-OBA1HVU9\.antigravity-ide\Books\b-Library_Hzm-20260601T230631Z-3-001\b-Library_Hzm\Çocuklar için-Hzm\Saadet Asrı-Çocuk\6-saadet-asrinda-İlim-ve-ibadet-mustuy.pdf,C:\Users\default.LAPTOP-OBA1HVU9\.antigravity-ide\Books\b-Library_Hzm-20260601T230631Z-3-001\b-Library_Hzm\Çocuklar için-Hzm\Saadet Asrı-Çocuk,0.46
1-Saadet-Asrinda-Allah-Sevgisi-Sahabe-Hayatindan-Mustuy.pdf,PDF,Klasörde Çıkarılmış,C:\Users\default.LAPTOP-OBA1HVU9\.antigravity-ide\Books\b-Library_Hzm-20260601T230631Z-3-001\b-Library_Hzm\Çocuklar için-Hzm\Sahabe Hayatından\1-Saadet-Asrinda-Allah-Sevgisi-Sahabe-Hayatindan-Mustuy.pdf,C:\Users\default.LAPTOP-OBA1HVU9\.antigravity-ide\Books\b-Library_Hzm-20260601T230631Z-3-001\b-Library_Hzm\Çocuklar için-Hzm\Sahabe Hayatından,0.32
2-Saadet-Asrinda-Resulullah-Sevgisi-Sahabe-Hayatindan-Mustuy.pdf,PDF,Klasörde Çıkarılmış,C:\Users\default.LAPTOP-OBA1HVU9\.antigravity-ide\Books\b-Library_Hzm-20260601T230631Z-3-001\b-Library_Hzm\Çocuklar için-Hzm\Sahabe Hayatından\2-Saadet-Asrinda-Resulullah-Sevgisi-Sahabe-Hayatindan-Mustuy.pdf,C:\Users\default.LAPTOP-OBA1HVU9\.antigravity-ide\Books\b-Library_Hzm-20260601T230631Z-3-001\b-Library_Hzm\Çocuklar için-Hzm\Sahabe Hayatından,0.33
4-Saadet-Asrinda-Fedakarlik-Ve-Sabir-Sahabe-Hayatindan-Mustuy.pdf,PDF,Klasörde Çıkarılmış,C:\Users\default.LAPTOP-OBA1HVU9\.antigravity-ide\Books\b-Library_Hzm-20260601T230631Z-3-001\b-Library_Hzm\Çocuklar için-Hzm\Sahabe Hayatından\4-Saadet-Asrinda-Fedakarlik-Ve-Sabir-Sahabe-Hayatindan-Mustuy.pdf,C:\Users\default.LAPTOP-OBA1HVU9\.antigravity-ide\Books\b-Library_Hzm-20260601T230631Z-3-001\b-Library_Hzm\Çocuklar için-Hzm\Sahabe Hayatından,0.41
5-Saadet-Asrinda-Dogruluk-Ve-Sadakat-Sahabe-Hayatindan-Mustuy.pdf,PDF,Klasörde Çıkarılmış,C:\Users\default.LAPTOP-OBA1HVU9\.antigravity-ide\Books\b-Library_Hzm-20260601T230631Z-3-001\b-Library_Hzm\Çocuklar için-Hzm\Sahabe Hayatından\5-Saadet-Asrinda-Dogruluk-Ve-Sadakat-Sahabe-Hayatindan-Mustuy.pdf,C:\Users\default.LAPTOP-OBA1HVU9\.antigravity-ide\Books\b-Library_Hzm-20260601T230631Z-3-001\b-Library_Hzm\Çocuklar için-Hzm\Sahabe Hayatından,0.38
6-Saadet-Asrinda-Ilim-Ve-Ibadet-Sahabe-Hayatindan-Mustuy.pdf,PDF,Klasörde Çıkarılmış,C:\Users\default.LAPTOP-OBA1HVU9\.antigravity-ide\Books\b-Library_Hzm-20260601T230631Z-3-001\b-Library_Hzm\Çocuklar için-Hzm\Sahabe Hayatından\6-Saadet-Asrinda-Ilim-Ve-Ibadet-Sahabe-Hayatindan-Mustuy.pdf,C:\Users\default.LAPTOP-OBA1HVU9\.antigravity-ide\Books\b-Library_Hzm-20260601T230631Z-3-001\b-Library_Hzm\Çocuklar için-Hzm\Sahabe Hayatından,0.46
01-hazreti-ebu-bekir-mustuy.pdf,PDF,Klasörde Çıkarılmış,C:\Users\default.LAPTOP-OBA1HVU9\.antigravity-ide\Books\b-Library_Hzm-20260601T230631Z-3-001\b-Library_Hzm\Çocuklar için-Hzm\Sahabeler-Çocuk\01-hazreti-ebu-bekir-mustuy.pdf,C:\Users\default.LAPTOP-OBA1HVU9\.antigravity-ide\Books\b-Library_Hzm-20260601T230631Z-3-001\b-Library_Hzm\Çocuklar için-Hzm\Sahabeler-Çocuk,1.28
02-hazreti-omer-mustuy.pdf,PDF,Klasörde Çıkarılmış,C:\Users\default.LAPTOP-OBA1HVU9\.antigravity-ide\Books\b-Library_Hzm-20260601T230631Z-3-001\b-Library_Hzm\Çocuklar için-Hzm\Sahabeler-Çocuk\02-hazreti-omer-mustuy.pdf,C:\Users\default.LAPTOP-OBA1HVU9\.antigravity-ide\Books\b-Library_Hzm-20260601T230631Z-3-001\b-Library_Hzm\Çocuklar için-Hzm\Sahabeler-Çocuk,1.08
03-hazreti-osman-mustuy.pdf,PDF,Klasörde Çıkarılmış,C:\Users\default.LAPTOP-OBA1HVU9\.antigravity-ide\Books\b-Library_Hzm-20260601T230631Z-3-001\b-Library_Hzm\Çocuklar için-Hzm\Sahabeler-Çocuk\03-hazreti-osman-mustuy.pdf,C:\Users\default.LAPTOP-OBA1HVU9\.antigravity-ide\Books\b-Library_Hzm-20260601T230631Z-3-001\b-Library_Hzm\Çocuklar için-Hzm\Sahabeler-Çocuk,1.41
04-hazreti-ali-mustuy.pdf,PDF,Klasörde Çıkarılmış,C:\Users\default.LAPTOP-OBA1HVU9\.antigravity-ide\Books\b-Library_Hzm-20260601T230631Z-3-001\b-Library_Hzm\Çocuklar için-Hzm\Sahabeler-Çocuk\04-hazreti-ali-mustuy.pdf,C:\Users\default.LAPTOP-OBA1HVU9\.antigravity-ide\Books\b-Library_Hzm-20260601T230631Z-3-001\b-Library_Hzm\Çocuklar için-Hzm\Sahabeler-Çocuk,0.93
05-hazreti-ebu-zer-mustuy.pdf,PDF,Klasörde Çıkarılmış,C:\Users\default.LAPTOP-OBA1HVU9\.antigravity-ide\Books\b-Library_Hzm-20260601T230631Z-3-001\b-Library_Hzm\Çocuklar için-Hzm\Sahabeler-Çocuk\05-hazreti-ebu-zer-mustuy.pdf,C:\Users\default.LAPTOP-OBA1HVU9\.antigravity-ide\Books\b-Library_Hzm-20260601T230631Z-3-001\b-Library_Hzm\Çocuklar için-Hzm\Sahabeler-Çocuk,1.08
06-musab-ibn-i-umeyr-mustuy.pdf,PDF,Klasörde Çıkarılmış,C:\Users\default.LAPTOP-OBA1HVU9\.antigravity-ide\Books\b-Library_Hzm-20260601T230631Z-3-001\b-Library_Hzm\Çocuklar için-Hzm\Sahabeler-Çocuk\06-musab-ibn-i-umeyr-mustuy.pdf,C:\Users\default.LAPTOP-OBA1HVU9\.antigravity-ide\Books\b-Library_Hzm-20260601T230631Z-3-001\b-Library_Hzm\Çocuklar için-Hzm\Sahabeler-Çocuk,1.05
07-hazreti-hasan-ve-hazreti-huseyin-mustuy.pdf,PDF,Klasörde Çıkarılmış,C:\Users\default.LAPTOP-OBA1HVU9\.antigravity-ide\Books\b-Library_Hzm-20260601T230631Z-3-001\b-Library_Hzm\Çocuklar için-Hzm\Sahabeler-Çocuk\07-hazreti-hasan-ve-hazreti-huseyin-mustuy.pdf,C:\Users\default.LAPTOP-OBA1HVU9\.antigravity-ide\Books\b-Library_Hzm-20260601T230631Z-3-001\b-Library_Hzm\Çocuklar için-Hzm\Sahabeler-Çocuk,6.56
08-bedrin-aslani-hazreti-hamza-mustuy.pdf,PDF,Klasörde Çıkarılmış,C:\Users\default.LAPTOP-OBA1HVU9\.antigravity-ide\Books\b-Library_Hzm-20260601T230631Z-3-001\b-Library_Hzm\Çocuklar için-Hzm\Sahabeler-Çocuk\08-bedrin-aslani-hazreti-hamza-mustuy.pdf,C:\Users\default.LAPTOP-OBA1HVU9\.antigravity-ide\Books\b-Library_Hzm-20260601T230631Z-3-001\b-Library_Hzm\Çocuklar için-Hzm\Sahabeler-Çocuk,9.68
09-dahi-komutan-hazreti-halid-bin-velid-mustuy.pdf,PDF,Klasörde Çıkarılmış,C:\Users\default.LAPTOP-OBA1HVU9\.antigravity-ide\Books\b-Library_Hzm-20260601T230631Z-3-001\b-Library_Hzm\Çocuklar için-Hzm\Sahabeler-Çocuk\09-dahi-komutan-hazreti-halid-bin-velid-mustuy.pdf,C:\Users\default.LAPTOP-OBA1HVU9\.antigravity-ide\Books\b-Library_Hzm-20260601T230631Z-3-001\b-Library_Hzm\Çocuklar için-Hzm\Sahabeler-Çocuk,8.21
10-Hz-Ebu-Eyyub-el-Ensari-mustuy.pdf,PDF,Klasörde Çıkarılmış,C:\Users\default.LAPTOP-OBA1HVU9\.antigravity-ide\Books\b-Library_Hzm-20260601T230631Z-3-001\b-Library_Hzm\Çocuklar için-Hzm\Sahabeler-Çocuk\10-Hz-Ebu-Eyyub-el-Ensari-mustuy.pdf,C:\Users\default.LAPTOP-OBA1HVU9\.antigravity-ide\Books\b-Library_Hzm-20260601T230631Z-3-001\b-Library_Hzm\Çocuklar için-Hzm\Sahabeler-Çocuk,0.91
1-yetim-yavru-mustuy.pdf,PDF,Klasörde Çıkarılmış,C:\Users\default.LAPTOP-OBA1HVU9\.antigravity-ide\Books\b-Library_Hzm-20260601T230631Z-3-001\b-Library_Hzm\Çocuklar için-Hzm\Sahabelerin Örnek Hayatı-Çocuk\1-yetim-yavru-mustuy.pdf,C:\Users\default.LAPTOP-OBA1HVU9\.antigravity-ide\Books\b-Library_Hzm-20260601T230631Z-3-001\b-Library_Hzm\Çocuklar için-Hzm\Sahabelerin Örnek Hayatı-Çocuk,2.49
2-emanet-elbise-mustuy.pdf,PDF,Klasörde Çıkarılmış,C:\Users\default.LAPTOP-OBA1HVU9\.antigravity-ide\Books\b-Library_Hzm-20260601T230631Z-3-001\b-Library_Hzm\Çocuklar için-Hzm\Sahabelerin Örnek Hayatı-Çocuk\2-emanet-elbise-mustuy.pdf,C:\Users\default.LAPTOP-OBA1HVU9\.antigravity-ide\Books\b-Library_Hzm-20260601T230631Z-3-001\b-Library_Hzm\Çocuklar için-Hzm\Sahabelerin Örnek Hayatı-Çocuk,1.84
3-bir-tas-corba-mustuy.pdf,PDF,Klasörde Çıkarılmış,C:\Users\default.LAPTOP-OBA1HVU9\.antigravity-ide\Books\b-Library_Hzm-20260601T230631Z-3-001\b-Library_Hzm\Çocuklar için-Hzm\Sahabelerin Örnek Hayatı-Çocuk\3-bir-tas-corba-mustuy.pdf,C:\Users\default.LAPTOP-OBA1HVU9\.antigravity-ide\Books\b-Library_Hzm-20260601T230631Z-3-001\b-Library_Hzm\Çocuklar için-Hzm\Sahabelerin Örnek Hayatı-Çocuk,1.1
3-cocuk-sevgisi-mustuy.pdf,PDF,Klasörde Çıkarılmış,C:\Users\default.LAPTOP-OBA1HVU9\.antigravity-ide\Books\b-Library_Hzm-20260601T230631Z-3-001\b-Library_Hzm\Çocuklar için-Hzm\Sahabelerin Örnek Hayatı-Çocuk\3-cocuk-sevgisi-mustuy.pdf,C:\Users\default.LAPTOP-OBA1HVU9\.antigravity-ide\Books\b-Library_Hzm-20260601T230631Z-3-001\b-Library_Hzm\Çocuklar için-Hzm\Sahabelerin Örnek Hayatı-Çocuk,1.85
4-gercek-musteri-mustuy.pdf,PDF,Klasörde Çıkarılmış,C:\Users\default.LAPTOP-OBA1HVU9\.antigravity-ide\Books\b-Library_Hzm-20260601T230631Z-3-001\b-Library_Hzm\Çocuklar için-Hzm\Sahabelerin Örnek Hayatı-Çocuk\4-gercek-musteri-mustuy.pdf,C:\Users\default.LAPTOP-OBA1HVU9\.antigravity-ide\Books\b-Library_Hzm-20260601T230631Z-3-001\b-Library_Hzm\Çocuklar için-Hzm\Sahabelerin Örnek Hayatı-Çocuk,1.29
5-kirilan-kalp-mustuy.pdf,PDF,Klasörde Çıkarılmış,C:\Users\default.LAPTOP-OBA1HVU9\.antigravity-ide\Books\b-Library_Hzm-20260601T230631Z-3-001\b-Library_Hzm\Çocuklar için-Hzm\Sahabelerin Örnek Hayatı-Çocuk\5-kirilan-kalp-mustuy.pdf,C:\Users\default.LAPTOP-OBA1HVU9\.antigravity-ide\Books\b-Library_Hzm-20260601T230631Z-3-001\b-Library_Hzm\Çocuklar için-Hzm\Sahabelerin Örnek Hayatı-Çocuk,1.06
6-yol-arkadasi-mustuy.pdf,PDF,Klasörde Çıkarılmış,C:\Users\default.LAPTOP-OBA1HVU9\.antigravity-ide\Books\b-Library_Hzm-20260601T230631Z-3-001\b-Library_Hzm\Çocuklar için-Hzm\Sahabelerin Örnek Hayatı-Çocuk\6-yol-arkadasi-mustuy.pdf,C:\Users\default.LAPTOP-OBA1HVU9\.antigravity-ide\Books\b-Library_Hzm-20260601T230631Z-3-001\b-Library_Hzm\Çocuklar için-Hzm\Sahabelerin Örnek Hayatı-Çocuk,1.0
7-sevinc-yili-mustuy.pdf,PDF,Klasörde Çıkarılmış,C:\Users\default.LAPTOP-OBA1HVU9\.antigravity-ide\Books\b-Library_Hzm-20260601T230631Z-3-001\b-Library_Hzm\Çocuklar için-Hzm\Sahabelerin Örnek Hayatı-Çocuk\7-sevinc-yili-mustuy.pdf,C:\Users\default.LAPTOP-OBA1HVU9\.antigravity-ide\Books\b-Library_Hzm-20260601T230631Z-3-001\b-Library_Hzm\Çocuklar için-Hzm\Sahabelerin Örnek Hayatı-Çocuk,1.72
1-Gozleri Kamastiran Isik-Peygamberimizin Hayati.PDF,PDF,Klasörde Çıkarılmış,C:\Users\default.LAPTOP-OBA1HVU9\.antigravity-ide\Books\b-Library_Hzm-20260601T230631Z-3-001\b-Library_Hzm\Çocuklar için-Hzm\Siyer-Çocuk\1-Gozleri Kamastiran Isik-Peygamberimizin Hayati.PDF,C:\Users\default.LAPTOP-OBA1HVU9\.antigravity-ide\Books\b-Library_Hzm-20260601T230631Z-3-001\b-Library_Hzm\Çocuklar için-Hzm\Siyer-Çocuk,2.68
2-Kutlu Dogum-Peygamberimizin Hayati.PDF,PDF,Klasörde Çıkarılmış,C:\Users\default.LAPTOP-OBA1HVU9\.antigravity-ide\Books\b-Library_Hzm-20260601T230631Z-3-001\b-Library_Hzm\Çocuklar için-Hzm\Siyer-Çocuk\2-Kutlu Dogum-Peygamberimizin Hayati.PDF,C:\Users\default.LAPTOP-OBA1HVU9\.antigravity-ide\Books\b-Library_Hzm-20260601T230631Z-3-001\b-Library_Hzm\Çocuklar için-Hzm\Siyer-Çocuk,2.32
3-En Güvenilir Insan-Peygamberimizin Hayati.PDF,PDF,Klasörde Çıkarılmış,C:\Users\default.LAPTOP-OBA1HVU9\.antigravity-ide\Books\b-Library_Hzm-20260601T230631Z-3-001\b-Library_Hzm\Çocuklar için-Hzm\Siyer-Çocuk\3-En Güvenilir Insan-Peygamberimizin Hayati.PDF,C:\Users\default.LAPTOP-OBA1HVU9\.antigravity-ide\Books\b-Library_Hzm-20260601T230631Z-3-001\b-Library_Hzm\Çocuklar için-Hzm\Siyer-Çocuk,2.42
5-Medine Yillari-Peygamberimizin Hayati.PDF,PDF,Klasörde Çıkarılmış,C:\Users\default.LAPTOP-OBA1HVU9\.antigravity-ide\Books\b-Library_Hzm-20260601T230631Z-3-001\b-Library_Hzm\Çocuklar için-Hzm\Siyer-Çocuk\5-Medine Yillari-Peygamberimizin Hayati.PDF,C:\Users\default.LAPTOP-OBA1HVU9\.antigravity-ide\Books\b-Library_Hzm-20260601T230631Z-3-001\b-Library_Hzm\Çocuklar için-Hzm\Siyer-Çocuk,3.18
ilk-oykulerim-serisi-01-rabia-kandira-yesil-tespih-mustuy.pdf,PDF,Klasörde Çıkarılmış,C:\Users\default.LAPTOP-OBA1HVU9\.antigravity-ide\Books\b-Library_Hzm-20260601T230631Z-3-001\b-Library_Hzm\Çocuklar için-Hzm\İlk öykülerim\ilk-oykulerim-serisi-01-rabia-kandira-yesil-tespih-mustuy.pdf,C:\Users\default.LAPTOP-OBA1HVU9\.antigravity-ide\Books\b-Library_Hzm-20260601T230631Z-3-001\b-Library_Hzm\Çocuklar için-Hzm\İlk öykülerim,0.96
ilk-oykulerim-serisi-02-rabia-kandira-minik-kedi-mustuy.pdf,PDF,Klasörde Çıkarılmış,C:\Users\default.LAPTOP-OBA1HVU9\.antigravity-ide\Books\b-Library_Hzm-20260601T230631Z-3-001\b-Library_Hzm\Çocuklar için-Hzm\İlk öykülerim\ilk-oykulerim-serisi-02-rabia-kandira-minik-kedi-mustuy.pdf,C:\Users\default.LAPTOP-OBA1HVU9\.antigravity-ide\Books\b-Library_Hzm-20260601T230631Z-3-001\b-Library_Hzm\Çocuklar için-Hzm\İlk öykülerim,1.21
ilk-oykulerim-serisi-05-osman-kaplan-yarim-elma-mustuy.pdf,PDF,Klasörde Çıkarılmış,C:\Users\default.LAPTOP-OBA1HVU9\.antigravity-ide\Books\b-Library_Hzm-20260601T230631Z-3-001\b-Library_Hzm\Çocuklar için-Hzm\İlk öykülerim\ilk-oykulerim-serisi-05-osman-kaplan-yarim-elma-mustuy.pdf,C:\Users\default.LAPTOP-OBA1HVU9\.antigravity-ide\Books\b-Library_Hzm-20260601T230631Z-3-001\b-Library_Hzm\Çocuklar için-Hzm\İlk öykülerim,5.06
ilk-oykulerim-serisi-06-safak-demir-hazine-pesinde-mustuy.pdf,PDF,Klasörde Çıkarılmış,C:\Users\default.LAPTOP-OBA1HVU9\.antigravity-ide\Books\b-Library_Hzm-20260601T230631Z-3-001\b-Library_Hzm\Çocuklar için-Hzm\İlk öykülerim\ilk-oykulerim-serisi-06-safak-demir-hazine-pesinde-mustuy.pdf,C:\Users\default.LAPTOP-OBA1HVU9\.antigravity-ide\Books\b-Library_Hzm-20260601T230631Z-3-001\b-Library_Hzm\Çocuklar için-Hzm\İlk öykülerim,2.55
ilk-oykulerim-serisi-07-safak-demir-evimizin-forveti-mustuy.pdf,PDF,Klasörde Çıkarılmış,C:\Users\default.LAPTOP-OBA1HVU9\.antigravity-ide\Books\b-Library_Hzm-20260601T230631Z-3-001\b-Library_Hzm\Çocuklar için-Hzm\İlk öykülerim\ilk-oykulerim-serisi-07-safak-demir-evimizin-forveti-mustuy.pdf,C:\Users\default.LAPTOP-OBA1HVU9\.antigravity-ide\Books\b-Library_Hzm-20260601T230631Z-3-001\b-Library_Hzm\Çocuklar için-Hzm\İlk öykülerim,3.79
ilk-oykulerim-serisi-08-h-ibrahim-cayirli-babamin-sol-ayagi-mustuy.pdf,PDF,Klasörde Çıkarılmış,C:\Users\default.LAPTOP-OBA1HVU9\.antigravity-ide\Books\b-Library_Hzm-20260601T230631Z-3-001\b-Library_Hzm\Çocuklar için-Hzm\İlk öykülerim\ilk-oykulerim-serisi-08-h-ibrahim-cayirli-babamin-sol-ayagi-mustuy.pdf,C:\Users\default.LAPTOP-OBA1HVU9\.antigravity-ide\Books\b-Library_Hzm-20260601T230631Z-3-001\b-Library_Hzm\Çocuklar için-Hzm\İlk öykülerim,4.87
ilk-oykulerim-serisi-09-aysel-ertan-seftali-agaci-mustuy.pdf,PDF,Klasörde Çıkarılmış,C:\Users\default.LAPTOP-OBA1HVU9\.antigravity-ide\Books\b-Library_Hzm-20260601T230631Z-3-001\b-Library_Hzm\Çocuklar için-Hzm\İlk öykülerim\ilk-oykulerim-serisi-09-aysel-ertan-seftali-agaci-mustuy.pdf,C:\Users\default.LAPTOP-OBA1HVU9\.antigravity-ide\Books\b-Library_Hzm-20260601T230631Z-3-001\b-Library_Hzm\Çocuklar için-Hzm\İlk öykülerim,3.34
ilk-oykulerim-serisi-10-h-ibrahim-cayirli-kaybolan-top-mustuy.pdf,PDF,Klasörde Çıkarılmış,C:\Users\default.LAPTOP-OBA1HVU9\.antigravity-ide\Books\b-Library_Hzm-20260601T230631Z-3-001\b-Library_Hzm\Çocuklar için-Hzm\İlk öykülerim\ilk-oykulerim-serisi-10-h-ibrahim-cayirli-kaybolan-top-mustuy.pdf,C:\Users\default.LAPTOP-OBA1HVU9\.antigravity-ide\Books\b-Library_Hzm-20260601T230631Z-3-001\b-Library_Hzm\Çocuklar için-Hzm\İlk öykülerim,1.94
1-Allah_a-iman-Hekimoğlu-ismail.pdf,PDF,Klasörde Çıkarılmış,C:\Users\default.LAPTOP-OBA1HVU9\.antigravity-ide\Books\b-Library_Hzm-20260601T230631Z-3-001\b-Library_Hzm\Çocuklar için-Hzm\İman-Hekimoğlu İsmail\1-Allah_a-iman-Hekimoğlu-ismail.pdf,C:\Users\default.LAPTOP-OBA1HVU9\.antigravity-ide\Books\b-Library_Hzm-20260601T230631Z-3-001\b-Library_Hzm\Çocuklar için-Hzm\İman-Hekimoğlu İsmail,2.0
2-Kitaplara-İman-Hekimoğlu-İsmail.pdf,PDF,Klasörde Çıkarılmış,C:\Users\default.LAPTOP-OBA1HVU9\.antigravity-ide\Books\b-Library_Hzm-20260601T230631Z-3-001\b-Library_Hzm\Çocuklar için-Hzm\İman-Hekimoğlu İsmail\2-Kitaplara-İman-Hekimoğlu-İsmail.pdf,C:\Users\default.LAPTOP-OBA1HVU9\.antigravity-ide\Books\b-Library_Hzm-20260601T230631Z-3-001\b-Library_Hzm\Çocuklar için-Hzm\İman-Hekimoğlu İsmail,1.76
3-Peygamberlere-İman-Hekimoğlu-İsmail.pdf,PDF,Klasörde Çıkarılmış,C:\Users\default.LAPTOP-OBA1HVU9\.antigravity-ide\Books\b-Library_Hzm-20260601T230631Z-3-001\b-Library_Hzm\Çocuklar için-Hzm\İman-Hekimoğlu İsmail\3-Peygamberlere-İman-Hekimoğlu-İsmail.pdf,C:\Users\default.LAPTOP-OBA1HVU9\.antigravity-ide\Books\b-Library_Hzm-20260601T230631Z-3-001\b-Library_Hzm\Çocuklar için-Hzm\İman-Hekimoğlu İsmail,1.74
4-Haşre-İman-Hekimoğlu-İsmail.pdf,PDF,Klasörde Çıkarılmış,C:\Users\default.LAPTOP-OBA1HVU9\.antigravity-ide\Books\b-Library_Hzm-20260601T230631Z-3-001\b-Library_Hzm\Çocuklar için-Hzm\İman-Hekimoğlu İsmail\4-Haşre-İman-Hekimoğlu-İsmail.pdf,C:\Users\default.LAPTOP-OBA1HVU9\.antigravity-ide\Books\b-Library_Hzm-20260601T230631Z-3-001\b-Library_Hzm\Çocuklar için-Hzm\İman-Hekimoğlu İsmail,1.7
Neye-Nasıl-İnanırım-Hekimoğlu-İsmail.pdf,PDF,Klasörde Çıkarılmış,C:\Users\default.LAPTOP-OBA1HVU9\.antigravity-ide\Books\b-Library_Hzm-20260601T230631Z-3-001\b-Library_Hzm\Çocuklar için-Hzm\İman-Hekimoğlu İsmail\Neye-Nasıl-İnanırım-Hekimoğlu-İsmail.pdf,C:\Users\default.LAPTOP-OBA1HVU9\.antigravity-ide\Books\b-Library_Hzm-20260601T230631Z-3-001\b-Library_Hzm\Çocuklar için-Hzm\İman-Hekimoğlu İsmail,2.1
sirin-cocuklar-01-mustuy.pdf,PDF,Klasörde Çıkarılmış,C:\Users\default.LAPTOP-OBA1HVU9\.antigravity-ide\Books\b-Library_Hzm-20260601T230631Z-3-001\b-Library_Hzm\Çocuklar için-Hzm\Şirin Çocuklar-Dini\sirin-cocuklar-01-mustuy.pdf,C:\Users\default.LAPTOP-OBA1HVU9\.antigravity-ide\Books\b-Library_Hzm-20260601T230631Z-3-001\b-Library_Hzm\Çocuklar için-Hzm\Şirin Çocuklar-Dini,15.46
sirin-cocuklar-02-mustuy.pdf,PDF,Klasörde Çıkarılmış,C:\Users\default.LAPTOP-OBA1HVU9\.antigravity-ide\Books\b-Library_Hzm-20260601T230631Z-3-001\b-Library_Hzm\Çocuklar için-Hzm\Şirin Çocuklar-Dini\sirin-cocuklar-02-mustuy.pdf,C:\Users\default.LAPTOP-OBA1HVU9\.antigravity-ide\Books\b-Library_Hzm-20260601T230631Z-3-001\b-Library_Hzm\Çocuklar için-Hzm\Şirin Çocuklar-Dini,19.03
sirin-cocuklar-03-mustuy.pdf,PDF,Klasörde Çıkarılmış,C:\Users\default.LAPTOP-OBA1HVU9\.antigravity-ide\Books\b-Library_Hzm-20260601T230631Z-3-001\b-Library_Hzm\Çocuklar için-Hzm\Şirin Çocuklar-Dini\sirin-cocuklar-03-mustuy.pdf,C:\Users\default.LAPTOP-OBA1HVU9\.antigravity-ide\Books\b-Library_Hzm-20260601T230631Z-3-001\b-Library_Hzm\Çocuklar için-Hzm\Şirin Çocuklar-Dini,7.31
sirin-cocuklar-04-mustuy.pdf,PDF,Klasörde Çıkarılmış,C:\Users\default.LAPTOP-OBA1HVU9\.antigravity-ide\Books\b-Library_Hzm-20260601T230631Z-3-001\b-Library_Hzm\Çocuklar için-Hzm\Şirin Çocuklar-Dini\sirin-cocuklar-04-mustuy.pdf,C:\Users\default.LAPTOP-OBA1HVU9\.antigravity-ide\Books\b-Library_Hzm-20260601T230631Z-3-001\b-Library_Hzm\Çocuklar için-Hzm\Şirin Çocuklar-Dini,6.79
sirin-cocuklar-05-mustuy.pdf,PDF,Klasörde Çıkarılmış,C:\Users\default.LAPTOP-OBA1HVU9\.antigravity-ide\Books\b-Library_Hzm-20260601T230631Z-3-001\b-Library_Hzm\Çocuklar için-Hzm\Şirin Çocuklar-Dini\sirin-cocuklar-05-mustuy.pdf,C:\Users\default.LAPTOP-OBA1HVU9\.antigravity-ide\Books\b-Library_Hzm-20260601T230631Z-3-001\b-Library_Hzm\Çocuklar için-Hzm\Şirin Çocuklar-Dini,9.39
sirin-cocuklar-06-mustuy.pdf,PDF,Klasörde Çıkarılmış,C:\Users\default.LAPTOP-OBA1HVU9\.antigravity-ide\Books\b-Library_Hzm-20260601T230631Z-3-001\b-Library_Hzm\Çocuklar için-Hzm\Şirin Çocuklar-Dini\sirin-cocuklar-06-mustuy.pdf,C:\Users\default.LAPTOP-OBA1HVU9\.antigravity-ide\Books\b-Library_Hzm-20260601T230631Z-3-001\b-Library_Hzm\Çocuklar için-Hzm\Şirin Çocuklar-Dini,9.04
sirin-cocuklar-07-mustuy.pdf,PDF,Klasörde Çıkarılmış,C:\Users\default.LAPTOP-OBA1HVU9\.antigravity-ide\Books\b-Library_Hzm-20260601T230631Z-3-001\b-Library_Hzm\Çocuklar için-Hzm\Şirin Çocuklar-Dini\sirin-cocuklar-07-mustuy.pdf,C:\Users\default.LAPTOP-OBA1HVU9\.antigravity-ide\Books\b-Library_Hzm-20260601T230631Z-3-001\b-Library_Hzm\Çocuklar için-Hzm\Şirin Çocuklar-Dini,9.12
sirin-cocuklar-08-mustuy.pdf,PDF,Klasörde Çıkarılmış,C:\Users\default.LAPTOP-OBA1HVU9\.antigravity-ide\Books\b-Library_Hzm-20260601T230631Z-3-001\b-Library_Hzm\Çocuklar için-Hzm\Şirin Çocuklar-Dini\sirin-cocuklar-08-mustuy.pdf,C:\Users\default.LAPTOP-OBA1HVU9\.antigravity-ide\Books\b-Library_Hzm-20260601T230631Z-3-001\b-Library_Hzm\Çocuklar için-Hzm\Şirin Çocuklar-Dini,9.33
Ahmet Ersöz-Mehmet Özyurt.pdf,PDF,Klasörde Çıkarılmış,C:\Users\default.LAPTOP-OBA1HVU9\.antigravity-ide\Books\b-Library_Hzm-20260601T230631Z-3-001\b-Library_Hzm\Üstad BZ Hz Talebeleri-Hzm\Ahmet Ersöz-Mehmet Özyurt.pdf,C:\Users\default.LAPTOP-OBA1HVU9\.antigravity-ide\Books\b-Library_Hzm-20260601T230631Z-3-001\b-Library_Hzm\Üstad BZ Hz Talebeleri-Hzm,1.83
Ahmet Ozer - Atabeyli Tahiri - Mehmet Tahiri Mutlu (Ahmet Ozer) (z-lib.org).PDF,PDF,Klasörde Çıkarılmış,C:\Users\default.LAPTOP-OBA1HVU9\.antigravity-ide\Books\b-Library_Hzm-20260601T230631Z-3-001\b-Library_Hzm\Üstad BZ Hz Talebeleri-Hzm\Ahmet Ozer - Atabeyli Tahiri - Mehmet Tahiri Mutlu (Ahmet Ozer) (z-lib.org).PDF,C:\Users\default.LAPTOP-OBA1HVU9\.antigravity-ide\Books\b-Library_Hzm-20260601T230631Z-3-001\b-Library_Hzm\Üstad BZ Hz Talebeleri-Hzm,0.84
Ahmet Ozer - iki Unlu Kul  Abdurrahman ve Abdulmecid Nursi (Ahmet Ozer) (z-lib.org).PDF,PDF,Klasörde Çıkarılmış,C:\Users\default.LAPTOP-OBA1HVU9\.antigravity-ide\Books\b-Library_Hzm-20260601T230631Z-3-001\b-Library_Hzm\Üstad BZ Hz Talebeleri-Hzm\Ahmet Ozer - iki Unlu Kul  Abdurrahman ve Abdulmecid Nursi (Ahmet Ozer) (z-lib.org).PDF,C:\Users\default.LAPTOP-OBA1HVU9\.antigravity-ide\Books\b-Library_Hzm-20260601T230631Z-3-001\b-Library_Hzm\Üstad BZ Hz Talebeleri-Hzm,2.1
Necmettin-Sahiner-Bekir-Berk-sahdamari.pdf,PDF,Klasörde Çıkarılmış,C:\Users\default.LAPTOP-OBA1HVU9\.antigravity-ide\Books\b-Library_Hzm-20260601T230631Z-3-001\b-Library_Hzm\Üstad BZ Hz Talebeleri-Hzm\Necmettin-Sahiner-Bekir-Berk-sahdamari.pdf,C:\Users\default.LAPTOP-OBA1HVU9\.antigravity-ide\Books\b-Library_Hzm-20260601T230631Z-3-001\b-Library_Hzm\Üstad BZ Hz Talebeleri-Hzm,58.36
Necmettin-Sahiner-Uc-Feyizli-Nur-SahdamarY.pdf,PDF,Klasörde Çıkarılmış,C:\Users\default.LAPTOP-OBA1HVU9\.antigravity-ide\Books\b-Library_Hzm-20260601T230631Z-3-001\b-Library_Hzm\Üstad BZ Hz Talebeleri-Hzm\Necmettin-Sahiner-Uc-Feyizli-Nur-SahdamarY.pdf,C:\Users\default.LAPTOP-OBA1HVU9\.antigravity-ide\Books\b-Library_Hzm-20260601T230631Z-3-001\b-Library_Hzm\Üstad BZ Hz Talebeleri-Hzm,15.66
abdullah-mahmud-tantavi-bediuzzamana-gore-degisim-ve-yeniden-yapilanma-sahdamary.pdf,PDF,Klasörde Çıkarılmış,C:\Users\default.LAPTOP-OBA1HVU9\.antigravity-ide\Books\b-Library_Hzm-20260601T230631Z-3-001\b-Library_Hzm\Üstad BZ Hz-Hzm\abdullah-mahmud-tantavi-bediuzzamana-gore-degisim-ve-yeniden-yapilanma-sahdamary.pdf,C:\Users\default.LAPTOP-OBA1HVU9\.antigravity-ide\Books\b-Library_Hzm-20260601T230631Z-3-001\b-Library_Hzm\Üstad BZ Hz-Hzm,0.41
mahmut-acil-ustadla-hasbihal-sahdamary.pdf,PDF,Klasörde Çıkarılmış,C:\Users\default.LAPTOP-OBA1HVU9\.antigravity-ide\Books\b-Library_Hzm-20260601T230631Z-3-001\b-Library_Hzm\Üstad BZ Hz-Hzm\mahmut-acil-ustadla-hasbihal-sahdamary.pdf,C:\Users\default.LAPTOP-OBA1HVU9\.antigravity-ide\Books\b-Library_Hzm-20260601T230631Z-3-001\b-Library_Hzm\Üstad BZ Hz-Hzm,6.34
mehmet-akar-dava-adami-sahdamary.pdf,PDF,Klasörde Çıkarılmış,C:\Users\default.LAPTOP-OBA1HVU9\.antigravity-ide\Books\b-Library_Hzm-20260601T230631Z-3-001\b-Library_Hzm\Üstad BZ Hz-Hzm\mehmet-akar-dava-adami-sahdamary.pdf,C:\Users\default.LAPTOP-OBA1HVU9\.antigravity-ide\Books\b-Library_Hzm-20260601T230631Z-3-001\b-Library_Hzm\Üstad BZ Hz-Hzm,0.66
mehmet-akar-hizmet-ekseni-sahdamary.pdf,PDF,Klasörde Çıkarılmış,C:\Users\default.LAPTOP-OBA1HVU9\.antigravity-ide\Books\b-Library_Hzm-20260601T230631Z-3-001\b-Library_Hzm\Üstad BZ Hz-Hzm\mehmet-akar-hizmet-ekseni-sahdamary.pdf,C:\Users\default.LAPTOP-OBA1HVU9\.antigravity-ide\Books\b-Library_Hzm-20260601T230631Z-3-001\b-Library_Hzm\Üstad BZ Hz-Hzm,0.55
mehmet-akar-ikram-sahdamary.pdf,PDF,Klasörde Çıkarılmış,C:\Users\default.LAPTOP-OBA1HVU9\.antigravity-ide\Books\b-Library_Hzm-20260601T230631Z-3-001\b-Library_Hzm\Üstad BZ Hz-Hzm\mehmet-akar-ikram-sahdamary.pdf,C:\Users\default.LAPTOP-OBA1HVU9\.antigravity-ide\Books\b-Library_Hzm-20260601T230631Z-3-001\b-Library_Hzm\Üstad BZ Hz-Hzm,0.4
mehmet-akar-secdede-bir-omur-sahdamary.pdf,PDF,Klasörde Çıkarılmış,C:\Users\default.LAPTOP-OBA1HVU9\.antigravity-ide\Books\b-Library_Hzm-20260601T230631Z-3-001\b-Library_Hzm\Üstad BZ Hz-Hzm\mehmet-akar-secdede-bir-omur-sahdamary.pdf,C:\Users\default.LAPTOP-OBA1HVU9\.antigravity-ide\Books\b-Library_Hzm-20260601T230631Z-3-001\b-Library_Hzm\Üstad BZ Hz-Hzm,0.69
mehmet-akar-seyda-2-barla-hayati-sahdamary.pdf,PDF,Klasörde Çıkarılmış,C:\Users\default.LAPTOP-OBA1HVU9\.antigravity-ide\Books\b-Library_Hzm-20260601T230631Z-3-001\b-Library_Hzm\Üstad BZ Hz-Hzm\mehmet-akar-seyda-2-barla-hayati-sahdamary.pdf,C:\Users\default.LAPTOP-OBA1HVU9\.antigravity-ide\Books\b-Library_Hzm-20260601T230631Z-3-001\b-Library_Hzm\Üstad BZ Hz-Hzm,0.9
mehmet-akar-seyda-sahdamary.pdf,PDF,Klasörde Çıkarılmış,C:\Users\default.LAPTOP-OBA1HVU9\.antigravity-ide\Books\b-Library_Hzm-20260601T230631Z-3-001\b-Library_Hzm\Üstad BZ Hz-Hzm\mehmet-akar-seyda-sahdamary.pdf,C:\Users\default.LAPTOP-OBA1HVU9\.antigravity-ide\Books\b-Library_Hzm-20260601T230631Z-3-001\b-Library_Hzm\Üstad BZ Hz-Hzm,0.79
mustafa-ozturkcu-bediuezzamanin-bilinmeyen-akrabalari-sahdamary.pdf,PDF,Klasörde Çıkarılmış,C:\Users\default.LAPTOP-OBA1HVU9\.antigravity-ide\Books\b-Library_Hzm-20260601T230631Z-3-001\b-Library_Hzm\Üstad BZ Hz-Hzm\mustafa-ozturkcu-bediuezzamanin-bilinmeyen-akrabalari-sahdamary.pdf,C:\Users\default.LAPTOP-OBA1HVU9\.antigravity-ide\Books\b-Library_Hzm-20260601T230631Z-3-001\b-Library_Hzm\Üstad BZ Hz-Hzm,16.56
necmettin-sahiner-medresetuz-zehra-bediuzzaman-universitesi-sahdamary.pdf,PDF,Klasörde Çıkarılmış,C:\Users\default.LAPTOP-OBA1HVU9\.antigravity-ide\Books\b-Library_Hzm-20260601T230631Z-3-001\b-Library_Hzm\Üstad BZ Hz-Hzm\necmettin-sahiner-medresetuz-zehra-bediuzzaman-universitesi-sahdamary.pdf,C:\Users\default.LAPTOP-OBA1HVU9\.antigravity-ide\Books\b-Library_Hzm-20260601T230631Z-3-001\b-Library_Hzm\Üstad BZ Hz-Hzm,5.25
necmettin-sahiner-nurlarin-ilk-dershanesi-aziz-barla-sahdamary.pdf,PDF,Klasörde Çıkarılmış,C:\Users\default.LAPTOP-OBA1HVU9\.antigravity-ide\Books\b-Library_Hzm-20260601T230631Z-3-001\b-Library_Hzm\Üstad BZ Hz-Hzm\necmettin-sahiner-nurlarin-ilk-dershanesi-aziz-barla-sahdamary.pdf,C:\Users\default.LAPTOP-OBA1HVU9\.antigravity-ide\Books\b-Library_Hzm-20260601T230631Z-3-001\b-Library_Hzm\Üstad BZ Hz-Hzm,26.91
necmettin-sahiner-yazarlarin-kaleminden-bediuzzaman-sahdamary.pdf,PDF,Klasörde Çıkarılmış,C:\Users\default.LAPTOP-OBA1HVU9\.antigravity-ide\Books\b-Library_Hzm-20260601T230631Z-3-001\b-Library_Hzm\Üstad BZ Hz-Hzm\necmettin-sahiner-yazarlarin-kaleminden-bediuzzaman-sahdamary.pdf,C:\Users\default.LAPTOP-OBA1HVU9\.antigravity-ide\Books\b-Library_Hzm-20260601T230631Z-3-001\b-Library_Hzm\Üstad BZ Hz-Hzm,3.76
Yazarlarin-Kalemi-nden-Bedi-uzzaman-Necmeddin-Şahi-ner.pdf,PDF,Klasörde Çıkarılmış,C:\Users\default.LAPTOP-OBA1HVU9\.antigravity-ide\Books\b-Library_Hzm-20260601T230631Z-3-001\b-Library_Hzm\Üstad BZ Hz-Hzm\Yazarlarin-Kalemi-nden-Bedi-uzzaman-Necmeddin-Şahi-ner.pdf,C:\Users\default.LAPTOP-OBA1HVU9\.antigravity-ide\Books\b-Library_Hzm-20260601T230631Z-3-001\b-Library_Hzm\Üstad BZ Hz-Hzm,3.76
"(OSINT) Open Source Intelligence Glossary Guide to keywords, phrases for improved Internet research results (Nicholas Crowder) (z-lib.org).pdf",PDF (Dönüştürüldü),Dönüştürülmüş PDF,"C:\Users\default.LAPTOP-OBA1HVU9\.antigravity-ide\Converted_PDFs\(OSINT) Open Source Intelligence Glossary Guide to keywords, phrases for improved Internet research results (Nicholas Crowder) (z-lib.org).pdf",C:\Users\default.LAPTOP-OBA1HVU9\.antigravity-ide\Converted_PDFs,0.23
"AKPnin Önlenebilir Karşı-Devrimi (Timur, Taner) (z-lib.org).pdf",PDF (Dönüştürüldü),Dönüştürülmüş PDF,"C:\Users\default.LAPTOP-OBA1HVU9\.antigravity-ide\Converted_PDFs\AKPnin Önlenebilir Karşı-Devrimi (Timur, Taner) (z-lib.org).pdf",C:\Users\default.LAPTOP-OBA1HVU9\.antigravity-ide\Converted_PDFs,0.48
Albert Camus-Yabancı.pdf,PDF (Dönüştürüldü),Dönüştürülmüş PDF,C:\Users\default.LAPTOP-OBA1HVU9\.antigravity-ide\Converted_PDFs\Albert Camus-Yabancı.pdf,C:\Users\default.LAPTOP-OBA1HVU9\.antigravity-ide\Converted_PDFs,0.18
"All Art Is Propaganda Critical Essays (George Orwell, Keith Gessen, George Packer) (z-lib.org).pdf",PDF (Dönüştürüldü),Dönüştürülmüş PDF,"C:\Users\default.LAPTOP-OBA1HVU9\.antigravity-ide\Converted_PDFs\All Art Is Propaganda Critical Essays (George Orwell, Keith Gessen, George Packer) (z-lib.org).pdf",C:\Users\default.LAPTOP-OBA1HVU9\.antigravity-ide\Converted_PDFs,0.84
Ancient Mysteries and Modern Masonry (C. H. Vail) (z-lib.org).pdf,PDF (Dönüştürüldü),Dönüştürülmüş PDF,C:\Users\default.LAPTOP-OBA1HVU9\.antigravity-ide\Converted_PDFs\Ancient Mysteries and Modern Masonry (C. H. Vail) (z-lib.org).pdf,C:\Users\default.LAPTOP-OBA1HVU9\.antigravity-ide\Converted_PDFs,0.35
"Ask, Measure, Learn Using Social Media Analytics to Understand and Influence Customer Behavior (Lutz Finger, Soumitra Dutta) (z-lib.org).pdf",PDF (Dönüştürüldü),Dönüştürülmüş PDF,"C:\Users\default.LAPTOP-OBA1HVU9\.antigravity-ide\Converted_PDFs\Ask, Measure, Learn Using Social Media Analytics to Understand and Influence Customer Behavior (Lutz Finger, Soumitra Dutta) (z-lib.org).pdf",C:\Users\default.LAPTOP-OBA1HVU9\.antigravity-ide\Converted_PDFs,0.68
Avrupa ve Biz (İlber Ortaylı) (z-lib.org).pdf,PDF (Dönüştürüldü),Dönüştürülmüş PDF,C:\Users\default.LAPTOP-OBA1HVU9\.antigravity-ide\Converted_PDFs\Avrupa ve Biz (İlber Ortaylı) (z-lib.org).pdf,C:\Users\default.LAPTOP-OBA1HVU9\.antigravity-ide\Converted_PDFs,0.0
Bir-Kırık-Dilekce-M-Fethullah-Gulen.pdf,PDF (Dönüştürüldü),Dönüştürülmüş PDF,C:\Users\default.LAPTOP-OBA1HVU9\.antigravity-ide\Converted_PDFs\Bir-Kırık-Dilekce-M-Fethullah-Gulen.pdf,C:\Users\default.LAPTOP-OBA1HVU9\.antigravity-ide\Converted_PDFs,0.18
"Builders of Empire Freemasons and British Imperialism, 1717-1927 (Jessica L. Harland-Jacobs) (z-lib.org).pdf",PDF (Dönüştürüldü),Dönüştürülmüş PDF,"C:\Users\default.LAPTOP-OBA1HVU9\.antigravity-ide\Converted_PDFs\Builders of Empire Freemasons and British Imperialism, 1717-1927 (Jessica L. Harland-Jacobs) (z-lib.org).pdf",C:\Users\default.LAPTOP-OBA1HVU9\.antigravity-ide\Converted_PDFs,1.1
Buyology Satın almaya dair bildiğimiz her şey neden yanlış？ (Martin Lindstrom) (z-lib.org).pdf,PDF (Dönüştürüldü),Dönüştürülmüş PDF,C:\Users\default.LAPTOP-OBA1HVU9\.antigravity-ide\Converted_PDFs\Buyology Satın almaya dair bildiğimiz her şey neden yanlış？ (Martin Lindstrom) (z-lib.org).pdf,C:\Users\default.LAPTOP-OBA1HVU9\.antigravity-ide\Converted_PDFs,0.47
BİR AKP BELGESELİ-MASKESİZ SOYGUN (İLHAN TAŞCI) (z-lib.org).pdf,PDF (Dönüştürüldü),Dönüştürülmüş PDF,C:\Users\default.LAPTOP-OBA1HVU9\.antigravity-ide\Converted_PDFs\BİR AKP BELGESELİ-MASKESİZ SOYGUN (İLHAN TAŞCI) (z-lib.org).pdf,C:\Users\default.LAPTOP-OBA1HVU9\.antigravity-ide\Converted_PDFs,0.38
"Cemaatin İflası (Hanefi Avcı [Avcı, Hanefi]) (z-lib.org).pdf",PDF (Dönüştürüldü),Dönüştürülmüş PDF,"C:\Users\default.LAPTOP-OBA1HVU9\.antigravity-ide\Converted_PDFs\Cemaatin İflası (Hanefi Avcı [Avcı, Hanefi]) (z-lib.org).pdf",C:\Users\default.LAPTOP-OBA1HVU9\.antigravity-ide\Converted_PDFs,0.6
Charles Dickens-İki Şehrin Hikayesi.pdf,PDF (Dönüştürüldü),Dönüştürülmüş PDF,C:\Users\default.LAPTOP-OBA1HVU9\.antigravity-ide\Converted_PDFs\Charles Dickens-İki Şehrin Hikayesi.pdf,C:\Users\default.LAPTOP-OBA1HVU9\.antigravity-ide\Converted_PDFs,0.79
Dark Mysteries of the Vatican    (H. Paul Jeffers) (z-lib.org).pdf,PDF (Dönüştürüldü),Dönüştürülmüş PDF,C:\Users\default.LAPTOP-OBA1HVU9\.antigravity-ide\Converted_PDFs\Dark Mysteries of the Vatican    (H. Paul Jeffers) (z-lib.org).pdf,C:\Users\default.LAPTOP-OBA1HVU9\.antigravity-ide\Converted_PDFs,0.4
Democracy’s Fourth Wave Digital Media and the Arab Spring (Philip N. Howard Muzammil M. Hussain) (z-lib.org).pdf,PDF (Dönüştürüldü),Dönüştürülmüş PDF,C:\Users\default.LAPTOP-OBA1HVU9\.antigravity-ide\Converted_PDFs\Democracy’s Fourth Wave Digital Media and the Arab Spring (Philip N. Howard Muzammil M. Hussain) (z-lib.org).pdf,C:\Users\default.LAPTOP-OBA1HVU9\.antigravity-ide\Converted_PDFs,0.38
"Dikkat Vücudunuz Konuşuyor (İzgören, Ahmet Şerif) (z-lib.org).pdf",PDF (Dönüştürüldü),Dönüştürülmüş PDF,"C:\Users\default.LAPTOP-OBA1HVU9\.antigravity-ide\Converted_PDFs\Dikkat Vücudunuz Konuşuyor (İzgören, Ahmet Şerif) (z-lib.org).pdf",C:\Users\default.LAPTOP-OBA1HVU9\.antigravity-ide\Converted_PDFs,0.3
Duygusal Zeka (Daniel Goleman) (z-lib.org).pdf,PDF (Dönüştürüldü),Dönüştürülmüş PDF,C:\Users\default.LAPTOP-OBA1HVU9\.antigravity-ide\Converted_PDFs\Duygusal Zeka (Daniel Goleman) (z-lib.org).pdf,C:\Users\default.LAPTOP-OBA1HVU9\.antigravity-ide\Converted_PDFs,0.96
Efendimiz-in-Bir-Gunu-Abdulhakim-Yuce-Işık-Yayınları-2011.pdf,PDF (Dönüştürüldü),Dönüştürülmüş PDF,C:\Users\default.LAPTOP-OBA1HVU9\.antigravity-ide\Converted_PDFs\Efendimiz-in-Bir-Gunu-Abdulhakim-Yuce-Işık-Yayınları-2011.pdf,C:\Users\default.LAPTOP-OBA1HVU9\.antigravity-ide\Converted_PDFs,0.26
Ekonomi 101 Bir Çırpıda Para ve Finans (Alfred Mill) (z-lib.org).pdf,PDF (Dönüştürüldü),Dönüştürülmüş PDF,C:\Users\default.LAPTOP-OBA1HVU9\.antigravity-ide\Converted_PDFs\Ekonomi 101 Bir Çırpıda Para ve Finans (Alfred Mill) (z-lib.org).pdf,C:\Users\default.LAPTOP-OBA1HVU9\.antigravity-ide\Converted_PDFs,0.46
"Esoteric freemasonry rituals  practices for a deeper understanding (Biasi, Jean-Louis de) (z-lib.org).pdf",PDF (Dönüştürüldü),Dönüştürülmüş PDF,"C:\Users\default.LAPTOP-OBA1HVU9\.antigravity-ide\Converted_PDFs\Esoteric freemasonry rituals  practices for a deeper understanding (Biasi, Jean-Louis de) (z-lib.org).pdf",C:\Users\default.LAPTOP-OBA1HVU9\.antigravity-ide\Converted_PDFs,0.5
Fethullah Gülen Röportajı (Ekrem Dumanlı) (z-lib.org).pdf,PDF (Dönüştürüldü),Dönüştürülmüş PDF,C:\Users\default.LAPTOP-OBA1HVU9\.antigravity-ide\Converted_PDFs\Fethullah Gülen Röportajı (Ekrem Dumanlı) (z-lib.org).pdf,C:\Users\default.LAPTOP-OBA1HVU9\.antigravity-ide\Converted_PDFs,0.08
Freemasonry in the Ottoman Empire  a history of the Fraternity and its influence in Syria and the Levant (Dorothea Sommer) (z-lib.org).pdf,PDF (Dönüştürüldü),Dönüştürülmüş PDF,C:\Users\default.LAPTOP-OBA1HVU9\.antigravity-ide\Converted_PDFs\Freemasonry in the Ottoman Empire  a history of the Fraternity and its influence in Syria and the Levant (Dorothea Sommer) (z-lib.org).pdf,C:\Users\default.LAPTOP-OBA1HVU9\.antigravity-ide\Converted_PDFs,0.74
George Orwell-1984.pdf,PDF (Dönüştürüldü),Dönüştürülmüş PDF,C:\Users\default.LAPTOP-OBA1HVU9\.antigravity-ide\Converted_PDFs\George Orwell-1984.pdf,C:\Users\default.LAPTOP-OBA1HVU9\.antigravity-ide\Converted_PDFs,0.55
Görünmeyeni Satmak (Harry Beckwith) (z-lib.org).pdf,PDF (Dönüştürüldü),Dönüştürülmüş PDF,C:\Users\default.LAPTOP-OBA1HVU9\.antigravity-ide\Converted_PDFs\Görünmeyeni Satmak (Harry Beckwith) (z-lib.org).pdf,C:\Users\default.LAPTOP-OBA1HVU9\.antigravity-ide\Converted_PDFs,0.32
"Haliçte Yaşayan Simonlar (Hanefi Avcı [Avcı, Hanefi]) (z-lib.org).pdf",PDF (Dönüştürüldü),Dönüştürülmüş PDF,"C:\Users\default.LAPTOP-OBA1HVU9\.antigravity-ide\Converted_PDFs\Haliçte Yaşayan Simonlar (Hanefi Avcı [Avcı, Hanefi]) (z-lib.org).pdf",C:\Users\default.LAPTOP-OBA1HVU9\.antigravity-ide\Converted_PDFs,1.25
Iyi Hissetmek (Turkish Edition) (David Burns) (z-lib.org).pdf,PDF (Dönüştürüldü),Dönüştürülmüş PDF,C:\Users\default.LAPTOP-OBA1HVU9\.antigravity-ide\Converted_PDFs\Iyi Hissetmek (Turkish Edition) (David Burns) (z-lib.org).pdf,C:\Users\default.LAPTOP-OBA1HVU9\.antigravity-ide\Converted_PDFs,0.81
John-Steinbeck-Fareler ve İnsanlar.pdf,PDF (Dönüştürüldü),Dönüştürülmüş PDF,C:\Users\default.LAPTOP-OBA1HVU9\.antigravity-ide\Converted_PDFs\John-Steinbeck-Fareler ve İnsanlar.pdf,C:\Users\default.LAPTOP-OBA1HVU9\.antigravity-ide\Converted_PDFs,0.17
John-Steinbeck-Gazap Üzümleri.pdf,PDF (Dönüştürüldü),Dönüştürülmüş PDF,C:\Users\default.LAPTOP-OBA1HVU9\.antigravity-ide\Converted_PDFs\John-Steinbeck-Gazap Üzümleri.pdf,C:\Users\default.LAPTOP-OBA1HVU9\.antigravity-ide\Converted_PDFs,1.11
Kabala-Yahudi-Kadim-Mistik-Oğretisi-A-Ekrem-Ulku.pdf,PDF (Dönüştürüldü),Dönüştürülmüş PDF,C:\Users\default.LAPTOP-OBA1HVU9\.antigravity-ide\Converted_PDFs\Kabala-Yahudi-Kadim-Mistik-Oğretisi-A-Ekrem-Ulku.pdf,C:\Users\default.LAPTOP-OBA1HVU9\.antigravity-ide\Converted_PDFs,0.6
Karaciger-fitoterapi.pdf,PDF (Dönüştürüldü),Dönüştürülmüş PDF,C:\Users\default.LAPTOP-OBA1HVU9\.antigravity-ide\Converted_PDFs\Karaciger-fitoterapi.pdf,C:\Users\default.LAPTOP-OBA1HVU9\.antigravity-ide\Converted_PDFs,2.46
Kevin Roberts-Taking Back Washington to Save America.pdf,PDF (Dönüştürüldü),Dönüştürülmüş PDF,C:\Users\default.LAPTOP-OBA1HVU9\.antigravity-ide\Converted_PDFs\Kevin Roberts-Taking Back Washington to Save America.pdf,C:\Users\default.LAPTOP-OBA1HVU9\.antigravity-ide\Converted_PDFs,0.65
Koşmasaydım Yazamazdım (Haruki Murakami) (z-lib.org) (1).pdf,PDF (Dönüştürüldü),Dönüştürülmüş PDF,C:\Users\default.LAPTOP-OBA1HVU9\.antigravity-ide\Converted_PDFs\Koşmasaydım Yazamazdım (Haruki Murakami) (z-lib.org) (1).pdf,C:\Users\default.LAPTOP-OBA1HVU9\.antigravity-ide\Converted_PDFs,0.31
kukla.pdf,PDF (Dönüştürüldü),Dönüştürülmüş PDF,C:\Users\default.LAPTOP-OBA1HVU9\.antigravity-ide\Converted_PDFs\kukla.pdf,C:\Users\default.LAPTOP-OBA1HVU9\.antigravity-ide\Converted_PDFs,0.0
Masonry Inside Out ( etc.) (z-lib.org).pdf,PDF (Dönüştürüldü),Dönüştürülmüş PDF,C:\Users\default.LAPTOP-OBA1HVU9\.antigravity-ide\Converted_PDFs\Masonry Inside Out ( etc.) (z-lib.org).pdf,C:\Users\default.LAPTOP-OBA1HVU9\.antigravity-ide\Converted_PDFs,0.05
"Morals and Dogma of the Ancient and Accepted Scottish Rite of Freemasonry (Albert Pike [Pike, Albert]) (z-lib.org).pdf",PDF (Dönüştürüldü),Dönüştürülmüş PDF,"C:\Users\default.LAPTOP-OBA1HVU9\.antigravity-ide\Converted_PDFs\Morals and Dogma of the Ancient and Accepted Scottish Rite of Freemasonry (Albert Pike [Pike, Albert]) (z-lib.org).pdf",C:\Users\default.LAPTOP-OBA1HVU9\.antigravity-ide\Converted_PDFs,2.88
Nationalism on the Internet Critical Theory and Ideology in the Age of Social Media and Fake News (Christian Fuchs) (z-lib.org).pdf,PDF (Dönüştürüldü),Dönüştürülmüş PDF,C:\Users\default.LAPTOP-OBA1HVU9\.antigravity-ide\Converted_PDFs\Nationalism on the Internet Critical Theory and Ideology in the Age of Social Media and Fake News (Christian Fuchs) (z-lib.org).pdf,C:\Users\default.LAPTOP-OBA1HVU9\.antigravity-ide\Converted_PDFs,0.81
"NATOs Secret Armies Operation Gladio and terrorism in Western Europe (Prados, John Ganser, Daniele) (z-lib.org).pdf",PDF (Dönüştürüldü),Dönüştürülmüş PDF,"C:\Users\default.LAPTOP-OBA1HVU9\.antigravity-ide\Converted_PDFs\NATOs Secret Armies Operation Gladio and terrorism in Western Europe (Prados, John Ganser, Daniele) (z-lib.org).pdf",C:\Users\default.LAPTOP-OBA1HVU9\.antigravity-ide\Converted_PDFs,1.13
Nefes-Ve-Teknikleri.pdf,PDF (Dönüştürüldü),Dönüştürülmüş PDF,C:\Users\default.LAPTOP-OBA1HVU9\.antigravity-ide\Converted_PDFs\Nefes-Ve-Teknikleri.pdf,C:\Users\default.LAPTOP-OBA1HVU9\.antigravity-ide\Converted_PDFs,0.1
"Network propaganda manipulation, disinformation, and radicalization in American politics (Yochai BENKLER, Robert FARIS, Hal ROBERTS) (z-lib.org).pdf",PDF (Dönüştürüldü),Dönüştürülmüş PDF,"C:\Users\default.LAPTOP-OBA1HVU9\.antigravity-ide\Converted_PDFs\Network propaganda manipulation, disinformation, and radicalization in American politics (Yochai BENKLER, Robert FARIS, Hal ROBERTS) (z-lib.org).pdf",C:\Users\default.LAPTOP-OBA1HVU9\.antigravity-ide\Converted_PDFs,1.16
One Hundred Unorthodox Strategies Battle And Tactics of Chinese Warfare (Ralph D. Sawyer) (z-lib.org).pdf,PDF (Dönüştürüldü),Dönüştürülmüş PDF,C:\Users\default.LAPTOP-OBA1HVU9\.antigravity-ide\Converted_PDFs\One Hundred Unorthodox Strategies Battle And Tactics of Chinese Warfare (Ralph D. Sawyer) (z-lib.org).pdf,C:\Users\default.LAPTOP-OBA1HVU9\.antigravity-ide\Converted_PDFs,0.74
"Open Source Intelligence Glossary Guide to Keywords, Phrases for Improved Internet Research Results (Crowder, Nicholas) (z-lib.org).pdf",PDF (Dönüştürüldü),Dönüştürülmüş PDF,"C:\Users\default.LAPTOP-OBA1HVU9\.antigravity-ide\Converted_PDFs\Open Source Intelligence Glossary Guide to Keywords, Phrases for Improved Internet Research Results (Crowder, Nicholas) (z-lib.org).pdf",C:\Users\default.LAPTOP-OBA1HVU9\.antigravity-ide\Converted_PDFs,0.23
"Open Source Intelligence Methods and Tools A Practical Guide to Online Intelligence (Nihad A. Hassan, Rami Hijazi) (z-lib.org).pdf",PDF (Dönüştürüldü),Dönüştürülmüş PDF,"C:\Users\default.LAPTOP-OBA1HVU9\.antigravity-ide\Converted_PDFs\Open Source Intelligence Methods and Tools A Practical Guide to Online Intelligence (Nihad A. Hassan, Rami Hijazi) (z-lib.org).pdf",C:\Users\default.LAPTOP-OBA1HVU9\.antigravity-ide\Converted_PDFs,0.58
"Operation Gladio The Unholy Alliance between the Vatican, the CIA, and the Mafia (Paul L. Williams) (z-lib.org).pdf",PDF (Dönüştürüldü),Dönüştürülmüş PDF,"C:\Users\default.LAPTOP-OBA1HVU9\.antigravity-ide\Converted_PDFs\Operation Gladio The Unholy Alliance between the Vatican, the CIA, and the Mafia (Paul L. Williams) (z-lib.org).pdf",C:\Users\default.LAPTOP-OBA1HVU9\.antigravity-ide\Converted_PDFs,0.89
Peygamber Efendimizin Dilinden Faziletli Dualar (Aydüz Davut) (z-lib.org).pdf,PDF (Dönüştürüldü),Dönüştürülmüş PDF,C:\Users\default.LAPTOP-OBA1HVU9\.antigravity-ide\Converted_PDFs\Peygamber Efendimizin Dilinden Faziletli Dualar (Aydüz Davut) (z-lib.org).pdf,C:\Users\default.LAPTOP-OBA1HVU9\.antigravity-ide\Converted_PDFs,0.46
"Political Turbulence How Social Media Shape Collective Action (Helen Margetts, Peter John, Scott Hale etc.) (z-lib.org).pdf",PDF (Dönüştürüldü),Dönüştürülmüş PDF,"C:\Users\default.LAPTOP-OBA1HVU9\.antigravity-ide\Converted_PDFs\Political Turbulence How Social Media Shape Collective Action (Helen Margetts, Peter John, Scott Hale etc.) (z-lib.org).pdf",C:\Users\default.LAPTOP-OBA1HVU9\.antigravity-ide\Converted_PDFs,0.64
Project 2025-MandateF or Leadership.pdf,PDF (Dönüştürüldü),Dönüştürülmüş PDF,C:\Users\default.LAPTOP-OBA1HVU9\.antigravity-ide\Converted_PDFs\Project 2025-MandateF or Leadership.pdf,C:\Users\default.LAPTOP-OBA1HVU9\.antigravity-ide\Converted_PDFs,3.15
"Protests in the Information Age Social Movements, Digital Practices and Surveillance (Lucas Melgaço, Jeffrey Monaghan) (z-lib.org).pdf",PDF (Dönüştürüldü),Dönüştürülmüş PDF,"C:\Users\default.LAPTOP-OBA1HVU9\.antigravity-ide\Converted_PDFs\Protests in the Information Age Social Movements, Digital Practices and Surveillance (Lucas Melgaço, Jeffrey Monaghan) (z-lib.org).pdf",C:\Users\default.LAPTOP-OBA1HVU9\.antigravity-ide\Converted_PDFs,0.58
Psikolojik Manipülasyon.pdf,PDF (Dönüştürüldü),Dönüştürülmüş PDF,C:\Users\default.LAPTOP-OBA1HVU9\.antigravity-ide\Converted_PDFs\Psikolojik Manipülasyon.pdf,C:\Users\default.LAPTOP-OBA1HVU9\.antigravity-ide\Converted_PDFs,0.04
pure_python_test.pdf,PDF (Dönüştürüldü),Dönüştürülmüş PDF,C:\Users\default.LAPTOP-OBA1HVU9\.antigravity-ide\Converted_PDFs\pure_python_test.pdf,C:\Users\default.LAPTOP-OBA1HVU9\.antigravity-ide\Converted_PDFs,0.0
"Rule by Secrecy The Hidden History that Connects the Trilateral Commission, the Freemasons  the Great Pyramids (Jim Marrs) (z-lib.org) (1).pdf",PDF (Dönüştürüldü),Dönüştürülmüş PDF,"C:\Users\default.LAPTOP-OBA1HVU9\.antigravity-ide\Converted_PDFs\Rule by Secrecy The Hidden History that Connects the Trilateral Commission, the Freemasons  the Great Pyramids (Jim Marrs) (z-lib.org) (1).pdf",C:\Users\default.LAPTOP-OBA1HVU9\.antigravity-ide\Converted_PDFs,1.12
Savaş ve Barış-Tolstoy.pdf,PDF (Dönüştürüldü),Dönüştürülmüş PDF,C:\Users\default.LAPTOP-OBA1HVU9\.antigravity-ide\Converted_PDFs\Savaş ve Barış-Tolstoy.pdf,C:\Users\default.LAPTOP-OBA1HVU9\.antigravity-ide\Converted_PDFs,3.32
Scarlet and the Beast A History of the War Between English and French Freemasonry (John Daniel) (z-lib.org).pdf,PDF (Dönüştürüldü),Dönüştürülmüş PDF,C:\Users\default.LAPTOP-OBA1HVU9\.antigravity-ide\Converted_PDFs\Scarlet and the Beast A History of the War Between English and French Freemasonry (John Daniel) (z-lib.org).pdf,C:\Users\default.LAPTOP-OBA1HVU9\.antigravity-ide\Converted_PDFs,1.96
Secret Practices of the Sufi Freemasons The Islamic Teachings at the Heart of Alchemy (Rudolf von Sebottendorff) (z-lib.org) (1).pdf,PDF (Dönüştürüldü),Dönüştürülmüş PDF,C:\Users\default.LAPTOP-OBA1HVU9\.antigravity-ide\Converted_PDFs\Secret Practices of the Sufi Freemasons The Islamic Teachings at the Heart of Alchemy (Rudolf von Sebottendorff) (z-lib.org) (1).pdf,C:\Users\default.LAPTOP-OBA1HVU9\.antigravity-ide\Converted_PDFs,0.18
Simdinin-Gucu-Tolle-Eckhart.pdf,PDF (Dönüştürüldü),Dönüştürülmüş PDF,C:\Users\default.LAPTOP-OBA1HVU9\.antigravity-ide\Converted_PDFs\Simdinin-Gucu-Tolle-Eckhart.pdf,C:\Users\default.LAPTOP-OBA1HVU9\.antigravity-ide\Converted_PDFs,0.41
"Social Movements An Introduction (Donatella Della Porta, Mario Diani) (z-lib.org) (1).pdf",PDF (Dönüştürüldü),Dönüştürülmüş PDF,"C:\Users\default.LAPTOP-OBA1HVU9\.antigravity-ide\Converted_PDFs\Social Movements An Introduction (Donatella Della Porta, Mario Diani) (z-lib.org) (1).pdf",C:\Users\default.LAPTOP-OBA1HVU9\.antigravity-ide\Converted_PDFs,1.17
Social Movements The Structure of Collective Mobilization (Paul Almeida) (z-lib.org).pdf,PDF (Dönüştürüldü),Dönüştürülmüş PDF,C:\Users\default.LAPTOP-OBA1HVU9\.antigravity-ide\Converted_PDFs\Social Movements The Structure of Collective Mobilization (Paul Almeida) (z-lib.org).pdf,C:\Users\default.LAPTOP-OBA1HVU9\.antigravity-ide\Converted_PDFs,0.59
Suç ve Ceza Hasan Ali Yücel Klasikler (Fyodor Mihayloviç Dostoyevski) (z-lib.org).pdf,PDF (Dönüştürüldü),Dönüştürülmüş PDF,C:\Users\default.LAPTOP-OBA1HVU9\.antigravity-ide\Converted_PDFs\Suç ve Ceza Hasan Ali Yücel Klasikler (Fyodor Mihayloviç Dostoyevski) (z-lib.org).pdf,C:\Users\default.LAPTOP-OBA1HVU9\.antigravity-ide\Converted_PDFs,1.35
Ted Gibi Konuş (Gallo Carmine) (z-lib.org) (1).pdf,PDF (Dönüştürüldü),Dönüştürülmüş PDF,C:\Users\default.LAPTOP-OBA1HVU9\.antigravity-ide\Converted_PDFs\Ted Gibi Konuş (Gallo Carmine) (z-lib.org) (1).pdf,C:\Users\default.LAPTOP-OBA1HVU9\.antigravity-ide\Converted_PDFs,0.45
Tehlikeli Oyunlar (Oğuz Atay).pdf,PDF (Dönüştürüldü),Dönüştürülmüş PDF,C:\Users\default.LAPTOP-OBA1HVU9\.antigravity-ide\Converted_PDFs\Tehlikeli Oyunlar (Oğuz Atay).pdf,C:\Users\default.LAPTOP-OBA1HVU9\.antigravity-ide\Converted_PDFs,0.93
"That Religion in Which All Men Agree freemasonry in American culture (FreemasonsHackett, David G) (z-lib.org).pdf",PDF (Dönüştürüldü),Dönüştürülmüş PDF,"C:\Users\default.LAPTOP-OBA1HVU9\.antigravity-ide\Converted_PDFs\That Religion in Which All Men Agree freemasonry in American culture (FreemasonsHackett, David G) (z-lib.org).pdf",C:\Users\default.LAPTOP-OBA1HVU9\.antigravity-ide\Converted_PDFs,0.94
The 33 Strategies of War (Robert Greene) (z-lib.org).pdf,PDF (Dönüştürüldü),Dönüştürülmüş PDF,C:\Users\default.LAPTOP-OBA1HVU9\.antigravity-ide\Converted_PDFs\The 33 Strategies of War (Robert Greene) (z-lib.org).pdf,C:\Users\default.LAPTOP-OBA1HVU9\.antigravity-ide\Converted_PDFs,1.63
"The 36 strategies of the martial arts  the classic Chinese guide for success in war, business, and life (Moriya, Hiroshi Wilson, William Scott) (z-lib.org).pdf",PDF (Dönüştürüldü),Dönüştürülmüş PDF,"C:\Users\default.LAPTOP-OBA1HVU9\.antigravity-ide\Converted_PDFs\The 36 strategies of the martial arts  the classic Chinese guide for success in war, business, and life (Moriya, Hiroshi Wilson, William Scott) (z-lib.org).pdf",C:\Users\default.LAPTOP-OBA1HVU9\.antigravity-ide\Converted_PDFs,0.29
The Art of War (Sun Tzu) (z-lib.org).pdf,PDF (Dönüştürüldü),Dönüştürülmüş PDF,C:\Users\default.LAPTOP-OBA1HVU9\.antigravity-ide\Converted_PDFs\The Art of War (Sun Tzu) (z-lib.org).pdf,C:\Users\default.LAPTOP-OBA1HVU9\.antigravity-ide\Converted_PDFs,0.07
The art of war = [Sunzi bing fa] (Sunzi Ralph D Sawyer Mei-chün Sawyer) (z-lib.org).pdf,PDF (Dönüştürüldü),Dönüştürülmüş PDF,C:\Users\default.LAPTOP-OBA1HVU9\.antigravity-ide\Converted_PDFs\The art of war = [Sunzi bing fa] (Sunzi Ralph D Sawyer Mei-chün Sawyer) (z-lib.org).pdf,C:\Users\default.LAPTOP-OBA1HVU9\.antigravity-ide\Converted_PDFs,0.75
"The Art of War Complete Texts and Commentaries (Sun Tzu, Thomas Cleary) (z-lib.org).pdf",PDF (Dönüştürüldü),Dönüştürülmüş PDF,"C:\Users\default.LAPTOP-OBA1HVU9\.antigravity-ide\Converted_PDFs\The Art of War Complete Texts and Commentaries (Sun Tzu, Thomas Cleary) (z-lib.org).pdf",C:\Users\default.LAPTOP-OBA1HVU9\.antigravity-ide\Converted_PDFs,0.91
"The autobiography of Harry S. Truman (Harry S. Truman, Robert H. Ferrell) (z-lib.org).pdf",PDF (Dönüştürüldü),Dönüştürülmüş PDF,"C:\Users\default.LAPTOP-OBA1HVU9\.antigravity-ide\Converted_PDFs\The autobiography of Harry S. Truman (Harry S. Truman, Robert H. Ferrell) (z-lib.org).pdf",C:\Users\default.LAPTOP-OBA1HVU9\.antigravity-ide\Converted_PDFs,0.0
"The citizen marketer  promoting political opinion in the social media age (Penney, Joel) (z-lib.org).pdf",PDF (Dönüştürüldü),Dönüştürülmüş PDF,"C:\Users\default.LAPTOP-OBA1HVU9\.antigravity-ide\Converted_PDFs\The citizen marketer  promoting political opinion in the social media age (Penney, Joel) (z-lib.org).pdf",C:\Users\default.LAPTOP-OBA1HVU9\.antigravity-ide\Converted_PDFs,0.84
The Facts on the Masonic Lodge ( etc.) (z-lib.org).pdf,PDF (Dönüştürüldü),Dönüştürülmüş PDF,C:\Users\default.LAPTOP-OBA1HVU9\.antigravity-ide\Converted_PDFs\The Facts on the Masonic Lodge ( etc.) (z-lib.org).pdf,C:\Users\default.LAPTOP-OBA1HVU9\.antigravity-ide\Converted_PDFs,0.13
The Freemasons in America Inside the Secret Society (H. Paul Jeffers) (z-lib.org).pdf,PDF (Dönüştürüldü),Dönüştürülmüş PDF,C:\Users\default.LAPTOP-OBA1HVU9\.antigravity-ide\Converted_PDFs\The Freemasons in America Inside the Secret Society (H. Paul Jeffers) (z-lib.org).pdf,C:\Users\default.LAPTOP-OBA1HVU9\.antigravity-ide\Converted_PDFs,0.47
The Illuminati Facts and Fiction (Mark Dice) (z-lib.org).pdf,PDF (Dönüştürüldü),Dönüştürülmüş PDF,C:\Users\default.LAPTOP-OBA1HVU9\.antigravity-ide\Converted_PDFs\The Illuminati Facts and Fiction (Mark Dice) (z-lib.org).pdf,C:\Users\default.LAPTOP-OBA1HVU9\.antigravity-ide\Converted_PDFs,0.78
"The Israel Lobby and U.S. Foreign Policy (John J. Mearsheimer, Stephen M. Walt) (z-lib.org).pdf",PDF (Dönüştürüldü),Dönüştürülmüş PDF,"C:\Users\default.LAPTOP-OBA1HVU9\.antigravity-ide\Converted_PDFs\The Israel Lobby and U.S. Foreign Policy (John J. Mearsheimer, Stephen M. Walt) (z-lib.org).pdf",C:\Users\default.LAPTOP-OBA1HVU9\.antigravity-ide\Converted_PDFs,0.0
The Jewish State (Theodor Herzl) (z-lib.org).pdf,PDF (Dönüştürüldü),Dönüştürülmüş PDF,C:\Users\default.LAPTOP-OBA1HVU9\.antigravity-ide\Converted_PDFs\The Jewish State (Theodor Herzl) (z-lib.org).pdf,C:\Users\default.LAPTOP-OBA1HVU9\.antigravity-ide\Converted_PDFs,0.17
"The Jews And Modern Capitalism (Sombart, Werner) (z-lib.org).pdf",PDF (Dönüştürüldü),Dönüştürülmüş PDF,"C:\Users\default.LAPTOP-OBA1HVU9\.antigravity-ide\Converted_PDFs\The Jews And Modern Capitalism (Sombart, Werner) (z-lib.org).pdf",C:\Users\default.LAPTOP-OBA1HVU9\.antigravity-ide\Converted_PDFs,0.79
The Jews in Britain A Chronology (Frank Raphael Langham) (z-lib.org).pdf,PDF (Dönüştürüldü),Dönüştürülmüş PDF,C:\Users\default.LAPTOP-OBA1HVU9\.antigravity-ide\Converted_PDFs\The Jews in Britain A Chronology (Frank Raphael Langham) (z-lib.org).pdf,C:\Users\default.LAPTOP-OBA1HVU9\.antigravity-ide\Converted_PDFs,0.34
"The Jews of France A History from Antiquity to the Present. (Esther Benbassa, M. B. Debevoise) (z-lib.org).pdf",PDF (Dönüştürüldü),Dönüştürülmüş PDF,"C:\Users\default.LAPTOP-OBA1HVU9\.antigravity-ide\Converted_PDFs\The Jews of France A History from Antiquity to the Present. (Esther Benbassa, M. B. Debevoise) (z-lib.org).pdf",C:\Users\default.LAPTOP-OBA1HVU9\.antigravity-ide\Converted_PDFs,0.89
The Jews of Ottoman Izmir A Modern History (Dina Danon) (z-lib.org).pdf,PDF (Dönüştürüldü),Dönüştürülmüş PDF,C:\Users\default.LAPTOP-OBA1HVU9\.antigravity-ide\Converted_PDFs\The Jews of Ottoman Izmir A Modern History (Dina Danon) (z-lib.org).pdf,C:\Users\default.LAPTOP-OBA1HVU9\.antigravity-ide\Converted_PDFs,0.65
The Key to Solomons Key Is This the Lost Symbol of Masonry (Lon Milo DuQuette) (z-lib.org).pdf,PDF (Dönüştürüldü),Dönüştürülmüş PDF,C:\Users\default.LAPTOP-OBA1HVU9\.antigravity-ide\Converted_PDFs\The Key to Solomons Key Is This the Lost Symbol of Masonry (Lon Milo DuQuette) (z-lib.org).pdf,C:\Users\default.LAPTOP-OBA1HVU9\.antigravity-ide\Converted_PDFs,0.38
The Last Supper (Philip Willan) (z-lib.org).pdf,PDF (Dönüştürüldü),Dönüştürülmüş PDF,C:\Users\default.LAPTOP-OBA1HVU9\.antigravity-ide\Converted_PDFs\The Last Supper (Philip Willan) (z-lib.org).pdf,C:\Users\default.LAPTOP-OBA1HVU9\.antigravity-ide\Converted_PDFs,0.78
"The Lost Keys of Freemasonry (Hall, Manly P) (z-lib.org).pdf",PDF (Dönüştürüldü),Dönüştürülmüş PDF,"C:\Users\default.LAPTOP-OBA1HVU9\.antigravity-ide\Converted_PDFs\The Lost Keys of Freemasonry (Hall, Manly P) (z-lib.org).pdf",C:\Users\default.LAPTOP-OBA1HVU9\.antigravity-ide\Converted_PDFs,0.16
The Masonic Myth (Jay Kinney) (z-lib.org).pdf,PDF (Dönüştürüldü),Dönüştürülmüş PDF,C:\Users\default.LAPTOP-OBA1HVU9\.antigravity-ide\Converted_PDFs\The Masonic Myth (Jay Kinney) (z-lib.org).pdf,C:\Users\default.LAPTOP-OBA1HVU9\.antigravity-ide\Converted_PDFs,0.58
The Rise of the Mafia. The Definitive Story of Organised Crime (Martin Short) (z-lib.org).pdf,PDF (Dönüştürüldü),Dönüştürülmüş PDF,C:\Users\default.LAPTOP-OBA1HVU9\.antigravity-ide\Converted_PDFs\The Rise of the Mafia. The Definitive Story of Organised Crime (Martin Short) (z-lib.org).pdf,C:\Users\default.LAPTOP-OBA1HVU9\.antigravity-ide\Converted_PDFs,1.03
"The Second Messiah Templars, the Turin Shroud and the Great Secret of Freemasonry (Christopher Knight, Robert Lomas) (z-lib.org).pdf",PDF (Dönüştürüldü),Dönüştürülmüş PDF,"C:\Users\default.LAPTOP-OBA1HVU9\.antigravity-ide\Converted_PDFs\The Second Messiah Templars, the Turin Shroud and the Great Secret of Freemasonry (Christopher Knight, Robert Lomas) (z-lib.org).pdf",C:\Users\default.LAPTOP-OBA1HVU9\.antigravity-ide\Converted_PDFs,0.62
"The Secret History of Freemasonry Its Origins and Connection to the Knights Templar (Naudon, Paul) (z-lib.org).pdf",PDF (Dönüştürüldü),Dönüştürülmüş PDF,"C:\Users\default.LAPTOP-OBA1HVU9\.antigravity-ide\Converted_PDFs\The Secret History of Freemasonry Its Origins and Connection to the Knights Templar (Naudon, Paul) (z-lib.org).pdf",C:\Users\default.LAPTOP-OBA1HVU9\.antigravity-ide\Converted_PDFs,0.72
The Secrets of Freemasonry (Robert Lomas) (z-lib.org).pdf,PDF (Dönüştürüldü),Dönüştürülmüş PDF,C:\Users\default.LAPTOP-OBA1HVU9\.antigravity-ide\Converted_PDFs\The Secrets of Freemasonry (Robert Lomas) (z-lib.org).pdf,C:\Users\default.LAPTOP-OBA1HVU9\.antigravity-ide\Converted_PDFs,0.74
The Secrets of Solomon s Temple Discover the Hidden Truth that Lies at the Heart of Freemasonry (Unknown) (z-lib.org).pdf,PDF (Dönüştürüldü),Dönüştürülmüş PDF,C:\Users\default.LAPTOP-OBA1HVU9\.antigravity-ide\Converted_PDFs\The Secrets of Solomon s Temple Discover the Hidden Truth that Lies at the Heart of Freemasonry (Unknown) (z-lib.org).pdf,C:\Users\default.LAPTOP-OBA1HVU9\.antigravity-ide\Converted_PDFs,1.03
"The Square and the Tower Networks and Power, from the Freemasons to Facebook (Niall Ferguson) (z-lib.org).pdf",PDF (Dönüştürüldü),Dönüştürülmüş PDF,"C:\Users\default.LAPTOP-OBA1HVU9\.antigravity-ide\Converted_PDFs\The Square and the Tower Networks and Power, from the Freemasons to Facebook (Niall Ferguson) (z-lib.org).pdf",C:\Users\default.LAPTOP-OBA1HVU9\.antigravity-ide\Converted_PDFs,1.26
"The Symbolism of Freemasonry (Albert G. Mackey, [Mackey, Albert G.]) (z-lib.org).pdf",PDF (Dönüştürüldü),Dönüştürülmüş PDF,"C:\Users\default.LAPTOP-OBA1HVU9\.antigravity-ide\Converted_PDFs\The Symbolism of Freemasonry (Albert G. Mackey, [Mackey, Albert G.]) (z-lib.org).pdf",C:\Users\default.LAPTOP-OBA1HVU9\.antigravity-ide\Converted_PDFs,0.67
"The Symbolism of Freemasonry Illustrating and Explaining its Science and Philosophy, its Legends, Myths and Symbols (Mackey, Albert Gallatin) (z-lib.org).pdf",PDF (Dönüştürüldü),Dönüştürülmüş PDF,"C:\Users\default.LAPTOP-OBA1HVU9\.antigravity-ide\Converted_PDFs\The Symbolism of Freemasonry Illustrating and Explaining its Science and Philosophy, its Legends, Myths and Symbols (Mackey, Albert Gallatin) (z-lib.org).pdf",C:\Users\default.LAPTOP-OBA1HVU9\.antigravity-ide\Converted_PDFs,0.67
The Templars The History and the Myth From Solomons Temple to the Freemasons (Michael Haag) (z-lib.org).pdf,PDF (Dönüştürüldü),Dönüştürülmüş PDF,C:\Users\default.LAPTOP-OBA1HVU9\.antigravity-ide\Converted_PDFs\The Templars The History and the Myth From Solomons Temple to the Freemasons (Michael Haag) (z-lib.org).pdf,C:\Users\default.LAPTOP-OBA1HVU9\.antigravity-ide\Converted_PDFs,0.69
The Thirty-Six Stratagems A Modern Interpretation Of A Strategy Classic (Peter Taylor) (z-lib.org).pdf,PDF (Dönüştürüldü),Dönüştürülmüş PDF,C:\Users\default.LAPTOP-OBA1HVU9\.antigravity-ide\Converted_PDFs\The Thirty-Six Stratagems A Modern Interpretation Of A Strategy Classic (Peter Taylor) (z-lib.org).pdf,C:\Users\default.LAPTOP-OBA1HVU9\.antigravity-ide\Converted_PDFs,0.19
"The Worlds Most Dangerous Secret Societies The Illuminati, Freemasons, Bilderberg Group, Knights Templar, The Jesuits, Skull... (James Jackson) (z-lib.org).pdf",PDF (Dönüştürüldü),Dönüştürülmüş PDF,"C:\Users\default.LAPTOP-OBA1HVU9\.antigravity-ide\Converted_PDFs\The Worlds Most Dangerous Secret Societies The Illuminati, Freemasons, Bilderberg Group, Knights Templar, The Jesuits, Skull... (James Jackson) (z-lib.org).pdf",C:\Users\default.LAPTOP-OBA1HVU9\.antigravity-ide\Converted_PDFs,0.25
Tutunamayanlar (Atay Oğuz) (z-lib.org).pdf,PDF (Dönüştürüldü),Dönüştürülmüş PDF,C:\Users\default.LAPTOP-OBA1HVU9\.antigravity-ide\Converted_PDFs\Tutunamayanlar (Atay Oğuz) (z-lib.org).pdf,C:\Users\default.LAPTOP-OBA1HVU9\.antigravity-ide\Converted_PDFs,1.36
Türkiyenin Yakın Tarihi (İlber Ortaylı) (z-lib.org).pdf,PDF (Dönüştürüldü),Dönüştürülmüş PDF,C:\Users\default.LAPTOP-OBA1HVU9\.antigravity-ide\Converted_PDFs\Türkiyenin Yakın Tarihi (İlber Ortaylı) (z-lib.org).pdf,C:\Users\default.LAPTOP-OBA1HVU9\.antigravity-ide\Converted_PDFs,0.31
Ustalık Gerektiren Kafaya Takmama Sanatı (Mark Manson) (z-lib.org).pdf,PDF (Dönüştürüldü),Dönüştürülmüş PDF,C:\Users\default.LAPTOP-OBA1HVU9\.antigravity-ide\Converted_PDFs\Ustalık Gerektiren Kafaya Takmama Sanatı (Mark Manson) (z-lib.org).pdf,C:\Users\default.LAPTOP-OBA1HVU9\.antigravity-ide\Converted_PDFs,0.34
"Yahudiler, Dünya ve Para - Yahudi Halkının Ekonomik Tarihi (Jacgues Attali) (z-lib.org).pdf",PDF (Dönüştürüldü),Dönüştürülmüş PDF,"C:\Users\default.LAPTOP-OBA1HVU9\.antigravity-ide\Converted_PDFs\Yahudiler, Dünya ve Para - Yahudi Halkının Ekonomik Tarihi (Jacgues Attali) (z-lib.org).pdf",C:\Users\default.LAPTOP-OBA1HVU9\.antigravity-ide\Converted_PDFs,1.41
Zengin Baba Yoksul Baba (Robert T. Kiyosaki) (z-lib.org).pdf,PDF (Dönüştürüldü),Dönüştürülmüş PDF,C:\Users\default.LAPTOP-OBA1HVU9\.antigravity-ide\Converted_PDFs\Zengin Baba Yoksul Baba (Robert T. Kiyosaki) (z-lib.org).pdf,C:\Users\default.LAPTOP-OBA1HVU9\.antigravity-ide\Converted_PDFs,0.0
Zihin Gücüyle İyileşme (Debbie Shapiro) (z-lib.org).pdf,PDF (Dönüştürüldü),Dönüştürülmüş PDF,C:\Users\default.LAPTOP-OBA1HVU9\.antigravity-ide\Converted_PDFs\Zihin Gücüyle İyileşme (Debbie Shapiro) (z-lib.org).pdf,C:\Users\default.LAPTOP-OBA1HVU9\.antigravity-ide\Converted_PDFs,0.57
Zihin-Kontrolu-ve-Yonlendirmesi-Us.pdf,PDF (Dönüştürüldü),Dönüştürülmüş PDF,C:\Users\default.LAPTOP-OBA1HVU9\.antigravity-ide\Converted_PDFs\Zihin-Kontrolu-ve-Yonlendirmesi-Us.pdf,C:\Users\default.LAPTOP-OBA1HVU9\.antigravity-ide\Converted_PDFs,0.28
Zihni Gelistirmenin 101 Yolu (Rachel Walker) (z-lib.org).pdf,PDF (Dönüştürüldü),Dönüştürülmüş PDF,C:\Users\default.LAPTOP-OBA1HVU9\.antigravity-ide\Converted_PDFs\Zihni Gelistirmenin 101 Yolu (Rachel Walker) (z-lib.org).pdf,C:\Users\default.LAPTOP-OBA1HVU9\.antigravity-ide\Converted_PDFs,0.09
~$litical_Game_Theory_Princeton.pdf,PDF (Dönüştürüldü),Dönüştürülmüş PDF,C:\Users\default.LAPTOP-OBA1HVU9\.antigravity-ide\Converted_PDFs\~$litical_Game_Theory_Princeton.pdf,C:\Users\default.LAPTOP-OBA1HVU9\.antigravity-ide\Converted_PDFs,0.0
~$me_Theory_Princeton.pdf,PDF (Dönüştürüldü),Dönüştürülmüş PDF,C:\Users\default.LAPTOP-OBA1HVU9\.antigravity-ide\Converted_PDFs\~$me_Theory_Princeton.pdf,C:\Users\default.LAPTOP-OBA1HVU9\.antigravity-ide\Converted_PDFs,0.0
~$t-Game_Theory_Princeton.pdf,PDF (Dönüştürüldü),Dönüştürülmüş PDF,C:\Users\default.LAPTOP-OBA1HVU9\.antigravity-ide\Converted_PDFs\~$t-Game_Theory_Princeton.pdf,C:\Users\default.LAPTOP-OBA1HVU9\.antigravity-ide\Converted_PDFs,0.0
"İmparatorluğun En Uzun Yüzyılı (İlber Ortaylı [Ortaylı, İlber]) (z-lib.org).pdf",PDF (Dönüştürüldü),Dönüştürülmüş PDF,"C:\Users\default.LAPTOP-OBA1HVU9\.antigravity-ide\Converted_PDFs\İmparatorluğun En Uzun Yüzyılı (İlber Ortaylı [Ortaylı, İlber]) (z-lib.org).pdf",C:\Users\default.LAPTOP-OBA1HVU9\.antigravity-ide\Converted_PDFs,0.62
İstanbul Yahudi Cemaati’nin Tarihi Oluşum Yılları (1453-1566) (Minna Rozen) (z-lib.org).pdf,PDF (Dönüştürüldü),Dönüştürülmüş PDF,C:\Users\default.LAPTOP-OBA1HVU9\.antigravity-ide\Converted_PDFs\İstanbul Yahudi Cemaati’nin Tarihi Oluşum Yılları (1453-1566) (Minna Rozen) (z-lib.org).pdf,C:\Users\default.LAPTOP-OBA1HVU9\.antigravity-ide\Converted_PDFs,1.29
